Cites,Authors,Title,Year,Source,Publisher,ArticleURL,CitesURL,GSRank,QueryDate,Type,DOI,ISSN,CitationURL,Volume,Issue,StartPage,EndPage,ECC,CitesPerYear,CitesPerAuthor,AuthorCount,Age,Abstract,FullTextURL,RelatedURL,ScopusID,EID
20,Roberts D.,Responses of three species of mosquito larvae to the presence of predatory dragonfly and damselfly larvae,2012,Entomologia Experimentalis Et Applicata,,https://www.scopus.com/inward/record.uri?partnerID=HzOxMe3b&scp=84865767641&origin=inward,https://www.scopus.com/inward/citedby.uri?partnerID=HzOxMe3b&scp=84865767641&origin=inward,,2026-04-12 18:55:14,Article,10.1111/j.1570-7458.2012.01300.x,00138703,https://api.elsevier.com/content/abstract/scopus_id/84865767641,145,1,,,,1.54,20.0,1,13,,,,84865767641,2-s2.0-84865767641
54,Dijkstra K.D.B.,"Phylogeny, classification and taxonomy of European dragonflies and damselflies (Odonata): A review",2012,Organisms Diversity and Evolution,,https://www.scopus.com/inward/record.uri?partnerID=HzOxMe3b&scp=84870510296&origin=inward,https://www.scopus.com/inward/citedby.uri?partnerID=HzOxMe3b&scp=84870510296&origin=inward,,2026-04-12 18:55:14,Review,10.1007/s13127-012-0080-8,14396092,https://api.elsevier.com/content/abstract/scopus_id/84870510296,12,3,,,,4.15,54.0,1,13,,,,84870510296,2-s2.0-84870510296
83,Clausnitzer V.,Focus on African freshwaters: Hotspots of dragonfly diversity and conservation concern,2012,Frontiers in Ecology and the Environment,,https://www.scopus.com/inward/record.uri?partnerID=HzOxMe3b&scp=84859305448&origin=inward,https://www.scopus.com/inward/citedby.uri?partnerID=HzOxMe3b&scp=84859305448&origin=inward,,2026-04-12 18:55:14,Review,10.1890/110247,15409295,https://api.elsevier.com/content/abstract/scopus_id/84859305448,10,3,,,,6.38,83.0,1,13,,,,84859305448,2-s2.0-84859305448
60,Raebel E.M.,Multi-scale effects of farmland management on dragonfly and damselfly assemblages of farmland ponds,2012,Agriculture Ecosystems and Environment,,https://www.scopus.com/inward/record.uri?partnerID=HzOxMe3b&scp=84864960190&origin=inward,https://www.scopus.com/inward/citedby.uri?partnerID=HzOxMe3b&scp=84864960190&origin=inward,,2026-04-12 18:55:14,Article,10.1016/j.agee.2012.07.015,01678809,https://api.elsevier.com/content/abstract/scopus_id/84864960190,161,,,,,4.62,60.0,1,13,,,,84864960190,2-s2.0-84864960190
60,Bybee S.M.,All the better to see you with: A review of odonate color vision with transcriptomic insight into the odonate eye,2012,Organisms Diversity and Evolution,,https://www.scopus.com/inward/record.uri?partnerID=HzOxMe3b&scp=84870524777&origin=inward,https://www.scopus.com/inward/citedby.uri?partnerID=HzOxMe3b&scp=84870524777&origin=inward,,2026-04-12 18:55:14,Review,10.1007/s13127-012-0090-6,14396092,https://api.elsevier.com/content/abstract/scopus_id/84870524777,12,3,,,,4.62,60.0,1,13,,,,84870524777,2-s2.0-84870524777
16,Damm S.,A dragonfly in the desert: Genetic pathways of the widespread Trithemis arteriosa (Odonata: Libellulidae) suggest male-biased dispersal,2012,Organisms Diversity and Evolution,,https://www.scopus.com/inward/record.uri?partnerID=HzOxMe3b&scp=84870537541&origin=inward,https://www.scopus.com/inward/citedby.uri?partnerID=HzOxMe3b&scp=84870537541&origin=inward,,2026-04-12 18:55:14,Article,10.1007/s13127-012-0079-1,14396092,https://api.elsevier.com/content/abstract/scopus_id/84870537541,12,3,,,,1.23,16.0,1,13,,,,84870537541,2-s2.0-84870537541
80,Wellenreuther M.,Climatic niche divergence or conservatism? Environmental niches and range limits in ecologically similar damselflies,2012,Ecology,,https://www.scopus.com/inward/record.uri?partnerID=HzOxMe3b&scp=84862297478&origin=inward,https://www.scopus.com/inward/citedby.uri?partnerID=HzOxMe3b&scp=84862297478&origin=inward,,2026-04-12 18:55:14,Article,10.1890/11-1181.1,00129658,https://api.elsevier.com/content/abstract/scopus_id/84862297478,93,6,,,,6.15,80.0,1,13,,,,84862297478,2-s2.0-84862297478
3,McTavish E.J.,Variation in flight morphology in a damselfly with female-limited polymorphism,2012,Evolutionary Ecology Research,,https://www.scopus.com/inward/record.uri?partnerID=HzOxMe3b&scp=84873621454&origin=inward,https://www.scopus.com/inward/citedby.uri?partnerID=HzOxMe3b&scp=84873621454&origin=inward,,2026-04-12 18:55:14,Article,,15220613,https://api.elsevier.com/content/abstract/scopus_id/84873621454,14,3,,,,0.23,3.0,1,13,,,,84873621454,2-s2.0-84873621454
24,Li Y.,A new damsel-dragonfly from the Lower Cretaceous of China enlightens the systematics of the Isophlebioidea (Odonata: Isophlebioptera: Campterophlebiidae),2012,Cretaceous Research,,https://www.scopus.com/inward/record.uri?partnerID=HzOxMe3b&scp=84855351853&origin=inward,https://www.scopus.com/inward/citedby.uri?partnerID=HzOxMe3b&scp=84855351853&origin=inward,,2026-04-12 18:55:14,Article,10.1016/j.cretres.2011.11.019,01956671,https://api.elsevier.com/content/abstract/scopus_id/84855351853,34,,,,,1.85,24.0,1,13,,,,84855351853,2-s2.0-84855351853
0,Khairiyah M.H.S.,Species richness and temporal variation in the dragonfly and damselfly fauna at National Botanical Garden Shah Alam,2012,Chuser 2012 2012 IEEE Colloquium on Humanities Science and Engineering Research,,https://www.scopus.com/inward/record.uri?partnerID=HzOxMe3b&scp=84877670662&origin=inward,https://www.scopus.com/inward/citedby.uri?partnerID=HzOxMe3b&scp=84877670662&origin=inward,,2026-04-12 18:55:14,Conference Paper,10.1109/CHUSER.2012.6504355,,https://api.elsevier.com/content/abstract/scopus_id/84877670662,,,,,,0.0,0.0,1,13,,,,84877670662,2-s2.0-84877670662
12,Locklin J.L.,"A method for rearing large quantities of the damselfly, Ischnura ramburii (odonata: Coenagrionidae), in the laboratory",2012,Florida Entomologist,,https://www.scopus.com/inward/record.uri?partnerID=HzOxMe3b&scp=84863646303&origin=inward,https://www.scopus.com/inward/citedby.uri?partnerID=HzOxMe3b&scp=84863646303&origin=inward,,2026-04-12 18:55:14,Article,10.1653/024.095.0205,00154040,https://api.elsevier.com/content/abstract/scopus_id/84863646303,95,2,,,,0.92,12.0,1,13,,,,84863646303,2-s2.0-84863646303
14,Alves-Martins F.,"Sexual size dimorphism, mating system and seasonality of a Neotropical damselfly, Telebasis carmesina (Coenagrionidae)",2012,International Journal of Odonatology,,https://www.scopus.com/inward/record.uri?partnerID=HzOxMe3b&scp=84874206836&origin=inward,https://www.scopus.com/inward/citedby.uri?partnerID=HzOxMe3b&scp=84874206836&origin=inward,,2026-04-12 18:55:14,Article,10.1080/13887890.2012.719422,13887890,https://api.elsevier.com/content/abstract/scopus_id/84874206836,15,4,,,,1.08,14.0,1,13,,,,84874206836,2-s2.0-84874206836
17,Huang S.,"Color change from male-mimic to gynomorphic: A new aspect of signaling sexual status in damselflies (odonata, zygoptera)",2012,Behavioral Ecology,,https://www.scopus.com/inward/record.uri?partnerID=HzOxMe3b&scp=84867771023&origin=inward,https://www.scopus.com/inward/citedby.uri?partnerID=HzOxMe3b&scp=84867771023&origin=inward,,2026-04-12 18:55:14,Article,10.1093/beheco/ars112,10452249,https://api.elsevier.com/content/abstract/scopus_id/84867771023,23,6,,,,1.31,17.0,1,13,,,,84867771023,2-s2.0-84867771023
9,Mlynarek J.J.,Higher gregarine parasitism often in sibling species of host damselflies with smaller geographical distributions,2012,Ecological Entomology,,https://www.scopus.com/inward/record.uri?partnerID=HzOxMe3b&scp=84866159087&origin=inward,https://www.scopus.com/inward/citedby.uri?partnerID=HzOxMe3b&scp=84866159087&origin=inward,,2026-04-12 18:55:14,Article,10.1111/j.1365-2311.2012.01381.x,03076946,https://api.elsevier.com/content/abstract/scopus_id/84866159087,37,5,,,,0.69,9.0,1,13,,,,84866159087,2-s2.0-84866159087
11,Guillermo-Ferreira R.,"Reproductive behavior of Acanthagrion truncatum selys, 1876 (Odonata: Coenagrionidae)",2012,International Journal of Odonatology,,https://www.scopus.com/inward/record.uri?partnerID=HzOxMe3b&scp=84874208521&origin=inward,https://www.scopus.com/inward/citedby.uri?partnerID=HzOxMe3b&scp=84874208521&origin=inward,,2026-04-12 18:55:14,Article,10.1080/13887890.2012.740596,13887890,https://api.elsevier.com/content/abstract/scopus_id/84874208521,15,4,,,,0.85,11.0,1,13,,,,84874208521,2-s2.0-84874208521
57,Willigalla C.,Patterns in the diversity of dragonflies (Odonata) in cities across central Europe,2012,European Journal of Entomology,,https://www.scopus.com/inward/record.uri?partnerID=HzOxMe3b&scp=84865180162&origin=inward,https://www.scopus.com/inward/citedby.uri?partnerID=HzOxMe3b&scp=84865180162&origin=inward,,2026-04-12 18:55:14,Article,10.14411/eje.2012.031,12105759,https://api.elsevier.com/content/abstract/scopus_id/84865180162,109,2,,,,4.38,57.0,1,13,,,,84865180162,2-s2.0-84865180162
14,Forbes M.,"Seasonality of gregarine parasitism in the damselfly, Nehalennia irene: Understanding unimodal patterns",2012,Parasitology Research,,https://www.scopus.com/inward/record.uri?partnerID=HzOxMe3b&scp=84857062033&origin=inward,https://www.scopus.com/inward/citedby.uri?partnerID=HzOxMe3b&scp=84857062033&origin=inward,,2026-04-12 18:55:14,Article,10.1007/s00436-011-2478-1,09320113,https://api.elsevier.com/content/abstract/scopus_id/84857062033,110,1,,,,1.08,14.0,1,13,,,,84857062033,2-s2.0-84857062033
40,Letsch H.O.,"Insect phylogenomics: Results, problems and the impact of matrix composition",2012,Proceedings of the Royal Society B Biological Sciences,,https://www.scopus.com/inward/record.uri?partnerID=HzOxMe3b&scp=84863875375&origin=inward,https://www.scopus.com/inward/citedby.uri?partnerID=HzOxMe3b&scp=84863875375&origin=inward,,2026-04-12 18:55:14,Article,10.1098/rspb.2012.0744,09628452,https://api.elsevier.com/content/abstract/scopus_id/84863875375,279,1741,,,,3.08,40.0,1,13,,,,84863875375,2-s2.0-84863875375
9,Li Y.,New gomphaeschnids and progobiaeshnids from the Yixian Formation in Liaoning Province (China) illustrate the tremendous Upper Mesozoic diversity of the aeshnopteran dragonflies,2012,Geobios,,https://www.scopus.com/inward/record.uri?partnerID=HzOxMe3b&scp=84865360539&origin=inward,https://www.scopus.com/inward/citedby.uri?partnerID=HzOxMe3b&scp=84865360539&origin=inward,,2026-04-12 18:55:14,Article,10.1016/j.geobios.2011.11.016,00166995,https://api.elsevier.com/content/abstract/scopus_id/84865360539,45,4,,,,0.69,9.0,1,13,,,,84865360539,2-s2.0-84865360539
0,Jadhao M.,Seasonal abundance of some of the dominant odonate predators of rice-ecosystem in central india,2012,Pestology,,https://www.scopus.com/inward/record.uri?partnerID=HzOxMe3b&scp=84866696886&origin=inward,https://www.scopus.com/inward/citedby.uri?partnerID=HzOxMe3b&scp=84866696886&origin=inward,,2026-04-12 18:55:14,Article,,09703012,https://api.elsevier.com/content/abstract/scopus_id/84866696886,36,8,,,,0.0,0.0,1,13,,,,84866696886,2-s2.0-84866696886
15,Beattie R.G.,"A new dragonfly, austroprotolindenia jurassica (odonata: Anisoptera), from the upper jurassic of australia",2012,Alcheringa,,https://www.scopus.com/inward/record.uri?partnerID=HzOxMe3b&scp=84863973996&origin=inward,https://www.scopus.com/inward/citedby.uri?partnerID=HzOxMe3b&scp=84863973996&origin=inward,,2026-04-12 18:55:14,Article,10.1080/03115518.2011.598055,03115518,https://api.elsevier.com/content/abstract/scopus_id/84863973996,36,2,,,,1.15,15.0,1,13,,,,84863973996,2-s2.0-84863973996
20,Lee Y.H.,"Morphometric and genetic differentiation of two sibling gossamer-wing damselflies, Euphaea formosa and e. yayeyamana, and adaptive trait divergence in subtropical east asian islands",2012,Journal of Insect Science,,https://www.scopus.com/inward/record.uri?partnerID=HzOxMe3b&scp=84864285713&origin=inward,https://www.scopus.com/inward/citedby.uri?partnerID=HzOxMe3b&scp=84864285713&origin=inward,,2026-04-12 18:55:14,Article,10.1673/031.012.5301,,https://api.elsevier.com/content/abstract/scopus_id/84864285713,12,,,,,1.54,20.0,1,13,,,,84864285713,2-s2.0-84864285713
36,Moisan P.,Lycopsid-arthropod associations and odonatopteran oviposition on Triassic herbaceous Isoetites,2012,Palaeogeography Palaeoclimatology Palaeoecology,,https://www.scopus.com/inward/record.uri?partnerID=HzOxMe3b&scp=84862759155&origin=inward,https://www.scopus.com/inward/citedby.uri?partnerID=HzOxMe3b&scp=84862759155&origin=inward,,2026-04-12 18:55:14,Article,10.1016/j.palaeo.2012.05.016,00310182,https://api.elsevier.com/content/abstract/scopus_id/84862759155,344-345,,,,,2.77,36.0,1,13,,,,84862759155,2-s2.0-84862759155
0,Masunaga K.,The dragonfly and damselfly faunas of Lake Biwa and their long-term changes,2012,Lake Biwa Interactions Between Nature and People,,https://www.scopus.com/inward/record.uri?partnerID=HzOxMe3b&scp=84949559837&origin=inward,https://www.scopus.com/inward/citedby.uri?partnerID=HzOxMe3b&scp=84949559837&origin=inward,,2026-04-12 18:55:14,Book Chapter,10.1007/978-94-007-1783-1_2,,https://api.elsevier.com/content/abstract/scopus_id/84949559837,,,,,,0.0,0.0,1,13,,,,84949559837,2-s2.0-84949559837
77,Harabiš F.,Human altered ecosystems: Suitable habitats as well as ecological traps for dragonflies (Odonata): The matter of scale,2012,Journal of Insect Conservation,,https://www.scopus.com/inward/record.uri?partnerID=HzOxMe3b&scp=84855473033&origin=inward,https://www.scopus.com/inward/citedby.uri?partnerID=HzOxMe3b&scp=84855473033&origin=inward,,2026-04-12 18:55:14,Article,10.1007/s10841-011-9400-0,1366638X,https://api.elsevier.com/content/abstract/scopus_id/84855473033,16,1,,,,5.92,77.0,1,13,,,,84855473033,2-s2.0-84855473033
77,Harabiš F.,Human altered ecosystems: Suitable habitats as well as ecological traps for dragonflies (Odonata): The matter of scale,2012,Journal of Insect Conservation,,https://www.scopus.com/inward/record.uri?partnerID=HzOxMe3b&scp=84855473033&origin=inward,https://www.scopus.com/inward/citedby.uri?partnerID=HzOxMe3b&scp=84855473033&origin=inward,,2026-04-12 18:55:14,Article,10.1007/s10841-011-9400-0,1366638X,https://api.elsevier.com/content/abstract/scopus_id/84855473033,16,1,,,,5.92,77.0,1,13,,,,84855473033,2-s2.0-84855473033
28,Ingley S.,"Life on the fly: Phylogenetics and evolution of the helicopter damselflies (Odonata, Pseudostigmatidae)",2012,Zoologica Scripta,,https://www.scopus.com/inward/record.uri?partnerID=HzOxMe3b&scp=84867896263&origin=inward,https://www.scopus.com/inward/citedby.uri?partnerID=HzOxMe3b&scp=84867896263&origin=inward,,2026-04-12 18:55:14,Article,10.1111/j.1463-6409.2012.00555.x,03003256,https://api.elsevier.com/content/abstract/scopus_id/84867896263,41,6,,,,2.15,28.0,1,13,,,,84867896263,2-s2.0-84867896263
1,Kipping J.,Africa's smallest damselfly - A new Agriocnemis from Namibia (Odonata: Coenagrionidae),2012,Organisms Diversity and Evolution,,https://www.scopus.com/inward/record.uri?partnerID=HzOxMe3b&scp=84870527378&origin=inward,https://www.scopus.com/inward/citedby.uri?partnerID=HzOxMe3b&scp=84870527378&origin=inward,,2026-04-12 18:55:14,Article,10.1007/s13127-012-0084-4,14396092,https://api.elsevier.com/content/abstract/scopus_id/84870527378,12,3,,,,0.08,1.0,1,13,,,,84870527378,2-s2.0-84870527378
10,Harabiš F.,Enigmatic adult overwintering in damselflies: Coexistence as weaker intraguild competitors due to niche separation in time,2012,Population Ecology,,https://www.scopus.com/inward/record.uri?partnerID=HzOxMe3b&scp=84866734995&origin=inward,https://www.scopus.com/inward/citedby.uri?partnerID=HzOxMe3b&scp=84866734995&origin=inward,,2026-04-12 18:55:14,Article,10.1007/s10144-012-0331-8,14383896,https://api.elsevier.com/content/abstract/scopus_id/84866734995,54,4,,,,0.77,10.0,1,13,,,,84866734995,2-s2.0-84866734995
0,Kucharzyk R.,Some problems of the dialectal vocabulary - The polish folk names of dragonflies,2012,Studia Z Filologii Polskiej I Slowianskiej,,https://www.scopus.com/inward/record.uri?partnerID=HzOxMe3b&scp=84873594827&origin=inward,https://www.scopus.com/inward/citedby.uri?partnerID=HzOxMe3b&scp=84873594827&origin=inward,,2026-04-12 18:55:14,Article,10.11649/sfps.2012.003,00817090,https://api.elsevier.com/content/abstract/scopus_id/84873594827,47,,,,,0.0,0.0,1,13,,,,84873594827,2-s2.0-84873594827
43,Bland L.,Data uncertainty and the selectivity of extinction risk in freshwater invertebrates,2012,Diversity and Distributions,,https://www.scopus.com/inward/record.uri?partnerID=HzOxMe3b&scp=84868548219&origin=inward,https://www.scopus.com/inward/citedby.uri?partnerID=HzOxMe3b&scp=84868548219&origin=inward,,2026-04-12 18:55:14,Article,10.1111/j.1472-4642.2012.00914.x,13669516,https://api.elsevier.com/content/abstract/scopus_id/84868548219,18,12,,,,3.31,43.0,1,13,,,,84868548219,2-s2.0-84868548219
25,Guillermo-Ferreira R.,Male and female interactions during courtship of the Neotropical damselfly Mnesarete pudica (Odonata: Calopterygidae),2012,Acta Ethologica,,https://www.scopus.com/inward/record.uri?partnerID=HzOxMe3b&scp=84866739320&origin=inward,https://www.scopus.com/inward/citedby.uri?partnerID=HzOxMe3b&scp=84866739320&origin=inward,,2026-04-12 18:55:14,Article,10.1007/s10211-012-0122-4,08739749,https://api.elsevier.com/content/abstract/scopus_id/84866739320,15,2,,,,1.92,25.0,1,13,,,,84866739320,2-s2.0-84866739320
17,Li J.K.,A third species of the relict family Epiophlebiidae discovered in China (Odonata: Epiproctophora),2012,Systematic Entomology,,https://www.scopus.com/inward/record.uri?partnerID=HzOxMe3b&scp=84859266125&origin=inward,https://www.scopus.com/inward/citedby.uri?partnerID=HzOxMe3b&scp=84859266125&origin=inward,,2026-04-12 18:55:14,Article,10.1111/j.1365-3113.2011.00610.x,03076970,https://api.elsevier.com/content/abstract/scopus_id/84859266125,37,2,,,,1.31,17.0,1,13,,,,84859266125,2-s2.0-84859266125
9,Bots J.,Wing shape and its influence on the outcome of territorial contests in the damselfly calopteryx virgo,2012,Journal of Insect Science,,https://www.scopus.com/inward/record.uri?partnerID=HzOxMe3b&scp=84874143699&origin=inward,https://www.scopus.com/inward/citedby.uri?partnerID=HzOxMe3b&scp=84874143699&origin=inward,,2026-04-12 18:55:14,Article,10.1673/031.012.9601,,https://api.elsevier.com/content/abstract/scopus_id/84874143699,12,,,,,0.69,9.0,1,13,,,,84874143699,2-s2.0-84874143699
56,Svensson E.I.,"Non-ecological speciation, niche conservatism and thermal adaptation: How are they connected?",2012,Organisms Diversity and Evolution,,https://www.scopus.com/inward/record.uri?partnerID=HzOxMe3b&scp=84870543399&origin=inward,https://www.scopus.com/inward/citedby.uri?partnerID=HzOxMe3b&scp=84870543399&origin=inward,,2026-04-12 18:55:14,Review,10.1007/s13127-012-0082-6,14396092,https://api.elsevier.com/content/abstract/scopus_id/84870543399,12,3,,,,4.31,56.0,1,13,,,,84870543399,2-s2.0-84870543399
167,Rosario K.,Diverse circular ssDNA viruses discovered in dragonflies (Odonata: Epiprocta),2012,Journal of General Virology,,https://www.scopus.com/inward/record.uri?partnerID=HzOxMe3b&scp=84869217579&origin=inward,https://www.scopus.com/inward/citedby.uri?partnerID=HzOxMe3b&scp=84869217579&origin=inward,,2026-04-12 18:55:14,Article,10.1099/vir.0.045948-0,00221317,https://api.elsevier.com/content/abstract/scopus_id/84869217579,93,PART 12,,,,12.85,167.0,1,13,,,,84869217579,2-s2.0-84869217579
57,Raebel E.M.,Identifying high-quality pond habitats for Odonata in lowland England: Implications for agri-environment schemes,2012,Insect Conservation and Diversity,,https://www.scopus.com/inward/record.uri?partnerID=HzOxMe3b&scp=84866546753&origin=inward,https://www.scopus.com/inward/citedby.uri?partnerID=HzOxMe3b&scp=84866546753&origin=inward,,2026-04-12 18:55:14,Article,10.1111/j.1752-4598.2011.00178.x,1752458X,https://api.elsevier.com/content/abstract/scopus_id/84866546753,5,6,,,,4.38,57.0,1,13,,,,84866546753,2-s2.0-84866546753
0,Rolanda H.J.,Aerial dispersal of freshwater gastropods by dragonflies (Odonata),2012,International Journal of Odonatology,,https://www.scopus.com/inward/record.uri?partnerID=HzOxMe3b&scp=84874203505&origin=inward,https://www.scopus.com/inward/citedby.uri?partnerID=HzOxMe3b&scp=84874203505&origin=inward,,2026-04-12 18:55:14,Article,10.1080/13887890.2012.740402,13887890,https://api.elsevier.com/content/abstract/scopus_id/84874203505,15,4,,,,0.0,0.0,1,13,,,,84874203505,2-s2.0-84874203505
23,Farkas A.,Emergence patterns of riverine dragonflies (Odonata: Gomphidae) in Hungary: Variations between habitats and years,2012,Aquatic Insects,,https://www.scopus.com/inward/record.uri?partnerID=HzOxMe3b&scp=84866445719&origin=inward,https://www.scopus.com/inward/citedby.uri?partnerID=HzOxMe3b&scp=84866445719&origin=inward,,2026-04-12 18:55:14,Article,10.1080/01650424.2012.643030,01650424,https://api.elsevier.com/content/abstract/scopus_id/84866445719,34,SUPPL. 1,,,,1.77,23.0,1,13,,,,84866445719,2-s2.0-84866445719
98,Stavenga D.G.,Sexual Dichromatism of the Damselfly Calopteryx japonica Caused by a Melanin-Chitin Multilayer in the Male Wing Veins,2012,Plos One,,https://www.scopus.com/inward/record.uri?partnerID=HzOxMe3b&scp=84869830336&origin=inward,https://www.scopus.com/inward/citedby.uri?partnerID=HzOxMe3b&scp=84869830336&origin=inward,,2026-04-12 18:55:14,Article,10.1371/journal.pone.0049743,,https://api.elsevier.com/content/abstract/scopus_id/84869830336,7,11,,,,7.54,98.0,1,13,,,,84869830336,2-s2.0-84869830336
13,Kalkman V.J.,The Australian monsoon tropics as a barrier for exchange of dragonflies (Insecta: Odonata) between New Guinea and Australia,2012,Hydrobiologia,,https://www.scopus.com/inward/record.uri?partnerID=HzOxMe3b&scp=84864301311&origin=inward,https://www.scopus.com/inward/citedby.uri?partnerID=HzOxMe3b&scp=84864301311&origin=inward,,2026-04-12 18:55:14,Article,10.1007/s10750-012-1086-0,00188158,https://api.elsevier.com/content/abstract/scopus_id/84864301311,693,1,,,,1.0,13.0,1,13,,,,84864301311,2-s2.0-84864301311
4,Mediani M.,"Two dragonfly species (Insecta: Odonata) migrating at Dakhla (region of Oued Ad-Dahab Lagouira, Morocco)",2012,International Journal of Odonatology,,https://www.scopus.com/inward/record.uri?partnerID=HzOxMe3b&scp=84874213208&origin=inward,https://www.scopus.com/inward/citedby.uri?partnerID=HzOxMe3b&scp=84874213208&origin=inward,,2026-04-12 18:55:14,Article,10.1080/13887890.2012.738464,13887890,https://api.elsevier.com/content/abstract/scopus_id/84874213208,15,4,,,,0.31,4.0,1,13,,,,84874213208,2-s2.0-84874213208
7,De Marmels J.,"Review of the ""metallic group"" of species of Argia Rambur known from Venezuela, with description of the larva of Argia Jocosa Hagen in Selys, 1865 (Odonata: Coenagrionidae)",2012,International Journal of Odonatology,,https://www.scopus.com/inward/record.uri?partnerID=HzOxMe3b&scp=84874198277&origin=inward,https://www.scopus.com/inward/citedby.uri?partnerID=HzOxMe3b&scp=84874198277&origin=inward,,2026-04-12 18:55:14,Article,10.1080/13887890.2012.717906,13887890,https://api.elsevier.com/content/abstract/scopus_id/84874198277,15,3,,,,0.54,7.0,1,13,,,,84874198277,2-s2.0-84874198277
9,Khelifa R.,"Description of the final instar larva of calopteryx exul sélys, 1853 (Zygoptera: Calopterygidae)",2012,International Journal of Odonatology,,https://www.scopus.com/inward/record.uri?partnerID=HzOxMe3b&scp=84862896182&origin=inward,https://www.scopus.com/inward/citedby.uri?partnerID=HzOxMe3b&scp=84862896182&origin=inward,,2026-04-12 18:55:14,Article,10.1080/13887890.2012.689944,13887890,https://api.elsevier.com/content/abstract/scopus_id/84862896182,15,2,,,,0.69,9.0,1,13,,,,84862896182,2-s2.0-84862896182
1,Plotnikova S.,[Peculiarities of the structural-functional organization of motor neuropil of dragonfly thoracic ganglia].,2012,Zhurnal Evoliutsionno Biokhimii I Fiziologii,,https://www.scopus.com/inward/record.uri?partnerID=HzOxMe3b&scp=84871914960&origin=inward,https://www.scopus.com/inward/citedby.uri?partnerID=HzOxMe3b&scp=84871914960&origin=inward,,2026-04-12 18:55:14,Article,,00444529,https://api.elsevier.com/content/abstract/scopus_id/84871914960,48,5,,,,0.08,1.0,1,13,,,,84871914960,2-s2.0-84871914960
89,Dolný A.,Aquatic insects indicate terrestrial habitat degradation: Changes in taxonomical structure and functional diversity of dragonflies in tropical rainforest of East Kalimantan,2012,Tropical Zoology,,https://www.scopus.com/inward/record.uri?partnerID=HzOxMe3b&scp=84878208565&origin=inward,https://www.scopus.com/inward/citedby.uri?partnerID=HzOxMe3b&scp=84878208565&origin=inward,,2026-04-12 18:55:14,Article,10.1080/03946975.2012.717480,03946975,https://api.elsevier.com/content/abstract/scopus_id/84878208565,25,3,,,,6.85,89.0,1,13,,,,84878208565,2-s2.0-84878208565
12,Weissinger R.,"Biodiversity, water chemistry, physical characteristics, and anthropogenic disturbance gradients of sandstone springs on the Colorado Plateau",2012,Western North American Naturalist,,https://www.scopus.com/inward/record.uri?partnerID=HzOxMe3b&scp=84871182209&origin=inward,https://www.scopus.com/inward/citedby.uri?partnerID=HzOxMe3b&scp=84871182209&origin=inward,,2026-04-12 18:55:14,Article,10.3398/064.072.0313,15270904,https://api.elsevier.com/content/abstract/scopus_id/84871182209,72,3,,,,0.92,12.0,1,13,,,,84871182209,2-s2.0-84871182209
24,Hassall C.,Study design and mark-recapture estimates of dispersal: A case study with the endangered damselfly Coenagrion mercuriale,2012,Journal of Insect Conservation,,https://www.scopus.com/inward/record.uri?partnerID=HzOxMe3b&scp=84855497964&origin=inward,https://www.scopus.com/inward/citedby.uri?partnerID=HzOxMe3b&scp=84855497964&origin=inward,,2026-04-12 18:55:14,Article,10.1007/s10841-011-9399-2,1366638X,https://api.elsevier.com/content/abstract/scopus_id/84855497964,16,1,,,,1.85,24.0,1,13,,,,84855497964,2-s2.0-84855497964
66,Hof C.,Habitat stability affects dispersal and the ability to track climate change,2012,Biology Letters,,https://www.scopus.com/inward/record.uri?partnerID=HzOxMe3b&scp=84864426838&origin=inward,https://www.scopus.com/inward/citedby.uri?partnerID=HzOxMe3b&scp=84864426838&origin=inward,,2026-04-12 18:55:14,Article,10.1098/rsbl.2012.0023,17449561,https://api.elsevier.com/content/abstract/scopus_id/84864426838,8,4,,,,5.08,66.0,1,13,,,,84864426838,2-s2.0-84864426838
80,Hobson K.A.,Isotopic Evidence That Dragonflies (Pantala flavescens) Migrating through the Maldives Come from the Northern Indian Subcontinent,2012,Plos One,,https://www.scopus.com/inward/record.uri?partnerID=HzOxMe3b&scp=84871418031&origin=inward,https://www.scopus.com/inward/citedby.uri?partnerID=HzOxMe3b&scp=84871418031&origin=inward,,2026-04-12 18:55:14,Article,10.1371/journal.pone.0052594,,https://api.elsevier.com/content/abstract/scopus_id/84871418031,7,12,,,,6.15,80.0,1,13,,,,84871418031,2-s2.0-84871418031
5,Gołab M.,Changes in reproductive behavior in adult damselfly Calopteryx splendens (Odonata: Calopterygidae) in response to flood,2012,Entomological Science,,https://www.scopus.com/inward/record.uri?partnerID=HzOxMe3b&scp=84863777037&origin=inward,https://www.scopus.com/inward/citedby.uri?partnerID=HzOxMe3b&scp=84863777037&origin=inward,,2026-04-12 18:55:14,Article,10.1111/j.1479-8298.2012.00516.x,13438786,https://api.elsevier.com/content/abstract/scopus_id/84863777037,15,3,,,,0.38,5.0,1,13,,,,84863777037,2-s2.0-84863777037
78,Blanke A.,Revival of Palaeoptera-head characters support a monophyletic origin of Odonata and Ephemeroptera (Insecta),2012,Cladistics,,https://www.scopus.com/inward/record.uri?partnerID=HzOxMe3b&scp=84869201936&origin=inward,https://www.scopus.com/inward/citedby.uri?partnerID=HzOxMe3b&scp=84869201936&origin=inward,,2026-04-12 18:55:14,Article,10.1111/j.1096-0031.2012.00405.x,07483007,https://api.elsevier.com/content/abstract/scopus_id/84869201936,28,6,,,,6.0,78.0,1,13,,,,84869201936,2-s2.0-84869201936
20,Büsse S.,Phylogeographic analysis elucidates the influence of the Ice Ages on the disjunct distribution of relict dragonflies in Asia,2012,Plos One,,https://www.scopus.com/inward/record.uri?partnerID=HzOxMe3b&scp=84872751138&origin=inward,https://www.scopus.com/inward/citedby.uri?partnerID=HzOxMe3b&scp=84872751138&origin=inward,,2026-04-12 18:55:14,Article,10.1371/journal.pone.0038132,,https://api.elsevier.com/content/abstract/scopus_id/84872751138,7,5,,,,1.54,20.0,1,13,,,,84872751138,2-s2.0-84872751138
0,Pfau H.,Functional morphology of the head movability and arrestment of aeshna cyanea and some other dragonflies (Insecta: Odonata),2012,Entomologia Generalis,,https://www.scopus.com/inward/record.uri?partnerID=HzOxMe3b&scp=84897493308&origin=inward,https://www.scopus.com/inward/citedby.uri?partnerID=HzOxMe3b&scp=84897493308&origin=inward,,2026-04-12 18:55:14,Article,10.1127/entom.gen/33/2012/217,01718177,https://api.elsevier.com/content/abstract/scopus_id/84897493308,33,4,,,,0.0,0.0,1,13,,,,84897493308,2-s2.0-84897493308
5,Novelo-Gutiérrez R.,Description of the larva of Argia percellulata (Odonata: Coenagrionidae),2012,International Journal of Odonatology,,https://www.scopus.com/inward/record.uri?partnerID=HzOxMe3b&scp=84862845044&origin=inward,https://www.scopus.com/inward/citedby.uri?partnerID=HzOxMe3b&scp=84862845044&origin=inward,,2026-04-12 18:55:14,Article,10.1080/13887890.2012.660412,13887890,https://api.elsevier.com/content/abstract/scopus_id/84862845044,15,1,,,,0.38,5.0,1,13,,,,84862845044,2-s2.0-84862845044
3,Hughes M.E.,Reciprocal Effects between Burying Behavior of a Larval Dragonfly (Odonata: Macromia illinoiensis) and Zebra Mussel Colonization,2012,Journal of Insect Behavior,,https://www.scopus.com/inward/record.uri?partnerID=HzOxMe3b&scp=84867472545&origin=inward,https://www.scopus.com/inward/citedby.uri?partnerID=HzOxMe3b&scp=84867472545&origin=inward,,2026-04-12 18:55:14,Article,10.1007/s10905-012-9323-y,08927553,https://api.elsevier.com/content/abstract/scopus_id/84867472545,25,6,,,,0.23,3.0,1,13,,,,84867472545,2-s2.0-84867472545
10,Choong C.Y.,"Odonata (Insecta) from three forests of central Terengganu, Malaysia",2012,Malayan Nature Journal,,https://www.scopus.com/inward/record.uri?partnerID=HzOxMe3b&scp=84877282507&origin=inward,https://www.scopus.com/inward/citedby.uri?partnerID=HzOxMe3b&scp=84877282507&origin=inward,,2026-04-12 18:55:14,Article,,00251291,https://api.elsevier.com/content/abstract/scopus_id/84877282507,64,2,,,,0.77,10.0,1,13,,,,84877282507,2-s2.0-84877282507
8,Andrew R.,Ectoparasitism of Anisopteran dragonflies (Insecta: Odonata) by water mite larvae of Arrenurus Spp. (Arachnida: Hydrachnida: Arrenuridae) in central India,2012,Acarina,,https://www.scopus.com/inward/record.uri?partnerID=HzOxMe3b&scp=84874292361&origin=inward,https://www.scopus.com/inward/citedby.uri?partnerID=HzOxMe3b&scp=84874292361&origin=inward,,2026-04-12 18:55:14,Article,,01328077,https://api.elsevier.com/content/abstract/scopus_id/84874292361,20,2,,,,0.62,8.0,1,13,,,,84874292361,2-s2.0-84874292361
26,Guillermo-Ferreira R.,Territoriality and male-biased sexual size dimorphism in Argia reclusa (Odonata: Zygoptera),2012,Acta Ethologica,,https://www.scopus.com/inward/record.uri?partnerID=HzOxMe3b&scp=84859877284&origin=inward,https://www.scopus.com/inward/citedby.uri?partnerID=HzOxMe3b&scp=84859877284&origin=inward,,2026-04-12 18:55:14,Article,10.1007/s10211-011-0114-9,08739749,https://api.elsevier.com/content/abstract/scopus_id/84859877284,15,1,,,,2.0,26.0,1,13,,,,84859877284,2-s2.0-84859877284
18,Lee Y.,Pleistocene speciation with and without gene flow in Euphaea damselflies of subtropical and tropical East Asian islands,2012,Molecular Ecology,,https://www.scopus.com/inward/record.uri?partnerID=HzOxMe3b&scp=84864289768&origin=inward,https://www.scopus.com/inward/citedby.uri?partnerID=HzOxMe3b&scp=84864289768&origin=inward,,2026-04-12 18:55:14,Article,10.1111/j.1365-294X.2012.05654.x,09621083,https://api.elsevier.com/content/abstract/scopus_id/84864289768,21,15,,,,1.38,18.0,1,13,,,,84864289768,2-s2.0-84864289768
71,Hobson K.A.,A dragonfly (δ2h) isoscape for North America: A new tool for determining natal origins of migratory aquatic emergent insects,2012,Methods in Ecology and Evolution,,https://www.scopus.com/inward/record.uri?partnerID=HzOxMe3b&scp=84871412621&origin=inward,https://www.scopus.com/inward/citedby.uri?partnerID=HzOxMe3b&scp=84871412621&origin=inward,,2026-04-12 18:55:14,Article,10.1111/j.2041-210X.2012.00202.x,,https://api.elsevier.com/content/abstract/scopus_id/84871412621,3,4,,,,5.46,71.0,1,13,,,,84871412621,2-s2.0-84871412621
6,Johansson H.,Cross-species amplification and development of microsatellites for six species of European Coenagrionid damselflies,2012,Conservation Genetics Resources,,https://www.scopus.com/inward/record.uri?partnerID=HzOxMe3b&scp=84859869964&origin=inward,https://www.scopus.com/inward/citedby.uri?partnerID=HzOxMe3b&scp=84859869964&origin=inward,,2026-04-12 18:55:14,Article,10.1007/s12686-011-9506-4,18777252,https://api.elsevier.com/content/abstract/scopus_id/84859869964,4,1,,,,0.46,6.0,1,13,,,,84859869964,2-s2.0-84859869964
62,Dolný A.,Underground mining can contribute to freshwater biodiversity conservation: Allogenic succession forms suitable habitats for dragonflies,2012,Biological Conservation,,https://www.scopus.com/inward/record.uri?partnerID=HzOxMe3b&scp=84856231213&origin=inward,https://www.scopus.com/inward/citedby.uri?partnerID=HzOxMe3b&scp=84856231213&origin=inward,,2026-04-12 18:55:14,Article,10.1016/j.biocon.2011.10.020,00063207,https://api.elsevier.com/content/abstract/scopus_id/84856231213,145,1,,,,4.77,62.0,1,13,,,,84856231213,2-s2.0-84856231213
0,Endersby I.,Watson and Theischinger: The etymology of the dragonfly (Insecta: Odonata) names which they published,2012,Journal and Proceedings of the Royal Society of New South Wales,,https://www.scopus.com/inward/record.uri?partnerID=HzOxMe3b&scp=84872799202&origin=inward,https://www.scopus.com/inward/citedby.uri?partnerID=HzOxMe3b&scp=84872799202&origin=inward,,2026-04-12 18:55:14,Article,10.5962/p.146542,00359173,https://api.elsevier.com/content/abstract/scopus_id/84872799202,145,1-2,,,,0.0,0.0,1,13,,,,84872799202,2-s2.0-84872799202
3,Michalski J.,"An interesting new species of nososticta hagen from southern new guinea (odonata, disparoneuridae)",2012,Zootaxa,,https://www.scopus.com/inward/record.uri?partnerID=HzOxMe3b&scp=84871406480&origin=inward,https://www.scopus.com/inward/citedby.uri?partnerID=HzOxMe3b&scp=84871406480&origin=inward,,2026-04-12 18:55:14,Article,10.11646/zootaxa.3590.1.7,11755326,https://api.elsevier.com/content/abstract/scopus_id/84871406480,,3590,,,,0.23,3.0,1,13,,,,84871406480,2-s2.0-84871406480
103,Sun J.,The structure and mechanical properties of dragonfly wings and their role on flyability,2012,Comptes Rendus Mecanique,,https://www.scopus.com/inward/record.uri?partnerID=HzOxMe3b&scp=84856216194&origin=inward,https://www.scopus.com/inward/citedby.uri?partnerID=HzOxMe3b&scp=84856216194&origin=inward,,2026-04-12 18:55:14,Article,10.1016/j.crme.2011.11.003,16310721,https://api.elsevier.com/content/abstract/scopus_id/84856216194,340,1-2,,,,7.92,103.0,1,13,,,,84856216194,2-s2.0-84856216194
0,Plotnikova S.,Peculiarities of structural-functional organization of the motor neuropil in the dragonfly thoracic ganglia,2012,Journal of Evolutionary Biochemistry and Physiology,,https://www.scopus.com/inward/record.uri?partnerID=HzOxMe3b&scp=84872343580&origin=inward,https://www.scopus.com/inward/citedby.uri?partnerID=HzOxMe3b&scp=84872343580&origin=inward,,2026-04-12 18:55:14,Article,10.1134/S0022093012050106,00220930,https://api.elsevier.com/content/abstract/scopus_id/84872343580,48,5-6,,,,0.0,0.0,1,13,,,,84872343580,2-s2.0-84872343580
16,Van Praet N.,"Levels of persistent organic pollutants in larvae of the damselfly Ischnura elegans (Odonata, Coenagrionidae) from different ponds in Flanders, Belgium",2012,Science of the Total Environment,,https://www.scopus.com/inward/record.uri?partnerID=HzOxMe3b&scp=84859001793&origin=inward,https://www.scopus.com/inward/citedby.uri?partnerID=HzOxMe3b&scp=84859001793&origin=inward,,2026-04-12 18:55:14,Article,10.1016/j.scitotenv.2012.02.045,00489697,https://api.elsevier.com/content/abstract/scopus_id/84859001793,423,,,,,1.23,16.0,1,13,,,,84859001793,2-s2.0-84859001793
10,Popova O.N.,Estimation of the carry-over of substances by dragonflies from water bodies to land in the forest-steppe of West Siberia,2012,Contemporary Problems of Ecology,,https://www.scopus.com/inward/record.uri?partnerID=HzOxMe3b&scp=84857438877&origin=inward,https://www.scopus.com/inward/citedby.uri?partnerID=HzOxMe3b&scp=84857438877&origin=inward,,2026-04-12 18:55:14,Article,10.1134/S1995425512010043,19954255,https://api.elsevier.com/content/abstract/scopus_id/84857438877,5,1,,,,0.77,10.0,1,13,,,,84857438877,2-s2.0-84857438877
0,Rudolph R.,The dragonflies of the Germanic goddess Frlgga,2012,Odonatologica,,https://www.scopus.com/inward/record.uri?partnerID=HzOxMe3b&scp=84865971238&origin=inward,https://www.scopus.com/inward/citedby.uri?partnerID=HzOxMe3b&scp=84865971238&origin=inward,,2026-04-12 18:55:14,Article,,03750183,https://api.elsevier.com/content/abstract/scopus_id/84865971238,41,3,,,,0.0,0.0,1,13,,,,84865971238,2-s2.0-84865971238
17,Pilgrim E.M.,Phylogeny of the dragonfly genus Sympetrum (Odonata: Libellulidae),2012,Organisms Diversity and Evolution,,https://www.scopus.com/inward/record.uri?partnerID=HzOxMe3b&scp=84870504965&origin=inward,https://www.scopus.com/inward/citedby.uri?partnerID=HzOxMe3b&scp=84870504965&origin=inward,,2026-04-12 18:55:14,Article,10.1007/s13127-012-0081-7,14396092,https://api.elsevier.com/content/abstract/scopus_id/84870504965,12,3,,,,1.31,17.0,1,13,,,,84870504965,2-s2.0-84870504965
21,González-Tokman D.M.,Support for the immunocompetence handicap hypothesis in the wild: Hormonal manipulation decreases survival in sick damselflies,2012,Evolution,,https://www.scopus.com/inward/record.uri?partnerID=HzOxMe3b&scp=84867101190&origin=inward,https://www.scopus.com/inward/citedby.uri?partnerID=HzOxMe3b&scp=84867101190&origin=inward,,2026-04-12 18:55:14,Article,10.1111/j.1558-5646.2012.01678.x,00143820,https://api.elsevier.com/content/abstract/scopus_id/84867101190,66,10,,,,1.62,21.0,1,13,,,,84867101190,2-s2.0-84867101190
48,Mubarak M.,Modeling a million-node dragonfly network using massively parallel discrete-event simulation,2012,Proceedings 2012 Sc Companion High Performance Computing Networking Storage and Analysis Scc 2012,,https://www.scopus.com/inward/record.uri?partnerID=HzOxMe3b&scp=84876566199&origin=inward,https://www.scopus.com/inward/citedby.uri?partnerID=HzOxMe3b&scp=84876566199&origin=inward,,2026-04-12 18:55:14,Conference Paper,10.1109/SC.Companion.2012.56,,https://api.elsevier.com/content/abstract/scopus_id/84876566199,,,,,,3.69,48.0,1,13,,,,84876566199,2-s2.0-84876566199
3,Marinov M.G.,Description of the larva of Trineuragrion percostale ris (Odonata: Megapodagrionidae) with a key to the larvae of New Caledonian genera of Megapodagrionidae,2012,International Journal of Odonatology,,https://www.scopus.com/inward/record.uri?partnerID=HzOxMe3b&scp=84874195355&origin=inward,https://www.scopus.com/inward/citedby.uri?partnerID=HzOxMe3b&scp=84874195355&origin=inward,,2026-04-12 18:55:14,Article,10.1080/13887890.2012.718234,13887890,https://api.elsevier.com/content/abstract/scopus_id/84874195355,15,3,,,,0.23,3.0,1,13,,,,84874195355,2-s2.0-84874195355
28,Hardersen S.,Odonata communities in retrodunal ponds: A comparison of sampling methods,2012,International Journal of Odonatology,,https://www.scopus.com/inward/record.uri?partnerID=HzOxMe3b&scp=84862869546&origin=inward,https://www.scopus.com/inward/citedby.uri?partnerID=HzOxMe3b&scp=84862869546&origin=inward,,2026-04-12 18:55:14,Article,10.1080/13887890.2012.660403,13887890,https://api.elsevier.com/content/abstract/scopus_id/84862869546,15,1,,,,2.15,28.0,1,13,,,,84862869546,2-s2.0-84862869546
76,Futahashi R.,Redox alters yellow dragonflies into red,2012,Proceedings of the National Academy of Sciences of the United States of America,,https://www.scopus.com/inward/record.uri?partnerID=HzOxMe3b&scp=84864510044&origin=inward,https://www.scopus.com/inward/citedby.uri?partnerID=HzOxMe3b&scp=84864510044&origin=inward,,2026-04-12 18:55:14,Article,10.1073/pnas.1207114109,00278424,https://api.elsevier.com/content/abstract/scopus_id/84864510044,109,31,,,,5.85,76.0,1,13,,,,84864510044,2-s2.0-84864510044
30,Outomuro D.,Hind Wing Shape Evolves Faster than Front Wing Shape in Calopteryx Damselflies,2012,Evolutionary Biology,,https://www.scopus.com/inward/record.uri?partnerID=HzOxMe3b&scp=84857447510&origin=inward,https://www.scopus.com/inward/citedby.uri?partnerID=HzOxMe3b&scp=84857447510&origin=inward,,2026-04-12 18:55:14,Article,10.1007/s11692-011-9145-4,00713260,https://api.elsevier.com/content/abstract/scopus_id/84857447510,39,1,,,,2.31,30.0,1,13,,,,84857447510,2-s2.0-84857447510
136,Combes S.A.,Linking biomechanics and ecology through predator-prey interactions: Flight performance of dragonflies and their prey,2012,Journal of Experimental Biology,,https://www.scopus.com/inward/record.uri?partnerID=HzOxMe3b&scp=84858684399&origin=inward,https://www.scopus.com/inward/citedby.uri?partnerID=HzOxMe3b&scp=84858684399&origin=inward,,2026-04-12 18:55:14,Conference Paper,10.1242/jeb.059394,00220949,https://api.elsevier.com/content/abstract/scopus_id/84858684399,215,6,,,,10.46,136.0,1,13,,,,84858684399,2-s2.0-84858684399
2,Xu Q.,"A description of the final stadium larva of Leptogomphus elegans lieftinck, with a discussion of taxonomic characters of the larvae of the genus leptogomphus selys (Odonata: Gomphidae)",2012,International Journal of Odonatology,,https://www.scopus.com/inward/record.uri?partnerID=HzOxMe3b&scp=84862904047&origin=inward,https://www.scopus.com/inward/citedby.uri?partnerID=HzOxMe3b&scp=84862904047&origin=inward,,2026-04-12 18:55:14,Article,10.1080/13887890.2012.663677,13887890,https://api.elsevier.com/content/abstract/scopus_id/84862904047,15,1,,,,0.15,2.0,1,13,,,,84862904047,2-s2.0-84862904047
87,Olberg R.,Visual control of prey-capture flight in dragonflies,2012,Current Opinion in Neurobiology,,https://www.scopus.com/inward/record.uri?partnerID=HzOxMe3b&scp=84860364198&origin=inward,https://www.scopus.com/inward/citedby.uri?partnerID=HzOxMe3b&scp=84860364198&origin=inward,,2026-04-12 18:55:14,Review,10.1016/j.conb.2011.11.015,09594388,https://api.elsevier.com/content/abstract/scopus_id/84860364198,22,2,,,,6.69,87.0,1,13,,,,84860364198,2-s2.0-84860364198
10,Machado A.,Leptagrion cyanostigma sp. nov. from Brazil with a study of blue pterostigma in zygoptera (odonata: Coenagrionidae),2012,International Journal of Odonatology,,https://www.scopus.com/inward/record.uri?partnerID=HzOxMe3b&scp=84862875592&origin=inward,https://www.scopus.com/inward/citedby.uri?partnerID=HzOxMe3b&scp=84862875592&origin=inward,,2026-04-12 18:55:14,Article,10.1080/13887890.2012.685837,13887890,https://api.elsevier.com/content/abstract/scopus_id/84862875592,15,2,,,,0.77,10.0,1,13,,,,84862875592,2-s2.0-84862875592
226,Faanes G.,Cray cascade: A scalable HPC system based on a dragonfly network,2012,International Conference for High Performance Computing Networking Storage and Analysis Sc,,https://www.scopus.com/inward/record.uri?partnerID=HzOxMe3b&scp=84877718746&origin=inward,https://www.scopus.com/inward/citedby.uri?partnerID=HzOxMe3b&scp=84877718746&origin=inward,,2026-04-12 18:55:14,Conference Paper,10.1109/SC.2012.39,21674329,https://api.elsevier.com/content/abstract/scopus_id/84877718746,,,,,,17.38,226.0,1,13,,,,84877718746,2-s2.0-84877718746
10,Bourret A.,Regional divergence and mosaic spatial distribution of two closely related damselfly species (Enallagma hageni and Enallagma ebrium),2012,Journal of Evolutionary Biology,,https://www.scopus.com/inward/record.uri?partnerID=HzOxMe3b&scp=83555178375&origin=inward,https://www.scopus.com/inward/citedby.uri?partnerID=HzOxMe3b&scp=83555178375&origin=inward,,2026-04-12 18:55:14,Article,10.1111/j.1420-9101.2011.02418.x,1010061X,https://api.elsevier.com/content/abstract/scopus_id/83555178375,25,1,,,,0.77,10.0,1,13,,,,83555178375,2-s2.0-83555178375
5,Yu X.,Research advances in eco-environment assessment using dragonfly as a bioindicator,2012,Chinese Journal of Ecology,,https://www.scopus.com/inward/record.uri?partnerID=HzOxMe3b&scp=84861963389&origin=inward,https://www.scopus.com/inward/citedby.uri?partnerID=HzOxMe3b&scp=84861963389&origin=inward,,2026-04-12 18:55:14,Review,,10004890,https://api.elsevier.com/content/abstract/scopus_id/84861963389,31,6,,,,0.38,5.0,1,13,,,,84861963389,2-s2.0-84861963389
5,Kadoya T.,Use of multiple habitat types with asymmetric dispersal affects patch occupancy of the damselfly Indolestes peregrinus in a fragmented landscape,2012,Basic and Applied Ecology,,https://www.scopus.com/inward/record.uri?partnerID=HzOxMe3b&scp=84860554515&origin=inward,https://www.scopus.com/inward/citedby.uri?partnerID=HzOxMe3b&scp=84860554515&origin=inward,,2026-04-12 18:55:14,Article,10.1016/j.baae.2012.02.004,14391791,https://api.elsevier.com/content/abstract/scopus_id/84860554515,13,2,,,,0.38,5.0,1,13,,,,84860554515,2-s2.0-84860554515
76,Juen L.,Dragonfly endemism in the Brazilian Amazon: Competing hypotheses for biogeographical patterns,2012,Biodiversity and Conservation,,https://www.scopus.com/inward/record.uri?partnerID=HzOxMe3b&scp=84868571227&origin=inward,https://www.scopus.com/inward/citedby.uri?partnerID=HzOxMe3b&scp=84868571227&origin=inward,,2026-04-12 18:55:14,Article,10.1007/s10531-012-0377-0,09603115,https://api.elsevier.com/content/abstract/scopus_id/84868571227,21,13,,,,5.85,76.0,1,13,,,,84868571227,2-s2.0-84868571227
4,Swaegers J.,Microsatellite marker development and putative SNP detection for a northward expanding damselfly species using next generation sequencing,2012,Conservation Genetics Resources,,https://www.scopus.com/inward/record.uri?partnerID=HzOxMe3b&scp=84867614868&origin=inward,https://www.scopus.com/inward/citedby.uri?partnerID=HzOxMe3b&scp=84867614868&origin=inward,,2026-04-12 18:55:14,Article,10.1007/s12686-012-9711-9,18777252,https://api.elsevier.com/content/abstract/scopus_id/84867614868,4,4,,,,0.31,4.0,1,13,,,,84867614868,2-s2.0-84867614868
17,Wang X.J.,Fabrication of superhydrophobic AAO-Ag multilayer mimicking dragonfly wings,2012,Chinese Science Bulletin,,https://www.scopus.com/inward/record.uri?partnerID=HzOxMe3b&scp=84871220780&origin=inward,https://www.scopus.com/inward/citedby.uri?partnerID=HzOxMe3b&scp=84871220780&origin=inward,,2026-04-12 18:55:14,Article,10.1007/s11434-012-5348-z,10016538,https://api.elsevier.com/content/abstract/scopus_id/84871220780,57,35,,,,1.31,17.0,1,13,,,,84871220780,2-s2.0-84871220780
3,Pallares M.I.M.,"Spatial and temporal distribution of dragonflies naiads in wetlands la Vacaand Santa Maria del Lago, Bogotá, Colombia",2012,Acta Biologica Colombiana,,https://www.scopus.com/inward/record.uri?partnerID=HzOxMe3b&scp=84866902731&origin=inward,https://www.scopus.com/inward/citedby.uri?partnerID=HzOxMe3b&scp=84866902731&origin=inward,,2026-04-12 18:55:14,Review,,0120548X,https://api.elsevier.com/content/abstract/scopus_id/84866902731,17,2,,,,0.23,3.0,1,13,,,,84866902731,2-s2.0-84866902731
84,Stoks R.,"Behaviour and physiology shape the growth accelerations associated with predation risk, high temperatures and southern latitudes in Ischnura damselfly larvae",2012,Journal of Animal Ecology,,https://www.scopus.com/inward/record.uri?partnerID=HzOxMe3b&scp=84864917353&origin=inward,https://www.scopus.com/inward/citedby.uri?partnerID=HzOxMe3b&scp=84864917353&origin=inward,,2026-04-12 18:55:14,Article,10.1111/j.1365-2656.2012.01987.x,00218790,https://api.elsevier.com/content/abstract/scopus_id/84864917353,81,5,,,,6.46,84.0,1,13,,,,84864917353,2-s2.0-84864917353
62,Sánchez-Guillén R.A.,Strong asymmetry in the relative strengths of prezygotic and postzygotic barriers between two damselfly sister species,2012,Evolution,,https://www.scopus.com/inward/record.uri?partnerID=HzOxMe3b&scp=84857688099&origin=inward,https://www.scopus.com/inward/citedby.uri?partnerID=HzOxMe3b&scp=84857688099&origin=inward,,2026-04-12 18:55:14,Article,10.1111/j.1558-5646.2011.01469.x,00143820,https://api.elsevier.com/content/abstract/scopus_id/84857688099,66,3,,,,4.77,62.0,1,13,,,,84857688099,2-s2.0-84857688099
32,Rebora M.,Olfaction in dragonflies: Electrophysiological evidence,2012,Journal of Insect Physiology,,https://www.scopus.com/inward/record.uri?partnerID=HzOxMe3b&scp=84855550322&origin=inward,https://www.scopus.com/inward/citedby.uri?partnerID=HzOxMe3b&scp=84855550322&origin=inward,,2026-04-12 18:55:14,Article,10.1016/j.jinsphys.2011.11.018,00221910,https://api.elsevier.com/content/abstract/scopus_id/84855550322,58,2,,,,2.46,32.0,1,13,,,,84855550322,2-s2.0-84855550322
3,Olthoff M.,"Dragonflies of a peat bog in northwestern turkey (odonata: anisoptera, zygoptera)",2012,Zoology in the Middle East,,https://www.scopus.com/inward/record.uri?partnerID=HzOxMe3b&scp=84870829492&origin=inward,https://www.scopus.com/inward/citedby.uri?partnerID=HzOxMe3b&scp=84870829492&origin=inward,,2026-04-12 18:55:14,Article,10.1080/09397140.2012.10648975,09397140,https://api.elsevier.com/content/abstract/scopus_id/84870829492,57,1,,,,0.23,3.0,1,13,,,,84870829492,2-s2.0-84870829492
1,Michalski J.,Lanthanusa bilineata sp. nov. from new guinea (Odonata: Libellulidae),2012,International Journal of Odonatology,,https://www.scopus.com/inward/record.uri?partnerID=HzOxMe3b&scp=84862835809&origin=inward,https://www.scopus.com/inward/citedby.uri?partnerID=HzOxMe3b&scp=84862835809&origin=inward,,2026-04-12 18:55:14,Article,10.1080/13887890.2012.692647,13887890,https://api.elsevier.com/content/abstract/scopus_id/84862835809,15,2,,,,0.08,1.0,1,13,,,,84862835809,2-s2.0-84862835809
61,Hasan J.,Spatial variations and temporal metastability of the self-cleaning and superhydrophobic properties of damselfly wings,2012,Langmuir,,https://www.scopus.com/inward/record.uri?partnerID=HzOxMe3b&scp=84871283359&origin=inward,https://www.scopus.com/inward/citedby.uri?partnerID=HzOxMe3b&scp=84871283359&origin=inward,,2026-04-12 18:55:14,Article,10.1021/la303560w,07437463,https://api.elsevier.com/content/abstract/scopus_id/84871283359,28,50,,,,4.69,61.0,1,13,,,,84871283359,2-s2.0-84871283359
51,Keller D.,Do landscape barriers affect functional connectivity of populations of an endangered damselfly?,2012,Freshwater Biology,,https://www.scopus.com/inward/record.uri?partnerID=HzOxMe3b&scp=84862154046&origin=inward,https://www.scopus.com/inward/citedby.uri?partnerID=HzOxMe3b&scp=84862154046&origin=inward,,2026-04-12 18:55:14,Article,10.1111/j.1365-2427.2012.02797.x,00465070,https://api.elsevier.com/content/abstract/scopus_id/84862154046,57,7,,,,3.92,51.0,1,13,,,,84862154046,2-s2.0-84862154046
9,Nava-Bolaños A.,A Test of Genital Allometry Using Two Damselfly Species does not Produce Hypoallometric Patterns,2012,Ethology,,https://www.scopus.com/inward/record.uri?partnerID=HzOxMe3b&scp=84855360137&origin=inward,https://www.scopus.com/inward/citedby.uri?partnerID=HzOxMe3b&scp=84855360137&origin=inward,,2026-04-12 18:55:14,Article,10.1111/j.1439-0310.2011.02000.x,01791613,https://api.elsevier.com/content/abstract/scopus_id/84855360137,118,2,,,,0.69,9.0,1,13,,,,84855360137,2-s2.0-84855360137
5,van der Poorten N.,Macromidia donaldi pethiyagodai subsp. nov. from Sri Lanka (Odonata: Corduliidae),2012,International Journal of Odonatology,,https://www.scopus.com/inward/record.uri?partnerID=HzOxMe3b&scp=84862863891&origin=inward,https://www.scopus.com/inward/citedby.uri?partnerID=HzOxMe3b&scp=84862863891&origin=inward,,2026-04-12 18:55:14,Article,10.1080/13887890.2012.692112,13887890,https://api.elsevier.com/content/abstract/scopus_id/84862863891,15,2,,,,0.38,5.0,1,13,,,,84862863891,2-s2.0-84862863891
16,Burkle L.A.,Effects of an invasive plant transcend ecosystem boundaries through a dragonfly-mediated trophic pathway,2012,Oecologia,,https://www.scopus.com/inward/record.uri?partnerID=HzOxMe3b&scp=84869080092&origin=inward,https://www.scopus.com/inward/citedby.uri?partnerID=HzOxMe3b&scp=84869080092&origin=inward,,2026-04-12 18:55:14,Article,10.1007/s00442-012-2357-1,00298549,https://api.elsevier.com/content/abstract/scopus_id/84869080092,170,4,,,,1.23,16.0,1,13,,,,84869080092,2-s2.0-84869080092
7,Shi X.,Finite element analysis of dragonfly wing structural stiffness,2012,Nongye Jixie Xuebao Transactions of the Chinese Society of Agricultural Machinery,,https://www.scopus.com/inward/record.uri?partnerID=HzOxMe3b&scp=84856511794&origin=inward,https://www.scopus.com/inward/citedby.uri?partnerID=HzOxMe3b&scp=84856511794&origin=inward,,2026-04-12 18:55:14,Article,10.6041/j.issn.1000-1298.2012.01.040,10001298,https://api.elsevier.com/content/abstract/scopus_id/84856511794,43,1,,,,0.54,7.0,1,13,,,,84856511794,2-s2.0-84856511794
2,Kuitunen K.,Do allopatric male Calopteryx virgo damselflies learn species recognition?,2012,Ecology and Evolution,,https://www.scopus.com/inward/record.uri?partnerID=HzOxMe3b&scp=84881041094&origin=inward,https://www.scopus.com/inward/citedby.uri?partnerID=HzOxMe3b&scp=84881041094&origin=inward,,2026-04-12 18:55:14,Article,10.1002/ece3.90,,https://api.elsevier.com/content/abstract/scopus_id/84881041094,2,3,,,,0.15,2.0,1,13,,,,84881041094,2-s2.0-84881041094
50,Pokhrel L.,Potential impact of low-concentration silver nanoparticles on predator-prey interactions between predatory dragonfly nymphs and daphnia magna as a prey,2012,Environmental Science and Technology,,https://www.scopus.com/inward/record.uri?partnerID=HzOxMe3b&scp=84863971082&origin=inward,https://www.scopus.com/inward/citedby.uri?partnerID=HzOxMe3b&scp=84863971082&origin=inward,,2026-04-12 18:55:14,Article,10.1021/es204055c,0013936X,https://api.elsevier.com/content/abstract/scopus_id/84863971082,46,14,,,,3.85,50.0,1,13,,,,84863971082,2-s2.0-84863971082
4,Mukherjee S.,A comparative study of dragonfly inspired flapping wings actuated by single crystal piezoceramic,2012,Smart Structures and Systems,,https://www.scopus.com/inward/record.uri?partnerID=HzOxMe3b&scp=84863979533&origin=inward,https://www.scopus.com/inward/citedby.uri?partnerID=HzOxMe3b&scp=84863979533&origin=inward,,2026-04-12 18:55:14,Article,10.12989/sss.2012.10.1.067,17381584,https://api.elsevier.com/content/abstract/scopus_id/84863979533,10,1,,,,0.31,4.0,1,13,,,,84863979533,2-s2.0-84863979533
16,Couceiro M.S.,Hybrid adaptive control of a dragonfly model,2012,Communications in Nonlinear Science and Numerical Simulation,,https://www.scopus.com/inward/record.uri?partnerID=HzOxMe3b&scp=80052376327&origin=inward,https://www.scopus.com/inward/citedby.uri?partnerID=HzOxMe3b&scp=80052376327&origin=inward,,2026-04-12 18:55:14,Article,10.1016/j.cnsns.2011.05.031,10075704,https://api.elsevier.com/content/abstract/scopus_id/80052376327,17,2,,,,1.23,16.0,1,13,,,,80052376327,2-s2.0-80052376327
1,Olberg S.,"Ischnura pumilio (Charpentier, 1825) (Odonata, Coenagrionidae) in Norway",2012,Norwegian Journal of Entomology,,https://www.scopus.com/inward/record.uri?partnerID=HzOxMe3b&scp=85012008732&origin=inward,https://www.scopus.com/inward/citedby.uri?partnerID=HzOxMe3b&scp=85012008732&origin=inward,,2026-04-12 18:55:14,Article,,15018415,https://api.elsevier.com/content/abstract/scopus_id/85012008732,59,2,,,,0.08,1.0,1,13,,,,85012008732,2-s2.0-85012008732
7,Neiss U.,Larvae of Epipleoneura manauensis santos and Roppaneura beckeri santos with a key to the genera of known neotropical protoneuridae larvae (Odonata: Zygoptera),2012,International Journal of Odonatology,,https://www.scopus.com/inward/record.uri?partnerID=HzOxMe3b&scp=84861371323&origin=inward,https://www.scopus.com/inward/citedby.uri?partnerID=HzOxMe3b&scp=84861371323&origin=inward,,2026-04-12 18:55:14,Article,10.1080/13887890.2012.664102,13887890,https://api.elsevier.com/content/abstract/scopus_id/84861371323,15,1,,,,0.54,7.0,1,13,,,,84861371323,2-s2.0-84861371323
3,Garrison R.W.,"Skiallagma baueri Förster 1906, a geographically misplaced damselfly, is a junior synonym of Xiphiagrion cyanomelas Selys 1876 (Odonata: Coenagrionidae)",2012,Zootaxa,,https://www.scopus.com/inward/record.uri?partnerID=HzOxMe3b&scp=84867386306&origin=inward,https://www.scopus.com/inward/citedby.uri?partnerID=HzOxMe3b&scp=84867386306&origin=inward,,2026-04-12 18:55:14,Article,10.11646/zootaxa.3514.1.6,11755326,https://api.elsevier.com/content/abstract/scopus_id/84867386306,,3514,,,,0.23,3.0,1,13,,,,84867386306,2-s2.0-84867386306
6,Li Y.,Redescription of the damsel-dragonfly Parafleckium senjituense on the basis of a more complete specimen (Odonata: Isophlebioptera: Campterophlebiidae),2012,Zootaxa,,https://www.scopus.com/inward/record.uri?partnerID=HzOxMe3b&scp=84871664896&origin=inward,https://www.scopus.com/inward/citedby.uri?partnerID=HzOxMe3b&scp=84871664896&origin=inward,,2026-04-12 18:55:14,Letter,10.11646/zootaxa.3597.1.7,11755326,https://api.elsevier.com/content/abstract/scopus_id/84871664896,,3597,,,,0.46,6.0,1,13,,,,84871664896,2-s2.0-84871664896
8,Guillermo-Ferreira R.,"Description of the larva of mnesarete pudica (Hagen in Selys, 1853) (Odonata: Calopterygidae) and notes on known genera of south american calopterygidae larvae",2012,Zootaxa,,https://www.scopus.com/inward/record.uri?partnerID=HzOxMe3b&scp=84866232998&origin=inward,https://www.scopus.com/inward/citedby.uri?partnerID=HzOxMe3b&scp=84866232998&origin=inward,,2026-04-12 18:55:14,Article,,11755326,https://api.elsevier.com/content/abstract/scopus_id/84866232998,,3482,,,,0.62,8.0,1,13,,,,84866232998,2-s2.0-84866232998
3,Shull D.R.,Phoretic relationship between Hydra sp. (Anthomedusae: Hydridae) and a damselfly nymph (Odonata: Calopterygidae),2012,Entomological News,,https://www.scopus.com/inward/record.uri?partnerID=HzOxMe3b&scp=84864997475&origin=inward,https://www.scopus.com/inward/citedby.uri?partnerID=HzOxMe3b&scp=84864997475&origin=inward,,2026-04-12 18:55:14,Article,10.3157/021.122.0207,0013872X,https://api.elsevier.com/content/abstract/scopus_id/84864997475,122,2,,,,0.23,3.0,1,13,,,,84864997475,2-s2.0-84864997475
121,Koehler C.,3D reconstruction and analysis of wing deformation in free-flying dragonflies,2012,Journal of Experimental Biology,,https://www.scopus.com/inward/record.uri?partnerID=HzOxMe3b&scp=84865228371&origin=inward,https://www.scopus.com/inward/citedby.uri?partnerID=HzOxMe3b&scp=84865228371&origin=inward,,2026-04-12 18:55:14,Article,10.1242/jeb.069005,00220949,https://api.elsevier.com/content/abstract/scopus_id/84865228371,215,17,,,,9.31,121.0,1,13,,,,84865228371,2-s2.0-84865228371
3,Kim M.,Diet of yellow bitterns (Ixobrychus sinensis) during the breeding season in South Korea,2012,Journal of Ecology and Field Biology,,https://www.scopus.com/inward/record.uri?partnerID=HzOxMe3b&scp=84859126634&origin=inward,https://www.scopus.com/inward/citedby.uri?partnerID=HzOxMe3b&scp=84859126634&origin=inward,,2026-04-12 18:55:14,Article,10.5141/JEFB.2012.002,1975020X,https://api.elsevier.com/content/abstract/scopus_id/84859126634,35,1,,,,0.23,3.0,1,13,,,,84859126634,2-s2.0-84859126634
2,Anderson C.N.,Characterization of 12 microsatellite loci in the waterfall damselfly (Paraphlebia zoe) for use in population genetic applications,2012,Conservation Genetics Resources,,https://www.scopus.com/inward/record.uri?partnerID=HzOxMe3b&scp=84859856761&origin=inward,https://www.scopus.com/inward/citedby.uri?partnerID=HzOxMe3b&scp=84859856761&origin=inward,,2026-04-12 18:55:14,Article,10.1007/s12686-011-9502-8,18777252,https://api.elsevier.com/content/abstract/scopus_id/84859856761,4,1,,,,0.15,2.0,1,13,,,,84859856761,2-s2.0-84859856761
34,Chen Y.,Hierarchical Dragonfly Wing: Microstructure-Biomechanical Behavior Relations,2012,Journal of Bionic Engineering,,https://www.scopus.com/inward/record.uri?partnerID=HzOxMe3b&scp=84862076433&origin=inward,https://www.scopus.com/inward/citedby.uri?partnerID=HzOxMe3b&scp=84862076433&origin=inward,,2026-04-12 18:55:14,Article,10.1016/S1672-6529(11)60114-5,16726529,https://api.elsevier.com/content/abstract/scopus_id/84862076433,9,2,,,,2.62,34.0,1,13,,,,84862076433,2-s2.0-84862076433
35,Simaika J.,Using dragonflies to monitor and prioritize lotic systems: A South African perspective,2012,Organisms Diversity and Evolution,,https://www.scopus.com/inward/record.uri?partnerID=HzOxMe3b&scp=84870488378&origin=inward,https://www.scopus.com/inward/citedby.uri?partnerID=HzOxMe3b&scp=84870488378&origin=inward,,2026-04-12 18:55:14,Review,10.1007/s13127-012-0104-4,14396092,https://api.elsevier.com/content/abstract/scopus_id/84870488378,12,3,,,,2.69,35.0,1,13,,,,84870488378,2-s2.0-84870488378
10,Verdonschot R.,Preference of larvae of Enallagma cyathigerum (Odonata: Coenagrionidae) for habitats of varying structural complexity,2012,European Journal of Entomology,,https://www.scopus.com/inward/record.uri?partnerID=HzOxMe3b&scp=84865173342&origin=inward,https://www.scopus.com/inward/citedby.uri?partnerID=HzOxMe3b&scp=84865173342&origin=inward,,2026-04-12 18:55:14,Article,10.14411/eje.2012.030,12105759,https://api.elsevier.com/content/abstract/scopus_id/84865173342,109,2,,,,0.77,10.0,1,13,,,,84865173342,2-s2.0-84865173342
85,Nilsson-Örtman V.,Generalists and specialists along a latitudinal transect: Patterns of thermal adaptation in six species of damselflies,2012,Ecology,,https://www.scopus.com/inward/record.uri?partnerID=HzOxMe3b&scp=84862282437&origin=inward,https://www.scopus.com/inward/citedby.uri?partnerID=HzOxMe3b&scp=84862282437&origin=inward,,2026-04-12 18:55:14,Article,10.1890/11-1910.1,00129658,https://api.elsevier.com/content/abstract/scopus_id/84862282437,93,6,,,,6.54,85.0,1,13,,,,84862282437,2-s2.0-84862282437
8,Zhao H.,"Multi-levels, multi-scales and multi-functions in the fine structure of the wing veins in the dragonfly pantala Flavescens(fabricius) (anisoptera: Libellulidae)",2012,Odonatologica,,https://www.scopus.com/inward/record.uri?partnerID=HzOxMe3b&scp=84862179989&origin=inward,https://www.scopus.com/inward/citedby.uri?partnerID=HzOxMe3b&scp=84862179989&origin=inward,,2026-04-12 18:55:14,Article,,03750183,https://api.elsevier.com/content/abstract/scopus_id/84862179989,41,2,,,,0.62,8.0,1,13,,,,84862179989,2-s2.0-84862179989
5,Yoshihara A.,Spectroscopic characterization of dragonfly wings common in Japan,2012,Vibrational Spectroscopy,,https://www.scopus.com/inward/record.uri?partnerID=HzOxMe3b&scp=84861096455&origin=inward,https://www.scopus.com/inward/citedby.uri?partnerID=HzOxMe3b&scp=84861096455&origin=inward,,2026-04-12 18:55:14,Article,10.1016/j.vibspec.2012.03.010,09242031,https://api.elsevier.com/content/abstract/scopus_id/84861096455,61,,,,,0.38,5.0,1,13,,,,84861096455,2-s2.0-84861096455
21,Shaha R.D.T.,Range shifts of a relict Himalayan dragonfly in the Hindu Kush Himalayan region under climate change scenarios,2012,International Journal of Odonatology,,https://www.scopus.com/inward/record.uri?partnerID=HzOxMe3b&scp=84874195399&origin=inward,https://www.scopus.com/inward/citedby.uri?partnerID=HzOxMe3b&scp=84874195399&origin=inward,,2026-04-12 18:55:14,Article,10.1080/13887890.2012.697399,13887890,https://api.elsevier.com/content/abstract/scopus_id/84874195399,15,3,,,,1.62,21.0,1,13,,,,84874195399,2-s2.0-84874195399
8,Gutiérrez L.A.P.,"Archilestes chocoanus spec. Nov., a new damselfly from colombia (odonata: Lestidae)",2012,Odonatologica,,https://www.scopus.com/inward/record.uri?partnerID=HzOxMe3b&scp=84871222356&origin=inward,https://www.scopus.com/inward/citedby.uri?partnerID=HzOxMe3b&scp=84871222356&origin=inward,,2026-04-12 18:55:14,Article,,03750183,https://api.elsevier.com/content/abstract/scopus_id/84871222356,41,4,,,,0.62,8.0,1,13,,,,84871222356,2-s2.0-84871222356
16,Mukherjee S.,Nonlinear dynamic analysis of dragonfly-inspired piezoelectric unimorph actuated flapping and twisting wing,2012,International Journal of Smart and Nano Materials,,https://www.scopus.com/inward/record.uri?partnerID=HzOxMe3b&scp=84861919052&origin=inward,https://www.scopus.com/inward/citedby.uri?partnerID=HzOxMe3b&scp=84861919052&origin=inward,,2026-04-12 18:55:14,Article,10.1080/19475411.2011.649804,19475411,https://api.elsevier.com/content/abstract/scopus_id/84861919052,3,2,,,,1.23,16.0,1,13,,,,84861919052,2-s2.0-84861919052
0,Sviderskiǐ V.L.,[Functional role of dragonfly legs before and after hatching: reorganization of coordinating interactions].,2012,Rossiskii Fiziologicheski Zhurnal Imeni I M Sechenova Rossiskaia Akademiia Nauk,,https://www.scopus.com/inward/record.uri?partnerID=HzOxMe3b&scp=84874991619&origin=inward,https://www.scopus.com/inward/citedby.uri?partnerID=HzOxMe3b&scp=84874991619&origin=inward,,2026-04-12 18:55:14,Article,,08698139,https://api.elsevier.com/content/abstract/scopus_id/84874991619,98,11,,,,0.0,0.0,1,13,,,,84874991619,2-s2.0-84874991619
53,Verberk W.C.E.P.,"Oxygen limits heat tolerance and drives heat hardening in the aquatic nymphs of the gill breathing damselfly Calopteryx virgo (Linnaeus, 1758)",2012,Journal of Thermal Biology,,https://www.scopus.com/inward/record.uri?partnerID=HzOxMe3b&scp=84858275963&origin=inward,https://www.scopus.com/inward/citedby.uri?partnerID=HzOxMe3b&scp=84858275963&origin=inward,,2026-04-12 18:55:14,Article,10.1016/j.jtherbio.2012.01.004,03064565,https://api.elsevier.com/content/abstract/scopus_id/84858275963,37,3,,,,4.08,53.0,1,13,,,,84858275963,2-s2.0-84858275963
3,Tennessen K.J.,Two new species of metaleptobasis from central ecuador (odonata: Coenagrionidae),2012,International Journal of Odonatology,,https://www.scopus.com/inward/record.uri?partnerID=HzOxMe3b&scp=84862835870&origin=inward,https://www.scopus.com/inward/citedby.uri?partnerID=HzOxMe3b&scp=84862835870&origin=inward,,2026-04-12 18:55:14,Article,10.1080/13887890.2012.683695,13887890,https://api.elsevier.com/content/abstract/scopus_id/84862835870,15,2,,,,0.23,3.0,1,13,,,,84862835870,2-s2.0-84862835870
2,McGuffin M.,Larval Ischnura verticalis (Odonata: Coenagrionidae) Respond to Visual Cues of Predator Presence,2012,Journal of Insect Behavior,,https://www.scopus.com/inward/record.uri?partnerID=HzOxMe3b&scp=84856226823&origin=inward,https://www.scopus.com/inward/citedby.uri?partnerID=HzOxMe3b&scp=84856226823&origin=inward,,2026-04-12 18:55:14,Article,10.1007/s10905-011-9285-5,08927553,https://api.elsevier.com/content/abstract/scopus_id/84856226823,25,2,,,,0.15,2.0,1,13,,,,84856226823,2-s2.0-84856226823
0,Umezu S.,Fabrication of artifical biomimetic wing of dragonfly and its aerodynamic effect,2012,Proceedings of the 12th International Conference of the European Society for Precision Engineering and Nanotechnology Euspen 2012,,https://www.scopus.com/inward/record.uri?partnerID=HzOxMe3b&scp=84911433292&origin=inward,https://www.scopus.com/inward/citedby.uri?partnerID=HzOxMe3b&scp=84911433292&origin=inward,,2026-04-12 18:55:14,Conference Paper,,,https://api.elsevier.com/content/abstract/scopus_id/84911433292,2,,,,,0.0,0.0,1,13,,,,84911433292,2-s2.0-84911433292
8,Li Y.,A new fossil petalurid dragonfly (Odonata: Petaluroidea: Aktassiidae) from the Cretaceous of China,2012,Alcheringa,,https://www.scopus.com/inward/record.uri?partnerID=HzOxMe3b&scp=84865831465&origin=inward,https://www.scopus.com/inward/citedby.uri?partnerID=HzOxMe3b&scp=84865831465&origin=inward,,2026-04-12 18:55:14,Article,10.1080/03115518.2012.644995,03115518,https://api.elsevier.com/content/abstract/scopus_id/84865831465,36,3,,,,0.62,8.0,1,13,,,,84865831465,2-s2.0-84865831465
12,Ware J.,Evolution of reproductive strategies in libellulid dragonflies (Odonata: Anisoptera),2012,Organisms Diversity and Evolution,,https://www.scopus.com/inward/record.uri?partnerID=HzOxMe3b&scp=84870484094&origin=inward,https://www.scopus.com/inward/citedby.uri?partnerID=HzOxMe3b&scp=84870484094&origin=inward,,2026-04-12 18:55:14,Article,10.1007/s13127-012-0096-0,14396092,https://api.elsevier.com/content/abstract/scopus_id/84870484094,12,3,,,,0.92,12.0,1,13,,,,84870484094,2-s2.0-84870484094
25,Śniegula S.,Growth Pattern Responses to Photoperiod across Latitudes in a Northern Damselfly,2012,Plos One,,https://www.scopus.com/inward/record.uri?partnerID=HzOxMe3b&scp=84866713675&origin=inward,https://www.scopus.com/inward/citedby.uri?partnerID=HzOxMe3b&scp=84866713675&origin=inward,,2026-04-12 18:55:14,Article,10.1371/journal.pone.0046024,,https://api.elsevier.com/content/abstract/scopus_id/84866713675,7,9,,,,1.92,25.0,1,13,,,,84866713675,2-s2.0-84866713675
41,Balzan M.V.,Associations of dragonflies (Odonata) to habitat variables within the Maltese Islands: A spatio-temporal approach,2012,Journal of Insect Science,,https://www.scopus.com/inward/record.uri?partnerID=HzOxMe3b&scp=84874101623&origin=inward,https://www.scopus.com/inward/citedby.uri?partnerID=HzOxMe3b&scp=84874101623&origin=inward,,2026-04-12 18:55:14,Article,10.1673/031.012.8701,,https://api.elsevier.com/content/abstract/scopus_id/84874101623,12,,,,,3.15,41.0,1,13,,,,84874101623,2-s2.0-84874101623
3,Hämäläinen M.,Platycnemis doi sp. nov. from Huu Lien nature reserve in northern Vietnam (Odonata: Platycnemididae),2012,International Journal of Odonatology,,https://www.scopus.com/inward/record.uri?partnerID=HzOxMe3b&scp=84874219224&origin=inward,https://www.scopus.com/inward/citedby.uri?partnerID=HzOxMe3b&scp=84874219224&origin=inward,,2026-04-12 18:55:14,Article,10.1080/13887890.2012.700503,13887890,https://api.elsevier.com/content/abstract/scopus_id/84874219224,15,3,,,,0.23,3.0,1,13,,,,84874219224,2-s2.0-84874219224
15,Curry C.J.,Congruence of biodiversity measures among larval dragonflies and caddisflies from three Canadian rivers,2012,Freshwater Biology,,https://www.scopus.com/inward/record.uri?partnerID=HzOxMe3b&scp=84855882057&origin=inward,https://www.scopus.com/inward/citedby.uri?partnerID=HzOxMe3b&scp=84855882057&origin=inward,,2026-04-12 18:55:14,Article,10.1111/j.1365-2427.2011.02724.x,00465070,https://api.elsevier.com/content/abstract/scopus_id/84855882057,57,3,,,,1.15,15.0,1,13,,,,84855882057,2-s2.0-84855882057
15,Dow R.A.,"Telosticta, a new damselfly genus from Borneo and Palawan (Odonata: Zygoptera: Platystictidae)",2012,Raffles Bulletin of Zoology,,https://www.scopus.com/inward/record.uri?partnerID=HzOxMe3b&scp=84866400212&origin=inward,https://www.scopus.com/inward/citedby.uri?partnerID=HzOxMe3b&scp=84866400212&origin=inward,,2026-04-12 18:55:14,Article,,,https://api.elsevier.com/content/abstract/scopus_id/84866400212,60,2,,,,1.15,15.0,1,13,,,,84866400212,2-s2.0-84866400212
11,Gäde G.,The adipokinetic hormone (AKH) of one of the most basal orders of Pterygota: Structure and function of Ephemeroptera AKH,2012,Journal of Insect Physiology,,https://www.scopus.com/inward/record.uri?partnerID=HzOxMe3b&scp=84867888982&origin=inward,https://www.scopus.com/inward/citedby.uri?partnerID=HzOxMe3b&scp=84867888982&origin=inward,,2026-04-12 18:55:14,Article,10.1016/j.jinsphys.2012.08.001,00221910,https://api.elsevier.com/content/abstract/scopus_id/84867888982,58,11,,,,0.85,11.0,1,13,,,,84867888982,2-s2.0-84867888982
8,Brunken H.,Impacts of ecological ditch maintenance on fishes and the dragonfly Grüne Mosaikjungfer (Aeshna viridis) in Natura 2000 sites in the German state of Bremen,2012,Natur Und Landschaft,,https://www.scopus.com/inward/record.uri?partnerID=HzOxMe3b&scp=84880104787&origin=inward,https://www.scopus.com/inward/citedby.uri?partnerID=HzOxMe3b&scp=84880104787&origin=inward,,2026-04-12 18:55:14,Article,,00280615,https://api.elsevier.com/content/abstract/scopus_id/84880104787,87,8,,,,0.62,8.0,1,13,,,,84880104787,2-s2.0-84880104787
4,Hager B.J.,"The distribution of Cordulegaster (Odonata: Cordulegastridae) nymphs in seeps and springs of Nelson Swamp (Madison County, NY)",2012,Northeastern Naturalist,,https://www.scopus.com/inward/record.uri?partnerID=HzOxMe3b&scp=84859724374&origin=inward,https://www.scopus.com/inward/citedby.uri?partnerID=HzOxMe3b&scp=84859724374&origin=inward,,2026-04-12 18:55:14,Conference Paper,10.1656/045.019.s605,10926194,https://api.elsevier.com/content/abstract/scopus_id/84859724374,19,SPEC. ISSUE 6,,,,0.31,4.0,1,13,,,,84859724374,2-s2.0-84859724374
23,Lai G.,Experimental investigation on the wing-wake interaction at the mid stroke in hovering flight of dragonfly,2012,Science China Physics Mechanics and Astronomy,,https://www.scopus.com/inward/record.uri?partnerID=HzOxMe3b&scp=84872104146&origin=inward,https://www.scopus.com/inward/citedby.uri?partnerID=HzOxMe3b&scp=84872104146&origin=inward,,2026-04-12 18:55:14,Article,10.1007/s11433-012-4907-2,16747348,https://api.elsevier.com/content/abstract/scopus_id/84872104146,55,11,,,,1.77,23.0,1,13,,,,84872104146,2-s2.0-84872104146
53,Bried J.T.,A critique of the dragonfly delusion hypothesis: Why sampling exuviae does not avoid bias,2012,Insect Conservation and Diversity,,https://www.scopus.com/inward/record.uri?partnerID=HzOxMe3b&scp=84866358279&origin=inward,https://www.scopus.com/inward/citedby.uri?partnerID=HzOxMe3b&scp=84866358279&origin=inward,,2026-04-12 18:55:14,Article,10.1111/j.1752-4598.2011.00171.x,1752458X,https://api.elsevier.com/content/abstract/scopus_id/84866358279,5,5,,,,4.08,53.0,1,13,,,,84866358279,2-s2.0-84866358279
24,Lorenzo-Carballa M.O.,Population genetic structure of sexual and parthenogenetic damselflies inferred from mitochondrial and nuclear markers,2012,Heredity,,https://www.scopus.com/inward/record.uri?partnerID=HzOxMe3b&scp=84858866267&origin=inward,https://www.scopus.com/inward/citedby.uri?partnerID=HzOxMe3b&scp=84858866267&origin=inward,,2026-04-12 18:55:14,Article,10.1038/hdy.2011.84,0018067X,https://api.elsevier.com/content/abstract/scopus_id/84858866267,108,4,,,,1.85,24.0,1,13,,,,84858866267,2-s2.0-84858866267
12,Smolinský R.,Interactive influence of biotic and abiotic cues on the plasticity of preferred body temperatures in a predator-prey system,2012,Oecologia,,https://www.scopus.com/inward/record.uri?partnerID=HzOxMe3b&scp=84865589079&origin=inward,https://www.scopus.com/inward/citedby.uri?partnerID=HzOxMe3b&scp=84865589079&origin=inward,,2026-04-12 18:55:14,Article,10.1007/s00442-012-2283-2,00298549,https://api.elsevier.com/content/abstract/scopus_id/84865589079,170,1,,,,0.92,12.0,1,13,,,,84865589079,2-s2.0-84865589079
36,Jiménez-Cortés J.G.,"The effects of food shortage during larval development on adult body size, body mass, physiology and developmental time in a tropical damselfly",2012,Journal of Insect Physiology,,https://www.scopus.com/inward/record.uri?partnerID=HzOxMe3b&scp=84857789852&origin=inward,https://www.scopus.com/inward/citedby.uri?partnerID=HzOxMe3b&scp=84857789852&origin=inward,,2026-04-12 18:55:14,Article,10.1016/j.jinsphys.2011.11.004,00221910,https://api.elsevier.com/content/abstract/scopus_id/84857789852,58,3,,,,2.77,36.0,1,13,,,,84857789852,2-s2.0-84857789852
22,Seifert L.I.,Linking aquatic and terrestrial food webs - Odonata in boreal systems,2012,Freshwater Biology,,https://www.scopus.com/inward/record.uri?partnerID=HzOxMe3b&scp=84862131658&origin=inward,https://www.scopus.com/inward/citedby.uri?partnerID=HzOxMe3b&scp=84862131658&origin=inward,,2026-04-12 18:55:14,Article,10.1111/j.1365-2427.2012.02807.x,00465070,https://api.elsevier.com/content/abstract/scopus_id/84862131658,57,7,,,,1.69,22.0,1,13,,,,84862131658,2-s2.0-84862131658
14,Lescak E.,Predation of threespine stickleback by dragonfly naiads,2012,Ecology of Freshwater Fish,,https://www.scopus.com/inward/record.uri?partnerID=HzOxMe3b&scp=84865761050&origin=inward,https://www.scopus.com/inward/citedby.uri?partnerID=HzOxMe3b&scp=84865761050&origin=inward,,2026-04-12 18:55:14,Article,10.1111/j.1600-0633.2012.00579.x,09066691,https://api.elsevier.com/content/abstract/scopus_id/84865761050,21,4,,,,1.08,14.0,1,13,,,,84865761050,2-s2.0-84865761050
41,Dunbier J.,Facilitation of dragonfly target-detecting neurons by slow moving features on continuous paths,2012,Frontiers in Neural Circuits,,https://www.scopus.com/inward/record.uri?partnerID=HzOxMe3b&scp=84867616253&origin=inward,https://www.scopus.com/inward/citedby.uri?partnerID=HzOxMe3b&scp=84867616253&origin=inward,,2026-04-12 18:55:14,Article,10.3389/fncir.2012.00079,16625110,https://api.elsevier.com/content/abstract/scopus_id/84867616253,,OCTOBER 2012,,,,3.15,41.0,1,13,,,,84867616253,2-s2.0-84867616253
35,Takahara T.,Inducible defense behavior of an anuran tadpole: Cue-detection range and cue types used against predator,2012,Behavioral Ecology,,https://www.scopus.com/inward/record.uri?partnerID=HzOxMe3b&scp=84862864500&origin=inward,https://www.scopus.com/inward/citedby.uri?partnerID=HzOxMe3b&scp=84862864500&origin=inward,,2026-04-12 18:55:14,Article,10.1093/beheco/ars044,10452249,https://api.elsevier.com/content/abstract/scopus_id/84862864500,23,4,,,,2.69,35.0,1,13,,,,84862864500,2-s2.0-84862864500
6,Kuc R.,Bat wing air pressures may deflect prey structures to provide echo cues for detecting prey in clutter,2012,Journal of the Acoustical Society of America,,https://www.scopus.com/inward/record.uri?partnerID=HzOxMe3b&scp=84866289898&origin=inward,https://www.scopus.com/inward/citedby.uri?partnerID=HzOxMe3b&scp=84866289898&origin=inward,,2026-04-12 18:55:14,Article,10.1121/1.4742752,00014966,https://api.elsevier.com/content/abstract/scopus_id/84866289898,132,3,,,,0.46,6.0,1,13,,,,84866289898,2-s2.0-84866289898
1,Rival D.,A discussion on vortex growth and saturation in dragonfly-inspired flight,2012,Notes on Numerical Fluid Mechanics and Multidisciplinary Design,,https://www.scopus.com/inward/record.uri?partnerID=HzOxMe3b&scp=84858767479&origin=inward,https://www.scopus.com/inward/citedby.uri?partnerID=HzOxMe3b&scp=84858767479&origin=inward,,2026-04-12 18:55:14,Article,10.1007/978-3-642-28302-4_9,16122909,https://api.elsevier.com/content/abstract/scopus_id/84858767479,119,,,,,0.08,1.0,1,13,,,,84858767479,2-s2.0-84858767479
46,Nel A.,Systematics and evolution of paleozoic and mesozoic damselfly-like odonatoptera of the 'protozygopteran' grade,2012,Journal of Paleontology,,https://www.scopus.com/inward/record.uri?partnerID=HzOxMe3b&scp=84855405444&origin=inward,https://www.scopus.com/inward/citedby.uri?partnerID=HzOxMe3b&scp=84855405444&origin=inward,,2026-04-12 18:55:14,Article,10.1666/11-020.1,00223360,https://api.elsevier.com/content/abstract/scopus_id/84855405444,86,1,,,,3.54,46.0,1,13,,,,84855405444,2-s2.0-84855405444
8,González-Tokman D.M.,Effect of juvenile hormone analog in a natural host-parasite system,2012,Evolutionary Ecology,,https://www.scopus.com/inward/record.uri?partnerID=HzOxMe3b&scp=84862000183&origin=inward,https://www.scopus.com/inward/citedby.uri?partnerID=HzOxMe3b&scp=84862000183&origin=inward,,2026-04-12 18:55:14,Article,10.1007/s10682-011-9546-y,02697653,https://api.elsevier.com/content/abstract/scopus_id/84862000183,26,4,,,,0.62,8.0,1,13,,,,84862000183,2-s2.0-84862000183
30,Ren H.,Biomechanical behaviors of dragonfly wing: Relationship between configuration and deformation,2012,Chinese Physics B,,https://www.scopus.com/inward/record.uri?partnerID=HzOxMe3b&scp=84863359211&origin=inward,https://www.scopus.com/inward/citedby.uri?partnerID=HzOxMe3b&scp=84863359211&origin=inward,,2026-04-12 18:55:14,Article,10.1088/1674-1056/21/3/034501,16741056,https://api.elsevier.com/content/abstract/scopus_id/84863359211,21,3,,,,2.31,30.0,1,13,,,,84863359211,2-s2.0-84863359211
4,Ishizawa N.,Oviposition behaviour of Sympetrum frequens (Selys) (Odonata: Libellulidae),2012,International Journal of Odonatology,,https://www.scopus.com/inward/record.uri?partnerID=HzOxMe3b&scp=84862881865&origin=inward,https://www.scopus.com/inward/citedby.uri?partnerID=HzOxMe3b&scp=84862881865&origin=inward,,2026-04-12 18:55:14,Article,10.1080/13887890.2012.661353,13887890,https://api.elsevier.com/content/abstract/scopus_id/84862881865,15,1,,,,0.31,4.0,1,13,,,,84862881865,2-s2.0-84862881865
0,Zinman A.R.,"Design, construction, and testing of a flying prey simulator",2012,ASME 2012 5th Annual Dynamic Systems and Control Conference Joint with the JSME 2012 11th Motion and Vibration Conference Dscc 2012 Movic 2012,,https://www.scopus.com/inward/record.uri?partnerID=HzOxMe3b&scp=84885910116&origin=inward,https://www.scopus.com/inward/citedby.uri?partnerID=HzOxMe3b&scp=84885910116&origin=inward,,2026-04-12 18:55:14,Conference Paper,10.1115/DSCC2012-MOVIC2012-8559,,https://api.elsevier.com/content/abstract/scopus_id/84885910116,3,,,,,0.0,0.0,1,13,,,,84885910116,2-s2.0-84885910116
9,Söndgerath D.,Large spatial scale effects of rising temperatures: Modelling a dragonfly's life cycle and range throughout Europe,2012,Insect Conservation and Diversity,,https://www.scopus.com/inward/record.uri?partnerID=HzOxMe3b&scp=84869868010&origin=inward,https://www.scopus.com/inward/citedby.uri?partnerID=HzOxMe3b&scp=84869868010&origin=inward,,2026-04-12 18:55:14,Article,10.1111/j.1752-4598.2011.00182.x,1752458X,https://api.elsevier.com/content/abstract/scopus_id/84869868010,5,6,,,,0.69,9.0,1,13,,,,84869868010,2-s2.0-84869868010
1,Plotnikova S.,[Olfaction of dragonflies Aeschna grandis].,2012,Zhurnal Evoliutsionno Biokhimii I Fiziologii,,https://www.scopus.com/inward/record.uri?partnerID=HzOxMe3b&scp=84871864967&origin=inward,https://www.scopus.com/inward/citedby.uri?partnerID=HzOxMe3b&scp=84871864967&origin=inward,,2026-04-12 18:55:14,Article,,00444529,https://api.elsevier.com/content/abstract/scopus_id/84871864967,48,5,,,,0.08,1.0,1,13,,,,84871864967,2-s2.0-84871864967
32,Hassall C.,Predicting the distributions of under-recorded Odonata using species distribution models,2012,Insect Conservation and Diversity,,https://www.scopus.com/inward/record.uri?partnerID=HzOxMe3b&scp=84861235718&origin=inward,https://www.scopus.com/inward/citedby.uri?partnerID=HzOxMe3b&scp=84861235718&origin=inward,,2026-04-12 18:55:14,Article,10.1111/j.1752-4598.2011.00150.x,1752458X,https://api.elsevier.com/content/abstract/scopus_id/84861235718,5,3,,,,2.46,32.0,1,13,,,,84861235718,2-s2.0-84861235718
31,Dorazio R.M.,A Gibbs sampler for Bayesian analysis of site-occupancy data,2012,Methods in Ecology and Evolution,,https://www.scopus.com/inward/record.uri?partnerID=HzOxMe3b&scp=84871007470&origin=inward,https://www.scopus.com/inward/citedby.uri?partnerID=HzOxMe3b&scp=84871007470&origin=inward,,2026-04-12 18:55:14,Article,10.1111/j.2041-210X.2012.00237.x,,https://api.elsevier.com/content/abstract/scopus_id/84871007470,3,6,,,,2.38,31.0,1,13,,,,84871007470,2-s2.0-84871007470
13,Samraoui F.,Patterns of resource partitioning by nesting herons and ibis: How are odonata exploited?,2012,Comptes Rendus Biologies,,https://www.scopus.com/inward/record.uri?partnerID=HzOxMe3b&scp=84861093565&origin=inward,https://www.scopus.com/inward/citedby.uri?partnerID=HzOxMe3b&scp=84861093565&origin=inward,,2026-04-12 18:55:14,Article,10.1016/j.crvi.2012.03.009,16310691,https://api.elsevier.com/content/abstract/scopus_id/84861093565,335,4,,,,1.0,13.0,1,13,,,,84861093565,2-s2.0-84861093565
13,Pessacq P.,Checklist and updated distribution of Protoneuridae from Brazil,2012,International Journal of Odonatology,,https://www.scopus.com/inward/record.uri?partnerID=HzOxMe3b&scp=84862853426&origin=inward,https://www.scopus.com/inward/citedby.uri?partnerID=HzOxMe3b&scp=84862853426&origin=inward,,2026-04-12 18:55:14,Article,10.1080/13887890.2012.672158,13887890,https://api.elsevier.com/content/abstract/scopus_id/84862853426,15,2,,,,1.0,13.0,1,13,,,,84862853426,2-s2.0-84862853426
7,Jovanovic N.,Progress and challenges with the Dragonfly instrument; An integrated-photonic pupil-remapping interferometer,2012,Proceedings of SPIE the International Society for Optical Engineering,,https://www.scopus.com/inward/record.uri?partnerID=HzOxMe3b&scp=84873036880&origin=inward,https://www.scopus.com/inward/citedby.uri?partnerID=HzOxMe3b&scp=84873036880&origin=inward,,2026-04-12 18:55:14,Conference Paper,10.1117/12.926012,0277786X,https://api.elsevier.com/content/abstract/scopus_id/84873036880,8445,,,,,0.54,7.0,1,13,,,,84873036880,2-s2.0-84873036880
1,Smith A.J.,"Revision of the genus Prismatospora and description of Prismatospora cloptoni n. sp. (Apicomplexa: Actinocephalidae: Acanthosporinae) from naiads of the green darner, Anax junius (Odonata: Anisoptera: Aeshnidae), in east Texas, U.S.A",2012,Comparative Parasitology,,https://www.scopus.com/inward/record.uri?partnerID=HzOxMe3b&scp=84858983942&origin=inward,https://www.scopus.com/inward/citedby.uri?partnerID=HzOxMe3b&scp=84858983942&origin=inward,,2026-04-12 18:55:14,Article,10.1654/4527.1,15252647,https://api.elsevier.com/content/abstract/scopus_id/84858983942,79,1,,,,0.08,1.0,1,13,,,,84858983942,2-s2.0-84858983942
16,Fraker M.E.,Predator-prey space use and the spatial distribution of predation events,2012,Behaviour,,https://www.scopus.com/inward/record.uri?partnerID=HzOxMe3b&scp=84866646544&origin=inward,https://www.scopus.com/inward/citedby.uri?partnerID=HzOxMe3b&scp=84866646544&origin=inward,,2026-04-12 18:55:14,Article,10.1163/156853912X645087,00057959,https://api.elsevier.com/content/abstract/scopus_id/84866646544,149,5,,,,1.23,16.0,1,13,,,,84866646544,2-s2.0-84866646544
18,Crane A.,Socially facilitated antipredator behavior by ringed salamanders (Ambystoma annulatum),2012,Behavioral Ecology and Sociobiology,,https://www.scopus.com/inward/record.uri?partnerID=HzOxMe3b&scp=84859728575&origin=inward,https://www.scopus.com/inward/citedby.uri?partnerID=HzOxMe3b&scp=84859728575&origin=inward,,2026-04-12 18:55:14,Article,10.1007/s00265-012-1329-0,03405443,https://api.elsevier.com/content/abstract/scopus_id/84859728575,66,5,,,,1.38,18.0,1,13,,,,84859728575,2-s2.0-84859728575
4,Li Y.J.,Reassessment of the Jurassic damsel-dragonfly genus Karatawia (Odonata: Campterophlebiidae),2012,Zootaxa,,https://www.scopus.com/inward/record.uri?partnerID=HzOxMe3b&scp=84865013945&origin=inward,https://www.scopus.com/inward/citedby.uri?partnerID=HzOxMe3b&scp=84865013945&origin=inward,,2026-04-12 18:55:14,Article,10.11646/zootaxa.3417.1.4,11755326,https://api.elsevier.com/content/abstract/scopus_id/84865013945,,3417,,,,0.31,4.0,1,13,,,,84865013945,2-s2.0-84865013945
0,Satou Y.,Development of supporting system for nature observation and investigation activities around users using smartphones,2012,Proceedings of the 20th International Conference on Computers in Education Icce 2012,,https://www.scopus.com/inward/record.uri?partnerID=HzOxMe3b&scp=84896352088&origin=inward,https://www.scopus.com/inward/citedby.uri?partnerID=HzOxMe3b&scp=84896352088&origin=inward,,2026-04-12 18:55:14,Conference Paper,,,https://api.elsevier.com/content/abstract/scopus_id/84896352088,,,,,,0.0,0.0,1,13,,,,84896352088,2-s2.0-84896352088
16,Khelifa R.,"Clutch size and egg production in orthetrum nitidinerve selys, 1841 (anisoptera: Libellulidae): Effect of body size and age",2012,International Journal of Odonatology,,https://www.scopus.com/inward/record.uri?partnerID=HzOxMe3b&scp=84862902419&origin=inward,https://www.scopus.com/inward/citedby.uri?partnerID=HzOxMe3b&scp=84862902419&origin=inward,,2026-04-12 18:55:14,Article,10.1080/13887890.2012.682921,13887890,https://api.elsevier.com/content/abstract/scopus_id/84862902419,15,2,,,,1.23,16.0,1,13,,,,84862902419,2-s2.0-84862902419
23,Kraemer L.,Uranium bioaccumulation in a freshwater ecosystem: Impact of feeding ecology,2012,Aquatic Toxicology,,https://www.scopus.com/inward/record.uri?partnerID=HzOxMe3b&scp=84865830333&origin=inward,https://www.scopus.com/inward/citedby.uri?partnerID=HzOxMe3b&scp=84865830333&origin=inward,,2026-04-12 18:55:14,Article,10.1016/j.aquatox.2012.08.012,0166445X,https://api.elsevier.com/content/abstract/scopus_id/84865830333,124-125,,,,,1.77,23.0,1,13,,,,84865830333,2-s2.0-84865830333
23,von Ellenrieder N.,The levis group of Orthemis revisited: A synopsis including a synonymy and description of six new species of Orthemis from South America (Odonata: Libellulidae),2012,International Journal of Odonatology,,https://www.scopus.com/inward/record.uri?partnerID=HzOxMe3b&scp=84874219594&origin=inward,https://www.scopus.com/inward/citedby.uri?partnerID=HzOxMe3b&scp=84874219594&origin=inward,,2026-04-12 18:55:14,Article,10.1080/13887890.2012.688186,13887890,https://api.elsevier.com/content/abstract/scopus_id/84874219594,15,3,,,,1.77,23.0,1,13,,,,84874219594,2-s2.0-84874219594
5,Fuentes P.,Comparison study of scalable and cost-effective interconnection networks for HPC,2012,Proceedings of the International Conference on Parallel Processing Workshops,,https://www.scopus.com/inward/record.uri?partnerID=HzOxMe3b&scp=84871149155&origin=inward,https://www.scopus.com/inward/citedby.uri?partnerID=HzOxMe3b&scp=84871149155&origin=inward,,2026-04-12 18:55:14,Conference Paper,10.1109/ICPPW.2012.85,15302016,https://api.elsevier.com/content/abstract/scopus_id/84871149155,,,,,,0.38,5.0,1,13,,,,84871149155,2-s2.0-84871149155
10,Zaugg E.,Experimental results of repeat-pass SAR employing a visual pilot guidance system,2012,IEEE National Radar Conference Proceedings,,https://www.scopus.com/inward/record.uri?partnerID=HzOxMe3b&scp=84864232076&origin=inward,https://www.scopus.com/inward/citedby.uri?partnerID=HzOxMe3b&scp=84864232076&origin=inward,,2026-04-12 18:55:14,Conference Paper,10.1109/RADAR.2012.6212216,10975659,https://api.elsevier.com/content/abstract/scopus_id/84864232076,,,,,,0.77,10.0,1,13,,,,84864232076,2-s2.0-84864232076
17,Ramos O.,Non-interactive multiple predator effects on tadpole survival,2012,Oecologia,,https://www.scopus.com/inward/record.uri?partnerID=HzOxMe3b&scp=84861197355&origin=inward,https://www.scopus.com/inward/citedby.uri?partnerID=HzOxMe3b&scp=84861197355&origin=inward,,2026-04-12 18:55:14,Article,10.1007/s00442-011-2208-5,00298549,https://api.elsevier.com/content/abstract/scopus_id/84861197355,169,2,,,,1.31,17.0,1,13,,,,84861197355,2-s2.0-84861197355
8,Ohba S.y.,"Effect of loach consumption on the reproduction of giant water bug Kirkaldyia deyrolli: Dietary selection, reproductive performance, and nutritional evaluation",2012,Journal of Insect Conservation,,https://www.scopus.com/inward/record.uri?partnerID=HzOxMe3b&scp=84869128960&origin=inward,https://www.scopus.com/inward/citedby.uri?partnerID=HzOxMe3b&scp=84869128960&origin=inward,,2026-04-12 18:55:14,Article,10.1007/s10841-012-9469-0,1366638X,https://api.elsevier.com/content/abstract/scopus_id/84869128960,16,6,,,,0.62,8.0,1,13,,,,84869128960,2-s2.0-84869128960
7,Kosterina O.E.,"Burmagomphus asahinai sp. nov., a new species from Cambodia and Thailand, with a description of the male of B. Gratiosus Chao, 1954",2012,International Journal of Odonatology,,https://www.scopus.com/inward/record.uri?partnerID=HzOxMe3b&scp=84874202391&origin=inward,https://www.scopus.com/inward/citedby.uri?partnerID=HzOxMe3b&scp=84874202391&origin=inward,,2026-04-12 18:55:14,Article,10.1080/13887890.2012.733912,13887890,https://api.elsevier.com/content/abstract/scopus_id/84874202391,15,4,,,,0.54,7.0,1,13,,,,84874202391,2-s2.0-84874202391
10,Md Rawi C.S.,Effects of herbicides on Odonata communities in a rice agroecosystem,2012,Toxicological and Environmental Chemistry,,https://www.scopus.com/inward/record.uri?partnerID=HzOxMe3b&scp=84863336298&origin=inward,https://www.scopus.com/inward/citedby.uri?partnerID=HzOxMe3b&scp=84863336298&origin=inward,,2026-04-12 18:55:14,Article,10.1080/02772248.2012.689837,02772248,https://api.elsevier.com/content/abstract/scopus_id/84863336298,94,6,,,,0.77,10.0,1,13,,,,84863336298,2-s2.0-84863336298
2,Zeyghami S.,A body reorientation strategy in insect takeoff flight,2012,50th AIAA Aerospace Sciences Meeting Including the New Horizons Forum and Aerospace Exposition,,https://www.scopus.com/inward/record.uri?partnerID=HzOxMe3b&scp=84871858563&origin=inward,https://www.scopus.com/inward/citedby.uri?partnerID=HzOxMe3b&scp=84871858563&origin=inward,,2026-04-12 18:55:14,Conference Paper,10.2514/6.2012-25,,https://api.elsevier.com/content/abstract/scopus_id/84871858563,,,,,,0.15,2.0,1,13,,,,84871858563,2-s2.0-84871858563
2,Guan Z.,"Archineura incarnata (karsch, 1892) and atrocalopteryx melli (ris, 1912) in southern china (odonata: Calopterygidae)",2012,International Journal of Odonatology,,https://www.scopus.com/inward/record.uri?partnerID=HzOxMe3b&scp=84874210029&origin=inward,https://www.scopus.com/inward/citedby.uri?partnerID=HzOxMe3b&scp=84874210029&origin=inward,,2026-04-12 18:55:14,Article,10.1080/13887890.2012.714347,13887890,https://api.elsevier.com/content/abstract/scopus_id/84874210029,15,3,,,,0.15,2.0,1,13,,,,84874210029,2-s2.0-84874210029
2,Machado A.B.M.,"On the generic status of schizocordulia machado, 2005 (anisoptera: Corduliidae)",2012,Odonatologica,,https://www.scopus.com/inward/record.uri?partnerID=HzOxMe3b&scp=84857827459&origin=inward,https://www.scopus.com/inward/citedby.uri?partnerID=HzOxMe3b&scp=84857827459&origin=inward,,2026-04-12 18:55:14,Article,,03750183,https://api.elsevier.com/content/abstract/scopus_id/84857827459,41,1,,,,0.15,2.0,1,13,,,,84857827459,2-s2.0-84857827459
1,Takahara T.,Predator-specific inducible morphological changes in two Japanese anuran tadpoles,2012,Herpetology Notes,,https://www.scopus.com/inward/record.uri?partnerID=HzOxMe3b&scp=84876339122&origin=inward,https://www.scopus.com/inward/citedby.uri?partnerID=HzOxMe3b&scp=84876339122&origin=inward,,2026-04-12 18:55:14,Article,,20715773,https://api.elsevier.com/content/abstract/scopus_id/84876339122,5,,,,,0.08,1.0,1,13,,,,84876339122,2-s2.0-84876339122
0,Di T.,Laser bionic strengthening local grid of mould surface,2012,Applied Mechanics and Materials,,https://www.scopus.com/inward/record.uri?partnerID=HzOxMe3b&scp=80054035553&origin=inward,https://www.scopus.com/inward/citedby.uri?partnerID=HzOxMe3b&scp=80054035553&origin=inward,,2026-04-12 18:55:14,Conference Paper,10.4028/www.scientific.net/AMM.101-102.893,16609336,https://api.elsevier.com/content/abstract/scopus_id/80054035553,101-102,,,,,0.0,0.0,1,13,,,,80054035553,2-s2.0-80054035553
128,Relyea R.A.,New effects of Roundup on amphibians: Predators reduce herbicide mortality; Herbicides induce antipredator morphology,2012,Ecological Applications,,https://www.scopus.com/inward/record.uri?partnerID=HzOxMe3b&scp=84859522752&origin=inward,https://www.scopus.com/inward/citedby.uri?partnerID=HzOxMe3b&scp=84859522752&origin=inward,,2026-04-12 18:55:14,Article,10.1890/11-0189.1,10510761,https://api.elsevier.com/content/abstract/scopus_id/84859522752,22,2,,,,9.85,128.0,1,13,,,,84859522752,2-s2.0-84859522752
10,Fleck G.,"A new species of the genus Aeschnosoma selys, 1870 (Odonata: Anisoptera: Corduliidae s.s.)",2012,Zootaxa,,https://www.scopus.com/inward/record.uri?partnerID=HzOxMe3b&scp=84855890482&origin=inward,https://www.scopus.com/inward/citedby.uri?partnerID=HzOxMe3b&scp=84855890482&origin=inward,,2026-04-12 18:55:14,Article,10.11646/zootaxa.3159.1.3,11755326,https://api.elsevier.com/content/abstract/scopus_id/84855890482,,3159,,,,0.77,10.0,1,13,,,,84855890482,2-s2.0-84855890482
3,Fleck G.,"The true larva and the female of Aeschnosoma marizae Santos, 1981 (Odonata: Anisoptera: Corduliidae s.s.)",2012,Zootaxa,,https://www.scopus.com/inward/record.uri?partnerID=HzOxMe3b&scp=84866498948&origin=inward,https://www.scopus.com/inward/citedby.uri?partnerID=HzOxMe3b&scp=84866498948&origin=inward,,2026-04-12 18:55:14,Article,10.11646/zootaxa.3488.1.4,11755326,https://api.elsevier.com/content/abstract/scopus_id/84866498948,,3488,,,,0.23,3.0,1,13,,,,84866498948,2-s2.0-84866498948
28,Ratti J.,"Inventing a biologically inspired, energy efficient micro aerial vehicle",2012,Journal of Intelligent and Robotic Systems Theory and Applications,,https://www.scopus.com/inward/record.uri?partnerID=HzOxMe3b&scp=84855449291&origin=inward,https://www.scopus.com/inward/citedby.uri?partnerID=HzOxMe3b&scp=84855449291&origin=inward,,2026-04-12 18:55:14,Article,10.1007/s10846-011-9615-z,09210296,https://api.elsevier.com/content/abstract/scopus_id/84855449291,65,1-4,,,,2.15,28.0,1,13,,,,84855449291,2-s2.0-84855449291
0,Yu X.,"Chinese damselflies of the genus Coenagrion (zygoptera: Coenagrionidae) (Zootaxa, (2011) 2808, (31-40))",2012,Zootaxa,,https://www.scopus.com/inward/record.uri?partnerID=HzOxMe3b&scp=84889803355&origin=inward,https://www.scopus.com/inward/citedby.uri?partnerID=HzOxMe3b&scp=84889803355&origin=inward,,2026-04-12 18:55:14,Erratum,10.11646/zootaxa.3152.1.4,11755326,https://api.elsevier.com/content/abstract/scopus_id/84889803355,,3152,,,,0.0,0.0,1,13,,,,84889803355,2-s2.0-84889803355
2,Choi C.,Migrating dragonflies: Famine relief for resident Peregrine Falcons Falco peregrinus on islands,2012,Forktail,,https://www.scopus.com/inward/record.uri?partnerID=HzOxMe3b&scp=84869151096&origin=inward,https://www.scopus.com/inward/citedby.uri?partnerID=HzOxMe3b&scp=84869151096&origin=inward,,2026-04-12 18:55:14,Note,,09501746,https://api.elsevier.com/content/abstract/scopus_id/84869151096,,28,,,,0.15,2.0,1,13,,,,84869151096,2-s2.0-84869151096
30,Wesner J.S.,Predator diversity effects cascade across an ecosystem boundary,2012,Oikos,,https://www.scopus.com/inward/record.uri?partnerID=HzOxMe3b&scp=84355163089&origin=inward,https://www.scopus.com/inward/citedby.uri?partnerID=HzOxMe3b&scp=84355163089&origin=inward,,2026-04-12 18:55:14,Article,10.1111/j.1600-0706.2011.19413.x,00301299,https://api.elsevier.com/content/abstract/scopus_id/84355163089,121,1,,,,2.31,30.0,1,13,,,,84355163089,2-s2.0-84355163089
8,Falico D.,"Opportunistic predation upon dragonflies by Pseudis limellum and Pseudis paradoxa (Anura: Hylidae) in the Gran Chaco region, Argentina",2012,Herpetology Notes,,https://www.scopus.com/inward/record.uri?partnerID=HzOxMe3b&scp=84876318760&origin=inward,https://www.scopus.com/inward/citedby.uri?partnerID=HzOxMe3b&scp=84876318760&origin=inward,,2026-04-12 18:55:14,Article,,20715773,https://api.elsevier.com/content/abstract/scopus_id/84876318760,5,,,,,0.62,8.0,1,13,,,,84876318760,2-s2.0-84876318760
0,Perrin V.,Dragonflies,2012,British Wildlife,,https://www.scopus.com/inward/record.uri?partnerID=HzOxMe3b&scp=84868035618&origin=inward,https://www.scopus.com/inward/citedby.uri?partnerID=HzOxMe3b&scp=84868035618&origin=inward,,2026-04-12 18:55:14,Note,,09580956,https://api.elsevier.com/content/abstract/scopus_id/84868035618,24,1,,,,0.0,0.0,1,13,,,,84868035618,2-s2.0-84868035618
6,Machado A.,"A new species of Ischnura (Odonata: Coenagrionidae) from high altitude Eastern Andes, of Colombia",2012,Zoologia,,https://www.scopus.com/inward/record.uri?partnerID=HzOxMe3b&scp=84873823670&origin=inward,https://www.scopus.com/inward/citedby.uri?partnerID=HzOxMe3b&scp=84873823670&origin=inward,,2026-04-12 18:55:14,Article,10.1590/S1984-46702012000600011,19844670,https://api.elsevier.com/content/abstract/scopus_id/84873823670,29,6,,,,0.46,6.0,1,13,,,,84873823670,2-s2.0-84873823670
0,Machado A.,"Carajathemis simone, new genus and species from Brazil (Odonata: Libellulidae)",2012,Anais Da Academia Brasileira De Ciencias,,https://www.scopus.com/inward/record.uri?partnerID=HzOxMe3b&scp=84870877716&origin=inward,https://www.scopus.com/inward/citedby.uri?partnerID=HzOxMe3b&scp=84870877716&origin=inward,,2026-04-12 18:55:14,Article,10.1590/S0001-37652012000400018,00013765,https://api.elsevier.com/content/abstract/scopus_id/84870877716,84,4,,,,0.0,0.0,1,13,,,,84870877716,2-s2.0-84870877716
7,Pinto A.,"Taxonomic and distributional notes on Telebasis Selys, 1865, with a redescription of T. pallida Machado, 2010, and an evaluation of the T. racenisi Bick & Bick, 1995 ""complex"" of species (Odonata, Coenagrionidae)",2012,Deutsche Entomologische Zeitschrift,,https://www.scopus.com/inward/record.uri?partnerID=HzOxMe3b&scp=84870782100&origin=inward,https://www.scopus.com/inward/citedby.uri?partnerID=HzOxMe3b&scp=84870782100&origin=inward,,2026-04-12 18:55:14,Article,10.1002/mmnd.201200014,14351951,https://api.elsevier.com/content/abstract/scopus_id/84870782100,59,2,,,,0.54,7.0,1,13,,,,84870782100,2-s2.0-84870782100
0,Liu B.,User privacy exposure in P2P file-sharing networks,2012,Qinghua Daxue Xuebao Journal of Tsinghua University,,https://www.scopus.com/inward/record.uri?partnerID=HzOxMe3b&scp=84871168574&origin=inward,https://www.scopus.com/inward/citedby.uri?partnerID=HzOxMe3b&scp=84871168574&origin=inward,,2026-04-12 18:55:14,Article,,10000054,https://api.elsevier.com/content/abstract/scopus_id/84871168574,52,10,,,,0.0,0.0,1,13,,,,84871168574,2-s2.0-84871168574
18,Kin A.,Polish solnhofen,2012,Przeglad Geologiczny,,https://www.scopus.com/inward/record.uri?partnerID=HzOxMe3b&scp=84866684856&origin=inward,https://www.scopus.com/inward/citedby.uri?partnerID=HzOxMe3b&scp=84866684856&origin=inward,,2026-04-12 18:55:14,Review,,00332151,https://api.elsevier.com/content/abstract/scopus_id/84866684856,60,7,,,,1.38,18.0,1,13,,,,84866684856,2-s2.0-84866684856
11,Ranó I.,An optimal control strategy for two-dimensional motion camouflage with non-holonimic constraints,2012,Biological Cybernetics,,https://www.scopus.com/inward/record.uri?partnerID=HzOxMe3b&scp=84864566513&origin=inward,https://www.scopus.com/inward/citedby.uri?partnerID=HzOxMe3b&scp=84864566513&origin=inward,,2026-04-12 18:55:14,Article,10.1007/s00422-012-0493-7,03401200,https://api.elsevier.com/content/abstract/scopus_id/84864566513,106,4-5,,,,0.85,11.0,1,13,,,,84864566513,2-s2.0-84864566513
44,Park H.,Kinematic control of aerodynamic forces on an inclined flapping wing with asymmetric strokes,2012,Bioinspiration and Biomimetics,,https://www.scopus.com/inward/record.uri?partnerID=HzOxMe3b&scp=84857534596&origin=inward,https://www.scopus.com/inward/citedby.uri?partnerID=HzOxMe3b&scp=84857534596&origin=inward,,2026-04-12 18:55:14,Article,10.1088/1748-3182/7/1/016008,17483182,https://api.elsevier.com/content/abstract/scopus_id/84857534596,7,1,,,,3.38,44.0,1,13,,,,84857534596,2-s2.0-84857534596
4,Wong K.C.,"Description of the final stadium larvae of Polycanthagyna ornithocephala (McLachlan, 1896) from Taiwan, with a key to the known larvae of the genus (Odonata: Anisoptera: Aeshnidae)",2012,Zootaxa,,https://www.scopus.com/inward/record.uri?partnerID=HzOxMe3b&scp=84858677301&origin=inward,https://www.scopus.com/inward/citedby.uri?partnerID=HzOxMe3b&scp=84858677301&origin=inward,,2026-04-12 18:55:14,Article,10.11646/zootaxa.3238.1.6,11755326,https://api.elsevier.com/content/abstract/scopus_id/84858677301,,3238,,,,0.31,4.0,1,13,,,,84858677301,2-s2.0-84858677301
16,Cothran R.D.,"""Cryptic"" direct benefits of mate choice: Choosy females experience reduced predation risk while in precopula",2012,Behavioral Ecology and Sociobiology,,https://www.scopus.com/inward/record.uri?partnerID=HzOxMe3b&scp=84861229455&origin=inward,https://www.scopus.com/inward/citedby.uri?partnerID=HzOxMe3b&scp=84861229455&origin=inward,,2026-04-12 18:55:14,Article,10.1007/s00265-012-1339-y,03405443,https://api.elsevier.com/content/abstract/scopus_id/84861229455,66,6,,,,1.23,16.0,1,13,,,,84861229455,2-s2.0-84861229455
7,Fleck G.,"The larva of the genus paracordulia martin, 1907 (Odonata: Corduliidae s.s.) and a generic key to the larvae of corduliidae s.l. occuring in South America",2012,Zootaxa,,https://www.scopus.com/inward/record.uri?partnerID=HzOxMe3b&scp=84864664247&origin=inward,https://www.scopus.com/inward/citedby.uri?partnerID=HzOxMe3b&scp=84864664247&origin=inward,,2026-04-12 18:55:14,Article,10.11646/zootaxa.3412.1.4,11755326,https://api.elsevier.com/content/abstract/scopus_id/84864664247,,3412,,,,0.54,7.0,1,13,,,,84864664247,2-s2.0-84864664247
5,Trapero-Quintana A.,Morphofunctional groups of odonata larvae in three freshwater ecosystems from eastern Cuba,2012,Odonatologica,,https://www.scopus.com/inward/record.uri?partnerID=HzOxMe3b&scp=84862223176&origin=inward,https://www.scopus.com/inward/citedby.uri?partnerID=HzOxMe3b&scp=84862223176&origin=inward,,2026-04-12 18:55:14,Article,,03750183,https://api.elsevier.com/content/abstract/scopus_id/84862223176,41,2,,,,0.38,5.0,1,13,,,,84862223176,2-s2.0-84862223176
1,Brinesh R.,"Studies on the life-cycle of Ganeo tigrinus Mehra & Negi, 1928 (Digenea)",2012,Systematic Parasitology,,https://www.scopus.com/inward/record.uri?partnerID=HzOxMe3b&scp=84859572175&origin=inward,https://www.scopus.com/inward/citedby.uri?partnerID=HzOxMe3b&scp=84859572175&origin=inward,,2026-04-12 18:55:14,Article,10.1007/s11230-011-9337-4,01655752,https://api.elsevier.com/content/abstract/scopus_id/84859572175,82,1,,,,0.08,1.0,1,13,,,,84859572175,2-s2.0-84859572175
7,Wohlfahrt B.,Predation and habitat isolation influence the community composition-area relationship in dytiscid beetles (Coleoptera: Dytiscidae),2012,Community Ecology,,https://www.scopus.com/inward/record.uri?partnerID=HzOxMe3b&scp=84862123091&origin=inward,https://www.scopus.com/inward/citedby.uri?partnerID=HzOxMe3b&scp=84862123091&origin=inward,,2026-04-12 18:55:14,Article,10.1556/ComEc.13.2012.1.1,15858553,https://api.elsevier.com/content/abstract/scopus_id/84862123091,13,1,,,,0.54,7.0,1,13,,,,84862123091,2-s2.0-84862123091
18,Palatov D.,The rheophilic fauna and invertebrate communities of the tundra zone: A case study of the Southern Yamal,2012,Inland Water Biology,,https://www.scopus.com/inward/record.uri?partnerID=HzOxMe3b&scp=84859058996&origin=inward,https://www.scopus.com/inward/citedby.uri?partnerID=HzOxMe3b&scp=84859058996&origin=inward,,2026-04-12 18:55:14,Article,10.1134/S1995082912010117,19950829,https://api.elsevier.com/content/abstract/scopus_id/84859058996,5,1,,,,1.38,18.0,1,13,,,,84859058996,2-s2.0-84859058996
3,Jain N.,Collectives on two-tier direct networks,2012,Lecture Notes in Computer Science Including Subseries Lecture Notes in Artificial Intelligence and Lecture Notes in Bioinformatics,,https://www.scopus.com/inward/record.uri?partnerID=HzOxMe3b&scp=84867641591&origin=inward,https://www.scopus.com/inward/citedby.uri?partnerID=HzOxMe3b&scp=84867641591&origin=inward,,2026-04-12 18:55:14,Conference Paper,10.1007/978-3-642-33518-1_12,03029743,https://api.elsevier.com/content/abstract/scopus_id/84867641591,7490 LNCS,,,,,0.23,3.0,1,13,,,,84867641591,2-s2.0-84867641591
140,Cui J.,"Synthetically simple, highly resilient hydrogels",2012,Biomacromolecules,,https://www.scopus.com/inward/record.uri?partnerID=HzOxMe3b&scp=84858111222&origin=inward,https://www.scopus.com/inward/citedby.uri?partnerID=HzOxMe3b&scp=84858111222&origin=inward,,2026-04-12 18:55:14,Article,10.1021/bm300015s,15257797,https://api.elsevier.com/content/abstract/scopus_id/84858111222,13,3,,,,10.77,140.0,1,13,,,,84858111222,2-s2.0-84858111222
1,Córdoba-Aguilar A.,No firm evidence of immunological costs of insect oviposition and copulation: A test with dragonflies (zygoptera),2012,Odonatologica,,https://www.scopus.com/inward/record.uri?partnerID=HzOxMe3b&scp=84857839403&origin=inward,https://www.scopus.com/inward/citedby.uri?partnerID=HzOxMe3b&scp=84857839403&origin=inward,,2026-04-12 18:55:14,Review,,03750183,https://api.elsevier.com/content/abstract/scopus_id/84857839403,41,1,,,,0.08,1.0,1,13,,,,84857839403,2-s2.0-84857839403
18,Shi S.X.,An experimental study of flow around a bio-inspired airfoil at Reynolds number 2.0×10 3,2012,Journal of Hydrodynamics,,https://www.scopus.com/inward/record.uri?partnerID=HzOxMe3b&scp=84863523202&origin=inward,https://www.scopus.com/inward/citedby.uri?partnerID=HzOxMe3b&scp=84863523202&origin=inward,,2026-04-12 18:55:14,Article,10.1016/S1001-6058(11)60262-X,10016058,https://api.elsevier.com/content/abstract/scopus_id/84863523202,24,3,,,,1.38,18.0,1,13,,,,84863523202,2-s2.0-84863523202
28,Gonzalez-Bellido P.,Labeling and confocal imaging of neurons in thick invertebrate tissue samples,2012,Cold Spring Harbor Protocols,,https://www.scopus.com/inward/record.uri?partnerID=HzOxMe3b&scp=84865987667&origin=inward,https://www.scopus.com/inward/citedby.uri?partnerID=HzOxMe3b&scp=84865987667&origin=inward,,2026-04-12 18:55:14,Article,10.1101/pdb.prot069625,19403402,https://api.elsevier.com/content/abstract/scopus_id/84865987667,7,9,,,,2.15,28.0,1,13,,,,84865987667,2-s2.0-84865987667
2,Richman D.B.,"Life on a high isolated mountain: The Arthropod Fauna of Mt. Taylor, Cibola County, New Mexico",2012,Zoological Studies,,https://www.scopus.com/inward/record.uri?partnerID=HzOxMe3b&scp=84868569870&origin=inward,https://www.scopus.com/inward/citedby.uri?partnerID=HzOxMe3b&scp=84868569870&origin=inward,,2026-04-12 18:55:14,Article,,10215506,https://api.elsevier.com/content/abstract/scopus_id/84868569870,51,6,,,,0.15,2.0,1,13,,,,84868569870,2-s2.0-84868569870
7,Takahashi Y.,Ontogenetic colour change in females as a function of antiharassment strategy,2012,Animal Behaviour,,https://www.scopus.com/inward/record.uri?partnerID=HzOxMe3b&scp=84865362556&origin=inward,https://www.scopus.com/inward/citedby.uri?partnerID=HzOxMe3b&scp=84865362556&origin=inward,,2026-04-12 18:55:14,Article,10.1016/j.anbehav.2012.06.025,00033472,https://api.elsevier.com/content/abstract/scopus_id/84865362556,84,3,,,,0.54,7.0,1,13,,,,84865362556,2-s2.0-84865362556
53,Hettyey A.,Visual cues contribute to predator detection in anuran larvae,2012,Biological Journal of the Linnean Society,,https://www.scopus.com/inward/record.uri?partnerID=HzOxMe3b&scp=84863733864&origin=inward,https://www.scopus.com/inward/citedby.uri?partnerID=HzOxMe3b&scp=84863733864&origin=inward,,2026-04-12 18:55:14,Article,10.1111/j.1095-8312.2012.01923.x,00244066,https://api.elsevier.com/content/abstract/scopus_id/84863733864,106,4,,,,4.08,53.0,1,13,,,,84863733864,2-s2.0-84863733864
26,Vandekerkhove J.,Predation by macroinvertebrates on Heterocypris incongruens (Ostracoda) in temporary ponds: Impacts and responses,2012,Fundamental and Applied Limnology,,https://www.scopus.com/inward/record.uri?partnerID=HzOxMe3b&scp=84870528954&origin=inward,https://www.scopus.com/inward/citedby.uri?partnerID=HzOxMe3b&scp=84870528954&origin=inward,,2026-04-12 18:55:14,Article,10.1127/1863-9135/2012/0310,18639135,https://api.elsevier.com/content/abstract/scopus_id/84870528954,181,1,,,,2.0,26.0,1,13,,,,84870528954,2-s2.0-84870528954
1,Andrew R.,Effect of paper mill effluent on the egg chorion of the dragonfly anax guttatus (burmeister) (anisoptera: Aeshnidae),2012,Odonatologica,,https://www.scopus.com/inward/record.uri?partnerID=HzOxMe3b&scp=84857832759&origin=inward,https://www.scopus.com/inward/citedby.uri?partnerID=HzOxMe3b&scp=84857832759&origin=inward,,2026-04-12 18:55:14,Article,,03750183,https://api.elsevier.com/content/abstract/scopus_id/84857832759,41,1,,,,0.08,1.0,1,13,,,,84857832759,2-s2.0-84857832759
7,Adrian T.Q.,Description of the final stadium larva of Erythrodiplax bromeliicola Westfall 2000 (Odonata: Libellulidae) with notes on variation in adults from Cuba,2012,Zootaxa,,https://www.scopus.com/inward/record.uri?partnerID=HzOxMe3b&scp=84869018416&origin=inward,https://www.scopus.com/inward/citedby.uri?partnerID=HzOxMe3b&scp=84869018416&origin=inward,,2026-04-12 18:55:14,Article,,11755326,https://api.elsevier.com/content/abstract/scopus_id/84869018416,,3545,,,,0.54,7.0,1,13,,,,84869018416,2-s2.0-84869018416
21,Zhang Z.,"Mercury bioaccumulation and prediction in terrestrial insects from soil in Huludao City, Northeast China",2012,Bulletin of Environmental Contamination and Toxicology,,https://www.scopus.com/inward/record.uri?partnerID=HzOxMe3b&scp=84864587286&origin=inward,https://www.scopus.com/inward/citedby.uri?partnerID=HzOxMe3b&scp=84864587286&origin=inward,,2026-04-12 18:55:14,Article,10.1007/s00128-012-0649-0,00074861,https://api.elsevier.com/content/abstract/scopus_id/84864587286,89,1,,,,1.62,21.0,1,13,,,,84864587286,2-s2.0-84864587286
4,Black S.H.,Insect conservation and the endangered species act: A history,2012,Insect Conservation Past Present and Prospects,,https://www.scopus.com/inward/record.uri?partnerID=HzOxMe3b&scp=84883638501&origin=inward,https://www.scopus.com/inward/citedby.uri?partnerID=HzOxMe3b&scp=84883638501&origin=inward,,2026-04-12 18:55:14,Book Chapter,10.1007/978-94-007-2963-6_8,,https://api.elsevier.com/content/abstract/scopus_id/84883638501,9789400729636,,,,,0.31,4.0,1,13,,,,84883638501,2-s2.0-84883638501
26,Haislip N.A.,Natural stressors and disease risk: Does the threat of predation increase amphibian susceptibility to ranavirus?,2012,Canadian Journal of Zoology,,https://www.scopus.com/inward/record.uri?partnerID=HzOxMe3b&scp=84863225984&origin=inward,https://www.scopus.com/inward/citedby.uri?partnerID=HzOxMe3b&scp=84863225984&origin=inward,,2026-04-12 18:55:14,Article,10.1139/Z2012-060,00084301,https://api.elsevier.com/content/abstract/scopus_id/84863225984,90,7,,,,2.0,26.0,1,13,,,,84863225984,2-s2.0-84863225984
13,Fleck G.,Preliminary notes on the genus aeschnosoma selys 1870 (Odonata: Anisoptera: Corduliidae s. str.),2012,Annales De La Societe Entomologique De France,,https://www.scopus.com/inward/record.uri?partnerID=HzOxMe3b&scp=84865729991&origin=inward,https://www.scopus.com/inward/citedby.uri?partnerID=HzOxMe3b&scp=84865729991&origin=inward,,2026-04-12 18:55:14,Article,10.1080/00379271.2012.10697766,00379271,https://api.elsevier.com/content/abstract/scopus_id/84865729991,48,1-2,,,,1.0,13.0,1,13,,,,84865729991,2-s2.0-84865729991
4,Watanabe M.,Oviposition behaviour in the dragonfly sympetruminfuscatum (selys) mistaking dried-up rice paddy fields as suitable oviposition sites (anisoptera: Libellulidae),2012,Odonatologica,,https://www.scopus.com/inward/record.uri?partnerID=HzOxMe3b&scp=84862159850&origin=inward,https://www.scopus.com/inward/citedby.uri?partnerID=HzOxMe3b&scp=84862159850&origin=inward,,2026-04-12 18:55:14,Article,,03750183,https://api.elsevier.com/content/abstract/scopus_id/84862159850,41,2,,,,0.31,4.0,1,13,,,,84862159850,2-s2.0-84862159850
102,Nishiyama Y.,Miura folding: Applying origami to space exploration,2012,International Journal of Pure and Applied Mathematics,,https://www.scopus.com/inward/record.uri?partnerID=HzOxMe3b&scp=84866534261&origin=inward,https://www.scopus.com/inward/citedby.uri?partnerID=HzOxMe3b&scp=84866534261&origin=inward,,2026-04-12 18:55:14,Article,,13118080,https://api.elsevier.com/content/abstract/scopus_id/84866534261,79,2,,,,7.85,102.0,1,13,,,,84866534261,2-s2.0-84866534261
6,Fleck G.,"The larva of Dicterias Selys, 1853 (Odonata: Heliocharitidae [= Dicteriadidae]), and taxonomic and phylogenetic notes on Heliocharitidae",2012,Zootaxa,,https://www.scopus.com/inward/record.uri?partnerID=HzOxMe3b&scp=84856035004&origin=inward,https://www.scopus.com/inward/citedby.uri?partnerID=HzOxMe3b&scp=84856035004&origin=inward,,2026-04-12 18:55:14,Article,10.11646/zootaxa.3164.1.3,11755326,https://api.elsevier.com/content/abstract/scopus_id/84856035004,,3164,,,,0.46,6.0,1,13,,,,84856035004,2-s2.0-84856035004
5,De Block M.,Phosphoglucose isomerase genotype effects on life history depend on latitude and food stress,2012,Functional Ecology,,https://www.scopus.com/inward/record.uri?partnerID=HzOxMe3b&scp=84866911576&origin=inward,https://www.scopus.com/inward/citedby.uri?partnerID=HzOxMe3b&scp=84866911576&origin=inward,,2026-04-12 18:55:14,Article,10.1111/j.1365-2435.2012.02015.x,02698463,https://api.elsevier.com/content/abstract/scopus_id/84866911576,26,5,,,,0.38,5.0,1,13,,,,84866911576,2-s2.0-84866911576
2,Marinov M.,"Odonata from the kingdom of tonga, with a description of pseudagrion microcephalumstainbergerorum ssp. nov. (zygoptera: Coenagrionidae)",2012,Odonatologica,,https://www.scopus.com/inward/record.uri?partnerID=HzOxMe3b&scp=84865970364&origin=inward,https://www.scopus.com/inward/citedby.uri?partnerID=HzOxMe3b&scp=84865970364&origin=inward,,2026-04-12 18:55:14,Review,,03750183,https://api.elsevier.com/content/abstract/scopus_id/84865970364,41,3,,,,0.15,2.0,1,13,,,,84865970364,2-s2.0-84865970364
99,Barua M.,Selecting flagships for invertebrate conservation,2012,Biodiversity and Conservation,,https://www.scopus.com/inward/record.uri?partnerID=HzOxMe3b&scp=84860367879&origin=inward,https://www.scopus.com/inward/citedby.uri?partnerID=HzOxMe3b&scp=84860367879&origin=inward,,2026-04-12 18:55:14,Article,10.1007/s10531-012-0257-7,09603115,https://api.elsevier.com/content/abstract/scopus_id/84860367879,21,6,,,,7.62,99.0,1,13,,,,84860367879,2-s2.0-84860367879
13,Liu B.,How many eyes are spying on your shared folders?,2012,Proceedings of the ACM Conference on Computer and Communications Security,,https://www.scopus.com/inward/record.uri?partnerID=HzOxMe3b&scp=84869169250&origin=inward,https://www.scopus.com/inward/citedby.uri?partnerID=HzOxMe3b&scp=84869169250&origin=inward,,2026-04-12 18:55:14,Conference Paper,10.1145/2381966.2381982,15437221,https://api.elsevier.com/content/abstract/scopus_id/84869169250,,,,,,1.0,13.0,1,13,,,,84869169250,2-s2.0-84869169250
14,Wong D.C.C.,"Expression of the rubber-like protein, resilin, in developing and functional insect cuticle determined using a Drosophila anti-rec 1 resilin antibody",2012,Developmental Dynamics,,https://www.scopus.com/inward/record.uri?partnerID=HzOxMe3b&scp=84856187947&origin=inward,https://www.scopus.com/inward/citedby.uri?partnerID=HzOxMe3b&scp=84856187947&origin=inward,,2026-04-12 18:55:14,Article,10.1002/dvdy.23724,10588388,https://api.elsevier.com/content/abstract/scopus_id/84856187947,241,2,,,,1.08,14.0,1,13,,,,84856187947,2-s2.0-84856187947
4,González-Soriano E.,"Argia mayi, a new species from México (Zygoptera: Coenagrionidae)",2012,Organisms Diversity and Evolution,,https://www.scopus.com/inward/record.uri?partnerID=HzOxMe3b&scp=84870552413&origin=inward,https://www.scopus.com/inward/citedby.uri?partnerID=HzOxMe3b&scp=84870552413&origin=inward,,2026-04-12 18:55:14,Article,10.1007/s13127-012-0078-2,14396092,https://api.elsevier.com/content/abstract/scopus_id/84870552413,12,3,,,,0.31,4.0,1,13,,,,84870552413,2-s2.0-84870552413
20,Vercken E.,Don't fall off the adaptation cliff: When asymmetrical fitness selects for suboptimal traits,2012,Plos One,,https://www.scopus.com/inward/record.uri?partnerID=HzOxMe3b&scp=84859626357&origin=inward,https://www.scopus.com/inward/citedby.uri?partnerID=HzOxMe3b&scp=84859626357&origin=inward,,2026-04-12 18:55:14,Article,10.1371/journal.pone.0034889,,https://api.elsevier.com/content/abstract/scopus_id/84859626357,7,4,,,,1.54,20.0,1,13,,,,84859626357,2-s2.0-84859626357
3,Tennessen K.,"The nymph of Anisagrion Selys 1876, based on the discovery of A. inornatum (Selys, 1876) in Ecuador (Odonata: Coenagrionidae)",2012,Organisms Diversity and Evolution,,https://www.scopus.com/inward/record.uri?partnerID=HzOxMe3b&scp=84870571543&origin=inward,https://www.scopus.com/inward/citedby.uri?partnerID=HzOxMe3b&scp=84870571543&origin=inward,,2026-04-12 18:55:14,Article,10.1007/s13127-012-0083-5,14396092,https://api.elsevier.com/content/abstract/scopus_id/84870571543,12,3,,,,0.23,3.0,1,13,,,,84870571543,2-s2.0-84870571543
46,Śniegula S.,Differentiation in developmental rate across geographic regions: A photoperiod driven latitude compensating mechanism?,2012,Oikos,,https://www.scopus.com/inward/record.uri?partnerID=HzOxMe3b&scp=84862756977&origin=inward,https://www.scopus.com/inward/citedby.uri?partnerID=HzOxMe3b&scp=84862756977&origin=inward,,2026-04-12 18:55:14,Article,10.1111/j.1600-0706.2011.20015.x,00301299,https://api.elsevier.com/content/abstract/scopus_id/84862756977,121,7,,,,3.54,46.0,1,13,,,,84862756977,2-s2.0-84862756977
2,Novelo-Gutiérrez R.,"The larva of Libellula foliata (Kirby, 1889) (Odonata: Libellulidae)",2012,Organisms Diversity and Evolution,,https://www.scopus.com/inward/record.uri?partnerID=HzOxMe3b&scp=84870518374&origin=inward,https://www.scopus.com/inward/citedby.uri?partnerID=HzOxMe3b&scp=84870518374&origin=inward,,2026-04-12 18:55:14,Article,10.1007/s13127-012-0085-3,14396092,https://api.elsevier.com/content/abstract/scopus_id/84870518374,12,3,,,,0.15,2.0,1,13,,,,84870518374,2-s2.0-84870518374
123,Chahl J.,Biomimetic attitude and orientation sensors,2012,IEEE Sensors Journal,,https://www.scopus.com/inward/record.uri?partnerID=HzOxMe3b&scp=83455164807&origin=inward,https://www.scopus.com/inward/citedby.uri?partnerID=HzOxMe3b&scp=83455164807&origin=inward,,2026-04-12 18:55:14,Article,10.1109/JSEN.2010.2078806,1530437X,https://api.elsevier.com/content/abstract/scopus_id/83455164807,12,2,,,,9.46,123.0,1,13,,,,83455164807,2-s2.0-83455164807
15,Hammond J.I.,Spatial scale influences the outcome of the predator-prey space race between tadpoles and predatory dragonflies,2012,Functional Ecology,,https://www.scopus.com/inward/record.uri?partnerID=HzOxMe3b&scp=84859105046&origin=inward,https://www.scopus.com/inward/citedby.uri?partnerID=HzOxMe3b&scp=84859105046&origin=inward,,2026-04-12 18:55:14,Article,10.1111/j.1365-2435.2011.01949.x,02698463,https://api.elsevier.com/content/abstract/scopus_id/84859105046,26,2,,,,1.15,15.0,1,13,,,,84859105046,2-s2.0-84859105046
0,Kiel E.,The invertebrate fauna of ditches in northern Germany,2012,Natur Und Landschaft,,https://www.scopus.com/inward/record.uri?partnerID=HzOxMe3b&scp=85209514998&origin=inward,https://www.scopus.com/inward/citedby.uri?partnerID=HzOxMe3b&scp=85209514998&origin=inward,,2026-04-12 18:55:14,Review,10.17433/8.2012.50153172.347-350,00280615,https://api.elsevier.com/content/abstract/scopus_id/85209514998,87,8,,,,0.0,0.0,1,13,,,,85209514998,2-s2.0-85209514998
31,Baker L.,Petroleum coke and soft tailings sediment in constructed wetlands may contribute to the uptake of trace metals by algae and aquatic invertebrates,2012,Science of the Total Environment,,https://www.scopus.com/inward/record.uri?partnerID=HzOxMe3b&scp=84855535476&origin=inward,https://www.scopus.com/inward/citedby.uri?partnerID=HzOxMe3b&scp=84855535476&origin=inward,,2026-04-12 18:55:14,Article,10.1016/j.scitotenv.2011.10.011,00489697,https://api.elsevier.com/content/abstract/scopus_id/84855535476,414,,,,,2.38,31.0,1,13,,,,84855535476,2-s2.0-84855535476
49,Janssens L.,How does a pesticide pulse increase vulnerability to predation? Combined effects on behavioral antipredator traits and escape swimming,2012,Aquatic Toxicology,,https://www.scopus.com/inward/record.uri?partnerID=HzOxMe3b&scp=84856054974&origin=inward,https://www.scopus.com/inward/citedby.uri?partnerID=HzOxMe3b&scp=84856054974&origin=inward,,2026-04-12 18:55:14,Article,10.1016/j.aquatox.2011.12.019,0166445X,https://api.elsevier.com/content/abstract/scopus_id/84856054974,110-111,,,,,3.77,49.0,1,13,,,,84856054974,2-s2.0-84856054974
6,Kiel E.,The invertebrate fauna of ditches in northern Germany,2012,Natur Und Landschaft,,https://www.scopus.com/inward/record.uri?partnerID=HzOxMe3b&scp=84880097166&origin=inward,https://www.scopus.com/inward/citedby.uri?partnerID=HzOxMe3b&scp=84880097166&origin=inward,,2026-04-12 18:55:14,Article,10.17433/8.2012.50153172,00280615,https://api.elsevier.com/content/abstract/scopus_id/84880097166,87,8,,,,0.46,6.0,1,13,,,,84880097166,2-s2.0-84880097166
26,Winkler J.,Influence of experimental venue on phenotype: Multiple traits reveal multiple answers,2012,Functional Ecology,,https://www.scopus.com/inward/record.uri?partnerID=HzOxMe3b&scp=84859106619&origin=inward,https://www.scopus.com/inward/citedby.uri?partnerID=HzOxMe3b&scp=84859106619&origin=inward,,2026-04-12 18:55:14,Article,10.1111/j.1365-2435.2012.01965.x,02698463,https://api.elsevier.com/content/abstract/scopus_id/84859106619,26,2,,,,2.0,26.0,1,13,,,,84859106619,2-s2.0-84859106619
16,Watts P.C.,Developmental plasticity as a cohesive evolutionary process between sympatric alternate-year insect cohorts,2012,Heredity,,https://www.scopus.com/inward/record.uri?partnerID=HzOxMe3b&scp=84857234699&origin=inward,https://www.scopus.com/inward/citedby.uri?partnerID=HzOxMe3b&scp=84857234699&origin=inward,,2026-04-12 18:55:14,Article,10.1038/hdy.2011.63,0018067X,https://api.elsevier.com/content/abstract/scopus_id/84857234699,108,3,,,,1.23,16.0,1,13,,,,84857234699,2-s2.0-84857234699
21,Asquith C.M.,Effects of size and size structure on predation and inter-cohort competition in red-eyed treefrog tadpoles,2012,Oecologia,,https://www.scopus.com/inward/record.uri?partnerID=HzOxMe3b&scp=84867503450&origin=inward,https://www.scopus.com/inward/citedby.uri?partnerID=HzOxMe3b&scp=84867503450&origin=inward,,2026-04-12 18:55:14,Article,10.1007/s00442-012-2332-x,00298549,https://api.elsevier.com/content/abstract/scopus_id/84867503450,170,3,,,,1.62,21.0,1,13,,,,84867503450,2-s2.0-84867503450
12,Chuang S.W.,Effects of reynolds number and inclined angle of stroke plane on aerodynamic characteristics of flapping corrugated airfoil,2012,Journal of Applied Science and Engineering,,https://www.scopus.com/inward/record.uri?partnerID=HzOxMe3b&scp=84867060538&origin=inward,https://www.scopus.com/inward/citedby.uri?partnerID=HzOxMe3b&scp=84867060538&origin=inward,,2026-04-12 18:55:14,Article,,27089967,https://api.elsevier.com/content/abstract/scopus_id/84867060538,15,3,,,,0.92,12.0,1,13,,,,84867060538,2-s2.0-84867060538
175,Van Strien M.J.,A new analytical approach to landscape genetic modelling: Least-cost transect analysis and linear mixed models,2012,Molecular Ecology,,https://www.scopus.com/inward/record.uri?partnerID=HzOxMe3b&scp=84864412558&origin=inward,https://www.scopus.com/inward/citedby.uri?partnerID=HzOxMe3b&scp=84864412558&origin=inward,,2026-04-12 18:55:14,Article,10.1111/j.1365-294X.2012.05687.x,09621083,https://api.elsevier.com/content/abstract/scopus_id/84864412558,21,16,,,,13.46,175.0,1,13,,,,84864412558,2-s2.0-84864412558
39,Mogali S.,Tadpoles of the bronze frog (Rana temporalis) assess predation risk before evoking antipredator defense behavior,2012,Journal of Ethology,,https://www.scopus.com/inward/record.uri?partnerID=HzOxMe3b&scp=84865405504&origin=inward,https://www.scopus.com/inward/citedby.uri?partnerID=HzOxMe3b&scp=84865405504&origin=inward,,2026-04-12 18:55:14,Article,10.1007/s10164-012-0335-z,02890771,https://api.elsevier.com/content/abstract/scopus_id/84865405504,30,3,,,,3.0,39.0,1,13,,,,84865405504,2-s2.0-84865405504
23,Joo S.,Identification of bird species and their prey using DNA barcode on feces from Korean traditional village groves and forests (maeulsoop),2012,Animal Cells and Systems,,https://www.scopus.com/inward/record.uri?partnerID=HzOxMe3b&scp=84870950072&origin=inward,https://www.scopus.com/inward/citedby.uri?partnerID=HzOxMe3b&scp=84870950072&origin=inward,,2026-04-12 18:55:14,Article,10.1080/19768354.2012.720939,19768354,https://api.elsevier.com/content/abstract/scopus_id/84870950072,16,6,,,,1.77,23.0,1,13,,,,84870950072,2-s2.0-84870950072
24,Huang H.,Forward flight of model butterfly: Simulation by equations of motion coupled with the Navier–Stokesa equations,2012,Acta Mechanica Sinica Lixue Xuebao,,https://www.scopus.com/inward/record.uri?partnerID=HzOxMe3b&scp=84871493519&origin=inward,https://www.scopus.com/inward/citedby.uri?partnerID=HzOxMe3b&scp=84871493519&origin=inward,,2026-04-12 18:55:14,Article,10.1007/s10409-012-0209-1,05677718,https://api.elsevier.com/content/abstract/scopus_id/84871493519,28,6,,,,1.85,24.0,1,13,,,,84871493519,2-s2.0-84871493519
4,Xu J.,"The characteristics of storm deposits in the lower Huanglong Formatiom of Majiaoba area, northwestern Sichuan Provine",2012,Scientia Geologica Sinica,,https://www.scopus.com/inward/record.uri?partnerID=HzOxMe3b&scp=84862989851&origin=inward,https://www.scopus.com/inward/citedby.uri?partnerID=HzOxMe3b&scp=84862989851&origin=inward,,2026-04-12 18:55:14,Article,,05635020,https://api.elsevier.com/content/abstract/scopus_id/84862989851,47,2,,,,0.31,4.0,1,13,,,,84862989851,2-s2.0-84862989851
78,García M.,On-the-fly adaptive routing in high-radix hierarchical networks,2012,Proceedings of the International Conference on Parallel Processing,,https://www.scopus.com/inward/record.uri?partnerID=HzOxMe3b&scp=84871119000&origin=inward,https://www.scopus.com/inward/citedby.uri?partnerID=HzOxMe3b&scp=84871119000&origin=inward,,2026-04-12 18:55:14,Conference Paper,10.1109/ICPP.2012.46,01903918,https://api.elsevier.com/content/abstract/scopus_id/84871119000,,,,,,6.0,78.0,1,13,,,,84871119000,2-s2.0-84871119000
7,Meurgey F.,An updated checklist of lesser Antillean Odonata,2012,International Journal of Odonatology,,https://www.scopus.com/inward/record.uri?partnerID=HzOxMe3b&scp=84874198177&origin=inward,https://www.scopus.com/inward/citedby.uri?partnerID=HzOxMe3b&scp=84874198177&origin=inward,,2026-04-12 18:55:14,Article,10.1080/13887890.2012.738401,13887890,https://api.elsevier.com/content/abstract/scopus_id/84874198177,15,4,,,,0.54,7.0,1,13,,,,84874198177,2-s2.0-84874198177
35,Orizaola G.,Reversibility of predator-induced plasticity and its effect at a life-history switch point,2012,Oikos,,https://www.scopus.com/inward/record.uri?partnerID=HzOxMe3b&scp=84355166748&origin=inward,https://www.scopus.com/inward/citedby.uri?partnerID=HzOxMe3b&scp=84355166748&origin=inward,,2026-04-12 18:55:14,Article,10.1111/j.1600-0706.2011.19050.x,00301299,https://api.elsevier.com/content/abstract/scopus_id/84355166748,121,1,,,,2.69,35.0,1,13,,,,84355166748,2-s2.0-84355166748
1,Lozano F.,"Acanthagrion hildegarda gloger, 1967 (odonata: Zygoptera: Coenagrionidae): New records and geographic distribution map",2012,Check List,,https://www.scopus.com/inward/record.uri?partnerID=HzOxMe3b&scp=84857318543&origin=inward,https://www.scopus.com/inward/citedby.uri?partnerID=HzOxMe3b&scp=84857318543&origin=inward,,2026-04-12 18:55:14,Article,10.15560/8.1.177,,https://api.elsevier.com/content/abstract/scopus_id/84857318543,8,1,,,,0.08,1.0,1,13,,,,84857318543,2-s2.0-84857318543
26,Huettmann F.,From Europe to North America into the world and atmosphere: A short review of global footprints and their impacts and predictions,2012,Environmentalist,,https://www.scopus.com/inward/record.uri?partnerID=HzOxMe3b&scp=84864826420&origin=inward,https://www.scopus.com/inward/citedby.uri?partnerID=HzOxMe3b&scp=84864826420&origin=inward,,2026-04-12 18:55:14,Article,10.1007/s10669-011-9338-5,02511088,https://api.elsevier.com/content/abstract/scopus_id/84864826420,32,3,,,,2.0,26.0,1,13,,,,84864826420,2-s2.0-84864826420
28,Li Z.,Coherent field emission image of graphene predicted with a microscopic theory,2012,Physical Review B Condensed Matter and Materials Physics,,https://www.scopus.com/inward/record.uri?partnerID=HzOxMe3b&scp=84859077603&origin=inward,https://www.scopus.com/inward/citedby.uri?partnerID=HzOxMe3b&scp=84859077603&origin=inward,,2026-04-12 18:55:14,Article,10.1103/PhysRevB.85.115427,10980121,https://api.elsevier.com/content/abstract/scopus_id/84859077603,85,11,,,,2.15,28.0,1,13,,,,84859077603,2-s2.0-84859077603
9,Palacino-RODRÍGUEZ F.,"Population structure in dry and rainy seasons,in Erythrodiplax umbrata (linnaeus) (Odonata: Libellulidae)",2012,Odonatologica,,https://www.scopus.com/inward/record.uri?partnerID=HzOxMe3b&scp=84865987308&origin=inward,https://www.scopus.com/inward/citedby.uri?partnerID=HzOxMe3b&scp=84865987308&origin=inward,,2026-04-12 18:55:14,Article,,03750183,https://api.elsevier.com/content/abstract/scopus_id/84865987308,41,3,,,,0.69,9.0,1,13,,,,84865987308,2-s2.0-84865987308
196,Mathuru A.S.,Chondroitin fragments are odorants that trigger fear behavior in fish,2012,Current Biology,,https://www.scopus.com/inward/record.uri?partnerID=HzOxMe3b&scp=84858665565&origin=inward,https://www.scopus.com/inward/citedby.uri?partnerID=HzOxMe3b&scp=84858665565&origin=inward,,2026-04-12 18:55:14,Article,10.1016/j.cub.2012.01.061,09609822,https://api.elsevier.com/content/abstract/scopus_id/84858665565,22,6,,,,15.08,196.0,1,13,,,,84858665565,2-s2.0-84858665565
5,Lozano F.,"Description of the final stadium larva of Telebasis obsoleta (Selys, 1876) (Odonata: Coenagrionidae)",2012,Zootaxa,,https://www.scopus.com/inward/record.uri?partnerID=HzOxMe3b&scp=84856921091&origin=inward,https://www.scopus.com/inward/citedby.uri?partnerID=HzOxMe3b&scp=84856921091&origin=inward,,2026-04-12 18:55:14,Article,10.11646/zootaxa.3186.1.4,11755326,https://api.elsevier.com/content/abstract/scopus_id/84856921091,,3186,,,,0.38,5.0,1,13,,,,84856921091,2-s2.0-84856921091
78,Orlofske S.A.,Parasite transmission in complex communities: Predators and alternative hosts alter pathogenic infections in amphibians,2012,Ecology,,https://www.scopus.com/inward/record.uri?partnerID=HzOxMe3b&scp=84862283897&origin=inward,https://www.scopus.com/inward/citedby.uri?partnerID=HzOxMe3b&scp=84862283897&origin=inward,,2026-04-12 18:55:14,Article,10.1890/11-1901.1,00129658,https://api.elsevier.com/content/abstract/scopus_id/84862283897,93,6,,,,6.0,78.0,1,13,,,,84862283897,2-s2.0-84862283897
30,Franzén M.,How threatened are alpine environments? a cross taxonomic study,2012,Biodiversity and Conservation,,https://www.scopus.com/inward/record.uri?partnerID=HzOxMe3b&scp=84856272979&origin=inward,https://www.scopus.com/inward/citedby.uri?partnerID=HzOxMe3b&scp=84856272979&origin=inward,,2026-04-12 18:55:14,Article,10.1007/s10531-011-0197-7,09603115,https://api.elsevier.com/content/abstract/scopus_id/84856272979,21,2,,,,2.31,30.0,1,13,,,,84856272979,2-s2.0-84856272979
28,Hossie T.J.,Assessing behavioural and morphological responses of frog tadpoles to temporal variability in predation risk,2012,Journal of Zoology,,https://www.scopus.com/inward/record.uri?partnerID=HzOxMe3b&scp=84870060182&origin=inward,https://www.scopus.com/inward/citedby.uri?partnerID=HzOxMe3b&scp=84870060182&origin=inward,,2026-04-12 18:55:14,Article,10.1111/j.1469-7998.2012.00955.x,09528369,https://api.elsevier.com/content/abstract/scopus_id/84870060182,288,4,,,,2.15,28.0,1,13,,,,84870060182,2-s2.0-84870060182
0,Demirbaş Çaʇlayan S.,Are the protected areas of Turkey protected from landscape fragmentation?,2012,49th World Congress of the International Federation of Landscape Architects Ifla 2012,,https://www.scopus.com/inward/record.uri?partnerID=HzOxMe3b&scp=84953738946&origin=inward,https://www.scopus.com/inward/citedby.uri?partnerID=HzOxMe3b&scp=84953738946&origin=inward,,2026-04-12 18:55:14,Conference Paper,,,https://api.elsevier.com/content/abstract/scopus_id/84953738946,,,,,,0.0,0.0,1,13,,,,84953738946,2-s2.0-84953738946
29,Wagler R.,External insect morphology: A negative factor in attitudes toward insects and likelihood of incorporation in future science education settings,2012,International Journal of Environmental and Science Education,,https://www.scopus.com/inward/record.uri?partnerID=HzOxMe3b&scp=84863491321&origin=inward,https://www.scopus.com/inward/citedby.uri?partnerID=HzOxMe3b&scp=84863491321&origin=inward,,2026-04-12 18:55:14,Article,,,https://api.elsevier.com/content/abstract/scopus_id/84863491321,7,2,,,,2.23,29.0,1,13,,,,84863491321,2-s2.0-84863491321
3,Zhang H.,"Matrona annina sp. N. From southern China (Odonata, Calopterygidae)",2012,Tijdschrift Voor Entomologie,,https://www.scopus.com/inward/record.uri?partnerID=HzOxMe3b&scp=85008936931&origin=inward,https://www.scopus.com/inward/citedby.uri?partnerID=HzOxMe3b&scp=85008936931&origin=inward,,2026-04-12 18:55:14,Article,10.1163/22119434-00002015,00407496,https://api.elsevier.com/content/abstract/scopus_id/85008936931,155,2-3,,,,0.23,3.0,1,13,,,,85008936931,2-s2.0-85008936931
101,Jovanovic N.,Starlight demonstration of the Dragonfly instrument: An integrated photonic pupil-remapping interferometer for high-contrast imaging,2012,Monthly Notices of the Royal Astronomical Society,,https://www.scopus.com/inward/record.uri?partnerID=HzOxMe3b&scp=84868527088&origin=inward,https://www.scopus.com/inward/citedby.uri?partnerID=HzOxMe3b&scp=84868527088&origin=inward,,2026-04-12 18:55:14,Article,10.1111/j.1365-2966.2012.21997.x,00358711,https://api.elsevier.com/content/abstract/scopus_id/84868527088,427,1,,,,7.77,101.0,1,13,,,,84868527088,2-s2.0-84868527088
93,Broering T.M.,Numerical investigation of energy extraction in a tandem flapping wing configuration,2012,AIAA Journal,,https://www.scopus.com/inward/record.uri?partnerID=HzOxMe3b&scp=84869194065&origin=inward,https://www.scopus.com/inward/citedby.uri?partnerID=HzOxMe3b&scp=84869194065&origin=inward,,2026-04-12 18:55:14,Article,10.2514/1.J051104,00011452,https://api.elsevier.com/content/abstract/scopus_id/84869194065,50,11,,,,7.15,93.0,1,13,,,,84869194065,2-s2.0-84869194065
5,Nel A.,"Bechala sommeri Ilger & Brauckmann, 2012 enlightens the Namurian griffenfly diversity (Insecta: Odonatoptera: Bechalidae)",2012,Insect Systematics and Evolution,,https://www.scopus.com/inward/record.uri?partnerID=HzOxMe3b&scp=84864476434&origin=inward,https://www.scopus.com/inward/citedby.uri?partnerID=HzOxMe3b&scp=84864476434&origin=inward,,2026-04-12 18:55:14,Article,10.1163/1876312X04302003,1399560X,https://api.elsevier.com/content/abstract/scopus_id/84864476434,43,2,,,,0.38,5.0,1,13,,,,84864476434,2-s2.0-84864476434
11,Webb A.N.,Developing Second Graders' Creativity Through Literacy-Science Integrated Lessons on Lifecycles,2012,Early Childhood Education Journal,,https://www.scopus.com/inward/record.uri?partnerID=HzOxMe3b&scp=84867539037&origin=inward,https://www.scopus.com/inward/citedby.uri?partnerID=HzOxMe3b&scp=84867539037&origin=inward,,2026-04-12 18:55:14,Article,10.1007/s10643-012-0532-y,10823301,https://api.elsevier.com/content/abstract/scopus_id/84867539037,40,6,,,,0.85,11.0,1,13,,,,84867539037,2-s2.0-84867539037
12,Thomas S.J.,Modulated backscatter for ultra-low power uplinks from wearable and implantable devices,2012,Medcomm 12 Proceedings of the ACM International Workshop on Medical Communication Systems,,https://www.scopus.com/inward/record.uri?partnerID=HzOxMe3b&scp=84866512880&origin=inward,https://www.scopus.com/inward/citedby.uri?partnerID=HzOxMe3b&scp=84866512880&origin=inward,,2026-04-12 18:55:14,Conference Paper,10.1145/2342536.2342538,,https://api.elsevier.com/content/abstract/scopus_id/84866512880,,,,,,0.92,12.0,1,13,,,,84866512880,2-s2.0-84866512880
0,Pinẽro E.,"The work of Spanish helicopter pioneer Federico Cantero Villamil, and a preliminary design and performance review of the helicopter Libélula Española",2012,Annual Forum Proceedings AHS International,,https://www.scopus.com/inward/record.uri?partnerID=HzOxMe3b&scp=84864911435&origin=inward,https://www.scopus.com/inward/citedby.uri?partnerID=HzOxMe3b&scp=84864911435&origin=inward,,2026-04-12 18:55:14,Conference Paper,,15522938,https://api.elsevier.com/content/abstract/scopus_id/84864911435,3,,,,,0.0,0.0,1,13,,,,84864911435,2-s2.0-84864911435
39,McCoy M.W.,Prey Responses to Predator Chemical Cues: Disentangling the Importance of the Number and Biomass of Prey Consumed,2012,Plos One,,https://www.scopus.com/inward/record.uri?partnerID=HzOxMe3b&scp=84867637368&origin=inward,https://www.scopus.com/inward/citedby.uri?partnerID=HzOxMe3b&scp=84867637368&origin=inward,,2026-04-12 18:55:14,Article,10.1371/journal.pone.0047495,,https://api.elsevier.com/content/abstract/scopus_id/84867637368,7,10,,,,3.0,39.0,1,13,,,,84867637368,2-s2.0-84867637368
20,Maag N.,Sink or swim: A test of tadpole behavioral responses to predator cues and potential alarm pheromones from skin secretions,2012,Journal of Comparative Physiology A Neuroethology Sensory Neural and Behavioral Physiology,,https://www.scopus.com/inward/record.uri?partnerID=HzOxMe3b&scp=84867894735&origin=inward,https://www.scopus.com/inward/citedby.uri?partnerID=HzOxMe3b&scp=84867894735&origin=inward,,2026-04-12 18:55:14,Article,10.1007/s00359-012-0750-1,03407594,https://api.elsevier.com/content/abstract/scopus_id/84867894735,198,11,,,,1.54,20.0,1,13,,,,84867894735,2-s2.0-84867894735
39,Lopes D.,Evaluation of cerebral artery perforators and the pipeline embolization device using optical coherence tomography,2012,Journal of Neurointerventional Surgery,,https://www.scopus.com/inward/record.uri?partnerID=HzOxMe3b&scp=84862979285&origin=inward,https://www.scopus.com/inward/citedby.uri?partnerID=HzOxMe3b&scp=84862979285&origin=inward,,2026-04-12 18:55:14,Article,10.1136/neurintsurg-2011-010102,17598478,https://api.elsevier.com/content/abstract/scopus_id/84862979285,4,4,,,,3.0,39.0,1,13,,,,84862979285,2-s2.0-84862979285
44,Hord K.,Numerical investigation of the aerodynamic and structural characteristics of a corrugated airfoil,2012,Journal of Aircraft,,https://www.scopus.com/inward/record.uri?partnerID=HzOxMe3b&scp=84862599153&origin=inward,https://www.scopus.com/inward/citedby.uri?partnerID=HzOxMe3b&scp=84862599153&origin=inward,,2026-04-12 18:55:14,Article,10.2514/1.C031135,00218669,https://api.elsevier.com/content/abstract/scopus_id/84862599153,49,3,,,,3.38,44.0,1,13,,,,84862599153,2-s2.0-84862599153
245,Stoks R.,Evolutionary ecology of Odonata: A complex life cycle perspective,2012,Annual Review of Entomology,,https://www.scopus.com/inward/record.uri?partnerID=HzOxMe3b&scp=83455213297&origin=inward,https://www.scopus.com/inward/citedby.uri?partnerID=HzOxMe3b&scp=83455213297&origin=inward,,2026-04-12 18:55:14,Article,10.1146/annurev-ento-120710-100557,00664170,https://api.elsevier.com/content/abstract/scopus_id/83455213297,57,,,,,18.85,245.0,1,13,,,,83455213297,2-s2.0-83455213297
27,Hannigan E.,Composition and structure of macroinvertebrate communities in contrasting open-water habitats in Irish peatlands: Implications for biodiversity conservation,2012,Hydrobiologia,,https://www.scopus.com/inward/record.uri?partnerID=HzOxMe3b&scp=84862123554&origin=inward,https://www.scopus.com/inward/citedby.uri?partnerID=HzOxMe3b&scp=84862123554&origin=inward,,2026-04-12 18:55:14,Article,10.1007/s10750-012-1090-4,00188158,https://api.elsevier.com/content/abstract/scopus_id/84862123554,692,1,,,,2.08,27.0,1,13,,,,84862123554,2-s2.0-84862123554
41,Wu J.,Simulation of three-dimensional flows over moving objects by an improved immersed boundary-lattice Boltzmann method,2012,International Journal for Numerical Methods in Fluids,,https://www.scopus.com/inward/record.uri?partnerID=HzOxMe3b&scp=84856959407&origin=inward,https://www.scopus.com/inward/citedby.uri?partnerID=HzOxMe3b&scp=84856959407&origin=inward,,2026-04-12 18:55:14,Article,10.1002/fld.2589,02712091,https://api.elsevier.com/content/abstract/scopus_id/84856959407,68,8,,,,3.15,41.0,1,13,,,,84856959407,2-s2.0-84856959407
11,Iserbyt A.,Biogeographical survey identifies consistent alternative physiological optima and a minor role for environmental drivers in maintaining a polymorphism,2012,Plos One,,https://www.scopus.com/inward/record.uri?partnerID=HzOxMe3b&scp=84857611465&origin=inward,https://www.scopus.com/inward/citedby.uri?partnerID=HzOxMe3b&scp=84857611465&origin=inward,,2026-04-12 18:55:14,Article,10.1371/journal.pone.0032648,,https://api.elsevier.com/content/abstract/scopus_id/84857611465,7,2,,,,0.85,11.0,1,13,,,,84857611465,2-s2.0-84857611465
0,Do M.C.,"Description of female of nihonogomphus schorri do & karube from huu lien nature reserve, lang son province, north vietnam (anisoptera: Gomphidae)",2012,Odonatologica,,https://www.scopus.com/inward/record.uri?partnerID=HzOxMe3b&scp=84862170327&origin=inward,https://www.scopus.com/inward/citedby.uri?partnerID=HzOxMe3b&scp=84862170327&origin=inward,,2026-04-12 18:55:14,Article,,03750183,https://api.elsevier.com/content/abstract/scopus_id/84862170327,41,2,,,,0.0,0.0,1,13,,,,84862170327,2-s2.0-84862170327
17,Ohba S.Y.,Feeding preferences of the endangered diving beetle Cybister tripunctatus orientalis Gschwendtner (Coleoptera: Dytiscidae),2012,Psyche London,,https://www.scopus.com/inward/record.uri?partnerID=HzOxMe3b&scp=84858136194&origin=inward,https://www.scopus.com/inward/citedby.uri?partnerID=HzOxMe3b&scp=84858136194&origin=inward,,2026-04-12 18:55:14,Article,10.1155/2012/139714,00332615,https://api.elsevier.com/content/abstract/scopus_id/84858136194,,,,,,1.31,17.0,1,13,,,,84858136194,2-s2.0-84858136194
0,Oishi T.,"The handling process of both analog and digital environmental information data by GIS, a case study of habitat analysis to conserve Mortonagrion hirosei Asahina",2012,Ecology and Civil Engineering,,https://www.scopus.com/inward/record.uri?partnerID=HzOxMe3b&scp=84866684319&origin=inward,https://www.scopus.com/inward/citedby.uri?partnerID=HzOxMe3b&scp=84866684319&origin=inward,,2026-04-12 18:55:14,Article,10.3825/ece.15.19,13443755,https://api.elsevier.com/content/abstract/scopus_id/84866684319,15,1,,,,0.0,0.0,1,13,,,,84866684319,2-s2.0-84866684319
0,Butler S.,Description of the last instar larva of Brachydiplax farinosa krüger from borneo (anisoptera: Libellulidae),2012,Odonatologica,,https://www.scopus.com/inward/record.uri?partnerID=HzOxMe3b&scp=84865966505&origin=inward,https://www.scopus.com/inward/citedby.uri?partnerID=HzOxMe3b&scp=84865966505&origin=inward,,2026-04-12 18:55:14,Article,,03750183,https://api.elsevier.com/content/abstract/scopus_id/84865966505,41,3,,,,0.0,0.0,1,13,,,,84865966505,2-s2.0-84865966505
2,Theischinger G.,"Gynacantha heros spec. Nov., a large crepuscular species from papua new guinea (Anisoptera: Aeshnidae)",2012,Odonatologica,,https://www.scopus.com/inward/record.uri?partnerID=HzOxMe3b&scp=84871219172&origin=inward,https://www.scopus.com/inward/citedby.uri?partnerID=HzOxMe3b&scp=84871219172&origin=inward,,2026-04-12 18:55:14,Article,,03750183,https://api.elsevier.com/content/abstract/scopus_id/84871219172,41,4,,,,0.15,2.0,1,13,,,,84871219172,2-s2.0-84871219172
67,You W.,Masked Syllable Priming Effects in Word and Picture Naming in Chinese,2012,Plos One,,https://www.scopus.com/inward/record.uri?partnerID=HzOxMe3b&scp=84867325433&origin=inward,https://www.scopus.com/inward/citedby.uri?partnerID=HzOxMe3b&scp=84867325433&origin=inward,,2026-04-12 18:55:14,Article,10.1371/journal.pone.0046595,,https://api.elsevier.com/content/abstract/scopus_id/84867325433,7,10,,,,5.15,67.0,1,13,,,,84867325433,2-s2.0-84867325433
1,Theischinger G.,"Akrothemis, A new libellulid genus from papua new guinea (Anisoptera: Libellulidae)",2012,Odonatologica,,https://www.scopus.com/inward/record.uri?partnerID=HzOxMe3b&scp=84871246219&origin=inward,https://www.scopus.com/inward/citedby.uri?partnerID=HzOxMe3b&scp=84871246219&origin=inward,,2026-04-12 18:55:14,Article,,03750183,https://api.elsevier.com/content/abstract/scopus_id/84871246219,41,4,,,,0.08,1.0,1,13,,,,84871246219,2-s2.0-84871246219
1,Dow R.,The type repository of drepanosticta simumspec. NOV. (Zygoptera: Platystictidae),2012,Odonatologica,,https://www.scopus.com/inward/record.uri?partnerID=HzOxMe3b&scp=84871226980&origin=inward,https://www.scopus.com/inward/citedby.uri?partnerID=HzOxMe3b&scp=84871226980&origin=inward,,2026-04-12 18:55:14,Article,,03750183,https://api.elsevier.com/content/abstract/scopus_id/84871226980,41,4,,,,0.08,1.0,1,13,,,,84871226980,2-s2.0-84871226980
57,Ficetola G.,Complex impact of an invasive crayfish on freshwater food webs,2012,Biodiversity and Conservation,,https://www.scopus.com/inward/record.uri?partnerID=HzOxMe3b&scp=84865440699&origin=inward,https://www.scopus.com/inward/citedby.uri?partnerID=HzOxMe3b&scp=84865440699&origin=inward,,2026-04-12 18:55:14,Article,10.1007/s10531-012-0323-1,09603115,https://api.elsevier.com/content/abstract/scopus_id/84865440699,21,10,,,,4.38,57.0,1,13,,,,84865440699,2-s2.0-84865440699
1,Jacquemin G.,"The aquatic insects of a standard small plain river in NE France, with emphasis on remarkable species",2012,Aquatic Insects,,https://www.scopus.com/inward/record.uri?partnerID=HzOxMe3b&scp=84866447214&origin=inward,https://www.scopus.com/inward/citedby.uri?partnerID=HzOxMe3b&scp=84866447214&origin=inward,,2026-04-12 18:55:14,Article,10.1080/01650424.2012.643017,01650424,https://api.elsevier.com/content/abstract/scopus_id/84866447214,34,SUPPL. 1,,,,0.08,1.0,1,13,,,,84866447214,2-s2.0-84866447214
2,Farrés F.,Eocene insects from the region of Vic (Barcelona): Preliminary note,2012,Batalleria,,https://www.scopus.com/inward/record.uri?partnerID=HzOxMe3b&scp=84863654957&origin=inward,https://www.scopus.com/inward/citedby.uri?partnerID=HzOxMe3b&scp=84863654957&origin=inward,,2026-04-12 18:55:14,Article,,02147831,https://api.elsevier.com/content/abstract/scopus_id/84863654957,,17,,,,0.15,2.0,1,13,,,,84863654957,2-s2.0-84863654957
17,Klass K.D.,"The gonangulum: A reassessment of its morphology, homology, and phylogenetic significance",2012,Arthropod Structure and Development,,https://www.scopus.com/inward/record.uri?partnerID=HzOxMe3b&scp=84863855467&origin=inward,https://www.scopus.com/inward/citedby.uri?partnerID=HzOxMe3b&scp=84863855467&origin=inward,,2026-04-12 18:55:14,Article,10.1016/j.asd.2012.03.001,14678039,https://api.elsevier.com/content/abstract/scopus_id/84863855467,41,4,,,,1.31,17.0,1,13,,,,84863855467,2-s2.0-84863855467
6,Dow R.,"Drepanosticta simuni spec. nov. from borneo, with notes on related species (Zygoptera: Platystictidae)",2012,Odonatologica,,https://www.scopus.com/inward/record.uri?partnerID=HzOxMe3b&scp=84865959876&origin=inward,https://www.scopus.com/inward/citedby.uri?partnerID=HzOxMe3b&scp=84865959876&origin=inward,,2026-04-12 18:55:14,Article,,03750183,https://api.elsevier.com/content/abstract/scopus_id/84865959876,41,3,,,,0.46,6.0,1,13,,,,84865959876,2-s2.0-84865959876
20,Couceiro M.S.,Modeling and control of biologically inspired flying robots,2012,Robotica,,https://www.scopus.com/inward/record.uri?partnerID=HzOxMe3b&scp=82955222207&origin=inward,https://www.scopus.com/inward/citedby.uri?partnerID=HzOxMe3b&scp=82955222207&origin=inward,,2026-04-12 18:55:14,Article,10.1017/S0263574711000312,02635747,https://api.elsevier.com/content/abstract/scopus_id/82955222207,30,1,,,,1.54,20.0,1,13,,,,82955222207,2-s2.0-82955222207
1,Anjos-Santos D.,Description of the last instar larva of Forcepsioneura sancta (Hagen in Selys 1860) (Odonata: Protoneuridae),2012,Zootaxa,,https://www.scopus.com/inward/record.uri?partnerID=HzOxMe3b&scp=84866675381&origin=inward,https://www.scopus.com/inward/citedby.uri?partnerID=HzOxMe3b&scp=84866675381&origin=inward,,2026-04-12 18:55:14,Article,10.11646/zootaxa.3495.1.5,11755326,https://api.elsevier.com/content/abstract/scopus_id/84866675381,,3495,,,,0.08,1.0,1,13,,,,84866675381,2-s2.0-84866675381
51,Pinto N.S.,Fluctuating Asymmetry and Wing Size of Argia tinctipennis Selys (Zygoptera: Coenagrionidae) in Relation to Riparian Forest Preservation Status,2012,Neotropical Entomology,,https://www.scopus.com/inward/record.uri?partnerID=HzOxMe3b&scp=84863430108&origin=inward,https://www.scopus.com/inward/citedby.uri?partnerID=HzOxMe3b&scp=84863430108&origin=inward,,2026-04-12 18:55:14,Article,10.1007/s13744-012-0029-9,1519566X,https://api.elsevier.com/content/abstract/scopus_id/84863430108,41,3,,,,3.92,51.0,1,13,,,,84863430108,2-s2.0-84863430108
2,González-Soriano E.,"New records of Libellula pulchella (Odonata: Libellulidae) and Phyllogomphoides albrighti (Odonata: Gomphidae) from the Cuatro Ciénegas Basin, Coahuila, Mexico",2012,Revista Mexicana De Biodiversidad,,https://www.scopus.com/inward/record.uri?partnerID=HzOxMe3b&scp=84873820013&origin=inward,https://www.scopus.com/inward/citedby.uri?partnerID=HzOxMe3b&scp=84873820013&origin=inward,,2026-04-12 18:55:14,Article,10.7550/rmb.29630,18703453,https://api.elsevier.com/content/abstract/scopus_id/84873820013,83,3,,,,0.15,2.0,1,13,,,,84873820013,2-s2.0-84873820013
2,Couteyen S.,Catalogue et affinités géographiques des odonata des îles voisines de madagascar (Insecta: Pterygota),2012,Annales De La Societe Entomologique De France,,https://www.scopus.com/inward/record.uri?partnerID=HzOxMe3b&scp=84865734362&origin=inward,https://www.scopus.com/inward/citedby.uri?partnerID=HzOxMe3b&scp=84865734362&origin=inward,,2026-04-12 18:55:14,Article,10.1080/00379271.2012.10697764,00379271,https://api.elsevier.com/content/abstract/scopus_id/84865734362,48,1-2,,,,0.15,2.0,1,13,,,,84865734362,2-s2.0-84865734362
2,Yu X.,"A description of Echo perornata spec. nov. from Xizang (Tibet), China (Odonata: Calopterygidae)",2012,Zootaxa,,https://www.scopus.com/inward/record.uri?partnerID=HzOxMe3b&scp=84857813684&origin=inward,https://www.scopus.com/inward/citedby.uri?partnerID=HzOxMe3b&scp=84857813684&origin=inward,,2026-04-12 18:55:14,Article,10.11646/zootaxa.3218.1.4,11755326,https://api.elsevier.com/content/abstract/scopus_id/84857813684,,3218,,,,0.15,2.0,1,13,,,,84857813684,2-s2.0-84857813684
3,Patra A.,"Macroinvertebrate community associated with macrophytes in the Santragachi jheel lake, West Bengal, India",2012,Ekologia Bratislava,,https://www.scopus.com/inward/record.uri?partnerID=HzOxMe3b&scp=84872297397&origin=inward,https://www.scopus.com/inward/citedby.uri?partnerID=HzOxMe3b&scp=84872297397&origin=inward,,2026-04-12 18:55:14,Article,10.4149/ekol-2012-03-274,1335342X,https://api.elsevier.com/content/abstract/scopus_id/84872297397,31,3,,,,0.23,3.0,1,13,,,,84872297397,2-s2.0-84872297397
8,Schmit O.,"Vulnerability of sexual and asexual eucypris virens (crustacea, ostracoda) to predation: An experimental approach with dragonfl y naiads",2012,Fundamental and Applied Limnology,,https://www.scopus.com/inward/record.uri?partnerID=HzOxMe3b&scp=84876024736&origin=inward,https://www.scopus.com/inward/citedby.uri?partnerID=HzOxMe3b&scp=84876024736&origin=inward,,2026-04-12 18:55:14,Article,10.1127/1863-9135/2012/0351,18639135,https://api.elsevier.com/content/abstract/scopus_id/84876024736,181,3,,,,0.62,8.0,1,13,,,,84876024736,2-s2.0-84876024736
0,Takano M.,"Clear view, clear benefit",2012,Circulation Journal,,https://www.scopus.com/inward/record.uri?partnerID=HzOxMe3b&scp=84858979131&origin=inward,https://www.scopus.com/inward/citedby.uri?partnerID=HzOxMe3b&scp=84858979131&origin=inward,,2026-04-12 18:55:14,Editorial,10.1253/circj.CJ-12-0190,13469843,https://api.elsevier.com/content/abstract/scopus_id/84858979131,76,4,,,,0.0,0.0,1,13,,,,84858979131,2-s2.0-84858979131
2,Orr A.G.,"A review of the New Guiñean genus Paramecocnemis Lieftinck (Odonata: Platycnemididae), with the description of three new species",2012,Australian Entomologist,,https://www.scopus.com/inward/record.uri?partnerID=HzOxMe3b&scp=84866987689&origin=inward,https://www.scopus.com/inward/citedby.uri?partnerID=HzOxMe3b&scp=84866987689&origin=inward,,2026-04-12 18:55:14,Review,,13206133,https://api.elsevier.com/content/abstract/scopus_id/84866987689,39,3,,,,0.15,2.0,1,13,,,,84866987689,2-s2.0-84866987689
2,Hunger H.,"Description of Protallagma hoffmanni sp. nov. from the Peruvian Andes (Odonata: Coenagrionidae), including description of its larva",2012,Zootaxa,,https://www.scopus.com/inward/record.uri?partnerID=HzOxMe3b&scp=84857594784&origin=inward,https://www.scopus.com/inward/citedby.uri?partnerID=HzOxMe3b&scp=84857594784&origin=inward,,2026-04-12 18:55:14,Article,10.11646/zootaxa.3202.1.2,11755326,https://api.elsevier.com/content/abstract/scopus_id/84857594784,,3202,,,,0.15,2.0,1,13,,,,84857594784,2-s2.0-84857594784
33,Guareschi S.,Aquatic macroinvertebrate biodiversity: Patterns and surrogates in mountainous Spanish national parks,2012,Aquatic Conservation Marine and Freshwater Ecosystems,,https://www.scopus.com/inward/record.uri?partnerID=HzOxMe3b&scp=84867549964&origin=inward,https://www.scopus.com/inward/citedby.uri?partnerID=HzOxMe3b&scp=84867549964&origin=inward,,2026-04-12 18:55:14,Article,10.1002/aqc.2256,10527613,https://api.elsevier.com/content/abstract/scopus_id/84867549964,22,5,,,,2.54,33.0,1,13,,,,84867549964,2-s2.0-84867549964
1,Petrulevicius J.F.,Full description of Cordulagomphus primaerensis from Santana Formation (Lower Cretaceous of Brazil) (Odonata: Aeshnoptera: Proterogomphidae),2012,Zootaxa,,https://www.scopus.com/inward/record.uri?partnerID=HzOxMe3b&scp=84867093762&origin=inward,https://www.scopus.com/inward/citedby.uri?partnerID=HzOxMe3b&scp=84867093762&origin=inward,,2026-04-12 18:55:14,Article,10.11646/zootaxa.3503.1.4,11755326,https://api.elsevier.com/content/abstract/scopus_id/84867093762,,3503,,,,0.08,1.0,1,13,,,,84867093762,2-s2.0-84867093762
2,Nel A.,A new genus and species of Sieblosiidae from the Middle Miocene of Germany (Odonata: Epiproctophora),2012,Zootaxa,,https://www.scopus.com/inward/record.uri?partnerID=HzOxMe3b&scp=84871833774&origin=inward,https://www.scopus.com/inward/citedby.uri?partnerID=HzOxMe3b&scp=84871833774&origin=inward,,2026-04-12 18:55:14,Article,10.11646/zootaxa.3582.1.7,11755326,https://api.elsevier.com/content/abstract/scopus_id/84871833774,,3582,,,,0.15,2.0,1,13,,,,84871833774,2-s2.0-84871833774
2,Andrew R.,Field notes on emergence of Pantala flavescens(fabricius) in central India (anisoptera: Libellulidae),2012,Odonatologica,,https://www.scopus.com/inward/record.uri?partnerID=HzOxMe3b&scp=84862239355&origin=inward,https://www.scopus.com/inward/citedby.uri?partnerID=HzOxMe3b&scp=84862239355&origin=inward,,2026-04-12 18:55:14,Article,,03750183,https://api.elsevier.com/content/abstract/scopus_id/84862239355,41,2,,,,0.15,2.0,1,13,,,,84862239355,2-s2.0-84862239355
11,Cook S.,Optical coherence tomography findings in renal denervation,2012,European Heart Journal,,https://www.scopus.com/inward/record.uri?partnerID=HzOxMe3b&scp=84870775295&origin=inward,https://www.scopus.com/inward/citedby.uri?partnerID=HzOxMe3b&scp=84870775295&origin=inward,,2026-04-12 18:55:14,Note,10.1093/eurheartj/ehs201,0195668X,https://api.elsevier.com/content/abstract/scopus_id/84870775295,33,23,,,,0.85,11.0,1,13,,,,84870775295,2-s2.0-84870775295
4,Dalzochio M.,"Odonata, aeshnidae, Anax amazili (Burmeister, 1839): First record for Southern Brazil",2012,Check List,,https://www.scopus.com/inward/record.uri?partnerID=HzOxMe3b&scp=84864420425&origin=inward,https://www.scopus.com/inward/citedby.uri?partnerID=HzOxMe3b&scp=84864420425&origin=inward,,2026-04-12 18:55:14,Article,10.15560/8.3.551,,https://api.elsevier.com/content/abstract/scopus_id/84864420425,8,3,,,,0.31,4.0,1,13,,,,84864420425,2-s2.0-84864420425
17,Zeller M.,Little evidence for a selective advantage of armour-reduced threespined stickleback individuals in an invertebrate predation experiment,2012,Evolutionary Ecology,,https://www.scopus.com/inward/record.uri?partnerID=HzOxMe3b&scp=84867656045&origin=inward,https://www.scopus.com/inward/citedby.uri?partnerID=HzOxMe3b&scp=84867656045&origin=inward,,2026-04-12 18:55:14,Article,10.1007/s10682-012-9566-2,02697653,https://api.elsevier.com/content/abstract/scopus_id/84867656045,26,6,,,,1.31,17.0,1,13,,,,84867656045,2-s2.0-84867656045
3,Porto I.,Superficial calcified nodules and post-stenting micro-dissections imaged through 3-dimensional optical coherence tomography,2012,International Journal of Cardiology,,https://www.scopus.com/inward/record.uri?partnerID=HzOxMe3b&scp=84863632015&origin=inward,https://www.scopus.com/inward/citedby.uri?partnerID=HzOxMe3b&scp=84863632015&origin=inward,,2026-04-12 18:55:14,Article,10.1016/j.ijcard.2011.10.136,01675273,https://api.elsevier.com/content/abstract/scopus_id/84863632015,158,3,,,,0.23,3.0,1,13,,,,84863632015,2-s2.0-84863632015
1,Bernard R.,East palaearctic somatochlora graeseriselys occurs as a postglacial relict in europe west of the urals (anisoptera: Corduliidae),2012,Odonatologica,,https://www.scopus.com/inward/record.uri?partnerID=HzOxMe3b&scp=84871203879&origin=inward,https://www.scopus.com/inward/citedby.uri?partnerID=HzOxMe3b&scp=84871203879&origin=inward,,2026-04-12 18:55:14,Article,,03750183,https://api.elsevier.com/content/abstract/scopus_id/84871203879,41,4,,,,0.08,1.0,1,13,,,,84871203879,2-s2.0-84871203879
6,Mariano A.S.,Population structure of Polythore gigantea (Odonata: Polythoridae) in lotic systems with different conservation states in Antioquia-Colombia,2012,Revista De Biologia Tropical,,https://www.scopus.com/inward/record.uri?partnerID=HzOxMe3b&scp=84866644224&origin=inward,https://www.scopus.com/inward/citedby.uri?partnerID=HzOxMe3b&scp=84866644224&origin=inward,,2026-04-12 18:55:14,Article,,00347744,https://api.elsevier.com/content/abstract/scopus_id/84866644224,60,3,,,,0.46,6.0,1,13,,,,84866644224,2-s2.0-84866644224
4,De Souza L.O.I.,"The larva of Neoneura ethela Williamson, 1917 (Odonata: Protoneuridae)",2012,Zootaxa,,https://www.scopus.com/inward/record.uri?partnerID=HzOxMe3b&scp=84861352438&origin=inward,https://www.scopus.com/inward/citedby.uri?partnerID=HzOxMe3b&scp=84861352438&origin=inward,,2026-04-12 18:55:14,Article,10.11646/zootaxa.3318.1.5,11755326,https://api.elsevier.com/content/abstract/scopus_id/84861352438,,3318,,,,0.31,4.0,1,13,,,,84861352438,2-s2.0-84861352438
7,Moenickes S.,Temporal patterns of populations in a warming world: A modelling framework,2012,Marine Biology,,https://www.scopus.com/inward/record.uri?partnerID=HzOxMe3b&scp=84868338343&origin=inward,https://www.scopus.com/inward/citedby.uri?partnerID=HzOxMe3b&scp=84868338343&origin=inward,,2026-04-12 18:55:14,Article,10.1007/s00227-012-1996-4,00253162,https://api.elsevier.com/content/abstract/scopus_id/84868338343,159,11,,,,0.54,7.0,1,13,,,,84868338343,2-s2.0-84868338343
4,Xu Q.H.,"Periaeschna yazhenae sp. nov. from Fujian, China (Odonata: Anisoptera: Aeshnidae)",2012,Zootaxa,,https://www.scopus.com/inward/record.uri?partnerID=HzOxMe3b&scp=84867931636&origin=inward,https://www.scopus.com/inward/citedby.uri?partnerID=HzOxMe3b&scp=84867931636&origin=inward,,2026-04-12 18:55:14,Article,10.11646/zootaxa.3526.1.7,11755326,https://api.elsevier.com/content/abstract/scopus_id/84867931636,,3526,,,,0.31,4.0,1,13,,,,84867931636,2-s2.0-84867931636
4,Xu Q.,"Description of the last instar larva of Amphigomphus hansonichao, with notes on the systematic status of the genus Amphigomphus chao (Anisoptera: Gomphidae)",2012,Odonatologica,,https://www.scopus.com/inward/record.uri?partnerID=HzOxMe3b&scp=84857859015&origin=inward,https://www.scopus.com/inward/citedby.uri?partnerID=HzOxMe3b&scp=84857859015&origin=inward,,2026-04-12 18:55:14,Article,,03750183,https://api.elsevier.com/content/abstract/scopus_id/84857859015,41,1,,,,0.31,4.0,1,13,,,,84857859015,2-s2.0-84857859015
367,Prati F.,"Expert review document part 2: Methodology, terminology and clinical applications of optical coherence tomography for the assessment of interventional procedures",2012,European Heart Journal,,https://www.scopus.com/inward/record.uri?partnerID=HzOxMe3b&scp=84867715991&origin=inward,https://www.scopus.com/inward/citedby.uri?partnerID=HzOxMe3b&scp=84867715991&origin=inward,,2026-04-12 18:55:14,Review,10.1093/eurheartj/ehs095,0195668X,https://api.elsevier.com/content/abstract/scopus_id/84867715991,33,20,,,,28.23,367.0,1,13,,,,84867715991,2-s2.0-84867715991
7,Machado A.,"The apicale species group of acanthagrion, with description of four new species and a hook-moving apparatus (zygoptera: Coenag rioni dae)",2012,Odonatologica,,https://www.scopus.com/inward/record.uri?partnerID=HzOxMe3b&scp=84865958911&origin=inward,https://www.scopus.com/inward/citedby.uri?partnerID=HzOxMe3b&scp=84865958911&origin=inward,,2026-04-12 18:55:14,Article,,03750183,https://api.elsevier.com/content/abstract/scopus_id/84865958911,41,3,,,,0.54,7.0,1,13,,,,84865958911,2-s2.0-84865958911
4,Casallas-Mancipe A.,Postembrionary development of ischnura chingaza realpe under captivity conditions (Zygoptera: Coenagrionidae),2012,Odonatologica,,https://www.scopus.com/inward/record.uri?partnerID=HzOxMe3b&scp=84871203862&origin=inward,https://www.scopus.com/inward/citedby.uri?partnerID=HzOxMe3b&scp=84871203862&origin=inward,,2026-04-12 18:55:14,Article,,03750183,https://api.elsevier.com/content/abstract/scopus_id/84871203862,41,4,,,,0.31,4.0,1,13,,,,84871203862,2-s2.0-84871203862
5,Lin S.C.,Patterns of mitochondrial and wing morphological differentiation in taiwanese populations of psolodesmus mandarinus mclachlan (Zygoptera: Calopterygidae),2012,Odonatologica,,https://www.scopus.com/inward/record.uri?partnerID=HzOxMe3b&scp=84862221122&origin=inward,https://www.scopus.com/inward/citedby.uri?partnerID=HzOxMe3b&scp=84862221122&origin=inward,,2026-04-12 18:55:14,Article,,03750183,https://api.elsevier.com/content/abstract/scopus_id/84862221122,41,2,,,,0.38,5.0,1,13,,,,84862221122,2-s2.0-84862221122
33,Anusa A.,"The influence of pool size on species diversity and water chemistry in temporary rock pools on Domboshawa Mountain, northern Zimbabwe",2012,African Journal of Aquatic Science,,https://www.scopus.com/inward/record.uri?partnerID=HzOxMe3b&scp=84859628397&origin=inward,https://www.scopus.com/inward/citedby.uri?partnerID=HzOxMe3b&scp=84859628397&origin=inward,,2026-04-12 18:55:14,Article,10.2989/16085914.2012.666378,16085914,https://api.elsevier.com/content/abstract/scopus_id/84859628397,37,1,,,,2.54,33.0,1,13,,,,84859628397,2-s2.0-84859628397
1,Nishino M.,Aquatic insects,2012,Lake Biwa Interactions Between Nature and People,,https://www.scopus.com/inward/record.uri?partnerID=HzOxMe3b&scp=84949565215&origin=inward,https://www.scopus.com/inward/citedby.uri?partnerID=HzOxMe3b&scp=84949565215&origin=inward,,2026-04-12 18:55:14,Book Chapter,10.1007/978-94-007-1783-1_2,,https://api.elsevier.com/content/abstract/scopus_id/84949565215,,,,,,0.08,1.0,1,13,,,,84949565215,2-s2.0-84949565215
14,Guan Z.,Additions and refinements to the molecular phylogeny of the calopteryginae S.L. (Zygopte nRA: Calopterygidae),2012,Odonatologica,,https://www.scopus.com/inward/record.uri?partnerID=HzOxMe3b&scp=84857854645&origin=inward,https://www.scopus.com/inward/citedby.uri?partnerID=HzOxMe3b&scp=84857854645&origin=inward,,2026-04-12 18:55:14,Article,,03750183,https://api.elsevier.com/content/abstract/scopus_id/84857854645,41,1,,,,1.08,14.0,1,13,,,,84857854645,2-s2.0-84857854645
0,Tanaka S.,Cladocera of Lake Biwa,2012,Lake Biwa Interactions Between Nature and People,,https://www.scopus.com/inward/record.uri?partnerID=HzOxMe3b&scp=84949555219&origin=inward,https://www.scopus.com/inward/citedby.uri?partnerID=HzOxMe3b&scp=84949555219&origin=inward,,2026-04-12 18:55:14,Book Chapter,10.1007/978-94-007-1783-1_2,,https://api.elsevier.com/content/abstract/scopus_id/84949555219,,,,,,0.0,0.0,1,13,,,,84949555219,2-s2.0-84949555219
1,Phiri C.,"Body-size distribution, biomass estimates and life histories of common insect taxa associated with a submerged macrophyte Lagarosiphon ilicifolius in the Sanyati Basin, Lake Kariba, Zimbabwe",2012,African Journal of Aquatic Science,,https://www.scopus.com/inward/record.uri?partnerID=HzOxMe3b&scp=84869832802&origin=inward,https://www.scopus.com/inward/citedby.uri?partnerID=HzOxMe3b&scp=84869832802&origin=inward,,2026-04-12 18:55:14,Article,10.2989/16085914.2012.723195,16085914,https://api.elsevier.com/content/abstract/scopus_id/84869832802,37,3,,,,0.08,1.0,1,13,,,,84869832802,2-s2.0-84869832802
7,Amaya-Vallejo V.,Desmogomphusanchicayensis spec. nov. from colombia (Anisoptera: Gomphidae),2012,Odonatologica,,https://www.scopus.com/inward/record.uri?partnerID=HzOxMe3b&scp=84857831834&origin=inward,https://www.scopus.com/inward/citedby.uri?partnerID=HzOxMe3b&scp=84857831834&origin=inward,,2026-04-12 18:55:14,Article,,03750183,https://api.elsevier.com/content/abstract/scopus_id/84857831834,41,1,,,,0.54,7.0,1,13,,,,84857831834,2-s2.0-84857831834
6,Contreras-Garduño J.,Phenoloxidase production: The importance of time after juvenile hormone analogue administration in hetaerina americana (fabricius) (zygoptera: Calopterygidae),2012,Odonatologica,,https://www.scopus.com/inward/record.uri?partnerID=HzOxMe3b&scp=84857848308&origin=inward,https://www.scopus.com/inward/citedby.uri?partnerID=HzOxMe3b&scp=84857848308&origin=inward,,2026-04-12 18:55:14,Review,,03750183,https://api.elsevier.com/content/abstract/scopus_id/84857848308,41,1,,,,0.46,6.0,1,13,,,,84857848308,2-s2.0-84857848308
51,Odume O.,"The impact of water quality deterioration on macroinvertebrate communities in the Swartkops River, South Africa: A multimetric approach",2012,African Journal of Aquatic Science,,https://www.scopus.com/inward/record.uri?partnerID=HzOxMe3b&scp=84863603667&origin=inward,https://www.scopus.com/inward/citedby.uri?partnerID=HzOxMe3b&scp=84863603667&origin=inward,,2026-04-12 18:55:14,Article,10.2989/16085914.2012.670613,16085914,https://api.elsevier.com/content/abstract/scopus_id/84863603667,37,2,,,,3.92,51.0,1,13,,,,84863603667,2-s2.0-84863603667
23,Klass K.D.,"The exoskeleton of the female genitalic region in Petrobiellus takunagae (Insecta: Archaeognatha): Insect-wide terminology, homologies, and functional interpretations",2012,Arthropod Structure and Development,,https://www.scopus.com/inward/record.uri?partnerID=HzOxMe3b&scp=84870388388&origin=inward,https://www.scopus.com/inward/citedby.uri?partnerID=HzOxMe3b&scp=84870388388&origin=inward,,2026-04-12 18:55:14,Article,10.1016/j.asd.2012.06.003,14678039,https://api.elsevier.com/content/abstract/scopus_id/84870388388,41,6,,,,1.77,23.0,1,13,,,,84870388388,2-s2.0-84870388388
19,Maltchik L.,Diversity and distribution of aquatic insects in Southern Brazil wetlands: Implications for biodiversity conservation in a Neotropical region,2012,Revista De Biologia Tropical,,https://www.scopus.com/inward/record.uri?partnerID=HzOxMe3b&scp=84860557210&origin=inward,https://www.scopus.com/inward/citedby.uri?partnerID=HzOxMe3b&scp=84860557210&origin=inward,,2026-04-12 18:55:14,Article,10.15517/rbt.v60i1.2761,00347744,https://api.elsevier.com/content/abstract/scopus_id/84860557210,60,1,,,,1.46,19.0,1,13,,,,84860557210,2-s2.0-84860557210
11,Selva Kumar C.,Influence of certain forces on evolution of synonymous codon usage bias in certain species of three basal orders of aquatic insects,2012,Mitochondrial DNA,,https://www.scopus.com/inward/record.uri?partnerID=HzOxMe3b&scp=84870898079&origin=inward,https://www.scopus.com/inward/citedby.uri?partnerID=HzOxMe3b&scp=84870898079&origin=inward,,2026-04-12 18:55:14,Article,10.3109/19401736.2012.710203,19401736,https://api.elsevier.com/content/abstract/scopus_id/84870898079,23,6,,,,0.85,11.0,1,13,,,,84870898079,2-s2.0-84870898079
5,Guan Z.,"Atrocalopteryxmelli orohainani ssp. nov. on the island of hainan, CHINA (zygoptera: Calopterygidae)",2012,Odonatologica,,https://www.scopus.com/inward/record.uri?partnerID=HzOxMe3b&scp=84857838662&origin=inward,https://www.scopus.com/inward/citedby.uri?partnerID=HzOxMe3b&scp=84857838662&origin=inward,,2026-04-12 18:55:14,Article,,03750183,https://api.elsevier.com/content/abstract/scopus_id/84857838662,41,1,,,,0.38,5.0,1,13,,,,84857838662,2-s2.0-84857838662
24,Hanson M.,Comparing Effects of Lake- and Watershed-Scale Influences on Communities of Aquatic Invertebrates in Shallow Lakes,2012,Plos One,,https://www.scopus.com/inward/record.uri?partnerID=HzOxMe3b&scp=84866106527&origin=inward,https://www.scopus.com/inward/citedby.uri?partnerID=HzOxMe3b&scp=84866106527&origin=inward,,2026-04-12 18:55:14,Article,10.1371/journal.pone.0044644,,https://api.elsevier.com/content/abstract/scopus_id/84866106527,7,9,,,,1.85,24.0,1,13,,,,84866106527,2-s2.0-84866106527
47,Wan X.,"Complete mitochondrial genome of the free-living earwig, Challia fletcheri (dermaptera: Pygidicranidae) and phylogeny of polyneoptera",2012,Plos One,,https://www.scopus.com/inward/record.uri?partnerID=HzOxMe3b&scp=84864650156&origin=inward,https://www.scopus.com/inward/citedby.uri?partnerID=HzOxMe3b&scp=84864650156&origin=inward,,2026-04-12 18:55:14,Article,10.1371/journal.pone.0042056,,https://api.elsevier.com/content/abstract/scopus_id/84864650156,7,8,,,,3.62,47.0,1,13,,,,84864650156,2-s2.0-84864650156
19,Michailova P.,Does biodiversity of macroinvertebrates and genome response of Chironomidae larvae (Diptera) reflect heavy metal pollution in a small pond?,2012,Environmental Monitoring and Assessment,,https://www.scopus.com/inward/record.uri?partnerID=HzOxMe3b&scp=82255186631&origin=inward,https://www.scopus.com/inward/citedby.uri?partnerID=HzOxMe3b&scp=82255186631&origin=inward,,2026-04-12 18:55:14,Article,10.1007/s10661-011-1942-9,01676369,https://api.elsevier.com/content/abstract/scopus_id/82255186631,184,1,,,,1.46,19.0,1,13,,,,82255186631,2-s2.0-82255186631
100,Cardoso P.,Habitats Directive species lists: Urgent need of revision,2012,Insect Conservation and Diversity,,https://www.scopus.com/inward/record.uri?partnerID=HzOxMe3b&scp=81155161379&origin=inward,https://www.scopus.com/inward/citedby.uri?partnerID=HzOxMe3b&scp=81155161379&origin=inward,,2026-04-12 18:55:14,Article,10.1111/j.1752-4598.2011.00140.x,1752458X,https://api.elsevier.com/content/abstract/scopus_id/81155161379,5,2,,,,7.69,100.0,1,13,,,,81155161379,2-s2.0-81155161379
103,Klecka J.,Who eats whom in a pool? a comparative study of prey selectivity by predatory aquatic insects,2012,Plos One,,https://www.scopus.com/inward/record.uri?partnerID=HzOxMe3b&scp=84861847106&origin=inward,https://www.scopus.com/inward/citedby.uri?partnerID=HzOxMe3b&scp=84861847106&origin=inward,,2026-04-12 18:55:14,Article,10.1371/journal.pone.0037741,,https://api.elsevier.com/content/abstract/scopus_id/84861847106,7,6,,,,7.92,103.0,1,13,,,,84861847106,2-s2.0-84861847106
50,Bonada N.,Spatial autocorrelation patterns of stream invertebrates: Exogenous and endogenous factors,2012,Journal of Biogeography,,https://www.scopus.com/inward/record.uri?partnerID=HzOxMe3b&scp=83555178549&origin=inward,https://www.scopus.com/inward/citedby.uri?partnerID=HzOxMe3b&scp=83555178549&origin=inward,,2026-04-12 18:55:14,Article,10.1111/j.1365-2699.2011.02562.x,03050270,https://api.elsevier.com/content/abstract/scopus_id/83555178549,39,1,,,,3.85,50.0,1,13,,,,83555178549,2-s2.0-83555178549
23,Arimoro F.O.,"Spatiotemporal variation of macroinvertebrates in relation to canopy cover and other environmental factors in Eriora River, Niger Delta, Nigeria",2012,Environmental Monitoring and Assessment,,https://www.scopus.com/inward/record.uri?partnerID=HzOxMe3b&scp=84866534441&origin=inward,https://www.scopus.com/inward/citedby.uri?partnerID=HzOxMe3b&scp=84866534441&origin=inward,,2026-04-12 18:55:14,Article,10.1007/s10661-011-2432-9,01676369,https://api.elsevier.com/content/abstract/scopus_id/84866534441,184,10,,,,1.77,23.0,1,13,,,,84866534441,2-s2.0-84866534441
22,Jaeschke A.,Biotic Interactions in the Face of Climate Change: A Comparison of Three Modelling Approaches,2012,Plos One,,https://www.scopus.com/inward/record.uri?partnerID=HzOxMe3b&scp=84870818617&origin=inward,https://www.scopus.com/inward/citedby.uri?partnerID=HzOxMe3b&scp=84870818617&origin=inward,,2026-04-12 18:55:14,Article,10.1371/journal.pone.0051472,,https://api.elsevier.com/content/abstract/scopus_id/84870818617,7,12,,,,1.69,22.0,1,13,,,,84870818617,2-s2.0-84870818617
23,Carle F.L.,"A new epiophlebia (Odonata: Epiophlebioidea) from china with a review of epiophlebian taxonomy, life history, and biogeography",2012,Arthropod Systematics and Phylogeny,,https://www.scopus.com/inward/record.uri?partnerID=HzOxMe3b&scp=84873438255&origin=inward,https://www.scopus.com/inward/citedby.uri?partnerID=HzOxMe3b&scp=84873438255&origin=inward,,2026-04-12 18:55:14,Article,10.3897/asp.70.e31750,18637221,https://api.elsevier.com/content/abstract/scopus_id/84873438255,70,2,,,,1.77,23.0,1,13,,,,84873438255,2-s2.0-84873438255
4,Müller O.,Description of the larva of boyeria cretensis Peters and Comparison with B. irene (fonscolombe) (Anisoptera: Aeshnidae),2012,Odonatologica,,https://www.scopus.com/inward/record.uri?partnerID=HzOxMe3b&scp=84857845161&origin=inward,https://www.scopus.com/inward/citedby.uri?partnerID=HzOxMe3b&scp=84857845161&origin=inward,,2026-04-12 18:55:14,Article,,03750183,https://api.elsevier.com/content/abstract/scopus_id/84857845161,41,1,,,,0.31,4.0,1,13,,,,84857845161,2-s2.0-84857845161
84,Lunde K.B.,Development and validation of a macroinvertebrate index of biotic integrity (IBI) for assessing urban impacts to Northern California freshwater wetlands,2012,Environmental Monitoring and Assessment,,https://www.scopus.com/inward/record.uri?partnerID=HzOxMe3b&scp=84863752572&origin=inward,https://www.scopus.com/inward/citedby.uri?partnerID=HzOxMe3b&scp=84863752572&origin=inward,,2026-04-12 18:55:14,Article,10.1007/s10661-011-2214-4,01676369,https://api.elsevier.com/content/abstract/scopus_id/84863752572,184,6,,,,6.46,84.0,1,13,,,,84863752572,2-s2.0-84863752572
2,Kyerematen R.,Aquatic insect fauna of three river systems in the Akyem Abuakwa traditional area of the Eastern Region of Ghana,2012,West African Journal of Applied Ecology,,https://www.scopus.com/inward/record.uri?partnerID=HzOxMe3b&scp=84885994157&origin=inward,https://www.scopus.com/inward/citedby.uri?partnerID=HzOxMe3b&scp=84885994157&origin=inward,,2026-04-12 18:55:14,Article,,08554307,https://api.elsevier.com/content/abstract/scopus_id/84885994157,20,3 SPL. EDN,,,,0.15,2.0,1,13,,,,84885994157,2-s2.0-84885994157
15,Perkin J.S.,Life history aspects of a relict ironcolor shiner notropis chalybaeus population in a novel spring environment,2012,American Midland Naturalist,,https://www.scopus.com/inward/record.uri?partnerID=HzOxMe3b&scp=84855405181&origin=inward,https://www.scopus.com/inward/citedby.uri?partnerID=HzOxMe3b&scp=84855405181&origin=inward,,2026-04-12 18:55:14,Article,10.1674/0003-0031-167.1.111,00030031,https://api.elsevier.com/content/abstract/scopus_id/84855405181,167,1,,,,1.15,15.0,1,13,,,,84855405181,2-s2.0-84855405181
10,Phonguodume C.,"Effects of light intensities on growth performance, biomass allocation and chlorophyll content of five tropical deciduous seedlings in Lao PDR",2012,Journal of Environmental Science and Management,,https://www.scopus.com/inward/record.uri?partnerID=HzOxMe3b&scp=84863696502&origin=inward,https://www.scopus.com/inward/citedby.uri?partnerID=HzOxMe3b&scp=84863696502&origin=inward,,2026-04-12 18:55:14,Article,,01191144,https://api.elsevier.com/content/abstract/scopus_id/84863696502,15,SUPPL.1,,,,0.77,10.0,1,13,,,,84863696502,2-s2.0-84863696502
7,Huang S.C.,The reproductive biology and daily activity patterns of ischnura heterosticta (burmeister) in eastern Australia (zygoptera: Coenagrionidae),2012,Odonatologica,,https://www.scopus.com/inward/record.uri?partnerID=HzOxMe3b&scp=84862200261&origin=inward,https://www.scopus.com/inward/citedby.uri?partnerID=HzOxMe3b&scp=84862200261&origin=inward,,2026-04-12 18:55:14,Article,,03750183,https://api.elsevier.com/content/abstract/scopus_id/84862200261,41,2,,,,0.54,7.0,1,13,,,,84862200261,2-s2.0-84862200261
0,Varshney P.K.,Biological diversity of live food spectrum at Maa Chandrika Devi site in upstream of river Gomti in Lucknow (India),2012,Journal of Ecophysiology and Occupational Health,,https://www.scopus.com/inward/record.uri?partnerID=HzOxMe3b&scp=84878370086&origin=inward,https://www.scopus.com/inward/citedby.uri?partnerID=HzOxMe3b&scp=84878370086&origin=inward,,2026-04-12 18:55:14,Article,,09724397,https://api.elsevier.com/content/abstract/scopus_id/84878370086,12,3-4,,,,0.0,0.0,1,13,,,,84878370086,2-s2.0-84878370086
11,Outomuro D.,"Allometry of secondary, primary, and nonsexual traits in the beautiful demoiselle (Calopteryx virgo meridionalis)",2012,Canadian Journal of Zoology,,https://www.scopus.com/inward/record.uri?partnerID=HzOxMe3b&scp=84865393199&origin=inward,https://www.scopus.com/inward/citedby.uri?partnerID=HzOxMe3b&scp=84865393199&origin=inward,,2026-04-12 18:55:14,Article,10.1139/Z2012-076,00084301,https://api.elsevier.com/content/abstract/scopus_id/84865393199,90,9,,,,0.85,11.0,1,13,,,,84865393199,2-s2.0-84865393199
1,Buczyński P.,"On the occurrence of Cordulegaster boltonii (Donovan, 1807) (Odonata: Cordulegastridae) in the western part of the Lithuanian Lake District (Poland)",2012,Zoology and Ecology,,https://www.scopus.com/inward/record.uri?partnerID=HzOxMe3b&scp=85012535258&origin=inward,https://www.scopus.com/inward/citedby.uri?partnerID=HzOxMe3b&scp=85012535258&origin=inward,,2026-04-12 18:55:14,Article,10.1080/21658005.2012.746041,21658005,https://api.elsevier.com/content/abstract/scopus_id/85012535258,22,3-4,,,,0.08,1.0,1,13,,,,85012535258,2-s2.0-85012535258
13,Monaghan K.A.,Bringing new knowledge to an old problem: Building a biotic index from lotic macroinvertebrate traits,2012,Ecological Indicators,,https://www.scopus.com/inward/record.uri?partnerID=HzOxMe3b&scp=84858248470&origin=inward,https://www.scopus.com/inward/citedby.uri?partnerID=HzOxMe3b&scp=84858248470&origin=inward,,2026-04-12 18:55:14,Article,10.1016/j.ecolind.2012.02.017,1470160X,https://api.elsevier.com/content/abstract/scopus_id/84858248470,20,,,,,1.0,13.0,1,13,,,,84858248470,2-s2.0-84858248470
40,Didham R.K.,Horizontal and vertical structuring in the dispersal of adult aquatic insects in a fragmented landscape,2012,Fundamental and Applied Limnology,,https://www.scopus.com/inward/record.uri?partnerID=HzOxMe3b&scp=84872847621&origin=inward,https://www.scopus.com/inward/citedby.uri?partnerID=HzOxMe3b&scp=84872847621&origin=inward,,2026-04-12 18:55:14,Article,10.1127/1863-9135/2012/0243,18639135,https://api.elsevier.com/content/abstract/scopus_id/84872847621,180,1,,,,3.08,40.0,1,13,,,,84872847621,2-s2.0-84872847621
16,Yeates D.,A view from the edge of the forest: Recent progress in understanding the relationships of the insect orders,2012,Australian Journal of Entomology,,https://www.scopus.com/inward/record.uri?partnerID=HzOxMe3b&scp=84861154887&origin=inward,https://www.scopus.com/inward/citedby.uri?partnerID=HzOxMe3b&scp=84861154887&origin=inward,,2026-04-12 18:55:14,Review,10.1111/j.1440-6055.2012.00857.x,13266756,https://api.elsevier.com/content/abstract/scopus_id/84861154887,51,2,,,,1.23,16.0,1,13,,,,84861154887,2-s2.0-84861154887
46,Getachew M.,"Ecological assessment of Cheffa Wetland in the Borkena Valley, northeast Ethiopia: Macroinvertebrate and bird communities",2012,Ecological Indicators,,https://www.scopus.com/inward/record.uri?partnerID=HzOxMe3b&scp=81755168295&origin=inward,https://www.scopus.com/inward/citedby.uri?partnerID=HzOxMe3b&scp=81755168295&origin=inward,,2026-04-12 18:55:14,Article,10.1016/j.ecolind.2011.09.011,1470160X,https://api.elsevier.com/content/abstract/scopus_id/81755168295,15,1,,,,3.54,46.0,1,13,,,,81755168295,2-s2.0-81755168295
1,Sadeghi S.,"Wing shape variation in calopteryx splendens (Harris) populations in the zagros mountains, Iran (Zygoptera:Zalopterygidae)",2012,Odonatologica,,https://www.scopus.com/inward/record.uri?partnerID=HzOxMe3b&scp=84862197240&origin=inward,https://www.scopus.com/inward/citedby.uri?partnerID=HzOxMe3b&scp=84862197240&origin=inward,,2026-04-12 18:55:14,Article,,03750183,https://api.elsevier.com/content/abstract/scopus_id/84862197240,41,2,,,,0.08,1.0,1,13,,,,84862197240,2-s2.0-84862197240
4,Kaňovský J.,Optical coherence tomography in interventional cardiology - Research field or future daily routine?,2012,Cor Et Vasa,,https://www.scopus.com/inward/record.uri?partnerID=HzOxMe3b&scp=84862892956&origin=inward,https://www.scopus.com/inward/citedby.uri?partnerID=HzOxMe3b&scp=84862892956&origin=inward,,2026-04-12 18:55:14,Review,10.1016/j.crvasa.2012.05.007,00108650,https://api.elsevier.com/content/abstract/scopus_id/84862892956,54,5-6,,,,0.31,4.0,1,13,,,,84862892956,2-s2.0-84862892956
46,Beattie R.,"Palaeoecology and palaeoenvironment of the Jurassic Talbragar Fossil Fish Bed, Gulgong, New South Wales, Australia",2012,Alcheringa,,https://www.scopus.com/inward/record.uri?partnerID=HzOxMe3b&scp=84863973997&origin=inward,https://www.scopus.com/inward/citedby.uri?partnerID=HzOxMe3b&scp=84863973997&origin=inward,,2026-04-12 18:55:14,Article,10.1080/03115518.2012.671675,03115518,https://api.elsevier.com/content/abstract/scopus_id/84863973997,36,4,,,,3.54,46.0,1,13,,,,84863973997,2-s2.0-84863973997
4,Rattanapun W.,Diversity and population dynamics of pests and predators in irrigated rice fields with treated and untreated pesticide.,2012,Communications in Agricultural and Applied Biological Sciences,,https://www.scopus.com/inward/record.uri?partnerID=HzOxMe3b&scp=84883038407&origin=inward,https://www.scopus.com/inward/citedby.uri?partnerID=HzOxMe3b&scp=84883038407&origin=inward,,2026-04-12 18:55:14,Article,,13791176,https://api.elsevier.com/content/abstract/scopus_id/84883038407,77,4,,,,0.31,4.0,1,13,,,,84883038407,2-s2.0-84883038407
1,Fontana-Bria L.,Revision of valencian dragonfies in the arthropod collection at the museu de ciències naturals de Barcelona,2012,Arxius De Miscellania Zoologica,,https://www.scopus.com/inward/record.uri?partnerID=HzOxMe3b&scp=84888349525&origin=inward,https://www.scopus.com/inward/citedby.uri?partnerID=HzOxMe3b&scp=84888349525&origin=inward,,2026-04-12 18:55:14,Article,10.32800/amz.2012.10.0001,,https://api.elsevier.com/content/abstract/scopus_id/84888349525,10,,,,,0.08,1.0,1,13,,,,84888349525,2-s2.0-84888349525
12,Gutiérrez-Chico J.L.,Spatial distribution and temporal evolution of scattering centers by optical coherence tomography in the poly(L-lactide) backbone of a bioresorbable vascular scaffold,2012,Circulation Journal,,https://www.scopus.com/inward/record.uri?partnerID=HzOxMe3b&scp=84856241691&origin=inward,https://www.scopus.com/inward/citedby.uri?partnerID=HzOxMe3b&scp=84856241691&origin=inward,,2026-04-12 18:55:14,Article,10.1253/circj.CJ-11-0726,13469843,https://api.elsevier.com/content/abstract/scopus_id/84856241691,76,2,,,,0.92,12.0,1,13,,,,84856241691,2-s2.0-84856241691
105,Terashima M.,The role of optical coherence tomography in coronary intervention,2012,Korean Journal of Internal Medicine,,https://www.scopus.com/inward/record.uri?partnerID=HzOxMe3b&scp=84863379505&origin=inward,https://www.scopus.com/inward/citedby.uri?partnerID=HzOxMe3b&scp=84863379505&origin=inward,,2026-04-12 18:55:14,Review,10.3904/kjim.2012.27.1.1,12263303,https://api.elsevier.com/content/abstract/scopus_id/84863379505,27,1,,,,8.08,105.0,1,13,,,,84863379505,2-s2.0-84863379505
55,Saha N.,Predation potential of odonates on mosquito larvae: Implications for biological control,2012,Biological Control,,https://www.scopus.com/inward/record.uri?partnerID=HzOxMe3b&scp=84864335724&origin=inward,https://www.scopus.com/inward/citedby.uri?partnerID=HzOxMe3b&scp=84864335724&origin=inward,,2026-04-12 18:55:14,Article,10.1016/j.biocontrol.2012.05.004,10499644,https://api.elsevier.com/content/abstract/scopus_id/84864335724,63,1,,,,4.23,55.0,1,13,,,,84864335724,2-s2.0-84864335724
9,Chen K.,"The effects of petroleum exploitation on water quality bio-assessment and benthic macro-invertebrate communities in the Yellow River Delta wetland, Dongying",2012,Shengtai Xuebao Acta Ecologica Sinica,,https://www.scopus.com/inward/record.uri?partnerID=HzOxMe3b&scp=84859324417&origin=inward,https://www.scopus.com/inward/citedby.uri?partnerID=HzOxMe3b&scp=84859324417&origin=inward,,2026-04-12 18:55:14,Article,10.5846/stxb201102170185,10000933,https://api.elsevier.com/content/abstract/scopus_id/84859324417,32,6,,,,0.69,9.0,1,13,,,,84859324417,2-s2.0-84859324417
14,Evenhuis N.L.,Publication and dating of the exploration scientifique de l'Algérie: Histoire naturelle des animaux articulés (1846-1849) by Pierre Hippolyte Lucas,2012,Zootaxa,,https://www.scopus.com/inward/record.uri?partnerID=HzOxMe3b&scp=84865732731&origin=inward,https://www.scopus.com/inward/citedby.uri?partnerID=HzOxMe3b&scp=84865732731&origin=inward,,2026-04-12 18:55:14,Review,10.11646/zootaxa.3448.1.1,11755326,https://api.elsevier.com/content/abstract/scopus_id/84865732731,,3448,,,,1.08,14.0,1,13,,,,84865732731,2-s2.0-84865732731
31,McClure C.J.W.,Climate change and the decline of a once common bird,2012,Ecology and Evolution,,https://www.scopus.com/inward/record.uri?partnerID=HzOxMe3b&scp=84866758664&origin=inward,https://www.scopus.com/inward/citedby.uri?partnerID=HzOxMe3b&scp=84866758664&origin=inward,,2026-04-12 18:55:14,Article,10.1002/ece3.95,,https://api.elsevier.com/content/abstract/scopus_id/84866758664,2,2,,,,2.38,31.0,1,13,,,,84866758664,2-s2.0-84866758664
28,Sinclair K.,"Methylmercury in water, sediment, and invertebrates in created wetlands of Rouge Park, Toronto, Canada",2012,Environmental Pollution,,https://www.scopus.com/inward/record.uri?partnerID=HzOxMe3b&scp=84865524405&origin=inward,https://www.scopus.com/inward/citedby.uri?partnerID=HzOxMe3b&scp=84865524405&origin=inward,,2026-04-12 18:55:14,Article,10.1016/j.envpol.2012.07.043,02697491,https://api.elsevier.com/content/abstract/scopus_id/84865524405,171,,,,,2.15,28.0,1,13,,,,84865524405,2-s2.0-84865524405
15,Zawal A.,"Water mite parasites (hydrachnidia) of odonates from the nature reserve ""jezioro szare Northwestern Poland",2012,Odonatologica,,https://www.scopus.com/inward/record.uri?partnerID=HzOxMe3b&scp=84865975511&origin=inward,https://www.scopus.com/inward/citedby.uri?partnerID=HzOxMe3b&scp=84865975511&origin=inward,,2026-04-12 18:55:14,Article,,03750183,https://api.elsevier.com/content/abstract/scopus_id/84865975511,41,3,,,,1.15,15.0,1,13,,,,84865975511,2-s2.0-84865975511
57,Musolin D.,Responses of insects to the current climate changes: From physiology and behavior to range shifts,2012,Entomological Review,,https://www.scopus.com/inward/record.uri?partnerID=HzOxMe3b&scp=84869032577&origin=inward,https://www.scopus.com/inward/citedby.uri?partnerID=HzOxMe3b&scp=84869032577&origin=inward,,2026-04-12 18:55:14,Review,10.1134/S0013873812070019,00138738,https://api.elsevier.com/content/abstract/scopus_id/84869032577,92,7,,,,4.38,57.0,1,13,,,,84869032577,2-s2.0-84869032577
10,Shoup D.E.,The effect of vegetation density on juvenile bluegill diet and growth,2012,Journal of Freshwater Ecology,,https://www.scopus.com/inward/record.uri?partnerID=HzOxMe3b&scp=84862897093&origin=inward,https://www.scopus.com/inward/citedby.uri?partnerID=HzOxMe3b&scp=84862897093&origin=inward,,2026-04-12 18:55:14,Article,10.1080/02705060.2011.641357,02705060,https://api.elsevier.com/content/abstract/scopus_id/84862897093,27,2,,,,0.77,10.0,1,13,,,,84862897093,2-s2.0-84862897093
23,Ndenga B.,"Physical, Chemical and Biological Characteristics in Habitats of High and Low Presence of Anopheline Larvae in Western Kenya Highlands",2012,Plos One,,https://www.scopus.com/inward/record.uri?partnerID=HzOxMe3b&scp=84867868694&origin=inward,https://www.scopus.com/inward/citedby.uri?partnerID=HzOxMe3b&scp=84867868694&origin=inward,,2026-04-12 18:55:14,Article,10.1371/journal.pone.0047975,,https://api.elsevier.com/content/abstract/scopus_id/84867868694,7,10,,,,1.77,23.0,1,13,,,,84867868694,2-s2.0-84867868694
17,Wesner J.S.,Emerging aquatic insects as predators in terrestrial systems across a gradient of stream temperature in North and South America,2012,Freshwater Biology,,https://www.scopus.com/inward/record.uri?partnerID=HzOxMe3b&scp=84867919652&origin=inward,https://www.scopus.com/inward/citedby.uri?partnerID=HzOxMe3b&scp=84867919652&origin=inward,,2026-04-12 18:55:14,Article,10.1111/fwb.12013,00465070,https://api.elsevier.com/content/abstract/scopus_id/84867919652,57,12,,,,1.31,17.0,1,13,,,,84867919652,2-s2.0-84867919652
22,Selvakumar R.,Analysis on surface nanostructures present in hindwing of dragon fly (Sympetrum vulgatum) using atomic force microscopy,2012,Micron,,https://www.scopus.com/inward/record.uri?partnerID=HzOxMe3b&scp=84865813742&origin=inward,https://www.scopus.com/inward/citedby.uri?partnerID=HzOxMe3b&scp=84865813742&origin=inward,,2026-04-12 18:55:14,Article,10.1016/j.micron.2011.10.017,09684328,https://api.elsevier.com/content/abstract/scopus_id/84865813742,43,12,,,,1.69,22.0,1,13,,,,84865813742,2-s2.0-84865813742
91,Thomas S.J.,A battery-free multichannel digital neural/EMG telemetry system for flying insects,2012,IEEE Transactions on Biomedical Circuits and Systems,,https://www.scopus.com/inward/record.uri?partnerID=HzOxMe3b&scp=84870522850&origin=inward,https://www.scopus.com/inward/citedby.uri?partnerID=HzOxMe3b&scp=84870522850&origin=inward,,2026-04-12 18:55:14,Article,10.1109/TBCAS.2012.2222881,19324545,https://api.elsevier.com/content/abstract/scopus_id/84870522850,6,5,,,,7.0,91.0,1,13,,,,84870522850,2-s2.0-84870522850
19,Martin S.,"Seasonal changes of macroinvertebrate communities in a stormwater Wetland Collecting pesticide runoff from a vineyard catchment (Alsace, France)",2012,Archives of Environmental Contamination and Toxicology,,https://www.scopus.com/inward/record.uri?partnerID=HzOxMe3b&scp=84856973938&origin=inward,https://www.scopus.com/inward/citedby.uri?partnerID=HzOxMe3b&scp=84856973938&origin=inward,,2026-04-12 18:55:14,Article,10.1007/s00244-011-9687-6,00904341,https://api.elsevier.com/content/abstract/scopus_id/84856973938,62,1,,,,1.46,19.0,1,13,,,,84856973938,2-s2.0-84856973938
