Cites,Authors,Title,Year,Source,Publisher,ArticleURL,CitesURL,GSRank,QueryDate,Type,DOI,ISSN,CitationURL,Volume,Issue,StartPage,EndPage,ECC,CitesPerYear,CitesPerAuthor,AuthorCount,Age,Abstract,FullTextURL,RelatedURL,ScopusID,EID
1,Buden D.W.,Dragonflies and Damselflies (Insecta: Odonata) of the Republic of the Marshall Islands,2018,Pacific Science,,https://www.scopus.com/inward/record.uri?partnerID=HzOxMe3b&scp=85050210776&origin=inward,https://www.scopus.com/inward/citedby.uri?partnerID=HzOxMe3b&scp=85050210776&origin=inward,,2026-04-12 18:58:39,Article,10.2984/72.3.8,00308870,https://api.elsevier.com/content/abstract/scopus_id/85050210776,72,3,,,,0.14,1.0,1,7,,,,85050210776,2-s2.0-85050210776
71,Kalkman V.,Diversity and conservation of European dragonflies and damselflies (Odonata),2018,Hydrobiologia,,https://www.scopus.com/inward/record.uri?partnerID=HzOxMe3b&scp=85040771687&origin=inward,https://www.scopus.com/inward/citedby.uri?partnerID=HzOxMe3b&scp=85040771687&origin=inward,,2026-04-12 18:58:39,Article,10.1007/s10750-017-3495-6,00188158,https://api.elsevier.com/content/abstract/scopus_id/85040771687,811,1,,,,10.14,71.0,1,7,,,,85040771687,2-s2.0-85040771687
15,Sugita N.,"Acute toxicity of neonicotinoids and some insecticides to first instar nymphs of a non-target damselfly, Ischnura senegalensis (Odonata: Coenagrionidae), in Japanese paddy fields",2018,Applied Entomology and Zoology,,https://www.scopus.com/inward/record.uri?partnerID=HzOxMe3b&scp=85056263076&origin=inward,https://www.scopus.com/inward/citedby.uri?partnerID=HzOxMe3b&scp=85056263076&origin=inward,,2026-04-12 18:58:39,Article,10.1007/s13355-018-0583-7,00036862,https://api.elsevier.com/content/abstract/scopus_id/85056263076,53,4,,,,2.14,15.0,1,7,,,,85056263076,2-s2.0-85056263076
2,Debata S.,"Odonata (Insecta) diversity of Kuldiha Wildlife Sanctuary and its adjoining areas, Odisha, eastern India",2018,Journal of Threatened Taxa,,https://www.scopus.com/inward/record.uri?partnerID=HzOxMe3b&scp=85062344050&origin=inward,https://www.scopus.com/inward/citedby.uri?partnerID=HzOxMe3b&scp=85062344050&origin=inward,,2026-04-12 18:58:39,Article,10.11609/JOTT.3463.10.15.12969-12978,09747893,https://api.elsevier.com/content/abstract/scopus_id/85062344050,10,15,,,,0.29,2.0,1,7,,,,85062344050,2-s2.0-85062344050
3,Smallshire D.,"BRITAIN’S DRAGONFLIES: A Field Guide to the Damselflies and Dragonflies of Great Britain and Ireland - Fully Revised and Updated, Fourth Edition",2018,Britains Dragonflies A Field Guide to the Damselflies and Dragonflies of Great Britain and Ireland Fully Revised and Updated Fourth Edition,,https://www.scopus.com/inward/record.uri?partnerID=HzOxMe3b&scp=85198465392&origin=inward,https://www.scopus.com/inward/citedby.uri?partnerID=HzOxMe3b&scp=85198465392&origin=inward,,2026-04-12 18:58:39,Book,,,https://api.elsevier.com/content/abstract/scopus_id/85198465392,,,,,,0.43,3.0,1,7,,,,85198465392,2-s2.0-85198465392
6,Rangel-Sánchez L.,"Estimating distribution area in six Argia damselflies (Insecta: Odonata: Coenagrionidae) including A. garrisoni, a threatened species",2018,Revista Mexicana De Biodiversidad,,https://www.scopus.com/inward/record.uri?partnerID=HzOxMe3b&scp=85053464605&origin=inward,https://www.scopus.com/inward/citedby.uri?partnerID=HzOxMe3b&scp=85053464605&origin=inward,,2026-04-12 18:58:39,Article,10.22201/ib.20078706e.2018.3.2469,18703453,https://api.elsevier.com/content/abstract/scopus_id/85053464605,89,3,,,,0.86,6.0,1,7,,,,85053464605,2-s2.0-85053464605
3,Senouci H.,"Contribution to the study of diversity and abundance of odonates in some wet biotopes in Tiaret Region, Algeria",2018,Plant Archives,,https://www.scopus.com/inward/record.uri?partnerID=HzOxMe3b&scp=85048642490&origin=inward,https://www.scopus.com/inward/citedby.uri?partnerID=HzOxMe3b&scp=85048642490&origin=inward,,2026-04-12 18:58:39,Article,,09725210,https://api.elsevier.com/content/abstract/scopus_id/85048642490,18,1,,,,0.43,3.0,1,7,,,,85048642490,2-s2.0-85048642490
8,Sanchez Herrera M.,A molecular systematic analysis of the Neotropical banner winged damselflies (Polythoridae: Odonata),2018,Systematic Entomology,,https://www.scopus.com/inward/record.uri?partnerID=HzOxMe3b&scp=85028823510&origin=inward,https://www.scopus.com/inward/citedby.uri?partnerID=HzOxMe3b&scp=85028823510&origin=inward,,2026-04-12 18:58:39,Article,10.1111/syen.12249,03076970,https://api.elsevier.com/content/abstract/scopus_id/85028823510,43,1,,,,1.14,8.0,1,7,,,,85028823510,2-s2.0-85028823510
20,Seidu I.,Odonata assemblages along an anthropogenic disturbance gradient in Ghana's eastern region,2018,Odonatologica,,https://www.scopus.com/inward/record.uri?partnerID=HzOxMe3b&scp=85048373609&origin=inward,https://www.scopus.com/inward/citedby.uri?partnerID=HzOxMe3b&scp=85048373609&origin=inward,,2026-04-12 18:58:39,Article,10.5281/zenodo.1239947,03750183,https://api.elsevier.com/content/abstract/scopus_id/85048373609,47,1-2,,,,2.86,20.0,1,7,,,,85048373609,2-s2.0-85048373609
21,Harabiš F.,Military training areas as refuges for threatened dragonfly species: Effect of spatial isolation and military activity,2018,Biological Conservation,,https://www.scopus.com/inward/record.uri?partnerID=HzOxMe3b&scp=85033602169&origin=inward,https://www.scopus.com/inward/citedby.uri?partnerID=HzOxMe3b&scp=85033602169&origin=inward,,2026-04-12 18:58:39,Article,10.1016/j.biocon.2017.10.021,00063207,https://api.elsevier.com/content/abstract/scopus_id/85033602169,217,,,,,3.0,21.0,1,7,,,,85033602169,2-s2.0-85033602169
9,Chari L.D.,Trophic ecology of adult male Odonata. II. Dietary contributions of aquatic food sources,2018,Ecological Entomology,,https://www.scopus.com/inward/record.uri?partnerID=HzOxMe3b&scp=85029366199&origin=inward,https://www.scopus.com/inward/citedby.uri?partnerID=HzOxMe3b&scp=85029366199&origin=inward,,2026-04-12 18:58:39,Article,10.1111/een.12459,03076946,https://api.elsevier.com/content/abstract/scopus_id/85029366199,43,1,,,,1.29,9.0,1,7,,,,85029366199,2-s2.0-85029366199
0,Stewart S.,"Seasonal and annual variations on wing shape and wing size of eight damselfly species (Odonata: Calopterygidae, Coenagrionidae)",2018,Odonatologica,,https://www.scopus.com/inward/record.uri?partnerID=HzOxMe3b&scp=85058099232&origin=inward,https://www.scopus.com/inward/citedby.uri?partnerID=HzOxMe3b&scp=85058099232&origin=inward,,2026-04-12 18:58:39,Article,10.5281/zenodo.1481104,03750183,https://api.elsevier.com/content/abstract/scopus_id/85058099232,47,3-4,,,,0.0,0.0,1,7,,,,85058099232,2-s2.0-85058099232
26,Prescott V.A.,Lentic and lotic odonate communities and the factors that influence them in urban versus rural landscapes,2018,Urban Ecosystems,,https://www.scopus.com/inward/record.uri?partnerID=HzOxMe3b&scp=85044231323&origin=inward,https://www.scopus.com/inward/citedby.uri?partnerID=HzOxMe3b&scp=85044231323&origin=inward,,2026-04-12 18:58:39,Article,10.1007/s11252-018-0752-z,10838155,https://api.elsevier.com/content/abstract/scopus_id/85044231323,21,4,,,,3.71,26.0,1,7,,,,85044231323,2-s2.0-85044231323
37,Janssen A.,Simple pond restoration measures increase dragonfly (Insecta: Odonata) diversity,2018,Biodiversity and Conservation,,https://www.scopus.com/inward/record.uri?partnerID=HzOxMe3b&scp=85044033767&origin=inward,https://www.scopus.com/inward/citedby.uri?partnerID=HzOxMe3b&scp=85044033767&origin=inward,,2026-04-12 18:58:39,Article,10.1007/s10531-018-1539-5,09603115,https://api.elsevier.com/content/abstract/scopus_id/85044033767,27,9,,,,5.29,37.0,1,7,,,,85044033767,2-s2.0-85044033767
7,Rathod D.M.,"Odonate diversity of Nalsarovar Bird Sanctuary - A Ramsar site in Gujarat, India",2018,Journal of Threatened Taxa,,https://www.scopus.com/inward/record.uri?partnerID=HzOxMe3b&scp=85050526280&origin=inward,https://www.scopus.com/inward/citedby.uri?partnerID=HzOxMe3b&scp=85050526280&origin=inward,,2026-04-12 18:58:39,Article,10.11609/jott.4017.10.8.12117-12122,09747893,https://api.elsevier.com/content/abstract/scopus_id/85050526280,10,8,,,,1.0,7.0,1,7,,,,85050526280,2-s2.0-85050526280
13,Ilvonen J.J.,"Odonates, gregarines and water mites: why are the same host species infected by both parasites?",2018,Ecological Entomology,,https://www.scopus.com/inward/record.uri?partnerID=HzOxMe3b&scp=85052671284&origin=inward,https://www.scopus.com/inward/citedby.uri?partnerID=HzOxMe3b&scp=85052671284&origin=inward,,2026-04-12 18:58:39,Article,10.1111/een.12634,03076946,https://api.elsevier.com/content/abstract/scopus_id/85052671284,43,5,,,,1.86,13.0,1,7,,,,85052671284,2-s2.0-85052671284
3,Favret C.,The Odonata of Quebec: Specimen data from seven collections,2018,Biodiversity Data Journal,,https://www.scopus.com/inward/record.uri?partnerID=HzOxMe3b&scp=85088998679&origin=inward,https://www.scopus.com/inward/citedby.uri?partnerID=HzOxMe3b&scp=85088998679&origin=inward,,2026-04-12 18:58:39,Article,10.3897/BDJ.8.e49450,,https://api.elsevier.com/content/abstract/scopus_id/85088998679,8,,,,,0.43,3.0,1,7,,,,85088998679,2-s2.0-85088998679
5,Henry E.R.,Damselflies that prefer dark habitats illustrate the importance of light as an ecological resource,2018,Biological Journal of the Linnean Society,,https://www.scopus.com/inward/record.uri?partnerID=HzOxMe3b&scp=85040564929&origin=inward,https://www.scopus.com/inward/citedby.uri?partnerID=HzOxMe3b&scp=85040564929&origin=inward,,2026-04-12 18:58:39,Article,10.1093/biolinnean/blx122,00244066,https://api.elsevier.com/content/abstract/scopus_id/85040564929,123,1,,,,0.71,5.0,1,7,,,,85040564929,2-s2.0-85040564929
20,Cai Y.,The mitochondrial genome of Caenis sp. (Ephemeroptera: Caenidae) and the phylogeny of Ephemeroptera in Pterygota,2018,Mitochondrial DNA Part B Resources,,https://www.scopus.com/inward/record.uri?partnerID=HzOxMe3b&scp=85047264804&origin=inward,https://www.scopus.com/inward/citedby.uri?partnerID=HzOxMe3b&scp=85047264804&origin=inward,,2026-04-12 18:58:39,Article,10.1080/23802359.2018.1467239,,https://api.elsevier.com/content/abstract/scopus_id/85047264804,3,2,,,,2.86,20.0,1,7,,,,85047264804,2-s2.0-85047264804
5,Zheng D.,"Honghea xui gen. et sp. nov., the second Earliest Jurassic damsel-dragonfly (Odonata: Campterophlebiidae) from the Junggar Basin, NW China",2018,Comptes Rendus Palevol,,https://www.scopus.com/inward/record.uri?partnerID=HzOxMe3b&scp=85042942127&origin=inward,https://www.scopus.com/inward/citedby.uri?partnerID=HzOxMe3b&scp=85042942127&origin=inward,,2026-04-12 18:58:39,Article,10.1016/j.crpv.2018.01.002,16310683,https://api.elsevier.com/content/abstract/scopus_id/85042942127,17,6,,,,0.71,5.0,1,7,,,,85042942127,2-s2.0-85042942127
11,Casas P.A.S.,"DNA barcodes for dragonflies and damselflies (Odonata) of Mindanao, Philippines",2018,Mitochondrial DNA Part A DNA Mapping Sequencing and Analysis,,https://www.scopus.com/inward/record.uri?partnerID=HzOxMe3b&scp=85011579719&origin=inward,https://www.scopus.com/inward/citedby.uri?partnerID=HzOxMe3b&scp=85011579719&origin=inward,,2026-04-12 18:58:39,Article,10.1080/24701394.2016.1267157,24701394,https://api.elsevier.com/content/abstract/scopus_id/85011579719,29,2,,,,1.57,11.0,1,7,,,,85011579719,2-s2.0-85011579719
43,Hoffmann J.,A simple developmental model recapitulates complex insect wing venation patterns,2018,Proceedings of the National Academy of Sciences of the United States of America,,https://www.scopus.com/inward/record.uri?partnerID=HzOxMe3b&scp=85054370166&origin=inward,https://www.scopus.com/inward/citedby.uri?partnerID=HzOxMe3b&scp=85054370166&origin=inward,,2026-04-12 18:58:39,Article,10.1073/pnas.1721248115,00278424,https://api.elsevier.com/content/abstract/scopus_id/85054370166,115,40,,,,6.14,43.0,1,7,,,,85054370166,2-s2.0-85054370166
5,Kelly R.S.,Revision of the damsel-dragonfly family Campterophlebiidae (Odonata) from the Early Jurassic of England reveals a new genus and species,2018,Alcheringa,,https://www.scopus.com/inward/record.uri?partnerID=HzOxMe3b&scp=85031401754&origin=inward,https://www.scopus.com/inward/citedby.uri?partnerID=HzOxMe3b&scp=85031401754&origin=inward,,2026-04-12 18:58:39,Article,10.1080/03115518.2017.1377767,03115518,https://api.elsevier.com/content/abstract/scopus_id/85031401754,42,1,,,,0.71,5.0,1,7,,,,85031401754,2-s2.0-85031401754
6,Pestana G.C.,Sexual ornamentation triggers rival aggressiveness in the Neotropical damselfly Hetaerina longipes (Odonata: Calopterygidae),2018,Odonatologica,,https://www.scopus.com/inward/record.uri?partnerID=HzOxMe3b&scp=85048376669&origin=inward,https://www.scopus.com/inward/citedby.uri?partnerID=HzOxMe3b&scp=85048376669&origin=inward,,2026-04-12 18:58:39,Article,10.5281/zenodo.1239951,03750183,https://api.elsevier.com/content/abstract/scopus_id/85048376669,47,1-2,,,,0.86,6.0,1,7,,,,85048376669,2-s2.0-85048376669
5,Laughlin M.M.,"Dragonfly (Odonata: Corduliidae, macromiidae, gomphidae, aeshnidae) and damselfly (odonata: Calopterygidae) exuviae observed at record heights in pinus strobus and picea abies canopies",2018,Great Lakes Entomologist,,https://www.scopus.com/inward/record.uri?partnerID=HzOxMe3b&scp=85081072962&origin=inward,https://www.scopus.com/inward/citedby.uri?partnerID=HzOxMe3b&scp=85081072962&origin=inward,,2026-04-12 18:58:39,Article,,00900222,https://api.elsevier.com/content/abstract/scopus_id/85081072962,51,1-2,,,,0.71,5.0,1,7,,,,85081072962,2-s2.0-85081072962
14,Tippler C.,Are Odonata nymph adversely affected by impaired water quality in urban streams,2018,Austral Ecology,,https://www.scopus.com/inward/record.uri?partnerID=HzOxMe3b&scp=85050467338&origin=inward,https://www.scopus.com/inward/citedby.uri?partnerID=HzOxMe3b&scp=85050467338&origin=inward,,2026-04-12 18:58:39,Article,10.1111/aec.12630,14429985,https://api.elsevier.com/content/abstract/scopus_id/85050467338,43,8,,,,2.0,14.0,1,7,,,,85050467338,2-s2.0-85050467338
14,Bota-Sierra C.,Seventeen new dragonfly records from Colombia and the confirmation of the synonymy of Philogenia monotis and P. tinalandia (Insecta: Odonata),2018,International Journal of Odonatology,,https://www.scopus.com/inward/record.uri?partnerID=HzOxMe3b&scp=85048890197&origin=inward,https://www.scopus.com/inward/citedby.uri?partnerID=HzOxMe3b&scp=85048890197&origin=inward,,2026-04-12 18:58:39,Article,10.1080/13887890.2018.1462262,13887890,https://api.elsevier.com/content/abstract/scopus_id/85048890197,21,2,,,,2.0,14.0,1,7,,,,85048890197,2-s2.0-85048890197
6,Zheng D.,"A new species of damsel-dragonfly (Odonata: Stenophlebiidae: Cretastenophlebia) from the Lower Cretaceous of the Jiuquan Basin, northwestern China",2018,Earth and Environmental Science Transactions of the Royal Society of Edinburgh,,https://www.scopus.com/inward/record.uri?partnerID=HzOxMe3b&scp=85051377430&origin=inward,https://www.scopus.com/inward/citedby.uri?partnerID=HzOxMe3b&scp=85051377430&origin=inward,,2026-04-12 18:58:39,Conference Paper,10.1017/S1755691017000093,17556910,https://api.elsevier.com/content/abstract/scopus_id/85051377430,107,2-3,,,,0.86,6.0,1,7,,,,85051377430,2-s2.0-85051377430
13,McDevitt-Galles T.,Parasite richness and abundance within aquatic macroinvertebrates: testing the roles of host- and habitat-level factors,2018,Ecosphere,,https://www.scopus.com/inward/record.uri?partnerID=HzOxMe3b&scp=85045962628&origin=inward,https://www.scopus.com/inward/citedby.uri?partnerID=HzOxMe3b&scp=85045962628&origin=inward,,2026-04-12 18:58:39,Article,10.1002/ecs2.2188,,https://api.elsevier.com/content/abstract/scopus_id/85045962628,9,4,,,,1.86,13.0,1,7,,,,85045962628,2-s2.0-85045962628
5,Huang D.,"A new damsel-dragonfly of the small family Selenothemistidae from the Late Jurassic of China (Odonata, Isophlebioptera)",2018,Journal of Paleontology,,https://www.scopus.com/inward/record.uri?partnerID=HzOxMe3b&scp=85055288871&origin=inward,https://www.scopus.com/inward/citedby.uri?partnerID=HzOxMe3b&scp=85055288871&origin=inward,,2026-04-12 18:58:39,Article,10.1017/jpa.2018.33,00223360,https://api.elsevier.com/content/abstract/scopus_id/85055288871,92,6,,,,0.71,5.0,1,7,,,,85055288871,2-s2.0-85055288871
0,Rangel-Sánchez L.,"Erratum: Estimating distribution area in six Argia damselflies (Insecta: Odonata: Coenagrionidae) including A. garrisoni, a threatened species (Revista Mexicana de Biodiversidad (2018) 89 (1328) DOI: 10.22201/ib.20078706e.2018.3.2469)",2018,Revista Mexicana De Biodiversidad,,https://www.scopus.com/inward/record.uri?partnerID=HzOxMe3b&scp=85058304492&origin=inward,https://www.scopus.com/inward/citedby.uri?partnerID=HzOxMe3b&scp=85058304492&origin=inward,,2026-04-12 18:58:39,Erratum,10.22201/ib.20078706e.2018.4.2869,18703453,https://api.elsevier.com/content/abstract/scopus_id/85058304492,89,4,,,,0.0,0.0,1,7,,,,85058304492,2-s2.0-85058304492
14,Rodrigues M.E.,Survey of Dragonflies (Odonata) in Palm Swamps of Cerrado Hotspot,2018,Entomological News,,https://www.scopus.com/inward/record.uri?partnerID=HzOxMe3b&scp=85056389335&origin=inward,https://www.scopus.com/inward/citedby.uri?partnerID=HzOxMe3b&scp=85056389335&origin=inward,,2026-04-12 18:58:39,Review,10.3157/021.128.0104,0013872X,https://api.elsevier.com/content/abstract/scopus_id/85056389335,128,1,,,,2.0,14.0,1,7,,,,85056389335,2-s2.0-85056389335
3,Mashkova I.V.,"Distribution of dragonflies (Odonata: Insecta) in South Ural Lakes, Russia",2018,Biodiversitas,,https://www.scopus.com/inward/record.uri?partnerID=HzOxMe3b&scp=85039759560&origin=inward,https://www.scopus.com/inward/citedby.uri?partnerID=HzOxMe3b&scp=85039759560&origin=inward,,2026-04-12 18:58:39,Article,10.13057/biodiv/d190127,1412033X,https://api.elsevier.com/content/abstract/scopus_id/85039759560,19,1,,,,0.43,3.0,1,7,,,,85039759560,2-s2.0-85039759560
5,Carey N.,Impacts of Indian waterfern (Ceratopteris thalictroides (L.) Brongn.) infestation and removal on macroinvertebrate biodiversity and conservation in spring-fed streams in the Australian arid zone,2018,Aquatic Conservation Marine and Freshwater Ecosystems,,https://www.scopus.com/inward/record.uri?partnerID=HzOxMe3b&scp=85029006787&origin=inward,https://www.scopus.com/inward/citedby.uri?partnerID=HzOxMe3b&scp=85029006787&origin=inward,,2026-04-12 18:58:39,Article,10.1002/aqc.2828,10527613,https://api.elsevier.com/content/abstract/scopus_id/85029006787,28,2,,,,0.71,5.0,1,7,,,,85029006787,2-s2.0-85029006787
4,Zheng D.,The second mesomegaloprepid damselfly (Odonata: Zygoptera) from mid-Cretaceous Burmese amber,2018,Cretaceous Research,,https://www.scopus.com/inward/record.uri?partnerID=HzOxMe3b&scp=85046766470&origin=inward,https://www.scopus.com/inward/citedby.uri?partnerID=HzOxMe3b&scp=85046766470&origin=inward,,2026-04-12 18:58:39,Article,10.1016/j.cretres.2018.04.018,01956671,https://api.elsevier.com/content/abstract/scopus_id/85046766470,90,,,,,0.57,4.0,1,7,,,,85046766470,2-s2.0-85046766470
11,Ramadan D.M.,Diversity of aquatic and semi-aquatic insects in Wadi Al-Walah in Jordan,2018,Zoology and Ecology,,https://www.scopus.com/inward/record.uri?partnerID=HzOxMe3b&scp=85046023491&origin=inward,https://www.scopus.com/inward/citedby.uri?partnerID=HzOxMe3b&scp=85046023491&origin=inward,,2026-04-12 18:58:39,Article,10.1080/21658005.2018.1464145,21658005,https://api.elsevier.com/content/abstract/scopus_id/85046023491,28,2,,,,1.57,11.0,1,7,,,,85046023491,2-s2.0-85046023491
37,Buss N.,Parasite susceptibility in an amphibian host is modified by salinization and predators,2018,Environmental Pollution,,https://www.scopus.com/inward/record.uri?partnerID=HzOxMe3b&scp=85042200860&origin=inward,https://www.scopus.com/inward/citedby.uri?partnerID=HzOxMe3b&scp=85042200860&origin=inward,,2026-04-12 18:58:39,Article,10.1016/j.envpol.2018.01.060,02697491,https://api.elsevier.com/content/abstract/scopus_id/85042200860,236,,,,,5.29,37.0,1,7,,,,85042200860,2-s2.0-85042200860
10,Korkeamäki E.,Regional variations in occupancy frequency distribution patterns between odonate assemblages in Fennoscandia,2018,Ecosphere,,https://www.scopus.com/inward/record.uri?partnerID=HzOxMe3b&scp=85046004563&origin=inward,https://www.scopus.com/inward/citedby.uri?partnerID=HzOxMe3b&scp=85046004563&origin=inward,,2026-04-12 18:58:39,Article,10.1002/ecs2.2192,,https://api.elsevier.com/content/abstract/scopus_id/85046004563,9,4,,,,1.43,10.0,1,7,,,,85046004563,2-s2.0-85046004563
17,Lesch V.,Adult dragonflies are indicators of environmental metallic elements,2018,Chemosphere,,https://www.scopus.com/inward/record.uri?partnerID=HzOxMe3b&scp=85049104562&origin=inward,https://www.scopus.com/inward/citedby.uri?partnerID=HzOxMe3b&scp=85049104562&origin=inward,,2026-04-12 18:58:39,Article,10.1016/j.chemosphere.2018.06.029,00456535,https://api.elsevier.com/content/abstract/scopus_id/85049104562,209,,,,,2.43,17.0,1,7,,,,85049104562,2-s2.0-85049104562
3,Helebrandová J.,"Large net cage for captive breeding and behavioural studies of damselfly Lestes sponsa (Hansemann, 1823) (Odonata: Lestidae): submerged oviposition as a model behaviour",2018,Aquatic Insects,,https://www.scopus.com/inward/record.uri?partnerID=HzOxMe3b&scp=85042219113&origin=inward,https://www.scopus.com/inward/citedby.uri?partnerID=HzOxMe3b&scp=85042219113&origin=inward,,2026-04-12 18:58:39,Article,10.1080/01650424.2018.1432059,01650424,https://api.elsevier.com/content/abstract/scopus_id/85042219113,39,1,,,,0.43,3.0,1,7,,,,85042219113,2-s2.0-85042219113
8,Zheng D.,A new Gondwanan dragonfly (Odonata: Anisoptera: Araripegomphidae) from mid-Cretaceous Burmese amber,2018,Cretaceous Research,,https://www.scopus.com/inward/record.uri?partnerID=HzOxMe3b&scp=85052229699&origin=inward,https://www.scopus.com/inward/citedby.uri?partnerID=HzOxMe3b&scp=85052229699&origin=inward,,2026-04-12 18:58:39,Article,10.1016/j.cretres.2018.08.011,01956671,https://api.elsevier.com/content/abstract/scopus_id/85052229699,92,,,,,1.14,8.0,1,7,,,,85052229699,2-s2.0-85052229699
55,Holtmann L.,Stormwater ponds promote dragonfly (Odonata) species richness and density in urban areas,2018,Ecological Engineering,,https://www.scopus.com/inward/record.uri?partnerID=HzOxMe3b&scp=85045565387&origin=inward,https://www.scopus.com/inward/citedby.uri?partnerID=HzOxMe3b&scp=85045565387&origin=inward,,2026-04-12 18:58:39,Article,10.1016/j.ecoleng.2017.12.028,09258574,https://api.elsevier.com/content/abstract/scopus_id/85045565387,118,,,,,7.86,55.0,1,7,,,,85045565387,2-s2.0-85045565387
7,Zheng D.,"Paraburmagomphidae fam. nov., a new gomphid dragonfly family (Odonata: Anisoptera) from mid-Cretaceous Burmese amber",2018,Cretaceous Research,,https://www.scopus.com/inward/record.uri?partnerID=HzOxMe3b&scp=85052913084&origin=inward,https://www.scopus.com/inward/citedby.uri?partnerID=HzOxMe3b&scp=85052913084&origin=inward,,2026-04-12 18:58:39,Article,10.1016/j.cretres.2018.08.017,01956671,https://api.elsevier.com/content/abstract/scopus_id/85052913084,92,,,,,1.0,7.0,1,7,,,,85052913084,2-s2.0-85052913084
2,Escoto-Moreno J.A.,"The northernmost record of the neotropical giant damselfly megaloprepus caerulatus (Drury, 1782) (odonata: Coenagrionidae) in the American continent",2018,Gayana,,https://www.scopus.com/inward/record.uri?partnerID=HzOxMe3b&scp=85064756275&origin=inward,https://www.scopus.com/inward/citedby.uri?partnerID=HzOxMe3b&scp=85064756275&origin=inward,,2026-04-12 18:58:39,Article,10.4067/S0717-65382018000100090,0717652X,https://api.elsevier.com/content/abstract/scopus_id/85064756275,82,1,,,,0.29,2.0,1,7,,,,85064756275,2-s2.0-85064756275
10,Tavares R.I.S.,Come to the dark side: habitat selection of larval odonates depends on background visual patterns,2018,Ecological Entomology,,https://www.scopus.com/inward/record.uri?partnerID=HzOxMe3b&scp=85052700180&origin=inward,https://www.scopus.com/inward/citedby.uri?partnerID=HzOxMe3b&scp=85052700180&origin=inward,,2026-04-12 18:58:39,Article,10.1111/een.12643,03076946,https://api.elsevier.com/content/abstract/scopus_id/85052700180,43,5,,,,1.43,10.0,1,7,,,,85052700180,2-s2.0-85052700180
2,Ott J.,Invasive crayfish and their impact on dragonflies - Successful colonisation of protected and endangered species at risk in the Southwest of Germany,2018,Naturschutz Und Landschaftsplanung,,https://www.scopus.com/inward/record.uri?partnerID=HzOxMe3b&scp=85041846519&origin=inward,https://www.scopus.com/inward/citedby.uri?partnerID=HzOxMe3b&scp=85041846519&origin=inward,,2026-04-12 18:58:39,Article,,09406808,https://api.elsevier.com/content/abstract/scopus_id/85041846519,50,2,,,,0.29,2.0,1,7,,,,85041846519,2-s2.0-85041846519
3,Islam S.U.,Complete genome sequences of three novel cycloviruses identified in a dragonfly (Odonata: Anisoptera) from China,2018,Archives of Virology,,https://www.scopus.com/inward/record.uri?partnerID=HzOxMe3b&scp=85047165323&origin=inward,https://www.scopus.com/inward/citedby.uri?partnerID=HzOxMe3b&scp=85047165323&origin=inward,,2026-04-12 18:58:39,Article,10.1007/s00705-018-3876-9,03048608,https://api.elsevier.com/content/abstract/scopus_id/85047165323,163,9,,,,0.43,3.0,1,7,,,,85047165323,2-s2.0-85047165323
13,Stewart S.S.,Environmental effects on wing shape and wing size of Argia sedula (Odonata: Coenagrionidae),2018,International Journal of Odonatology,,https://www.scopus.com/inward/record.uri?partnerID=HzOxMe3b&scp=85054723982&origin=inward,https://www.scopus.com/inward/citedby.uri?partnerID=HzOxMe3b&scp=85054723982&origin=inward,,2026-04-12 18:58:39,Article,10.1080/13887890.2018.1523752,13887890,https://api.elsevier.com/content/abstract/scopus_id/85054723982,21,3-4,,,,1.86,13.0,1,7,,,,85054723982,2-s2.0-85054723982
3,Zheng D.,"A new progobiaeshnid dragonfly (Odonata, Aeshnoptera) from the Lower Cretaceous of Liaoning Province, NE China",2018,Cretaceous Research,,https://www.scopus.com/inward/record.uri?partnerID=HzOxMe3b&scp=85045581660&origin=inward,https://www.scopus.com/inward/citedby.uri?partnerID=HzOxMe3b&scp=85045581660&origin=inward,,2026-04-12 18:58:39,Article,10.1016/j.cretres.2018.03.008,01956671,https://api.elsevier.com/content/abstract/scopus_id/85045581660,90,,,,,0.43,3.0,1,7,,,,85045581660,2-s2.0-85045581660
39,Simon S.,Reanalyzing the Palaeoptera problem – The origin of insect flight remains obscure,2018,Arthropod Structure and Development,,https://www.scopus.com/inward/record.uri?partnerID=HzOxMe3b&scp=85047599457&origin=inward,https://www.scopus.com/inward/citedby.uri?partnerID=HzOxMe3b&scp=85047599457&origin=inward,,2026-04-12 18:58:39,Article,10.1016/j.asd.2018.05.002,14678039,https://api.elsevier.com/content/abstract/scopus_id/85047599457,47,4,,,,5.57,39.0,1,7,,,,85047599457,2-s2.0-85047599457
13,Chari L.D.,"Trophic ecology of adult male Odonata. I. Dietary niche metrics by foraging guild, species, body size, and location",2018,Ecological Entomology,,https://www.scopus.com/inward/record.uri?partnerID=HzOxMe3b&scp=85029373528&origin=inward,https://www.scopus.com/inward/citedby.uri?partnerID=HzOxMe3b&scp=85029373528&origin=inward,,2026-04-12 18:58:39,Article,10.1111/een.12458,03076946,https://api.elsevier.com/content/abstract/scopus_id/85029373528,43,1,,,,1.86,13.0,1,7,,,,85029373528,2-s2.0-85029373528
14,Cheng Y.,Some mitochondrial genes perform better for damselfly phylogenetics: species- and population-level analyses of four complete mitogenomes of Euphaea sibling species,2018,Systematic Entomology,,https://www.scopus.com/inward/record.uri?partnerID=HzOxMe3b&scp=85045324240&origin=inward,https://www.scopus.com/inward/citedby.uri?partnerID=HzOxMe3b&scp=85045324240&origin=inward,,2026-04-12 18:58:39,Article,10.1111/syen.12299,03076970,https://api.elsevier.com/content/abstract/scopus_id/85045324240,43,4,,,,2.0,14.0,1,7,,,,85045324240,2-s2.0-85045324240
25,Nel A.,Palaeozoic giant dragonflies were hawker predators,2018,Scientific Reports,,https://www.scopus.com/inward/record.uri?partnerID=HzOxMe3b&scp=85053381814&origin=inward,https://www.scopus.com/inward/citedby.uri?partnerID=HzOxMe3b&scp=85053381814&origin=inward,,2026-04-12 18:58:39,Article,10.1038/s41598-018-30629-w,,https://api.elsevier.com/content/abstract/scopus_id/85053381814,8,1,,,,3.57,25.0,1,7,,,,85053381814,2-s2.0-85053381814
4,Huang D.,New damsel-dragonflies with “calopterygid”-like wing shape from the Middle Jurassic of China (Odonata: Isophlebioidea: Campterophlebiidae),2018,Geobios,,https://www.scopus.com/inward/record.uri?partnerID=HzOxMe3b&scp=85047210406&origin=inward,https://www.scopus.com/inward/citedby.uri?partnerID=HzOxMe3b&scp=85047210406&origin=inward,,2026-04-12 18:58:39,Article,10.1016/j.geobios.2018.04.003,00166995,https://api.elsevier.com/content/abstract/scopus_id/85047210406,51,3,,,,0.57,4.0,1,7,,,,85047210406,2-s2.0-85047210406
7,BÜsse S.,The phylogenetic relevance of thoracic musculature: a case study including a description of the thorax anatomy of Zygoptera (Insecta: Odonata) larvae,2018,Systematic Entomology,,https://www.scopus.com/inward/record.uri?partnerID=HzOxMe3b&scp=85020673753&origin=inward,https://www.scopus.com/inward/citedby.uri?partnerID=HzOxMe3b&scp=85020673753&origin=inward,,2026-04-12 18:58:39,Article,10.1111/syen.12246,03076970,https://api.elsevier.com/content/abstract/scopus_id/85020673753,43,1,,,,1.0,7.0,1,7,,,,85020673753,2-s2.0-85020673753
3,Zheng D.,"New cymatophlebiid dragonflies from the Lower Cretaceous of China and England (Odonata: Anisoptera: Cymatophlebiinae, Valdaeshninae)",2018,Cretaceous Research,,https://www.scopus.com/inward/record.uri?partnerID=HzOxMe3b&scp=85047241099&origin=inward,https://www.scopus.com/inward/citedby.uri?partnerID=HzOxMe3b&scp=85047241099&origin=inward,,2026-04-12 18:58:39,Article,10.1016/j.cretres.2018.05.003,01956671,https://api.elsevier.com/content/abstract/scopus_id/85047241099,90,,,,,0.43,3.0,1,7,,,,85047241099,2-s2.0-85047241099
31,Renner S.,"Water body type and land cover shape the dragonfly communities (Odonata) in the Pampa biome, Rio Grande do Sul, Brazil",2018,Journal of Insect Conservation,,https://www.scopus.com/inward/record.uri?partnerID=HzOxMe3b&scp=85040050570&origin=inward,https://www.scopus.com/inward/citedby.uri?partnerID=HzOxMe3b&scp=85040050570&origin=inward,,2026-04-12 18:58:39,Article,10.1007/s10841-017-0042-8,1366638X,https://api.elsevier.com/content/abstract/scopus_id/85040050570,22,1,,,,4.43,31.0,1,7,,,,85040050570,2-s2.0-85040050570
7,Zheng D.,A new dysagrionid damselfly (Odonata: Zygoptera: Palaeodysagrion) from mid-Cretaceous Burmese amber,2018,Alcheringa,,https://www.scopus.com/inward/record.uri?partnerID=HzOxMe3b&scp=85032371027&origin=inward,https://www.scopus.com/inward/citedby.uri?partnerID=HzOxMe3b&scp=85032371027&origin=inward,,2026-04-12 18:58:39,Article,10.1080/03115518.2017.1381991,03115518,https://api.elsevier.com/content/abstract/scopus_id/85032371027,42,2,,,,1.0,7.0,1,7,,,,85032371027,2-s2.0-85032371027
24,Rajabi H.,Micro-morphological adaptations of the wing nodus to flight behaviour in four dragonfly species from the family Libellulidae (Odonata: Anisoptera),2018,Arthropod Structure and Development,,https://www.scopus.com/inward/record.uri?partnerID=HzOxMe3b&scp=85040573221&origin=inward,https://www.scopus.com/inward/citedby.uri?partnerID=HzOxMe3b&scp=85040573221&origin=inward,,2026-04-12 18:58:39,Article,10.1016/j.asd.2018.01.003,14678039,https://api.elsevier.com/content/abstract/scopus_id/85040573221,47,4,,,,3.43,24.0,1,7,,,,85040573221,2-s2.0-85040573221
40,Mendes T.P.,How Does Environmental Variation Affect the Distribution of Dragonfly Larvae (Odonata) in the Amazon-Cerrado Transition Zone in Central Brazil?,2018,Neotropical Entomology,,https://www.scopus.com/inward/record.uri?partnerID=HzOxMe3b&scp=85042525391&origin=inward,https://www.scopus.com/inward/citedby.uri?partnerID=HzOxMe3b&scp=85042525391&origin=inward,,2026-04-12 18:58:39,Article,10.1007/s13744-017-0506-2,1519566X,https://api.elsevier.com/content/abstract/scopus_id/85042525391,47,1,,,,5.71,40.0,1,7,,,,85042525391,2-s2.0-85042525391
2,Abbott K.K.,"Development of polymorphic microsatellite markers for a rare dragonfly, Cordulegaster sarracenia (Odonata: Cordulegastridae), with notes on population structure and genetic diversity",2018,International Journal of Odonatology,,https://www.scopus.com/inward/record.uri?partnerID=HzOxMe3b&scp=85052053847&origin=inward,https://www.scopus.com/inward/citedby.uri?partnerID=HzOxMe3b&scp=85052053847&origin=inward,,2026-04-12 18:58:39,Article,10.1080/13887890.2018.1498398,13887890,https://api.elsevier.com/content/abstract/scopus_id/85052053847,21,3-4,,,,0.29,2.0,1,7,,,,85052053847,2-s2.0-85052053847
22,Dolný A.,How difficult is it to reintroduce a dragonfly? Fifteen years monitoring Leucorrhinia dubia at the receiving site,2018,Biological Conservation,,https://www.scopus.com/inward/record.uri?partnerID=HzOxMe3b&scp=85038611226&origin=inward,https://www.scopus.com/inward/citedby.uri?partnerID=HzOxMe3b&scp=85038611226&origin=inward,,2026-04-12 18:58:39,Article,10.1016/j.biocon.2017.12.011,00063207,https://api.elsevier.com/content/abstract/scopus_id/85038611226,218,,,,,3.14,22.0,1,7,,,,85038611226,2-s2.0-85038611226
4,Kaunisto K.M.,"Negative covariance between water mite and gregarine parasitism for adult dragonflies, Leucorrhinia intacta (Hagen): an age-related pattern?",2018,Parasitology Research,,https://www.scopus.com/inward/record.uri?partnerID=HzOxMe3b&scp=85054482499&origin=inward,https://www.scopus.com/inward/citedby.uri?partnerID=HzOxMe3b&scp=85054482499&origin=inward,,2026-04-12 18:58:39,Article,10.1007/s00436-018-6100-7,09320113,https://api.elsevier.com/content/abstract/scopus_id/85054482499,117,12,,,,0.57,4.0,1,7,,,,85054482499,2-s2.0-85054482499
3,Yang G.,Correlationship between environmental factors and diversity of Odonata species in Erhai Lakeshore wetland,2018,Hupo Kexue Journal of Lake Sciences,,https://www.scopus.com/inward/record.uri?partnerID=HzOxMe3b&scp=85053248385&origin=inward,https://www.scopus.com/inward/citedby.uri?partnerID=HzOxMe3b&scp=85053248385&origin=inward,,2026-04-12 18:58:39,Article,10.18307/2018.0420,10035427,https://api.elsevier.com/content/abstract/scopus_id/85053248385,30,4,,,,0.43,3.0,1,7,,,,85053248385,2-s2.0-85053248385
26,Schneider T.,Checklist of the dragonflies (Odonata) of Iran with new records and notes on distribution and taxonomy,2018,Zootaxa,,https://www.scopus.com/inward/record.uri?partnerID=HzOxMe3b&scp=85043496161&origin=inward,https://www.scopus.com/inward/citedby.uri?partnerID=HzOxMe3b&scp=85043496161&origin=inward,,2026-04-12 18:58:39,Review,10.11646/zootaxa.4394.1.1,11755326,https://api.elsevier.com/content/abstract/scopus_id/85043496161,4394,1,,,,3.71,26.0,1,7,,,,85043496161,2-s2.0-85043496161
11,Vanacker M.,Water quality parameters and tipping points of dragonfly diversity and abundance in fishponds,2018,Limnology,,https://www.scopus.com/inward/record.uri?partnerID=HzOxMe3b&scp=85048499225&origin=inward,https://www.scopus.com/inward/citedby.uri?partnerID=HzOxMe3b&scp=85048499225&origin=inward,,2026-04-12 18:58:39,Article,10.1007/s10201-018-0549-z,14398621,https://api.elsevier.com/content/abstract/scopus_id/85048499225,19,3,,,,1.57,11.0,1,7,,,,85048499225,2-s2.0-85048499225
15,Pires M.M.,"Predicting the effects of future climate change on the distribution of an endemic damselfly (Odonata, Coenagrionidae) in subtropical South American grasslands",2018,Journal of Insect Conservation,,https://www.scopus.com/inward/record.uri?partnerID=HzOxMe3b&scp=85046471903&origin=inward,https://www.scopus.com/inward/citedby.uri?partnerID=HzOxMe3b&scp=85046471903&origin=inward,,2026-04-12 18:58:39,Article,10.1007/s10841-018-0063-y,1366638X,https://api.elsevier.com/content/abstract/scopus_id/85046471903,22,2,,,,2.14,15.0,1,7,,,,85046471903,2-s2.0-85046471903
2,Kassner Z.,Role of side-slip flight in target pursuit: blue-tailed damselflies (Ischnura elegans) avoid body rotation while approaching a moving perch,2018,Journal of Comparative Physiology A Neuroethology Sensory Neural and Behavioral Physiology,,https://www.scopus.com/inward/record.uri?partnerID=HzOxMe3b&scp=85045453522&origin=inward,https://www.scopus.com/inward/citedby.uri?partnerID=HzOxMe3b&scp=85045453522&origin=inward,,2026-04-12 18:58:39,Article,10.1007/s00359-018-1261-5,03407594,https://api.elsevier.com/content/abstract/scopus_id/85045453522,204,6,,,,0.29,2.0,1,7,,,,85045453522,2-s2.0-85045453522
20,Zheng D.,A well-preserved true dragonfly (Anisoptera: Gomphides: Burmagomphidae fam. nov.) from Cretaceous Burmese amber,2018,Journal of Systematic Palaeontology,,https://www.scopus.com/inward/record.uri?partnerID=HzOxMe3b&scp=85028528685&origin=inward,https://www.scopus.com/inward/citedby.uri?partnerID=HzOxMe3b&scp=85028528685&origin=inward,,2026-04-12 18:58:39,Article,10.1080/14772019.2017.1365100,14772019,https://api.elsevier.com/content/abstract/scopus_id/85028528685,16,10,,,,2.86,20.0,1,7,,,,85028528685,2-s2.0-85028528685
8,Jeong S.Y.,"Complete mitochondrial genome sequence of the tiny dragonfly, Nannophya pygmaea (Odonata: Libellulidae)",2018,Conservation Genetics Resources,,https://www.scopus.com/inward/record.uri?partnerID=HzOxMe3b&scp=85051637649&origin=inward,https://www.scopus.com/inward/citedby.uri?partnerID=HzOxMe3b&scp=85051637649&origin=inward,,2026-04-12 18:58:39,Article,10.1007/s12686-017-0823-0,18777252,https://api.elsevier.com/content/abstract/scopus_id/85051637649,10,3,,,,1.14,8.0,1,7,,,,85051637649,2-s2.0-85051637649
16,Pinto Â.P.,In honor of conservation of the Brazilian Atlantic forest: Description of two new damselflies of the genus Forcepsioneura discovered in private protected areas (Odonata: Coenagrionidae),2018,Zoologia,,https://www.scopus.com/inward/record.uri?partnerID=HzOxMe3b&scp=85050925901&origin=inward,https://www.scopus.com/inward/citedby.uri?partnerID=HzOxMe3b&scp=85050925901&origin=inward,,2026-04-12 18:58:39,Article,10.3897/zoologia.35.e21351,19844670,https://api.elsevier.com/content/abstract/scopus_id/85050925901,35,,,,,2.29,16.0,1,7,,,,85050925901,2-s2.0-85050925901
7,Zheng D.,"Paracoryphagrionidae fam. nov., a pseudostigmatoid damselfly from mid-Cretaceous Burmese amber showing regular series of triangular cells (Odonata: Zygoptera: Coenagrionida)",2018,Cretaceous Research,,https://www.scopus.com/inward/record.uri?partnerID=HzOxMe3b&scp=85042174347&origin=inward,https://www.scopus.com/inward/citedby.uri?partnerID=HzOxMe3b&scp=85042174347&origin=inward,,2026-04-12 18:58:39,Article,10.1016/j.cretres.2017.10.005,01956671,https://api.elsevier.com/content/abstract/scopus_id/85042174347,81,,,,,1.0,7.0,1,7,,,,85042174347,2-s2.0-85042174347
5,Piersanti S.,The antennae of damselfly larvae,2018,Arthropod Structure and Development,,https://www.scopus.com/inward/record.uri?partnerID=HzOxMe3b&scp=85037722198&origin=inward,https://www.scopus.com/inward/citedby.uri?partnerID=HzOxMe3b&scp=85037722198&origin=inward,,2026-04-12 18:58:39,Article,10.1016/j.asd.2017.11.008,14678039,https://api.elsevier.com/content/abstract/scopus_id/85037722198,47,1,,,,0.71,5.0,1,7,,,,85037722198,2-s2.0-85037722198
1,Truong V.K.,Study of melanin localization in the mature male Calopteryx haemorrhoidalis damselfly wings,2018,Journal of Synchrotron Radiation,,https://www.scopus.com/inward/record.uri?partnerID=HzOxMe3b&scp=85046334595&origin=inward,https://www.scopus.com/inward/citedby.uri?partnerID=HzOxMe3b&scp=85046334595&origin=inward,,2026-04-12 18:58:39,Article,10.1107/S1600577518004460,09090495,https://api.elsevier.com/content/abstract/scopus_id/85046334595,25,3,,,,0.14,1.0,1,7,,,,85046334595,2-s2.0-85046334595
14,Stuhr S.,Structure and Chemical Organization in Damselfly Calopteryx haemorrhoidalis Wings: A Spatially Resolved FTIR and XRF Analysis with Synchrotron Radiation,2018,Scientific Reports,,https://www.scopus.com/inward/record.uri?partnerID=HzOxMe3b&scp=85047878927&origin=inward,https://www.scopus.com/inward/citedby.uri?partnerID=HzOxMe3b&scp=85047878927&origin=inward,,2026-04-12 18:58:39,Article,10.1038/s41598-018-26563-6,,https://api.elsevier.com/content/abstract/scopus_id/85047878927,8,1,,,,2.0,14.0,1,7,,,,85047878927,2-s2.0-85047878927
32,Brydegaard M.,Can the narrow red bands of dragonflies be used to perceive wing interference patterns?,2018,Ecology and Evolution,,https://www.scopus.com/inward/record.uri?partnerID=HzOxMe3b&scp=85046550817&origin=inward,https://www.scopus.com/inward/citedby.uri?partnerID=HzOxMe3b&scp=85046550817&origin=inward,,2026-04-12 18:58:39,Article,10.1002/ece3.4054,,https://api.elsevier.com/content/abstract/scopus_id/85046550817,8,11,,,,4.57,32.0,1,7,,,,85046550817,2-s2.0-85046550817
3,Bernard R.,New records of dragonflies (Odonata) in Zambia,2018,African Invertebrates,,https://www.scopus.com/inward/record.uri?partnerID=HzOxMe3b&scp=85064831532&origin=inward,https://www.scopus.com/inward/citedby.uri?partnerID=HzOxMe3b&scp=85064831532&origin=inward,,2026-04-12 18:58:39,Article,10.3897/afrinvertebr.59.29021,16815556,https://api.elsevier.com/content/abstract/scopus_id/85064831532,59,2,,,,0.43,3.0,1,7,,,,85064831532,2-s2.0-85064831532
1,Yamaguchi Y.,Analysis of adult damselfly fecal material AIDS in the estimation of antibiotic-resistant Enterobacterales contamination of the local environment,2018,Peerj,,https://www.scopus.com/inward/record.uri?partnerID=HzOxMe3b&scp=85055095178&origin=inward,https://www.scopus.com/inward/citedby.uri?partnerID=HzOxMe3b&scp=85055095178&origin=inward,,2026-04-12 18:58:39,Article,10.7717/peerj.5755,,https://api.elsevier.com/content/abstract/scopus_id/85055095178,2018,10,,,,0.14,1.0,1,7,,,,85055095178,2-s2.0-85055095178
22,French S.,Canopy cover affects habitat selection by adult dragonflies,2018,Hydrobiologia,,https://www.scopus.com/inward/record.uri?partnerID=HzOxMe3b&scp=85044571791&origin=inward,https://www.scopus.com/inward/citedby.uri?partnerID=HzOxMe3b&scp=85044571791&origin=inward,,2026-04-12 18:58:39,Article,10.1007/s10750-018-3600-5,00188158,https://api.elsevier.com/content/abstract/scopus_id/85044571791,818,1,,,,3.14,22.0,1,7,,,,85044571791,2-s2.0-85044571791
7,Suhonen J.,Parasitism affects variation in a male damselfly sexual ornament,2018,Ethology Ecology and Evolution,,https://www.scopus.com/inward/record.uri?partnerID=HzOxMe3b&scp=85029414915&origin=inward,https://www.scopus.com/inward/citedby.uri?partnerID=HzOxMe3b&scp=85029414915&origin=inward,,2026-04-12 18:58:39,Article,10.1080/03949370.2017.1354920,03949370,https://api.elsevier.com/content/abstract/scopus_id/85029414915,30,3,,,,1.0,7.0,1,7,,,,85029414915,2-s2.0-85029414915
5,Cordero-Rivera A.,Clonal damselflies (Ischnura hastata) are not significantly affected by mite parasitism,2018,Entomologia Experimentalis Et Applicata,,https://www.scopus.com/inward/record.uri?partnerID=HzOxMe3b&scp=85052479861&origin=inward,https://www.scopus.com/inward/citedby.uri?partnerID=HzOxMe3b&scp=85052479861&origin=inward,,2026-04-12 18:58:39,Article,10.1111/eea.12705,00138703,https://api.elsevier.com/content/abstract/scopus_id/85052479861,166,7,,,,0.71,5.0,1,7,,,,85052479861,2-s2.0-85052479861
11,Amundrud S.L.,Dispersal barriers and climate determine the geographic distribution of the helicopter damselfly Mecistogaster modesta,2018,Freshwater Biology,,https://www.scopus.com/inward/record.uri?partnerID=HzOxMe3b&scp=85036560877&origin=inward,https://www.scopus.com/inward/citedby.uri?partnerID=HzOxMe3b&scp=85036560877&origin=inward,,2026-04-12 18:58:39,Article,10.1111/fwb.13054,00465070,https://api.elsevier.com/content/abstract/scopus_id/85036560877,63,2,,,,1.57,11.0,1,7,,,,85036560877,2-s2.0-85036560877
8,St. Clair C.R.,"Atrazine Exposure Influences Immunity in the Blue Dasher Dragonfly, Pachydiplax longipennis (Odonata: Libellulidae)",2018,Journal of Insect Science,,https://www.scopus.com/inward/record.uri?partnerID=HzOxMe3b&scp=85054898479&origin=inward,https://www.scopus.com/inward/citedby.uri?partnerID=HzOxMe3b&scp=85054898479&origin=inward,,2026-04-12 18:58:39,Article,10.1093/jisesa/iey095,,https://api.elsevier.com/content/abstract/scopus_id/85054898479,18,5,,,,1.14,8.0,1,7,,,,85054898479,2-s2.0-85054898479
4,Bechly G.,First record and a new species of the fossil dragonfly genus Proinogomphus (Odonata: Liassogomphidae) from the Early Jurassic of Bascharage in the Grand Duchy of Luxembourg,2018,Zootaxa,,https://www.scopus.com/inward/record.uri?partnerID=HzOxMe3b&scp=85052017979&origin=inward,https://www.scopus.com/inward/citedby.uri?partnerID=HzOxMe3b&scp=85052017979&origin=inward,,2026-04-12 18:58:39,Article,10.11646/zootaxa.4450.1.7,11755326,https://api.elsevier.com/content/abstract/scopus_id/85052017979,4450,1,,,,0.57,4.0,1,7,,,,85052017979,2-s2.0-85052017979
3,Kim M.J.,"Development and validation of microsatellite markers for the tiny dragonfly, Nannophya pygmaea (Odonata: Libellulidae), which is endangered in South Korea",2018,Applied Entomology and Zoology,,https://www.scopus.com/inward/record.uri?partnerID=HzOxMe3b&scp=85044521277&origin=inward,https://www.scopus.com/inward/citedby.uri?partnerID=HzOxMe3b&scp=85044521277&origin=inward,,2026-04-12 18:58:39,Article,10.1007/s13355-017-0528-6,00036862,https://api.elsevier.com/content/abstract/scopus_id/85044521277,53,1,,,,0.43,3.0,1,7,,,,85044521277,2-s2.0-85044521277
15,Cordero-Rivera A.,Ethological uniqueness of a damselfly with no near relatives: The relevance of behaviour as part of biodiversity,2018,Animal Biodiversity and Conservation,,https://www.scopus.com/inward/record.uri?partnerID=HzOxMe3b&scp=85032974422&origin=inward,https://www.scopus.com/inward/citedby.uri?partnerID=HzOxMe3b&scp=85032974422&origin=inward,,2026-04-12 18:58:39,Article,10.32800/abc.2018.41.0161,1578665X,https://api.elsevier.com/content/abstract/scopus_id/85032974422,41,1,,,,2.14,15.0,1,7,,,,85032974422,2-s2.0-85032974422
44,Nakanishi K.,Were the sharp declines of dragonfly populations in the 1990s in Japan caused by fipronil and imidacloprid? An analysis of Hill’s causality for the case of Sympetrum frequens,2018,Environmental Science and Pollution Research,,https://www.scopus.com/inward/record.uri?partnerID=HzOxMe3b&scp=85055724784&origin=inward,https://www.scopus.com/inward/citedby.uri?partnerID=HzOxMe3b&scp=85055724784&origin=inward,,2026-04-12 18:58:39,Article,10.1007/s11356-018-3440-x,09441344,https://api.elsevier.com/content/abstract/scopus_id/85055724784,25,35,,,,6.29,44.0,1,7,,,,85055724784,2-s2.0-85055724784
19,Lee D.,Changes in hemolymph total CO2 content during the water-to-air respiratory transition of amphibiotic dragonflies,2018,Journal of Experimental Biology,,https://www.scopus.com/inward/record.uri?partnerID=HzOxMe3b&scp=85053712238&origin=inward,https://www.scopus.com/inward/citedby.uri?partnerID=HzOxMe3b&scp=85053712238&origin=inward,,2026-04-12 18:58:39,Article,10.1242/jeb.181438,00220949,https://api.elsevier.com/content/abstract/scopus_id/85053712238,221,15,,,,2.71,19.0,1,7,,,,85053712238,2-s2.0-85053712238
3,Barnard A.A.,Divergence in female damselfly sensory structures is consistent with a species recognition function but shows no evidence of reproductive character displacement,2018,Ecology and Evolution,,https://www.scopus.com/inward/record.uri?partnerID=HzOxMe3b&scp=85056785377&origin=inward,https://www.scopus.com/inward/citedby.uri?partnerID=HzOxMe3b&scp=85056785377&origin=inward,,2026-04-12 18:58:39,Article,10.1002/ece3.4669,,https://api.elsevier.com/content/abstract/scopus_id/85056785377,8,23,,,,0.43,3.0,1,7,,,,85056785377,2-s2.0-85056785377
7,Chovanec A.,Comparing and evaluating the dragonfly fauna (Odonata) of regulated and rehabilitated stretches of the fourth order metarhithron Gurtenbach (Upper Austria),2018,International Journal of Odonatology,,https://www.scopus.com/inward/record.uri?partnerID=HzOxMe3b&scp=85041127462&origin=inward,https://www.scopus.com/inward/citedby.uri?partnerID=HzOxMe3b&scp=85041127462&origin=inward,,2026-04-12 18:58:39,Article,10.1080/13887890.2017.1409665,13887890,https://api.elsevier.com/content/abstract/scopus_id/85041127462,21,1,,,,1.0,7.0,1,7,,,,85041127462,2-s2.0-85041127462
14,Szabo P.A.K.,At-scale lift experiments modeling dragonfly forewings,2018,Bioinspiration and Biomimetics,,https://www.scopus.com/inward/record.uri?partnerID=HzOxMe3b&scp=85049842351&origin=inward,https://www.scopus.com/inward/citedby.uri?partnerID=HzOxMe3b&scp=85049842351&origin=inward,,2026-04-12 18:58:39,Article,10.1088/1748-3190/aac912,17483182,https://api.elsevier.com/content/abstract/scopus_id/85049842351,13,4,,,,2.0,14.0,1,7,,,,85049842351,2-s2.0-85049842351
6,Denis A.S.,Intraspecific variability of the phenology and morphology of three protected dragonflies between natural and artificial habitats,2018,Journal of Insect Conservation,,https://www.scopus.com/inward/record.uri?partnerID=HzOxMe3b&scp=85048047484&origin=inward,https://www.scopus.com/inward/citedby.uri?partnerID=HzOxMe3b&scp=85048047484&origin=inward,,2026-04-12 18:58:39,Article,10.1007/s10841-018-0070-z,1366638X,https://api.elsevier.com/content/abstract/scopus_id/85048047484,22,3-4,,,,0.86,6.0,1,7,,,,85048047484,2-s2.0-85048047484
0,Hykel M.,Diel changes in habitat use by dragonflies: Nocturnal roosting site selection by the threatened dragonfly Sympetrum depressiusculum (Odonata: Libellulidae),2018,Entomological Science,,https://www.scopus.com/inward/record.uri?partnerID=HzOxMe3b&scp=85106769740&origin=inward,https://www.scopus.com/inward/citedby.uri?partnerID=HzOxMe3b&scp=85106769740&origin=inward,,2026-04-12 18:58:39,Article,10.1111/ens.12292,13438786,https://api.elsevier.com/content/abstract/scopus_id/85106769740,21,1,,,,0.0,0.0,1,7,,,,85106769740,2-s2.0-85106769740
8,Hykel M.,Diel changes in habitat use by dragonflies: Nocturnal roosting site selection by the threatened dragonfly Sympetrum depressiusculum (Odonata: Libellulidae),2018,Entomological Science,,https://www.scopus.com/inward/record.uri?partnerID=HzOxMe3b&scp=85049084065&origin=inward,https://www.scopus.com/inward/citedby.uri?partnerID=HzOxMe3b&scp=85049084065&origin=inward,,2026-04-12 18:58:39,Article,10.1111/ens.12292,13438786,https://api.elsevier.com/content/abstract/scopus_id/85049084065,21,2,,,,1.14,8.0,1,7,,,,85049084065,2-s2.0-85049084065
1,Davis J.,From dragonflies to Facebook: Digital disruption creates new opportunities for wetland science and conservation,2018,Pacific Conservation Biology,,https://www.scopus.com/inward/record.uri?partnerID=HzOxMe3b&scp=85052304462&origin=inward,https://www.scopus.com/inward/citedby.uri?partnerID=HzOxMe3b&scp=85052304462&origin=inward,,2026-04-12 18:58:39,Review,10.1071/PC18030,10382097,https://api.elsevier.com/content/abstract/scopus_id/85052304462,24,3,,,,0.14,1.0,1,7,,,,85052304462,2-s2.0-85052304462
5,Liu H.,A computational study of the aerodynamic performance of a dragonfly forewing in gliding flight,2018,Matec Web of Conferences,,https://www.scopus.com/inward/record.uri?partnerID=HzOxMe3b&scp=85042920223&origin=inward,https://www.scopus.com/inward/citedby.uri?partnerID=HzOxMe3b&scp=85042920223&origin=inward,,2026-04-12 18:58:39,Conference Paper,10.1051/matecconf/201815103001,,https://api.elsevier.com/content/abstract/scopus_id/85042920223,151,,,,,0.71,5.0,1,7,,,,85042920223,2-s2.0-85042920223
28,Kietzka G.,Comparative effects of urban and agricultural land transformation on Odonata assemblages in a biodiversity hotspot,2018,Basic and Applied Ecology,,https://www.scopus.com/inward/record.uri?partnerID=HzOxMe3b&scp=85053679584&origin=inward,https://www.scopus.com/inward/citedby.uri?partnerID=HzOxMe3b&scp=85053679584&origin=inward,,2026-04-12 18:58:39,Article,10.1016/j.baae.2018.08.008,14391791,https://api.elsevier.com/content/abstract/scopus_id/85053679584,33,,,,,4.0,28.0,1,7,,,,85053679584,2-s2.0-85053679584
24,Samanmali C.,Larvicidal Potential of Five Selected Dragonfly Nymphs in Sri Lanka over Aedes aegypti (Linnaeus) Larvae under Laboratory Settings,2018,Biomed Research International,,https://www.scopus.com/inward/record.uri?partnerID=HzOxMe3b&scp=85058958895&origin=inward,https://www.scopus.com/inward/citedby.uri?partnerID=HzOxMe3b&scp=85058958895&origin=inward,,2026-04-12 18:58:39,Article,10.1155/2018/8759459,23146133,https://api.elsevier.com/content/abstract/scopus_id/85058958895,2018,,,,,3.43,24.0,1,7,,,,85058958895,2-s2.0-85058958895
8,Mendonça F.,Temperature Effect on the Development of Tropical Dragonfly Eggs,2018,Neotropical Entomology,,https://www.scopus.com/inward/record.uri?partnerID=HzOxMe3b&scp=85048142584&origin=inward,https://www.scopus.com/inward/citedby.uri?partnerID=HzOxMe3b&scp=85048142584&origin=inward,,2026-04-12 18:58:39,Article,10.1007/s13744-017-0546-7,1519566X,https://api.elsevier.com/content/abstract/scopus_id/85048142584,47,4,,,,1.14,8.0,1,7,,,,85048142584,2-s2.0-85048142584
22,Kohli M.K.,"Extremely low genetic diversity in a circumpolar dragonfly species, Somatochlora sahlbergi (Insecta: Odonata: Anisoptera)",2018,Scientific Reports,,https://www.scopus.com/inward/record.uri?partnerID=HzOxMe3b&scp=85054773525&origin=inward,https://www.scopus.com/inward/citedby.uri?partnerID=HzOxMe3b&scp=85054773525&origin=inward,,2026-04-12 18:58:39,Article,10.1038/s41598-018-32365-7,,https://api.elsevier.com/content/abstract/scopus_id/85054773525,8,1,,,,3.14,22.0,1,7,,,,85054773525,2-s2.0-85054773525
22,Kohli M.K.,"Extremely low genetic diversity in a circumpolar dragonfly species, Somatochlora sahlbergi (Insecta: Odonata: Anisoptera)",2018,Scientific Reports,,https://www.scopus.com/inward/record.uri?partnerID=HzOxMe3b&scp=85054773525&origin=inward,https://www.scopus.com/inward/citedby.uri?partnerID=HzOxMe3b&scp=85054773525&origin=inward,,2026-04-12 18:58:39,Article,10.1038/s41598-018-32365-7,,https://api.elsevier.com/content/abstract/scopus_id/85054773525,8,1,,,,3.14,22.0,1,7,,,,85054773525,2-s2.0-85054773525
1,Pan C.,The Thin Solid Membrane Structure Design of Imitated Dragonfly Wing Adopting Different Transition Structure,2018,2018 IEEE International Conference on Manipulation Manufacturing and Measurement on the Nanoscale 3m Nano 2018 Proceedings,,https://www.scopus.com/inward/record.uri?partnerID=HzOxMe3b&scp=85059973282&origin=inward,https://www.scopus.com/inward/citedby.uri?partnerID=HzOxMe3b&scp=85059973282&origin=inward,,2026-04-12 18:58:39,Conference Paper,10.1109/3M-NANO.2018.8552194,,https://api.elsevier.com/content/abstract/scopus_id/85059973282,,,,,,0.14,1.0,1,7,,,,85059973282,2-s2.0-85059973282
46,Li Q.,Experimental and numerical investigation on dragonfly wing and body motion during voluntary take-off,2018,Scientific Reports,,https://www.scopus.com/inward/record.uri?partnerID=HzOxMe3b&scp=85040843206&origin=inward,https://www.scopus.com/inward/citedby.uri?partnerID=HzOxMe3b&scp=85040843206&origin=inward,,2026-04-12 18:58:39,Article,10.1038/s41598-018-19237-w,,https://api.elsevier.com/content/abstract/scopus_id/85040843206,8,1,,,,6.57,46.0,1,7,,,,85040843206,2-s2.0-85040843206
50,Sambandam R.K.,Self-adaptive dragonfly based optimal thresholding for multilevel segmentation of digital images,2018,Journal of King Saud University Computer and Information Sciences,,https://www.scopus.com/inward/record.uri?partnerID=HzOxMe3b&scp=85007164486&origin=inward,https://www.scopus.com/inward/citedby.uri?partnerID=HzOxMe3b&scp=85007164486&origin=inward,,2026-04-12 18:58:39,Article,10.1016/j.jksuci.2016.11.002,13191578,https://api.elsevier.com/content/abstract/scopus_id/85007164486,30,4,,,,7.14,50.0,1,7,,,,85007164486,2-s2.0-85007164486
20,Maglione-Mathey G.,Scalable deadlock-free deterministic minimal-path routing engine for infiniband-based dragonfly networks,2018,IEEE Transactions on Parallel and Distributed Systems,,https://www.scopus.com/inward/record.uri?partnerID=HzOxMe3b&scp=85028518307&origin=inward,https://www.scopus.com/inward/citedby.uri?partnerID=HzOxMe3b&scp=85028518307&origin=inward,,2026-04-12 18:58:39,Article,10.1109/TPDS.2017.2742503,10459219,https://api.elsevier.com/content/abstract/scopus_id/85028518307,29,1,,,,2.86,20.0,1,7,,,,85028518307,2-s2.0-85028518307
7,Schröder R.,Should I stay or should I go? Perching damselfly use simple colour and size cues to trigger flight,2018,Animal Behaviour,,https://www.scopus.com/inward/record.uri?partnerID=HzOxMe3b&scp=85054291487&origin=inward,https://www.scopus.com/inward/citedby.uri?partnerID=HzOxMe3b&scp=85054291487&origin=inward,,2026-04-12 18:58:39,Article,10.1016/j.anbehav.2018.08.015,00033472,https://api.elsevier.com/content/abstract/scopus_id/85054291487,145,,,,,1.0,7.0,1,7,,,,85054291487,2-s2.0-85054291487
8,Ubhi R.,The transition from water to air in aeshnid dragonflies is associated with a change in ventilatory responses to hypoxia and hypercapnia,2018,Journal of Insect Physiology,,https://www.scopus.com/inward/record.uri?partnerID=HzOxMe3b&scp=85030780900&origin=inward,https://www.scopus.com/inward/citedby.uri?partnerID=HzOxMe3b&scp=85030780900&origin=inward,,2026-04-12 18:58:39,Article,10.1016/j.jinsphys.2017.09.010,00221910,https://api.elsevier.com/content/abstract/scopus_id/85030780900,106,,,,,1.14,8.0,1,7,,,,85030780900,2-s2.0-85030780900
74,Calvão L.B.,Land use modifies Odonata diversity in streams of the Brazilian Cerrado,2018,Journal of Insect Conservation,,https://www.scopus.com/inward/record.uri?partnerID=HzOxMe3b&scp=85054290666&origin=inward,https://www.scopus.com/inward/citedby.uri?partnerID=HzOxMe3b&scp=85054290666&origin=inward,,2026-04-12 18:58:39,Article,10.1007/s10841-018-0093-5,1366638X,https://api.elsevier.com/content/abstract/scopus_id/85054290666,22,5-6,,,,10.57,74.0,1,7,,,,85054290666,2-s2.0-85054290666
30,Mamat-Noorhidayah,Morphological and mechanical properties of flexible resilin joints on damselfly wings (Rhinocypha spp.),2018,Plos One,,https://www.scopus.com/inward/record.uri?partnerID=HzOxMe3b&scp=85043400991&origin=inward,https://www.scopus.com/inward/citedby.uri?partnerID=HzOxMe3b&scp=85043400991&origin=inward,,2026-04-12 18:58:39,Article,10.1371/journal.pone.0193147,,https://api.elsevier.com/content/abstract/scopus_id/85043400991,13,3,,,,4.29,30.0,1,7,,,,85043400991,2-s2.0-85043400991
5,Scott C.J.,Preliminary interplanetary mission design and navigation for the dragonfly new frontiers mission concept,2018,Advances in the Astronautical Sciences,,https://www.scopus.com/inward/record.uri?partnerID=HzOxMe3b&scp=85069453426&origin=inward,https://www.scopus.com/inward/citedby.uri?partnerID=HzOxMe3b&scp=85069453426&origin=inward,,2026-04-12 18:58:39,Conference Paper,,00653438,https://api.elsevier.com/content/abstract/scopus_id/85069453426,167,,,,,0.71,5.0,1,7,,,,85069453426,2-s2.0-85069453426
1,Mitchell F.,Population Characteristics of the Dragonfly Pantala flavescens (F.): Colonizing Small Constructed Ponds,2018,Southwestern Entomologist,,https://www.scopus.com/inward/record.uri?partnerID=HzOxMe3b&scp=85057741484&origin=inward,https://www.scopus.com/inward/citedby.uri?partnerID=HzOxMe3b&scp=85057741484&origin=inward,,2026-04-12 18:58:39,Article,10.3958/059.043.0402,01471724,https://api.elsevier.com/content/abstract/scopus_id/85057741484,43,4,,,,0.14,1.0,1,7,,,,85057741484,2-s2.0-85057741484
23,Korbaa M.,TSOI - A new Index based on Odonata populations to assess the conservation relevance of watercourses in Tunisia,2018,Odonatologica,,https://www.scopus.com/inward/record.uri?partnerID=HzOxMe3b&scp=85048368774&origin=inward,https://www.scopus.com/inward/citedby.uri?partnerID=HzOxMe3b&scp=85048368774&origin=inward,,2026-04-12 18:58:39,Article,10.5281/zenodo.1239945,03750183,https://api.elsevier.com/content/abstract/scopus_id/85048368774,47,1-2,,,,3.29,23.0,1,7,,,,85048368774,2-s2.0-85048368774
2,Mollah M.,Modeling UGAL on the dragonfly topology,2018,Lecture Notes in Computer Science Including Subseries Lecture Notes in Artificial Intelligence and Lecture Notes in Bioinformatics,,https://www.scopus.com/inward/record.uri?partnerID=HzOxMe3b&scp=85039727327&origin=inward,https://www.scopus.com/inward/citedby.uri?partnerID=HzOxMe3b&scp=85039727327&origin=inward,,2026-04-12 18:58:39,Conference Paper,10.1007/978-3-319-72971-8_7,03029743,https://api.elsevier.com/content/abstract/scopus_id/85039727327,10724 LNCS,,,,,0.29,2.0,1,7,,,,85039727327,2-s2.0-85039727327
42,Pinkert S.,"Evolutionary processes, dispersal limitation and climatic history shape current diversity patterns of European dragonflies",2018,Ecography,,https://www.scopus.com/inward/record.uri?partnerID=HzOxMe3b&scp=85023607549&origin=inward,https://www.scopus.com/inward/citedby.uri?partnerID=HzOxMe3b&scp=85023607549&origin=inward,,2026-04-12 18:58:39,Article,10.1111/ecog.03137,09067590,https://api.elsevier.com/content/abstract/scopus_id/85023607549,41,5,,,,6.0,42.0,1,7,,,,85023607549,2-s2.0-85023607549
22,Bäumler F.,Comparative morphology of the thorax musculature of adult Anisoptera (Insecta: Odonata): Functional aspects of the flight apparatus,2018,Arthropod Structure and Development,,https://www.scopus.com/inward/record.uri?partnerID=HzOxMe3b&scp=85046741055&origin=inward,https://www.scopus.com/inward/citedby.uri?partnerID=HzOxMe3b&scp=85046741055&origin=inward,,2026-04-12 18:58:39,Article,10.1016/j.asd.2018.04.003,14678039,https://api.elsevier.com/content/abstract/scopus_id/85046741055,47,4,,,,3.14,22.0,1,7,,,,85046741055,2-s2.0-85046741055
3,Belevich O.,Effects of Metarhizium robertsii on the bloodsucking mosquito Aedes flavescens and non-target predatory insects (Odonata),2018,Journal of Applied Entomology,,https://www.scopus.com/inward/record.uri?partnerID=HzOxMe3b&scp=85044711235&origin=inward,https://www.scopus.com/inward/citedby.uri?partnerID=HzOxMe3b&scp=85044711235&origin=inward,,2026-04-12 18:58:39,Article,10.1111/jen.12509,09312048,https://api.elsevier.com/content/abstract/scopus_id/85044711235,142,6,,,,0.43,3.0,1,7,,,,85044711235,2-s2.0-85044711235
3,Song P.,Multi-static sky-wave over-the-horizon radar location model based on improved dragonfly algorithm,2018,Laser and Optoelectronics Progress,,https://www.scopus.com/inward/record.uri?partnerID=HzOxMe3b&scp=85057074385&origin=inward,https://www.scopus.com/inward/citedby.uri?partnerID=HzOxMe3b&scp=85057074385&origin=inward,,2026-04-12 18:58:39,Article,10.3788/LOP55.112001,10064125,https://api.elsevier.com/content/abstract/scopus_id/85057074385,55,11,,,,0.43,3.0,1,7,,,,85057074385,2-s2.0-85057074385
19,Zhang S.,Deformation behavior of dragonfly-inspired nodus structured wing in gliding flight through experimental visualization approach /639/166 /639/766 /128 article,2018,Scientific Reports,,https://www.scopus.com/inward/record.uri?partnerID=HzOxMe3b&scp=85045258724&origin=inward,https://www.scopus.com/inward/citedby.uri?partnerID=HzOxMe3b&scp=85045258724&origin=inward,,2026-04-12 18:58:39,Article,10.1038/s41598-018-24237-x,,https://api.elsevier.com/content/abstract/scopus_id/85045258724,8,1,,,,2.71,19.0,1,7,,,,85045258724,2-s2.0-85045258724
4,Felker A.S.,A New Genus and Species of the Damselfly Family Hemiphlebiidae from the Lower Cretaceous Chernovskie Kopi Locality (Eastern Transbaikalia),2018,Paleontological Journal,,https://www.scopus.com/inward/record.uri?partnerID=HzOxMe3b&scp=85045100536&origin=inward,https://www.scopus.com/inward/citedby.uri?partnerID=HzOxMe3b&scp=85045100536&origin=inward,,2026-04-12 18:58:39,Article,10.1134/S0031030118020041,00310301,https://api.elsevier.com/content/abstract/scopus_id/85045100536,52,2,,,,0.57,4.0,1,7,,,,85045100536,2-s2.0-85045100536
4,Wolfe J.D.,Mercury exposure to red-winged blackbirds (Agelaius phoeniceus) and dragonfly (Odonata: Aeshnidae) nymphs in Prairie Pothole wetlands,2018,Facets,,https://www.scopus.com/inward/record.uri?partnerID=HzOxMe3b&scp=85078621378&origin=inward,https://www.scopus.com/inward/citedby.uri?partnerID=HzOxMe3b&scp=85078621378&origin=inward,,2026-04-12 18:58:39,Article,10.1139/facets-2017-0086,,https://api.elsevier.com/content/abstract/scopus_id/85078621378,3,1,,,,0.57,4.0,1,7,,,,85078621378,2-s2.0-85078621378
11,Zhang Y.,Level-spread: A new job allocation policy for dragonfly networks,2018,Proceedings 2018 IEEE 32nd International Parallel and Distributed Processing Symposium IPDPS 2018,,https://www.scopus.com/inward/record.uri?partnerID=HzOxMe3b&scp=85052205907&origin=inward,https://www.scopus.com/inward/citedby.uri?partnerID=HzOxMe3b&scp=85052205907&origin=inward,,2026-04-12 18:58:39,Conference Paper,10.1109/IPDPS.2018.00121,,https://api.elsevier.com/content/abstract/scopus_id/85052205907,,,,,,1.57,11.0,1,7,,,,85052205907,2-s2.0-85052205907
0,Carvalho A.L.,"The larval ontogeny of Coryphaeschna perrensi (McLachlan, 1887): Supporting monophyletic groups in Aeshnidae dragonflies (Insecta: Odonata: Anisoptera)",2018,Journal of Morphology,,https://www.scopus.com/inward/record.uri?partnerID=HzOxMe3b&scp=85052389715&origin=inward,https://www.scopus.com/inward/citedby.uri?partnerID=HzOxMe3b&scp=85052389715&origin=inward,,2026-04-12 18:58:39,Article,10.1002/jmor.20873,03622525,https://api.elsevier.com/content/abstract/scopus_id/85052389715,279,9,,,,0.0,0.0,1,7,,,,85052389715,2-s2.0-85052389715
4,Jackson C.,The complete mitochondrial genome of Hine’s emerald dragonfly (Somatochlora hineana Williamson) via NGS sequencing,2018,Mitochondrial DNA Part B Resources,,https://www.scopus.com/inward/record.uri?partnerID=HzOxMe3b&scp=85046892885&origin=inward,https://www.scopus.com/inward/citedby.uri?partnerID=HzOxMe3b&scp=85046892885&origin=inward,,2026-04-12 18:58:39,Article,10.1080/23802359.2018.1463824,,https://api.elsevier.com/content/abstract/scopus_id/85046892885,3,2,,,,0.57,4.0,1,7,,,,85046892885,2-s2.0-85046892885
4,Carr D.M.,"Characterization of natural photonic crystals in iridescent wings of damselfly Chalcopteryx rutilans by FIB/SEM, TEM, and TOF-SIMS",2018,Biointerphases,,https://www.scopus.com/inward/record.uri?partnerID=HzOxMe3b&scp=85041643821&origin=inward,https://www.scopus.com/inward/citedby.uri?partnerID=HzOxMe3b&scp=85041643821&origin=inward,,2026-04-12 18:58:39,Article,10.1116/1.5019725,19348630,https://api.elsevier.com/content/abstract/scopus_id/85041643821,13,3,,,,0.57,4.0,1,7,,,,85041643821,2-s2.0-85041643821
0,Szabo P.A.K.,Towards an Autonomous Robotic Dragonfly: At-Scale Lift Expertiemts Modeling Dragonfly Forewings,2018,IEEE International Conference on Intelligent Robots and Systems,,https://www.scopus.com/inward/record.uri?partnerID=HzOxMe3b&scp=85062959326&origin=inward,https://www.scopus.com/inward/citedby.uri?partnerID=HzOxMe3b&scp=85062959326&origin=inward,,2026-04-12 18:58:39,Conference Paper,10.1109/IROS.2018.8594331,21530858,https://api.elsevier.com/content/abstract/scopus_id/85062959326,,,,,,0.0,0.0,1,7,,,,85062959326,2-s2.0-85062959326
3,Cook P.,Sexual conflict does not maintain female colour polymorphism in a territorial damselfly,2018,Animal Behaviour,,https://www.scopus.com/inward/record.uri?partnerID=HzOxMe3b&scp=85048721022&origin=inward,https://www.scopus.com/inward/citedby.uri?partnerID=HzOxMe3b&scp=85048721022&origin=inward,,2026-04-12 18:58:39,Article,10.1016/j.anbehav.2018.04.020,00033472,https://api.elsevier.com/content/abstract/scopus_id/85048721022,140,,,,,0.43,3.0,1,7,,,,85048721022,2-s2.0-85048721022
69,Bode-Oke A.T.,Flying in reverse: Kinematics and aerodynamics of a dragonfly in backward free flight,2018,Journal of the Royal Society Interface,,https://www.scopus.com/inward/record.uri?partnerID=HzOxMe3b&scp=85049652357&origin=inward,https://www.scopus.com/inward/citedby.uri?partnerID=HzOxMe3b&scp=85049652357&origin=inward,,2026-04-12 18:58:39,Article,10.1098/rsif.2018.0102,17425689,https://api.elsevier.com/content/abstract/scopus_id/85049652357,15,143,,,,9.86,69.0,1,7,,,,85049652357,2-s2.0-85049652357
3,López-Rodríguez N.,A trophic approach to the study of the coexistence of several macroinvertebrate predators in a seasonal stream,2018,Vie Et Milieu,,https://www.scopus.com/inward/record.uri?partnerID=HzOxMe3b&scp=85064432561&origin=inward,https://www.scopus.com/inward/citedby.uri?partnerID=HzOxMe3b&scp=85064432561&origin=inward,,2026-04-12 18:58:39,Article,,02408759,https://api.elsevier.com/content/abstract/scopus_id/85064432561,68,4,,,,0.43,3.0,1,7,,,,85064432561,2-s2.0-85064432561
4,Kelly R.S.,"Revision of some damsel-dragonflies (Odonata, Liassophlebiidae and Anglophlebiidae new family) from the Triassic/Jurassic of England and Antarctica",2018,Journal of Paleontology,,https://www.scopus.com/inward/record.uri?partnerID=HzOxMe3b&scp=85055293259&origin=inward,https://www.scopus.com/inward/citedby.uri?partnerID=HzOxMe3b&scp=85055293259&origin=inward,,2026-04-12 18:58:39,Article,10.1017/jpa.2018.32,00223360,https://api.elsevier.com/content/abstract/scopus_id/85055293259,92,6,,,,0.57,4.0,1,7,,,,85055293259,2-s2.0-85055293259
1,Rodríguez J.S.,New records of Odonata from Argentina,2018,Odonatologica,,https://www.scopus.com/inward/record.uri?partnerID=HzOxMe3b&scp=85058091536&origin=inward,https://www.scopus.com/inward/citedby.uri?partnerID=HzOxMe3b&scp=85058091536&origin=inward,,2026-04-12 18:58:39,Article,10.5281/zenodo.1481092,03750183,https://api.elsevier.com/content/abstract/scopus_id/85058091536,47,3-4,,,,0.14,1.0,1,7,,,,85058091536,2-s2.0-85058091536
1,Zolghadr-Asli B.,Dragonfly algorithm (DA),2018,Studies in Computational Intelligence,,https://www.scopus.com/inward/record.uri?partnerID=HzOxMe3b&scp=85021683082&origin=inward,https://www.scopus.com/inward/citedby.uri?partnerID=HzOxMe3b&scp=85021683082&origin=inward,,2026-04-12 18:58:39,Book Chapter,10.1007/978-981-10-5221-7_15,1860949X,https://api.elsevier.com/content/abstract/scopus_id/85021683082,720,,,,,0.14,1.0,1,7,,,,85021683082,2-s2.0-85021683082
4,Phillips P.,A genetic analysis of dragonfly population structure,2018,Ecology and Evolution,,https://www.scopus.com/inward/record.uri?partnerID=HzOxMe3b&scp=85050821644&origin=inward,https://www.scopus.com/inward/citedby.uri?partnerID=HzOxMe3b&scp=85050821644&origin=inward,,2026-04-12 18:58:39,Article,10.1002/ece3.4255,,https://api.elsevier.com/content/abstract/scopus_id/85050821644,8,14,,,,0.57,4.0,1,7,,,,85050821644,2-s2.0-85050821644
1,Kumar A.,Optimizing wing kinematics for the artificial dragonfly motion,2018,AIAA Aerospace Sciences Meeting 2018,,https://www.scopus.com/inward/record.uri?partnerID=HzOxMe3b&scp=85141549835&origin=inward,https://www.scopus.com/inward/citedby.uri?partnerID=HzOxMe3b&scp=85141549835&origin=inward,,2026-04-12 18:58:39,Conference Paper,10.2514/6.2018-0042,,https://api.elsevier.com/content/abstract/scopus_id/85141549835,,,,,,0.14,1.0,1,7,,,,85141549835,2-s2.0-85141549835
34,Dalzochio M.,Effect of tree plantations on the functional composition of Odonata species in the highlands of southern Brazil,2018,Hydrobiologia,,https://www.scopus.com/inward/record.uri?partnerID=HzOxMe3b&scp=85033433702&origin=inward,https://www.scopus.com/inward/citedby.uri?partnerID=HzOxMe3b&scp=85033433702&origin=inward,,2026-04-12 18:58:39,Article,10.1007/s10750-017-3431-9,00188158,https://api.elsevier.com/content/abstract/scopus_id/85033433702,808,1,,,,4.86,34.0,1,7,,,,85033433702,2-s2.0-85033433702
29,Cheeseman S.,Pillars of Life: Is There a Relationship between Lifestyle Factors and the Surface Characteristics of Dragonfly Wings?,2018,ACS Omega,,https://www.scopus.com/inward/record.uri?partnerID=HzOxMe3b&scp=85048156325&origin=inward,https://www.scopus.com/inward/citedby.uri?partnerID=HzOxMe3b&scp=85048156325&origin=inward,,2026-04-12 18:58:39,Article,10.1021/acsomega.8b00776,,https://api.elsevier.com/content/abstract/scopus_id/85048156325,3,6,,,,4.14,29.0,1,7,,,,85048156325,2-s2.0-85048156325
1,Maibach A.,5. The Odonata or dragonflies of Jorat,2018,Bulletin De La Societe Vaudoise Des Sciences Naturelles,,https://www.scopus.com/inward/record.uri?partnerID=HzOxMe3b&scp=85059660244&origin=inward,https://www.scopus.com/inward/citedby.uri?partnerID=HzOxMe3b&scp=85059660244&origin=inward,,2026-04-12 18:58:39,Article,,00379603,https://api.elsevier.com/content/abstract/scopus_id/85059660244,97,,,,,0.14,1.0,1,7,,,,85059660244,2-s2.0-85059660244
7,Jiang B.,Shift in predation regime mediates diversification of foraging behaviour in a dragonfly genus,2018,Ecological Entomology,,https://www.scopus.com/inward/record.uri?partnerID=HzOxMe3b&scp=85046782398&origin=inward,https://www.scopus.com/inward/citedby.uri?partnerID=HzOxMe3b&scp=85046782398&origin=inward,,2026-04-12 18:58:39,Article,10.1111/een.12530,03076946,https://api.elsevier.com/content/abstract/scopus_id/85046782398,43,4,,,,1.0,7.0,1,7,,,,85046782398,2-s2.0-85046782398
15,Moore M.P.,Immune deployment increases larval vulnerability to predators and inhibits adult life-history traits in a dragonfly,2018,Journal of Evolutionary Biology,,https://www.scopus.com/inward/record.uri?partnerID=HzOxMe3b&scp=85050882151&origin=inward,https://www.scopus.com/inward/citedby.uri?partnerID=HzOxMe3b&scp=85050882151&origin=inward,,2026-04-12 18:58:39,Article,10.1111/jeb.13337,1010061X,https://api.elsevier.com/content/abstract/scopus_id/85050882151,31,9,,,,2.14,15.0,1,7,,,,85050882151,2-s2.0-85050882151
7,Arrowsmith J.,Environmental filtering along a broad-scale acidity gradient shapes the structure of odonate communities,2018,Ecosphere,,https://www.scopus.com/inward/record.uri?partnerID=HzOxMe3b&scp=85059050525&origin=inward,https://www.scopus.com/inward/citedby.uri?partnerID=HzOxMe3b&scp=85059050525&origin=inward,,2026-04-12 18:58:39,Article,10.1002/ecs2.2473,,https://api.elsevier.com/content/abstract/scopus_id/85059050525,9,12,,,,1.0,7.0,1,7,,,,85059050525,2-s2.0-85059050525
8,Xu S.,"The mitochondrial genome of Atrocalopteryx melli Ris, 1912 (Zygoptera: Calopterygidae) via Ion Torrent PGM NGS sequencing",2018,Mitochondrial DNA Part B Resources,,https://www.scopus.com/inward/record.uri?partnerID=HzOxMe3b&scp=85042468984&origin=inward,https://www.scopus.com/inward/citedby.uri?partnerID=HzOxMe3b&scp=85042468984&origin=inward,,2026-04-12 18:58:39,Article,10.1080/23802359.2017.1413307,,https://api.elsevier.com/content/abstract/scopus_id/85042468984,3,1,,,,1.14,8.0,1,7,,,,85042468984,2-s2.0-85042468984
9,Tuhin M.S.H.,An updated list of Odonata of southwestern Bangladesh,2018,Journal of Threatened Taxa,,https://www.scopus.com/inward/record.uri?partnerID=HzOxMe3b&scp=85062376247&origin=inward,https://www.scopus.com/inward/citedby.uri?partnerID=HzOxMe3b&scp=85062376247&origin=inward,,2026-04-12 18:58:39,Article,10.11609/JOTT.4031.10.15.12995-13001,09747893,https://api.elsevier.com/content/abstract/scopus_id/85062376247,10,15,,,,1.29,9.0,1,7,,,,85062376247,2-s2.0-85062376247
18,Islam S.U.,Genetic interaction and diversity of the families Libellulidae and Gomphidae through COI gene from China and Pakistan,2018,Acta Tropica,,https://www.scopus.com/inward/record.uri?partnerID=HzOxMe3b&scp=85042397146&origin=inward,https://www.scopus.com/inward/citedby.uri?partnerID=HzOxMe3b&scp=85042397146&origin=inward,,2026-04-12 18:58:39,Article,10.1016/j.actatropica.2018.02.016,0001706X,https://api.elsevier.com/content/abstract/scopus_id/85042397146,182,,,,,2.57,18.0,1,7,,,,85042397146,2-s2.0-85042397146
8,Remm L.,Dragonfly fauna in rewetted mires in Belarus: diverse but different from natural sites,2018,Wetlands Ecology and Management,,https://www.scopus.com/inward/record.uri?partnerID=HzOxMe3b&scp=85052570006&origin=inward,https://www.scopus.com/inward/citedby.uri?partnerID=HzOxMe3b&scp=85052570006&origin=inward,,2026-04-12 18:58:39,Article,10.1007/s11273-018-9625-8,09234861,https://api.elsevier.com/content/abstract/scopus_id/85052570006,26,6,,,,1.14,8.0,1,7,,,,85052570006,2-s2.0-85052570006
54,McCauley S.J.,"Simulated climate change increases larval mortality, alters phenology, and affects flight morphology of a dragonfly:",2018,Ecosphere,,https://www.scopus.com/inward/record.uri?partnerID=HzOxMe3b&scp=85044236627&origin=inward,https://www.scopus.com/inward/citedby.uri?partnerID=HzOxMe3b&scp=85044236627&origin=inward,,2026-04-12 18:58:39,Article,10.1002/ecs2.2151,,https://api.elsevier.com/content/abstract/scopus_id/85044236627,9,3,,,,7.71,54.0,1,7,,,,85044236627,2-s2.0-85044236627
7,Abuomar L.,Cooperative search and rescue with swarm of robots using binary dragonfly algoritlnn,2018,2018 15th International Multi Conference on Systems Signals and Devices Ssd 2018,,https://www.scopus.com/inward/record.uri?partnerID=HzOxMe3b&scp=85060626071&origin=inward,https://www.scopus.com/inward/citedby.uri?partnerID=HzOxMe3b&scp=85060626071&origin=inward,,2026-04-12 18:58:39,Conference Paper,10.1109/SSD.2018.8570410,,https://api.elsevier.com/content/abstract/scopus_id/85060626071,,,,,,1.0,7.0,1,7,,,,85060626071,2-s2.0-85060626071
16,Noble C.,"Bromo-dragonfly, a psychoactive benzodifuran, is resistant to hepatic metabolism and potently inhibits monoamine oxidase A",2018,Toxicology Letters,,https://www.scopus.com/inward/record.uri?partnerID=HzOxMe3b&scp=85050548632&origin=inward,https://www.scopus.com/inward/citedby.uri?partnerID=HzOxMe3b&scp=85050548632&origin=inward,,2026-04-12 18:58:39,Article,10.1016/j.toxlet.2018.07.018,03784274,https://api.elsevier.com/content/abstract/scopus_id/85050548632,295,,,,,2.29,16.0,1,7,,,,85050548632,2-s2.0-85050548632
17,Zhang Z.,In-situ mechanical test of dragonfly wing veins and their crack arrest behavior,2018,Micron,,https://www.scopus.com/inward/record.uri?partnerID=HzOxMe3b&scp=85046679769&origin=inward,https://www.scopus.com/inward/citedby.uri?partnerID=HzOxMe3b&scp=85046679769&origin=inward,,2026-04-12 18:58:39,Article,10.1016/j.micron.2018.05.003,09684328,https://api.elsevier.com/content/abstract/scopus_id/85046679769,110,,,,,2.43,17.0,1,7,,,,85046679769,2-s2.0-85046679769
13,Palappan A.,A new meta heuristic dragonfly optimizaion algorithm for optimal reactive power dispatch problem,2018,Gazi University Journal of Science,,https://www.scopus.com/inward/record.uri?partnerID=HzOxMe3b&scp=85058380046&origin=inward,https://www.scopus.com/inward/citedby.uri?partnerID=HzOxMe3b&scp=85058380046&origin=inward,,2026-04-12 18:58:39,Article,,,https://api.elsevier.com/content/abstract/scopus_id/85058380046,31,4,,,,1.86,13.0,1,7,,,,85058380046,2-s2.0-85058380046
2,Sun J.,Effects of Dragonfly Wing Vein Structure on the Flight Charateristics,2018,2018 IEEE International Conference on Manipulation Manufacturing and Measurement on the Nanoscale 3m Nano 2018 Proceedings,,https://www.scopus.com/inward/record.uri?partnerID=HzOxMe3b&scp=85059987904&origin=inward,https://www.scopus.com/inward/citedby.uri?partnerID=HzOxMe3b&scp=85059987904&origin=inward,,2026-04-12 18:58:39,Conference Paper,10.1109/3M-NANO.2018.8552180,,https://api.elsevier.com/content/abstract/scopus_id/85059987904,,,,,,0.29,2.0,1,7,,,,85059987904,2-s2.0-85059987904
12,Bota-Sierra C.A.,Odonata from protected areas in Colombia with new records and description of Cora verapax sp. nov. (Zygoptera: Polythoridae),2018,Zootaxa,,https://www.scopus.com/inward/record.uri?partnerID=HzOxMe3b&scp=85052077690&origin=inward,https://www.scopus.com/inward/citedby.uri?partnerID=HzOxMe3b&scp=85052077690&origin=inward,,2026-04-12 18:58:39,Article,10.11646/zootaxa.4462.1.5,11755326,https://api.elsevier.com/content/abstract/scopus_id/85052077690,4462,1,,,,1.71,12.0,1,7,,,,85052077690,2-s2.0-85052077690
4,Azzini I.,Dragonfly: A multi-platform parallel toolbox for MATLAB/Octave,2018,Computer Languages Systems and Structures,,https://www.scopus.com/inward/record.uri?partnerID=HzOxMe3b&scp=85036475054&origin=inward,https://www.scopus.com/inward/citedby.uri?partnerID=HzOxMe3b&scp=85036475054&origin=inward,,2026-04-12 18:58:39,Article,10.1016/j.cl.2017.10.002,14778424,https://api.elsevier.com/content/abstract/scopus_id/85036475054,52,,,,,0.57,4.0,1,7,,,,85036475054,2-s2.0-85036475054
27,Le Gall M.,Determinant landscape-scale factors on pond odonate assemblages,2018,Freshwater Biology,,https://www.scopus.com/inward/record.uri?partnerID=HzOxMe3b&scp=85040174882&origin=inward,https://www.scopus.com/inward/citedby.uri?partnerID=HzOxMe3b&scp=85040174882&origin=inward,,2026-04-12 18:58:39,Article,10.1111/fwb.13065,00465070,https://api.elsevier.com/content/abstract/scopus_id/85040174882,63,3,,,,3.86,27.0,1,7,,,,85040174882,2-s2.0-85040174882
23,Amini Z.,Providing a load balancing method based on dragonfly optimization algorithm for resource allocation in cloud computing,2018,International Journal of Networked and Distributed Computing,,https://www.scopus.com/inward/record.uri?partnerID=HzOxMe3b&scp=85046030861&origin=inward,https://www.scopus.com/inward/citedby.uri?partnerID=HzOxMe3b&scp=85046030861&origin=inward,,2026-04-12 18:58:39,Article,10.2991/ijndc.2018.6.1.4,22117938,https://api.elsevier.com/content/abstract/scopus_id/85046030861,6,1,,,,3.29,23.0,1,7,,,,85046030861,2-s2.0-85046030861
10,Uppu S.P.,Aerodynamic analysis of a dragonfly,2018,Journal of Advanced Research in Fluid Mechanics and Thermal Sciences,,https://www.scopus.com/inward/record.uri?partnerID=HzOxMe3b&scp=85056394822&origin=inward,https://www.scopus.com/inward/citedby.uri?partnerID=HzOxMe3b&scp=85056394822&origin=inward,,2026-04-12 18:58:39,Article,,22897879,https://api.elsevier.com/content/abstract/scopus_id/85056394822,51,1,,,,1.43,10.0,1,7,,,,85056394822,2-s2.0-85056394822
13,Kalkman V.J.,Out of Australia: the Argiolestidae reveal the Melanesian Arc System and East Papua Composite Terrane as possible ancient dispersal routes to the Indo-Australian Archipelago (Odonata: Argiolestidae),2018,International Journal of Odonatology,,https://www.scopus.com/inward/record.uri?partnerID=HzOxMe3b&scp=85038115473&origin=inward,https://www.scopus.com/inward/citedby.uri?partnerID=HzOxMe3b&scp=85038115473&origin=inward,,2026-04-12 18:58:39,Article,10.1080/13887890.2017.1402825,13887890,https://api.elsevier.com/content/abstract/scopus_id/85038115473,21,1,,,,1.86,13.0,1,7,,,,85038115473,2-s2.0-85038115473
1,Dolmen D.,Coenagrion hastulatum and C. lunulatum - Their responses to the liming of acidified lakes and the release offish (Odonata: Coenagrionidae),2018,Odonatologica,,https://www.scopus.com/inward/record.uri?partnerID=HzOxMe3b&scp=85048366239&origin=inward,https://www.scopus.com/inward/citedby.uri?partnerID=HzOxMe3b&scp=85048366239&origin=inward,,2026-04-12 18:58:39,Article,10.5281/zenodo.1239949,03750183,https://api.elsevier.com/content/abstract/scopus_id/85048366239,47,1-2,,,,0.14,1.0,1,7,,,,85048366239,2-s2.0-85048366239
17,Faizian P.,TPR: Traffic Pattern-Based Adaptive Routing for Dragonfly Networks,2018,IEEE Transactions on Multi Scale Computing Systems,,https://www.scopus.com/inward/record.uri?partnerID=HzOxMe3b&scp=85055145792&origin=inward,https://www.scopus.com/inward/citedby.uri?partnerID=HzOxMe3b&scp=85055145792&origin=inward,,2026-04-12 18:58:39,Article,10.1109/TMSCS.2018.2877264,,https://api.elsevier.com/content/abstract/scopus_id/85055145792,4,4,,,,2.43,17.0,1,7,,,,85055145792,2-s2.0-85055145792
5,Šigutová H.,Phenotypic plasticity in specialists: How long-spined larval sympetrum depressiusculum (odonata: Libellulidae) responds to combined predator cues,2018,Plos One,,https://www.scopus.com/inward/record.uri?partnerID=HzOxMe3b&scp=85051406908&origin=inward,https://www.scopus.com/inward/citedby.uri?partnerID=HzOxMe3b&scp=85051406908&origin=inward,,2026-04-12 18:58:39,Article,10.1371/journal.pone.0201406,,https://api.elsevier.com/content/abstract/scopus_id/85051406908,13,8,,,,0.71,5.0,1,7,,,,85051406908,2-s2.0-85051406908
50,Babayigit B.,Synthesis of concentric circular antenna arrays using dragonfly algorithm,2018,International Journal of Electronics,,https://www.scopus.com/inward/record.uri?partnerID=HzOxMe3b&scp=85034845068&origin=inward,https://www.scopus.com/inward/citedby.uri?partnerID=HzOxMe3b&scp=85034845068&origin=inward,,2026-04-12 18:58:39,Article,10.1080/00207217.2017.1407964,00207217,https://api.elsevier.com/content/abstract/scopus_id/85034845068,105,5,,,,7.14,50.0,1,7,,,,85034845068,2-s2.0-85034845068
10,Kim M.J.,"Complete mitochondrial genome sequence of Macromia daimoji Okumura, 1949 (Odonata: Macromiidae)",2018,Mitochondrial DNA Part B Resources,,https://www.scopus.com/inward/record.uri?partnerID=HzOxMe3b&scp=85044038576&origin=inward,https://www.scopus.com/inward/citedby.uri?partnerID=HzOxMe3b&scp=85044038576&origin=inward,,2026-04-12 18:58:39,Article,10.1080/23802359.2018.1450683,,https://api.elsevier.com/content/abstract/scopus_id/85044038576,3,1,,,,1.43,10.0,1,7,,,,85044038576,2-s2.0-85044038576
15,Bried J.T.,Opportunistic data reveal widespread species turnover in Enallagma damselflies at biogeographical scales,2018,Ecography,,https://www.scopus.com/inward/record.uri?partnerID=HzOxMe3b&scp=85029384521&origin=inward,https://www.scopus.com/inward/citedby.uri?partnerID=HzOxMe3b&scp=85029384521&origin=inward,,2026-04-12 18:58:39,Article,10.1111/ecog.03419,09067590,https://api.elsevier.com/content/abstract/scopus_id/85029384521,41,6,,,,2.14,15.0,1,7,,,,85029384521,2-s2.0-85029384521
13,Ribi W.,"Diversity and common themes in the organization of ocelli in Hymenoptera, Odonata and Diptera",2018,Journal of Comparative Physiology A Neuroethology Sensory Neural and Behavioral Physiology,,https://www.scopus.com/inward/record.uri?partnerID=HzOxMe3b&scp=85044473148&origin=inward,https://www.scopus.com/inward/citedby.uri?partnerID=HzOxMe3b&scp=85044473148&origin=inward,,2026-04-12 18:58:39,Article,10.1007/s00359-018-1258-0,03407594,https://api.elsevier.com/content/abstract/scopus_id/85044473148,204,5,,,,1.86,13.0,1,7,,,,85044473148,2-s2.0-85044473148
26,Ousterhout B.H.,Past selection impacts the strength of an aquatic trophic cascade,2018,Functional Ecology,,https://www.scopus.com/inward/record.uri?partnerID=HzOxMe3b&scp=85044865707&origin=inward,https://www.scopus.com/inward/citedby.uri?partnerID=HzOxMe3b&scp=85044865707&origin=inward,,2026-04-12 18:58:39,Article,10.1111/1365-2435.13102,02698463,https://api.elsevier.com/content/abstract/scopus_id/85044865707,32,6,,,,3.71,26.0,1,7,,,,85044865707,2-s2.0-85044865707
8,Velasco-Villanueva T.,"The life cycles of Boyeria irene and Onychogomphus uncatus (Odonata: Aeshnidae, Gomphidae) in western Spain: A biometric study",2018,European Journal of Entomology,,https://www.scopus.com/inward/record.uri?partnerID=HzOxMe3b&scp=85063106044&origin=inward,https://www.scopus.com/inward/citedby.uri?partnerID=HzOxMe3b&scp=85063106044&origin=inward,,2026-04-12 18:58:39,Article,10.14411/EJE.2018.067,12105759,https://api.elsevier.com/content/abstract/scopus_id/85063106044,115,,,,,1.14,8.0,1,7,,,,85063106044,2-s2.0-85063106044
6,Bowler J.,"Wildlife of Madeira and the Canary Islands: A Photographic Field Guide to Birds, Mammals, Reptiles, Amphibians, Butterflies and Dragonflies",2018,Wildlife of Madeira and the Canary Islands A Photographic Field Guide to Birds Mammals Reptiles Amphibians Butterflies and Dragonflies,,https://www.scopus.com/inward/record.uri?partnerID=HzOxMe3b&scp=85194344755&origin=inward,https://www.scopus.com/inward/citedby.uri?partnerID=HzOxMe3b&scp=85194344755&origin=inward,,2026-04-12 18:58:39,Book,,,https://api.elsevier.com/content/abstract/scopus_id/85194344755,,,,,,0.86,6.0,1,7,,,,85194344755,2-s2.0-85194344755
4,Samraoui B.,The hand of man or Santa Rosalia’s blessing? A rebuttal of the paper “on the restoration of the relict population of a dragonfly Urothemis edwardsii Selys (Libellulidae: Odonata) in the Mediterranean”,2018,Journal of Insect Conservation,,https://www.scopus.com/inward/record.uri?partnerID=HzOxMe3b&scp=85015065133&origin=inward,https://www.scopus.com/inward/citedby.uri?partnerID=HzOxMe3b&scp=85015065133&origin=inward,,2026-04-12 18:58:39,Article,10.1007/s10841-017-9966-2,1366638X,https://api.elsevier.com/content/abstract/scopus_id/85015065133,22,2,,,,0.57,4.0,1,7,,,,85015065133,2-s2.0-85015065133
32,Hefler C.,Aerodynamic characteristics along the wing span of a dragonfly Pantala flavescens,2018,Journal of Experimental Biology,,https://www.scopus.com/inward/record.uri?partnerID=HzOxMe3b&scp=85054463476&origin=inward,https://www.scopus.com/inward/citedby.uri?partnerID=HzOxMe3b&scp=85054463476&origin=inward,,2026-04-12 18:58:39,Article,10.1242/jeb.171199,00220949,https://api.elsevier.com/content/abstract/scopus_id/85054463476,221,19,,,,4.57,32.0,1,7,,,,85054463476,2-s2.0-85054463476
22,Cannell A.,"The engineering of the giant dragonflies of the Permian: Revised body mass, power, air supply, thermoregulation and the role of air density",2018,Journal of Experimental Biology,,https://www.scopus.com/inward/record.uri?partnerID=HzOxMe3b&scp=85054777850&origin=inward,https://www.scopus.com/inward/citedby.uri?partnerID=HzOxMe3b&scp=85054777850&origin=inward,,2026-04-12 18:58:39,Review,10.1242/jeb.185405,00220949,https://api.elsevier.com/content/abstract/scopus_id/85054777850,221,19,,,,3.14,22.0,1,7,,,,85054777850,2-s2.0-85054777850
35,Vanishree J.,Optimization of size and cost of Static VAR Compensator using Dragonfly algorithm for voltage profile improvement in power transmission systems,2018,International Journal of Renewable Energy Research,,https://www.scopus.com/inward/record.uri?partnerID=HzOxMe3b&scp=85043464763&origin=inward,https://www.scopus.com/inward/citedby.uri?partnerID=HzOxMe3b&scp=85043464763&origin=inward,,2026-04-12 18:58:39,Article,,,https://api.elsevier.com/content/abstract/scopus_id/85043464763,8,1,,,,5.0,35.0,1,7,,,,85043464763,2-s2.0-85043464763
1,Zhang H.m.,"Indocypha cyanicauda sp. nov. from southern Yunnan, China (Odonata: Chlorocyphidae)",2018,International Journal of Odonatology,,https://www.scopus.com/inward/record.uri?partnerID=HzOxMe3b&scp=85043694594&origin=inward,https://www.scopus.com/inward/citedby.uri?partnerID=HzOxMe3b&scp=85043694594&origin=inward,,2026-04-12 18:58:39,Article,10.1080/13887890.2018.1437479,13887890,https://api.elsevier.com/content/abstract/scopus_id/85043694594,21,1,,,,0.14,1.0,1,7,,,,85043694594,2-s2.0-85043694594
1,Patil H.P.,AA-CDNB: adaptive autoregressive CAVIAR-dragonfly optimization with Naive Bayes for reason identification,2018,Evolutionary Intelligence,,https://www.scopus.com/inward/record.uri?partnerID=HzOxMe3b&scp=85049601382&origin=inward,https://www.scopus.com/inward/citedby.uri?partnerID=HzOxMe3b&scp=85049601382&origin=inward,,2026-04-12 18:58:39,Article,10.1007/s12065-018-0155-3,18645909,https://api.elsevier.com/content/abstract/scopus_id/85049601382,11,1-2,,,,0.14,1.0,1,7,,,,85049601382,2-s2.0-85049601382
1,Cabezas Castillo M.,Why are female color polymorphisms rare in territorial damselflies?,2018,Ethology,,https://www.scopus.com/inward/record.uri?partnerID=HzOxMe3b&scp=85050983908&origin=inward,https://www.scopus.com/inward/citedby.uri?partnerID=HzOxMe3b&scp=85050983908&origin=inward,,2026-04-12 18:58:39,Article,10.1111/eth.12771,01791613,https://api.elsevier.com/content/abstract/scopus_id/85050983908,124,9,,,,0.14,1.0,1,7,,,,85050983908,2-s2.0-85050983908
6,Rajeshkumar S.,"Description of a new species of Nososticta Hagen (Odonata: Platycnemididae: Disparoneurinae) from Central Nicobar Islands, India",2018,Zootaxa,,https://www.scopus.com/inward/record.uri?partnerID=HzOxMe3b&scp=85054896475&origin=inward,https://www.scopus.com/inward/citedby.uri?partnerID=HzOxMe3b&scp=85054896475&origin=inward,,2026-04-12 18:58:39,Article,10.11646/zootaxa.4422.3.9,11755326,https://api.elsevier.com/content/abstract/scopus_id/85054896475,4422,3,,,,0.86,6.0,1,7,,,,85054896475,2-s2.0-85054896475
13,Moore M.P.,Larval body condition regulates predator-induced life-history variation in a dragonfly,2018,Ecology,,https://www.scopus.com/inward/record.uri?partnerID=HzOxMe3b&scp=85035235628&origin=inward,https://www.scopus.com/inward/citedby.uri?partnerID=HzOxMe3b&scp=85035235628&origin=inward,,2026-04-12 18:58:39,Note,10.1002/ecy.2056,00129658,https://api.elsevier.com/content/abstract/scopus_id/85035235628,99,1,,,,1.86,13.0,1,7,,,,85035235628,2-s2.0-85035235628
7,Langourov M.,Inventory of selected groups of invertebrates in sedge and reedbeds not associated with open waters in Bulgaria,2018,Acta Zoologica Bulgarica,,https://www.scopus.com/inward/record.uri?partnerID=HzOxMe3b&scp=85064173959&origin=inward,https://www.scopus.com/inward/citedby.uri?partnerID=HzOxMe3b&scp=85064173959&origin=inward,,2026-04-12 18:58:39,Article,,03240770,https://api.elsevier.com/content/abstract/scopus_id/85064173959,70,4,,,,1.0,7.0,1,7,,,,85064173959,2-s2.0-85064173959
1,Thaokar N.,Breeding behaviour of the Coromandel Marsh Dart Damselfly (Zygoptera: Coenagrionidae: Ceriagrion coromandelianum (Fabricius)) in central India,2018,Journal of Threatened Taxa,,https://www.scopus.com/inward/record.uri?partnerID=HzOxMe3b&scp=85044416376&origin=inward,https://www.scopus.com/inward/citedby.uri?partnerID=HzOxMe3b&scp=85044416376&origin=inward,,2026-04-12 18:58:39,Article,10.11609/jot.3537.10.3.11443-11449,09747893,https://api.elsevier.com/content/abstract/scopus_id/85044416376,10,3,,,,0.14,1.0,1,7,,,,85044416376,2-s2.0-85044416376
65,Büsse S.,Material composition of the mouthpart cuticle in a damselfly larva (Insecta: Odonata) and its biomechanical significance,2018,Royal Society Open Science,,https://www.scopus.com/inward/record.uri?partnerID=HzOxMe3b&scp=85048523141&origin=inward,https://www.scopus.com/inward/citedby.uri?partnerID=HzOxMe3b&scp=85048523141&origin=inward,,2026-04-12 18:58:39,Article,10.1098/rsos.172117,,https://api.elsevier.com/content/abstract/scopus_id/85048523141,5,6,,,,9.29,65.0,1,7,,,,85048523141,2-s2.0-85048523141
16,Kuznetsova V.G.,"Cytogenetic Characterization of Eight Odonata Species Originating from the Curonian Spit (the Baltic Sea, Russia) Using C-Banding and FISH with 18S rDNA and Telomeric (TTAGG)n Probes",2018,Cytogenetic and Genome Research,,https://www.scopus.com/inward/record.uri?partnerID=HzOxMe3b&scp=85040745902&origin=inward,https://www.scopus.com/inward/citedby.uri?partnerID=HzOxMe3b&scp=85040745902&origin=inward,,2026-04-12 18:58:39,Article,10.1159/000486088,14248581,https://api.elsevier.com/content/abstract/scopus_id/85040745902,153,3,,,,2.29,16.0,1,7,,,,85040745902,2-s2.0-85040745902
43,Tharwat A.,Parameter optimization of support vector machine using dragonfly algorithm,2018,Advances in Intelligent Systems and Computing,,https://www.scopus.com/inward/record.uri?partnerID=HzOxMe3b&scp=85029530556&origin=inward,https://www.scopus.com/inward/citedby.uri?partnerID=HzOxMe3b&scp=85029530556&origin=inward,,2026-04-12 18:58:39,Conference Paper,10.1007/978-3-319-64861-3_29,21945357,https://api.elsevier.com/content/abstract/scopus_id/85029530556,639,,,,,6.14,43.0,1,7,,,,85029530556,2-s2.0-85029530556
16,Sudabattula S.K.,Optimal allocation of renewable distributed generators and capacitors in distribution system using dragonfly algorithm,2018,Proceedings 2nd International Conference on Intelligent Circuits and Systems Icics 2018,,https://www.scopus.com/inward/record.uri?partnerID=HzOxMe3b&scp=85056454193&origin=inward,https://www.scopus.com/inward/citedby.uri?partnerID=HzOxMe3b&scp=85056454193&origin=inward,,2026-04-12 18:58:39,Conference Paper,10.1109/ICICS.2018.00086,,https://api.elsevier.com/content/abstract/scopus_id/85056454193,,,,,,2.29,16.0,1,7,,,,85056454193,2-s2.0-85056454193
13,Arun Vikram K.,Application of dragonfly algorithm for optimal performance analysis of process parameters in turn-mill operations- A case study,2018,Iop Conference Series Materials Science and Engineering,,https://www.scopus.com/inward/record.uri?partnerID=HzOxMe3b&scp=85043687569&origin=inward,https://www.scopus.com/inward/citedby.uri?partnerID=HzOxMe3b&scp=85043687569&origin=inward,,2026-04-12 18:58:39,Conference Paper,10.1088/1757-899X/310/1/012154,17578981,https://api.elsevier.com/content/abstract/scopus_id/85043687569,310,1,,,,1.86,13.0,1,7,,,,85043687569,2-s2.0-85043687569
20,Cao L.Z.,Seasonal migration of pantala flavescens across the Bohai Strait in Northern China,2018,Environmental Entomology,,https://www.scopus.com/inward/record.uri?partnerID=HzOxMe3b&scp=85052141898&origin=inward,https://www.scopus.com/inward/citedby.uri?partnerID=HzOxMe3b&scp=85052141898&origin=inward,,2026-04-12 18:58:39,Article,10.1093/ee/nvy017,0046225X,https://api.elsevier.com/content/abstract/scopus_id/85052141898,47,2,,,,2.86,20.0,1,7,,,,85052141898,2-s2.0-85052141898
8,Roh C.,Asymmetry in the jet opening: Underwater jet vectoring mechanism by dragonfly larvae,2018,Bioinspiration and Biomimetics,,https://www.scopus.com/inward/record.uri?partnerID=HzOxMe3b&scp=85049840567&origin=inward,https://www.scopus.com/inward/citedby.uri?partnerID=HzOxMe3b&scp=85049840567&origin=inward,,2026-04-12 18:58:39,Article,10.1088/1748-3190/aac25a,17483182,https://api.elsevier.com/content/abstract/scopus_id/85049840567,13,4,,,,1.14,8.0,1,7,,,,85049840567,2-s2.0-85049840567
15,Mellal M.,Reproductive habitat provisioning promotes survival and reproduction of the endangered endemic damselfly Calopteryx exul,2018,Journal of Insect Conservation,,https://www.scopus.com/inward/record.uri?partnerID=HzOxMe3b&scp=85053515586&origin=inward,https://www.scopus.com/inward/citedby.uri?partnerID=HzOxMe3b&scp=85053515586&origin=inward,,2026-04-12 18:58:39,Article,10.1007/s10841-018-0085-5,1366638X,https://api.elsevier.com/content/abstract/scopus_id/85053515586,22,3-4,,,,2.14,15.0,1,7,,,,85053515586,2-s2.0-85053515586
17,McGee T.G.,"Guidance, navigation, and control for exploration of titan with the dragonfly rotorcraft lander",2018,AIAA Guidance Navigation and Control Conference 2018,,https://www.scopus.com/inward/record.uri?partnerID=HzOxMe3b&scp=85141616435&origin=inward,https://www.scopus.com/inward/citedby.uri?partnerID=HzOxMe3b&scp=85141616435&origin=inward,,2026-04-12 18:58:39,Conference Paper,10.2514/6.2018-1330,,https://api.elsevier.com/content/abstract/scopus_id/85141616435,,,,,,2.43,17.0,1,7,,,,85141616435,2-s2.0-85141616435
2,Pulok M.K.H.,Experimental analysis of aerodynamic performances of dragonfly wings,2018,Aip Conference Proceedings,,https://www.scopus.com/inward/record.uri?partnerID=HzOxMe3b&scp=85050740176&origin=inward,https://www.scopus.com/inward/citedby.uri?partnerID=HzOxMe3b&scp=85050740176&origin=inward,,2026-04-12 18:58:39,Conference Paper,10.1063/1.5044311,0094243X,https://api.elsevier.com/content/abstract/scopus_id/85050740176,1980,,,,,0.29,2.0,1,7,,,,85050740176,2-s2.0-85050740176
76,Dudaniec R.Y.,Signatures of local adaptation along environmental gradients in a range-expanding damselfly (Ischnura elegans),2018,Molecular Ecology,,https://www.scopus.com/inward/record.uri?partnerID=HzOxMe3b&scp=85047612555&origin=inward,https://www.scopus.com/inward/citedby.uri?partnerID=HzOxMe3b&scp=85047612555&origin=inward,,2026-04-12 18:58:39,Article,10.1111/mec.14709,09621083,https://api.elsevier.com/content/abstract/scopus_id/85047612555,27,11,,,,10.86,76.0,1,7,,,,85047612555,2-s2.0-85047612555
24,More N.S.,Energy-Aware vm migration using dragonfly-crow optimization and support vector regression model in cloud,2018,International Journal of Modeling Simulation and Scientific Computing,,https://www.scopus.com/inward/record.uri?partnerID=HzOxMe3b&scp=85052937709&origin=inward,https://www.scopus.com/inward/citedby.uri?partnerID=HzOxMe3b&scp=85052937709&origin=inward,,2026-04-12 18:58:39,Article,10.1142/S1793962318500502,17939623,https://api.elsevier.com/content/abstract/scopus_id/85052937709,9,6,,,,3.43,24.0,1,7,,,,85052937709,2-s2.0-85052937709
3,Hamal N.S.,Optimizing PEMFC model parameters using dragonfly algorithm: A performance study,2018,Iet Conference Publications,,https://www.scopus.com/inward/record.uri?partnerID=HzOxMe3b&scp=85061398717&origin=inward,https://www.scopus.com/inward/citedby.uri?partnerID=HzOxMe3b&scp=85061398717&origin=inward,,2026-04-12 18:58:39,Conference Paper,,,https://api.elsevier.com/content/abstract/scopus_id/85061398717,2018,CP749,,,,0.43,3.0,1,7,,,,85061398717,2-s2.0-85061398717
23,Blanke A.,Analysis of modularity and integration suggests evolution of dragonfly wing venation mainly in response to functional demands,2018,Journal of the Royal Society Interface,,https://www.scopus.com/inward/record.uri?partnerID=HzOxMe3b&scp=85053032436&origin=inward,https://www.scopus.com/inward/citedby.uri?partnerID=HzOxMe3b&scp=85053032436&origin=inward,,2026-04-12 18:58:39,Article,10.1098/rsif.2018.0277,17425689,https://api.elsevier.com/content/abstract/scopus_id/85053032436,15,145,,,,3.29,23.0,1,7,,,,85053032436,2-s2.0-85053032436
20,Wang X.,Trade-off study of localizing communication and balancing network traffic on a dragonfly system,2018,Proceedings 2018 IEEE 32nd International Parallel and Distributed Processing Symposium IPDPS 2018,,https://www.scopus.com/inward/record.uri?partnerID=HzOxMe3b&scp=85052205110&origin=inward,https://www.scopus.com/inward/citedby.uri?partnerID=HzOxMe3b&scp=85052205110&origin=inward,,2026-04-12 18:58:39,Conference Paper,10.1109/IPDPS.2018.00120,,https://api.elsevier.com/content/abstract/scopus_id/85052205110,,,,,,2.86,20.0,1,7,,,,85052205110,2-s2.0-85052205110
2,Thaokar N.R.,Breeding behaviour of the Coromandel Marsh Dart Damselfly (Zygoptera: Coenagrionidae: Ceriagrion coromandelianum (Fabricius)) in central India,2018,Journal of Threatened Taxa,,https://www.scopus.com/inward/record.uri?partnerID=HzOxMe3b&scp=85121009139&origin=inward,https://www.scopus.com/inward/citedby.uri?partnerID=HzOxMe3b&scp=85121009139&origin=inward,,2026-04-12 18:58:39,Article,10.11609/JOTT.3537.10.3.11443-11449,09747893,https://api.elsevier.com/content/abstract/scopus_id/85121009139,10,3,,,,0.29,2.0,1,7,,,,85121009139,2-s2.0-85121009139
14,Norling U.,Constant and shifting photoperiods as seasonal cues during larval development of the univoltine damselfly Lestes sponsa (Odonata: Lestidae),2018,International Journal of Odonatology,,https://www.scopus.com/inward/record.uri?partnerID=HzOxMe3b&scp=85047201811&origin=inward,https://www.scopus.com/inward/citedby.uri?partnerID=HzOxMe3b&scp=85047201811&origin=inward,,2026-04-12 18:58:39,Article,10.1080/13887890.2018.1462263,13887890,https://api.elsevier.com/content/abstract/scopus_id/85047201811,21,2,,,,2.0,14.0,1,7,,,,85047201811,2-s2.0-85047201811
20,Moore M.P.,Trade-offs between larval survival and adult ornament development depend on predator regime in a territorial dragonfly,2018,Oecologia,,https://www.scopus.com/inward/record.uri?partnerID=HzOxMe3b&scp=85047660572&origin=inward,https://www.scopus.com/inward/citedby.uri?partnerID=HzOxMe3b&scp=85047660572&origin=inward,,2026-04-12 18:58:39,Article,10.1007/s00442-018-4171-x,00298549,https://api.elsevier.com/content/abstract/scopus_id/85047660572,188,1,,,,2.86,20.0,1,7,,,,85047660572,2-s2.0-85047660572
10,Wang Y.,A general method for large-scale fabrication of Cu nanoislands/dragonfly wing SERS flexible substrates,2018,Chinese Physics B,,https://www.scopus.com/inward/record.uri?partnerID=HzOxMe3b&scp=85043500552&origin=inward,https://www.scopus.com/inward/citedby.uri?partnerID=HzOxMe3b&scp=85043500552&origin=inward,,2026-04-12 18:58:39,Article,10.1088/1674-1056/27/1/017801,16741056,https://api.elsevier.com/content/abstract/scopus_id/85043500552,27,1,,,,1.43,10.0,1,7,,,,85043500552,2-s2.0-85043500552
8,Mellal M.K.,Aspects of the emergence ecology of the regionally endangered Coenagrion mercuriale (Odonata: Coenagrionidae) in Northeast Algeria,2018,Zoology and Ecology,,https://www.scopus.com/inward/record.uri?partnerID=HzOxMe3b&scp=85053260583&origin=inward,https://www.scopus.com/inward/citedby.uri?partnerID=HzOxMe3b&scp=85053260583&origin=inward,,2026-04-12 18:58:39,Article,10.1080/21658005.2018.1504405,21658005,https://api.elsevier.com/content/abstract/scopus_id/85053260583,28,3,,,,1.14,8.0,1,7,,,,85053260583,2-s2.0-85053260583
34,Veeramsetty V.,Hybrid genetic dragonfly algorithm based optimal power flow for computing LMP at DG buses for reliability improvement,2018,Energy Systems,,https://www.scopus.com/inward/record.uri?partnerID=HzOxMe3b&scp=85050268189&origin=inward,https://www.scopus.com/inward/citedby.uri?partnerID=HzOxMe3b&scp=85050268189&origin=inward,,2026-04-12 18:58:39,Article,10.1007/s12667-017-0268-2,18683967,https://api.elsevier.com/content/abstract/scopus_id/85050268189,9,3,,,,4.86,34.0,1,7,,,,85050268189,2-s2.0-85050268189
394,Mafarja M.,Binary dragonfly optimization for feature selection using time-varying transfer functions,2018,Knowledge Based Systems,,https://www.scopus.com/inward/record.uri?partnerID=HzOxMe3b&scp=85051561660&origin=inward,https://www.scopus.com/inward/citedby.uri?partnerID=HzOxMe3b&scp=85051561660&origin=inward,,2026-04-12 18:58:39,Article,10.1016/j.knosys.2018.08.003,09507051,https://api.elsevier.com/content/abstract/scopus_id/85051561660,161,,,,,56.29,394.0,1,7,,,,85051561660,2-s2.0-85051561660
6,Serrano-Meneses M.A.,Assortative Mating by Size in the American Rubyspot Damselfly (Hetaerina americana),2018,Journal of Insect Behavior,,https://www.scopus.com/inward/record.uri?partnerID=HzOxMe3b&scp=85055951046&origin=inward,https://www.scopus.com/inward/citedby.uri?partnerID=HzOxMe3b&scp=85055951046&origin=inward,,2026-04-12 18:58:39,Article,10.1007/s10905-018-9701-1,08927553,https://api.elsevier.com/content/abstract/scopus_id/85055951046,31,6,,,,0.86,6.0,1,7,,,,85055951046,2-s2.0-85055951046
1,Chinavinijkul I.,Brief announcement: Coloring-based task mapping for dragonfly systems,2018,Annual ACM Symposium on Parallelism in Algorithms and Architectures,,https://www.scopus.com/inward/record.uri?partnerID=HzOxMe3b&scp=85053484222&origin=inward,https://www.scopus.com/inward/citedby.uri?partnerID=HzOxMe3b&scp=85053484222&origin=inward,,2026-04-12 18:58:39,Conference Paper,10.1145/3210377.3210665,,https://api.elsevier.com/content/abstract/scopus_id/85053484222,,,,,,0.14,1.0,1,7,,,,85053484222,2-s2.0-85053484222
0,Andrew R.,Egg chorion of Paragomphus lineatus (Odonata: Gomphidae),2018,Odonatologica,,https://www.scopus.com/inward/record.uri?partnerID=HzOxMe3b&scp=85048371104&origin=inward,https://www.scopus.com/inward/citedby.uri?partnerID=HzOxMe3b&scp=85048371104&origin=inward,,2026-04-12 18:58:39,Article,10.5281/zenodo.1239953,03750183,https://api.elsevier.com/content/abstract/scopus_id/85048371104,47,1-2,,,,0.0,0.0,1,7,,,,85048371104,2-s2.0-85048371104
24,Koroiva R.,"Estimating the barcoding gap in a global dataset of cox1 sequences for Odonata: close, but no cigar",2018,Mitochondrial DNA Part A DNA Mapping Sequencing and Analysis,,https://www.scopus.com/inward/record.uri?partnerID=HzOxMe3b&scp=85026383757&origin=inward,https://www.scopus.com/inward/citedby.uri?partnerID=HzOxMe3b&scp=85026383757&origin=inward,,2026-04-12 18:58:39,Article,10.1080/24701394.2017.1357709,24701394,https://api.elsevier.com/content/abstract/scopus_id/85026383757,29,5,,,,3.43,24.0,1,7,,,,85026383757,2-s2.0-85026383757
2,Davidovich H.,Loaded flight in male Ischnura elegans and its relationship to copulatory flight,2018,Journal of Insect Physiology,,https://www.scopus.com/inward/record.uri?partnerID=HzOxMe3b&scp=85053001133&origin=inward,https://www.scopus.com/inward/citedby.uri?partnerID=HzOxMe3b&scp=85053001133&origin=inward,,2026-04-12 18:58:39,Article,10.1016/j.jinsphys.2018.08.008,00221910,https://api.elsevier.com/content/abstract/scopus_id/85053001133,110,,,,,0.29,2.0,1,7,,,,85053001133,2-s2.0-85053001133
2,Theischinger G.,"Nososticta moginae SP. N. (Odonata: Platycnemididae), a new damselfly from Papua New Guinea",2018,Australian Entomologist,,https://www.scopus.com/inward/record.uri?partnerID=HzOxMe3b&scp=85046133807&origin=inward,https://www.scopus.com/inward/citedby.uri?partnerID=HzOxMe3b&scp=85046133807&origin=inward,,2026-04-12 18:58:39,Article,,13206133,https://api.elsevier.com/content/abstract/scopus_id/85046133807,45,,,,,0.29,2.0,1,7,,,,85046133807,2-s2.0-85046133807
6,Wongsinlatam W.,The Comparison between Dragonflies Algorithm and Fireflies Algorithm for Court Case Administration: A Mixed Integer Linear Programming,2018,Journal of Physics Conference Series,,https://www.scopus.com/inward/record.uri?partnerID=HzOxMe3b&scp=85051337403&origin=inward,https://www.scopus.com/inward/citedby.uri?partnerID=HzOxMe3b&scp=85051337403&origin=inward,,2026-04-12 18:58:39,Conference Paper,10.1088/1742-6596/1061/1/012005,17426588,https://api.elsevier.com/content/abstract/scopus_id/85051337403,1061,1,,,,0.86,6.0,1,7,,,,85051337403,2-s2.0-85051337403
8,Aziz M.A.A.A.,"Faunistic studies of odonates (Insecta: Odonata) in Johor, Peninsular Malaysia",2018,Serangga,,https://www.scopus.com/inward/record.uri?partnerID=HzOxMe3b&scp=85055721868&origin=inward,https://www.scopus.com/inward/citedby.uri?partnerID=HzOxMe3b&scp=85055721868&origin=inward,,2026-04-12 18:58:39,Article,,13945130,https://api.elsevier.com/content/abstract/scopus_id/85055721868,23,2 Special Issue,,,,1.14,8.0,1,7,,,,85055721868,2-s2.0-85055721868
17,Shumway N.M.,Flapping tandem-wing aerodynamics: Dragonies in steady forward flight,2018,AIAA Aerospace Sciences Meeting 2018,,https://www.scopus.com/inward/record.uri?partnerID=HzOxMe3b&scp=85141567752&origin=inward,https://www.scopus.com/inward/citedby.uri?partnerID=HzOxMe3b&scp=85141567752&origin=inward,,2026-04-12 18:58:39,Conference Paper,10.2514/6.2018-1290,,https://api.elsevier.com/content/abstract/scopus_id/85141567752,,,,,,2.43,17.0,1,7,,,,85141567752,2-s2.0-85141567752
22,Quenta Herrera E.,Temperature effects on ballistic prey capture by a dragonfly larva,2018,Ecology and Evolution,,https://www.scopus.com/inward/record.uri?partnerID=HzOxMe3b&scp=85044642218&origin=inward,https://www.scopus.com/inward/citedby.uri?partnerID=HzOxMe3b&scp=85044642218&origin=inward,,2026-04-12 18:58:39,Article,10.1002/ece3.3975,,https://api.elsevier.com/content/abstract/scopus_id/85044642218,8,8,,,,3.14,22.0,1,7,,,,85044642218,2-s2.0-85044642218
24,Cavallaro M.C.,Community-level and phenological responses of emerging aquatic insects exposed to 3 neonicotinoid insecticides: An in situ wetland limnocorral approach,2018,Environmental Toxicology and Chemistry,,https://www.scopus.com/inward/record.uri?partnerID=HzOxMe3b&scp=85052290482&origin=inward,https://www.scopus.com/inward/citedby.uri?partnerID=HzOxMe3b&scp=85052290482&origin=inward,,2026-04-12 18:58:39,Article,10.1002/etc.4187,07307268,https://api.elsevier.com/content/abstract/scopus_id/85052290482,37,9,,,,3.43,24.0,1,7,,,,85052290482,2-s2.0-85052290482
3,Worthen W.,Confirming the relationship between body size and perch height in tropical odonates (Odonata: Libellulidae): wet-season contrasts and experimental tests,2018,International Journal of Odonatology,,https://www.scopus.com/inward/record.uri?partnerID=HzOxMe3b&scp=85055671965&origin=inward,https://www.scopus.com/inward/citedby.uri?partnerID=HzOxMe3b&scp=85055671965&origin=inward,,2026-04-12 18:58:39,Article,10.1080/13887890.2018.1536894,13887890,https://api.elsevier.com/content/abstract/scopus_id/85055671965,21,3-4,,,,0.43,3.0,1,7,,,,85055671965,2-s2.0-85055671965
6,El Haissoufi M.,"Biometrics of exuviae of Cordulegaster boltonii algirica Morton, 1916 (Odonata: Cordulegastridae)",2018,Aquatic Insects,,https://www.scopus.com/inward/record.uri?partnerID=HzOxMe3b&scp=85053454671&origin=inward,https://www.scopus.com/inward/citedby.uri?partnerID=HzOxMe3b&scp=85053454671&origin=inward,,2026-04-12 18:58:39,Article,10.1080/01650424.2018.1476720,01650424,https://api.elsevier.com/content/abstract/scopus_id/85053454671,39,4,,,,0.86,6.0,1,7,,,,85053454671,2-s2.0-85053454671
4,Santoso F.,Entropy Fuzzy System Identification for the Dynamics of the Dragonfly-like Flapping Wing Aircraft,2018,IEEE International Conference on Fuzzy Systems,,https://www.scopus.com/inward/record.uri?partnerID=HzOxMe3b&scp=85060471442&origin=inward,https://www.scopus.com/inward/citedby.uri?partnerID=HzOxMe3b&scp=85060471442&origin=inward,,2026-04-12 18:58:39,Conference Paper,10.1109/Fuzz-Ieee.2018.8491528,10987584,https://api.elsevier.com/content/abstract/scopus_id/85060471442,2018-July,,,,,0.57,4.0,1,7,,,,85060471442,2-s2.0-85060471442
13,Garrison R.W.,Damselflies of the genus Argia (Odonata: Coenagrionidae) from Ecuador with descriptions of five new species,2018,Zootaxa,,https://www.scopus.com/inward/record.uri?partnerID=HzOxMe3b&scp=85052671540&origin=inward,https://www.scopus.com/inward/citedby.uri?partnerID=HzOxMe3b&scp=85052671540&origin=inward,,2026-04-12 18:58:39,Review,10.11646/zootaxa.4470.1.1,11755326,https://api.elsevier.com/content/abstract/scopus_id/85052671540,4470,1,,,,1.86,13.0,1,7,,,,85052671540,2-s2.0-85052671540
8,Deregnaucourt I.,A new triadotypid insect from the late triassic of South Africa,2018,Acta Palaeontologica Polonica,,https://www.scopus.com/inward/record.uri?partnerID=HzOxMe3b&scp=85051363167&origin=inward,https://www.scopus.com/inward/citedby.uri?partnerID=HzOxMe3b&scp=85051363167&origin=inward,,2026-04-12 18:58:39,Article,10.4202/app.00345.2017,05677920,https://api.elsevier.com/content/abstract/scopus_id/85051363167,62,3,,,,1.14,8.0,1,7,,,,85051363167,2-s2.0-85051363167
18,Arjangpay A.,Effects of Structural Characteristics of a Bionic Dragonfly Wing on Its Low Velocity Impact Resistance,2018,Journal of Bionic Engineering,,https://www.scopus.com/inward/record.uri?partnerID=HzOxMe3b&scp=85053018071&origin=inward,https://www.scopus.com/inward/citedby.uri?partnerID=HzOxMe3b&scp=85053018071&origin=inward,,2026-04-12 18:58:39,Article,10.1007/s42235-018-0073-1,16726529,https://api.elsevier.com/content/abstract/scopus_id/85053018071,15,5,,,,2.57,18.0,1,7,,,,85053018071,2-s2.0-85053018071
0,Campbell W.D.,Brother to a Dragonfly,2018,Brother to A Dragonfly,,https://www.scopus.com/inward/record.uri?partnerID=HzOxMe3b&scp=105022986574&origin=inward,https://www.scopus.com/inward/citedby.uri?partnerID=HzOxMe3b&scp=105022986574&origin=inward,,2026-04-12 18:58:39,Book,,,https://api.elsevier.com/content/abstract/scopus_id/105022986574,,,,,,0.0,0.0,1,7,,,,105022986574,2-s2.0-105022986574
46,Wang Y.,High-performance flexible surface-enhanced Raman scattering substrates fabricated by depositing Ag nanoislands on the dragonfly wing,2018,Applied Surface Science,,https://www.scopus.com/inward/record.uri?partnerID=HzOxMe3b&scp=85037534847&origin=inward,https://www.scopus.com/inward/citedby.uri?partnerID=HzOxMe3b&scp=85037534847&origin=inward,,2026-04-12 18:58:39,Article,10.1016/j.apsusc.2017.11.212,01694332,https://api.elsevier.com/content/abstract/scopus_id/85037534847,436,,,,,6.57,46.0,1,7,,,,85037534847,2-s2.0-85037534847
1,Popova O.N.,"Cyclicity of Long-Term Population Dynamics in Dragonflies of the Genus Sympetrum (Odonata, Anisoptera) in the Basin of Lake Chany",2018,Contemporary Problems of Ecology,,https://www.scopus.com/inward/record.uri?partnerID=HzOxMe3b&scp=85058983592&origin=inward,https://www.scopus.com/inward/citedby.uri?partnerID=HzOxMe3b&scp=85058983592&origin=inward,,2026-04-12 18:58:39,Article,10.1134/S1995425518060082,19954255,https://api.elsevier.com/content/abstract/scopus_id/85058983592,11,6,,,,0.14,1.0,1,7,,,,85058983592,2-s2.0-85058983592
76,Carvalho F.G.,Oil palm plantation is not a suitable environment for most forest specialist species of Odonata in Amazonia,2018,Animal Conservation,,https://www.scopus.com/inward/record.uri?partnerID=HzOxMe3b&scp=85054789844&origin=inward,https://www.scopus.com/inward/citedby.uri?partnerID=HzOxMe3b&scp=85054789844&origin=inward,,2026-04-12 18:58:39,Article,10.1111/acv.12427,13679430,https://api.elsevier.com/content/abstract/scopus_id/85054789844,21,6,,,,10.86,76.0,1,7,,,,85054789844,2-s2.0-85054789844
3,Choong C.Y.,"Odonata (Insecta) fauna of Taman negara national park, Malaysia",2018,Serangga,,https://www.scopus.com/inward/record.uri?partnerID=HzOxMe3b&scp=85055711113&origin=inward,https://www.scopus.com/inward/citedby.uri?partnerID=HzOxMe3b&scp=85055711113&origin=inward,,2026-04-12 18:58:39,Article,,13945130,https://api.elsevier.com/content/abstract/scopus_id/85055711113,23,2 Special Issue,,,,0.43,3.0,1,7,,,,85055711113,2-s2.0-85055711113
2,Cao N.,On the use of subproduct in fuzzy relational compositions based on grouping features,2018,Communications in Computer and Information Science,,https://www.scopus.com/inward/record.uri?partnerID=HzOxMe3b&scp=85048045167&origin=inward,https://www.scopus.com/inward/citedby.uri?partnerID=HzOxMe3b&scp=85048045167&origin=inward,,2026-04-12 18:58:39,Conference Paper,10.1007/978-3-319-91479-4_15,18650929,https://api.elsevier.com/content/abstract/scopus_id/85048045167,855,,,,,0.29,2.0,1,7,,,,85048045167,2-s2.0-85048045167
12,Sawhney R.,Modified binary dragonfly algorithm for feature selection in human papillomavirus-mediated disease treatment,2018,Proceedings of the 2018 International Conference on Communication Computing and Internet of Things Ic3iot 2018,,https://www.scopus.com/inward/record.uri?partnerID=HzOxMe3b&scp=85064162262&origin=inward,https://www.scopus.com/inward/citedby.uri?partnerID=HzOxMe3b&scp=85064162262&origin=inward,,2026-04-12 18:58:39,Conference Paper,10.1109/IC3IoT.2018.8668174,,https://api.elsevier.com/content/abstract/scopus_id/85064162262,,,,,,1.71,12.0,1,7,,,,85064162262,2-s2.0-85064162262
7,Arulraj R.,Simultaneous multiple DG and capacitor installation using dragonfly algorithm for loss reduction and loadability improvement in distribution system,2018,Proceedings of the International Conference on Power Energy Control and Transmission Systems Icpects 2018,,https://www.scopus.com/inward/record.uri?partnerID=HzOxMe3b&scp=85057600027&origin=inward,https://www.scopus.com/inward/citedby.uri?partnerID=HzOxMe3b&scp=85057600027&origin=inward,,2026-04-12 18:58:39,Conference Paper,10.1109/ICPECTS.2018.8521605,,https://api.elsevier.com/content/abstract/scopus_id/85057600027,,,,,,1.0,7.0,1,7,,,,85057600027,2-s2.0-85057600027
5,Debnath S.,Access Point Planning for Disaster Scenario using Dragonfly Algorithm,2018,2018 5th International Conference on Signal Processing and Integrated Networks Spin 2018,,https://www.scopus.com/inward/record.uri?partnerID=HzOxMe3b&scp=85055447764&origin=inward,https://www.scopus.com/inward/citedby.uri?partnerID=HzOxMe3b&scp=85055447764&origin=inward,,2026-04-12 18:58:39,Conference Paper,10.1109/SPIN.2018.8474051,,https://api.elsevier.com/content/abstract/scopus_id/85055447764,,,,,,0.71,5.0,1,7,,,,85055447764,2-s2.0-85055447764
0,Cao L.,"Development of SSR markers based on the head transcriptome of Pantala flavescens (Fabricius, 1798) (Odonata: Libellulidae)",2018,International Journal of Odonatology,,https://www.scopus.com/inward/record.uri?partnerID=HzOxMe3b&scp=85055756930&origin=inward,https://www.scopus.com/inward/citedby.uri?partnerID=HzOxMe3b&scp=85055756930&origin=inward,,2026-04-12 18:58:39,Article,10.1080/13887890.2018.1531066,13887890,https://api.elsevier.com/content/abstract/scopus_id/85055756930,21,3-4,,,,0.0,0.0,1,7,,,,85055756930,2-s2.0-85055756930
5,Debnath S.,Access Point Planning for Disaster Scenario using Dragonfly Algorithm,2018,2018 5th International Conference on Signal Processing and Integrated Networks Spin 2018,,https://www.scopus.com/inward/record.uri?partnerID=HzOxMe3b&scp=85055447764&origin=inward,https://www.scopus.com/inward/citedby.uri?partnerID=HzOxMe3b&scp=85055447764&origin=inward,,2026-04-12 18:58:39,Conference Paper,10.1109/SPIN.2018.8474051,,https://api.elsevier.com/content/abstract/scopus_id/85055447764,,,,,,0.71,5.0,1,7,,,,85055447764,2-s2.0-85055447764
86,Hariharan M.,Improved binary dragonfly optimization algorithm and wavelet packet based non-linear features for infant cry classification,2018,Computer Methods and Programs in Biomedicine,,https://www.scopus.com/inward/record.uri?partnerID=HzOxMe3b&scp=85036611215&origin=inward,https://www.scopus.com/inward/citedby.uri?partnerID=HzOxMe3b&scp=85036611215&origin=inward,,2026-04-12 18:58:39,Article,10.1016/j.cmpb.2017.11.021,01692607,https://api.elsevier.com/content/abstract/scopus_id/85036611215,155,,,,,12.29,86.0,1,7,,,,85036611215,2-s2.0-85036611215
3,De Almeida T.R.,Female colour form has no effect on copulation duration of the polymorphic Ischnura fluviatilis (Odonata: Coenagrionidae),2018,Odonatologica,,https://www.scopus.com/inward/record.uri?partnerID=HzOxMe3b&scp=85058123971&origin=inward,https://www.scopus.com/inward/citedby.uri?partnerID=HzOxMe3b&scp=85058123971&origin=inward,,2026-04-12 18:58:39,Article,10.5281/zenodo.l481100,03750183,https://api.elsevier.com/content/abstract/scopus_id/85058123971,47,3-4,,,,0.43,3.0,1,7,,,,85058123971,2-s2.0-85058123971
4,Feindt W.,"Transcriptome profiling with focus on potential key genes for wing development and evolution in Megaloprepus caerulatus, the damselfly species with the world’s largest wings",2018,Plos One,,https://www.scopus.com/inward/record.uri?partnerID=HzOxMe3b&scp=85040467364&origin=inward,https://www.scopus.com/inward/citedby.uri?partnerID=HzOxMe3b&scp=85040467364&origin=inward,,2026-04-12 18:58:39,Article,10.1371/journal.pone.0189898,,https://api.elsevier.com/content/abstract/scopus_id/85040467364,13,1,,,,0.57,4.0,1,7,,,,85040467364,2-s2.0-85040467364
15,Jadhav J.N.,Web page recommendation system using laplace correction dependent probability and Chronological dragonfly-based clustering,2018,International Journal of Engineering and Technology Uae,,https://www.scopus.com/inward/record.uri?partnerID=HzOxMe3b&scp=85067270952&origin=inward,https://www.scopus.com/inward/citedby.uri?partnerID=HzOxMe3b&scp=85067270952&origin=inward,,2026-04-12 18:58:39,Article,,,https://api.elsevier.com/content/abstract/scopus_id/85067270952,7,3.27 Special Issue 27,,,,2.14,15.0,1,7,,,,85067270952,2-s2.0-85067270952
11,Ghosh S.,Assimilation of optimal sized hybrid photovoltaic-biomass system by dragonfly algorithm with grid,2018,Energies,,https://www.scopus.com/inward/record.uri?partnerID=HzOxMe3b&scp=85051181248&origin=inward,https://www.scopus.com/inward/citedby.uri?partnerID=HzOxMe3b&scp=85051181248&origin=inward,,2026-04-12 18:58:39,Article,10.3390/en11071892,,https://api.elsevier.com/content/abstract/scopus_id/85051181248,11,7,,,,1.57,11.0,1,7,,,,85051181248,2-s2.0-85051181248
6,Hino H.,Turning flight simulations of a dragonfly-like flapping wing-body model by the immersed boundary-lattice Boltzmann method,2018,Fluid Dynamics Research,,https://www.scopus.com/inward/record.uri?partnerID=HzOxMe3b&scp=85057532174&origin=inward,https://www.scopus.com/inward/citedby.uri?partnerID=HzOxMe3b&scp=85057532174&origin=inward,,2026-04-12 18:58:39,Article,10.1088/1873-7005/aad78c,01695983,https://api.elsevier.com/content/abstract/scopus_id/85057532174,50,6,,,,0.86,6.0,1,7,,,,85057532174,2-s2.0-85057532174
58,Amroune M.,Power System Voltage Stability Assessment Using a Hybrid Approach Combining Dragonfly Optimization Algorithm and Support Vector Regression,2018,Arabian Journal for Science and Engineering,,https://www.scopus.com/inward/record.uri?partnerID=HzOxMe3b&scp=85046415641&origin=inward,https://www.scopus.com/inward/citedby.uri?partnerID=HzOxMe3b&scp=85046415641&origin=inward,,2026-04-12 18:58:39,Article,10.1007/s13369-017-3046-5,2193567X,https://api.elsevier.com/content/abstract/scopus_id/85046415641,43,6,,,,8.29,58.0,1,7,,,,85046415641,2-s2.0-85046415641
9,Prokop J.,New palaeodictyopterans from the Late Carboniferous of the UK (Insecta: Palaeodictyopterida),2018,Earth and Environmental Science Transactions of the Royal Society of Edinburgh,,https://www.scopus.com/inward/record.uri?partnerID=HzOxMe3b&scp=85040694734&origin=inward,https://www.scopus.com/inward/citedby.uri?partnerID=HzOxMe3b&scp=85040694734&origin=inward,,2026-04-12 18:58:39,Conference Paper,10.1017/S1755691017000408,17556910,https://api.elsevier.com/content/abstract/scopus_id/85040694734,107,2-3,,,,1.29,9.0,1,7,,,,85040694734,2-s2.0-85040694734
2,Vilenica M.,Odonata collection of the Croatian Natural History Museum,2018,Natura Croatica,,https://www.scopus.com/inward/record.uri?partnerID=HzOxMe3b&scp=85049422879&origin=inward,https://www.scopus.com/inward/citedby.uri?partnerID=HzOxMe3b&scp=85049422879&origin=inward,,2026-04-12 18:58:39,Article,10.20302/NC.2018.27.8,13300520,https://api.elsevier.com/content/abstract/scopus_id/85049422879,27,1,,,,0.29,2.0,1,7,,,,85049422879,2-s2.0-85049422879
27,Yasen M.,Optimizing Neural Networks using Dragonfly Algorithm for Medical Prediction,2018,2018 8th International Conference on Computer Science and Information Technology Csit 2018,,https://www.scopus.com/inward/record.uri?partnerID=HzOxMe3b&scp=85056740375&origin=inward,https://www.scopus.com/inward/citedby.uri?partnerID=HzOxMe3b&scp=85056740375&origin=inward,,2026-04-12 18:58:39,Conference Paper,10.1109/CSIT.2018.8486178,,https://api.elsevier.com/content/abstract/scopus_id/85056740375,,,,,,3.86,27.0,1,7,,,,85056740375,2-s2.0-85056740375
3,Das D.,Solution of Probabilistic Economic Dispatch in Presence of Solar Power,2018,Ieecon 2018 6th International Electrical Engineering Congress,,https://www.scopus.com/inward/record.uri?partnerID=HzOxMe3b&scp=85066623472&origin=inward,https://www.scopus.com/inward/citedby.uri?partnerID=HzOxMe3b&scp=85066623472&origin=inward,,2026-04-12 18:58:39,Conference Paper,10.1109/IEECON.2018.8712324,,https://api.elsevier.com/content/abstract/scopus_id/85066623472,,,,,,0.43,3.0,1,7,,,,85066623472,2-s2.0-85066623472
4,Polepally V.,DEGSA-VMM: Dragonfly-based exponential gravitational search algorithm to VMM strategy for load balancing in cloud computing,2018,Kybernetes,,https://www.scopus.com/inward/record.uri?partnerID=HzOxMe3b&scp=85043454682&origin=inward,https://www.scopus.com/inward/citedby.uri?partnerID=HzOxMe3b&scp=85043454682&origin=inward,,2026-04-12 18:58:39,Article,10.1108/K-02-2017-0059,0368492X,https://api.elsevier.com/content/abstract/scopus_id/85043454682,47,6,,,,0.57,4.0,1,7,,,,85043454682,2-s2.0-85043454682
35,Kouba N.E.Y.,A Novel Optimal Combined Fuzzy PID Controller Employing Dragonfly Algorithm for Solving Automatic Generation Control Problem,2018,Electric Power Components and Systems,,https://www.scopus.com/inward/record.uri?partnerID=HzOxMe3b&scp=85059053693&origin=inward,https://www.scopus.com/inward/citedby.uri?partnerID=HzOxMe3b&scp=85059053693&origin=inward,,2026-04-12 18:58:39,Article,10.1080/15325008.2018.1533604,15325008,https://api.elsevier.com/content/abstract/scopus_id/85059053693,46,19-20,,,,5.0,35.0,1,7,,,,85059053693,2-s2.0-85059053693
32,Wang M.,Au-decorated dragonfly wing bioscaffold arrays as flexible surface-enhanced raman scattering (SERS) substrate for simultaneous determination of pesticide residues,2018,Nanomaterials,,https://www.scopus.com/inward/record.uri?partnerID=HzOxMe3b&scp=85047649367&origin=inward,https://www.scopus.com/inward/citedby.uri?partnerID=HzOxMe3b&scp=85047649367&origin=inward,,2026-04-12 18:58:39,Article,10.3390/nano8050289,,https://api.elsevier.com/content/abstract/scopus_id/85047649367,8,5,,,,4.57,32.0,1,7,,,,85047649367,2-s2.0-85047649367
1,Lai Z.,Dance of the dragonfly: A vision-based agile aerial touch solution for IARC mission 7,2018,2018 IEEE International Conference on Real Time Computing and Robotics Rcar 2018,,https://www.scopus.com/inward/record.uri?partnerID=HzOxMe3b&scp=85062540399&origin=inward,https://www.scopus.com/inward/citedby.uri?partnerID=HzOxMe3b&scp=85062540399&origin=inward,,2026-04-12 18:58:39,Conference Paper,10.1109/RCAR.2018.8621785,,https://api.elsevier.com/content/abstract/scopus_id/85062540399,,,,,,0.14,1.0,1,7,,,,85062540399,2-s2.0-85062540399
2,Razkallah Z.,Community structure of the odonatofauna of an important Maghrebian watershed: the Seybouse (Northeast Algeria),2018,Zoology and Ecology,,https://www.scopus.com/inward/record.uri?partnerID=HzOxMe3b&scp=85057487343&origin=inward,https://www.scopus.com/inward/citedby.uri?partnerID=HzOxMe3b&scp=85057487343&origin=inward,,2026-04-12 18:58:39,Article,10.1080/21658005.2018.1543114,21658005,https://api.elsevier.com/content/abstract/scopus_id/85057487343,28,4,,,,0.29,2.0,1,7,,,,85057487343,2-s2.0-85057487343
4,Ji A.,Flapping Wing Trajectory and Lift Mechanism of Insects,2018,Nanjing Hangkong Hangtian Daxue Xuebao Journal of Nanjing University of Aeronautics and Astronautics,,https://www.scopus.com/inward/record.uri?partnerID=HzOxMe3b&scp=85056315235&origin=inward,https://www.scopus.com/inward/citedby.uri?partnerID=HzOxMe3b&scp=85056315235&origin=inward,,2026-04-12 18:58:39,Article,10.16356/j.1005-2615.2018.03.001,10052615,https://api.elsevier.com/content/abstract/scopus_id/85056315235,50,3,,,,0.57,4.0,1,7,,,,85056315235,2-s2.0-85056315235
23,Arjangpay A.,An experimental and numerical investigation on low velocity impact response of a composite structure inspired by dragonfly wing configuration,2018,Composite Structures,,https://www.scopus.com/inward/record.uri?partnerID=HzOxMe3b&scp=85030859893&origin=inward,https://www.scopus.com/inward/citedby.uri?partnerID=HzOxMe3b&scp=85030859893&origin=inward,,2026-04-12 18:58:39,Article,10.1016/j.compstruct.2017.10.006,02638223,https://api.elsevier.com/content/abstract/scopus_id/85030859893,184,,,,,3.29,23.0,1,7,,,,85030859893,2-s2.0-85030859893
74,Khadanga R.K.,Design and Analysis of Tilt Integral Derivative Controller for Frequency Control in an Islanded Microgrid: A Novel Hybrid Dragonfly and Pattern Search Algorithm Approach,2018,Arabian Journal for Science and Engineering,,https://www.scopus.com/inward/record.uri?partnerID=HzOxMe3b&scp=85046435247&origin=inward,https://www.scopus.com/inward/citedby.uri?partnerID=HzOxMe3b&scp=85046435247&origin=inward,,2026-04-12 18:58:39,Article,10.1007/s13369-018-3151-0,2193567X,https://api.elsevier.com/content/abstract/scopus_id/85046435247,43,6,,,,10.57,74.0,1,7,,,,85046435247,2-s2.0-85046435247
15,Pessacq P.,Order Odonata,2018,Thorp and Covich S Freshwater Invertebrates Volume 3 Keys to Neotropical Hexapoda,,https://www.scopus.com/inward/record.uri?partnerID=HzOxMe3b&scp=85108644750&origin=inward,https://www.scopus.com/inward/citedby.uri?partnerID=HzOxMe3b&scp=85108644750&origin=inward,,2026-04-12 18:58:39,Book Chapter,10.1016/B978-0-12-804223-6.00014-7,,https://api.elsevier.com/content/abstract/scopus_id/85108644750,,,,,,2.14,15.0,1,7,,,,85108644750,2-s2.0-85108644750
55,Shi G.C.,Dragonfly wing decorated by gold nanoislands as flexible and stable substrates for surface-enhanced Raman scattering (SERS),2018,Scientific Reports,,https://www.scopus.com/inward/record.uri?partnerID=HzOxMe3b&scp=85046431308&origin=inward,https://www.scopus.com/inward/citedby.uri?partnerID=HzOxMe3b&scp=85046431308&origin=inward,,2026-04-12 18:58:39,Article,10.1038/s41598-018-25228-8,,https://api.elsevier.com/content/abstract/scopus_id/85046431308,8,1,,,,7.86,55.0,1,7,,,,85046431308,2-s2.0-85046431308
11,Start D.,Physiology underlies the assembly of ecological communities,2018,Proceedings of the National Academy of Sciences of the United States of America,,https://www.scopus.com/inward/record.uri?partnerID=HzOxMe3b&scp=85047988651&origin=inward,https://www.scopus.com/inward/citedby.uri?partnerID=HzOxMe3b&scp=85047988651&origin=inward,,2026-04-12 18:58:39,Retracted,10.1073/pnas.1802091115,00278424,https://api.elsevier.com/content/abstract/scopus_id/85047988651,115,23,,,,1.57,11.0,1,7,,,,85047988651,2-s2.0-85047988651
4,Tüzün N.,Warming under seminatural outdoor conditions in the larval stage negatively affects insect flight performance,2018,Biology Letters,,https://www.scopus.com/inward/record.uri?partnerID=HzOxMe3b&scp=85047295051&origin=inward,https://www.scopus.com/inward/citedby.uri?partnerID=HzOxMe3b&scp=85047295051&origin=inward,,2026-04-12 18:58:39,Article,10.1098/rsbl.2018.0121,17449561,https://api.elsevier.com/content/abstract/scopus_id/85047295051,14,5,,,,0.57,4.0,1,7,,,,85047295051,2-s2.0-85047295051
7,Boucenna N.,"Niche partitioning at emergence of two sympatric top-predator dragonflies, Anax imperator and A. parthenope (Odonata: Aeshnidae)",2018,Annales De La Societe Entomologique De France,,https://www.scopus.com/inward/record.uri?partnerID=HzOxMe3b&scp=85041551613&origin=inward,https://www.scopus.com/inward/citedby.uri?partnerID=HzOxMe3b&scp=85041551613&origin=inward,,2026-04-12 18:58:39,Article,10.1080/00379271.2018.1426492,00379271,https://api.elsevier.com/content/abstract/scopus_id/85041551613,54,1,,,,1.0,7.0,1,7,,,,85041551613,2-s2.0-85041551613
5,Zhang R.,Three-dimensional numerical study on the interaction of contralateral insect wings in asymmetric stroke,2018,Proceedings of the Institution of Mechanical Engineers Part G Journal of Aerospace Engineering,,https://www.scopus.com/inward/record.uri?partnerID=HzOxMe3b&scp=85044134315&origin=inward,https://www.scopus.com/inward/citedby.uri?partnerID=HzOxMe3b&scp=85044134315&origin=inward,,2026-04-12 18:58:39,Article,10.1177/0954410017699004,09544100,https://api.elsevier.com/content/abstract/scopus_id/85044134315,232,9,,,,0.71,5.0,1,7,,,,85044134315,2-s2.0-85044134315
107,Aadil F.,Clustering algorithm for internet of vehicles (IoV) based on dragonfly optimizer (CAVDO),2018,Journal of Supercomputing,,https://www.scopus.com/inward/record.uri?partnerID=HzOxMe3b&scp=85043508839&origin=inward,https://www.scopus.com/inward/citedby.uri?partnerID=HzOxMe3b&scp=85043508839&origin=inward,,2026-04-12 18:58:39,Article,10.1007/s11227-018-2305-x,09208542,https://api.elsevier.com/content/abstract/scopus_id/85043508839,74,9,,,,15.29,107.0,1,7,,,,85043508839,2-s2.0-85043508839
2,Zahn F.,"Evaluating energy-saving strategies on torus, k-Ary n-Tree, and dragonfly",2018,Proceedings 2018 IEEE 4th International Workshop on High Performance Interconnection Networks in the Exascale and Big Data Era Hipineb 2018,,https://www.scopus.com/inward/record.uri?partnerID=HzOxMe3b&scp=85049751989&origin=inward,https://www.scopus.com/inward/citedby.uri?partnerID=HzOxMe3b&scp=85049751989&origin=inward,,2026-04-12 18:58:39,Conference Paper,10.1109/HiPINEB.2018.00011,,https://api.elsevier.com/content/abstract/scopus_id/85049751989,2018-January,,,,,0.29,2.0,1,7,,,,85049751989,2-s2.0-85049751989
28,Chau N.L.,Optimal Design of a Dragonfly-Inspired Compliant Joint for Camera Positioning System of Nanoindentation Tester Based on a Hybrid Integration of Jaya-ANFIS,2018,Mathematical Problems in Engineering,,https://www.scopus.com/inward/record.uri?partnerID=HzOxMe3b&scp=85051254618&origin=inward,https://www.scopus.com/inward/citedby.uri?partnerID=HzOxMe3b&scp=85051254618&origin=inward,,2026-04-12 18:58:39,Article,10.1155/2018/8546095,1024123X,https://api.elsevier.com/content/abstract/scopus_id/85051254618,2018,,,,,4.0,28.0,1,7,,,,85051254618,2-s2.0-85051254618
51,Liu Y.,Bioaccumulation of Persistent Halogenated Organic Pollutants in Insects: Common Alterations to the Pollutant Pattern for Different Insects during Metamorphosis,2018,Environmental Science and Technology,,https://www.scopus.com/inward/record.uri?partnerID=HzOxMe3b&scp=85046426506&origin=inward,https://www.scopus.com/inward/citedby.uri?partnerID=HzOxMe3b&scp=85046426506&origin=inward,,2026-04-12 18:58:39,Article,10.1021/acs.est.8b00616,0013936X,https://api.elsevier.com/content/abstract/scopus_id/85046426506,52,9,,,,7.29,51.0,1,7,,,,85046426506,2-s2.0-85046426506
5,Roberts D.,Predator feeding vibrations encourage mosquito larvae to shorten their development and so become smaller adults,2018,Ecological Entomology,,https://www.scopus.com/inward/record.uri?partnerID=HzOxMe3b&scp=85044443619&origin=inward,https://www.scopus.com/inward/citedby.uri?partnerID=HzOxMe3b&scp=85044443619&origin=inward,,2026-04-12 18:58:39,Article,10.1111/een.12519,03076946,https://api.elsevier.com/content/abstract/scopus_id/85044443619,43,4,,,,0.71,5.0,1,7,,,,85044443619,2-s2.0-85044443619
3,Thom A.,Predaceous insects may limit algal grazers in high-nutrient environments: implications for wastewater remediation in open bioreactors,2018,Aquatic Ecology,,https://www.scopus.com/inward/record.uri?partnerID=HzOxMe3b&scp=85041119682&origin=inward,https://www.scopus.com/inward/citedby.uri?partnerID=HzOxMe3b&scp=85041119682&origin=inward,,2026-04-12 18:58:39,Article,10.1007/s10452-018-9648-5,13862588,https://api.elsevier.com/content/abstract/scopus_id/85041119682,52,1,,,,0.43,3.0,1,7,,,,85041119682,2-s2.0-85041119682
13,Ramamonjisoa N.,Defense investments and growth responses under different predation risks and gape-limitation predation threats in a tadpole prey,2018,Behavioral Ecology and Sociobiology,,https://www.scopus.com/inward/record.uri?partnerID=HzOxMe3b&scp=85051713624&origin=inward,https://www.scopus.com/inward/citedby.uri?partnerID=HzOxMe3b&scp=85051713624&origin=inward,,2026-04-12 18:58:39,Article,10.1007/s00265-018-2559-6,03405443,https://api.elsevier.com/content/abstract/scopus_id/85051713624,72,9,,,,1.86,13.0,1,7,,,,85051713624,2-s2.0-85051713624
25,Fujiwara T.,A visual analytics system for optimizing the performance of large-scale networks in supercomputing systems,2018,Visual Informatics,,https://www.scopus.com/inward/record.uri?partnerID=HzOxMe3b&scp=85066749695&origin=inward,https://www.scopus.com/inward/citedby.uri?partnerID=HzOxMe3b&scp=85066749695&origin=inward,,2026-04-12 18:58:39,Article,10.1016/j.visinf.2018.04.010,25432656,https://api.elsevier.com/content/abstract/scopus_id/85066749695,2,1,,,,3.57,25.0,1,7,,,,85066749695,2-s2.0-85066749695
3,Ramadhani I.,"Comparison of particle swarm optimization, genetic, and dragonfly algorithm to invert vertical electrical sounding",2018,Eage Hagi 1st Asia Pacific Meeting on Near Surface Geoscience and Engineering,,https://www.scopus.com/inward/record.uri?partnerID=HzOxMe3b&scp=85074755317&origin=inward,https://www.scopus.com/inward/citedby.uri?partnerID=HzOxMe3b&scp=85074755317&origin=inward,,2026-04-12 18:58:39,Conference Paper,10.3997/2214-4609.201800425,,https://api.elsevier.com/content/abstract/scopus_id/85074755317,,,,,,0.43,3.0,1,7,,,,85074755317,2-s2.0-85074755317
3,Dosi E.M.,"A preliminary study of the macroinvertebrate fauna of freshwater habitats in Maludam National Park, Sarawak",2018,Mires and Peat,,https://www.scopus.com/inward/record.uri?partnerID=HzOxMe3b&scp=85065697309&origin=inward,https://www.scopus.com/inward/citedby.uri?partnerID=HzOxMe3b&scp=85065697309&origin=inward,,2026-04-12 18:58:39,Article,10.19189/MaP.2017.OMB.316,,https://api.elsevier.com/content/abstract/scopus_id/85065697309,22,,,,,0.43,3.0,1,7,,,,85065697309,2-s2.0-85065697309
2,Thaokar N.,Breeding behaviour of the Coromandel Damselfly Ceriagrion coromandelianum (Fabricius) (Zygoptera: Coenagrionidae) in central India,2018,Journal of Threatened Taxa,,https://www.scopus.com/inward/record.uri?partnerID=HzOxMe3b&scp=85052364210&origin=inward,https://www.scopus.com/inward/citedby.uri?partnerID=HzOxMe3b&scp=85052364210&origin=inward,,2026-04-12 18:58:39,Article,10.11609/jot.3529.10.9.12203-12209,09747893,https://api.elsevier.com/content/abstract/scopus_id/85052364210,10,9,,,,0.29,2.0,1,7,,,,85052364210,2-s2.0-85052364210
1,Thaokar N.R.,Breeding behaviour of the Coromandel Damselfly Ceriagrion coromandelianum (Fabricius) (Zygoptera: Coenagrionidae) in central India: copulation,2018,Journal of Threatened Taxa,,https://www.scopus.com/inward/record.uri?partnerID=HzOxMe3b&scp=85119660745&origin=inward,https://www.scopus.com/inward/citedby.uri?partnerID=HzOxMe3b&scp=85119660745&origin=inward,,2026-04-12 18:58:39,Article,10.11609/jott.3529.10.9.12203-12209,09747893,https://api.elsevier.com/content/abstract/scopus_id/85119660745,10,9,,,,0.14,1.0,1,7,,,,85119660745,2-s2.0-85119660745
48,Ghanem W.A.H.M.,A Cognitively Inspired Hybridization of Artificial Bee Colony and Dragonfly Algorithms for Training Multi-layer Perceptrons,2018,Cognitive Computation,,https://www.scopus.com/inward/record.uri?partnerID=HzOxMe3b&scp=85053551790&origin=inward,https://www.scopus.com/inward/citedby.uri?partnerID=HzOxMe3b&scp=85053551790&origin=inward,,2026-04-12 18:58:39,Article,10.1007/s12559-018-9588-3,18669956,https://api.elsevier.com/content/abstract/scopus_id/85053551790,10,6,,,,6.86,48.0,1,7,,,,85053551790,2-s2.0-85053551790
8,Trivedi I.N.,A novel hybrid PSO-DA algorithm for global numerical optimization,2018,Lecture Notes on Data Engineering and Communications Technologies,,https://www.scopus.com/inward/record.uri?partnerID=HzOxMe3b&scp=85065040246&origin=inward,https://www.scopus.com/inward/citedby.uri?partnerID=HzOxMe3b&scp=85065040246&origin=inward,,2026-04-12 18:58:39,Book Chapter,10.1007/978-981-10-4585-1_24,23674512,https://api.elsevier.com/content/abstract/scopus_id/85065040246,3,,,,,1.14,8.0,1,7,,,,85065040246,2-s2.0-85065040246
11,Klein C.E.,The influence of small hydroelectric power plants on the richness and composition of Odonata species in the Brazilian Savanna,2018,International Journal of Odonatology,,https://www.scopus.com/inward/record.uri?partnerID=HzOxMe3b&scp=85043352381&origin=inward,https://www.scopus.com/inward/citedby.uri?partnerID=HzOxMe3b&scp=85043352381&origin=inward,,2026-04-12 18:58:39,Article,10.1080/13887890.2017.1419884,13887890,https://api.elsevier.com/content/abstract/scopus_id/85043352381,21,1,,,,1.57,11.0,1,7,,,,85043352381,2-s2.0-85043352381
40,Flajslik M.,Megafly: A topology for exascale systems,2018,Lecture Notes in Computer Science Including Subseries Lecture Notes in Artificial Intelligence and Lecture Notes in Bioinformatics,,https://www.scopus.com/inward/record.uri?partnerID=HzOxMe3b&scp=85048541218&origin=inward,https://www.scopus.com/inward/citedby.uri?partnerID=HzOxMe3b&scp=85048541218&origin=inward,,2026-04-12 18:58:39,Conference Paper,10.1007/978-3-319-92040-5_15,03029743,https://api.elsevier.com/content/abstract/scopus_id/85048541218,10876 LNCS,,,,,5.71,40.0,1,7,,,,85048541218,2-s2.0-85048541218
2,Rebora M.,"Erratum to “Field tests of multiple sensory cues in sex recognition and harassment of a colour polymorphic damselfly” (Animal Behaviour (2018) 136 (127–136), (S0003347217304177) (10.1016/j.anbehav.2017.12.015))",2018,Animal Behaviour,,https://www.scopus.com/inward/record.uri?partnerID=HzOxMe3b&scp=85054428362&origin=inward,https://www.scopus.com/inward/citedby.uri?partnerID=HzOxMe3b&scp=85054428362&origin=inward,,2026-04-12 18:58:39,Erratum,10.1016/j.anbehav.2018.09.009,00033472,https://api.elsevier.com/content/abstract/scopus_id/85054428362,145,,,,,0.29,2.0,1,7,,,,85054428362,2-s2.0-85054428362
21,Jang J.H.,Design of wing root rotation mechanism for dragonfly-inspired micro air vehicle,2018,Applied Sciences Switzerland,,https://www.scopus.com/inward/record.uri?partnerID=HzOxMe3b&scp=85054735051&origin=inward,https://www.scopus.com/inward/citedby.uri?partnerID=HzOxMe3b&scp=85054735051&origin=inward,,2026-04-12 18:58:39,Article,10.3390/app8101868,,https://api.elsevier.com/content/abstract/scopus_id/85054735051,8,10,,,,3.0,21.0,1,7,,,,85054735051,2-s2.0-85054735051
17,Supekar S.C.,Larval skipper frogs recognise kairomones of certain predators innately,2018,Journal of Ethology,,https://www.scopus.com/inward/record.uri?partnerID=HzOxMe3b&scp=85044585284&origin=inward,https://www.scopus.com/inward/citedby.uri?partnerID=HzOxMe3b&scp=85044585284&origin=inward,,2026-04-12 18:58:39,Article,10.1007/s10164-018-0545-0,02890771,https://api.elsevier.com/content/abstract/scopus_id/85044585284,36,2,,,,2.43,17.0,1,7,,,,85044585284,2-s2.0-85044585284
5,Start D.,Animal behaviour and algal camouflage jointly structure predation and selection,2018,Journal of Evolutionary Biology,,https://www.scopus.com/inward/record.uri?partnerID=HzOxMe3b&scp=85044222546&origin=inward,https://www.scopus.com/inward/citedby.uri?partnerID=HzOxMe3b&scp=85044222546&origin=inward,,2026-04-12 18:58:39,Article,10.1111/jeb.13261,1010061X,https://api.elsevier.com/content/abstract/scopus_id/85044222546,31,5,,,,0.71,5.0,1,7,,,,85044222546,2-s2.0-85044222546
2,Kopij G.,Diet of sympatrically breeding Southern Carmine Bee-eater Merops nubicoides and White-fronted Bee-eater Merops bullockoides,2018,Ostrich,,https://www.scopus.com/inward/record.uri?partnerID=HzOxMe3b&scp=85045048350&origin=inward,https://www.scopus.com/inward/citedby.uri?partnerID=HzOxMe3b&scp=85045048350&origin=inward,,2026-04-12 18:58:39,Note,10.2989/00306525.2018.1425928,00306525,https://api.elsevier.com/content/abstract/scopus_id/85045048350,89,2,,,,0.29,2.0,1,7,,,,85045048350,2-s2.0-85045048350
2,Frantsevich L.,"Leg deformation during imaginal ecdysis in the downy emerald, Cordulia aenea (Odonata, Corduliidae)",2018,Zoology,,https://www.scopus.com/inward/record.uri?partnerID=HzOxMe3b&scp=85044372179&origin=inward,https://www.scopus.com/inward/citedby.uri?partnerID=HzOxMe3b&scp=85044372179&origin=inward,,2026-04-12 18:58:39,Article,10.1016/j.zool.2018.01.001,09442006,https://api.elsevier.com/content/abstract/scopus_id/85044372179,127,,,,,0.29,2.0,1,7,,,,85044372179,2-s2.0-85044372179
33,El-Hay E.A.,Performance enhancement of autonomous system comprising proton exchange membrane fuel cells and switched reluctance motor,2018,Energy,,https://www.scopus.com/inward/record.uri?partnerID=HzOxMe3b&scp=85052632704&origin=inward,https://www.scopus.com/inward/citedby.uri?partnerID=HzOxMe3b&scp=85052632704&origin=inward,,2026-04-12 18:58:39,Article,10.1016/j.energy.2018.08.104,03605442,https://api.elsevier.com/content/abstract/scopus_id/85052632704,163,,,,,4.71,33.0,1,7,,,,85052632704,2-s2.0-85052632704
31,Valente-Neto F.,Selecting indicators based on biodiversity surrogacy and environmental response in a riverine network: Bringing operationality to biomonitoring,2018,Ecological Indicators,,https://www.scopus.com/inward/record.uri?partnerID=HzOxMe3b&scp=85049351855&origin=inward,https://www.scopus.com/inward/citedby.uri?partnerID=HzOxMe3b&scp=85049351855&origin=inward,,2026-04-12 18:58:39,Article,10.1016/j.ecolind.2018.06.066,1470160X,https://api.elsevier.com/content/abstract/scopus_id/85049351855,94,,,,,4.43,31.0,1,7,,,,85049351855,2-s2.0-85049351855
1,Jang J.,Development of Camber-Flat Wing Structure Convert Mechanism for Asymmetric Flapping Micro Air Vehicle,2018,IEEE International Conference on Intelligent Robots and Systems,,https://www.scopus.com/inward/record.uri?partnerID=HzOxMe3b&scp=85062966271&origin=inward,https://www.scopus.com/inward/citedby.uri?partnerID=HzOxMe3b&scp=85062966271&origin=inward,,2026-04-12 18:58:39,Conference Paper,10.1109/IROS.2018.8594104,21530858,https://api.elsevier.com/content/abstract/scopus_id/85062966271,,,,,,0.14,1.0,1,7,,,,85062966271,2-s2.0-85062966271
3,Mearns B.,First record of Orthetrum ransonnetii in the Canary Islands (Odonata: Libellulidae),2018,Odonatologica,,https://www.scopus.com/inward/record.uri?partnerID=HzOxMe3b&scp=85058099383&origin=inward,https://www.scopus.com/inward/citedby.uri?partnerID=HzOxMe3b&scp=85058099383&origin=inward,,2026-04-12 18:58:39,Article,10.5281/zenodo.1481094,03750183,https://api.elsevier.com/content/abstract/scopus_id/85058099383,47,3-4,,,,0.43,3.0,1,7,,,,85058099383,2-s2.0-85058099383
17,Start D.,Ontogeny and consistent individual differences mediate trophic interactions,2018,American Naturalist,,https://www.scopus.com/inward/record.uri?partnerID=HzOxMe3b&scp=85049135434&origin=inward,https://www.scopus.com/inward/citedby.uri?partnerID=HzOxMe3b&scp=85049135434&origin=inward,,2026-04-12 18:58:39,Article,10.1086/698693,00030147,https://api.elsevier.com/content/abstract/scopus_id/85049135434,192,3,,,,2.43,17.0,1,7,,,,85049135434,2-s2.0-85049135434
0,Theischinger G.,"A new species of Eusynthemis Förster, 1903 from the Cooloola sand-mass in south-eastern Queensland, Australia (Odonata: Synthemistidae)",2018,Odonatologica,,https://www.scopus.com/inward/record.uri?partnerID=HzOxMe3b&scp=85058114772&origin=inward,https://www.scopus.com/inward/citedby.uri?partnerID=HzOxMe3b&scp=85058114772&origin=inward,,2026-04-12 18:58:39,Article,10.5281/zenodo.l481110,03750183,https://api.elsevier.com/content/abstract/scopus_id/85058114772,47,3-4,,,,0.0,0.0,1,7,,,,85058114772,2-s2.0-85058114772
108,Díaz-Cortés M.A.,A multi-level thresholding method for breast thermograms analysis using Dragonfly algorithm,2018,Infrared Physics and Technology,,https://www.scopus.com/inward/record.uri?partnerID=HzOxMe3b&scp=85051827774&origin=inward,https://www.scopus.com/inward/citedby.uri?partnerID=HzOxMe3b&scp=85051827774&origin=inward,,2026-04-12 18:58:39,Article,10.1016/j.infrared.2018.08.007,13504495,https://api.elsevier.com/content/abstract/scopus_id/85051827774,93,,,,,15.43,108.0,1,7,,,,85051827774,2-s2.0-85051827774
9,Start D.,Predator macroevolution drives trophic cascades and ecosystem functioning,2018,Proceedings of the Royal Society B Biological Sciences,,https://www.scopus.com/inward/record.uri?partnerID=HzOxMe3b&scp=85051509041&origin=inward,https://www.scopus.com/inward/citedby.uri?partnerID=HzOxMe3b&scp=85051509041&origin=inward,,2026-04-12 18:58:39,Retracted,10.1098/rspb.2018.0384,09628452,https://api.elsevier.com/content/abstract/scopus_id/85051509041,285,1883,,,,1.29,9.0,1,7,,,,85051509041,2-s2.0-85051509041
2,Kalyoncu H.,Odonata fauna of Alara and Karpuz streams and their relations with physico-chemical variables,2018,Fresenius Environmental Bulletin,,https://www.scopus.com/inward/record.uri?partnerID=HzOxMe3b&scp=85050857603&origin=inward,https://www.scopus.com/inward/citedby.uri?partnerID=HzOxMe3b&scp=85050857603&origin=inward,,2026-04-12 18:58:39,Article,,10184619,https://api.elsevier.com/content/abstract/scopus_id/85050857603,27,1,,,,0.29,2.0,1,7,,,,85050857603,2-s2.0-85050857603
41,Frances D.N.,Warming drives higher rates of prey consumption and increases rates of intraguild predation,2018,Oecologia,,https://www.scopus.com/inward/record.uri?partnerID=HzOxMe3b&scp=85045834364&origin=inward,https://www.scopus.com/inward/citedby.uri?partnerID=HzOxMe3b&scp=85045834364&origin=inward,,2026-04-12 18:58:39,Article,10.1007/s00442-018-4146-y,00298549,https://api.elsevier.com/content/abstract/scopus_id/85045834364,187,3,,,,5.86,41.0,1,7,,,,85045834364,2-s2.0-85045834364
2,Kastner F.,Occurrence of Aeshna viridis in marsh ditches in relation to habitat conditions (Odonata: Aeshnidae),2018,International Journal of Odonatology,,https://www.scopus.com/inward/record.uri?partnerID=HzOxMe3b&scp=85055755675&origin=inward,https://www.scopus.com/inward/citedby.uri?partnerID=HzOxMe3b&scp=85055755675&origin=inward,,2026-04-12 18:58:39,Article,10.1080/13887890.2018.1531065,13887890,https://api.elsevier.com/content/abstract/scopus_id/85055755675,21,3-4,,,,0.29,2.0,1,7,,,,85055755675,2-s2.0-85055755675
84,Cohen Y.,"The Dragonfly Nearby Galaxies Survey. V. HST/ACS Observations of 23 Low Surface Brightness Objects in the Fields of NGC 1052, NGC 1084, M96, and NGC 4258",2018,Astrophysical Journal,,https://www.scopus.com/inward/record.uri?partnerID=HzOxMe3b&scp=85057576806&origin=inward,https://www.scopus.com/inward/citedby.uri?partnerID=HzOxMe3b&scp=85057576806&origin=inward,,2026-04-12 18:58:39,Article,10.3847/1538-4357/aae7c8,0004637X,https://api.elsevier.com/content/abstract/scopus_id/85057576806,868,2,,,,12.0,84.0,1,7,,,,85057576806,2-s2.0-85057576806
13,Neiss U.G.,Odonata,2018,Thorp and Covich S Freshwater Invertebrates Volume 3 Keys to Neotropical Hexapoda,,https://www.scopus.com/inward/record.uri?partnerID=HzOxMe3b&scp=85079278921&origin=inward,https://www.scopus.com/inward/citedby.uri?partnerID=HzOxMe3b&scp=85079278921&origin=inward,,2026-04-12 18:58:39,Book Chapter,10.1016/B978-0-12-804223-6.00017-2,,https://api.elsevier.com/content/abstract/scopus_id/85079278921,,,,,,1.86,13.0,1,7,,,,85079278921,2-s2.0-85079278921
6,Islam S.U.,"Genetic diversity of the families Aeshnidae, Gomphidae and Libellulidae through COI gene from South China",2018,Acta Tropica,,https://www.scopus.com/inward/record.uri?partnerID=HzOxMe3b&scp=85048273702&origin=inward,https://www.scopus.com/inward/citedby.uri?partnerID=HzOxMe3b&scp=85048273702&origin=inward,,2026-04-12 18:58:39,Article,10.1016/j.actatropica.2018.06.004,0001706X,https://api.elsevier.com/content/abstract/scopus_id/85048273702,185,,,,,0.86,6.0,1,7,,,,85048273702,2-s2.0-85048273702
4,Sellam-Bouattoura N.,Odonata of the Mazafran hydrosystem: Distribution and community structure,2018,Revue D Ecologie La Terre Et La Vie,,https://www.scopus.com/inward/record.uri?partnerID=HzOxMe3b&scp=85066817910&origin=inward,https://www.scopus.com/inward/citedby.uri?partnerID=HzOxMe3b&scp=85066817910&origin=inward,,2026-04-12 18:58:39,Article,,02497395,https://api.elsevier.com/content/abstract/scopus_id/85066817910,73,4,,,,0.57,4.0,1,7,,,,85066817910,2-s2.0-85066817910
5,Santos J.J.d.,Do container size and predator presence affect Culex (Diptera: Culicidae) oviposition preferences?,2018,Revista Brasileira De Entomologia,,https://www.scopus.com/inward/record.uri?partnerID=HzOxMe3b&scp=85035152225&origin=inward,https://www.scopus.com/inward/citedby.uri?partnerID=HzOxMe3b&scp=85035152225&origin=inward,,2026-04-12 18:58:39,Article,10.1016/j.rbe.2017.11.002,00855626,https://api.elsevier.com/content/abstract/scopus_id/85035152225,62,1,,,,0.71,5.0,1,7,,,,85035152225,2-s2.0-85035152225
22,Arribas R.,Predation and competition differentially affect the interactions and trophic niches of a Neotropical amphibian guild,2018,Frontiers in Ecology and Evolution,,https://www.scopus.com/inward/record.uri?partnerID=HzOxMe3b&scp=85044959951&origin=inward,https://www.scopus.com/inward/citedby.uri?partnerID=HzOxMe3b&scp=85044959951&origin=inward,,2026-04-12 18:58:39,Article,10.3389/fevo.2018.00028,,https://api.elsevier.com/content/abstract/scopus_id/85044959951,6,MAR,,,,3.14,22.0,1,7,,,,85044959951,2-s2.0-85044959951
11,Rebora M.,Field tests of multiple sensory cues in sex recognition and harassment of a colour polymorphic damselfly,2018,Animal Behaviour,,https://www.scopus.com/inward/record.uri?partnerID=HzOxMe3b&scp=85041639510&origin=inward,https://www.scopus.com/inward/citedby.uri?partnerID=HzOxMe3b&scp=85041639510&origin=inward,,2026-04-12 18:58:39,Article,10.1016/j.anbehav.2017.12.015,00033472,https://api.elsevier.com/content/abstract/scopus_id/85041639510,136,,,,,1.57,11.0,1,7,,,,85041639510,2-s2.0-85041639510
20,Solano E.,Asymmetric hybridization in Cordulegaster (Odonata: Cordulegastridae): Secondary postglacial contact and the possible role of mechanical constraints,2018,Ecology and Evolution,,https://www.scopus.com/inward/record.uri?partnerID=HzOxMe3b&scp=85053439183&origin=inward,https://www.scopus.com/inward/citedby.uri?partnerID=HzOxMe3b&scp=85053439183&origin=inward,,2026-04-12 18:58:39,Article,10.1002/ece3.4368,,https://api.elsevier.com/content/abstract/scopus_id/85053439183,8,19,,,,2.86,20.0,1,7,,,,85053439183,2-s2.0-85053439183
4,Conniff K.,Description of microgomphus phewataali sp. nov. from Nepal (Odonata: Gomphidae),2018,Odonatologica,,https://www.scopus.com/inward/record.uri?partnerID=HzOxMe3b&scp=85058105076&origin=inward,https://www.scopus.com/inward/citedby.uri?partnerID=HzOxMe3b&scp=85058105076&origin=inward,,2026-04-12 18:58:39,Article,10.5281/zenodo.1481108,03750183,https://api.elsevier.com/content/abstract/scopus_id/85058105076,47,3-4,,,,0.57,4.0,1,7,,,,85058105076,2-s2.0-85058105076
1,Berenbaum M.,Damselflies in distress,2018,American Entomologist,,https://www.scopus.com/inward/record.uri?partnerID=HzOxMe3b&scp=85048628744&origin=inward,https://www.scopus.com/inward/citedby.uri?partnerID=HzOxMe3b&scp=85048628744&origin=inward,,2026-04-12 18:58:39,Article,10.1093/ae/tmy003,10462821,https://api.elsevier.com/content/abstract/scopus_id/85048628744,64,1,,,,0.14,1.0,1,7,,,,85048628744,2-s2.0-85048628744
4,Bouiedda N.,Reproductive behaviour of Erythromma lindenii in Northeast Algeria (Odonata: Coenagrionidae),2018,Odonatologica,,https://www.scopus.com/inward/record.uri?partnerID=HzOxMe3b&scp=85058130765&origin=inward,https://www.scopus.com/inward/citedby.uri?partnerID=HzOxMe3b&scp=85058130765&origin=inward,,2026-04-12 18:58:39,Article,10.5281/zenodo.l481106,03750183,https://api.elsevier.com/content/abstract/scopus_id/85058130765,47,3-4,,,,0.57,4.0,1,7,,,,85058130765,2-s2.0-85058130765
1,Schneider T.,Crocothemis sanguinolenta new for Iran -an example of influx of African Odonata across the Strait of Hormuz (Odonata: Libellulidae),2018,Odonatologica,,https://www.scopus.com/inward/record.uri?partnerID=HzOxMe3b&scp=85058110527&origin=inward,https://www.scopus.com/inward/citedby.uri?partnerID=HzOxMe3b&scp=85058110527&origin=inward,,2026-04-12 18:58:39,Article,10.5281/zenodo.1481097,03750183,https://api.elsevier.com/content/abstract/scopus_id/85058110527,47,3-4,,,,0.14,1.0,1,7,,,,85058110527,2-s2.0-85058110527
5,Walia G.K.,"Chromosome observations based on C-banding, Ag-NOR and sequence-specific staining in two Anax species from India (Odonata: Aeshnidae)",2018,Odonatologica,,https://www.scopus.com/inward/record.uri?partnerID=HzOxMe3b&scp=85048365887&origin=inward,https://www.scopus.com/inward/citedby.uri?partnerID=HzOxMe3b&scp=85048365887&origin=inward,,2026-04-12 18:58:39,Article,10.5281/zenodo.1239957,03750183,https://api.elsevier.com/content/abstract/scopus_id/85048365887,47,1-2,,,,0.71,5.0,1,7,,,,85048365887,2-s2.0-85048365887
5,Van Toi J.,"The Odonata of Sulawesi and adjacent islands. Part 8. Revision of the genus Rhinocypha Rambur, 1842 (Chlorocyphidae)",2018,Odonatologica,,https://www.scopus.com/inward/record.uri?partnerID=HzOxMe3b&scp=85058133561&origin=inward,https://www.scopus.com/inward/citedby.uri?partnerID=HzOxMe3b&scp=85058133561&origin=inward,,2026-04-12 18:58:39,Article,10.5281/zenodo.l481114,03750183,https://api.elsevier.com/content/abstract/scopus_id/85058133561,47,3-4,,,,0.71,5.0,1,7,,,,85058133561,2-s2.0-85058133561
6,Schiesari L.,The ecology of a system of natural mesocosms: Rock pools in the Atlantic Forest,2018,Freshwater Biology,,https://www.scopus.com/inward/record.uri?partnerID=HzOxMe3b&scp=85046531660&origin=inward,https://www.scopus.com/inward/citedby.uri?partnerID=HzOxMe3b&scp=85046531660&origin=inward,,2026-04-12 18:58:39,Article,10.1111/fwb.13118,00465070,https://api.elsevier.com/content/abstract/scopus_id/85046531660,63,9,,,,0.86,6.0,1,7,,,,85046531660,2-s2.0-85046531660
0,Head C.R.,Commercial mode-locked vertical external cavity surface emitting lasers,2018,Proceedings of SPIE the International Society for Optical Engineering,,https://www.scopus.com/inward/record.uri?partnerID=HzOxMe3b&scp=85045838102&origin=inward,https://www.scopus.com/inward/citedby.uri?partnerID=HzOxMe3b&scp=85045838102&origin=inward,,2026-04-12 18:58:39,Conference Paper,10.1117/12.2290724,0277786X,https://api.elsevier.com/content/abstract/scopus_id/85045838102,10515,,,,,0.0,0.0,1,7,,,,85045838102,2-s2.0-85045838102
0,Jedicke E.,"From crabs, dragonflies, cormorants and pigs - Integration as mammoth task",2018,Naturschutz Und Landschaftsplanung,,https://www.scopus.com/inward/record.uri?partnerID=HzOxMe3b&scp=85041864805&origin=inward,https://www.scopus.com/inward/citedby.uri?partnerID=HzOxMe3b&scp=85041864805&origin=inward,,2026-04-12 18:58:39,Editorial,,09406808,https://api.elsevier.com/content/abstract/scopus_id/85041864805,50,2,,,,0.0,0.0,1,7,,,,85041864805,2-s2.0-85041864805
1,Prunier F.,"Onychogomphus costae in Andalusia, southern Spain - Mapping an overlooked species (Odonata: Gomphidae)",2018,Odonatologica,,https://www.scopus.com/inward/record.uri?partnerID=HzOxMe3b&scp=85048356878&origin=inward,https://www.scopus.com/inward/citedby.uri?partnerID=HzOxMe3b&scp=85048356878&origin=inward,,2026-04-12 18:58:39,Article,10.5281/zenodo.1239941,03750183,https://api.elsevier.com/content/abstract/scopus_id/85048356878,47,1-2,,,,0.14,1.0,1,7,,,,85048356878,2-s2.0-85048356878
23,Janssens L.,A widespread morphological antipredator mechanism reduces the sensitivity to pesticides and increases the susceptibility to warming,2018,Science of the Total Environment,,https://www.scopus.com/inward/record.uri?partnerID=HzOxMe3b&scp=85042919982&origin=inward,https://www.scopus.com/inward/citedby.uri?partnerID=HzOxMe3b&scp=85042919982&origin=inward,,2026-04-12 18:58:39,Article,10.1016/j.scitotenv.2018.01.179,00489697,https://api.elsevier.com/content/abstract/scopus_id/85042919982,626,,,,,3.29,23.0,1,7,,,,85042919982,2-s2.0-85042919982
16,Gazzola A.,Embryonic and larval defensive responses of agile frog (Rana dalmatina) to alien crayfish,2018,Ethology,,https://www.scopus.com/inward/record.uri?partnerID=HzOxMe3b&scp=85045469262&origin=inward,https://www.scopus.com/inward/citedby.uri?partnerID=HzOxMe3b&scp=85045469262&origin=inward,,2026-04-12 18:58:39,Article,10.1111/eth.12737,01791613,https://api.elsevier.com/content/abstract/scopus_id/85045469262,124,5,,,,2.29,16.0,1,7,,,,85045469262,2-s2.0-85045469262
0,Zheng Y.,High lift mechanism of a 2D flapping wing in hovering flight,2018,31st Congress of the International Council of the Aeronautical Sciences Icas 2018,,https://www.scopus.com/inward/record.uri?partnerID=HzOxMe3b&scp=85060490003&origin=inward,https://www.scopus.com/inward/citedby.uri?partnerID=HzOxMe3b&scp=85060490003&origin=inward,,2026-04-12 18:58:39,Conference Paper,,,https://api.elsevier.com/content/abstract/scopus_id/85060490003,,,,,,0.0,0.0,1,7,,,,85060490003,2-s2.0-85060490003
0,Perrin V.,Dragonflies,2018,British Wildlife,,https://www.scopus.com/inward/record.uri?partnerID=HzOxMe3b&scp=85056341933&origin=inward,https://www.scopus.com/inward/citedby.uri?partnerID=HzOxMe3b&scp=85056341933&origin=inward,,2026-04-12 18:58:39,Article,,09580956,https://api.elsevier.com/content/abstract/scopus_id/85056341933,30,1,,,,0.0,0.0,1,7,,,,85056341933,2-s2.0-85056341933
32,Svensson E.I.,Frequency dependence and ecological drift shape coexistence of species with similar niches,2018,American Naturalist,,https://www.scopus.com/inward/record.uri?partnerID=HzOxMe3b&scp=85044123600&origin=inward,https://www.scopus.com/inward/citedby.uri?partnerID=HzOxMe3b&scp=85044123600&origin=inward,,2026-04-12 18:58:39,Article,10.1086/697201,00030147,https://api.elsevier.com/content/abstract/scopus_id/85044123600,191,6,,,,4.57,32.0,1,7,,,,85044123600,2-s2.0-85044123600
7,Cezário R.R.,"Final instar larvae of Argia mollis Hagen in Selys, 1865 and Argia smithiana Calvert, 1909 (Odonata: Coenagrionidae) from the Brazilian Cerrado",2018,Zootaxa,,https://www.scopus.com/inward/record.uri?partnerID=HzOxMe3b&scp=85056131987&origin=inward,https://www.scopus.com/inward/citedby.uri?partnerID=HzOxMe3b&scp=85056131987&origin=inward,,2026-04-12 18:58:39,Article,10.11646/zootaxa.4514.1.11,11755326,https://api.elsevier.com/content/abstract/scopus_id/85056131987,4514,1,,,,1.0,7.0,1,7,,,,85056131987,2-s2.0-85056131987
16,Sniegula S.,The genetic variance but not the genetic covariance of life-history traits changes towards the north in a time-constrained insect,2018,Journal of Evolutionary Biology,,https://www.scopus.com/inward/record.uri?partnerID=HzOxMe3b&scp=85045010135&origin=inward,https://www.scopus.com/inward/citedby.uri?partnerID=HzOxMe3b&scp=85045010135&origin=inward,,2026-04-12 18:58:39,Article,10.1111/jeb.13269,1010061X,https://api.elsevier.com/content/abstract/scopus_id/85045010135,31,6,,,,2.29,16.0,1,7,,,,85045010135,2-s2.0-85045010135
50,Deacon C.,Artificial reservoirs complement natural ponds to improve pondscape resilience in conservation corridors in a biodiversity hotspot,2018,Plos One,,https://www.scopus.com/inward/record.uri?partnerID=HzOxMe3b&scp=85053684534&origin=inward,https://www.scopus.com/inward/citedby.uri?partnerID=HzOxMe3b&scp=85053684534&origin=inward,,2026-04-12 18:58:39,Article,10.1371/journal.pone.0204148,,https://api.elsevier.com/content/abstract/scopus_id/85053684534,13,9,,,,7.14,50.0,1,7,,,,85053684534,2-s2.0-85053684534
11,Blanke A.,A biomechanical analysis of prognathous and orthognathous insect head capsules: evidence for a many-to-one mapping of form to function,2018,Journal of Evolutionary Biology,,https://www.scopus.com/inward/record.uri?partnerID=HzOxMe3b&scp=85044185853&origin=inward,https://www.scopus.com/inward/citedby.uri?partnerID=HzOxMe3b&scp=85044185853&origin=inward,,2026-04-12 18:58:39,Article,10.1111/jeb.13251,1010061X,https://api.elsevier.com/content/abstract/scopus_id/85044185853,31,5,,,,1.57,11.0,1,7,,,,85044185853,2-s2.0-85044185853
0,,Journal of Physics: Conference Series,2018,Journal of Physics Conference Series,,https://www.scopus.com/inward/record.uri?partnerID=HzOxMe3b&scp=85051345347&origin=inward,https://www.scopus.com/inward/citedby.uri?partnerID=HzOxMe3b&scp=85051345347&origin=inward,,2026-04-12 18:58:39,Conference Review,,17426588,https://api.elsevier.com/content/abstract/scopus_id/85051345347,1061,1,,,,0.0,0.0,0,7,,,,85051345347,2-s2.0-85051345347
23,Lambret P.,Oviposition plant choice maximizes offspring fitness in an aquatic predatory insect,2018,Hydrobiologia,,https://www.scopus.com/inward/record.uri?partnerID=HzOxMe3b&scp=85047783493&origin=inward,https://www.scopus.com/inward/citedby.uri?partnerID=HzOxMe3b&scp=85047783493&origin=inward,,2026-04-12 18:58:39,Article,10.1007/s10750-018-3663-3,00188158,https://api.elsevier.com/content/abstract/scopus_id/85047783493,823,1,,,,3.29,23.0,1,7,,,,85047783493,2-s2.0-85047783493
59,Hallworth M.T.,Tracking dragons: Stable isotopes reveal the annual cycle of a long-distance migratory insect,2018,Biology Letters,,https://www.scopus.com/inward/record.uri?partnerID=HzOxMe3b&scp=85059677952&origin=inward,https://www.scopus.com/inward/citedby.uri?partnerID=HzOxMe3b&scp=85059677952&origin=inward,,2026-04-12 18:58:39,Article,10.1098/rsbl.2018.0741,17449561,https://api.elsevier.com/content/abstract/scopus_id/85059677952,14,12,,,,8.43,59.0,1,7,,,,85059677952,2-s2.0-85059677952
0,,Dragonflies,2018,British Wildlife,,https://www.scopus.com/inward/record.uri?partnerID=HzOxMe3b&scp=85059847094&origin=inward,https://www.scopus.com/inward/citedby.uri?partnerID=HzOxMe3b&scp=85059847094&origin=inward,,2026-04-12 18:58:39,Article,,09580956,https://api.elsevier.com/content/abstract/scopus_id/85059847094,30,2,,,,0.0,0.0,0,7,,,,85059847094,2-s2.0-85059847094
4,Kosterin O.E.,"Rediscovery of lestes nigriceps fraser, 1924 (Odonata: Lestidae) in eastern Cambodia",2018,Zootaxa,,https://www.scopus.com/inward/record.uri?partnerID=HzOxMe3b&scp=85057861303&origin=inward,https://www.scopus.com/inward/citedby.uri?partnerID=HzOxMe3b&scp=85057861303&origin=inward,,2026-04-12 18:58:39,Article,10.11646/zootaxa.4526.4.8,11755326,https://api.elsevier.com/content/abstract/scopus_id/85057861303,4526,4,,,,0.57,4.0,1,7,,,,85057861303,2-s2.0-85057861303
21,Pires M.M.,Drivers of beta diversity of Odonata along a forest-grassland transition in southern Brazilian coastal ponds,2018,Freshwater Science,,https://www.scopus.com/inward/record.uri?partnerID=HzOxMe3b&scp=85044739410&origin=inward,https://www.scopus.com/inward/citedby.uri?partnerID=HzOxMe3b&scp=85044739410&origin=inward,,2026-04-12 18:58:39,Article,10.1086/697925,21619549,https://api.elsevier.com/content/abstract/scopus_id/85044739410,37,2,,,,3.0,21.0,1,7,,,,85044739410,2-s2.0-85044739410
3,Bried J.,Emergence timing and fixation height in Pachydiplax longipennis (Odonata: Libellulidae) at varying substrate density and sunlight exposure,2018,International Journal of Odonatology,,https://www.scopus.com/inward/record.uri?partnerID=HzOxMe3b&scp=85053757414&origin=inward,https://www.scopus.com/inward/citedby.uri?partnerID=HzOxMe3b&scp=85053757414&origin=inward,,2026-04-12 18:58:39,Article,10.1080/13887890.2018.1520652,13887890,https://api.elsevier.com/content/abstract/scopus_id/85053757414,21,3-4,,,,0.43,3.0,1,7,,,,85053757414,2-s2.0-85053757414
0,Ortega-Salas H.,"Erpetogomphus oxybelis sp. nov. from Veracruz, Mexico (Odonata: Gomphidae)",2018,Zootaxa,,https://www.scopus.com/inward/record.uri?partnerID=HzOxMe3b&scp=85041952534&origin=inward,https://www.scopus.com/inward/citedby.uri?partnerID=HzOxMe3b&scp=85041952534&origin=inward,,2026-04-12 18:58:39,Article,10.11646/zootaxa.4378.4.10,11755326,https://api.elsevier.com/content/abstract/scopus_id/85041952534,4378,4,,,,0.0,0.0,1,7,,,,85041952534,2-s2.0-85041952534
10,Acquah-Lamptey D.,"Effect of a dragonfly (Bradinopyga strachani Kirby, 1900) on the density of mosquito larvae in a field experiment using mesocosms",2018,Web Ecology,,https://www.scopus.com/inward/record.uri?partnerID=HzOxMe3b&scp=85047514079&origin=inward,https://www.scopus.com/inward/citedby.uri?partnerID=HzOxMe3b&scp=85047514079&origin=inward,,2026-04-12 18:58:39,Article,10.5194/we-18-81-2018,,https://api.elsevier.com/content/abstract/scopus_id/85047514079,18,1,,,,1.43,10.0,1,7,,,,85047514079,2-s2.0-85047514079
5,Huang D.,"The oldest ‘Megapodagrionidae’ (Odonata, Zygoptera) discovered in the Lower Cretaceous Yixian Formation, China",2018,Cretaceous Research,,https://www.scopus.com/inward/record.uri?partnerID=HzOxMe3b&scp=85038934720&origin=inward,https://www.scopus.com/inward/citedby.uri?partnerID=HzOxMe3b&scp=85038934720&origin=inward,,2026-04-12 18:58:39,Article,10.1016/j.cretres.2017.12.003,01956671,https://api.elsevier.com/content/abstract/scopus_id/85038934720,84,,,,,0.71,5.0,1,7,,,,85038934720,2-s2.0-85038934720
9,Pitcher K.A.,Fish presence and inter-patch connectivity interactively alter the size of emergent insects in experimental enclosures,2018,Ecosphere,,https://www.scopus.com/inward/record.uri?partnerID=HzOxMe3b&scp=85044192597&origin=inward,https://www.scopus.com/inward/citedby.uri?partnerID=HzOxMe3b&scp=85044192597&origin=inward,,2026-04-12 18:58:39,Article,10.1002/ecs2.2118,,https://api.elsevier.com/content/abstract/scopus_id/85044192597,9,3,,,,1.29,9.0,1,7,,,,85044192597,2-s2.0-85044192597
4,Kosterin O.E.,Amphicnemis valentini sp. nov. from the cardamom ecoregion in Cambodia and Vietnam (Odonata: Coenagrionidae),2018,Zootaxa,,https://www.scopus.com/inward/record.uri?partnerID=HzOxMe3b&scp=85048078031&origin=inward,https://www.scopus.com/inward/citedby.uri?partnerID=HzOxMe3b&scp=85048078031&origin=inward,,2026-04-12 18:58:39,Article,10.11646/zootaxa.4429.2.4,11755326,https://api.elsevier.com/content/abstract/scopus_id/85048078031,4429,2,,,,0.57,4.0,1,7,,,,85048078031,2-s2.0-85048078031
1,Miroğlu A.,Intraspecific variations in the ivory featherleg platycnemis dealbata (Insecta: Odonata) from turkey,2018,Applied Ecology and Environmental Research,,https://www.scopus.com/inward/record.uri?partnerID=HzOxMe3b&scp=85048859008&origin=inward,https://www.scopus.com/inward/citedby.uri?partnerID=HzOxMe3b&scp=85048859008&origin=inward,,2026-04-12 18:58:39,Article,10.15666/aeer/1603_22132218,15891623,https://api.elsevier.com/content/abstract/scopus_id/85048859008,16,3,,,,0.14,1.0,1,7,,,,85048859008,2-s2.0-85048859008
7,Carter S.K.,Heterogeneity in body size and habitat complexity influence community structure,2018,Journal of Freshwater Ecology,,https://www.scopus.com/inward/record.uri?partnerID=HzOxMe3b&scp=85053499477&origin=inward,https://www.scopus.com/inward/citedby.uri?partnerID=HzOxMe3b&scp=85053499477&origin=inward,,2026-04-12 18:58:39,Article,10.1080/02705060.2018.1435429,02705060,https://api.elsevier.com/content/abstract/scopus_id/85053499477,33,1,,,,1.0,7.0,1,7,,,,85053499477,2-s2.0-85053499477
3,Dumont H.,"On the nature and distribution of Sympetrum tibiale, a rare Central Asian species spilling over into Europe (Odonata: Libellulidae)",2018,Odonatologica,,https://www.scopus.com/inward/record.uri?partnerID=HzOxMe3b&scp=85048368060&origin=inward,https://www.scopus.com/inward/citedby.uri?partnerID=HzOxMe3b&scp=85048368060&origin=inward,,2026-04-12 18:58:39,Article,10.5281/zenodo.1239943,03750183,https://api.elsevier.com/content/abstract/scopus_id/85048368060,47,1-2,,,,0.43,3.0,1,7,,,,85048368060,2-s2.0-85048368060
12,Vilela D.S.,"Argia angelae (Odonata: Zygoptera: Coenagrionidae) sp. nov. from Chapada dos Guimarães, Mato Grosso, Brazil",2018,Zootaxa,,https://www.scopus.com/inward/record.uri?partnerID=HzOxMe3b&scp=85046345160&origin=inward,https://www.scopus.com/inward/citedby.uri?partnerID=HzOxMe3b&scp=85046345160&origin=inward,,2026-04-12 18:58:39,Review,10.11646/zootaxa.4415.3.8,11755326,https://api.elsevier.com/content/abstract/scopus_id/85046345160,4415,3,,,,1.71,12.0,1,7,,,,85046345160,2-s2.0-85046345160
0,Ridler J.,Dragonfly Foods invests £4.5M in new factory,2018,Food Manufacture,,https://www.scopus.com/inward/record.uri?partnerID=HzOxMe3b&scp=85041907690&origin=inward,https://www.scopus.com/inward/citedby.uri?partnerID=HzOxMe3b&scp=85041907690&origin=inward,,2026-04-12 18:58:39,Note,,00156477,https://api.elsevier.com/content/abstract/scopus_id/85041907690,2018,February,,,,0.0,0.0,1,7,,,,85041907690,2-s2.0-85041907690
1,Vilela D.S.,"Females of two species of Argia from Chapada dos Guimarães National Park, Brazil (Odonata: Coenagrionidae)",2018,Zootaxa,,https://www.scopus.com/inward/record.uri?partnerID=HzOxMe3b&scp=85047209886&origin=inward,https://www.scopus.com/inward/citedby.uri?partnerID=HzOxMe3b&scp=85047209886&origin=inward,,2026-04-12 18:58:39,Article,10.11646/zootaxa.4420.3.8,11755326,https://api.elsevier.com/content/abstract/scopus_id/85047209886,4420,3,,,,0.14,1.0,1,7,,,,85047209886,2-s2.0-85047209886
4,Higashikawa W.,Grass and water preference during oviposition by Sympetrum pedemontanum elatum in Japan (Odonata: Libellulidae),2018,Odonatologica,,https://www.scopus.com/inward/record.uri?partnerID=HzOxMe3b&scp=85048367779&origin=inward,https://www.scopus.com/inward/citedby.uri?partnerID=HzOxMe3b&scp=85048367779&origin=inward,,2026-04-12 18:58:39,Article,10.5281/zenodo.1239959,03750183,https://api.elsevier.com/content/abstract/scopus_id/85048367779,47,1-2,,,,0.57,4.0,1,7,,,,85048367779,2-s2.0-85048367779
9,Rodrigues A.C.M.,Combined effects of insecticide exposure and predation risk on freshwater detritivores,2018,Ecotoxicology,,https://www.scopus.com/inward/record.uri?partnerID=HzOxMe3b&scp=85052489824&origin=inward,https://www.scopus.com/inward/citedby.uri?partnerID=HzOxMe3b&scp=85052489824&origin=inward,,2026-04-12 18:58:39,Article,10.1007/s10646-017-1887-z,09639292,https://api.elsevier.com/content/abstract/scopus_id/85052489824,27,7,,,,1.29,9.0,1,7,,,,85052489824,2-s2.0-85052489824
0,Knight K.,Dragonfly haemolymph looks more like ancestors',2018,Journal of Experimental Biology,,https://www.scopus.com/inward/record.uri?partnerID=HzOxMe3b&scp=85053694942&origin=inward,https://www.scopus.com/inward/citedby.uri?partnerID=HzOxMe3b&scp=85053694942&origin=inward,,2026-04-12 18:58:39,Note,10.1242/jeb.187112,00220949,https://api.elsevier.com/content/abstract/scopus_id/85053694942,221,15,,,,0.0,0.0,1,7,,,,85053694942,2-s2.0-85053694942
18,Verheyen J.,"Voltinism-associated differences in winter survival across latitudes: integrating growth, physiology, and food intake",2018,Oecologia,,https://www.scopus.com/inward/record.uri?partnerID=HzOxMe3b&scp=85042207542&origin=inward,https://www.scopus.com/inward/citedby.uri?partnerID=HzOxMe3b&scp=85042207542&origin=inward,,2026-04-12 18:58:39,Article,10.1007/s00442-018-4079-5,00298549,https://api.elsevier.com/content/abstract/scopus_id/85042207542,186,4,,,,2.57,18.0,1,7,,,,85042207542,2-s2.0-85042207542
4,Vilela D.S.,"Description of the female of dicterias atrosanguinea selys 1853, with notes on male genital ligula and male behavior (Odonata: Dicteriadidae)",2018,Zootaxa,,https://www.scopus.com/inward/record.uri?partnerID=HzOxMe3b&scp=85040862975&origin=inward,https://www.scopus.com/inward/citedby.uri?partnerID=HzOxMe3b&scp=85040862975&origin=inward,,2026-04-12 18:58:39,Article,10.11646/zootaxa.4374.3.7,11755326,https://api.elsevier.com/content/abstract/scopus_id/85040862975,4374,3,,,,0.57,4.0,1,7,,,,85040862975,2-s2.0-85040862975
18,Dem E.S.,Understanding the relationship between volunteers’ motivations and learning outcomes of Citizen Science in rice ecosystems in the Northern Philippines,2018,Paddy and Water Environment,,https://www.scopus.com/inward/record.uri?partnerID=HzOxMe3b&scp=85049593559&origin=inward,https://www.scopus.com/inward/citedby.uri?partnerID=HzOxMe3b&scp=85049593559&origin=inward,,2026-04-12 18:58:39,Article,10.1007/s10333-018-0664-9,16112490,https://api.elsevier.com/content/abstract/scopus_id/85049593559,16,4,,,,2.57,18.0,1,7,,,,85049593559,2-s2.0-85049593559
3,Lakum A.,Optimal placement and sizing of multiple active power filters for radial distribution system using grey Wolf optimizer,2018,2017 7th International Conference on Power Systems Icps 2017,,https://www.scopus.com/inward/record.uri?partnerID=HzOxMe3b&scp=85049876120&origin=inward,https://www.scopus.com/inward/citedby.uri?partnerID=HzOxMe3b&scp=85049876120&origin=inward,,2026-04-12 18:58:39,Conference Paper,10.1109/ICPES.2017.8387357,,https://api.elsevier.com/content/abstract/scopus_id/85049876120,,,,,,0.43,3.0,1,7,,,,85049876120,2-s2.0-85049876120
0,Schreiber F.,"Blood, salt, life: Fritz Kater's ""Love you, Dragonfly""",2018,Theaterheute,,https://www.scopus.com/inward/record.uri?partnerID=HzOxMe3b&scp=85057325077&origin=inward,https://www.scopus.com/inward/citedby.uri?partnerID=HzOxMe3b&scp=85057325077&origin=inward,,2026-04-12 18:58:39,Short Survey,,00405507,https://api.elsevier.com/content/abstract/scopus_id/85057325077,59,11,,,,0.0,0.0,1,7,,,,85057325077,2-s2.0-85057325077
4,Sánchez-Guillén R.A.,Genetic consequences of range expansions along several fronts in Crocothemis erythraea,2018,International Journal of Odonatology,,https://www.scopus.com/inward/record.uri?partnerID=HzOxMe3b&scp=85046395187&origin=inward,https://www.scopus.com/inward/citedby.uri?partnerID=HzOxMe3b&scp=85046395187&origin=inward,,2026-04-12 18:58:39,Article,10.1080/13887890.2018.1462259,13887890,https://api.elsevier.com/content/abstract/scopus_id/85046395187,21,2,,,,0.57,4.0,1,7,,,,85046395187,2-s2.0-85046395187
0,Inoue T.,Assessing options for habitat improvement using habitat suitability analyses: A case of running water dragonfly Nihonogomphus viridis (Japanese name: Aosanae),2018,Ecology and Civil Engineering,,https://www.scopus.com/inward/record.uri?partnerID=HzOxMe3b&scp=85054857140&origin=inward,https://www.scopus.com/inward/citedby.uri?partnerID=HzOxMe3b&scp=85054857140&origin=inward,,2026-04-12 18:58:39,Article,10.3825/ece.21.29,13443755,https://api.elsevier.com/content/abstract/scopus_id/85054857140,21,1,,,,0.0,0.0,1,7,,,,85054857140,2-s2.0-85054857140
3,Wolfe N.,Evaluating the impact of spiking neural network traffic on extreme-scale hybrid systems,2018,Proceedings of Pmbs 2018 Performance Modeling Benchmarking and Simulation of High Performance Computer Systems Held in Conjunction with Sc 2018 the International Conference for High Performance Computing Networking Storage and Analysis,,https://www.scopus.com/inward/record.uri?partnerID=HzOxMe3b&scp=85063094143&origin=inward,https://www.scopus.com/inward/citedby.uri?partnerID=HzOxMe3b&scp=85063094143&origin=inward,,2026-04-12 18:58:39,Conference Paper,10.1109/PMBS.2018.8641660,,https://api.elsevier.com/content/abstract/scopus_id/85063094143,,,,,,0.43,3.0,1,7,,,,85063094143,2-s2.0-85063094143
12,Rumrill C.T.,Delayed effects and complex life cycles: How the larval aquatic environment influences terrestrial performance and survival,2018,Environmental Toxicology and Chemistry,,https://www.scopus.com/inward/record.uri?partnerID=HzOxMe3b&scp=85053197121&origin=inward,https://www.scopus.com/inward/citedby.uri?partnerID=HzOxMe3b&scp=85053197121&origin=inward,,2026-04-12 18:58:39,Article,10.1002/etc.4228,07307268,https://api.elsevier.com/content/abstract/scopus_id/85053197121,37,10,,,,1.71,12.0,1,7,,,,85053197121,2-s2.0-85053197121
1,Denda M.,A simple vortex approach to complex two-wing unsteady flapping problems in 2D applied to insect flight study,2018,European Journal of Computational Mechanics,,https://www.scopus.com/inward/record.uri?partnerID=HzOxMe3b&scp=85058388097&origin=inward,https://www.scopus.com/inward/citedby.uri?partnerID=HzOxMe3b&scp=85058388097&origin=inward,,2026-04-12 18:58:39,Article,10.1080/17797179.2018.1550961,26422085,https://api.elsevier.com/content/abstract/scopus_id/85058388097,27,5-6,,,,0.14,1.0,1,7,,,,85058388097,2-s2.0-85058388097
2,Cowan E.M.,"The Odonata (Insecta) of Dhofar, southern Oman",2018,Journal of Threatened Taxa,,https://www.scopus.com/inward/record.uri?partnerID=HzOxMe3b&scp=85056394171&origin=inward,https://www.scopus.com/inward/citedby.uri?partnerID=HzOxMe3b&scp=85056394171&origin=inward,,2026-04-12 18:58:39,Article,10.11609/jott.4161.10.11.12499-12514,09747893,https://api.elsevier.com/content/abstract/scopus_id/85056394171,10,11,,,,0.29,2.0,1,7,,,,85056394171,2-s2.0-85056394171
28,Golfieri B.,Towards a more comprehensive assessment of river corridor conditions: A comparison between the Morphological Quality Index and three biotic indices,2018,Ecological Indicators,,https://www.scopus.com/inward/record.uri?partnerID=HzOxMe3b&scp=85029573730&origin=inward,https://www.scopus.com/inward/citedby.uri?partnerID=HzOxMe3b&scp=85029573730&origin=inward,,2026-04-12 18:58:39,Article,10.1016/j.ecolind.2017.09.011,1470160X,https://api.elsevier.com/content/abstract/scopus_id/85029573730,84,,,,,4.0,28.0,1,7,,,,85029573730,2-s2.0-85029573730
14,Sooraj P.,Flow around a corrugated airfoil,2018,Journal of Flow Visualization and Image Processing,,https://www.scopus.com/inward/record.uri?partnerID=HzOxMe3b&scp=85061672276&origin=inward,https://www.scopus.com/inward/citedby.uri?partnerID=HzOxMe3b&scp=85061672276&origin=inward,,2026-04-12 18:58:39,Article,10.1615/JFlowVisImageProc.2018027151,10653090,https://api.elsevier.com/content/abstract/scopus_id/85061672276,25,3-4,,,,2.0,14.0,1,7,,,,85061672276,2-s2.0-85061672276
0,,"Proceedings - 2018 IEEE 4th International Workshop on High-Performance Interconnection Networks in the Exascale and Big-Data Era, HiPINEB 2018",2018,Proceedings 2018 IEEE 4th International Workshop on High Performance Interconnection Networks in the Exascale and Big Data Era Hipineb 2018,,https://www.scopus.com/inward/record.uri?partnerID=HzOxMe3b&scp=85050650150&origin=inward,https://www.scopus.com/inward/citedby.uri?partnerID=HzOxMe3b&scp=85050650150&origin=inward,,2026-04-12 18:58:39,Conference Review,,,https://api.elsevier.com/content/abstract/scopus_id/85050650150,2018-January,,,,,0.0,0.0,0,7,,,,85050650150,2-s2.0-85050650150
2,Carrillo-Lara D.,"Description of the larva of Orthemis ferruginea (Fabricius, 1775) (Odonata: Libellulidae)",2018,Zootaxa,,https://www.scopus.com/inward/record.uri?partnerID=HzOxMe3b&scp=85052016950&origin=inward,https://www.scopus.com/inward/citedby.uri?partnerID=HzOxMe3b&scp=85052016950&origin=inward,,2026-04-12 18:58:39,Article,10.11646/zootaxa.4455.3.10,11755326,https://api.elsevier.com/content/abstract/scopus_id/85052016950,4455,3,,,,0.29,2.0,1,7,,,,85052016950,2-s2.0-85052016950
1,Kobayashi T.,"Dunphy Lake in Warrumbungle National Park, NSW: Aquatic animal community after the Wambelong fire in 2013",2018,Australian Zoologist,,https://www.scopus.com/inward/record.uri?partnerID=HzOxMe3b&scp=85055851329&origin=inward,https://www.scopus.com/inward/citedby.uri?partnerID=HzOxMe3b&scp=85055851329&origin=inward,,2026-04-12 18:58:39,Article,10.7882/AZ.2017.035,00672238,https://api.elsevier.com/content/abstract/scopus_id/85055851329,39,3,,,,0.14,1.0,1,7,,,,85055851329,2-s2.0-85055851329
7,Hossie T.,Threat of predation alters aggressive interactions among spotted salamander (Ambystoma maculatum) larvae,2018,Ecology and Evolution,,https://www.scopus.com/inward/record.uri?partnerID=HzOxMe3b&scp=85042080303&origin=inward,https://www.scopus.com/inward/citedby.uri?partnerID=HzOxMe3b&scp=85042080303&origin=inward,,2026-04-12 18:58:39,Article,10.1002/ece3.3892,,https://api.elsevier.com/content/abstract/scopus_id/85042080303,8,6,,,,1.0,7.0,1,7,,,,85042080303,2-s2.0-85042080303
6,Makbun N.,Description of Microgomphus farrelli sp. Nov. (Odonata: Anisoptera: Gomphidae) based on adults of both sexes and larvae from Northern Thailand,2018,Zootaxa,,https://www.scopus.com/inward/record.uri?partnerID=HzOxMe3b&scp=85054894845&origin=inward,https://www.scopus.com/inward/citedby.uri?partnerID=HzOxMe3b&scp=85054894845&origin=inward,,2026-04-12 18:58:39,Article,10.11646/zootaxa.4422.3.10,11755326,https://api.elsevier.com/content/abstract/scopus_id/85054894845,4422,3,,,,0.86,6.0,1,7,,,,85054894845,2-s2.0-85054894845
1,Priyadarshana T.S.,"A new species of Ceylonosticta Fraser, 1931 (Odonata: Zygoptera: Platystictidae) from Sri Lanka",2018,International Journal of Odonatology,,https://www.scopus.com/inward/record.uri?partnerID=HzOxMe3b&scp=85048369565&origin=inward,https://www.scopus.com/inward/citedby.uri?partnerID=HzOxMe3b&scp=85048369565&origin=inward,,2026-04-12 18:58:39,Article,10.1080/13887890.2018.1462261,13887890,https://api.elsevier.com/content/abstract/scopus_id/85048369565,21,2,,,,0.14,1.0,1,7,,,,85048369565,2-s2.0-85048369565
14,Mollah M.A.,A comparative study of topology design approaches for HPC interconnects,2018,Proceedings 18th IEEE ACM International Symposium on Cluster Cloud and Grid Computing Ccgrid 2018,,https://www.scopus.com/inward/record.uri?partnerID=HzOxMe3b&scp=85050977429&origin=inward,https://www.scopus.com/inward/citedby.uri?partnerID=HzOxMe3b&scp=85050977429&origin=inward,,2026-04-12 18:58:39,Conference Paper,10.1109/CCGRID.2018.00066,,https://api.elsevier.com/content/abstract/scopus_id/85050977429,,,,,,2.0,14.0,1,7,,,,85050977429,2-s2.0-85050977429
58,Han X.,Bioinspired Synthesis of Monolithic and Layered Aerogels,2018,Advanced Materials,,https://www.scopus.com/inward/record.uri?partnerID=HzOxMe3b&scp=85047840657&origin=inward,https://www.scopus.com/inward/citedby.uri?partnerID=HzOxMe3b&scp=85047840657&origin=inward,,2026-04-12 18:58:39,Article,10.1002/adma.201706294,09359648,https://api.elsevier.com/content/abstract/scopus_id/85047840657,30,23,,,,8.29,58.0,1,7,,,,85047840657,2-s2.0-85047840657
0,,Annual ACM symposium on parallelism in algorithms and architectures,2018,Annual ACM Symposium on Parallelism in Algorithms and Architectures,,https://www.scopus.com/inward/record.uri?partnerID=HzOxMe3b&scp=85051132715&origin=inward,https://www.scopus.com/inward/citedby.uri?partnerID=HzOxMe3b&scp=85051132715&origin=inward,,2026-04-12 18:58:39,Conference Review,,,https://api.elsevier.com/content/abstract/scopus_id/85051132715,Part F138034,,,,,0.0,0.0,0,7,,,,85051132715,2-s2.0-85051132715
16,Rudolf V.H.W.,Trophic structure alters consequences of environmental warming,2018,Oikos,,https://www.scopus.com/inward/record.uri?partnerID=HzOxMe3b&scp=85050508835&origin=inward,https://www.scopus.com/inward/citedby.uri?partnerID=HzOxMe3b&scp=85050508835&origin=inward,,2026-04-12 18:58:39,Article,10.1111/oik.05535,00301299,https://api.elsevier.com/content/abstract/scopus_id/85050508835,127,11,,,,2.29,16.0,1,7,,,,85050508835,2-s2.0-85050508835
21,de Beeck L.,Strong differences between two congeneric species in sensitivity to pesticides in a warming world,2018,Science of the Total Environment,,https://www.scopus.com/inward/record.uri?partnerID=HzOxMe3b&scp=85033230653&origin=inward,https://www.scopus.com/inward/citedby.uri?partnerID=HzOxMe3b&scp=85033230653&origin=inward,,2026-04-12 18:58:39,Article,10.1016/j.scitotenv.2017.10.311,00489697,https://api.elsevier.com/content/abstract/scopus_id/85033230653,618,,,,,3.0,21.0,1,7,,,,85033230653,2-s2.0-85033230653
6,Novelo-Gutierrez R.,"Cordulegaster virginiae sp. Nov. from Mexico, including a comparison with C. diadema Selys, 1868, and a redescription of its larva (Odonata: Cordulegastridae)",2018,Zootaxa,,https://www.scopus.com/inward/record.uri?partnerID=HzOxMe3b&scp=85043720792&origin=inward,https://www.scopus.com/inward/citedby.uri?partnerID=HzOxMe3b&scp=85043720792&origin=inward,,2026-04-12 18:58:39,Article,10.11646/zootaxa.4394.3.3,11755326,https://api.elsevier.com/content/abstract/scopus_id/85043720792,4394,3,,,,0.86,6.0,1,7,,,,85043720792,2-s2.0-85043720792
4,Dos Santos Nápoli R.J.,"Male and female contributions to parental care in the rufoustailed jacamar (galbula ruficauda, galbulidae) in southern goiás, Brazil",2018,Ornitologia Neotropical,,https://www.scopus.com/inward/record.uri?partnerID=HzOxMe3b&scp=85055863787&origin=inward,https://www.scopus.com/inward/citedby.uri?partnerID=HzOxMe3b&scp=85055863787&origin=inward,,2026-04-12 18:58:39,Article,,10754377,https://api.elsevier.com/content/abstract/scopus_id/85055863787,29,,,,,0.57,4.0,1,7,,,,85055863787,2-s2.0-85055863787
1,Ling A.W.,Multi-objective optimization method of annual power cut plan based on DMODA algorithm,2018,China International Conference on Electricity Distribution Ciced,,https://www.scopus.com/inward/record.uri?partnerID=HzOxMe3b&scp=85063149019&origin=inward,https://www.scopus.com/inward/citedby.uri?partnerID=HzOxMe3b&scp=85063149019&origin=inward,,2026-04-12 18:58:39,Conference Paper,10.1109/CICED.2018.8592436,21617481,https://api.elsevier.com/content/abstract/scopus_id/85063149019,,,,,,0.14,1.0,1,7,,,,85063149019,2-s2.0-85063149019
8,Tharwat A.,Classification of toxicity effects of biotransformed hepatic drugs using optimized support vector machine,2018,Advances in Intelligent Systems and Computing,,https://www.scopus.com/inward/record.uri?partnerID=HzOxMe3b&scp=85029488209&origin=inward,https://www.scopus.com/inward/citedby.uri?partnerID=HzOxMe3b&scp=85029488209&origin=inward,,2026-04-12 18:58:39,Conference Paper,10.1007/978-3-319-64861-3_15,21945357,https://api.elsevier.com/content/abstract/scopus_id/85029488209,639,,,,,1.14,8.0,1,7,,,,85029488209,2-s2.0-85029488209
4,Silva L.d.F.R.,"Immature Odonata community in streams: Diversity, season variation and habitat preference in different levels of degradation",2018,North Western Journal of Zoology,,https://www.scopus.com/inward/record.uri?partnerID=HzOxMe3b&scp=85059226104&origin=inward,https://www.scopus.com/inward/citedby.uri?partnerID=HzOxMe3b&scp=85059226104&origin=inward,,2026-04-12 18:58:39,Article,,15849074,https://api.elsevier.com/content/abstract/scopus_id/85059226104,14,2,,,,0.57,4.0,1,7,,,,85059226104,2-s2.0-85059226104
23,Nicholas S.,Integration of small-and wide-field visual features in target-selective descending neurons of both predatory and nonpredatory dipterans,2018,Journal of Neuroscience,,https://www.scopus.com/inward/record.uri?partnerID=HzOxMe3b&scp=85058598295&origin=inward,https://www.scopus.com/inward/citedby.uri?partnerID=HzOxMe3b&scp=85058598295&origin=inward,,2026-04-12 18:58:39,Article,10.1523/JNEUROSCI.1695-18.2018,02706474,https://api.elsevier.com/content/abstract/scopus_id/85058598295,38,50,,,,3.29,23.0,1,7,,,,85058598295,2-s2.0-85058598295
22,Op de Beeck L.,Competition magnifies the impact of a pesticide in a warming world by reducing heat tolerance and increasing autotomy,2018,Environmental Pollution,,https://www.scopus.com/inward/record.uri?partnerID=HzOxMe3b&scp=85032214033&origin=inward,https://www.scopus.com/inward/citedby.uri?partnerID=HzOxMe3b&scp=85032214033&origin=inward,,2026-04-12 18:58:39,Article,10.1016/j.envpol.2017.10.071,02697491,https://api.elsevier.com/content/abstract/scopus_id/85032214033,233,,,,,3.14,22.0,1,7,,,,85032214033,2-s2.0-85032214033
28,Roy A.,Exploring New Vista of intelligent collaborative filtering: A restaurant recommendation paradigm,2018,Journal of Computational Science,,https://www.scopus.com/inward/record.uri?partnerID=HzOxMe3b&scp=85048498114&origin=inward,https://www.scopus.com/inward/citedby.uri?partnerID=HzOxMe3b&scp=85048498114&origin=inward,,2026-04-12 18:58:39,Article,10.1016/j.jocs.2018.05.012,18777503,https://api.elsevier.com/content/abstract/scopus_id/85048498114,27,,,,,4.0,28.0,1,7,,,,85048498114,2-s2.0-85048498114
91,Khunkitti S.,A hybrid DA-PSO optimization algorithm for multiobjective optimal power flow problems,2018,Energies,,https://www.scopus.com/inward/record.uri?partnerID=HzOxMe3b&scp=85053891915&origin=inward,https://www.scopus.com/inward/citedby.uri?partnerID=HzOxMe3b&scp=85053891915&origin=inward,,2026-04-12 18:58:39,Article,10.3390/en11092270,,https://api.elsevier.com/content/abstract/scopus_id/85053891915,11,9,,,,13.0,91.0,1,7,,,,85053891915,2-s2.0-85053891915
3,Mohapatra L.N.,Field evaluation of ITKs against insect pests of rice,2018,Indian Journal of Traditional Knowledge,,https://www.scopus.com/inward/record.uri?partnerID=HzOxMe3b&scp=85042748098&origin=inward,https://www.scopus.com/inward/citedby.uri?partnerID=HzOxMe3b&scp=85042748098&origin=inward,,2026-04-12 18:58:39,Article,,09725938,https://api.elsevier.com/content/abstract/scopus_id/85042748098,17,2,,,,0.43,3.0,1,7,,,,85042748098,2-s2.0-85042748098
12,Pettitt B.A.,Predictors and benefits of microhabitat selection for offspring deposition in golden rocket frogs,2018,Biotropica,,https://www.scopus.com/inward/record.uri?partnerID=HzOxMe3b&scp=85058046491&origin=inward,https://www.scopus.com/inward/citedby.uri?partnerID=HzOxMe3b&scp=85058046491&origin=inward,,2026-04-12 18:58:39,Article,10.1111/btp.12609,00063606,https://api.elsevier.com/content/abstract/scopus_id/85058046491,50,6,,,,1.71,12.0,1,7,,,,85058046491,2-s2.0-85058046491
0,Lu Y.,NEST: Towards extreme scale computing systems,2018,IEICE Transactions on Information and Systems,,https://www.scopus.com/inward/record.uri?partnerID=HzOxMe3b&scp=85056102305&origin=inward,https://www.scopus.com/inward/citedby.uri?partnerID=HzOxMe3b&scp=85056102305&origin=inward,,2026-04-12 18:58:39,Article,10.1587/transinf.2018EDL8148,09168532,https://api.elsevier.com/content/abstract/scopus_id/85056102305,E101D,11,,,,0.0,0.0,1,7,,,,85056102305,2-s2.0-85056102305
9,Cao W.,Optimization of cutting parameters for high-speed gear hobbing based on small sample problem,2018,Jisuanji Jicheng Zhizao Xitong Computer Integrated Manufacturing Systems CIMS,,https://www.scopus.com/inward/record.uri?partnerID=HzOxMe3b&scp=85060100389&origin=inward,https://www.scopus.com/inward/citedby.uri?partnerID=HzOxMe3b&scp=85060100389&origin=inward,,2026-04-12 18:58:39,Article,10.13196/j.cims.2018.10.012,10065911,https://api.elsevier.com/content/abstract/scopus_id/85060100389,24,10,,,,1.29,9.0,1,7,,,,85060100389,2-s2.0-85060100389
11,Pecharová M.,"The morphology of mouthparts, wings and genitalia of Paleozoic insect families Protohymenidae and Scytohymenidae reveals new details and supposed function",2018,Arthropod Structure and Development,,https://www.scopus.com/inward/record.uri?partnerID=HzOxMe3b&scp=85038816154&origin=inward,https://www.scopus.com/inward/citedby.uri?partnerID=HzOxMe3b&scp=85038816154&origin=inward,,2026-04-12 18:58:39,Article,10.1016/j.asd.2017.11.006,14678039,https://api.elsevier.com/content/abstract/scopus_id/85038816154,47,1,,,,1.57,11.0,1,7,,,,85038816154,2-s2.0-85038816154
7,Phan Q.,Description of Coeliccia phamiha sp. n. from central Vietnam (Odonata: Platycnemididae),2018,International Journal of Odonatology,,https://www.scopus.com/inward/record.uri?partnerID=HzOxMe3b&scp=85043698440&origin=inward,https://www.scopus.com/inward/citedby.uri?partnerID=HzOxMe3b&scp=85043698440&origin=inward,,2026-04-12 18:58:39,Article,10.1080/13887890.2017.1419885,13887890,https://api.elsevier.com/content/abstract/scopus_id/85043698440,21,1,,,,1.0,7.0,1,7,,,,85043698440,2-s2.0-85043698440
2,Du T.,Odonata Aquatic Insects as Bioindicators in Water Quality Evaluation of Dianchi Lake Riparian Wetland,2018,Forest Research,,https://www.scopus.com/inward/record.uri?partnerID=HzOxMe3b&scp=85058971294&origin=inward,https://www.scopus.com/inward/citedby.uri?partnerID=HzOxMe3b&scp=85058971294&origin=inward,,2026-04-12 18:58:39,Article,10.13275/j.cnki.lykxyj.2018.05.020,10011498,https://api.elsevier.com/content/abstract/scopus_id/85058971294,31,5,,,,0.29,2.0,1,7,,,,85058971294,2-s2.0-85058971294
24,Herrmann A.,Phenology of overland dispersal in the invasive crayfish Faxonius immunis (Hagen) at the Upper Rhine River area,2018,Knowledge and Management of Aquatic Ecosystems,,https://www.scopus.com/inward/record.uri?partnerID=HzOxMe3b&scp=85052552851&origin=inward,https://www.scopus.com/inward/citedby.uri?partnerID=HzOxMe3b&scp=85052552851&origin=inward,,2026-04-12 18:58:39,Article,10.1051/kmae/2018018,19619502,https://api.elsevier.com/content/abstract/scopus_id/85052552851,,419,,,,3.43,24.0,1,7,,,,85052552851,2-s2.0-85052552851
1,Velamuri S.,Static economic dispatch incorporating renewable energy resources and FACTS devices,2018,Proceedings 2nd International Conference on Intelligent Circuits and Systems Icics 2018,,https://www.scopus.com/inward/record.uri?partnerID=HzOxMe3b&scp=85056477868&origin=inward,https://www.scopus.com/inward/citedby.uri?partnerID=HzOxMe3b&scp=85056477868&origin=inward,,2026-04-12 18:58:39,Conference Paper,10.1109/ICICS.2018.00085,,https://api.elsevier.com/content/abstract/scopus_id/85056477868,,,,,,0.14,1.0,1,7,,,,85056477868,2-s2.0-85056477868
13,Ahranjani A.R.,Closed-loop supply chain network design for the paper industry: Amulti-objective stochastic robust approach,2018,Scientia Iranica,,https://www.scopus.com/inward/record.uri?partnerID=HzOxMe3b&scp=85055839146&origin=inward,https://www.scopus.com/inward/citedby.uri?partnerID=HzOxMe3b&scp=85055839146&origin=inward,,2026-04-12 18:58:39,Article,10.24200/sci.2017.4464,10263098,https://api.elsevier.com/content/abstract/scopus_id/85055839146,25,5E,,,,1.86,13.0,1,7,,,,85055839146,2-s2.0-85055839146
6,Dalzochio M.,Description of the final stadium larva of Erythrodiplax media (Odonata: Libellulidae) with preliminary key to known South American larvae in the genus,2018,International Journal of Odonatology,,https://www.scopus.com/inward/record.uri?partnerID=HzOxMe3b&scp=85048851963&origin=inward,https://www.scopus.com/inward/citedby.uri?partnerID=HzOxMe3b&scp=85048851963&origin=inward,,2026-04-12 18:58:39,Review,10.1080/13887890.2018.1462260,13887890,https://api.elsevier.com/content/abstract/scopus_id/85048851963,21,2,,,,0.86,6.0,1,7,,,,85048851963,2-s2.0-85048851963
1,Lee S.L.,Implicit Virtual Boundary Method for Moving Boundary Problems on Non-Staggered Cartesian Patch Grids,2018,Journal of Mechanics,,https://www.scopus.com/inward/record.uri?partnerID=HzOxMe3b&scp=85019641130&origin=inward,https://www.scopus.com/inward/citedby.uri?partnerID=HzOxMe3b&scp=85019641130&origin=inward,,2026-04-12 18:58:39,Article,10.1017/jmech.2017.34,17277191,https://api.elsevier.com/content/abstract/scopus_id/85019641130,34,5,,,,0.14,1.0,1,7,,,,85019641130,2-s2.0-85019641130
136,Wang J.,Research and application of a hybrid forecasting framework based on multi-objective optimization for electrical power system,2018,Energy,,https://www.scopus.com/inward/record.uri?partnerID=HzOxMe3b&scp=85041683790&origin=inward,https://www.scopus.com/inward/citedby.uri?partnerID=HzOxMe3b&scp=85041683790&origin=inward,,2026-04-12 18:58:39,Article,10.1016/j.energy.2018.01.112,03605442,https://api.elsevier.com/content/abstract/scopus_id/85041683790,148,,,,,19.43,136.0,1,7,,,,85041683790,2-s2.0-85041683790
13,Lindgren B.,Interacting effects of predation risk and resource level on escape speed of amphibian larvae along a latitudinal gradient,2018,Journal of Evolutionary Biology,,https://www.scopus.com/inward/record.uri?partnerID=HzOxMe3b&scp=85051058898&origin=inward,https://www.scopus.com/inward/citedby.uri?partnerID=HzOxMe3b&scp=85051058898&origin=inward,,2026-04-12 18:58:39,Article,10.1111/jeb.13298,1010061X,https://api.elsevier.com/content/abstract/scopus_id/85051058898,31,8,,,,1.86,13.0,1,7,,,,85051058898,2-s2.0-85051058898
4,Vajda C.,Analysing the European genera of family Lestidae (Odonata: Zygoptera) with special emphasis on the status of Chalcolestes based on the morphological characteristics of male adults,2018,International Journal of Odonatology,,https://www.scopus.com/inward/record.uri?partnerID=HzOxMe3b&scp=85057581349&origin=inward,https://www.scopus.com/inward/citedby.uri?partnerID=HzOxMe3b&scp=85057581349&origin=inward,,2026-04-12 18:58:39,Article,10.1080/13887890.2018.1547224,13887890,https://api.elsevier.com/content/abstract/scopus_id/85057581349,21,3-4,,,,0.57,4.0,1,7,,,,85057581349,2-s2.0-85057581349
15,Mohamed F.,Economic dispatch using stochastic whale optimization algorithm,2018,Proceedings of 2018 International Conference on Innovative Trends in Computer Engineering Itce 2018,,https://www.scopus.com/inward/record.uri?partnerID=HzOxMe3b&scp=85047401934&origin=inward,https://www.scopus.com/inward/citedby.uri?partnerID=HzOxMe3b&scp=85047401934&origin=inward,,2026-04-12 18:58:39,Conference Paper,10.1109/ITCE.2018.8316594,,https://api.elsevier.com/content/abstract/scopus_id/85047401934,2018-March,,,,,2.14,15.0,1,7,,,,85047401934,2-s2.0-85047401934
24,Collantes-Alegre J.M.,"Characterisation, analysis of expression and localisation of the opsin gene repertoire from the perspective of photoperiodism in the aphid Acyrthosiphon pisum",2018,Journal of Insect Physiology,,https://www.scopus.com/inward/record.uri?partnerID=HzOxMe3b&scp=85039459675&origin=inward,https://www.scopus.com/inward/citedby.uri?partnerID=HzOxMe3b&scp=85039459675&origin=inward,,2026-04-12 18:58:39,Article,10.1016/j.jinsphys.2017.11.009,00221910,https://api.elsevier.com/content/abstract/scopus_id/85039459675,104,,,,,3.43,24.0,1,7,,,,85039459675,2-s2.0-85039459675
27,Tsutsui M.H.,Temporal trends in arthropod abundances after the transition to organic farming in paddy fields,2018,Plos One,,https://www.scopus.com/inward/record.uri?partnerID=HzOxMe3b&scp=85040361220&origin=inward,https://www.scopus.com/inward/citedby.uri?partnerID=HzOxMe3b&scp=85040361220&origin=inward,,2026-04-12 18:58:39,Article,10.1371/journal.pone.0190946,,https://api.elsevier.com/content/abstract/scopus_id/85040361220,13,1,,,,3.86,27.0,1,7,,,,85040361220,2-s2.0-85040361220
9,Li J.,"Theoretically Motivated Search and Detection of Non-thermal Pulsations from PSRs J1747-2958, J2021+3651, and J1826-1256",2018,Astrophysical Journal Letters,,https://www.scopus.com/inward/record.uri?partnerID=HzOxMe3b&scp=85057876610&origin=inward,https://www.scopus.com/inward/citedby.uri?partnerID=HzOxMe3b&scp=85057876610&origin=inward,,2026-04-12 18:58:39,Article,10.3847/2041-8213/aae92b,20418205,https://api.elsevier.com/content/abstract/scopus_id/85057876610,868,2,,,,1.29,9.0,1,7,,,,85057876610,2-s2.0-85057876610
49,Keilsohn W.,Roadside habitat impacts insect traffic mortality,2018,Journal of Insect Conservation,,https://www.scopus.com/inward/record.uri?partnerID=HzOxMe3b&scp=85042593443&origin=inward,https://www.scopus.com/inward/citedby.uri?partnerID=HzOxMe3b&scp=85042593443&origin=inward,,2026-04-12 18:58:39,Article,10.1007/s10841-018-0051-2,1366638X,https://api.elsevier.com/content/abstract/scopus_id/85042593443,22,2,,,,7.0,49.0,1,7,,,,85042593443,2-s2.0-85042593443
2,Bernard R.,Redescription of Ceriagrion mourae with notes on its position in the genus Ceriagrion (Odonata: Coenagrionidae),2018,International Journal of Odonatology,,https://www.scopus.com/inward/record.uri?partnerID=HzOxMe3b&scp=85048103509&origin=inward,https://www.scopus.com/inward/citedby.uri?partnerID=HzOxMe3b&scp=85048103509&origin=inward,,2026-04-12 18:58:39,Article,10.1080/13887890.2018.1464524,13887890,https://api.elsevier.com/content/abstract/scopus_id/85048103509,21,2,,,,0.29,2.0,1,7,,,,85048103509,2-s2.0-85048103509
0,Schorr M.,"Anormogomphus kiritshenkoi Bartenev, 1913 (Odonata: Gomphidae): a literature review of the variable spelling of the species epithet, choice of the correct spelling and notes on the type locality of the species",2018,Zootaxa,,https://www.scopus.com/inward/record.uri?partnerID=HzOxMe3b&scp=85040528507&origin=inward,https://www.scopus.com/inward/citedby.uri?partnerID=HzOxMe3b&scp=85040528507&origin=inward,,2026-04-12 18:58:39,Article,10.11646/zootaxa.4370.4.9,11755326,https://api.elsevier.com/content/abstract/scopus_id/85040528507,4370,4,,,,0.0,0.0,1,7,,,,85040528507,2-s2.0-85040528507
19,Tüzün N.,Pathways to fitness: carry-over effects of late hatching and urbanisation on lifetime mating success,2018,Oikos,,https://www.scopus.com/inward/record.uri?partnerID=HzOxMe3b&scp=85049233129&origin=inward,https://www.scopus.com/inward/citedby.uri?partnerID=HzOxMe3b&scp=85049233129&origin=inward,,2026-04-12 18:58:39,Article,10.1111/oik.05033,00301299,https://api.elsevier.com/content/abstract/scopus_id/85049233129,127,7,,,,2.71,19.0,1,7,,,,85049233129,2-s2.0-85049233129
10,Young M.,"The effect of submersed aquatic vegetation on invertebrates important in diets of Juvenile Largemouth Bass, Micropterus salmoides",2018,San Francisco Estuary and Watershed Science,,https://www.scopus.com/inward/record.uri?partnerID=HzOxMe3b&scp=85052674748&origin=inward,https://www.scopus.com/inward/citedby.uri?partnerID=HzOxMe3b&scp=85052674748&origin=inward,,2026-04-12 18:58:39,Article,10.15447/sfews.2018v16iss2art5,,https://api.elsevier.com/content/abstract/scopus_id/85052674748,16,2,,,,1.43,10.0,1,7,,,,85052674748,2-s2.0-85052674748
0,Horiuchi T.K.,Visually-guided counter-sUAS aerial vehicle: Flight results,2018,AIAA Guidance Navigation and Control Conference 2018,,https://www.scopus.com/inward/record.uri?partnerID=HzOxMe3b&scp=85141609480&origin=inward,https://www.scopus.com/inward/citedby.uri?partnerID=HzOxMe3b&scp=85141609480&origin=inward,,2026-04-12 18:58:39,Conference Paper,10.2514/6.2018-2105,,https://api.elsevier.com/content/abstract/scopus_id/85141609480,,,,,,0.0,0.0,1,7,,,,85141609480,2-s2.0-85141609480
0,Niwa R.,"Assembly of insect hormone enthusiasts at Nasu Highland, Japan: Report of the 3rd International Insect Hormone (21st Ecdysone) Workshop",2018,Genes to Cells,,https://www.scopus.com/inward/record.uri?partnerID=HzOxMe3b&scp=85036559407&origin=inward,https://www.scopus.com/inward/citedby.uri?partnerID=HzOxMe3b&scp=85036559407&origin=inward,,2026-04-12 18:58:39,Conference Paper,10.1111/gtc.12543,13569597,https://api.elsevier.com/content/abstract/scopus_id/85036559407,23,1,,,,0.0,0.0,1,7,,,,85036559407,2-s2.0-85036559407
35,Saleh A.A.,Comparison of different optimization techniques for optimal allocation of multiple distribution generation,2018,Proceedings of 2018 International Conference on Innovative Trends in Computer Engineering Itce 2018,,https://www.scopus.com/inward/record.uri?partnerID=HzOxMe3b&scp=85047380335&origin=inward,https://www.scopus.com/inward/citedby.uri?partnerID=HzOxMe3b&scp=85047380335&origin=inward,,2026-04-12 18:58:39,Conference Paper,10.1109/ITCE.2018.8316644,,https://api.elsevier.com/content/abstract/scopus_id/85047380335,2018-March,,,,,5.0,35.0,1,7,,,,85047380335,2-s2.0-85047380335
0,,"8th International Workshop on Performance Modeling, Benchmarking and Simulation of High Performance Computing Systems, PMBS 2017",2018,Lecture Notes in Computer Science Including Subseries Lecture Notes in Artificial Intelligence and Lecture Notes in Bioinformatics,,https://www.scopus.com/inward/record.uri?partnerID=HzOxMe3b&scp=85039738838&origin=inward,https://www.scopus.com/inward/citedby.uri?partnerID=HzOxMe3b&scp=85039738838&origin=inward,,2026-04-12 18:58:39,Conference Review,,03029743,https://api.elsevier.com/content/abstract/scopus_id/85039738838,10724 LNCS,,,,,0.0,0.0,0,7,,,,85039738838,2-s2.0-85039738838
18,Gao X.,"Characteristics of the complete mitochondrial genome of Suhpalacsa longialata (Neuroptera, Ascalaphidae) and its phylogenetic implications",2018,Peerj,,https://www.scopus.com/inward/record.uri?partnerID=HzOxMe3b&scp=85056850181&origin=inward,https://www.scopus.com/inward/citedby.uri?partnerID=HzOxMe3b&scp=85056850181&origin=inward,,2026-04-12 18:58:39,Article,10.7717/peerj.5914,,https://api.elsevier.com/content/abstract/scopus_id/85056850181,2018,11,,,,2.57,18.0,1,7,,,,85056850181,2-s2.0-85056850181
253,Lorenz R.D.,Dragonfly: A rotorcraft lander concept for scientific exploration at titan,2018,Johns Hopkins APL Technical Digest Applied Physics Laboratory,,https://www.scopus.com/inward/record.uri?partnerID=HzOxMe3b&scp=85056302495&origin=inward,https://www.scopus.com/inward/citedby.uri?partnerID=HzOxMe3b&scp=85056302495&origin=inward,,2026-04-12 18:58:39,Article,,02705214,https://api.elsevier.com/content/abstract/scopus_id/85056302495,34,3,,,,36.14,253.0,1,7,,,,85056302495,2-s2.0-85056302495
9,Khelifa R.,The hand of man first then Santa Rosalia’s blessing: a critical examination of the supposed criticism by Samraoui (2017),2018,Journal of Insect Conservation,,https://www.scopus.com/inward/record.uri?partnerID=HzOxMe3b&scp=85043352935&origin=inward,https://www.scopus.com/inward/citedby.uri?partnerID=HzOxMe3b&scp=85043352935&origin=inward,,2026-04-12 18:58:39,Article,10.1007/s10841-018-0045-0,1366638X,https://api.elsevier.com/content/abstract/scopus_id/85043352935,22,2,,,,1.29,9.0,1,7,,,,85043352935,2-s2.0-85043352935
2,Al-Hashmi A.H.,"Key to the species of the orthetrum newman, 1833 (Odonata, libellulidae) with a new record species in Iraq",2018,Bulletin of the Iraq Natural History Museum,,https://www.scopus.com/inward/record.uri?partnerID=HzOxMe3b&scp=85051841739&origin=inward,https://www.scopus.com/inward/citedby.uri?partnerID=HzOxMe3b&scp=85051841739&origin=inward,,2026-04-12 18:58:39,Article,10.26842/binhm.7.2018.15.1.0015,10178678,https://api.elsevier.com/content/abstract/scopus_id/85051841739,15,1,,,,0.29,2.0,1,7,,,,85051841739,2-s2.0-85051841739
12,Fukaya Y.,Structural and functional analysis of the carotenoid biosynthesis genes of a Pseudomonas strain isolated from the excrement of Autumn Darter,2018,Bioscience Biotechnology and Biochemistry,,https://www.scopus.com/inward/record.uri?partnerID=HzOxMe3b&scp=85049619539&origin=inward,https://www.scopus.com/inward/citedby.uri?partnerID=HzOxMe3b&scp=85049619539&origin=inward,,2026-04-12 18:58:39,Article,10.1080/09168451.2017.1398069,09168451,https://api.elsevier.com/content/abstract/scopus_id/85049619539,82,6,,,,1.71,12.0,1,7,,,,85049619539,2-s2.0-85049619539
19,Dalzochio M.S.,"Checklist of odonata (Insecta) in the state of rio grande do sul, Brazil with seven new records",2018,Biota Neotropica,,https://www.scopus.com/inward/record.uri?partnerID=HzOxMe3b&scp=85056433996&origin=inward,https://www.scopus.com/inward/citedby.uri?partnerID=HzOxMe3b&scp=85056433996&origin=inward,,2026-04-12 18:58:39,Article,10.1590/1676-0611-bn-2018-0551,16760603,https://api.elsevier.com/content/abstract/scopus_id/85056433996,18,4,,,,2.71,19.0,1,7,,,,85056433996,2-s2.0-85056433996
6,Dyer F.C.,Orientation foraging in honey bees,2018,Insect Flight,,https://www.scopus.com/inward/record.uri?partnerID=HzOxMe3b&scp=84893196657&origin=inward,https://www.scopus.com/inward/citedby.uri?partnerID=HzOxMe3b&scp=84893196657&origin=inward,,2026-04-12 18:58:39,Book Chapter,10.1201/9781351073585,,https://api.elsevier.com/content/abstract/scopus_id/84893196657,,,,,,0.86,6.0,1,7,,,,84893196657,2-s2.0-84893196657
1,Campbell W.D.,Forty Acres and a Goat,2018,Forty Acres and A Goat,,https://www.scopus.com/inward/record.uri?partnerID=HzOxMe3b&scp=105020329033&origin=inward,https://www.scopus.com/inward/citedby.uri?partnerID=HzOxMe3b&scp=105020329033&origin=inward,,2026-04-12 18:58:39,Book,,,https://api.elsevier.com/content/abstract/scopus_id/105020329033,,,,,,0.14,1.0,1,7,,,,105020329033,2-s2.0-105020329033
0,James J.V.,An insect-inspired detection algorithm for aerial drone detection,2018,Australasian Conference on Robotics and Automation Acra,,https://www.scopus.com/inward/record.uri?partnerID=HzOxMe3b&scp=85071583336&origin=inward,https://www.scopus.com/inward/citedby.uri?partnerID=HzOxMe3b&scp=85071583336&origin=inward,,2026-04-12 18:58:39,Conference Paper,,14482053,https://api.elsevier.com/content/abstract/scopus_id/85071583336,2018-December,,,,,0.0,0.0,1,7,,,,85071583336,2-s2.0-85071583336
15,Khan M.K.,Odonata of eastern Bangladesh with three new records for the country,2018,Journal of Threatened Taxa,,https://www.scopus.com/inward/record.uri?partnerID=HzOxMe3b&scp=85119519848&origin=inward,https://www.scopus.com/inward/citedby.uri?partnerID=HzOxMe3b&scp=85119519848&origin=inward,,2026-04-12 18:58:39,Article,10.11609/jott.3819.10.13.12821-12827,09747893,https://api.elsevier.com/content/abstract/scopus_id/85119519848,10,13,,,,2.14,15.0,1,7,,,,85119519848,2-s2.0-85119519848
5,Barnes J.W.,Titan's Twilight and Sunset Solar Illumination,2018,Astronomical Journal,,https://www.scopus.com/inward/record.uri?partnerID=HzOxMe3b&scp=85056634680&origin=inward,https://www.scopus.com/inward/citedby.uri?partnerID=HzOxMe3b&scp=85056634680&origin=inward,,2026-04-12 18:58:39,Article,10.3847/1538-3881/aae519,00046256,https://api.elsevier.com/content/abstract/scopus_id/85056634680,156,5,,,,0.71,5.0,1,7,,,,85056634680,2-s2.0-85056634680
44,Heinloth T.,Insect responses to linearly polarized reflections: Orphan behaviors without neural circuits,2018,Frontiers in Cellular Neuroscience,,https://www.scopus.com/inward/record.uri?partnerID=HzOxMe3b&scp=85046667047&origin=inward,https://www.scopus.com/inward/citedby.uri?partnerID=HzOxMe3b&scp=85046667047&origin=inward,,2026-04-12 18:58:39,Review,10.3389/fncel.2018.00050,16625102,https://api.elsevier.com/content/abstract/scopus_id/85046667047,12,,,,,6.29,44.0,1,7,,,,85046667047,2-s2.0-85046667047
87,Bhadra C.M.,Subtle Variations in Surface Properties of Black Silicon Surfaces Influence the Degree of Bactericidal Efficiency,2018,Nano Micro Letters,,https://www.scopus.com/inward/record.uri?partnerID=HzOxMe3b&scp=85041719223&origin=inward,https://www.scopus.com/inward/citedby.uri?partnerID=HzOxMe3b&scp=85041719223&origin=inward,,2026-04-12 18:58:39,Article,10.1007/s40820-017-0186-9,23116706,https://api.elsevier.com/content/abstract/scopus_id/85041719223,10,2,,,,12.43,87.0,1,7,,,,85041719223,2-s2.0-85041719223
1,Zhang Z.,Bio-Inspired Inverse Internal Model Feedforward Control for UAV Photoelectric Platform,2018,10th International Conference on Modelling Identification and Control Icmic 2018,,https://www.scopus.com/inward/record.uri?partnerID=HzOxMe3b&scp=85058243781&origin=inward,https://www.scopus.com/inward/citedby.uri?partnerID=HzOxMe3b&scp=85058243781&origin=inward,,2026-04-12 18:58:39,Conference Paper,10.1109/ICMIC.2018.8529912,,https://api.elsevier.com/content/abstract/scopus_id/85058243781,,,,,,0.14,1.0,1,7,,,,85058243781,2-s2.0-85058243781
2,Plan L.,"A Pleistocene landslide-dammed lake indicated by karren features (Eastern Alps, Austria)",2018,Geomorphology,,https://www.scopus.com/inward/record.uri?partnerID=HzOxMe3b&scp=85052088833&origin=inward,https://www.scopus.com/inward/citedby.uri?partnerID=HzOxMe3b&scp=85052088833&origin=inward,,2026-04-12 18:58:39,Article,10.1016/j.geomorph.2018.08.005,0169555X,https://api.elsevier.com/content/abstract/scopus_id/85052088833,321,,,,,0.29,2.0,1,7,,,,85052088833,2-s2.0-85052088833
18,Relyea R.A.,"The interactive effects of predator stress, predation, and the herbicide Roundup",2018,Ecosphere,,https://www.scopus.com/inward/record.uri?partnerID=HzOxMe3b&scp=85058090807&origin=inward,https://www.scopus.com/inward/citedby.uri?partnerID=HzOxMe3b&scp=85058090807&origin=inward,,2026-04-12 18:58:39,Article,10.1002/ecs2.2476,,https://api.elsevier.com/content/abstract/scopus_id/85058090807,9,11,,,,2.57,18.0,1,7,,,,85058090807,2-s2.0-85058090807
39,Husson S.J.,"Biodiversity of the sebangau tropical peat swamp forest, Indonesian Borneo",2018,Mires and Peat,,https://www.scopus.com/inward/record.uri?partnerID=HzOxMe3b&scp=85057580806&origin=inward,https://www.scopus.com/inward/citedby.uri?partnerID=HzOxMe3b&scp=85057580806&origin=inward,,2026-04-12 18:58:39,Article,10.19189/MaP.2018.OMB.352,,https://api.elsevier.com/content/abstract/scopus_id/85057580806,22,,,,,5.57,39.0,1,7,,,,85057580806,2-s2.0-85057580806
2,Wang K.,Fabrication and characterization of IPMC actuated wing for flapping motion of butterfly,2018,Proceedings of SPIE the International Society for Optical Engineering,,https://www.scopus.com/inward/record.uri?partnerID=HzOxMe3b&scp=85050817962&origin=inward,https://www.scopus.com/inward/citedby.uri?partnerID=HzOxMe3b&scp=85050817962&origin=inward,,2026-04-12 18:58:39,Conference Paper,10.1117/12.2296979,0277786X,https://api.elsevier.com/content/abstract/scopus_id/85050817962,10594,,,,,0.29,2.0,1,7,,,,85050817962,2-s2.0-85050817962
24,Shen Y.,Software-defined networking control plane for seamless integration of multiple silicon photonic switches in Datacom networks,2018,Optics Express,,https://www.scopus.com/inward/record.uri?partnerID=HzOxMe3b&scp=85045547381&origin=inward,https://www.scopus.com/inward/citedby.uri?partnerID=HzOxMe3b&scp=85045547381&origin=inward,,2026-04-12 18:58:39,Article,10.1364/OE.26.010914,,https://api.elsevier.com/content/abstract/scopus_id/85045547381,26,8,,,,3.43,24.0,1,7,,,,85045547381,2-s2.0-85045547381
193,Shi Z.,Direct Interval Forecast of Uncertain Wind Power Based on Recurrent Neural Networks,2018,IEEE Transactions on Sustainable Energy,,https://www.scopus.com/inward/record.uri?partnerID=HzOxMe3b&scp=85035090385&origin=inward,https://www.scopus.com/inward/citedby.uri?partnerID=HzOxMe3b&scp=85035090385&origin=inward,,2026-04-12 18:58:39,Article,10.1109/TSTE.2017.2774195,19493029,https://api.elsevier.com/content/abstract/scopus_id/85035090385,9,3,,,,27.57,193.0,1,7,,,,85035090385,2-s2.0-85035090385
8,Toan Phan Q.,"A synopsis of the Euphaeidae (Odonata: Zygoptera) of Vietnam, with descriptions of two new species of Euphaea",2018,Zootaxa,,https://www.scopus.com/inward/record.uri?partnerID=HzOxMe3b&scp=85040920756&origin=inward,https://www.scopus.com/inward/citedby.uri?partnerID=HzOxMe3b&scp=85040920756&origin=inward,,2026-04-12 18:58:39,Review,10.11646/zootaxa.4375.2.1,11755326,https://api.elsevier.com/content/abstract/scopus_id/85040920756,4375,2,,,,1.14,8.0,1,7,,,,85040920756,2-s2.0-85040920756
14,Qi J.,Green Energy Management of the Energy Internet Based on Service Composition Quality,2018,IEEE Access,,https://www.scopus.com/inward/record.uri?partnerID=HzOxMe3b&scp=85044055666&origin=inward,https://www.scopus.com/inward/citedby.uri?partnerID=HzOxMe3b&scp=85044055666&origin=inward,,2026-04-12 18:58:39,Article,10.1109/ACCESS.2018.2816558,,https://api.elsevier.com/content/abstract/scopus_id/85044055666,6,,,,,2.0,14.0,1,7,,,,85044055666,2-s2.0-85044055666
12,Palacino-Rodríguez F.,Larval development and behavior of Rhionaeschna marchali Rambur (Anisoptera: Aeshnidae) under captivity conditions,2018,International Journal of Odonatology,,https://www.scopus.com/inward/record.uri?partnerID=HzOxMe3b&scp=85043316859&origin=inward,https://www.scopus.com/inward/citedby.uri?partnerID=HzOxMe3b&scp=85043316859&origin=inward,,2026-04-12 18:58:39,Article,10.1080/13887890.2018.1437478,13887890,https://api.elsevier.com/content/abstract/scopus_id/85043316859,21,1,,,,1.71,12.0,1,7,,,,85043316859,2-s2.0-85043316859
29,Désamoré A.,Early burst in body size evolution is uncoupled from species diversification in diving beetles (Dytiscidae),2018,Molecular Ecology,,https://www.scopus.com/inward/record.uri?partnerID=HzOxMe3b&scp=85041842396&origin=inward,https://www.scopus.com/inward/citedby.uri?partnerID=HzOxMe3b&scp=85041842396&origin=inward,,2026-04-12 18:58:39,Article,10.1111/mec.14492,09621083,https://api.elsevier.com/content/abstract/scopus_id/85041842396,27,4,,,,4.14,29.0,1,7,,,,85041842396,2-s2.0-85041842396
19,Madan S.,A Privacy Preserving Scheme for Big data Publishing in the Cloud using k-Anonymization and Hybridized Optimization Algorithm,2018,2018 International Conference on Circuits and Systems in Digital Enterprise Technology Iccsdet 2018,,https://www.scopus.com/inward/record.uri?partnerID=HzOxMe3b&scp=85072826397&origin=inward,https://www.scopus.com/inward/citedby.uri?partnerID=HzOxMe3b&scp=85072826397&origin=inward,,2026-04-12 18:58:39,Conference Paper,10.1109/ICCSDET.2018.8821140,,https://api.elsevier.com/content/abstract/scopus_id/85072826397,,,,,,2.71,19.0,1,7,,,,85072826397,2-s2.0-85072826397
110,Rizk-Allah R.M.,Chaotic crow search algorithm for fractional optimization problems,2018,Applied Soft Computing Journal,,https://www.scopus.com/inward/record.uri?partnerID=HzOxMe3b&scp=85045562590&origin=inward,https://www.scopus.com/inward/citedby.uri?partnerID=HzOxMe3b&scp=85045562590&origin=inward,,2026-04-12 18:58:39,Article,10.1016/j.asoc.2018.03.019,15684946,https://api.elsevier.com/content/abstract/scopus_id/85045562590,71,,,,,15.71,110.0,1,7,,,,85045562590,2-s2.0-85045562590
14,Banumathy J.R.,High Frequency Transformer Design and Optimization using Bio-inspired Algorithms,2018,Applied Artificial Intelligence,,https://www.scopus.com/inward/record.uri?partnerID=HzOxMe3b&scp=85052106178&origin=inward,https://www.scopus.com/inward/citedby.uri?partnerID=HzOxMe3b&scp=85052106178&origin=inward,,2026-04-12 18:58:39,Article,10.1080/08839514.2018.1506969,08839514,https://api.elsevier.com/content/abstract/scopus_id/85052106178,32,7-8,,,,2.0,14.0,1,7,,,,85052106178,2-s2.0-85052106178
24,Beattie D.T.,"Novel ssDNA viruses detected in the virome of bleached, habitat-forming kelp Ecklonia radiata",2018,Frontiers in Marine Science,,https://www.scopus.com/inward/record.uri?partnerID=HzOxMe3b&scp=85040517434&origin=inward,https://www.scopus.com/inward/citedby.uri?partnerID=HzOxMe3b&scp=85040517434&origin=inward,,2026-04-12 18:58:39,Article,10.3389/fmars.2017.00441,,https://api.elsevier.com/content/abstract/scopus_id/85040517434,4,JAN,,,,3.43,24.0,1,7,,,,85040517434,2-s2.0-85040517434
6,Ottonello D.,Diet of a restocked population of the european pond turtle emys orbicularis in NW Italy,2018,Acta Herpetologica,,https://www.scopus.com/inward/record.uri?partnerID=HzOxMe3b&scp=85049184829&origin=inward,https://www.scopus.com/inward/citedby.uri?partnerID=HzOxMe3b&scp=85049184829&origin=inward,,2026-04-12 18:58:39,Note,10.13128/Acta_Herpetol-22518,18279635,https://api.elsevier.com/content/abstract/scopus_id/85049184829,13,1,,,,0.86,6.0,1,7,,,,85049184829,2-s2.0-85049184829
29,Smith S.A.,Mitigating inter-job interference using adaptive flow-aware routing,2018,Proceedings International Conference for High Performance Computing Networking Storage and Analysis Sc 2018,,https://www.scopus.com/inward/record.uri?partnerID=HzOxMe3b&scp=85064140506&origin=inward,https://www.scopus.com/inward/citedby.uri?partnerID=HzOxMe3b&scp=85064140506&origin=inward,,2026-04-12 18:58:39,Conference Paper,10.1109/SC.2018.00030,,https://api.elsevier.com/content/abstract/scopus_id/85064140506,,,,,,4.14,29.0,1,7,,,,85064140506,2-s2.0-85064140506
104,Ren H.,"High-Performance, Ultrathin, Ultraflexible Organic Thin-Film Transistor Array Via Solution Process",2018,Small,,https://www.scopus.com/inward/record.uri?partnerID=HzOxMe3b&scp=85050793298&origin=inward,https://www.scopus.com/inward/citedby.uri?partnerID=HzOxMe3b&scp=85050793298&origin=inward,,2026-04-12 18:58:39,Article,10.1002/smll.201801020,16136810,https://api.elsevier.com/content/abstract/scopus_id/85050793298,14,33,,,,14.86,104.0,1,7,,,,85050793298,2-s2.0-85050793298
0,,MATEC Web of Conferences,2018,Matec Web of Conferences,,https://www.scopus.com/inward/record.uri?partnerID=HzOxMe3b&scp=85042938868&origin=inward,https://www.scopus.com/inward/citedby.uri?partnerID=HzOxMe3b&scp=85042938868&origin=inward,,2026-04-12 18:58:39,Conference Review,,,https://api.elsevier.com/content/abstract/scopus_id/85042938868,151,,,,,0.0,0.0,0,7,,,,85042938868,2-s2.0-85042938868
1,Reyes-Hernández J.L.,"Richness of Odonata Species in the Sierra del Laurel Natural Protected Area, Calvillo, Aguascalientes, Mexico",2018,Southwestern Entomologist,,https://www.scopus.com/inward/record.uri?partnerID=HzOxMe3b&scp=85057725695&origin=inward,https://www.scopus.com/inward/citedby.uri?partnerID=HzOxMe3b&scp=85057725695&origin=inward,,2026-04-12 18:58:39,Article,10.3958/059.043.0416,01471724,https://api.elsevier.com/content/abstract/scopus_id/85057725695,43,4,,,,0.14,1.0,1,7,,,,85057725695,2-s2.0-85057725695
14,Riza L.,Metaheuristicopt: An R package for optimisation based on Meta-Heuristics Algorithms,2018,Pertanika Journal of Science and Technology,,https://www.scopus.com/inward/record.uri?partnerID=HzOxMe3b&scp=85051056030&origin=inward,https://www.scopus.com/inward/citedby.uri?partnerID=HzOxMe3b&scp=85051056030&origin=inward,,2026-04-12 18:58:39,Article,,01287680,https://api.elsevier.com/content/abstract/scopus_id/85051056030,26,3,,,,2.0,14.0,1,7,,,,85051056030,2-s2.0-85051056030
3,Palacio A.,"Description of the final instar larva of argia serva hagein selys, 1865 (Odonata coenagrionidae)",2018,Anais Da Academia Brasileira De Ciencias,,https://www.scopus.com/inward/record.uri?partnerID=HzOxMe3b&scp=85054599988&origin=inward,https://www.scopus.com/inward/citedby.uri?partnerID=HzOxMe3b&scp=85054599988&origin=inward,,2026-04-12 18:58:39,Article,10.1590/0001-3765201820180093,00013765,https://api.elsevier.com/content/abstract/scopus_id/85054599988,90,3,,,,0.43,3.0,1,7,,,,85054599988,2-s2.0-85054599988
4,Hong M.G.,Control of runner reed (Phragmites japonicus) in lentic wetlands,2018,Journal of Ecology and Environment,,https://www.scopus.com/inward/record.uri?partnerID=HzOxMe3b&scp=85055094849&origin=inward,https://www.scopus.com/inward/citedby.uri?partnerID=HzOxMe3b&scp=85055094849&origin=inward,,2026-04-12 18:58:39,Article,10.1186/s41610-018-0079-y,,https://api.elsevier.com/content/abstract/scopus_id/85055094849,42,1,,,,0.57,4.0,1,7,,,,85055094849,2-s2.0-85055094849
2,Pantaleoni R.A.,The spurious dragonfly: The intricate nomenclatural problems regarding the names Libelloides and libelluloides (Neuroptera Ascalaphidae et Myrmeleontidae),2018,Zootaxa,,https://www.scopus.com/inward/record.uri?partnerID=HzOxMe3b&scp=85042587765&origin=inward,https://www.scopus.com/inward/citedby.uri?partnerID=HzOxMe3b&scp=85042587765&origin=inward,,2026-04-12 18:58:39,Article,10.11646/zootaxa.4387.3.7,11755326,https://api.elsevier.com/content/abstract/scopus_id/85042587765,4387,3,,,,0.29,2.0,1,7,,,,85042587765,2-s2.0-85042587765
52,Lakshmanaprabu S.K.,Ranking analysis for online customer reviews of products using opinion mining with clustering,2018,Complexity,,https://www.scopus.com/inward/record.uri?partnerID=HzOxMe3b&scp=85052537655&origin=inward,https://www.scopus.com/inward/citedby.uri?partnerID=HzOxMe3b&scp=85052537655&origin=inward,,2026-04-12 18:58:39,Article,10.1155/2018/3569351,10762787,https://api.elsevier.com/content/abstract/scopus_id/85052537655,2018,,,,,7.43,52.0,1,7,,,,85052537655,2-s2.0-85052537655
24,Wellenreuther M.,Molecular and ecological signatures of an expanding hybrid zone,2018,Ecology and Evolution,,https://www.scopus.com/inward/record.uri?partnerID=HzOxMe3b&scp=85046710958&origin=inward,https://www.scopus.com/inward/citedby.uri?partnerID=HzOxMe3b&scp=85046710958&origin=inward,,2026-04-12 18:58:39,Article,10.1002/ece3.4024,,https://api.elsevier.com/content/abstract/scopus_id/85046710958,8,10,,,,3.43,24.0,1,7,,,,85046710958,2-s2.0-85046710958
3,Ángeles Bustillo M.,"Biodolomite formation during fossilization of insects in Miocene diatomites (Konservat-Lagerstätte Tresjuncos, Cuenca, Spain)",2018,Geogaceta,,https://www.scopus.com/inward/record.uri?partnerID=HzOxMe3b&scp=85063007988&origin=inward,https://www.scopus.com/inward/citedby.uri?partnerID=HzOxMe3b&scp=85063007988&origin=inward,,2026-04-12 18:58:39,Article,,0213683X,https://api.elsevier.com/content/abstract/scopus_id/85063007988,64,,,,,0.43,3.0,1,7,,,,85063007988,2-s2.0-85063007988
6,Pascual J.A.,"High-performance, low-complexity deadlock avoidance for arbitrary topologies/routings",2018,Proceedings of the International Conference on Supercomputing,,https://www.scopus.com/inward/record.uri?partnerID=HzOxMe3b&scp=85048509817&origin=inward,https://www.scopus.com/inward/citedby.uri?partnerID=HzOxMe3b&scp=85048509817&origin=inward,,2026-04-12 18:58:39,Conference Paper,10.1145/3205289.3205307,,https://api.elsevier.com/content/abstract/scopus_id/85048509817,,,,,,0.86,6.0,1,7,,,,85048509817,2-s2.0-85048509817
53,Hinojosa S.,Improving multi-criterion optimization with chaos: a novel Multi-Objective Chaotic Crow Search Algorithm,2018,Neural Computing and Applications,,https://www.scopus.com/inward/record.uri?partnerID=HzOxMe3b&scp=85032387332&origin=inward,https://www.scopus.com/inward/citedby.uri?partnerID=HzOxMe3b&scp=85032387332&origin=inward,,2026-04-12 18:58:39,Article,10.1007/s00521-017-3251-x,09410643,https://api.elsevier.com/content/abstract/scopus_id/85032387332,29,8,,,,7.57,53.0,1,7,,,,85032387332,2-s2.0-85032387332
107,Hong M.S.,Biomimetic Chitin–Silk Hybrids: An Optically Transparent Structural Platform for Wearable Devices and Advanced Electronics,2018,Advanced Functional Materials,,https://www.scopus.com/inward/record.uri?partnerID=HzOxMe3b&scp=85037364243&origin=inward,https://www.scopus.com/inward/citedby.uri?partnerID=HzOxMe3b&scp=85037364243&origin=inward,,2026-04-12 18:58:39,Article,10.1002/adfm.201705480,1616301X,https://api.elsevier.com/content/abstract/scopus_id/85037364243,28,24,,,,15.29,107.0,1,7,,,,85037364243,2-s2.0-85037364243
25,Jiao J.,"Bioinspired Superdurable Pestle-Loop Mechanical Interlocker with Tunable Peeling Force, Strong Shear Adhesion, and Low Noise",2018,Advanced Science,,https://www.scopus.com/inward/record.uri?partnerID=HzOxMe3b&scp=85041700893&origin=inward,https://www.scopus.com/inward/citedby.uri?partnerID=HzOxMe3b&scp=85041700893&origin=inward,,2026-04-12 18:58:39,Article,10.1002/advs.201700787,,https://api.elsevier.com/content/abstract/scopus_id/85041700893,5,4,,,,3.57,25.0,1,7,,,,85041700893,2-s2.0-85041700893
0,Smith-Herron A.J.,"Gregarines Infecting Ischnura spp. in Louisiana, U.S.A., Including Description of Geneiorhynchus gradalis n. sp. (Apicomplexa: Actinocephalidae: Actinocephalinae) from Ischnura ramburii (Odonata: Zygoptera) in St. John the Baptist Parish, Louisiana, U.S.A.",2018,Comparative Parasitology,,https://www.scopus.com/inward/record.uri?partnerID=HzOxMe3b&scp=85048364886&origin=inward,https://www.scopus.com/inward/citedby.uri?partnerID=HzOxMe3b&scp=85048364886&origin=inward,,2026-04-12 18:58:39,Article,10.1654/1525-2647-85.1.42,15252647,https://api.elsevier.com/content/abstract/scopus_id/85048364886,85,1,,,,0.0,0.0,1,7,,,,85048364886,2-s2.0-85048364886
7,Qi J.,QoS-driven adaptive trust service coordination in the industrial internet of things,2018,Sensors Switzerland,,https://www.scopus.com/inward/record.uri?partnerID=HzOxMe3b&scp=85050820357&origin=inward,https://www.scopus.com/inward/citedby.uri?partnerID=HzOxMe3b&scp=85050820357&origin=inward,,2026-04-12 18:58:39,Article,10.3390/s18082449,14248220,https://api.elsevier.com/content/abstract/scopus_id/85050820357,18,8,,,,1.0,7.0,1,7,,,,85050820357,2-s2.0-85050820357
8,Patil B.H.,Crow search algorithm with discrete wavelet transform to aid Mumford Shah inpainting model,2018,Evolutionary Intelligence,,https://www.scopus.com/inward/record.uri?partnerID=HzOxMe3b&scp=85051726846&origin=inward,https://www.scopus.com/inward/citedby.uri?partnerID=HzOxMe3b&scp=85051726846&origin=inward,,2026-04-12 18:58:39,Article,10.1007/s12065-018-0160-6,18645909,https://api.elsevier.com/content/abstract/scopus_id/85051726846,11,1-2,,,,1.14,8.0,1,7,,,,85051726846,2-s2.0-85051726846
6,Zainal Abidin N.W.,Optimization of multi-holes drilling path using particle swarm optimization,2018,Lecture Notes in Mechanical Engineering,,https://www.scopus.com/inward/record.uri?partnerID=HzOxMe3b&scp=85046302224&origin=inward,https://www.scopus.com/inward/citedby.uri?partnerID=HzOxMe3b&scp=85046302224&origin=inward,,2026-04-12 18:58:39,Book Chapter,10.1007/978-981-10-8788-2_10,21954356,https://api.elsevier.com/content/abstract/scopus_id/85046302224,0,9789811087875,,,,0.86,6.0,1,7,,,,85046302224,2-s2.0-85046302224
21,Zhang J.,The Dragonfly Nearby Galaxies Survey. IV. A Giant Stellar Disk in NGC 2841,2018,Astrophysical Journal,,https://www.scopus.com/inward/record.uri?partnerID=HzOxMe3b&scp=85044087348&origin=inward,https://www.scopus.com/inward/citedby.uri?partnerID=HzOxMe3b&scp=85044087348&origin=inward,,2026-04-12 18:58:39,Article,10.3847/1538-4357/aaac81,0004637X,https://api.elsevier.com/content/abstract/scopus_id/85044087348,855,2,,,,3.0,21.0,1,7,,,,85044087348,2-s2.0-85044087348
329,Johnson K.P.,Phylogenomics and the evolution of hemipteroid insects,2018,Proceedings of the National Academy of Sciences of the United States of America,,https://www.scopus.com/inward/record.uri?partnerID=HzOxMe3b&scp=85058314648&origin=inward,https://www.scopus.com/inward/citedby.uri?partnerID=HzOxMe3b&scp=85058314648&origin=inward,,2026-04-12 18:58:39,Article,10.1073/pnas.1815820115,00278424,https://api.elsevier.com/content/abstract/scopus_id/85058314648,115,50,,,,47.0,329.0,1,7,,,,85058314648,2-s2.0-85058314648
14,Wang J.,Wake capture and aerodynamics of passively pitching tandem flapping plates,2018,2018 Fluid Dynamics Conference,,https://www.scopus.com/inward/record.uri?partnerID=HzOxMe3b&scp=85051299183&origin=inward,https://www.scopus.com/inward/citedby.uri?partnerID=HzOxMe3b&scp=85051299183&origin=inward,,2026-04-12 18:58:39,Conference Paper,10.2514/6.2018-3236,,https://api.elsevier.com/content/abstract/scopus_id/85051299183,,,,,,2.0,14.0,1,7,,,,85051299183,2-s2.0-85051299183
12,Sheeba P.T.,Hybrid features-enabled dragon deep belief neural network for activity recognition,2018,Imaging Science Journal,,https://www.scopus.com/inward/record.uri?partnerID=HzOxMe3b&scp=85049626690&origin=inward,https://www.scopus.com/inward/citedby.uri?partnerID=HzOxMe3b&scp=85049626690&origin=inward,,2026-04-12 18:58:39,Article,10.1080/13682199.2018.1483481,13682199,https://api.elsevier.com/content/abstract/scopus_id/85049626690,66,6,,,,1.71,12.0,1,7,,,,85049626690,2-s2.0-85049626690
1,Lonsdale O.,"Name-bearing type specimens in the Canadian National Collection of Insects, Arachnids & Nematodes (CNC): Blattodea, Dermaptera, Notoptera, Mecoptera, Megaloptera, Myriapoda, Neuroptera, Odonata, Orthoptera, Phthiraptera, Pseudoscorpiones, Psocoptera, Raphidioptera & Siphonaptera",2018,Zootaxa,,https://www.scopus.com/inward/record.uri?partnerID=HzOxMe3b&scp=85057383780&origin=inward,https://www.scopus.com/inward/citedby.uri?partnerID=HzOxMe3b&scp=85057383780&origin=inward,,2026-04-12 18:58:39,Article,10.11646/zootaxa.4526.2.1,11755326,https://api.elsevier.com/content/abstract/scopus_id/85057383780,4526,2,,,,0.14,1.0,1,7,,,,85057383780,2-s2.0-85057383780
0,Royals T.,Conversations with Will D. Campbell,2018,Conversations with Will D Campbell,,https://www.scopus.com/inward/record.uri?partnerID=HzOxMe3b&scp=105021610504&origin=inward,https://www.scopus.com/inward/citedby.uri?partnerID=HzOxMe3b&scp=105021610504&origin=inward,,2026-04-12 18:58:39,Book,,,https://api.elsevier.com/content/abstract/scopus_id/105021610504,,,,,,0.0,0.0,1,7,,,,105021610504,2-s2.0-105021610504
0,Lu Y.,H2OEIN: A Hierarchical Hybrid Optical/Electrical Interconnection Network for Exascale Computing Systems,2018,IEEE Transactions on Multi Scale Computing Systems,,https://www.scopus.com/inward/record.uri?partnerID=HzOxMe3b&scp=85056741800&origin=inward,https://www.scopus.com/inward/citedby.uri?partnerID=HzOxMe3b&scp=85056741800&origin=inward,,2026-04-12 18:58:39,Article,10.1109/TMSCS.2018.2881715,,https://api.elsevier.com/content/abstract/scopus_id/85056741800,4,4,,,,0.0,0.0,1,7,,,,85056741800,2-s2.0-85056741800
0,,"AIAA Aerospace Sciences Meeting, 2018",2018,AIAA Aerospace Sciences Meeting 2018,,https://www.scopus.com/inward/record.uri?partnerID=HzOxMe3b&scp=85133143720&origin=inward,https://www.scopus.com/inward/citedby.uri?partnerID=HzOxMe3b&scp=85133143720&origin=inward,,2026-04-12 18:58:39,Conference Review,,,https://api.elsevier.com/content/abstract/scopus_id/85133143720,,,,,,0.0,0.0,0,7,,,,85133143720,2-s2.0-85133143720
20,Miller J.P.,Global species richness of hydrobiid snails determined by climate and evolutionary history,2018,Freshwater Biology,,https://www.scopus.com/inward/record.uri?partnerID=HzOxMe3b&scp=85053196408&origin=inward,https://www.scopus.com/inward/citedby.uri?partnerID=HzOxMe3b&scp=85053196408&origin=inward,,2026-04-12 18:58:39,Article,10.1111/fwb.13128,00465070,https://api.elsevier.com/content/abstract/scopus_id/85053196408,63,10,,,,2.86,20.0,1,7,,,,85053196408,2-s2.0-85053196408
4,Román-Heracleo J.,"The larva of Perissolestes remotus (Williamson & Williamson, 1924) (Zygoptera: Perilestidae)",2018,International Journal of Odonatology,,https://www.scopus.com/inward/record.uri?partnerID=HzOxMe3b&scp=85053413926&origin=inward,https://www.scopus.com/inward/citedby.uri?partnerID=HzOxMe3b&scp=85053413926&origin=inward,,2026-04-12 18:58:39,Article,10.1080/13887890.2018.1511481,13887890,https://api.elsevier.com/content/abstract/scopus_id/85053413926,21,3-4,,,,0.57,4.0,1,7,,,,85053413926,2-s2.0-85053413926
59,Pandit D.,A scattering and repulsive swarm intelligence algorithm for solving global optimization problems,2018,Knowledge Based Systems,,https://www.scopus.com/inward/record.uri?partnerID=HzOxMe3b&scp=85048477510&origin=inward,https://www.scopus.com/inward/citedby.uri?partnerID=HzOxMe3b&scp=85048477510&origin=inward,,2026-04-12 18:58:39,Article,10.1016/j.knosys.2018.05.002,09507051,https://api.elsevier.com/content/abstract/scopus_id/85048477510,156,,,,,8.43,59.0,1,7,,,,85048477510,2-s2.0-85048477510
4,Benito M.,Analysis and improvement of valiant routing in low-diameter networks,2018,Proceedings 2018 IEEE 4th International Workshop on High Performance Interconnection Networks in the Exascale and Big Data Era Hipineb 2018,,https://www.scopus.com/inward/record.uri?partnerID=HzOxMe3b&scp=85049696253&origin=inward,https://www.scopus.com/inward/citedby.uri?partnerID=HzOxMe3b&scp=85049696253&origin=inward,,2026-04-12 18:58:39,Conference Paper,10.1109/HiPINEB.2018.00009,,https://api.elsevier.com/content/abstract/scopus_id/85049696253,2018-January,,,,,0.57,4.0,1,7,,,,85049696253,2-s2.0-85049696253
5,Wang Y.,"Rapid, simple and quantitative detection of metolcarb residues in apples by surface-enhanced Raman scattering",2018,Aip Advances,,https://www.scopus.com/inward/record.uri?partnerID=HzOxMe3b&scp=85049508990&origin=inward,https://www.scopus.com/inward/citedby.uri?partnerID=HzOxMe3b&scp=85049508990&origin=inward,,2026-04-12 18:58:39,Article,10.1063/1.5033500,,https://api.elsevier.com/content/abstract/scopus_id/85049508990,8,7,,,,0.71,5.0,1,7,,,,85049508990,2-s2.0-85049508990
15,Khanduzi R.,A novel bilevel model and solution algorithms for multi-period interdiction problem with fortification,2018,Applied Intelligence,,https://www.scopus.com/inward/record.uri?partnerID=HzOxMe3b&scp=85039847480&origin=inward,https://www.scopus.com/inward/citedby.uri?partnerID=HzOxMe3b&scp=85039847480&origin=inward,,2026-04-12 18:58:39,Article,10.1007/s10489-017-1116-8,0924669X,https://api.elsevier.com/content/abstract/scopus_id/85039847480,48,9,,,,2.14,15.0,1,7,,,,85039847480,2-s2.0-85039847480
124,Lim S.,The Globular Cluster Systems of Ultra-diffuse Galaxies in the Coma Cluster,2018,Astrophysical Journal,,https://www.scopus.com/inward/record.uri?partnerID=HzOxMe3b&scp=85050739269&origin=inward,https://www.scopus.com/inward/citedby.uri?partnerID=HzOxMe3b&scp=85050739269&origin=inward,,2026-04-12 18:58:39,Article,10.3847/1538-4357/aacb81,0004637X,https://api.elsevier.com/content/abstract/scopus_id/85050739269,862,1,,,,17.71,124.0,1,7,,,,85050739269,2-s2.0-85050739269
50,Janssens L.,Rapid larval development under time stress reduces adult life span through increasing oxidative damage,2018,Functional Ecology,,https://www.scopus.com/inward/record.uri?partnerID=HzOxMe3b&scp=85043354695&origin=inward,https://www.scopus.com/inward/citedby.uri?partnerID=HzOxMe3b&scp=85043354695&origin=inward,,2026-04-12 18:58:39,Article,10.1111/1365-2435.13068,02698463,https://api.elsevier.com/content/abstract/scopus_id/85043354695,32,4,,,,7.14,50.0,1,7,,,,85043354695,2-s2.0-85043354695
8,Archer M.,The Value of Using Multiple Metrics to Evaluate PCB Exposure,2018,Archives of Environmental Contamination and Toxicology,,https://www.scopus.com/inward/record.uri?partnerID=HzOxMe3b&scp=85020688091&origin=inward,https://www.scopus.com/inward/citedby.uri?partnerID=HzOxMe3b&scp=85020688091&origin=inward,,2026-04-12 18:58:39,Article,10.1007/s00244-017-0418-5,00904341,https://api.elsevier.com/content/abstract/scopus_id/85020688091,74,3,,,,1.14,8.0,1,7,,,,85020688091,2-s2.0-85020688091
78,Rico A.,Effects of imidacloprid and a neonicotinoid mixture on aquatic invertebrate communities under Mediterranean conditions,2018,Aquatic Toxicology,,https://www.scopus.com/inward/record.uri?partnerID=HzOxMe3b&scp=85053519047&origin=inward,https://www.scopus.com/inward/citedby.uri?partnerID=HzOxMe3b&scp=85053519047&origin=inward,,2026-04-12 18:58:39,Article,10.1016/j.aquatox.2018.09.004,0166445X,https://api.elsevier.com/content/abstract/scopus_id/85053519047,204,,,,,11.14,78.0,1,7,,,,85053519047,2-s2.0-85053519047
1,Ktona A.,Information System design in support of Albanian biodiversity conservation,2018,Ceur Workshop Proceedings,,https://www.scopus.com/inward/record.uri?partnerID=HzOxMe3b&scp=85059830983&origin=inward,https://www.scopus.com/inward/citedby.uri?partnerID=HzOxMe3b&scp=85059830983&origin=inward,,2026-04-12 18:58:39,Conference Paper,,16130073,https://api.elsevier.com/content/abstract/scopus_id/85059830983,2280,,,,,0.14,1.0,1,7,,,,85059830983,2-s2.0-85059830983
7,Yang J.,Numerical study on uniform-shear flow over a circular disk at low Reynolds numbers,2018,Physics of Fluids,,https://www.scopus.com/inward/record.uri?partnerID=HzOxMe3b&scp=85052732887&origin=inward,https://www.scopus.com/inward/citedby.uri?partnerID=HzOxMe3b&scp=85052732887&origin=inward,,2026-04-12 18:58:39,Article,10.1063/1.5043518,10706631,https://api.elsevier.com/content/abstract/scopus_id/85052732887,30,8,,,,1.0,7.0,1,7,,,,85052732887,2-s2.0-85052732887
51,Danieli S.,Hunting Faint Dwarf Galaxies in the Field Using Integrated Light Surveys,2018,Astrophysical Journal,,https://www.scopus.com/inward/record.uri?partnerID=HzOxMe3b&scp=85044753892&origin=inward,https://www.scopus.com/inward/citedby.uri?partnerID=HzOxMe3b&scp=85044753892&origin=inward,,2026-04-12 18:58:39,Article,10.3847/1538-4357/aaadfb,0004637X,https://api.elsevier.com/content/abstract/scopus_id/85044753892,856,1,,,,7.29,51.0,1,7,,,,85044753892,2-s2.0-85044753892
17,Lee D.Y.,Distribution patterns of odonate assemblages in relation to environmental variables in streams of South Korea,2018,Insects,,https://www.scopus.com/inward/record.uri?partnerID=HzOxMe3b&scp=85056270431&origin=inward,https://www.scopus.com/inward/citedby.uri?partnerID=HzOxMe3b&scp=85056270431&origin=inward,,2026-04-12 18:58:39,Article,10.3390/insects9040152,,https://api.elsevier.com/content/abstract/scopus_id/85056270431,9,4,,,,2.43,17.0,1,7,,,,85056270431,2-s2.0-85056270431
2,Mencütekin Y.,"Diversity and distribution of odonates of the Meriç delta wetland in Turkish Thrace, with a new record for the region",2018,Journal of the Entomological Research Society,,https://www.scopus.com/inward/record.uri?partnerID=HzOxMe3b&scp=85057478326&origin=inward,https://www.scopus.com/inward/citedby.uri?partnerID=HzOxMe3b&scp=85057478326&origin=inward,,2026-04-12 18:58:39,Article,,13020250,https://api.elsevier.com/content/abstract/scopus_id/85057478326,20,3,,,,0.29,2.0,1,7,,,,85057478326,2-s2.0-85057478326
77,Fujino A.,Predictors of Calcium Fracture Derived From Balloon Angioplasty and its Effect on Stent Expansion Assessed by Optical Coherence Tomography,2018,Jacc Cardiovascular Interventions,,https://www.scopus.com/inward/record.uri?partnerID=HzOxMe3b&scp=85047210433&origin=inward,https://www.scopus.com/inward/citedby.uri?partnerID=HzOxMe3b&scp=85047210433&origin=inward,,2026-04-12 18:58:39,Letter,10.1016/j.jcin.2018.02.004,19368798,https://api.elsevier.com/content/abstract/scopus_id/85047210433,11,10,,,,11.0,77.0,1,7,,,,85047210433,2-s2.0-85047210433
22,Li Z.,A new swarm intelligence optimized multiclass multi-kernel relevant vector machine: An experimental analysis in failure diagnostics of diesel engines,2018,Structural Health Monitoring,,https://www.scopus.com/inward/record.uri?partnerID=HzOxMe3b&scp=85042184093&origin=inward,https://www.scopus.com/inward/citedby.uri?partnerID=HzOxMe3b&scp=85042184093&origin=inward,,2026-04-12 18:58:39,Article,10.1177/1475921717746735,14759217,https://api.elsevier.com/content/abstract/scopus_id/85042184093,17,6,,,,3.14,22.0,1,7,,,,85042184093,2-s2.0-85042184093
0,Kumar V.,Independent component analysis and fuzzy inference system for automatic facial expression recognition from 3D videos,2018,Journal of Advanced Research in Dynamical and Control Systems,,https://www.scopus.com/inward/record.uri?partnerID=HzOxMe3b&scp=85063382916&origin=inward,https://www.scopus.com/inward/citedby.uri?partnerID=HzOxMe3b&scp=85063382916&origin=inward,,2026-04-12 18:58:39,Article,,,https://api.elsevier.com/content/abstract/scopus_id/85063382916,10,12,,,,0.0,0.0,1,7,,,,85063382916,2-s2.0-85063382916
0,Carvalho A.d.L.,Superfamily Aeshnoidea,2018,Thorp and Covich S Freshwater Invertebrates Volume 3 Keys to Neotropical Hexapoda,,https://www.scopus.com/inward/record.uri?partnerID=HzOxMe3b&scp=85138938135&origin=inward,https://www.scopus.com/inward/citedby.uri?partnerID=HzOxMe3b&scp=85138938135&origin=inward,,2026-04-12 18:58:39,Book Chapter,10.1016/B978-0-12-804223-6.00015-9,,https://api.elsevier.com/content/abstract/scopus_id/85138938135,,,,,,0.0,0.0,1,7,,,,85138938135,2-s2.0-85138938135
81,Alerstam T.,Ecology of animal migration,2018,Current Biology,,https://www.scopus.com/inward/record.uri?partnerID=HzOxMe3b&scp=85052909320&origin=inward,https://www.scopus.com/inward/citedby.uri?partnerID=HzOxMe3b&scp=85052909320&origin=inward,,2026-04-12 18:58:39,Short Survey,10.1016/j.cub.2018.04.043,09609822,https://api.elsevier.com/content/abstract/scopus_id/85052909320,28,17,,,,11.57,81.0,1,7,,,,85052909320,2-s2.0-85052909320
100,Xu L.,A novel geometry-adaptive Cartesian grid based immersed boundary–lattice Boltzmann method for fluid–structure interactions at moderate and high Reynolds numbers,2018,Journal of Computational Physics,,https://www.scopus.com/inward/record.uri?partnerID=HzOxMe3b&scp=85052301313&origin=inward,https://www.scopus.com/inward/citedby.uri?partnerID=HzOxMe3b&scp=85052301313&origin=inward,,2026-04-12 18:58:39,Article,10.1016/j.jcp.2018.08.024,00219991,https://api.elsevier.com/content/abstract/scopus_id/85052301313,375,,,,,14.29,100.0,1,7,,,,85052301313,2-s2.0-85052301313
31,Gomez-Llano M.A.,Sexual conflict and ecology: Species composition and male density interact to reduce male mating harassment and increase female survival,2018,Evolution,,https://www.scopus.com/inward/record.uri?partnerID=HzOxMe3b&scp=85043693997&origin=inward,https://www.scopus.com/inward/citedby.uri?partnerID=HzOxMe3b&scp=85043693997&origin=inward,,2026-04-12 18:58:39,Article,10.1111/evo.13457,00143820,https://api.elsevier.com/content/abstract/scopus_id/85043693997,72,4,,,,4.43,31.0,1,7,,,,85043693997,2-s2.0-85043693997
1,Dow R.,"Drepanosticta adenani sp. nov., from the Lanjak Entimau Wildlife Sanctuary in Sarawak (Odonata: Zygoptera: Platystictidae)",2018,Zootaxa,,https://www.scopus.com/inward/record.uri?partnerID=HzOxMe3b&scp=85042163610&origin=inward,https://www.scopus.com/inward/citedby.uri?partnerID=HzOxMe3b&scp=85042163610&origin=inward,,2026-04-12 18:58:39,Article,10.11646/zootaxa.4379.3.6,11755326,https://api.elsevier.com/content/abstract/scopus_id/85042163610,4379,3,,,,0.14,1.0,1,7,,,,85042163610,2-s2.0-85042163610
2,Dow R.A.,"Drepanosticta emtrai sp. nov. from Vietnam with a discussion of Drepanosticta vietnamica Asahina, 1997 (Odonata: Zygoptera: Platystictidae)",2018,Zootaxa,,https://www.scopus.com/inward/record.uri?partnerID=HzOxMe3b&scp=85040771503&origin=inward,https://www.scopus.com/inward/citedby.uri?partnerID=HzOxMe3b&scp=85040771503&origin=inward,,2026-04-12 18:58:39,Article,10.11646/zootaxa.4374.2.7,11755326,https://api.elsevier.com/content/abstract/scopus_id/85040771503,4374,2,,,,0.29,2.0,1,7,,,,85040771503,2-s2.0-85040771503
45,Brito J.G.,Biological indicators of diversity in tropical streams: Congruence in the similarity of invertebrate assemblages,2018,Ecological Indicators,,https://www.scopus.com/inward/record.uri?partnerID=HzOxMe3b&scp=85031715001&origin=inward,https://www.scopus.com/inward/citedby.uri?partnerID=HzOxMe3b&scp=85031715001&origin=inward,,2026-04-12 18:58:39,Article,10.1016/j.ecolind.2017.09.001,1470160X,https://api.elsevier.com/content/abstract/scopus_id/85031715001,85,,,,,6.43,45.0,1,7,,,,85031715001,2-s2.0-85031715001
2,Kompier T.,Chlorogomphus canhvang sp. Nov. from Central Vietnam (Odonata: Chlorogomphidae),2018,Zootaxa,,https://www.scopus.com/inward/record.uri?partnerID=HzOxMe3b&scp=85043681056&origin=inward,https://www.scopus.com/inward/citedby.uri?partnerID=HzOxMe3b&scp=85043681056&origin=inward,,2026-04-12 18:58:39,Article,10.11646/zootaxa.4394.3.9,11755326,https://api.elsevier.com/content/abstract/scopus_id/85043681056,4394,3,,,,0.29,2.0,1,7,,,,85043681056,2-s2.0-85043681056
0,Dzhurtubayev Y.M.,Faunistic characteristics of macrozoobenthos of the danube lakes in Ukraine,2018,Hydrobiological Journal,,https://www.scopus.com/inward/record.uri?partnerID=HzOxMe3b&scp=85057164762&origin=inward,https://www.scopus.com/inward/citedby.uri?partnerID=HzOxMe3b&scp=85057164762&origin=inward,,2026-04-12 18:58:39,Article,10.1615/hydrobj.v54.i6.30,00188166,https://api.elsevier.com/content/abstract/scopus_id/85057164762,54,6,,,,0.0,0.0,1,7,,,,85057164762,2-s2.0-85057164762
4,Kompier T.,"Protosticta curiosa fraser, 1934 and its synonyms in Vietnam and China (Odonata: Platystictidae)",2018,Zootaxa,,https://www.scopus.com/inward/record.uri?partnerID=HzOxMe3b&scp=85048661370&origin=inward,https://www.scopus.com/inward/citedby.uri?partnerID=HzOxMe3b&scp=85048661370&origin=inward,,2026-04-12 18:58:39,Article,10.11646/zootaxa.4434.2.8,11755326,https://api.elsevier.com/content/abstract/scopus_id/85048661370,4434,2,,,,0.57,4.0,1,7,,,,85048661370,2-s2.0-85048661370
16,Pereira A.M.A.,"Diet and helminth parasites of freshwater turtles mesoclemmys tuberculata, phrynops geoffroanus (Pleurodira: Chelidae) and kinosternon scorpioides (criptodyra: Kinosternidae) in a semiarid region, Northeast of Brazil",2018,Acta Herpetologica,,https://www.scopus.com/inward/record.uri?partnerID=HzOxMe3b&scp=85049163118&origin=inward,https://www.scopus.com/inward/citedby.uri?partnerID=HzOxMe3b&scp=85049163118&origin=inward,,2026-04-12 18:58:39,Article,10.13128/Acta_Herpetol-20323,18279635,https://api.elsevier.com/content/abstract/scopus_id/85049163118,13,1,,,,2.29,16.0,1,7,,,,85049163118,2-s2.0-85049163118
10,Bennas N.,New data on the aquatic insect fauna of Tunisia,2018,Transactions of the American Entomological Society,,https://www.scopus.com/inward/record.uri?partnerID=HzOxMe3b&scp=85069650307&origin=inward,https://www.scopus.com/inward/citedby.uri?partnerID=HzOxMe3b&scp=85069650307&origin=inward,,2026-04-12 18:58:39,Article,10.3157/061.144.0309,00028320,https://api.elsevier.com/content/abstract/scopus_id/85069650307,144,3,,,,1.43,10.0,1,7,,,,85069650307,2-s2.0-85069650307
3,Dow R.A.,"Re-description of Coeliccia erici Laidlaw, and the description of Coeliccia sameerae sp. nov. from Peninsular Malaysia (Odonata: Zygoptera: Platycnemididae)",2018,Zootaxa,,https://www.scopus.com/inward/record.uri?partnerID=HzOxMe3b&scp=85046134254&origin=inward,https://www.scopus.com/inward/citedby.uri?partnerID=HzOxMe3b&scp=85046134254&origin=inward,,2026-04-12 18:58:39,Article,10.11646/zootaxa.4413.2.7,11755326,https://api.elsevier.com/content/abstract/scopus_id/85046134254,4413,2,,,,0.43,3.0,1,7,,,,85046134254,2-s2.0-85046134254
1,Tol J.,"A new drepanosticta species from seram, Moluccas (Odonata: Platystictidae)",2018,Zootaxa,,https://www.scopus.com/inward/record.uri?partnerID=HzOxMe3b&scp=85051846619&origin=inward,https://www.scopus.com/inward/citedby.uri?partnerID=HzOxMe3b&scp=85051846619&origin=inward,,2026-04-12 18:58:39,Article,10.11646/zootaxa.4461.1.9,11755326,https://api.elsevier.com/content/abstract/scopus_id/85051846619,4461,1,,,,0.14,1.0,1,7,,,,85051846619,2-s2.0-85051846619
3,Phan Q.,"Notes on the genus Indocnemis Laidlaw, 1917 in vietnam with description of Indocnemis marijanmatoki sp. n. (odonata, zygoptera, platycnemididae)",2018,Zookeys,,https://www.scopus.com/inward/record.uri?partnerID=HzOxMe3b&scp=85063024880&origin=inward,https://www.scopus.com/inward/citedby.uri?partnerID=HzOxMe3b&scp=85063024880&origin=inward,,2026-04-12 18:58:39,Article,10.3897/zookeys.809.29058,13132989,https://api.elsevier.com/content/abstract/scopus_id/85063024880,2018,809,,,,0.43,3.0,1,7,,,,85063024880,2-s2.0-85063024880
0,Cowan E.M.,"Ischnura fountaineae (Insecta: Odonata: Zygoptera) in Oman, eastern Arabia",2018,Journal of Threatened Taxa,,https://www.scopus.com/inward/record.uri?partnerID=HzOxMe3b&scp=85062336368&origin=inward,https://www.scopus.com/inward/citedby.uri?partnerID=HzOxMe3b&scp=85062336368&origin=inward,,2026-04-12 18:58:39,Note,10.11609/JOTT.4664.10.15.13029-13031,09747893,https://api.elsevier.com/content/abstract/scopus_id/85062336368,10,15,,,,0.0,0.0,1,7,,,,85062336368,2-s2.0-85062336368
2,Sasamoto A.,Description of a new species of cephalaeschna (odonata: Anisoptera: Aeshnidae) from northern Vietnam,2018,Zootaxa,,https://www.scopus.com/inward/record.uri?partnerID=HzOxMe3b&scp=85052839572&origin=inward,https://www.scopus.com/inward/citedby.uri?partnerID=HzOxMe3b&scp=85052839572&origin=inward,,2026-04-12 18:58:39,Article,10.11646/zootaxa.4471.2.5,11755326,https://api.elsevier.com/content/abstract/scopus_id/85052839572,4471,2,,,,0.29,2.0,1,7,,,,85052839572,2-s2.0-85052839572
16,Mendonça H.S.,"Size-related and seasonal changes in the diet of the non-native Cichla Kelberi Kullander & Ferreira, 2006 in a lowland reservoir in the southeastern Brazil",2018,Biota Neotropica,,https://www.scopus.com/inward/record.uri?partnerID=HzOxMe3b&scp=85090653297&origin=inward,https://www.scopus.com/inward/citedby.uri?partnerID=HzOxMe3b&scp=85090653297&origin=inward,,2026-04-12 18:58:39,Article,10.1590/1676-0611-BN-2017-0493,16760603,https://api.elsevier.com/content/abstract/scopus_id/85090653297,18,3,,,,2.29,16.0,1,7,,,,85090653297,2-s2.0-85090653297
0,Kompier T.,"The genus asiagomphus in Vietnam, with descriptions of three new species, and first descriptions of the male of Asiagomphus auricolor (Fraser, 1926) and of the female of Asiagomphus reinhardti Kosterin & Yokoi, 2016 (Odonata: Gomphidae)",2018,Zootaxa,,https://www.scopus.com/inward/record.uri?partnerID=HzOxMe3b&scp=85053663002&origin=inward,https://www.scopus.com/inward/citedby.uri?partnerID=HzOxMe3b&scp=85053663002&origin=inward,,2026-04-12 18:58:39,Review,10.11646/zootaxa.4462.3.1,11755326,https://api.elsevier.com/content/abstract/scopus_id/85053663002,4462,3,,,,0.0,0.0,1,7,,,,85053663002,2-s2.0-85053663002
3,Dow R.,"Yunnanosticta gen. nov., from Yunnan, a new genus from the Sinostictinae, with the description of two new species (Odonata: Zygoptera: Platystictidae)",2018,Zootaxa,,https://www.scopus.com/inward/record.uri?partnerID=HzOxMe3b&scp=85041025904&origin=inward,https://www.scopus.com/inward/citedby.uri?partnerID=HzOxMe3b&scp=85041025904&origin=inward,,2026-04-12 18:58:39,Article,10.11646/zootaxa.4375.4.6,11755326,https://api.elsevier.com/content/abstract/scopus_id/85041025904,4375,4,,,,0.43,3.0,1,7,,,,85041025904,2-s2.0-85041025904
2,Grand D.,"Erratum: Identification key to adult odonata of New Caledonia and Wallis and Futuna (Odonatologica (2018) 43:3, 4 (247-277))",2018,Odonatologica,,https://www.scopus.com/inward/record.uri?partnerID=HzOxMe3b&scp=85048376643&origin=inward,https://www.scopus.com/inward/citedby.uri?partnerID=HzOxMe3b&scp=85048376643&origin=inward,,2026-04-12 18:58:39,Erratum,10.5281/zenodo.1239961,03750183,https://api.elsevier.com/content/abstract/scopus_id/85048376643,47,1-2,,,,0.29,2.0,1,7,,,,85048376643,2-s2.0-85048376643
119,Brand P.,The origin of the odorant receptor gene family in insects,2018,Elife,,https://www.scopus.com/inward/record.uri?partnerID=HzOxMe3b&scp=85052105221&origin=inward,https://www.scopus.com/inward/citedby.uri?partnerID=HzOxMe3b&scp=85052105221&origin=inward,,2026-04-12 18:58:39,Article,10.7554/eLife.38340,,https://api.elsevier.com/content/abstract/scopus_id/85052105221,7,,,,,17.0,119.0,1,7,,,,85052105221,2-s2.0-85052105221
3,Amaya-Vallejo V.,"The larva and female of Perigomphus basicornis Amaya-Vallejo, Novelo- Gutiérrez & Realpe, 2017, and the first record of Perigomphus pallidistylus (Belle, 1972) for Colombia (Insecta: Odonata: Gomphidae)",2018,Peerj,,https://www.scopus.com/inward/record.uri?partnerID=HzOxMe3b&scp=85054929489&origin=inward,https://www.scopus.com/inward/citedby.uri?partnerID=HzOxMe3b&scp=85054929489&origin=inward,,2026-04-12 18:58:39,Article,10.7717/peerj.5279,,https://api.elsevier.com/content/abstract/scopus_id/85054929489,2018,8,,,,0.43,3.0,1,7,,,,85054929489,2-s2.0-85054929489
0,Richards S.,"A note on the correct repository for the holotype of pseudagrion fumipenn1s polhemus, michalski & richards (Odonata: Coenagrionidae)",2018,Australian Entomologist,,https://www.scopus.com/inward/record.uri?partnerID=HzOxMe3b&scp=85046149072&origin=inward,https://www.scopus.com/inward/citedby.uri?partnerID=HzOxMe3b&scp=85046149072&origin=inward,,2026-04-12 18:58:39,Article,,13206133,https://api.elsevier.com/content/abstract/scopus_id/85046149072,45,,,,,0.0,0.0,1,7,,,,85046149072,2-s2.0-85046149072
0,Haider H.R.,"Study of Aquatic Insects’ Relative Abundance of Al-najaf province, Iraq",2018,Biochemical and Cellular Archives,,https://www.scopus.com/inward/record.uri?partnerID=HzOxMe3b&scp=85106545923&origin=inward,https://www.scopus.com/inward/citedby.uri?partnerID=HzOxMe3b&scp=85106545923&origin=inward,,2026-04-12 18:58:39,Article,,09725075,https://api.elsevier.com/content/abstract/scopus_id/85106545923,18,1,,,,0.0,0.0,1,7,,,,85106545923,2-s2.0-85106545923
58,Patang F.,"Benthic Macroinvertebrates Diversity as Bioindicator of Water Quality of Some Rivers in East Kalimantan, Indonesia",2018,International Journal of Ecology,,https://www.scopus.com/inward/record.uri?partnerID=HzOxMe3b&scp=85049365010&origin=inward,https://www.scopus.com/inward/citedby.uri?partnerID=HzOxMe3b&scp=85049365010&origin=inward,,2026-04-12 18:58:39,Article,10.1155/2018/5129421,16879708,https://api.elsevier.com/content/abstract/scopus_id/85049365010,2018,,,,,8.29,58.0,1,7,,,,85049365010,2-s2.0-85049365010
1,,Erratum: Description of microgomphus farrelli sp. nov. (Odonata: Anisoptera: Gomphidae) based on adults of both sexes and larvae from Northern Thailand (Zootaxa (2018) 4422 (442–450) DOI: 10.11646/zootaxa.4422.3.10),2018,Zootaxa,,https://www.scopus.com/inward/record.uri?partnerID=HzOxMe3b&scp=85052702065&origin=inward,https://www.scopus.com/inward/citedby.uri?partnerID=HzOxMe3b&scp=85052702065&origin=inward,,2026-04-12 18:58:39,Erratum,10.11646/zootaxa.4462.4.11,11755326,https://api.elsevier.com/content/abstract/scopus_id/85052702065,4462,4,,,,0.14,1.0,0,7,,,,85052702065,2-s2.0-85052702065
1,Khayat M.,Endolymphatic Optical Coherence Tomography Facilitates Evaluation of the Thoracic Duct Prior to Embolization,2018,Cardiovascular and Interventional Radiology,,https://www.scopus.com/inward/record.uri?partnerID=HzOxMe3b&scp=85042609780&origin=inward,https://www.scopus.com/inward/citedby.uri?partnerID=HzOxMe3b&scp=85042609780&origin=inward,,2026-04-12 18:58:39,Letter,10.1007/s00270-018-1907-2,01741551,https://api.elsevier.com/content/abstract/scopus_id/85042609780,41,9,,,,0.14,1.0,1,7,,,,85042609780,2-s2.0-85042609780
0,Senguttuvan N.,Utility of OCT In a patient with chronic stable angina— “All that is seen using dye is not true”,2018,Indian Heart Journal,,https://www.scopus.com/inward/record.uri?partnerID=HzOxMe3b&scp=85034424826&origin=inward,https://www.scopus.com/inward/citedby.uri?partnerID=HzOxMe3b&scp=85034424826&origin=inward,,2026-04-12 18:58:39,Letter,10.1016/j.ihj.2017.11.008,00194832,https://api.elsevier.com/content/abstract/scopus_id/85034424826,70,1,,,,0.0,0.0,1,7,,,,85034424826,2-s2.0-85034424826
1,Wdowczyk J.,Bioresorbable vascular scaffolds to treat coronary allograft vasculopathy: Insights from optical coherence tomography imaging,2018,Journal of Heart and Lung Transplantation,,https://www.scopus.com/inward/record.uri?partnerID=HzOxMe3b&scp=85033370313&origin=inward,https://www.scopus.com/inward/citedby.uri?partnerID=HzOxMe3b&scp=85033370313&origin=inward,,2026-04-12 18:58:39,Letter,10.1016/j.healun.2017.10.015,10532498,https://api.elsevier.com/content/abstract/scopus_id/85033370313,37,3,,,,0.14,1.0,1,7,,,,85033370313,2-s2.0-85033370313
6,Siepielski A.M.,Female mate preferences on high-dimensional shape variation for male species recognition traits,2018,Journal of Evolutionary Biology,,https://www.scopus.com/inward/record.uri?partnerID=HzOxMe3b&scp=85051080139&origin=inward,https://www.scopus.com/inward/citedby.uri?partnerID=HzOxMe3b&scp=85051080139&origin=inward,,2026-04-12 18:58:39,Article,10.1111/jeb.13302,1010061X,https://api.elsevier.com/content/abstract/scopus_id/85051080139,31,8,,,,0.86,6.0,1,7,,,,85051080139,2-s2.0-85051080139
1,Flórez B.D.,"Population structure of mecistogaster ornata (Odonata: Pseudostigmatidae) in two fragments of tropical dry forest, in the department of Atlantic, Colombia",2018,Boletin Cientifico Del Centro De Museos,,https://www.scopus.com/inward/record.uri?partnerID=HzOxMe3b&scp=85053135859&origin=inward,https://www.scopus.com/inward/citedby.uri?partnerID=HzOxMe3b&scp=85053135859&origin=inward,,2026-04-12 18:58:39,Article,10.17151/bccm.2018.22.2.9,01233068,https://api.elsevier.com/content/abstract/scopus_id/85053135859,22,2,,,,0.14,1.0,1,7,,,,85053135859,2-s2.0-85053135859
1,Roa-Garrido J.,Optical Coherence Tomography Image of Coronary Spasm in a Bioresorbable Vascular Scaffold,2018,Canadian Journal of Cardiology,,https://www.scopus.com/inward/record.uri?partnerID=HzOxMe3b&scp=85041001888&origin=inward,https://www.scopus.com/inward/citedby.uri?partnerID=HzOxMe3b&scp=85041001888&origin=inward,,2026-04-12 18:58:39,Article,10.1016/j.cjca.2017.12.024,0828282X,https://api.elsevier.com/content/abstract/scopus_id/85041001888,34,3,,,,0.14,1.0,1,7,,,,85041001888,2-s2.0-85041001888
4,Roa-Garrido J.,Optical Coherence Tomographic Image Pattern of Metallic Bioresorbable Vascular Scaffold Restenosis,2018,Jacc Cardiovascular Interventions,,https://www.scopus.com/inward/record.uri?partnerID=HzOxMe3b&scp=85043501629&origin=inward,https://www.scopus.com/inward/citedby.uri?partnerID=HzOxMe3b&scp=85043501629&origin=inward,,2026-04-12 18:58:39,Article,10.1016/j.jcin.2017.11.025,19368798,https://api.elsevier.com/content/abstract/scopus_id/85043501629,11,7,,,,0.57,4.0,1,7,,,,85043501629,2-s2.0-85043501629
1,Roa-Garrido J.,Optical Coherence Tomography Image of Coronary Spasm in a Bioresorbable Vascular Scaffold,2018,Canadian Journal of Cardiology,,https://www.scopus.com/inward/record.uri?partnerID=HzOxMe3b&scp=85041001888&origin=inward,https://www.scopus.com/inward/citedby.uri?partnerID=HzOxMe3b&scp=85041001888&origin=inward,,2026-04-12 18:58:39,Article,10.1016/j.cjca.2017.12.024,0828282X,https://api.elsevier.com/content/abstract/scopus_id/85041001888,34,3,,,,0.14,1.0,1,7,,,,85041001888,2-s2.0-85041001888
16,Mocq J.,"Influence of Acid Mine Drainage, and Its Remediation, on Lakewater Quality and Benthic Invertebrate Communities",2018,Water Air and Soil Pollution,,https://www.scopus.com/inward/record.uri?partnerID=HzOxMe3b&scp=85040810821&origin=inward,https://www.scopus.com/inward/citedby.uri?partnerID=HzOxMe3b&scp=85040810821&origin=inward,,2026-04-12 18:58:39,Article,10.1007/s11270-017-3671-3,00496979,https://api.elsevier.com/content/abstract/scopus_id/85040810821,229,2,,,,2.29,16.0,1,7,,,,85040810821,2-s2.0-85040810821
2,Jai K.,"Serangga dan mitos suku Kaum Jakun, Kampung peta, Mersing Johor",2018,Serangga,,https://www.scopus.com/inward/record.uri?partnerID=HzOxMe3b&scp=85049935529&origin=inward,https://www.scopus.com/inward/citedby.uri?partnerID=HzOxMe3b&scp=85049935529&origin=inward,,2026-04-12 18:58:39,Article,,13945130,https://api.elsevier.com/content/abstract/scopus_id/85049935529,23,1,,,,0.29,2.0,1,7,,,,85049935529,2-s2.0-85049935529
13,Prokop J.,The wing base of the palaeodictyopteran genus Dunbaria Tillyard: Where are we now?,2018,Arthropod Structure and Development,,https://www.scopus.com/inward/record.uri?partnerID=HzOxMe3b&scp=85046807807&origin=inward,https://www.scopus.com/inward/citedby.uri?partnerID=HzOxMe3b&scp=85046807807&origin=inward,,2026-04-12 18:58:39,Article,10.1016/j.asd.2018.04.002,14678039,https://api.elsevier.com/content/abstract/scopus_id/85046807807,47,4,,,,1.86,13.0,1,7,,,,85046807807,2-s2.0-85046807807
5,Benchalel W.,Odonata of Wadi Bouarroug (northeastern Algeria) and environmental determinants of their distribution,2018,Moroccan Journal of Chemistry,,https://www.scopus.com/inward/record.uri?partnerID=HzOxMe3b&scp=85054099486&origin=inward,https://www.scopus.com/inward/citedby.uri?partnerID=HzOxMe3b&scp=85054099486&origin=inward,,2026-04-12 18:58:39,Article,,2351812X,https://api.elsevier.com/content/abstract/scopus_id/85054099486,6,1,,,,0.71,5.0,1,7,,,,85054099486,2-s2.0-85054099486
2,Rejula Mercy J.,A critical study on ten nontraditional optimization methods in solving engineering problems,2018,International Journal of Mechanical Engineering and Technology,,https://www.scopus.com/inward/record.uri?partnerID=HzOxMe3b&scp=85057553904&origin=inward,https://www.scopus.com/inward/citedby.uri?partnerID=HzOxMe3b&scp=85057553904&origin=inward,,2026-04-12 18:58:39,Article,,09766340,https://api.elsevier.com/content/abstract/scopus_id/85057553904,9,11,,,,0.29,2.0,1,7,,,,85057553904,2-s2.0-85057553904
5,Vogiatzi G.,Everolimus-eluting bioresorbable vascular scaffold implantation in Kawasaki disease: serial OCT observation,2018,Hellenic Journal of Cardiology,,https://www.scopus.com/inward/record.uri?partnerID=HzOxMe3b&scp=85063739355&origin=inward,https://www.scopus.com/inward/citedby.uri?partnerID=HzOxMe3b&scp=85063739355&origin=inward,,2026-04-12 18:58:39,Letter,10.1016/j.hjc.2017.12.011,11099666,https://api.elsevier.com/content/abstract/scopus_id/85063739355,59,6,,,,0.71,5.0,1,7,,,,85063739355,2-s2.0-85063739355
2,De Oliveira T.R.S.,Interaction and Distribution of Beetles (Insecta: Coleoptera) Associated with Heliconia bihai (Heliconiaceae) Inflorescences,2018,Florida Entomologist,,https://www.scopus.com/inward/record.uri?partnerID=HzOxMe3b&scp=85048995917&origin=inward,https://www.scopus.com/inward/citedby.uri?partnerID=HzOxMe3b&scp=85048995917&origin=inward,,2026-04-12 18:58:39,Article,10.1653/024.101.0202,00154040,https://api.elsevier.com/content/abstract/scopus_id/85048995917,101,2,,,,0.29,2.0,1,7,,,,85048995917,2-s2.0-85048995917
0,Sconfietti R.,"Terrace springs: Habitat haven for macrobenthic fauna in the lower plain of the River Ticino (Lombardy, Northern Italy)",2018,Natural History Sciences,,https://www.scopus.com/inward/record.uri?partnerID=HzOxMe3b&scp=85097282238&origin=inward,https://www.scopus.com/inward/citedby.uri?partnerID=HzOxMe3b&scp=85097282238&origin=inward,,2026-04-12 18:58:39,Article,10.4081/nhs.2018.376,23850442,https://api.elsevier.com/content/abstract/scopus_id/85097282238,5,2,,,,0.0,0.0,1,7,,,,85097282238,2-s2.0-85097282238
9,de Rezende R.R.,Complete genome sequences of two gemycircularviruses associated with non-cultivated plants in Brazil,2018,Archives of Virology,,https://www.scopus.com/inward/record.uri?partnerID=HzOxMe3b&scp=85050296715&origin=inward,https://www.scopus.com/inward/citedby.uri?partnerID=HzOxMe3b&scp=85050296715&origin=inward,,2026-04-12 18:58:39,Article,10.1007/s00705-018-3924-5,03048608,https://api.elsevier.com/content/abstract/scopus_id/85050296715,163,11,,,,1.29,9.0,1,7,,,,85050296715,2-s2.0-85050296715
17,Appalasamy S.,"Physico-chemical water quality and macroinvertebrate distribution along Sungai Asah in Pulau Tioman, Johor, Malaysia",2018,Songklanakarin Journal of Science and Technology,,https://www.scopus.com/inward/record.uri?partnerID=HzOxMe3b&scp=85062901140&origin=inward,https://www.scopus.com/inward/citedby.uri?partnerID=HzOxMe3b&scp=85062901140&origin=inward,,2026-04-12 18:58:39,Article,10.14456/sjst-psu.2018.155,01253395,https://api.elsevier.com/content/abstract/scopus_id/85062901140,40,6,,,,2.43,17.0,1,7,,,,85062901140,2-s2.0-85062901140
2,Lei J.,"Feeding habits of the Chinese minnow Rhynchocypris oxycephalus (Sauvage & Dabry de Thiersant, 1874) from the upper Yangtze River, China",2018,Journal of Applied Ichthyology,,https://www.scopus.com/inward/record.uri?partnerID=HzOxMe3b&scp=85046354793&origin=inward,https://www.scopus.com/inward/citedby.uri?partnerID=HzOxMe3b&scp=85046354793&origin=inward,,2026-04-12 18:58:39,Article,10.1111/jai.13597,01758659,https://api.elsevier.com/content/abstract/scopus_id/85046354793,34,3,,,,0.29,2.0,1,7,,,,85046354793,2-s2.0-85046354793
3,Mujumdar N.,Observations on underwater oviposition in Pseudagrion indicum fraser (Odonata:Coenagrionidae): An endemic species from the western ghats,2018,Halteres,,https://www.scopus.com/inward/record.uri?partnerID=HzOxMe3b&scp=85060011297&origin=inward,https://www.scopus.com/inward/citedby.uri?partnerID=HzOxMe3b&scp=85060011297&origin=inward,,2026-04-12 18:58:39,Article,10.5281/zenodo.1255802,09731555,https://api.elsevier.com/content/abstract/scopus_id/85060011297,9,,,,,0.43,3.0,1,7,,,,85060011297,2-s2.0-85060011297
9,Hayashi T.,"Wire bias, insufficient differential sanding, and orbital atherectomy-induced coronary pseudoaneurysm",2018,Circulation Cardiovascular Interventions,,https://www.scopus.com/inward/record.uri?partnerID=HzOxMe3b&scp=85055600227&origin=inward,https://www.scopus.com/inward/citedby.uri?partnerID=HzOxMe3b&scp=85055600227&origin=inward,,2026-04-12 18:58:39,Review,10.1161/CIRCINTERVENTIONS.118.007003,19417640,https://api.elsevier.com/content/abstract/scopus_id/85055600227,11,10,,,,1.29,9.0,1,7,,,,85055600227,2-s2.0-85055600227
9,Ries L.,Flying through hurricane central: Impacts of hurricanes on migrants with a focus on Monarch butterflies,2018,Animal Migration,,https://www.scopus.com/inward/record.uri?partnerID=HzOxMe3b&scp=85076757868&origin=inward,https://www.scopus.com/inward/citedby.uri?partnerID=HzOxMe3b&scp=85076757868&origin=inward,,2026-04-12 18:58:39,Article,10.1515/ami-2018-0010,,https://api.elsevier.com/content/abstract/scopus_id/85076757868,5,1,,,,1.29,9.0,1,7,,,,85076757868,2-s2.0-85076757868
13,Nurminen L.,"Fishing-induced changes in predation pressure by perch (Perca fluviatilis) regulate littoral benthic macroinvertebrate biomass, density, and community structure",2018,Aquatic Ecology,,https://www.scopus.com/inward/record.uri?partnerID=HzOxMe3b&scp=85031917474&origin=inward,https://www.scopus.com/inward/citedby.uri?partnerID=HzOxMe3b&scp=85031917474&origin=inward,,2026-04-12 18:58:39,Article,10.1007/s10452-017-9641-4,13862588,https://api.elsevier.com/content/abstract/scopus_id/85031917474,52,1,,,,1.86,13.0,1,7,,,,85031917474,2-s2.0-85031917474
14,Martínez-Lendech N.,Sexual signals reveal males’ oxidative stress defences: Testing this hypothesis in an invertebrate,2018,Functional Ecology,,https://www.scopus.com/inward/record.uri?partnerID=HzOxMe3b&scp=85042178373&origin=inward,https://www.scopus.com/inward/citedby.uri?partnerID=HzOxMe3b&scp=85042178373&origin=inward,,2026-04-12 18:58:39,Article,10.1111/1365-2435.13051,02698463,https://api.elsevier.com/content/abstract/scopus_id/85042178373,32,4,,,,2.0,14.0,1,7,,,,85042178373,2-s2.0-85042178373
1,Huang J.,Clinical significance of optical coherence tomography-guided angioplasty on treatment selection,2018,Experimental and Therapeutic Medicine,,https://www.scopus.com/inward/record.uri?partnerID=HzOxMe3b&scp=85049137001&origin=inward,https://www.scopus.com/inward/citedby.uri?partnerID=HzOxMe3b&scp=85049137001&origin=inward,,2026-04-12 18:58:39,Article,10.3892/etm.2018.6237,17920981,https://api.elsevier.com/content/abstract/scopus_id/85049137001,16,2,,,,0.14,1.0,1,7,,,,85049137001,2-s2.0-85049137001
18,Klop-Toker K.,Community level impacts of invasive mosquitofish may exacerbate the impact to a threatened amphibian,2018,Austral Ecology,,https://www.scopus.com/inward/record.uri?partnerID=HzOxMe3b&scp=85033787124&origin=inward,https://www.scopus.com/inward/citedby.uri?partnerID=HzOxMe3b&scp=85033787124&origin=inward,,2026-04-12 18:58:39,Article,10.1111/aec.12558,14429985,https://api.elsevier.com/content/abstract/scopus_id/85033787124,43,2,,,,2.57,18.0,1,7,,,,85033787124,2-s2.0-85033787124
22,Zhang S.,Non-culprit plaque characteristics in acute coronary syndrome patients with raised hemoglobinA1c: An intravascular optical coherence tomography study,2018,Cardiovascular Diabetology,,https://www.scopus.com/inward/record.uri?partnerID=HzOxMe3b&scp=85048678308&origin=inward,https://www.scopus.com/inward/citedby.uri?partnerID=HzOxMe3b&scp=85048678308&origin=inward,,2026-04-12 18:58:39,Article,10.1186/s12933-018-0729-5,,https://api.elsevier.com/content/abstract/scopus_id/85048678308,17,1,,,,3.14,22.0,1,7,,,,85048678308,2-s2.0-85048678308
7,Staentzel C.,"Responses of biological communities to restoration actions in large rivers (Old Rhine, France)",2018,Houille Blanche,,https://www.scopus.com/inward/record.uri?partnerID=HzOxMe3b&scp=85051871032&origin=inward,https://www.scopus.com/inward/citedby.uri?partnerID=HzOxMe3b&scp=85051871032&origin=inward,,2026-04-12 18:58:39,Article,10.1051/lhb/2018024,00186368,https://api.elsevier.com/content/abstract/scopus_id/85051871032,2018,2,,,,1.0,7.0,1,7,,,,85051871032,2-s2.0-85051871032
23,Kaulfuss U.,Geology and palaeontology of the Hindon Maar Complex: A Miocene terrestrial fossil Lagerstätte in southern New Zealand,2018,Palaeogeography Palaeoclimatology Palaeoecology,,https://www.scopus.com/inward/record.uri?partnerID=HzOxMe3b&scp=85045444427&origin=inward,https://www.scopus.com/inward/citedby.uri?partnerID=HzOxMe3b&scp=85045444427&origin=inward,,2026-04-12 18:58:39,Article,10.1016/j.palaeo.2018.03.022,00310182,https://api.elsevier.com/content/abstract/scopus_id/85045444427,500,,,,,3.29,23.0,1,7,,,,85045444427,2-s2.0-85045444427
0,Prayogo Y.,Status and Population of Arthropod on Mungbean,2018,Iop Conference Series Earth and Environmental Science,,https://www.scopus.com/inward/record.uri?partnerID=HzOxMe3b&scp=85056472350&origin=inward,https://www.scopus.com/inward/citedby.uri?partnerID=HzOxMe3b&scp=85056472350&origin=inward,,2026-04-12 18:58:39,Conference Paper,10.1088/1755-1315/197/1/012032,17551307,https://api.elsevier.com/content/abstract/scopus_id/85056472350,197,1,,,,0.0,0.0,1,7,,,,85056472350,2-s2.0-85056472350
7,Fleck G.,"The genus Navicordulia Machado & Costa, 1995 (Insecta, Odonata, Corduliidae s.str.): New species, identification key for males and data on ecology and distribution",2018,Zoosystema,,https://www.scopus.com/inward/record.uri?partnerID=HzOxMe3b&scp=85077001426&origin=inward,https://www.scopus.com/inward/citedby.uri?partnerID=HzOxMe3b&scp=85077001426&origin=inward,,2026-04-12 18:58:39,Article,10.5252/zoosystema2019v41a27,12809551,https://api.elsevier.com/content/abstract/scopus_id/85077001426,40,sp1,,,,1.0,7.0,1,7,,,,85077001426,2-s2.0-85077001426
4,Cristiano L.,Comparison of Pallid Swift Apus pallidus diet across 20 years reveals the recent appearance of an invasive insect pest,2018,Avocetta,,https://www.scopus.com/inward/record.uri?partnerID=HzOxMe3b&scp=85061081072&origin=inward,https://www.scopus.com/inward/citedby.uri?partnerID=HzOxMe3b&scp=85061081072&origin=inward,,2026-04-12 18:58:39,Article,,04044266,https://api.elsevier.com/content/abstract/scopus_id/85061081072,42,1,,,,0.57,4.0,1,7,,,,85061081072,2-s2.0-85061081072
12,Castillo M.M.,Richness and diversity of aquatic insects in the Usumacinta River basin in Mexico,2018,Revista Mexicana De Biodiversidad,,https://www.scopus.com/inward/record.uri?partnerID=HzOxMe3b&scp=85058275348&origin=inward,https://www.scopus.com/inward/citedby.uri?partnerID=HzOxMe3b&scp=85058275348&origin=inward,,2026-04-12 18:58:39,Article,10.22201/ib.20078706e.2018.4.2177,18703453,https://api.elsevier.com/content/abstract/scopus_id/85058275348,89,,,,,1.71,12.0,1,7,,,,85058275348,2-s2.0-85058275348
2,Tsukiyama Y.,Potent effect of prasugrel on acute phase resolution of intra-stent athero-thrombotic burden after percutaneous intervention to acute coronary syndrome,2018,Journal of Cardiology,,https://www.scopus.com/inward/record.uri?partnerID=HzOxMe3b&scp=85046724053&origin=inward,https://www.scopus.com/inward/citedby.uri?partnerID=HzOxMe3b&scp=85046724053&origin=inward,,2026-04-12 18:58:39,Article,10.1016/j.jjcc.2018.04.004,09145087,https://api.elsevier.com/content/abstract/scopus_id/85046724053,72,5,,,,0.29,2.0,1,7,,,,85046724053,2-s2.0-85046724053
28,Srilopan S.,"The Wrinkle-Lipped Free-Tailed Bat (Chaerephon plicatus Buchannan, 1800) Feeds Mainly on Brown Planthoppers in Rice Fields of Central Thailand",2018,Acta Chiropterologica,,https://www.scopus.com/inward/record.uri?partnerID=HzOxMe3b&scp=85053120874&origin=inward,https://www.scopus.com/inward/citedby.uri?partnerID=HzOxMe3b&scp=85053120874&origin=inward,,2026-04-12 18:58:39,Article,10.3161/15081109ACC2018.20.1.016,15081109,https://api.elsevier.com/content/abstract/scopus_id/85053120874,20,1,,,,4.0,28.0,1,7,,,,85053120874,2-s2.0-85053120874
0,Kuroda K.,Vascular response to biolimus A-9 eluting stent in patients with shorter and prolonged dual antiplatelet therapy: optical coherence tomography sub-study of the NIPPON trial,2018,Heart and Vessels,,https://www.scopus.com/inward/record.uri?partnerID=HzOxMe3b&scp=85042217087&origin=inward,https://www.scopus.com/inward/citedby.uri?partnerID=HzOxMe3b&scp=85042217087&origin=inward,,2026-04-12 18:58:39,Article,10.1007/s00380-018-1131-7,09108327,https://api.elsevier.com/content/abstract/scopus_id/85042217087,33,8,,,,0.0,0.0,1,7,,,,85042217087,2-s2.0-85042217087
10,Jackson M.,Coronary access following TAVI – Selective coronary engagement using balloon-assisted tracking of a guide catheter extension,2018,Cardiovascular Revascularization Medicine,,https://www.scopus.com/inward/record.uri?partnerID=HzOxMe3b&scp=85029532501&origin=inward,https://www.scopus.com/inward/citedby.uri?partnerID=HzOxMe3b&scp=85029532501&origin=inward,,2026-04-12 18:58:39,Article,10.1016/j.carrev.2017.07.015,15538389,https://api.elsevier.com/content/abstract/scopus_id/85029532501,19,3,,,,1.43,10.0,1,7,,,,85029532501,2-s2.0-85029532501
26,Maloney E.M.,Neonicotinoid insecticide mixtures: Evaluation of laboratory-based toxicity predictions under semi-controlled field conditions,2018,Environmental Pollution,,https://www.scopus.com/inward/record.uri?partnerID=HzOxMe3b&scp=85054356357&origin=inward,https://www.scopus.com/inward/citedby.uri?partnerID=HzOxMe3b&scp=85054356357&origin=inward,,2026-04-12 18:58:39,Article,10.1016/j.envpol.2018.09.008,02697491,https://api.elsevier.com/content/abstract/scopus_id/85054356357,243,,,,,3.71,26.0,1,7,,,,85054356357,2-s2.0-85054356357
29,Michelson C.I.,Agricultural land cover does not affect the diet of Tree Swallows in wetland-dominated habitats,2018,Condor,,https://www.scopus.com/inward/record.uri?partnerID=HzOxMe3b&scp=85052640042&origin=inward,https://www.scopus.com/inward/citedby.uri?partnerID=HzOxMe3b&scp=85052640042&origin=inward,,2026-04-12 18:58:39,Article,10.1650/CONDOR-18-16.1,00105422,https://api.elsevier.com/content/abstract/scopus_id/85052640042,120,4,,,,4.14,29.0,1,7,,,,85052640042,2-s2.0-85052640042
141,Li Z.,Multiple large-scale gene and genome duplications during the evolution of hexapods,2018,Proceedings of the National Academy of Sciences of the United States of America,,https://www.scopus.com/inward/record.uri?partnerID=HzOxMe3b&scp=85046284472&origin=inward,https://www.scopus.com/inward/citedby.uri?partnerID=HzOxMe3b&scp=85046284472&origin=inward,,2026-04-12 18:58:39,Article,10.1073/pnas.1710791115,00278424,https://api.elsevier.com/content/abstract/scopus_id/85046284472,115,18,,,,20.14,141.0,1,7,,,,85046284472,2-s2.0-85046284472
16,Chaplygina A.,"Trophic links of the spotted flycatcher, muscicapa striata, in transformed forest ecosystems of north-eastern Ukraine",2018,Baltic Forestry,,https://www.scopus.com/inward/record.uri?partnerID=HzOxMe3b&scp=85068609761&origin=inward,https://www.scopus.com/inward/citedby.uri?partnerID=HzOxMe3b&scp=85068609761&origin=inward,,2026-04-12 18:58:39,Article,,13921355,https://api.elsevier.com/content/abstract/scopus_id/85068609761,24,2,,,,2.29,16.0,1,7,,,,85068609761,2-s2.0-85068609761
12,Nascimento A.L.,Assessment of ecological water quality along a rural to urban land use gradient using benthic macroinvertebrate-based indexes,2018,Bioscience Journal,,https://www.scopus.com/inward/record.uri?partnerID=HzOxMe3b&scp=85038835494&origin=inward,https://www.scopus.com/inward/citedby.uri?partnerID=HzOxMe3b&scp=85038835494&origin=inward,,2026-04-12 18:58:39,Article,10.14393/BJ-v34n1a2018-37842,15163725,https://api.elsevier.com/content/abstract/scopus_id/85038835494,34,1,,,,1.71,12.0,1,7,,,,85038835494,2-s2.0-85038835494
14,Zhang W.,"Identification and genetic analysis of Kadipiro virus isolated in Shandong province, China",2018,Virology Journal,,https://www.scopus.com/inward/record.uri?partnerID=HzOxMe3b&scp=85044984774&origin=inward,https://www.scopus.com/inward/citedby.uri?partnerID=HzOxMe3b&scp=85044984774&origin=inward,,2026-04-12 18:58:39,Article,10.1186/s12985-018-0966-y,,https://api.elsevier.com/content/abstract/scopus_id/85044984774,15,1,,,,2.0,14.0,1,7,,,,85044984774,2-s2.0-85044984774
1,Da Silva T.L.,"Observations on parental care of the masked water-tyrant (fluvicola nengeta) in rio de janeiro, Brazil",2018,Ornitologia Neotropical,,https://www.scopus.com/inward/record.uri?partnerID=HzOxMe3b&scp=85062868218&origin=inward,https://www.scopus.com/inward/citedby.uri?partnerID=HzOxMe3b&scp=85062868218&origin=inward,,2026-04-12 18:58:39,Article,,10754377,https://api.elsevier.com/content/abstract/scopus_id/85062868218,29,,,,,0.14,1.0,1,7,,,,85062868218,2-s2.0-85062868218
11,Ramírez Y.P.,"Cattle raising influence over the aquatic macroinvertebrates in microbasins of central Andes, Colombia",2018,Revista De Biologia Tropical,,https://www.scopus.com/inward/record.uri?partnerID=HzOxMe3b&scp=85053928505&origin=inward,https://www.scopus.com/inward/citedby.uri?partnerID=HzOxMe3b&scp=85053928505&origin=inward,,2026-04-12 18:58:39,Article,10.15517/rbt.v66i3.30316,00347744,https://api.elsevier.com/content/abstract/scopus_id/85053928505,66,3,,,,1.57,11.0,1,7,,,,85053928505,2-s2.0-85053928505
16,Azmi W.A.,Monitoring of water quality using aquatic insects as biological indicators in three streams of Terengganu,2018,Journal of Sustainability Science and Management,,https://www.scopus.com/inward/record.uri?partnerID=HzOxMe3b&scp=85052295830&origin=inward,https://www.scopus.com/inward/citedby.uri?partnerID=HzOxMe3b&scp=85052295830&origin=inward,,2026-04-12 18:58:39,Article,,18238556,https://api.elsevier.com/content/abstract/scopus_id/85052295830,13,1,,,,2.29,16.0,1,7,,,,85052295830,2-s2.0-85052295830
4,Vasu N.,Zero contrast optical coherence tomography–guided percutaneous coronary intervention for in-stent restenosis of the saphenous vein graft using a non-contrast flush medium,2018,Indian Heart Journal,,https://www.scopus.com/inward/record.uri?partnerID=HzOxMe3b&scp=85057414096&origin=inward,https://www.scopus.com/inward/citedby.uri?partnerID=HzOxMe3b&scp=85057414096&origin=inward,,2026-04-12 18:58:39,Article,10.1016/j.ihj.2018.11.001,00194832,https://api.elsevier.com/content/abstract/scopus_id/85057414096,70,,,,,0.57,4.0,1,7,,,,85057414096,2-s2.0-85057414096
5,Liang M.,Three-year follow-up optical coherence tomography of under-expanded drug-eluting stent in-stent restenosis treated with ABSORB bioresorbable vascular scaffold following ultra-high pressure pre-dilatation,2018,Journal of Cardiology Cases,,https://www.scopus.com/inward/record.uri?partnerID=HzOxMe3b&scp=85033369213&origin=inward,https://www.scopus.com/inward/citedby.uri?partnerID=HzOxMe3b&scp=85033369213&origin=inward,,2026-04-12 18:58:39,Article,10.1016/j.jccase.2017.08.015,,https://api.elsevier.com/content/abstract/scopus_id/85033369213,17,1,,,,0.71,5.0,1,7,,,,85033369213,2-s2.0-85033369213
22,Liu L.,The added mass forces in insect flapping wings,2018,Journal of Theoretical Biology,,https://www.scopus.com/inward/record.uri?partnerID=HzOxMe3b&scp=85032857724&origin=inward,https://www.scopus.com/inward/citedby.uri?partnerID=HzOxMe3b&scp=85032857724&origin=inward,,2026-04-12 18:58:39,Article,10.1016/j.jtbi.2017.10.014,00225193,https://api.elsevier.com/content/abstract/scopus_id/85032857724,437,,,,,3.14,22.0,1,7,,,,85032857724,2-s2.0-85032857724
60,Yeo D.,Towards holomorphology in entomology: rapid and cost-effective adult–larva matching using NGS barcodes,2018,Systematic Entomology,,https://www.scopus.com/inward/record.uri?partnerID=HzOxMe3b&scp=85044728448&origin=inward,https://www.scopus.com/inward/citedby.uri?partnerID=HzOxMe3b&scp=85044728448&origin=inward,,2026-04-12 18:58:39,Article,10.1111/syen.12296,03076970,https://api.elsevier.com/content/abstract/scopus_id/85044728448,43,4,,,,8.57,60.0,1,7,,,,85044728448,2-s2.0-85044728448
0,De Maria G.L.,Transverse partial stent ablation with rotational atherectomy for suboptimal culotte technique in left main stem bifurcation,2018,Catheterization and Cardiovascular Interventions,,https://www.scopus.com/inward/record.uri?partnerID=HzOxMe3b&scp=85046539368&origin=inward,https://www.scopus.com/inward/citedby.uri?partnerID=HzOxMe3b&scp=85046539368&origin=inward,,2026-04-12 18:58:39,Article,10.1002/ccd.27404,15221946,https://api.elsevier.com/content/abstract/scopus_id/85046539368,91,6,,,,0.0,0.0,1,7,,,,85046539368,2-s2.0-85046539368
29,Sánchez-Montoya M.M.,"Understanding the effects of predictability, duration, and spatial pattern of drying on benthic invertebrate assemblages in two contrasting intermittent streams",2018,Plos One,,https://www.scopus.com/inward/record.uri?partnerID=HzOxMe3b&scp=85044846246&origin=inward,https://www.scopus.com/inward/citedby.uri?partnerID=HzOxMe3b&scp=85044846246&origin=inward,,2026-04-12 18:58:39,Article,10.1371/journal.pone.0193933,,https://api.elsevier.com/content/abstract/scopus_id/85044846246,13,3,,,,4.14,29.0,1,7,,,,85044846246,2-s2.0-85044846246
54,Jaleel W.,"Biology, taxonomy, and IPM strategies of Bactrocera tau Walker and complex species (Diptera; Tephritidae) in Asia: a comprehensive review",2018,Environmental Science and Pollution Research,,https://www.scopus.com/inward/record.uri?partnerID=HzOxMe3b&scp=85047933704&origin=inward,https://www.scopus.com/inward/citedby.uri?partnerID=HzOxMe3b&scp=85047933704&origin=inward,,2026-04-12 18:58:39,Review,10.1007/s11356-018-2306-6,09441344,https://api.elsevier.com/content/abstract/scopus_id/85047933704,25,20,,,,7.71,54.0,1,7,,,,85047933704,2-s2.0-85047933704
0,Asovsky V.,The study of the vortex trace of unmanned multicopters,2018,Proceedings of SPIE the International Society for Optical Engineering,,https://www.scopus.com/inward/record.uri?partnerID=HzOxMe3b&scp=85056456752&origin=inward,https://www.scopus.com/inward/citedby.uri?partnerID=HzOxMe3b&scp=85056456752&origin=inward,,2026-04-12 18:58:39,Conference Paper,10.1117/12.2501674,0277786X,https://api.elsevier.com/content/abstract/scopus_id/85056456752,10783,,,,,0.0,0.0,1,7,,,,85056456752,2-s2.0-85056456752
0,Kiauta B.,Some personal recollections of the late Professor Dr Eberhard G. Schmidt (1935-2018),2018,Odonatologica,,https://www.scopus.com/inward/record.uri?partnerID=HzOxMe3b&scp=85058120254&origin=inward,https://www.scopus.com/inward/citedby.uri?partnerID=HzOxMe3b&scp=85058120254&origin=inward,,2026-04-12 18:58:39,Article,10.5281/zenodo.1481090,03750183,https://api.elsevier.com/content/abstract/scopus_id/85058120254,47,3-4,,,,0.0,0.0,1,7,,,,85058120254,2-s2.0-85058120254
44,Dérimay F.,"Benefit of a new provisional stenting strategy, the re-proximal optimisation technique: the rePOT clinical study",2018,Eurointervention,,https://www.scopus.com/inward/record.uri?partnerID=HzOxMe3b&scp=85049129542&origin=inward,https://www.scopus.com/inward/citedby.uri?partnerID=HzOxMe3b&scp=85049129542&origin=inward,,2026-04-12 18:58:39,Article,10.4244/EIJ-D-17-00941,1774024X,https://api.elsevier.com/content/abstract/scopus_id/85049129542,14,3,,,,6.29,44.0,1,7,,,,85049129542,2-s2.0-85049129542
44,Dérimay F.,"Benefit of a new provisional stenting strategy, the re-proximal optimisation technique: the rePOT clinical study",2018,Eurointervention,,https://www.scopus.com/inward/record.uri?partnerID=HzOxMe3b&scp=85049129542&origin=inward,https://www.scopus.com/inward/citedby.uri?partnerID=HzOxMe3b&scp=85049129542&origin=inward,,2026-04-12 18:58:39,Article,10.4244/EIJ-D-17-00941,1774024X,https://api.elsevier.com/content/abstract/scopus_id/85049129542,14,3,,,,6.29,44.0,1,7,,,,85049129542,2-s2.0-85049129542
46,Eurich J.G.,Habitat selection and aggression as determinants of fine-scale partitioning of coral reef zones in a guild of territorial damselfishes,2018,Marine Ecology Progress Series,,https://www.scopus.com/inward/record.uri?partnerID=HzOxMe3b&scp=85041129396&origin=inward,https://www.scopus.com/inward/citedby.uri?partnerID=HzOxMe3b&scp=85041129396&origin=inward,,2026-04-12 18:58:39,Article,10.3354/meps12458,01718630,https://api.elsevier.com/content/abstract/scopus_id/85041129396,587,,,,,6.57,46.0,1,7,,,,85041129396,2-s2.0-85041129396
20,Bamberger C.,Deducing the presence of proteins and proteoforms in quantitative proteomics,2018,Nature Communications,,https://www.scopus.com/inward/record.uri?partnerID=HzOxMe3b&scp=85048479498&origin=inward,https://www.scopus.com/inward/citedby.uri?partnerID=HzOxMe3b&scp=85048479498&origin=inward,,2026-04-12 18:58:39,Article,10.1038/s41467-018-04411-5,,https://api.elsevier.com/content/abstract/scopus_id/85048479498,9,1,,,,2.86,20.0,1,7,,,,85048479498,2-s2.0-85048479498
36,Chapman T.,Sexual conflict: Mechanisms and emerging themes in resistance biology,2018,American Naturalist,,https://www.scopus.com/inward/record.uri?partnerID=HzOxMe3b&scp=85047324297&origin=inward,https://www.scopus.com/inward/citedby.uri?partnerID=HzOxMe3b&scp=85047324297&origin=inward,,2026-04-12 18:58:39,Article,10.1086/698169,00030147,https://api.elsevier.com/content/abstract/scopus_id/85047324297,192,2,,,,5.14,36.0,1,7,,,,85047324297,2-s2.0-85047324297
14,Adhikari S.,"Farming system and wheat cultivar affect infestation of, and parasitism on, Cephus cinctus in the Northern Great Plains",2018,Pest Management Science,,https://www.scopus.com/inward/record.uri?partnerID=HzOxMe3b&scp=85047658832&origin=inward,https://www.scopus.com/inward/citedby.uri?partnerID=HzOxMe3b&scp=85047658832&origin=inward,,2026-04-12 18:58:39,Article,10.1002/ps.4925,1526498X,https://api.elsevier.com/content/abstract/scopus_id/85047658832,74,11,,,,2.0,14.0,1,7,,,,85047658832,2-s2.0-85047658832
22,Gao P.,Optical coherence tomography of spontaneous basilar artery dissection in a patient with acute ischemic stroke,2018,Frontiers in Neurology,,https://www.scopus.com/inward/record.uri?partnerID=HzOxMe3b&scp=85055199673&origin=inward,https://www.scopus.com/inward/citedby.uri?partnerID=HzOxMe3b&scp=85055199673&origin=inward,,2026-04-12 18:58:39,Article,10.3389/fneur.2018.00858,,https://api.elsevier.com/content/abstract/scopus_id/85055199673,9,OCT,,,,3.14,22.0,1,7,,,,85055199673,2-s2.0-85055199673
6,ElFaramawy A.,Difference in plaque characteristics of coronary culprit lesions in a cohort of Egyptian patients presented with acute coronary syndrome and stable coronary artery disease: An optical coherence tomography study,2018,Egyptian Heart Journal,,https://www.scopus.com/inward/record.uri?partnerID=HzOxMe3b&scp=85039171198&origin=inward,https://www.scopus.com/inward/citedby.uri?partnerID=HzOxMe3b&scp=85039171198&origin=inward,,2026-04-12 18:58:39,Article,10.1016/j.ehj.2017.12.002,11102608,https://api.elsevier.com/content/abstract/scopus_id/85039171198,70,2,,,,0.86,6.0,1,7,,,,85039171198,2-s2.0-85039171198
17,Zhang D.,Correlation of Serum Uric Acid Levels with Nonculprit Plaque Instability in Patients with Acute Coronary Syndromes: A 3-Vessel Optical Coherence Tomography Study,2018,Biomed Research International,,https://www.scopus.com/inward/record.uri?partnerID=HzOxMe3b&scp=85042550566&origin=inward,https://www.scopus.com/inward/citedby.uri?partnerID=HzOxMe3b&scp=85042550566&origin=inward,,2026-04-12 18:58:39,Article,10.1155/2018/7919165,23146133,https://api.elsevier.com/content/abstract/scopus_id/85042550566,2018,,,,,2.43,17.0,1,7,,,,85042550566,2-s2.0-85042550566
4,Kaivosoja T.P.,Comparison of visual assessment and computer image analysis of intracoronary thrombus type by optical coherence tomography,2018,Plos One,,https://www.scopus.com/inward/record.uri?partnerID=HzOxMe3b&scp=85058678527&origin=inward,https://www.scopus.com/inward/citedby.uri?partnerID=HzOxMe3b&scp=85058678527&origin=inward,,2026-04-12 18:58:39,Article,10.1371/journal.pone.0209110,,https://api.elsevier.com/content/abstract/scopus_id/85058678527,13,12,,,,0.57,4.0,1,7,,,,85058678527,2-s2.0-85058678527
18,Halada P.,Effect of trapping method on species identification of phlebotomine sandflies by MALDI-TOF MS protein profiling,2018,Medical and Veterinary Entomology,,https://www.scopus.com/inward/record.uri?partnerID=HzOxMe3b&scp=85047667373&origin=inward,https://www.scopus.com/inward/citedby.uri?partnerID=HzOxMe3b&scp=85047667373&origin=inward,,2026-04-12 18:58:39,Article,10.1111/mve.12305,0269283X,https://api.elsevier.com/content/abstract/scopus_id/85047667373,32,3,,,,2.57,18.0,1,7,,,,85047667373,2-s2.0-85047667373
32,Goorsenberg A.W.M.,Bronchial Thermoplasty-Induced Acute Airway Effects Assessed with Optical Coherence Tomography in Severe Asthma,2018,Respiration,,https://www.scopus.com/inward/record.uri?partnerID=HzOxMe3b&scp=85052694918&origin=inward,https://www.scopus.com/inward/citedby.uri?partnerID=HzOxMe3b&scp=85052694918&origin=inward,,2026-04-12 18:58:39,Article,10.1159/000491676,00257931,https://api.elsevier.com/content/abstract/scopus_id/85052694918,96,6,,,,4.57,32.0,1,7,,,,85052694918,2-s2.0-85052694918
2,Tomaniak M.,A serial three- and nine-year optical coherence tomography evaluation of neoatherosclerosis progression after sirolimus- and paclitaxel- -eluting stent implantation,2018,Kardiologia Polska,,https://www.scopus.com/inward/record.uri?partnerID=HzOxMe3b&scp=85051554170&origin=inward,https://www.scopus.com/inward/citedby.uri?partnerID=HzOxMe3b&scp=85051554170&origin=inward,,2026-04-12 18:58:39,Article,10.5603/KP.a2018.0109,00229032,https://api.elsevier.com/content/abstract/scopus_id/85051554170,76,8,,,,0.29,2.0,1,7,,,,85051554170,2-s2.0-85051554170
6,Delgado-Silva J.,"Intravascular imaging, histopathological analysis, and catecholamine quantification following catheter-based renal denervation in a swine model: the impact of prebifurcation energy delivery",2018,Hypertension Research,,https://www.scopus.com/inward/record.uri?partnerID=HzOxMe3b&scp=85049869997&origin=inward,https://www.scopus.com/inward/citedby.uri?partnerID=HzOxMe3b&scp=85049869997&origin=inward,,2026-04-12 18:58:39,Article,10.1038/s41440-018-0072-y,09169636,https://api.elsevier.com/content/abstract/scopus_id/85049869997,41,9,,,,0.86,6.0,1,7,,,,85049869997,2-s2.0-85049869997
13,Fujimura T.,"Serial changes in the side-branch ostial area after main-vessel stenting with kissing balloon inflation for coronary bifurcation lesions, assessed by 3D optical coherence tomography",2018,European Heart Journal Cardiovascular Imaging,,https://www.scopus.com/inward/record.uri?partnerID=HzOxMe3b&scp=85058845218&origin=inward,https://www.scopus.com/inward/citedby.uri?partnerID=HzOxMe3b&scp=85058845218&origin=inward,,2026-04-12 18:58:39,Article,10.1093/ehjci/jex213,20472404,https://api.elsevier.com/content/abstract/scopus_id/85058845218,19,10,,,,1.86,13.0,1,7,,,,85058845218,2-s2.0-85058845218
5,Lozano F.,Acanthagrion marinae sp. Nov. (zygoptera: Coenagrionidae): A new species of the apicale group,2018,Anais Da Academia Brasileira De Ciencias,,https://www.scopus.com/inward/record.uri?partnerID=HzOxMe3b&scp=85054557104&origin=inward,https://www.scopus.com/inward/citedby.uri?partnerID=HzOxMe3b&scp=85054557104&origin=inward,,2026-04-12 18:58:39,Article,10.1590/0001-3765201820170715,00013765,https://api.elsevier.com/content/abstract/scopus_id/85054557104,90,3,,,,0.71,5.0,1,7,,,,85054557104,2-s2.0-85054557104
30,Dionne A.,"Difference Between Persistent Aneurysm, Regressed Aneurysm, and Coronary Dilation in Kawasaki Disease: An Optical Coherence Tomography Study",2018,Canadian Journal of Cardiology,,https://www.scopus.com/inward/record.uri?partnerID=HzOxMe3b&scp=85051028434&origin=inward,https://www.scopus.com/inward/citedby.uri?partnerID=HzOxMe3b&scp=85051028434&origin=inward,,2026-04-12 18:58:39,Article,10.1016/j.cjca.2018.05.021,0828282X,https://api.elsevier.com/content/abstract/scopus_id/85051028434,34,9,,,,4.29,30.0,1,7,,,,85051028434,2-s2.0-85051028434
65,Marosfoi M.,Acute thrombus formation on phosphorilcholine surface modified flow diverters,2018,Journal of Neurointerventional Surgery,,https://www.scopus.com/inward/record.uri?partnerID=HzOxMe3b&scp=85044818249&origin=inward,https://www.scopus.com/inward/citedby.uri?partnerID=HzOxMe3b&scp=85044818249&origin=inward,,2026-04-12 18:58:39,Article,10.1136/neurintsurg-2017-013175,17598478,https://api.elsevier.com/content/abstract/scopus_id/85044818249,10,4,,,,9.29,65.0,1,7,,,,85044818249,2-s2.0-85044818249
90,Kumar S.,Rapid composting techniques in Indian context and utilization of black soldier fly for enhanced decomposition of biodegradable wastes - A comprehensive review,2018,Journal of Environmental Management,,https://www.scopus.com/inward/record.uri?partnerID=HzOxMe3b&scp=85053156266&origin=inward,https://www.scopus.com/inward/citedby.uri?partnerID=HzOxMe3b&scp=85053156266&origin=inward,,2026-04-12 18:58:39,Review,10.1016/j.jenvman.2018.08.096,03014797,https://api.elsevier.com/content/abstract/scopus_id/85053156266,227,,,,,12.86,90.0,1,7,,,,85053156266,2-s2.0-85053156266
14,Kume T.,Neointimal coverage of jailed side branches in coronary bifurcation lesions: An optical coherence tomography analysis,2018,Coronary Artery Disease,,https://www.scopus.com/inward/record.uri?partnerID=HzOxMe3b&scp=85045119619&origin=inward,https://www.scopus.com/inward/citedby.uri?partnerID=HzOxMe3b&scp=85045119619&origin=inward,,2026-04-12 18:58:39,Article,10.1097/MCA.0000000000000563,09546928,https://api.elsevier.com/content/abstract/scopus_id/85045119619,29,2,,,,2.0,14.0,1,7,,,,85045119619,2-s2.0-85045119619
0,Tahara N.,Impact of cytochrome P450 2C19 reduced-function polymorphism on lesions and clinical outcome in japanese patients after drug-eluting stent implantation,2018,Kobe Journal of Medical Sciences,,https://www.scopus.com/inward/record.uri?partnerID=HzOxMe3b&scp=85053905687&origin=inward,https://www.scopus.com/inward/citedby.uri?partnerID=HzOxMe3b&scp=85053905687&origin=inward,,2026-04-12 18:58:39,Article,,00232513,https://api.elsevier.com/content/abstract/scopus_id/85053905687,64,2,,,,0.0,0.0,1,7,,,,85053905687,2-s2.0-85053905687
17,Liu H.,"The photokinesis of oriental fruit flies, Bactrocera dorsalis, to LED lights of various wavelengths",2018,Entomologia Experimentalis Et Applicata,,https://www.scopus.com/inward/record.uri?partnerID=HzOxMe3b&scp=85043363186&origin=inward,https://www.scopus.com/inward/citedby.uri?partnerID=HzOxMe3b&scp=85043363186&origin=inward,,2026-04-12 18:58:39,Article,10.1111/eea.12648,00138703,https://api.elsevier.com/content/abstract/scopus_id/85043363186,166,2,,,,2.43,17.0,1,7,,,,85043363186,2-s2.0-85043363186
19,Kitano D.,Angioscopic differences of coronary intima between diffuse and focal coronary vasospasm: Comparison of optical coherence tomography findings,2018,Journal of Cardiology,,https://www.scopus.com/inward/record.uri?partnerID=HzOxMe3b&scp=85048269445&origin=inward,https://www.scopus.com/inward/citedby.uri?partnerID=HzOxMe3b&scp=85048269445&origin=inward,,2026-04-12 18:58:39,Article,10.1016/j.jjcc.2018.04.013,09145087,https://api.elsevier.com/content/abstract/scopus_id/85048269445,72,3,,,,2.71,19.0,1,7,,,,85048269445,2-s2.0-85048269445
46,King R.M.,Communicating malapposition of flow diverters assessed with optical coherence tomography correlates with delayed aneurysm occlusion,2018,Journal of Neurointerventional Surgery,,https://www.scopus.com/inward/record.uri?partnerID=HzOxMe3b&scp=85053762727&origin=inward,https://www.scopus.com/inward/citedby.uri?partnerID=HzOxMe3b&scp=85053762727&origin=inward,,2026-04-12 18:58:39,Article,10.1136/neurintsurg-2017-013502,17598478,https://api.elsevier.com/content/abstract/scopus_id/85053762727,10,7,,,,6.57,46.0,1,7,,,,85053762727,2-s2.0-85053762727
155,Dai J.,"In vivo predictors of plaque erosion in patients with ST-segment elevation myocardial infarction: A clinical, angiographical, and intravascular optical coherence tomography study",2018,European Heart Journal,,https://www.scopus.com/inward/record.uri?partnerID=HzOxMe3b&scp=85048693299&origin=inward,https://www.scopus.com/inward/citedby.uri?partnerID=HzOxMe3b&scp=85048693299&origin=inward,,2026-04-12 18:58:39,Article,10.1093/eurheartj/ehy101,0195668X,https://api.elsevier.com/content/abstract/scopus_id/85048693299,39,22,,,,22.14,155.0,1,7,,,,85048693299,2-s2.0-85048693299
2,Li Y.,"Notes on the genus conocephalus thunberg, 1815 (Orthoptera: Tettigoniidae: Conocephalinae) in Southwest China with description of one new species",2018,Zootaxa,,https://www.scopus.com/inward/record.uri?partnerID=HzOxMe3b&scp=85048972115&origin=inward,https://www.scopus.com/inward/citedby.uri?partnerID=HzOxMe3b&scp=85048972115&origin=inward,,2026-04-12 18:58:39,Article,10.11646/zootaxa.4438.1.7,11755326,https://api.elsevier.com/content/abstract/scopus_id/85048972115,4438,1,,,,0.29,2.0,1,7,,,,85048972115,2-s2.0-85048972115
8,Hamshere S.,An observational study of clinical outcomes of everolimus-eluting bioresorbable scaffolds comparing the procedural use of optical coherence tomography against angiography alone,2018,Coronary Artery Disease,,https://www.scopus.com/inward/record.uri?partnerID=HzOxMe3b&scp=85051252992&origin=inward,https://www.scopus.com/inward/citedby.uri?partnerID=HzOxMe3b&scp=85051252992&origin=inward,,2026-04-12 18:58:39,Article,10.1097/MCA.0000000000000626,09546928,https://api.elsevier.com/content/abstract/scopus_id/85051252992,29,6,,,,1.14,8.0,1,7,,,,85051252992,2-s2.0-85051252992
121,Shimokado A.,In vivo optical coherence tomography imaging and histopathology of healed coronary plaques,2018,Atherosclerosis,,https://www.scopus.com/inward/record.uri?partnerID=HzOxMe3b&scp=85047600112&origin=inward,https://www.scopus.com/inward/citedby.uri?partnerID=HzOxMe3b&scp=85047600112&origin=inward,,2026-04-12 18:58:39,Article,10.1016/j.atherosclerosis.2018.05.025,00219150,https://api.elsevier.com/content/abstract/scopus_id/85047600112,275,,,,,17.29,121.0,1,7,,,,85047600112,2-s2.0-85047600112
34,Godoy-Diana R.,On the diverse roles of fluid dynamic drag in animal swimming and flying,2018,Journal of the Royal Society Interface,,https://www.scopus.com/inward/record.uri?partnerID=HzOxMe3b&scp=85048573475&origin=inward,https://www.scopus.com/inward/citedby.uri?partnerID=HzOxMe3b&scp=85048573475&origin=inward,,2026-04-12 18:58:39,Article,10.1098/rsif.2017.0715,17425689,https://api.elsevier.com/content/abstract/scopus_id/85048573475,15,139,,,,4.86,34.0,1,7,,,,85048573475,2-s2.0-85048573475
19,Habara M.,In vivo tissue characterization of human atherosclerotic plaques by optical coherence tomography: A directional coronary atherectomy study with histopathologic confirmation,2018,International Journal of Cardiology,,https://www.scopus.com/inward/record.uri?partnerID=HzOxMe3b&scp=85047268162&origin=inward,https://www.scopus.com/inward/citedby.uri?partnerID=HzOxMe3b&scp=85047268162&origin=inward,,2026-04-12 18:58:39,Article,10.1016/j.ijcard.2018.05.022,01675273,https://api.elsevier.com/content/abstract/scopus_id/85047268162,268,,,,,2.71,19.0,1,7,,,,85047268162,2-s2.0-85047268162
7,de Schellenberger A.A.,Macrophage uptake switches on OCT contrast of superparamagnetic nanoparticles for imaging of atherosclerotic plaques,2018,International Journal of Nanomedicine,,https://www.scopus.com/inward/record.uri?partnerID=HzOxMe3b&scp=85058605822&origin=inward,https://www.scopus.com/inward/citedby.uri?partnerID=HzOxMe3b&scp=85058605822&origin=inward,,2026-04-12 18:58:39,Article,10.2147/IJN.S179920,11769114,https://api.elsevier.com/content/abstract/scopus_id/85058605822,13,,,,,1.0,7.0,1,7,,,,85058605822,2-s2.0-85058605822
14,Fujino Y.,Association of skin autofluorescence with plaque vulnerability evaluated by optical coherence tomography in patients with cardiovascular disease,2018,Atherosclerosis,,https://www.scopus.com/inward/record.uri?partnerID=HzOxMe3b&scp=85046649550&origin=inward,https://www.scopus.com/inward/citedby.uri?partnerID=HzOxMe3b&scp=85046649550&origin=inward,,2026-04-12 18:58:39,Article,10.1016/j.atherosclerosis.2018.03.001,00219150,https://api.elsevier.com/content/abstract/scopus_id/85046649550,274,,,,,2.0,14.0,1,7,,,,85046649550,2-s2.0-85046649550
42,Liddy W.,Anterior laryngeal electrodes for recurrent laryngeal nerve monitoring during thyroid and parathyroid surgery: New expanded options for neural monitoring,2018,Laryngoscope,,https://www.scopus.com/inward/record.uri?partnerID=HzOxMe3b&scp=85056349970&origin=inward,https://www.scopus.com/inward/citedby.uri?partnerID=HzOxMe3b&scp=85056349970&origin=inward,,2026-04-12 18:58:39,Review,10.1002/lary.27362,0023852X,https://api.elsevier.com/content/abstract/scopus_id/85056349970,128,12,,,,6.0,42.0,1,7,,,,85056349970,2-s2.0-85056349970
28,Yuan F.,Ossabaw pigs with a pcsk9 gain-of-function mutation develop accelerated coronary atherosclerotic lesions: A novel model for preclinical studies,2018,Journal of the American Heart Association,,https://www.scopus.com/inward/record.uri?partnerID=HzOxMe3b&scp=85058144167&origin=inward,https://www.scopus.com/inward/citedby.uri?partnerID=HzOxMe3b&scp=85058144167&origin=inward,,2026-04-12 18:58:39,Article,10.1161/JAHA.117.006207,,https://api.elsevier.com/content/abstract/scopus_id/85058144167,7,6,,,,4.0,28.0,1,7,,,,85058144167,2-s2.0-85058144167
33,Gili S.,Effects of statins on plaque rupture assessed by optical coherence tomography in patients presenting with acute coronary syndromes: Insights from the optical coherence tomography (OCT)-FORMIDABLE registry,2018,European Heart Journal Cardiovascular Imaging,,https://www.scopus.com/inward/record.uri?partnerID=HzOxMe3b&scp=85036496254&origin=inward,https://www.scopus.com/inward/citedby.uri?partnerID=HzOxMe3b&scp=85036496254&origin=inward,,2026-04-12 18:58:39,Article,10.1093/ehjci/jex102,20472404,https://api.elsevier.com/content/abstract/scopus_id/85036496254,19,5,,,,4.71,33.0,1,7,,,,85036496254,2-s2.0-85036496254
33,Gomez-Lara J.,Long-Term Coronary Functional Assessment of the Infarct-Related Artery Treated With Everolimus-Eluting Bioresorbable Scaffolds or Everolimus-Eluting Metallic Stents: Insights of the TROFI II Trial,2018,Jacc Cardiovascular Interventions,,https://www.scopus.com/inward/record.uri?partnerID=HzOxMe3b&scp=85047085034&origin=inward,https://www.scopus.com/inward/citedby.uri?partnerID=HzOxMe3b&scp=85047085034&origin=inward,,2026-04-12 18:58:39,Article,10.1016/j.jcin.2018.04.026,19368798,https://api.elsevier.com/content/abstract/scopus_id/85047085034,11,16,,,,4.71,33.0,1,7,,,,85047085034,2-s2.0-85047085034
8,Konishi A.,"Favorable early vessel healing after everolimus-eluting stent implantation: 3-, 6-, and 12-month follow-up of optical coherence tomography",2018,Journal of Cardiology,,https://www.scopus.com/inward/record.uri?partnerID=HzOxMe3b&scp=85049328957&origin=inward,https://www.scopus.com/inward/citedby.uri?partnerID=HzOxMe3b&scp=85049328957&origin=inward,,2026-04-12 18:58:39,Article,10.1016/j.jjcc.2018.04.005,09145087,https://api.elsevier.com/content/abstract/scopus_id/85049328957,72,3,,,,1.14,8.0,1,7,,,,85049328957,2-s2.0-85049328957
9,Farooqi M.K.,"Review of genus Conocephalus Thunberg, 1815 (Orthoptera: Tettigoniidae: Conocephalinae) with one new species from India",2018,Zootaxa,,https://www.scopus.com/inward/record.uri?partnerID=HzOxMe3b&scp=85054898570&origin=inward,https://www.scopus.com/inward/citedby.uri?partnerID=HzOxMe3b&scp=85054898570&origin=inward,,2026-04-12 18:58:39,Article,10.11646/zootaxa.4464.3.4,,https://api.elsevier.com/content/abstract/scopus_id/85054898570,4461,3,,,,1.29,9.0,1,7,,,,85054898570,2-s2.0-85054898570
39,Yamamoto H.,Impact of CD14++CD16+ monocytes on coronary plaque vulnerability assessed by optical coherence tomography in coronary artery disease patients,2018,Atherosclerosis,,https://www.scopus.com/inward/record.uri?partnerID=HzOxMe3b&scp=85042945839&origin=inward,https://www.scopus.com/inward/citedby.uri?partnerID=HzOxMe3b&scp=85042945839&origin=inward,,2026-04-12 18:58:39,Article,10.1016/j.atherosclerosis.2018.01.010,00219150,https://api.elsevier.com/content/abstract/scopus_id/85042945839,269,,,,,5.57,39.0,1,7,,,,85042945839,2-s2.0-85042945839
7,Choi W.,Long-term darapladib use does not affect coronary plaque composition assessed using multimodality intravascular imaging modalities: A randomized-controlled study,2018,Coronary Artery Disease,,https://www.scopus.com/inward/record.uri?partnerID=HzOxMe3b&scp=85045082493&origin=inward,https://www.scopus.com/inward/citedby.uri?partnerID=HzOxMe3b&scp=85045082493&origin=inward,,2026-04-12 18:58:39,Article,10.1097/MCA.0000000000000573,09546928,https://api.elsevier.com/content/abstract/scopus_id/85045082493,29,2,,,,1.0,7.0,1,7,,,,85045082493,2-s2.0-85045082493
3,Bowman R.M.,Phenotypic plasticity in a population of odonates,2018,Scientific Reports,,https://www.scopus.com/inward/record.uri?partnerID=HzOxMe3b&scp=85048006506&origin=inward,https://www.scopus.com/inward/citedby.uri?partnerID=HzOxMe3b&scp=85048006506&origin=inward,,2026-04-12 18:58:39,Article,10.1038/s41598-018-26301-y,,https://api.elsevier.com/content/abstract/scopus_id/85048006506,8,1,,,,0.43,3.0,1,7,,,,85048006506,2-s2.0-85048006506
23,Yin C.,Phytotoxic and antifungal metabolites from curvularia crepinii QTYC-1 isolated from the gut of pantala flavescens,2018,Molecules,,https://www.scopus.com/inward/record.uri?partnerID=HzOxMe3b&scp=85045612132&origin=inward,https://www.scopus.com/inward/citedby.uri?partnerID=HzOxMe3b&scp=85045612132&origin=inward,,2026-04-12 18:58:39,Article,10.3390/molecules23040951,,https://api.elsevier.com/content/abstract/scopus_id/85045612132,23,4,,,,3.29,23.0,1,7,,,,85045612132,2-s2.0-85045612132
32,Skalski J.R.,A statistical test and sample size recommendations for comparing community composition following PCA,2018,Plos One,,https://www.scopus.com/inward/record.uri?partnerID=HzOxMe3b&scp=85055429587&origin=inward,https://www.scopus.com/inward/citedby.uri?partnerID=HzOxMe3b&scp=85055429587&origin=inward,,2026-04-12 18:58:39,Article,10.1371/journal.pone.0206033,,https://api.elsevier.com/content/abstract/scopus_id/85055429587,13,10,,,,4.57,32.0,1,7,,,,85055429587,2-s2.0-85055429587
136,Briddon R.W.,Alphasatellitidae: a new family with two subfamilies for the classification of geminivirus- and nanovirus-associated alphasatellites,2018,Archives of Virology,,https://www.scopus.com/inward/record.uri?partnerID=HzOxMe3b&scp=85045311050&origin=inward,https://www.scopus.com/inward/citedby.uri?partnerID=HzOxMe3b&scp=85045311050&origin=inward,,2026-04-12 18:58:39,Article,10.1007/s00705-018-3854-2,03048608,https://api.elsevier.com/content/abstract/scopus_id/85045311050,163,9,,,,19.43,136.0,1,7,,,,85045311050,2-s2.0-85045311050
73,Berger E.,Towards stressor-specific macroinvertebrate indices: Which traits and taxonomic groups are associated with vulnerable and tolerant taxa?,2018,Science of the Total Environment,,https://www.scopus.com/inward/record.uri?partnerID=HzOxMe3b&scp=85033563881&origin=inward,https://www.scopus.com/inward/citedby.uri?partnerID=HzOxMe3b&scp=85033563881&origin=inward,,2026-04-12 18:58:39,Article,10.1016/j.scitotenv.2017.11.022,00489697,https://api.elsevier.com/content/abstract/scopus_id/85033563881,619-620,,,,,10.43,73.0,1,7,,,,85033563881,2-s2.0-85033563881
65,Sharma A.,Multidimensional relationships of herbicides with insect-crop food webs,2018,Science of the Total Environment,,https://www.scopus.com/inward/record.uri?partnerID=HzOxMe3b&scp=85049349626&origin=inward,https://www.scopus.com/inward/citedby.uri?partnerID=HzOxMe3b&scp=85049349626&origin=inward,,2026-04-12 18:58:39,Review,10.1016/j.scitotenv.2018.06.312,00489697,https://api.elsevier.com/content/abstract/scopus_id/85049349626,643,,,,,9.29,65.0,1,7,,,,85049349626,2-s2.0-85049349626
