Cites,Authors,Title,Year,Source,Publisher,ArticleURL,CitesURL,GSRank,QueryDate,Type,DOI,ISSN,CitationURL,Volume,Issue,StartPage,EndPage,ECC,CitesPerYear,CitesPerAuthor,AuthorCount,Age,Abstract,FullTextURL,RelatedURL,ScopusID,EID
3,Johnston P.R.,"Identification of viruses associated with larvae of the dragonfly leucorrhinia dubia, and damselfly coenagrion puella from RNA sequencing data",2015,International Journal of Odonatology,,https://www.scopus.com/inward/record.uri?partnerID=HzOxMe3b&scp=84946172864&origin=inward,https://www.scopus.com/inward/citedby.uri?partnerID=HzOxMe3b&scp=84946172864&origin=inward,,2026-04-12 18:56:48,Article,10.1080/13887890.2015.1018345,13887890,https://api.elsevier.com/content/abstract/scopus_id/84946172864,18,1,,,,0.3,3.0,1,10,,,,84946172864,2-s2.0-84946172864
3,Zhu G.,"Ecology and conservation of Pseudolestes mirabilis (Odonata: Zygoptera), a damselfly endemic to Hainan Island of China",2015,Entomological Science,,https://www.scopus.com/inward/record.uri?partnerID=HzOxMe3b&scp=84920591305&origin=inward,https://www.scopus.com/inward/citedby.uri?partnerID=HzOxMe3b&scp=84920591305&origin=inward,,2026-04-12 18:56:48,Article,10.1111/ens.12091,13438786,https://api.elsevier.com/content/abstract/scopus_id/84920591305,18,1,,,,0.3,3.0,1,10,,,,84920591305,2-s2.0-84920591305
12,Pfitzner W.P.,The role of mosquitoes in the diet of adult dragon and damselflies (Odonata),2015,Journal of the American Mosquito Control Association,,https://www.scopus.com/inward/record.uri?partnerID=HzOxMe3b&scp=84937211859&origin=inward,https://www.scopus.com/inward/citedby.uri?partnerID=HzOxMe3b&scp=84937211859&origin=inward,,2026-04-12 18:56:48,Article,10.2987/14-6476R,8756971X,https://api.elsevier.com/content/abstract/scopus_id/84937211859,31,2,,,,1.2,12.0,1,10,,,,84937211859,2-s2.0-84937211859
10,Ball-Damerow J.E.,California dragonfly and damselfly (Odonata) database: Temporal and spatial distribution of species records collected over the past century,2015,Zookeys,,https://www.scopus.com/inward/record.uri?partnerID=HzOxMe3b&scp=84923067793&origin=inward,https://www.scopus.com/inward/citedby.uri?partnerID=HzOxMe3b&scp=84923067793&origin=inward,,2026-04-12 18:56:48,Article,10.3897/zookeys.482.8453,13132989,https://api.elsevier.com/content/abstract/scopus_id/84923067793,482,,,,,1.0,10.0,1,10,,,,84923067793,2-s2.0-84923067793
27,Garrouste R.,New Eocene damselflies and first Cenozoic damsel-dragonfly of the isophlebiopteran lineage (Insecta: Odonata),2015,Zootaxa,,https://www.scopus.com/inward/record.uri?partnerID=HzOxMe3b&scp=84943787918&origin=inward,https://www.scopus.com/inward/citedby.uri?partnerID=HzOxMe3b&scp=84943787918&origin=inward,,2026-04-12 18:56:48,Article,10.11646/zootaxa.4028.3.2,11755326,https://api.elsevier.com/content/abstract/scopus_id/84943787918,4028,3,,,,2.7,27.0,1,10,,,,84943787918,2-s2.0-84943787918
2,Watanabe M.,"Larval community dynamics in an artificial habitat created for conservation of a local population of the endangered brackish water damselfly, Mortonagrion hirosei (Odonata: Coenagrionidae)",2015,Odonatologica,,https://www.scopus.com/inward/record.uri?partnerID=HzOxMe3b&scp=84930469576&origin=inward,https://www.scopus.com/inward/citedby.uri?partnerID=HzOxMe3b&scp=84930469576&origin=inward,,2026-04-12 18:56:48,Article,,03750183,https://api.elsevier.com/content/abstract/scopus_id/84930469576,44,1-2,,,,0.2,2.0,1,10,,,,84930469576,2-s2.0-84930469576
69,Dayaram A.,"Identification of diverse circular single-stranded DNA viruses in adult dragonflies and damselflies (Insecta: Odonata) of Arizona and Oklahoma, USA",2015,Infection Genetics and Evolution,,https://www.scopus.com/inward/record.uri?partnerID=HzOxMe3b&scp=84921276161&origin=inward,https://www.scopus.com/inward/citedby.uri?partnerID=HzOxMe3b&scp=84921276161&origin=inward,,2026-04-12 18:56:48,Article,10.1016/j.meegid.2014.12.037,15671348,https://api.elsevier.com/content/abstract/scopus_id/84921276161,30,,,,,6.9,69.0,1,10,,,,84921276161,2-s2.0-84921276161
19,Piersanti S.,"A method for rearing a large number of damselflies (Ischnura elegans, Coenagrionide) in the laboratory",2015,International Journal of Odonatology,,https://www.scopus.com/inward/record.uri?partnerID=HzOxMe3b&scp=84934756453&origin=inward,https://www.scopus.com/inward/citedby.uri?partnerID=HzOxMe3b&scp=84934756453&origin=inward,,2026-04-12 18:56:48,Article,10.1080/13887890.2015.1015179,13887890,https://api.elsevier.com/content/abstract/scopus_id/84934756453,18,2,,,,1.9,19.0,1,10,,,,84934756453,2-s2.0-84934756453
46,Dijkstra K.,Sixty new dragonfly and damselfly species from Africa (Odonata),2015,Odonatologica,,https://www.scopus.com/inward/record.uri?partnerID=HzOxMe3b&scp=85032070756&origin=inward,https://www.scopus.com/inward/citedby.uri?partnerID=HzOxMe3b&scp=85032070756&origin=inward,,2026-04-12 18:56:48,Article,,03750183,https://api.elsevier.com/content/abstract/scopus_id/85032070756,44,4,,,,4.6,46.0,1,10,,,,85032070756,2-s2.0-85032070756
23,Nixon M.R.,Wrinkles enhance the diffuse reflection from the dragonfly Rhyothemis resplendens,2015,Journal of the Royal Society Interface,,https://www.scopus.com/inward/record.uri?partnerID=HzOxMe3b&scp=85003272522&origin=inward,https://www.scopus.com/inward/citedby.uri?partnerID=HzOxMe3b&scp=85003272522&origin=inward,,2026-04-12 18:56:48,Article,10.1098/rsif.2014.0749,17425689,https://api.elsevier.com/content/abstract/scopus_id/85003272522,12,103,,,,2.3,23.0,1,10,,,,85003272522,2-s2.0-85003272522
28,Tichanek F.,Conservation value of post-mining headwaters: drainage channels at a lignite spoil heap harbour threatened stream dragonflies,2015,Journal of Insect Conservation,,https://www.scopus.com/inward/record.uri?partnerID=HzOxMe3b&scp=84946489166&origin=inward,https://www.scopus.com/inward/citedby.uri?partnerID=HzOxMe3b&scp=84946489166&origin=inward,,2026-04-12 18:56:48,Article,10.1007/s10841-015-9814-1,1366638X,https://api.elsevier.com/content/abstract/scopus_id/84946489166,19,5,,,,2.8,28.0,1,10,,,,84946489166,2-s2.0-84946489166
42,Elo M.,The effect of peatland drainage and restoration on Odonata species richness and abundance,2015,BMC Ecology,,https://www.scopus.com/inward/record.uri?partnerID=HzOxMe3b&scp=84927759595&origin=inward,https://www.scopus.com/inward/citedby.uri?partnerID=HzOxMe3b&scp=84927759595&origin=inward,,2026-04-12 18:56:48,Article,10.1186/s12898-015-0042-z,,https://api.elsevier.com/content/abstract/scopus_id/84927759595,15,1,,,,4.2,42.0,1,10,,,,84927759595,2-s2.0-84927759595
18,Büsse S.,The thorax morphology of Epiophlebia (Insecta: Odonata) nymphs - Including remarks on ontogenesis and evolution,2015,Scientific Reports,,https://www.scopus.com/inward/record.uri?partnerID=HzOxMe3b&scp=84938844366&origin=inward,https://www.scopus.com/inward/citedby.uri?partnerID=HzOxMe3b&scp=84938844366&origin=inward,,2026-04-12 18:56:48,Article,10.1038/srep12835,,https://api.elsevier.com/content/abstract/scopus_id/84938844366,5,,,,,1.8,18.0,1,10,,,,84938844366,2-s2.0-84938844366
160,de Oliveira-Junior J.M.B.,Neotropical dragonflies (Insecta: Odonata) as indicators of ecological condition of small streams in the eastern Amazon,2015,Austral Ecology,,https://www.scopus.com/inward/record.uri?partnerID=HzOxMe3b&scp=84940045864&origin=inward,https://www.scopus.com/inward/citedby.uri?partnerID=HzOxMe3b&scp=84940045864&origin=inward,,2026-04-12 18:56:48,Article,10.1111/aec.12242,14429985,https://api.elsevier.com/content/abstract/scopus_id/84940045864,40,6,,,,16.0,160.0,1,10,,,,84940045864,2-s2.0-84940045864
45,Collins S.D.,Modeling the distribution of odonates: A review,2015,Freshwater Science,,https://www.scopus.com/inward/record.uri?partnerID=HzOxMe3b&scp=84953726932&origin=inward,https://www.scopus.com/inward/citedby.uri?partnerID=HzOxMe3b&scp=84953726932&origin=inward,,2026-04-12 18:56:48,Review,10.1086/682688,21619549,https://api.elsevier.com/content/abstract/scopus_id/84953726932,34,3,,,,4.5,45.0,1,10,,,,84953726932,2-s2.0-84953726932
19,Frati F.,Scent of a dragonfly: Sex recognition in a polymorphic coenagrionid,2015,Plos One,,https://www.scopus.com/inward/record.uri?partnerID=HzOxMe3b&scp=84942858413&origin=inward,https://www.scopus.com/inward/citedby.uri?partnerID=HzOxMe3b&scp=84942858413&origin=inward,,2026-04-12 18:56:48,Article,10.1371/journal.pone.0136697,,https://api.elsevier.com/content/abstract/scopus_id/84942858413,10,8,,,,1.9,19.0,1,10,,,,84942858413,2-s2.0-84942858413
6,Von Ellenrieder N.,First records of Macromia katae (Macromiidae) and Indothemis carnatica (Libellulidae) from Vietnam (Insecta: Odonata),2015,Check List,,https://www.scopus.com/inward/record.uri?partnerID=HzOxMe3b&scp=84923079784&origin=inward,https://www.scopus.com/inward/citedby.uri?partnerID=HzOxMe3b&scp=84923079784&origin=inward,,2026-04-12 18:56:48,Article,10.15560/11.1.1514,,https://api.elsevier.com/content/abstract/scopus_id/84923079784,11,1,,,,0.6,6.0,1,10,,,,84923079784,2-s2.0-84923079784
8,Harabiš F.,Do egg parasitoids increase the tendency of Lestes sponsa (Odonata: Lestidae) to oviposit underwater?,2015,European Journal of Entomology,,https://www.scopus.com/inward/record.uri?partnerID=HzOxMe3b&scp=85045776716&origin=inward,https://www.scopus.com/inward/citedby.uri?partnerID=HzOxMe3b&scp=85045776716&origin=inward,,2026-04-12 18:56:48,Article,10.14411/eje.2015.017,12105759,https://api.elsevier.com/content/abstract/scopus_id/85045776716,112,1,,,,0.8,8.0,1,10,,,,85045776716,2-s2.0-85045776716
16,Wang J.F.,"Complete mitochondrial genome of an enigmatic dragonfly, Epiophlebia superstes (Odonata, Epiophlebiidae)",2015,Mitochondrial DNA,,https://www.scopus.com/inward/record.uri?partnerID=HzOxMe3b&scp=84942315406&origin=inward,https://www.scopus.com/inward/citedby.uri?partnerID=HzOxMe3b&scp=84942315406&origin=inward,,2026-04-12 18:56:48,Article,10.3109/19401736.2013.845756,19401736,https://api.elsevier.com/content/abstract/scopus_id/84942315406,26,5,,,,1.6,16.0,1,10,,,,84942315406,2-s2.0-84942315406
1,Zhang H.M.,"Description of Echo candens sp. nov. from western Yunnan, China (Odonata: Calopterygidae)",2015,Odonatologica,,https://www.scopus.com/inward/record.uri?partnerID=HzOxMe3b&scp=84930466622&origin=inward,https://www.scopus.com/inward/citedby.uri?partnerID=HzOxMe3b&scp=84930466622&origin=inward,,2026-04-12 18:56:48,Article,,03750183,https://api.elsevier.com/content/abstract/scopus_id/84930466622,44,1-2,,,,0.1,1.0,1,10,,,,84930466622,2-s2.0-84930466622
8,Machado A.,Heteragrion thais sp. nov.from the Atlantic Forest of Brazil (Odonata: Heteragrionidae),2015,Odonatologica,,https://www.scopus.com/inward/record.uri?partnerID=HzOxMe3b&scp=84954236169&origin=inward,https://www.scopus.com/inward/citedby.uri?partnerID=HzOxMe3b&scp=84954236169&origin=inward,,2026-04-12 18:56:48,Article,,03750183,https://api.elsevier.com/content/abstract/scopus_id/84954236169,44,3,,,,0.8,8.0,1,10,,,,84954236169,2-s2.0-84954236169
27,Bota-Sierra C.,"Preliminary list of Odonata from the Colombian Amazon, with descriptions of Inpabasis nigridorsum sp. nov. & Diaphlebia richteri sp. nov. (Coenagrionidae & Gomphidae)",2015,International Journal of Odonatology,,https://www.scopus.com/inward/record.uri?partnerID=HzOxMe3b&scp=84954230520&origin=inward,https://www.scopus.com/inward/citedby.uri?partnerID=HzOxMe3b&scp=84954230520&origin=inward,,2026-04-12 18:56:48,Article,10.1080/13887890.2015.1081637,13887890,https://api.elsevier.com/content/abstract/scopus_id/84954230520,18,3,,,,2.7,27.0,1,10,,,,84954230520,2-s2.0-84954230520
52,Chovanec A.,The dragonfly association index (Insecta: Odonata)-a tool for the type-specific assessment of lowland rivers,2015,River Research and Applications,,https://www.scopus.com/inward/record.uri?partnerID=HzOxMe3b&scp=84930804468&origin=inward,https://www.scopus.com/inward/citedby.uri?partnerID=HzOxMe3b&scp=84930804468&origin=inward,,2026-04-12 18:56:48,Article,10.1002/rra.2760,15351459,https://api.elsevier.com/content/abstract/scopus_id/84930804468,31,5,,,,5.2,52.0,1,10,,,,84930804468,2-s2.0-84930804468
15,Steinthorsdottir M.,Evidence for insect and annelid activity across the Triassic-Jurassic transition of east Greenland,2015,Palaios,,https://www.scopus.com/inward/record.uri?partnerID=HzOxMe3b&scp=84942325369&origin=inward,https://www.scopus.com/inward/citedby.uri?partnerID=HzOxMe3b&scp=84942325369&origin=inward,,2026-04-12 18:56:48,Article,10.2110/palo.2014.093,08831351,https://api.elsevier.com/content/abstract/scopus_id/84942325369,30,8,,,,1.5,15.0,1,10,,,,84942325369,2-s2.0-84942325369
1,Borisov S.,Dragonflies (Odonata) of thermal springs in Central Asia,2015,Zoologicheskii Zhurnal,,https://www.scopus.com/inward/record.uri?partnerID=HzOxMe3b&scp=84949685492&origin=inward,https://www.scopus.com/inward/citedby.uri?partnerID=HzOxMe3b&scp=84949685492&origin=inward,,2026-04-12 18:56:48,Article,10.7868/S0044513415120053,00445134,https://api.elsevier.com/content/abstract/scopus_id/84949685492,94,12,,,,0.1,1.0,1,10,,,,84949685492,2-s2.0-84949685492
13,Ferreira S.,Local extinctions and range contraction of the endangered Coenagrion mercuriale in North Africa,2015,International Journal of Odonatology,,https://www.scopus.com/inward/record.uri?partnerID=HzOxMe3b&scp=84934796665&origin=inward,https://www.scopus.com/inward/citedby.uri?partnerID=HzOxMe3b&scp=84934796665&origin=inward,,2026-04-12 18:56:48,Article,10.1080/13887890.2015.1017846,13887890,https://api.elsevier.com/content/abstract/scopus_id/84934796665,18,2,,,,1.3,13.0,1,10,,,,84934796665,2-s2.0-84934796665
52,Bried J.T.,A review of odonatology in freshwater applied ecology and conservation science,2015,Freshwater Science,,https://www.scopus.com/inward/record.uri?partnerID=HzOxMe3b&scp=84953723787&origin=inward,https://www.scopus.com/inward/citedby.uri?partnerID=HzOxMe3b&scp=84953723787&origin=inward,,2026-04-12 18:56:48,Article,10.1086/682174,21619549,https://api.elsevier.com/content/abstract/scopus_id/84953723787,34,3,,,,5.2,52.0,1,10,,,,84953723787,2-s2.0-84953723787
4,Nel A.,"A new family of ‘libelluloid’ dragonflies from the Middle Jurassic of Daohugou, northeastern China (Odonata: Anisoptera: Cavilabiata)",2015,Alcheringa,,https://www.scopus.com/inward/record.uri?partnerID=HzOxMe3b&scp=84944163551&origin=inward,https://www.scopus.com/inward/citedby.uri?partnerID=HzOxMe3b&scp=84944163551&origin=inward,,2026-04-12 18:56:48,Article,10.1080/03115518.2015.1050316,03115518,https://api.elsevier.com/content/abstract/scopus_id/84944163551,39,4,,,,0.4,4.0,1,10,,,,84944163551,2-s2.0-84944163551
59,Dutra S.,Bionomic differences in odonates and their influence on the efficiency of indicator species of environmental quality,2015,Ecological Indicators,,https://www.scopus.com/inward/record.uri?partnerID=HzOxMe3b&scp=84908278519&origin=inward,https://www.scopus.com/inward/citedby.uri?partnerID=HzOxMe3b&scp=84908278519&origin=inward,,2026-04-12 18:56:48,Article,10.1016/j.ecolind.2014.09.016,1470160X,https://api.elsevier.com/content/abstract/scopus_id/84908278519,49,,,,,5.9,59.0,1,10,,,,84908278519,2-s2.0-84908278519
35,Guillermo-Ferreira R.,"Variable assessment of wing colouration in aerial contests of the red-winged damselfly Mnesarete pudica (Zygoptera, Calopterygidae)",2015,Science of Nature,,https://www.scopus.com/inward/record.uri?partnerID=HzOxMe3b&scp=84938093438&origin=inward,https://www.scopus.com/inward/citedby.uri?partnerID=HzOxMe3b&scp=84938093438&origin=inward,,2026-04-12 18:56:48,Article,10.1007/s00114-015-1261-z,00281042,https://api.elsevier.com/content/abstract/scopus_id/84938093438,102,3-4,,,,3.5,35.0,1,10,,,,84938093438,2-s2.0-84938093438
2,Moerland W.,Rotterdam,2015,Vertebrates and Invertebrates of European Cities Selected Non Avian Fauna,,https://www.scopus.com/inward/record.uri?partnerID=HzOxMe3b&scp=84956806240&origin=inward,https://www.scopus.com/inward/citedby.uri?partnerID=HzOxMe3b&scp=84956806240&origin=inward,,2026-04-12 18:56:48,Book Chapter,10.1007/978-1-4939-1698-6_12,,https://api.elsevier.com/content/abstract/scopus_id/84956806240,,,,,,0.2,2.0,1,10,,,,84956806240,2-s2.0-84956806240
2,Minodora M.,Bucharest,2015,Vertebrates and Invertebrates of European Cities Selected Non Avian Fauna,,https://www.scopus.com/inward/record.uri?partnerID=HzOxMe3b&scp=84956750678&origin=inward,https://www.scopus.com/inward/citedby.uri?partnerID=HzOxMe3b&scp=84956750678&origin=inward,,2026-04-12 18:56:48,Book Chapter,10.1007/978-1-4939-1698-6_9,,https://api.elsevier.com/content/abstract/scopus_id/84956750678,,,,,,0.2,2.0,1,10,,,,84956750678,2-s2.0-84956750678
16,Weterings R.,Predation rates of mixed instar Odonata naiads feeding on Aedes aegypti and Armigeres moultoni (Diptera: Culicidae) larvae,2015,Journal of Asia Pacific Entomology,,https://www.scopus.com/inward/record.uri?partnerID=HzOxMe3b&scp=84910010788&origin=inward,https://www.scopus.com/inward/citedby.uri?partnerID=HzOxMe3b&scp=84910010788&origin=inward,,2026-04-12 18:56:48,Article,10.1016/j.aspen.2014.10.008,12268615,https://api.elsevier.com/content/abstract/scopus_id/84910010788,18,1,,,,1.6,16.0,1,10,,,,84910010788,2-s2.0-84910010788
19,Huang D.,New damselfly genera in the Cretaceous Burmese amber attributable to the Platystictidae and Platycnemididae Disparoneurinae (Odonata: Zygoptera),2015,Cretaceous Research,,https://www.scopus.com/inward/record.uri?partnerID=HzOxMe3b&scp=84936749435&origin=inward,https://www.scopus.com/inward/citedby.uri?partnerID=HzOxMe3b&scp=84936749435&origin=inward,,2026-04-12 18:56:48,Article,10.1016/j.cretres.2015.05.004,01956671,https://api.elsevier.com/content/abstract/scopus_id/84936749435,56,,,,,1.9,19.0,1,10,,,,84936749435,2-s2.0-84936749435
1,Št’astný K.,Prague,2015,Vertebrates and Invertebrates of European Cities Selected Non Avian Fauna,,https://www.scopus.com/inward/record.uri?partnerID=HzOxMe3b&scp=84956738152&origin=inward,https://www.scopus.com/inward/citedby.uri?partnerID=HzOxMe3b&scp=84956738152&origin=inward,,2026-04-12 18:56:48,Book Chapter,10.1007/978-1-4939-1698-6_11,,https://api.elsevier.com/content/abstract/scopus_id/84956738152,,,,,,0.1,1.0,1,10,,,,84956738152,2-s2.0-84956738152
6,Borisov S.N.,Dragonflies (Odonata) of thermal springs in Central Asia,2015,Entomological Review,,https://www.scopus.com/inward/record.uri?partnerID=HzOxMe3b&scp=84958749056&origin=inward,https://www.scopus.com/inward/citedby.uri?partnerID=HzOxMe3b&scp=84958749056&origin=inward,,2026-04-12 18:56:48,Article,10.1134/S0013873815090080,00138738,https://api.elsevier.com/content/abstract/scopus_id/84958749056,95,9,,,,0.6,6.0,1,10,,,,84958749056,2-s2.0-84958749056
36,Šigutová H.,Intensive fish ponds as ecological traps for dragonflies: an imminent threat to the endangered species Sympetrum depressiusculum (Odonata: Libellulidae),2015,Journal of Insect Conservation,,https://www.scopus.com/inward/record.uri?partnerID=HzOxMe3b&scp=84946490778&origin=inward,https://www.scopus.com/inward/citedby.uri?partnerID=HzOxMe3b&scp=84946490778&origin=inward,,2026-04-12 18:56:48,Article,10.1007/s10841-015-9813-2,1366638X,https://api.elsevier.com/content/abstract/scopus_id/84946490778,19,5,,,,3.6,36.0,1,10,,,,84946490778,2-s2.0-84946490778
8,Theischinger G.,"New species of damselflies from the Hindenburg Wall region of western Papua New Guinea (Odonata: Coenagrionidae, Platycnemididae)",2015,Odonatologica,,https://www.scopus.com/inward/record.uri?partnerID=HzOxMe3b&scp=84954243688&origin=inward,https://www.scopus.com/inward/citedby.uri?partnerID=HzOxMe3b&scp=84954243688&origin=inward,,2026-04-12 18:56:48,Article,,03750183,https://api.elsevier.com/content/abstract/scopus_id/84954243688,44,3,,,,0.8,8.0,1,10,,,,84954243688,2-s2.0-84954243688
34,Goertzen D.,Central European cities maintain substantial dragonfly species richness - a chance for biodiversity conservation?,2015,Insect Conservation and Diversity,,https://www.scopus.com/inward/record.uri?partnerID=HzOxMe3b&scp=84929517842&origin=inward,https://www.scopus.com/inward/citedby.uri?partnerID=HzOxMe3b&scp=84929517842&origin=inward,,2026-04-12 18:56:48,Article,10.1111/icad.12102,1752458X,https://api.elsevier.com/content/abstract/scopus_id/84929517842,8,3,,,,3.4,34.0,1,10,,,,84929517842,2-s2.0-84929517842
14,Lorenzo-Carballa M.O.,Impact of landscape on spatial genetic structure and diversity of Coenagrion mercuriale (Zygoptera: Coenagrionidae) in northern France,2015,Freshwater Science,,https://www.scopus.com/inward/record.uri?partnerID=HzOxMe3b&scp=84953737606&origin=inward,https://www.scopus.com/inward/citedby.uri?partnerID=HzOxMe3b&scp=84953737606&origin=inward,,2026-04-12 18:56:48,Article,10.1086/682687,21619549,https://api.elsevier.com/content/abstract/scopus_id/84953737606,34,3,,,,1.4,14.0,1,10,,,,84953737606,2-s2.0-84953737606
30,Heneberg P.,"Integrative taxonomy of central European parasitic flatworms of the family Prosthogonimidae Lühe, 1909 (Trematoda: Plagiorchiida)",2015,Parasitology International,,https://www.scopus.com/inward/record.uri?partnerID=HzOxMe3b&scp=84928315923&origin=inward,https://www.scopus.com/inward/citedby.uri?partnerID=HzOxMe3b&scp=84928315923&origin=inward,,2026-04-12 18:56:48,Article,10.1016/j.parint.2015.02.003,13835769,https://api.elsevier.com/content/abstract/scopus_id/84928315923,64,5,,,,3.0,30.0,1,10,,,,84928315923,2-s2.0-84928315923
17,Lambret P.,Plant preference during oviposition in the endangered dragonfly Lestes macrostigma (Odonata: Zygoptera) and consequences for its conservation,2015,Journal of Insect Conservation,,https://www.scopus.com/inward/record.uri?partnerID=HzOxMe3b&scp=84941189313&origin=inward,https://www.scopus.com/inward/citedby.uri?partnerID=HzOxMe3b&scp=84941189313&origin=inward,,2026-04-12 18:56:48,Article,10.1007/s10841-015-9796-z,1366638X,https://api.elsevier.com/content/abstract/scopus_id/84941189313,19,4,,,,1.7,17.0,1,10,,,,84941189313,2-s2.0-84941189313
14,Beatty C.D.,Conspicuous coloration in males of the damselfly nehalennia irene (Zygoptera: Coenagrionidae): Do males signal their unprofitability to other males?,2015,Plos One,,https://www.scopus.com/inward/record.uri?partnerID=HzOxMe3b&scp=84957990985&origin=inward,https://www.scopus.com/inward/citedby.uri?partnerID=HzOxMe3b&scp=84957990985&origin=inward,,2026-04-12 18:56:48,Article,10.1371/journal.pone.0142684,,https://api.elsevier.com/content/abstract/scopus_id/84957990985,10,11,,,,1.4,14.0,1,10,,,,84957990985,2-s2.0-84957990985
9,Nel A.,"A new genus and species of damsel-dragonfly (Odonata: Stenophlebiidae) from the Lower Cretaceous of Inner Mongolia, China",2015,Cretaceous Research,,https://www.scopus.com/inward/record.uri?partnerID=HzOxMe3b&scp=84932610202&origin=inward,https://www.scopus.com/inward/citedby.uri?partnerID=HzOxMe3b&scp=84932610202&origin=inward,,2026-04-12 18:56:48,Article,10.1016/j.cretres.2015.06.008,01956671,https://api.elsevier.com/content/abstract/scopus_id/84932610202,56,,,,,0.9,9.0,1,10,,,,84932610202,2-s2.0-84932610202
5,Kolozsvári I.,Occurrence pattern analysis of dragonflies (Odonata) on the river Tisza between vilok and Huszt based on exuviae,2015,Applied Ecology and Environmental Research,,https://www.scopus.com/inward/record.uri?partnerID=HzOxMe3b&scp=84953221916&origin=inward,https://www.scopus.com/inward/citedby.uri?partnerID=HzOxMe3b&scp=84953221916&origin=inward,,2026-04-12 18:56:48,Article,10.15666/aeer/1304_11831196,15891623,https://api.elsevier.com/content/abstract/scopus_id/84953221916,13,4,,,,0.5,5.0,1,10,,,,84953221916,2-s2.0-84953221916
8,Wiles C.M.,"Damselflies (Zygoptera) as paratenic hosts for Serpinema trispinosum and its report from turtle hosts from Oklahoma, USA",2015,Folia Parasitologica,,https://www.scopus.com/inward/record.uri?partnerID=HzOxMe3b&scp=84929408241&origin=inward,https://www.scopus.com/inward/citedby.uri?partnerID=HzOxMe3b&scp=84929408241&origin=inward,,2026-04-12 18:56:48,Article,10.14411/fp.2015.019,00155683,https://api.elsevier.com/content/abstract/scopus_id/84929408241,62,1,,,,0.8,8.0,1,10,,,,84929408241,2-s2.0-84929408241
123,Appel E.,Ultrastructure of dragonfly wing veins: Composite structure of fibrous material supplemented by resilin,2015,Journal of Anatomy,,https://www.scopus.com/inward/record.uri?partnerID=HzOxMe3b&scp=84938118980&origin=inward,https://www.scopus.com/inward/citedby.uri?partnerID=HzOxMe3b&scp=84938118980&origin=inward,,2026-04-12 18:56:48,Article,10.1111/joa.12362,00218782,https://api.elsevier.com/content/abstract/scopus_id/84938118980,227,4,,,,12.3,123.0,1,10,,,,84938118980,2-s2.0-84938118980
29,Outomuro D.,Bird predation selects for wing shape and coloration in a damselfly,2015,Journal of Evolutionary Biology,,https://www.scopus.com/inward/record.uri?partnerID=HzOxMe3b&scp=84928086504&origin=inward,https://www.scopus.com/inward/citedby.uri?partnerID=HzOxMe3b&scp=84928086504&origin=inward,,2026-04-12 18:56:48,Article,10.1111/jeb.12605,1010061X,https://api.elsevier.com/content/abstract/scopus_id/84928086504,28,4,,,,2.9,29.0,1,10,,,,84928086504,2-s2.0-84928086504
112,Suhling F.,Order Odonata,2015,Thorp and Covich S Freshwater Invertebrates Ecology and General Biology Fourth Edition,,https://www.scopus.com/inward/record.uri?partnerID=HzOxMe3b&scp=84942869243&origin=inward,https://www.scopus.com/inward/citedby.uri?partnerID=HzOxMe3b&scp=84942869243&origin=inward,,2026-04-12 18:56:48,Book Chapter,10.1016/B978-0-12-385026-3.00035-8,,https://api.elsevier.com/content/abstract/scopus_id/84942869243,1,,,,,11.2,112.0,1,10,,,,84942869243,2-s2.0-84942869243
12,Worthen W.,"The distribution of dragonfly larvae in a South Carolina Stream: Relationships with sediment type, body size, and the presence of other larvae",2015,Journal of Insect Science,,https://www.scopus.com/inward/record.uri?partnerID=HzOxMe3b&scp=84930001765&origin=inward,https://www.scopus.com/inward/citedby.uri?partnerID=HzOxMe3b&scp=84930001765&origin=inward,,2026-04-12 18:56:48,Article,10.1093/jisesa/iev013,,https://api.elsevier.com/content/abstract/scopus_id/84930001765,15,31,,,,1.2,12.0,1,10,,,,84930001765,2-s2.0-84930001765
25,Bried J.T.,Criteria to infer local species residency in standardized adult dragonfly surveys,2015,Freshwater Science,,https://www.scopus.com/inward/record.uri?partnerID=HzOxMe3b&scp=84943361787&origin=inward,https://www.scopus.com/inward/citedby.uri?partnerID=HzOxMe3b&scp=84943361787&origin=inward,,2026-04-12 18:56:48,Article,10.1086/682668,21619549,https://api.elsevier.com/content/abstract/scopus_id/84943361787,34,3,,,,2.5,25.0,1,10,,,,84943361787,2-s2.0-84943361787
92,Rohr J.R.,"Predator diversity, intraguild predation, and indirect effects drive parasite transmission",2015,Proceedings of the National Academy of Sciences of the United States of America,,https://www.scopus.com/inward/record.uri?partnerID=HzOxMe3b&scp=84924308134&origin=inward,https://www.scopus.com/inward/citedby.uri?partnerID=HzOxMe3b&scp=84924308134&origin=inward,,2026-04-12 18:56:48,Article,10.1073/pnas.1415971112,00278424,https://api.elsevier.com/content/abstract/scopus_id/84924308134,112,10,,,,9.2,92.0,1,10,,,,84924308134,2-s2.0-84924308134
10,Schiel F.J.,Contrasting life-history patterns between vernal pond specialists and hydroperiod generalists in Lestes damselflies (Odonata: Lestidae),2015,Odonatologica,,https://www.scopus.com/inward/record.uri?partnerID=HzOxMe3b&scp=84954221484&origin=inward,https://www.scopus.com/inward/citedby.uri?partnerID=HzOxMe3b&scp=84954221484&origin=inward,,2026-04-12 18:56:48,Article,,03750183,https://api.elsevier.com/content/abstract/scopus_id/84954221484,44,3,,,,1.0,10.0,1,10,,,,84954221484,2-s2.0-84954221484
16,Drury J.P.,Seasonal polyphenism in wing coloration affects species recognition in rubyspot damselflies (Hetaerina spp.),2015,Journal of Evolutionary Biology,,https://www.scopus.com/inward/record.uri?partnerID=HzOxMe3b&scp=84938805456&origin=inward,https://www.scopus.com/inward/citedby.uri?partnerID=HzOxMe3b&scp=84938805456&origin=inward,,2026-04-12 18:56:48,Article,10.1111/jeb.12665,1010061X,https://api.elsevier.com/content/abstract/scopus_id/84938805456,28,8,,,,1.6,16.0,1,10,,,,84938805456,2-s2.0-84938805456
24,Koch K.,Influence of temperature and photoperiod on embryonic development in the dragonfly Sympetrum striolatum (Odonata: Libellulidae),2015,Physiological Entomology,,https://www.scopus.com/inward/record.uri?partnerID=HzOxMe3b&scp=84923008550&origin=inward,https://www.scopus.com/inward/citedby.uri?partnerID=HzOxMe3b&scp=84923008550&origin=inward,,2026-04-12 18:56:48,Article,10.1111/phen.12091,03076962,https://api.elsevier.com/content/abstract/scopus_id/84923008550,40,1,,,,2.4,24.0,1,10,,,,84923008550,2-s2.0-84923008550
9,Dickinson M.H.,Motor control: How dragonflies catch their prey,2015,Current Biology,,https://www.scopus.com/inward/record.uri?partnerID=HzOxMe3b&scp=84926364523&origin=inward,https://www.scopus.com/inward/citedby.uri?partnerID=HzOxMe3b&scp=84926364523&origin=inward,,2026-04-12 18:56:48,Short Survey,10.1016/j.cub.2015.01.046,09609822,https://api.elsevier.com/content/abstract/scopus_id/84926364523,25,6,,,,0.9,9.0,1,10,,,,84926364523,2-s2.0-84926364523
41,Kietzka G.J.,Landscape ecological networks are successful in supporting a diverse dragonfly assemblage,2015,Insect Conservation and Diversity,,https://www.scopus.com/inward/record.uri?partnerID=HzOxMe3b&scp=84929338645&origin=inward,https://www.scopus.com/inward/citedby.uri?partnerID=HzOxMe3b&scp=84929338645&origin=inward,,2026-04-12 18:56:48,Article,10.1111/icad.12099,1752458X,https://api.elsevier.com/content/abstract/scopus_id/84929338645,8,3,,,,4.1,41.0,1,10,,,,84929338645,2-s2.0-84929338645
128,Mason S.C.,Geographical range margins of many taxonomic groups continue to shift polewards,2015,Biological Journal of the Linnean Society,,https://www.scopus.com/inward/record.uri?partnerID=HzOxMe3b&scp=84931040042&origin=inward,https://www.scopus.com/inward/citedby.uri?partnerID=HzOxMe3b&scp=84931040042&origin=inward,,2026-04-12 18:56:48,Article,10.1111/bij.12574,00244066,https://api.elsevier.com/content/abstract/scopus_id/84931040042,115,3,,,,12.8,128.0,1,10,,,,84931040042,2-s2.0-84931040042
164,Futahashi R.,Extraordinary diversity of visual opsin genes in dragonflies,2015,Proceedings of the National Academy of Sciences of the United States of America,,https://www.scopus.com/inward/record.uri?partnerID=HzOxMe3b&scp=84925326119&origin=inward,https://www.scopus.com/inward/citedby.uri?partnerID=HzOxMe3b&scp=84925326119&origin=inward,,2026-04-12 18:56:48,Article,10.1073/pnas.1424670112,00278424,https://api.elsevier.com/content/abstract/scopus_id/84925326119,112,11,,,,16.4,164.0,1,10,,,,84925326119,2-s2.0-84925326119
228,Mischiati M.,Internal models direct dragonfly interception steering,2015,Nature,,https://www.scopus.com/inward/record.uri?partnerID=HzOxMe3b&scp=84922617551&origin=inward,https://www.scopus.com/inward/citedby.uri?partnerID=HzOxMe3b&scp=84922617551&origin=inward,,2026-04-12 18:56:48,Article,10.1038/nature14045,00280836,https://api.elsevier.com/content/abstract/scopus_id/84922617551,517,7534,,,,22.8,228.0,1,10,,,,84922617551,2-s2.0-84922617551
24,Harabiš F.,"Necessity for the conservation of drainage systems as last refugia for threatened damselfly species, Coenagrion ornatum",2015,Insect Conservation and Diversity,,https://www.scopus.com/inward/record.uri?partnerID=HzOxMe3b&scp=84924495470&origin=inward,https://www.scopus.com/inward/citedby.uri?partnerID=HzOxMe3b&scp=84924495470&origin=inward,,2026-04-12 18:56:48,Article,10.1111/icad.12093,1752458X,https://api.elsevier.com/content/abstract/scopus_id/84924495470,8,2,,,,2.4,24.0,1,10,,,,84924495470,2-s2.0-84924495470
9,Corser J.D.,Adult activity and temperature preference drives region-wide damselfly (Zygoptera) distributions under a warming climate,2015,Biology Letters,,https://www.scopus.com/inward/record.uri?partnerID=HzOxMe3b&scp=84929119512&origin=inward,https://www.scopus.com/inward/citedby.uri?partnerID=HzOxMe3b&scp=84929119512&origin=inward,,2026-04-12 18:56:48,Article,10.1098/rsbl.2015.0001,17449561,https://api.elsevier.com/content/abstract/scopus_id/84929119512,11,4,,,,0.9,9.0,1,10,,,,84929119512,2-s2.0-84929119512
32,Laaß M.,The earliest evidence of damselfly-like endophytic oviposition in the fossil record,2015,Lethaia,,https://www.scopus.com/inward/record.uri?partnerID=HzOxMe3b&scp=84925142364&origin=inward,https://www.scopus.com/inward/citedby.uri?partnerID=HzOxMe3b&scp=84925142364&origin=inward,,2026-04-12 18:56:48,Article,10.1111/let.12092,00241164,https://api.elsevier.com/content/abstract/scopus_id/84925142364,48,1,,,,3.2,32.0,1,10,,,,84925142364,2-s2.0-84925142364
2,Kolozsvári I.,Dragonfly assemblages in the upper parts of the river Tisza: A comparison of larval and exuvial data in three channel types,2015,Acta Zoologica Academiae Scientiarum Hungaricae,,https://www.scopus.com/inward/record.uri?partnerID=HzOxMe3b&scp=84930399243&origin=inward,https://www.scopus.com/inward/citedby.uri?partnerID=HzOxMe3b&scp=84930399243&origin=inward,,2026-04-12 18:56:48,Article,10.17109/AZH.61.2.189.2015,12178837,https://api.elsevier.com/content/abstract/scopus_id/84930399243,61,2,,,,0.2,2.0,1,10,,,,84930399243,2-s2.0-84930399243
34,Hassall C.,"Strong geographical variation in wing aspect ratio of a damselfly, Calopteryx maculata (Odonata: Zygoptera)",2015,Peerj,,https://www.scopus.com/inward/record.uri?partnerID=HzOxMe3b&scp=84940398164&origin=inward,https://www.scopus.com/inward/citedby.uri?partnerID=HzOxMe3b&scp=84940398164&origin=inward,,2026-04-12 18:56:48,Article,10.7717/peerj.1219,,https://api.elsevier.com/content/abstract/scopus_id/84940398164,2015,8,,,,3.4,34.0,1,10,,,,84940398164,2-s2.0-84940398164
45,Guillermo-Ferreira R.,Mechanism of the wing colouration in the dragonfly Zenithoptera lanei (Odonata: Libellulidae) and its role in intraspecific communication,2015,Journal of Insect Physiology,,https://www.scopus.com/inward/record.uri?partnerID=HzOxMe3b&scp=84938057541&origin=inward,https://www.scopus.com/inward/citedby.uri?partnerID=HzOxMe3b&scp=84938057541&origin=inward,,2026-04-12 18:56:48,Article,10.1016/j.jinsphys.2015.07.010,00221910,https://api.elsevier.com/content/abstract/scopus_id/84938057541,81,,,,,4.5,45.0,1,10,,,,84938057541,2-s2.0-84938057541
13,El Haissoufi M.,"Contribution to the knowledge of the Moroccan Odonata, with first records of Orthetrum sabina, and an overview of first and last dates for all species",2015,Odonatologica,,https://www.scopus.com/inward/record.uri?partnerID=HzOxMe3b&scp=84954221548&origin=inward,https://www.scopus.com/inward/citedby.uri?partnerID=HzOxMe3b&scp=84954221548&origin=inward,,2026-04-12 18:56:48,Review,,03750183,https://api.elsevier.com/content/abstract/scopus_id/84954221548,44,3,,,,1.3,13.0,1,10,,,,84954221548,2-s2.0-84954221548
29,Hou D.,Effects of blood in veins of dragonfly wing on the vibration characteristics,2015,Computers in Biology and Medicine,,https://www.scopus.com/inward/record.uri?partnerID=HzOxMe3b&scp=84920871813&origin=inward,https://www.scopus.com/inward/citedby.uri?partnerID=HzOxMe3b&scp=84920871813&origin=inward,,2026-04-12 18:56:48,Article,10.1016/j.compbiomed.2014.12.018,00104825,https://api.elsevier.com/content/abstract/scopus_id/84920871813,58,,,,,2.9,29.0,1,10,,,,84920871813,2-s2.0-84920871813
4,Thornton J.L.,Factors affecting the spatial distribution of oviposition sites for tandem black saddlebags dragonflies (odonata: Libellulidae),2015,Journal of Insect Science,,https://www.scopus.com/inward/record.uri?partnerID=HzOxMe3b&scp=85009865464&origin=inward,https://www.scopus.com/inward/citedby.uri?partnerID=HzOxMe3b&scp=85009865464&origin=inward,,2026-04-12 18:56:48,Article,10.1093/jisesa/iev035,,https://api.elsevier.com/content/abstract/scopus_id/85009865464,15,1,,,,0.4,4.0,1,10,,,,85009865464,2-s2.0-85009865464
7,Córdoba-Aguilar A.,Female choice in damselflies and dragonflies,2015,Cryptic Female Choice in Arthropods Patterns Mechanisms and Prospects,,https://www.scopus.com/inward/record.uri?partnerID=HzOxMe3b&scp=84943798492&origin=inward,https://www.scopus.com/inward/citedby.uri?partnerID=HzOxMe3b&scp=84943798492&origin=inward,,2026-04-12 18:56:48,Book Chapter,10.1007/978-3-319-17894-3_9,,https://api.elsevier.com/content/abstract/scopus_id/84943798492,,,,,,0.7,7.0,1,10,,,,84943798492,2-s2.0-84943798492
21,Sharkey C.,"Polarization sensitivity as a visual contrast enhancer in the Emperor dragonfly larva, Anax imperator",2015,Journal of Experimental Biology,,https://www.scopus.com/inward/record.uri?partnerID=HzOxMe3b&scp=84962850005&origin=inward,https://www.scopus.com/inward/citedby.uri?partnerID=HzOxMe3b&scp=84962850005&origin=inward,,2026-04-12 18:56:48,Article,10.1242/jeb.122507,00220949,https://api.elsevier.com/content/abstract/scopus_id/84962850005,218,21,,,,2.1,21.0,1,10,,,,84962850005,2-s2.0-84962850005
7,Fredregill C.L.,"Efficacy of Two Larvasonic™ Units Against Culex Larvae and Effects on Common Aquatic Nontarget Organisms in Harris County, Texas",2015,Journal of the American Mosquito Control Association,,https://www.scopus.com/inward/record.uri?partnerID=HzOxMe3b&scp=84951073774&origin=inward,https://www.scopus.com/inward/citedby.uri?partnerID=HzOxMe3b&scp=84951073774&origin=inward,,2026-04-12 18:56:48,Article,10.2987/8756-971X-31.4.366,8756971X,https://api.elsevier.com/content/abstract/scopus_id/84951073774,31,4,,,,0.7,7.0,1,10,,,,84951073774,2-s2.0-84951073774
14,Samraoui B.,"Odonata in streams on mount edough, Algeria, and in Kroumiria, Tunisia",2015,African Entomology,,https://www.scopus.com/inward/record.uri?partnerID=HzOxMe3b&scp=84926510002&origin=inward,https://www.scopus.com/inward/citedby.uri?partnerID=HzOxMe3b&scp=84926510002&origin=inward,,2026-04-12 18:56:48,Article,10.4001/003.023.0129,10213589,https://api.elsevier.com/content/abstract/scopus_id/84926510002,23,1,,,,1.4,14.0,1,10,,,,84926510002,2-s2.0-84926510002
10,Bried J.T.,Resident-immigrant dichotomy matters for classifying wetland site groups and metacommunities,2015,Freshwater Biology,,https://www.scopus.com/inward/record.uri?partnerID=HzOxMe3b&scp=84943348347&origin=inward,https://www.scopus.com/inward/citedby.uri?partnerID=HzOxMe3b&scp=84943348347&origin=inward,,2026-04-12 18:56:48,Article,10.1111/fwb.12651,00465070,https://api.elsevier.com/content/abstract/scopus_id/84943348347,60,11,,,,1.0,10.0,1,10,,,,84943348347,2-s2.0-84943348347
24,White E.L.,Prioritizing Odonata for conservation action in the northeastern USA,2015,Freshwater Science,,https://www.scopus.com/inward/record.uri?partnerID=HzOxMe3b&scp=84953730927&origin=inward,https://www.scopus.com/inward/citedby.uri?partnerID=HzOxMe3b&scp=84953730927&origin=inward,,2026-04-12 18:56:48,Article,10.1086/682287,21619549,https://api.elsevier.com/content/abstract/scopus_id/84953730927,34,3,,,,2.4,24.0,1,10,,,,84953730927,2-s2.0-84953730927
24,White E.L.,Prioritizing Odonata for conservation action in the northeastern USA,2015,Freshwater Science,,https://www.scopus.com/inward/record.uri?partnerID=HzOxMe3b&scp=84953730927&origin=inward,https://www.scopus.com/inward/citedby.uri?partnerID=HzOxMe3b&scp=84953730927&origin=inward,,2026-04-12 18:56:48,Article,10.1086/682287,21619549,https://api.elsevier.com/content/abstract/scopus_id/84953730927,34,3,,,,2.4,24.0,1,10,,,,84953730927,2-s2.0-84953730927
8,Bello-Bedoy R.,Is allometry of sexual traits adaptive? A field test with territorial damselflies,2015,Biological Journal of the Linnean Society,,https://www.scopus.com/inward/record.uri?partnerID=HzOxMe3b&scp=84921440922&origin=inward,https://www.scopus.com/inward/citedby.uri?partnerID=HzOxMe3b&scp=84921440922&origin=inward,,2026-04-12 18:56:48,Article,10.1111/bij.12429,00244066,https://api.elsevier.com/content/abstract/scopus_id/84921440922,114,2,,,,0.8,8.0,1,10,,,,84921440922,2-s2.0-84921440922
7,Ramírez-Delgado J.,"Wing Pigmentation in Males of a Territorial Damselfly: Alternative Reproductive Tactics, Allometry and Mating Success",2015,Journal of Insect Behavior,,https://www.scopus.com/inward/record.uri?partnerID=HzOxMe3b&scp=84947045022&origin=inward,https://www.scopus.com/inward/citedby.uri?partnerID=HzOxMe3b&scp=84947045022&origin=inward,,2026-04-12 18:56:48,Article,10.1007/s10905-015-9528-y,08927553,https://api.elsevier.com/content/abstract/scopus_id/84947045022,28,5,,,,0.7,7.0,1,10,,,,84947045022,2-s2.0-84947045022
5,Srigrarom S.,Aerodynamics of southern hawker dragonfly: Aeshna cyanea,2015,33rd AIAA Applied Aerodynamics Conference,,https://www.scopus.com/inward/record.uri?partnerID=HzOxMe3b&scp=85067320088&origin=inward,https://www.scopus.com/inward/citedby.uri?partnerID=HzOxMe3b&scp=85067320088&origin=inward,,2026-04-12 18:56:48,Conference Paper,10.2514/6.2015-3156,,https://api.elsevier.com/content/abstract/scopus_id/85067320088,,,,,,0.5,5.0,1,10,,,,85067320088,2-s2.0-85067320088
4,Hilfert-Rüppell D.,High frequency and counterstroking: calopteryx splendens female threatening flight,2015,International Journal of Odonatology,,https://www.scopus.com/inward/record.uri?partnerID=HzOxMe3b&scp=84946163070&origin=inward,https://www.scopus.com/inward/citedby.uri?partnerID=HzOxMe3b&scp=84946163070&origin=inward,,2026-04-12 18:56:48,Article,10.1080/13887890.2015.1013511,13887890,https://api.elsevier.com/content/abstract/scopus_id/84946163070,18,1,,,,0.4,4.0,1,10,,,,84946163070,2-s2.0-84946163070
9,Kelcey J.,Vertebrates and invertebrates of European cities: Selected non-avian fauna,2015,Vertebrates and Invertebrates of European Cities Selected Non Avian Fauna,,https://www.scopus.com/inward/record.uri?partnerID=HzOxMe3b&scp=84956813447&origin=inward,https://www.scopus.com/inward/citedby.uri?partnerID=HzOxMe3b&scp=84956813447&origin=inward,,2026-04-12 18:56:48,Book,10.1007/978-1-4939-1698-6,,https://api.elsevier.com/content/abstract/scopus_id/84956813447,,,,,,0.9,9.0,1,10,,,,84956813447,2-s2.0-84956813447
26,Harabiš F.,Odonates need natural disturbances: How human-induced dynamics affect the diversity of dragonfly assemblages,2015,Freshwater Science,,https://www.scopus.com/inward/record.uri?partnerID=HzOxMe3b&scp=84953727143&origin=inward,https://www.scopus.com/inward/citedby.uri?partnerID=HzOxMe3b&scp=84953727143&origin=inward,,2026-04-12 18:56:48,Article,10.1086/682234,21619549,https://api.elsevier.com/content/abstract/scopus_id/84953727143,34,3,,,,2.6,26.0,1,10,,,,84953727143,2-s2.0-84953727143
32,Pryke J.S.,An ecological network is as good as a major protected area for conserving dragonflies,2015,Biological Conservation,,https://www.scopus.com/inward/record.uri?partnerID=HzOxMe3b&scp=84939644839&origin=inward,https://www.scopus.com/inward/citedby.uri?partnerID=HzOxMe3b&scp=84939644839&origin=inward,,2026-04-12 18:56:48,Article,10.1016/j.biocon.2015.07.036,00063207,https://api.elsevier.com/content/abstract/scopus_id/84939644839,191,,,,,3.2,32.0,1,10,,,,84939644839,2-s2.0-84939644839
3,Chaudhry M.T.,"New records of Rhodothemis rufa (Rambur, 1842) and Lamelligomphus biforceps (Selys 1878) (Odonata: Anisoptera) from Pakistan with redescription of L. biforceps (Selys 1878)",2015,Iranian Journal of Science and Technology Transaction A Science,,https://www.scopus.com/inward/record.uri?partnerID=HzOxMe3b&scp=84941042443&origin=inward,https://www.scopus.com/inward/citedby.uri?partnerID=HzOxMe3b&scp=84941042443&origin=inward,,2026-04-12 18:56:48,Article,,10286276,https://api.elsevier.com/content/abstract/scopus_id/84941042443,39,A3,,,,0.3,3.0,1,10,,,,84941042443,2-s2.0-84941042443
35,Termaat T.,Strong recovery of dragonflies in recent decades in The Netherlands,2015,Freshwater Science,,https://www.scopus.com/inward/record.uri?partnerID=HzOxMe3b&scp=84953728164&origin=inward,https://www.scopus.com/inward/citedby.uri?partnerID=HzOxMe3b&scp=84953728164&origin=inward,,2026-04-12 18:56:48,Article,10.1086/682669,21619549,https://api.elsevier.com/content/abstract/scopus_id/84953728164,34,3,,,,3.5,35.0,1,10,,,,84953728164,2-s2.0-84953728164
24,Ortiz C.,Total and monomethyl mercury in terrestrial arthropods from the central california coast,2015,Bulletin of Environmental Contamination and Toxicology,,https://www.scopus.com/inward/record.uri?partnerID=HzOxMe3b&scp=84924237380&origin=inward,https://www.scopus.com/inward/citedby.uri?partnerID=HzOxMe3b&scp=84924237380&origin=inward,,2026-04-12 18:56:48,Article,10.1007/s00128-014-1448-6,00074861,https://api.elsevier.com/content/abstract/scopus_id/84924237380,94,4,,,,2.4,24.0,1,10,,,,84924237380,2-s2.0-84924237380
17,Mlynarek J.J.,"Host phenology, geographic range size and regional occurrence explain interspecific variation in damselfly-water mite associations",2015,Ecography,,https://www.scopus.com/inward/record.uri?partnerID=HzOxMe3b&scp=84933522575&origin=inward,https://www.scopus.com/inward/citedby.uri?partnerID=HzOxMe3b&scp=84933522575&origin=inward,,2026-04-12 18:56:48,Article,10.1111/ecog.00997,09067590,https://api.elsevier.com/content/abstract/scopus_id/84933522575,38,7,,,,1.7,17.0,1,10,,,,84933522575,2-s2.0-84933522575
16,Grether G.F.,The Role of Wing Coloration in Sex Recognition and Competitor Recognition in Rubyspot Damselflies (Hetaerina spp.),2015,Ethology,,https://www.scopus.com/inward/record.uri?partnerID=HzOxMe3b&scp=84930415020&origin=inward,https://www.scopus.com/inward/citedby.uri?partnerID=HzOxMe3b&scp=84930415020&origin=inward,,2026-04-12 18:56:48,Article,10.1111/eth.12382,01791613,https://api.elsevier.com/content/abstract/scopus_id/84930415020,121,7,,,,1.6,16.0,1,10,,,,84930415020,2-s2.0-84930415020
15,Herrera M.S.,Mixed signals? Morphological and molecular evidence suggest a color polymorphism in some Neotropical Polythore damselflies,2015,Plos One,,https://www.scopus.com/inward/record.uri?partnerID=HzOxMe3b&scp=84928722527&origin=inward,https://www.scopus.com/inward/citedby.uri?partnerID=HzOxMe3b&scp=84928722527&origin=inward,,2026-04-12 18:56:48,Article,10.1371/journal.pone.0125074,,https://api.elsevier.com/content/abstract/scopus_id/84928722527,10,4,,,,1.5,15.0,1,10,,,,84928722527,2-s2.0-84928722527
24,Hou D.,A new torsion control mechanism induced by blood circulation in dragonfly wings,2015,Bioinspiration and Biomimetics,,https://www.scopus.com/inward/record.uri?partnerID=HzOxMe3b&scp=84922473316&origin=inward,https://www.scopus.com/inward/citedby.uri?partnerID=HzOxMe3b&scp=84922473316&origin=inward,,2026-04-12 18:56:48,Article,10.1088/1748-3190/10/1/016020,17483182,https://api.elsevier.com/content/abstract/scopus_id/84922473316,10,1,,,,2.4,24.0,1,10,,,,84922473316,2-s2.0-84922473316
38,Arambourou H.,Combined effects of larval exposure to a heat wave and chlorpyrifos in northern and southern populations of the damselfly Ischnura elegans,2015,Chemosphere,,https://www.scopus.com/inward/record.uri?partnerID=HzOxMe3b&scp=84925277797&origin=inward,https://www.scopus.com/inward/citedby.uri?partnerID=HzOxMe3b&scp=84925277797&origin=inward,,2026-04-12 18:56:48,Article,10.1016/j.chemosphere.2015.01.044,00456535,https://api.elsevier.com/content/abstract/scopus_id/84925277797,128,,,,,3.8,38.0,1,10,,,,84925277797,2-s2.0-84925277797
9,Jones B.R.,Genetic Consequences of Pleistocene Sea-Level Change on Hawaiian Megalagrion Damselflies,2015,Journal of Heredity,,https://www.scopus.com/inward/record.uri?partnerID=HzOxMe3b&scp=84941637443&origin=inward,https://www.scopus.com/inward/citedby.uri?partnerID=HzOxMe3b&scp=84941637443&origin=inward,,2026-04-12 18:56:48,Article,10.1093/jhered/esv036,00221503,https://api.elsevier.com/content/abstract/scopus_id/84941637443,106,5,,,,0.9,9.0,1,10,,,,84941637443,2-s2.0-84941637443
10,Álvarez-Covelli C.,Abdomen or wings? Comparing two body places for marking in Mesamphiagrion laterale (Odonata: Coenagrionidae),2015,Odonatologica,,https://www.scopus.com/inward/record.uri?partnerID=HzOxMe3b&scp=84954212978&origin=inward,https://www.scopus.com/inward/citedby.uri?partnerID=HzOxMe3b&scp=84954212978&origin=inward,,2026-04-12 18:56:48,Article,,03750183,https://api.elsevier.com/content/abstract/scopus_id/84954212978,44,3,,,,1.0,10.0,1,10,,,,84954212978,2-s2.0-84954212978
23,Heintzman L.J.,Local and landscape influences on PAH contamination in urban stormwater,2015,Landscape and Urban Planning,,https://www.scopus.com/inward/record.uri?partnerID=HzOxMe3b&scp=84930636993&origin=inward,https://www.scopus.com/inward/citedby.uri?partnerID=HzOxMe3b&scp=84930636993&origin=inward,,2026-04-12 18:56:48,Article,10.1016/j.landurbplan.2015.05.009,01692046,https://api.elsevier.com/content/abstract/scopus_id/84930636993,142,,,,,2.3,23.0,1,10,,,,84930636993,2-s2.0-84930636993
8,Lancrenon J.,On the provable security of the dragonfly protocol,2015,Lecture Notes in Computer Science Including Subseries Lecture Notes in Artificial Intelligence and Lecture Notes in Bioinformatics,,https://www.scopus.com/inward/record.uri?partnerID=HzOxMe3b&scp=84945959962&origin=inward,https://www.scopus.com/inward/citedby.uri?partnerID=HzOxMe3b&scp=84945959962&origin=inward,,2026-04-12 18:56:48,Conference Paper,10.1007/978-3-319-23318-5_14,03029743,https://api.elsevier.com/content/abstract/scopus_id/84945959962,9290,,,,,0.8,8.0,1,10,,,,84945959962,2-s2.0-84945959962
1,Nair P.,Experimental analysis of artificial dragonfly wings using black graphite and fiberglass for use in Biomimetic Micro air Vehicles (BMAVs),2015,Matec Web of Conferences,,https://www.scopus.com/inward/record.uri?partnerID=HzOxMe3b&scp=84976487526&origin=inward,https://www.scopus.com/inward/citedby.uri?partnerID=HzOxMe3b&scp=84976487526&origin=inward,,2026-04-12 18:56:48,Conference Paper,10.1051/matecconf/20153003001,,https://api.elsevier.com/content/abstract/scopus_id/84976487526,30,,,,,0.1,1.0,1,10,,,,84976487526,2-s2.0-84976487526
5,Tennessen K.J.,Four new species of Calvertagrion St. Quentin from South America (Odonata: Coenagrionidae),2015,Odonatologica,,https://www.scopus.com/inward/record.uri?partnerID=HzOxMe3b&scp=84954219841&origin=inward,https://www.scopus.com/inward/citedby.uri?partnerID=HzOxMe3b&scp=84954219841&origin=inward,,2026-04-12 18:56:48,Article,,03750183,https://api.elsevier.com/content/abstract/scopus_id/84954219841,44,3,,,,0.5,5.0,1,10,,,,84954219841,2-s2.0-84954219841
3,Mathey G.M.,Analyzing available routing engines for InfiniBand-based clusters with Dragonfly topology,2015,Proceedings of the 2015 International Conference on High Performance Computing and Simulation Hpcs 2015,,https://www.scopus.com/inward/record.uri?partnerID=HzOxMe3b&scp=84948410033&origin=inward,https://www.scopus.com/inward/citedby.uri?partnerID=HzOxMe3b&scp=84948410033&origin=inward,,2026-04-12 18:56:48,Conference Paper,10.1109/HPCSim.2015.7237036,,https://api.elsevier.com/content/abstract/scopus_id/84948410033,,,,,,0.3,3.0,1,10,,,,84948410033,2-s2.0-84948410033
6,Rebora M.,"The antenna of a burrowing dragonfly larva, Onychogomphus forcipatus (Anisoptera, Gomphidae)",2015,Arthropod Structure and Development,,https://www.scopus.com/inward/record.uri?partnerID=HzOxMe3b&scp=84947616282&origin=inward,https://www.scopus.com/inward/citedby.uri?partnerID=HzOxMe3b&scp=84947616282&origin=inward,,2026-04-12 18:56:48,Article,10.1016/j.asd.2015.06.001,14678039,https://api.elsevier.com/content/abstract/scopus_id/84947616282,44,6,,,,0.6,6.0,1,10,,,,84947616282,2-s2.0-84947616282
14,Hassall C.,"Live fast, die old: No evidence of reproductive senescence or costs of mating in a damselfly (Odonata: Zygoptera)",2015,Journal of Animal Ecology,,https://www.scopus.com/inward/record.uri?partnerID=HzOxMe3b&scp=84943448380&origin=inward,https://www.scopus.com/inward/citedby.uri?partnerID=HzOxMe3b&scp=84943448380&origin=inward,,2026-04-12 18:56:48,Article,10.1111/1365-2656.12407,00218790,https://api.elsevier.com/content/abstract/scopus_id/84943448380,84,6,,,,1.4,14.0,1,10,,,,84943448380,2-s2.0-84943448380
6,Okuyama H.,Smaller damselflies have better flight performance at lower body temperature: Implications for microhabitat segregation of sympatric Mnais damselflies,2015,International Journal of Odonatology,,https://www.scopus.com/inward/record.uri?partnerID=HzOxMe3b&scp=84954382085&origin=inward,https://www.scopus.com/inward/citedby.uri?partnerID=HzOxMe3b&scp=84954382085&origin=inward,,2026-04-12 18:56:48,Article,10.1080/13887890.2015.1065517,13887890,https://api.elsevier.com/content/abstract/scopus_id/84954382085,18,3,,,,0.6,6.0,1,10,,,,84954382085,2-s2.0-84954382085
8,Inomata N.,"Discrepancy in the degree of population differentiation between color-morph frequencies and neutral genetic loci in the damselfly Ischnura senegalensis in Okinawa Island, Japan",2015,Genetica,,https://www.scopus.com/inward/record.uri?partnerID=HzOxMe3b&scp=84939938190&origin=inward,https://www.scopus.com/inward/citedby.uri?partnerID=HzOxMe3b&scp=84939938190&origin=inward,,2026-04-12 18:56:48,Article,10.1007/s10709-015-9821-x,00166707,https://api.elsevier.com/content/abstract/scopus_id/84939938190,143,3,,,,0.8,8.0,1,10,,,,84939938190,2-s2.0-84939938190
13,Zhang Z.,Aerodynamic performance of dragonfly wing with well-designed corrugated section in gliding flight,2015,CMES Computer Modeling in Engineering and Sciences,,https://www.scopus.com/inward/record.uri?partnerID=HzOxMe3b&scp=84964677953&origin=inward,https://www.scopus.com/inward/citedby.uri?partnerID=HzOxMe3b&scp=84964677953&origin=inward,,2026-04-12 18:56:48,Article,,15261492,https://api.elsevier.com/content/abstract/scopus_id/84964677953,109,3,,,,1.3,13.0,1,10,,,,84964677953,2-s2.0-84964677953
34,Stoks R.,Integrating ecology and evolution in aquatic toxicology: Insights from damselflies,2015,Freshwater Science,,https://www.scopus.com/inward/record.uri?partnerID=HzOxMe3b&scp=84938797973&origin=inward,https://www.scopus.com/inward/citedby.uri?partnerID=HzOxMe3b&scp=84938797973&origin=inward,,2026-04-12 18:56:48,Article,10.1086/682571,21619549,https://api.elsevier.com/content/abstract/scopus_id/84938797973,34,3,,,,3.4,34.0,1,10,,,,84938797973,2-s2.0-84938797973
15,Kaunisto K.M.,Populations of the damselfly Coenagrion hastulatum at the edge of the species range have fewer gregarine and water mite parasites,2015,Freshwater Biology,,https://www.scopus.com/inward/record.uri?partnerID=HzOxMe3b&scp=84924700249&origin=inward,https://www.scopus.com/inward/citedby.uri?partnerID=HzOxMe3b&scp=84924700249&origin=inward,,2026-04-12 18:56:48,Article,10.1111/fwb.12534,00465070,https://api.elsevier.com/content/abstract/scopus_id/84924700249,60,4,,,,1.5,15.0,1,10,,,,84924700249,2-s2.0-84924700249
1,Yébenes P.,Straightforward modeling of fully-connected dragonfly topologies in HPC-system simulators,2015,Proceedings of the 2015 International Conference on High Performance Computing and Simulation Hpcs 2015,,https://www.scopus.com/inward/record.uri?partnerID=HzOxMe3b&scp=84948414576&origin=inward,https://www.scopus.com/inward/citedby.uri?partnerID=HzOxMe3b&scp=84948414576&origin=inward,,2026-04-12 18:56:48,Conference Paper,10.1109/HPCSim.2015.7237037,,https://api.elsevier.com/content/abstract/scopus_id/84948414576,,,,,,0.1,1.0,1,10,,,,84948414576,2-s2.0-84948414576
22,Blanke A.,"Coding characters from different life stages for phylogenetic reconstruction: A case study on dragonfly adults and larvae, including a description of the larval head anatomy of Epiophlebia superstes (Odonata: Epiophlebiidae)",2015,Zoological Journal of the Linnean Society,,https://www.scopus.com/inward/record.uri?partnerID=HzOxMe3b&scp=84937611561&origin=inward,https://www.scopus.com/inward/citedby.uri?partnerID=HzOxMe3b&scp=84937611561&origin=inward,,2026-04-12 18:56:48,Article,10.1111/zoj.12258,00244082,https://api.elsevier.com/content/abstract/scopus_id/84937611561,174,4,,,,2.2,22.0,1,10,,,,84937611561,2-s2.0-84937611561
6,Renner S.,"Dragonflies (Odonata) from the Taquari River valley region, Rio Grande do Sul, Brazil",2015,Check List,,https://www.scopus.com/inward/record.uri?partnerID=HzOxMe3b&scp=84982698705&origin=inward,https://www.scopus.com/inward/citedby.uri?partnerID=HzOxMe3b&scp=84982698705&origin=inward,,2026-04-12 18:56:48,Article,10.15560/11.5.1740,,https://api.elsevier.com/content/abstract/scopus_id/84982698705,11,5,,,,0.6,6.0,1,10,,,,84982698705,2-s2.0-84982698705
5,Gahvari H.,Algebraic multigrid on a dragonfly network: First experiences on a cray XC30,2015,Lecture Notes in Computer Science Including Subseries Lecture Notes in Artificial Intelligence and Lecture Notes in Bioinformatics,,https://www.scopus.com/inward/record.uri?partnerID=HzOxMe3b&scp=84942549133&origin=inward,https://www.scopus.com/inward/citedby.uri?partnerID=HzOxMe3b&scp=84942549133&origin=inward,,2026-04-12 18:56:48,Conference Paper,10.1007/978-3-319-17248-4_1,03029743,https://api.elsevier.com/content/abstract/scopus_id/84942549133,8966,,,,,0.5,5.0,1,10,,,,84942549133,2-s2.0-84942549133
5,García M.,On-the-fly adaptive routing for dragonfly interconnection networks,2015,Journal of Supercomputing,,https://www.scopus.com/inward/record.uri?partnerID=HzOxMe3b&scp=84925507249&origin=inward,https://www.scopus.com/inward/citedby.uri?partnerID=HzOxMe3b&scp=84925507249&origin=inward,,2026-04-12 18:56:48,Article,10.1007/s11227-014-1357-9,09208542,https://api.elsevier.com/content/abstract/scopus_id/84925507249,71,3,,,,0.5,5.0,1,10,,,,84925507249,2-s2.0-84925507249
12,Renner S.,"Dragonflies (Odonata) from the taquari river valley region, Rio Grande do Sul, Brazil",2015,Check List,,https://www.scopus.com/inward/record.uri?partnerID=HzOxMe3b&scp=84941629557&origin=inward,https://www.scopus.com/inward/citedby.uri?partnerID=HzOxMe3b&scp=84941629557&origin=inward,,2026-04-12 18:56:48,Article,10.15560/11.5.1739,,https://api.elsevier.com/content/abstract/scopus_id/84941629557,11,5,,,,1.2,12.0,1,10,,,,84941629557,2-s2.0-84941629557
91,Hassall C.,Odonata as candidate macroecological barometers for global climate change,2015,Freshwater Science,,https://www.scopus.com/inward/record.uri?partnerID=HzOxMe3b&scp=84953722649&origin=inward,https://www.scopus.com/inward/citedby.uri?partnerID=HzOxMe3b&scp=84953722649&origin=inward,,2026-04-12 18:56:48,Article,10.1086/682210,21619549,https://api.elsevier.com/content/abstract/scopus_id/84953722649,34,3,,,,9.1,91.0,1,10,,,,84953722649,2-s2.0-84953722649
6,Lojewski J.A.,"The role of landmarks in territory maintenance by the black saddlebags dragonfly, Tramea lacerata",2015,Behavioral Ecology and Sociobiology,,https://www.scopus.com/inward/record.uri?partnerID=HzOxMe3b&scp=84925521361&origin=inward,https://www.scopus.com/inward/citedby.uri?partnerID=HzOxMe3b&scp=84925521361&origin=inward,,2026-04-12 18:56:48,Article,10.1007/s00265-014-1847-z,03405443,https://api.elsevier.com/content/abstract/scopus_id/84925521361,69,3,,,,0.6,6.0,1,10,,,,84925521361,2-s2.0-84925521361
2,Umezu S.,Fabrication of comb shape of leading edge wing of dragonfly,2015,Key Engineering Materials,,https://www.scopus.com/inward/record.uri?partnerID=HzOxMe3b&scp=84906336146&origin=inward,https://www.scopus.com/inward/citedby.uri?partnerID=HzOxMe3b&scp=84906336146&origin=inward,,2026-04-12 18:56:48,Conference Paper,10.4028/www.scientific.net/KEM.625.182,10139826,https://api.elsevier.com/content/abstract/scopus_id/84906336146,625,,,,,0.2,2.0,1,10,,,,84906336146,2-s2.0-84906336146
3,Schneider T.,New records of dragonflies (Odonata) from Belutschistan-e-Sistan province in Iran,2015,Zoology in the Middle East,,https://www.scopus.com/inward/record.uri?partnerID=HzOxMe3b&scp=84939473847&origin=inward,https://www.scopus.com/inward/citedby.uri?partnerID=HzOxMe3b&scp=84939473847&origin=inward,,2026-04-12 18:56:48,Short Survey,10.1080/09397140.2015.1069249,09397140,https://api.elsevier.com/content/abstract/scopus_id/84939473847,61,3,,,,0.3,3.0,1,10,,,,84939473847,2-s2.0-84939473847
9,Yébenes P.,Efficient queuing schemes for HoL-blocking reduction in dragonfly topologies with minimal-path routing,2015,Proceedings IEEE International Conference on Cluster Computing Iccc,,https://www.scopus.com/inward/record.uri?partnerID=HzOxMe3b&scp=84959263913&origin=inward,https://www.scopus.com/inward/citedby.uri?partnerID=HzOxMe3b&scp=84959263913&origin=inward,,2026-04-12 18:56:48,Conference Paper,10.1109/CLUSTER.2015.138,15525244,https://api.elsevier.com/content/abstract/scopus_id/84959263913,2015-October,,,,,0.9,9.0,1,10,,,,84959263913,2-s2.0-84959263913
0,Sasamoto A.,"Erratum: Anigosomphus yanagisawai sp. nov., a new gomphid dragonfly from northern Thailand (Odonata: Anisoptera: Gomphidae) (Zootaxa (2015) 3904, 3 (421-426))",2015,Zootaxa,,https://www.scopus.com/inward/record.uri?partnerID=HzOxMe3b&scp=84930526379&origin=inward,https://www.scopus.com/inward/citedby.uri?partnerID=HzOxMe3b&scp=84930526379&origin=inward,,2026-04-12 18:56:48,Erratum,10.11646/zootaxa.3920.4.10,11755326,https://api.elsevier.com/content/abstract/scopus_id/84930526379,3920,4,,,,0.0,0.0,1,10,,,,84930526379,2-s2.0-84930526379
15,Therry L.,Higher investment in flight morphology does not trade off with fecundity estimates in a poleward range-expanding damselfly,2015,Ecological Entomology,,https://www.scopus.com/inward/record.uri?partnerID=HzOxMe3b&scp=84924071511&origin=inward,https://www.scopus.com/inward/citedby.uri?partnerID=HzOxMe3b&scp=84924071511&origin=inward,,2026-04-12 18:56:48,Article,10.1111/een.12170,03076946,https://api.elsevier.com/content/abstract/scopus_id/84924071511,40,2,,,,1.5,15.0,1,10,,,,84924071511,2-s2.0-84924071511
39,Zheng D.,"The discovery of an Early Cretaceous dragonfly Hemeroscopus baissicus Pritykina, 1977 (Hemeroscopidae) in Jiuquan, Northwest China, and its stratigraphic implications",2015,Cretaceous Research,,https://www.scopus.com/inward/record.uri?partnerID=HzOxMe3b&scp=84918509443&origin=inward,https://www.scopus.com/inward/citedby.uri?partnerID=HzOxMe3b&scp=84918509443&origin=inward,,2026-04-12 18:56:48,Article,10.1016/j.cretres.2014.02.020,01956671,https://api.elsevier.com/content/abstract/scopus_id/84918509443,52,PB,,,,3.9,39.0,1,10,,,,84918509443,2-s2.0-84918509443
15,Willkommen J.,Functional morphology of the male caudal appendages ofthedamselfly Ischnura elegans (Zygoptera: Coenagrionidae),2015,Arthropod Structure and Development,,https://www.scopus.com/inward/record.uri?partnerID=HzOxMe3b&scp=84937728951&origin=inward,https://www.scopus.com/inward/citedby.uri?partnerID=HzOxMe3b&scp=84937728951&origin=inward,,2026-04-12 18:56:48,Article,10.1016/j.asd.2015.04.002,14678039,https://api.elsevier.com/content/abstract/scopus_id/84937728951,44,4,,,,1.5,15.0,1,10,,,,84937728951,2-s2.0-84937728951
39,Grutters B.,"Native and non-native plants provide similar refuge to invertebrate prey, but less than artificial plants",2015,Plos One,,https://www.scopus.com/inward/record.uri?partnerID=HzOxMe3b&scp=84929492196&origin=inward,https://www.scopus.com/inward/citedby.uri?partnerID=HzOxMe3b&scp=84929492196&origin=inward,,2026-04-12 18:56:48,Article,10.1371/journal.pone.0124455,,https://api.elsevier.com/content/abstract/scopus_id/84929492196,10,4,,,,3.9,39.0,1,10,,,,84929492196,2-s2.0-84929492196
1,Geary J.,Dragonfly directional sensor versus rocket-propelled grenades,2015,Optical Engineering,,https://www.scopus.com/inward/record.uri?partnerID=HzOxMe3b&scp=84923878740&origin=inward,https://www.scopus.com/inward/citedby.uri?partnerID=HzOxMe3b&scp=84923878740&origin=inward,,2026-04-12 18:56:48,Article,10.1117/1.OE.54.2.025115,00913286,https://api.elsevier.com/content/abstract/scopus_id/84923878740,54,2,,,,0.1,1.0,1,10,,,,84923878740,2-s2.0-84923878740
35,Powney G.,Trait correlates of distribution trends in the Odonata of Britain and Ireland,2015,Peerj,,https://www.scopus.com/inward/record.uri?partnerID=HzOxMe3b&scp=84949681662&origin=inward,https://www.scopus.com/inward/citedby.uri?partnerID=HzOxMe3b&scp=84949681662&origin=inward,,2026-04-12 18:56:48,Article,10.7717/peerj.1410,,https://api.elsevier.com/content/abstract/scopus_id/84949681662,2015,11,,,,3.5,35.0,1,10,,,,84949681662,2-s2.0-84949681662
3,Cherry R.,Effect of flood depth on rice water weevil (Coleoptera: Curculionidae) populations in Florida rice fields,2015,Journal of Entomological Science,,https://www.scopus.com/inward/record.uri?partnerID=HzOxMe3b&scp=84951062180&origin=inward,https://www.scopus.com/inward/citedby.uri?partnerID=HzOxMe3b&scp=84951062180&origin=inward,,2026-04-12 18:56:48,Article,10.18474/JES15-05.1,07498004,https://api.elsevier.com/content/abstract/scopus_id/84951062180,50,4,,,,0.3,3.0,1,10,,,,84951062180,2-s2.0-84951062180
30,Simaika J.,Predicted range shifts of dragonflies over a wide elevation gradient in the southern hemisphere,2015,Freshwater Science,,https://www.scopus.com/inward/record.uri?partnerID=HzOxMe3b&scp=84983212572&origin=inward,https://www.scopus.com/inward/citedby.uri?partnerID=HzOxMe3b&scp=84983212572&origin=inward,,2026-04-12 18:56:48,Article,10.1086/682686,21619549,https://api.elsevier.com/content/abstract/scopus_id/84983212572,34,3,,,,3.0,30.0,1,10,,,,84983212572,2-s2.0-84983212572
37,Hammill E.,Behavioural responses to predation may explain shifts in community structure,2015,Freshwater Biology,,https://www.scopus.com/inward/record.uri?partnerID=HzOxMe3b&scp=84915754071&origin=inward,https://www.scopus.com/inward/citedby.uri?partnerID=HzOxMe3b&scp=84915754071&origin=inward,,2026-04-12 18:56:48,Article,10.1111/fwb.12475,00465070,https://api.elsevier.com/content/abstract/scopus_id/84915754071,60,1,,,,3.7,37.0,1,10,,,,84915754071,2-s2.0-84915754071
0,Godé L.,Dragonflies (Odonata) in the Pedra Talhada Biological Reserve,2015,Boissiera,,https://www.scopus.com/inward/record.uri?partnerID=HzOxMe3b&scp=84951119346&origin=inward,https://www.scopus.com/inward/citedby.uri?partnerID=HzOxMe3b&scp=84951119346&origin=inward,,2026-04-12 18:56:48,Article,,03732975,https://api.elsevier.com/content/abstract/scopus_id/84951119346,68,,,,,0.0,0.0,1,10,,,,84951119346,2-s2.0-84951119346
5,Mlynarek J.J.,Regionally widespread parasitic water mites have relatively broad host-species ranges,2015,Canadian Journal of Zoology,,https://www.scopus.com/inward/record.uri?partnerID=HzOxMe3b&scp=84942900162&origin=inward,https://www.scopus.com/inward/citedby.uri?partnerID=HzOxMe3b&scp=84942900162&origin=inward,,2026-04-12 18:56:48,Article,10.1139/cjz-2015-0077,00084301,https://api.elsevier.com/content/abstract/scopus_id/84942900162,93,10,,,,0.5,5.0,1,10,,,,84942900162,2-s2.0-84942900162
0,Godé L.,Inventory of the Pedra Talhada Biological Reserve. IX: Dragonflies (Odonata),2015,Boissiera,,https://www.scopus.com/inward/record.uri?partnerID=HzOxMe3b&scp=84951006116&origin=inward,https://www.scopus.com/inward/citedby.uri?partnerID=HzOxMe3b&scp=84951006116&origin=inward,,2026-04-12 18:56:48,Article,,03732975,https://api.elsevier.com/content/abstract/scopus_id/84951006116,68,,,,,0.0,0.0,1,10,,,,84951006116,2-s2.0-84951006116
6,Furness A.N.,The potential of diversion structures to reduce roadway mortality of the endangered Hine’s emerald dragonfly (Somatochlora hineana),2015,Journal of Insect Conservation,,https://www.scopus.com/inward/record.uri?partnerID=HzOxMe3b&scp=84930924853&origin=inward,https://www.scopus.com/inward/citedby.uri?partnerID=HzOxMe3b&scp=84930924853&origin=inward,,2026-04-12 18:56:48,Article,10.1007/s10841-015-9765-6,1366638X,https://api.elsevier.com/content/abstract/scopus_id/84930924853,19,3,,,,0.6,6.0,1,10,,,,84930924853,2-s2.0-84930924853
9,Fuentes P.,Throughput unfairness in dragonfly networks under realistic traffic patterns,2015,Proceedings IEEE International Conference on Cluster Computing Iccc,,https://www.scopus.com/inward/record.uri?partnerID=HzOxMe3b&scp=84959284749&origin=inward,https://www.scopus.com/inward/citedby.uri?partnerID=HzOxMe3b&scp=84959284749&origin=inward,,2026-04-12 18:56:48,Conference Paper,10.1109/CLUSTER.2015.136,15525244,https://api.elsevier.com/content/abstract/scopus_id/84959284749,2015-October,,,,,0.9,9.0,1,10,,,,84959284749,2-s2.0-84959284749
5,Adriaens T.,"A first report of introduced non-native damselfly species (Zygoptera, Coenagrionidae) for Belgium",2015,Belgian Journal of Zoology,,https://www.scopus.com/inward/record.uri?partnerID=HzOxMe3b&scp=84931071395&origin=inward,https://www.scopus.com/inward/citedby.uri?partnerID=HzOxMe3b&scp=84931071395&origin=inward,,2026-04-12 18:56:48,Article,,07776276,https://api.elsevier.com/content/abstract/scopus_id/84931071395,145,1,,,,0.5,5.0,1,10,,,,84931071395,2-s2.0-84931071395
11,Mlynarek J.,"Differential water mite parasitism, phenoloxidase activity, and resistance to mites are unrelated across pairs of related damselfly species",2015,Plos One,,https://www.scopus.com/inward/record.uri?partnerID=HzOxMe3b&scp=84922711732&origin=inward,https://www.scopus.com/inward/citedby.uri?partnerID=HzOxMe3b&scp=84922711732&origin=inward,,2026-04-12 18:56:48,Article,10.1371/journal.pone.0115539,,https://api.elsevier.com/content/abstract/scopus_id/84922711732,10,2,,,,1.1,11.0,1,10,,,,84922711732,2-s2.0-84922711732
25,Hastings E.,Comparing global link arrangements for dragonfly networks,2015,Proceedings IEEE International Conference on Cluster Computing Iccc,,https://www.scopus.com/inward/record.uri?partnerID=HzOxMe3b&scp=84959256473&origin=inward,https://www.scopus.com/inward/citedby.uri?partnerID=HzOxMe3b&scp=84959256473&origin=inward,,2026-04-12 18:56:48,Conference Paper,10.1109/CLUSTER.2015.57,15525244,https://api.elsevier.com/content/abstract/scopus_id/84959256473,2015-October,,,,,2.5,25.0,1,10,,,,84959256473,2-s2.0-84959256473
1,Orr A.G.,"Nannophlebia leoboppi sp nov., a new dragonfly species from New Guinea (Odonata: Anisoptera: Libellulidae)",2015,Zootaxa,,https://www.scopus.com/inward/record.uri?partnerID=HzOxMe3b&scp=84930835581&origin=inward,https://www.scopus.com/inward/citedby.uri?partnerID=HzOxMe3b&scp=84930835581&origin=inward,,2026-04-12 18:56:48,Article,10.11646/zootaxa.3964.3.9,11755326,https://api.elsevier.com/content/abstract/scopus_id/84930835581,3964,3,,,,0.1,1.0,1,10,,,,84930835581,2-s2.0-84930835581
4,Sánchez-Guillén R.A.,"Confirmation of the presence of Ischnura senegalensis (Rambur, 1842) on the Canary Islands",2015,Animal Biodiversity and Conservation,,https://www.scopus.com/inward/record.uri?partnerID=HzOxMe3b&scp=84930459024&origin=inward,https://www.scopus.com/inward/citedby.uri?partnerID=HzOxMe3b&scp=84930459024&origin=inward,,2026-04-12 18:56:48,Article,10.32800/abc.2015.38.0071,1578665X,https://api.elsevier.com/content/abstract/scopus_id/84930459024,38,1,,,,0.4,4.0,1,10,,,,84930459024,2-s2.0-84930459024
30,Kirichenko A.,Optical observations of PSR J2021+3651 in the dragonfly nebula with the GTC,2015,Astrophysical Journal,,https://www.scopus.com/inward/record.uri?partnerID=HzOxMe3b&scp=84925848463&origin=inward,https://www.scopus.com/inward/citedby.uri?partnerID=HzOxMe3b&scp=84925848463&origin=inward,,2026-04-12 18:56:48,Article,10.1088/0004-637X/802/1/17,0004637X,https://api.elsevier.com/content/abstract/scopus_id/84925848463,802,1,,,,3.0,30.0,1,10,,,,84925848463,2-s2.0-84925848463
58,Mccauley S.J.,"Effects of experimental warming on survival, phenology, and morphology of an aquatic insect (Odonata)",2015,Ecological Entomology,,https://www.scopus.com/inward/record.uri?partnerID=HzOxMe3b&scp=84927103202&origin=inward,https://www.scopus.com/inward/citedby.uri?partnerID=HzOxMe3b&scp=84927103202&origin=inward,,2026-04-12 18:56:48,Article,10.1111/een.12175,03076946,https://api.elsevier.com/content/abstract/scopus_id/84927103202,40,3,,,,5.8,58.0,1,10,,,,84927103202,2-s2.0-84927103202
4,Sasamoto A.,"Anigosomphus yanagisawai sp. nov., a new gomphid dragonfly from northern Thailand (Odonata: Anisoptera: Gomphidae)",2015,Zootaxa,,https://www.scopus.com/inward/record.uri?partnerID=HzOxMe3b&scp=84923675513&origin=inward,https://www.scopus.com/inward/citedby.uri?partnerID=HzOxMe3b&scp=84923675513&origin=inward,,2026-04-12 18:56:48,Article,10.11646/zootaxa.3904.3.8,11755326,https://api.elsevier.com/content/abstract/scopus_id/84923675513,3904,3,,,,0.4,4.0,1,10,,,,84923675513,2-s2.0-84923675513
8,Zeiri A.,"A new libelluloid family from the Eocene Green River Formation (Colorado, USA) (Odonata, Anisoptera)",2015,Zootaxa,,https://www.scopus.com/inward/record.uri?partnerID=HzOxMe3b&scp=84945174120&origin=inward,https://www.scopus.com/inward/citedby.uri?partnerID=HzOxMe3b&scp=84945174120&origin=inward,,2026-04-12 18:56:48,Article,10.11646/zootaxa.4032.3.4,11755326,https://api.elsevier.com/content/abstract/scopus_id/84945174120,4032,3,,,,0.8,8.0,1,10,,,,84945174120,2-s2.0-84945174120
3,Garrison R.W.,"Mitragomphus ganzanus Needham, 1944, a geographically misplaced dragonfly, is a junior synonym of Gomphidia kirschii Selys, 1878 (Odonata: Gomphidae)",2015,Zootaxa,,https://www.scopus.com/inward/record.uri?partnerID=HzOxMe3b&scp=84930458440&origin=inward,https://www.scopus.com/inward/citedby.uri?partnerID=HzOxMe3b&scp=84930458440&origin=inward,,2026-04-12 18:56:48,Article,10.11646/zootaxa.3911.2.9,11755326,https://api.elsevier.com/content/abstract/scopus_id/84930458440,3911,2,,,,0.3,3.0,1,10,,,,84930458440,2-s2.0-84930458440
24,Nel A.,New dragonflies from the lower Cenomanian of France enlighten the timing of the odonatan turnover at the Early - Late Cretaceous boundary,2015,Cretaceous Research,,https://www.scopus.com/inward/record.uri?partnerID=HzOxMe3b&scp=84907741556&origin=inward,https://www.scopus.com/inward/citedby.uri?partnerID=HzOxMe3b&scp=84907741556&origin=inward,,2026-04-12 18:56:48,Article,10.1016/j.cretres.2014.08.005,01956671,https://api.elsevier.com/content/abstract/scopus_id/84907741556,52,PA,,,,2.4,24.0,1,10,,,,84907741556,2-s2.0-84907741556
12,Günther A.,"Signalling with clear wings during territorial behaviour and courtship of chlorocypha cancellata (Odonata, Chlorocyphidae)",2015,International Journal of Odonatology,,https://www.scopus.com/inward/record.uri?partnerID=HzOxMe3b&scp=84946175755&origin=inward,https://www.scopus.com/inward/citedby.uri?partnerID=HzOxMe3b&scp=84946175755&origin=inward,,2026-04-12 18:56:48,Article,10.1080/13887890.2015.1012182,13887890,https://api.elsevier.com/content/abstract/scopus_id/84946175755,18,1,,,,1.2,12.0,1,10,,,,84946175755,2-s2.0-84946175755
12,Cuevas-Yáñez K.,Conservation status assessment of Paraphlebia damselflies in Mexico,2015,Insect Conservation and Diversity,,https://www.scopus.com/inward/record.uri?partnerID=HzOxMe3b&scp=84946484087&origin=inward,https://www.scopus.com/inward/citedby.uri?partnerID=HzOxMe3b&scp=84946484087&origin=inward,,2026-04-12 18:56:48,Article,10.1111/icad.12132,1752458X,https://api.elsevier.com/content/abstract/scopus_id/84946484087,8,6,,,,1.2,12.0,1,10,,,,84946484087,2-s2.0-84946484087
3,Pospekhova N.,Morphology and ultrastructure of two schistotaeniid cysticercoids (Cestoda: Cyclophyllidea) From the haemocoele of the dragonfly larvae,2015,Parazitologiya,,https://www.scopus.com/inward/record.uri?partnerID=HzOxMe3b&scp=84964315343&origin=inward,https://www.scopus.com/inward/citedby.uri?partnerID=HzOxMe3b&scp=84964315343&origin=inward,,2026-04-12 18:56:48,Review,,00311847,https://api.elsevier.com/content/abstract/scopus_id/84964315343,49,5,,,,0.3,3.0,1,10,,,,84964315343,2-s2.0-84964315343
49,Orlofske S.,"It’s a predator–eat–parasite world: how characteristics of predator, parasite and environment affect consumption",2015,Oecologia,,https://www.scopus.com/inward/record.uri?partnerID=HzOxMe3b&scp=84930225976&origin=inward,https://www.scopus.com/inward/citedby.uri?partnerID=HzOxMe3b&scp=84930225976&origin=inward,,2026-04-12 18:56:48,Article,10.1007/s00442-015-3243-4,00298549,https://api.elsevier.com/content/abstract/scopus_id/84930225976,178,2,,,,4.9,49.0,1,10,,,,84930225976,2-s2.0-84930225976
34,Hayden M.T.,Thrice as easy to catch! Copper and temperature modulate predator-prey interactions in larval dragonflies and anurans,2015,Ecosphere,,https://www.scopus.com/inward/record.uri?partnerID=HzOxMe3b&scp=84928794012&origin=inward,https://www.scopus.com/inward/citedby.uri?partnerID=HzOxMe3b&scp=84928794012&origin=inward,,2026-04-12 18:56:48,Article,10.1890/ES14-00461.1,,https://api.elsevier.com/content/abstract/scopus_id/84928794012,6,4,,,,3.4,34.0,1,10,,,,84928794012,2-s2.0-84928794012
1,Śniegula S.,"Test for latitudinal variation of life history, behavior and mortality in the strictly univoltine damselfly Sympecma fusca (Zygoptera: Lestidae)",2015,Entomological Science,,https://www.scopus.com/inward/record.uri?partnerID=HzOxMe3b&scp=84942884989&origin=inward,https://www.scopus.com/inward/citedby.uri?partnerID=HzOxMe3b&scp=84942884989&origin=inward,,2026-04-12 18:56:48,Article,10.1111/ens.12139,13438786,https://api.elsevier.com/content/abstract/scopus_id/84942884989,18,4,,,,0.1,1.0,1,10,,,,84942884989,2-s2.0-84942884989
28,Xie C.,Vortex interactions between forewing and hindwing of dragonfly in hovering flight,2015,Theoretical and Applied Mechanics Letters,,https://www.scopus.com/inward/record.uri?partnerID=HzOxMe3b&scp=84929173166&origin=inward,https://www.scopus.com/inward/citedby.uri?partnerID=HzOxMe3b&scp=84929173166&origin=inward,,2026-04-12 18:56:48,Letter,10.1016/j.taml.2015.01.007,,https://api.elsevier.com/content/abstract/scopus_id/84929173166,5,1,,,,2.8,28.0,1,10,,,,84929173166,2-s2.0-84929173166
17,Schröter A.,"Update of the Odonata fauna of Georgia, southern Caucasus ecoregion",2015,Odonatologica,,https://www.scopus.com/inward/record.uri?partnerID=HzOxMe3b&scp=84954244688&origin=inward,https://www.scopus.com/inward/citedby.uri?partnerID=HzOxMe3b&scp=84954244688&origin=inward,,2026-04-12 18:56:48,Review,,03750183,https://api.elsevier.com/content/abstract/scopus_id/84954244688,44,3,,,,1.7,17.0,1,10,,,,84954244688,2-s2.0-84954244688
25,Xu M.,Ultraviolet wing signal affects territorial contest outcome in a sexually dimorphic damselfly,2015,Animal Behaviour,,https://www.scopus.com/inward/record.uri?partnerID=HzOxMe3b&scp=84921786874&origin=inward,https://www.scopus.com/inward/citedby.uri?partnerID=HzOxMe3b&scp=84921786874&origin=inward,,2026-04-12 18:56:48,Article,10.1016/j.anbehav.2014.12.018,00033472,https://api.elsevier.com/content/abstract/scopus_id/84921786874,101,,,,,2.5,25.0,1,10,,,,84921786874,2-s2.0-84921786874
9,Barnard A.,"Melanic individuals in color polymorphic enallagma damselflies result from phenotypic, not genetic, variation",2015,International Journal of Odonatology,,https://www.scopus.com/inward/record.uri?partnerID=HzOxMe3b&scp=84928086019&origin=inward,https://www.scopus.com/inward/citedby.uri?partnerID=HzOxMe3b&scp=84928086019&origin=inward,,2026-04-12 18:56:48,Article,10.1080/13887890.2014.967316,13887890,https://api.elsevier.com/content/abstract/scopus_id/84928086019,18,1,,,,0.9,9.0,1,10,,,,84928086019,2-s2.0-84928086019
5,Swaegers J.,Genetic signature of the colonisation dynamics along a coastal expansion front in the damselfly Coenagrion scitulum,2015,Ecological Entomology,,https://www.scopus.com/inward/record.uri?partnerID=HzOxMe3b&scp=84935709303&origin=inward,https://www.scopus.com/inward/citedby.uri?partnerID=HzOxMe3b&scp=84935709303&origin=inward,,2026-04-12 18:56:48,Article,10.1111/een.12189,03076946,https://api.elsevier.com/content/abstract/scopus_id/84935709303,40,4,,,,0.5,5.0,1,10,,,,84935709303,2-s2.0-84935709303
2,Andrew R.J.,"Egg shell ultrastructure of the dragonfly, Micrathyria dictynna Ris (Anisoptera: Libellulidae)",2015,Zoologischer Anzeiger,,https://www.scopus.com/inward/record.uri?partnerID=HzOxMe3b&scp=84930045027&origin=inward,https://www.scopus.com/inward/citedby.uri?partnerID=HzOxMe3b&scp=84930045027&origin=inward,,2026-04-12 18:56:48,Article,10.1016/j.jcz.2014.09.003,00445231,https://api.elsevier.com/content/abstract/scopus_id/84930045027,254,,,,,0.2,2.0,1,10,,,,84930045027,2-s2.0-84930045027
12,Theischinger G.,The genus Nososticto Hagen (Odonata: Platycnemididae) from the Papuan region with descriptions of ten new species group taxa,2015,Odonatologica,,https://www.scopus.com/inward/record.uri?partnerID=HzOxMe3b&scp=84930441195&origin=inward,https://www.scopus.com/inward/citedby.uri?partnerID=HzOxMe3b&scp=84930441195&origin=inward,,2026-04-12 18:56:48,Article,,03750183,https://api.elsevier.com/content/abstract/scopus_id/84930441195,44,1-2,,,,1.2,12.0,1,10,,,,84930441195,2-s2.0-84930441195
1,Amoroso N.,Duration of colonization and interactions between early and late colonists determine the effects of patch colonization history on patch biodiversity,2015,Oikos,,https://www.scopus.com/inward/record.uri?partnerID=HzOxMe3b&scp=84942673058&origin=inward,https://www.scopus.com/inward/citedby.uri?partnerID=HzOxMe3b&scp=84942673058&origin=inward,,2026-04-12 18:56:48,Article,10.1111/oik.01922,00301299,https://api.elsevier.com/content/abstract/scopus_id/84942673058,124,10,,,,0.1,1.0,1,10,,,,84942673058,2-s2.0-84942673058
31,Stockwell M.P.,Effects of pond salinization on survival rate of amphibian hosts infected with the chytrid fungus,2015,Conservation Biology,,https://www.scopus.com/inward/record.uri?partnerID=HzOxMe3b&scp=84924739425&origin=inward,https://www.scopus.com/inward/citedby.uri?partnerID=HzOxMe3b&scp=84924739425&origin=inward,,2026-04-12 18:56:48,Article,10.1111/cobi.12402,08888892,https://api.elsevier.com/content/abstract/scopus_id/84924739425,29,2,,,,3.1,31.0,1,10,,,,84924739425,2-s2.0-84924739425
14,Richards D.,Spatial variation in the impact of dragonflies and debris on recreational ecosystem services in a floodplain wetland,2015,Ecosystem Services,,https://www.scopus.com/inward/record.uri?partnerID=HzOxMe3b&scp=84941201792&origin=inward,https://www.scopus.com/inward/citedby.uri?partnerID=HzOxMe3b&scp=84941201792&origin=inward,,2026-04-12 18:56:48,Article,10.1016/j.ecoser.2015.08.005,22120416,https://api.elsevier.com/content/abstract/scopus_id/84941201792,15,,,,,1.4,14.0,1,10,,,,84941201792,2-s2.0-84941201792
5,Theischinger G.,"Macrocnemis gracilis, a new genus and species of Idiocnemidinae (Zygoptera: Platycnemididae) from Papua New Guinea",2015,Zootaxa,,https://www.scopus.com/inward/record.uri?partnerID=HzOxMe3b&scp=84937959211&origin=inward,https://www.scopus.com/inward/citedby.uri?partnerID=HzOxMe3b&scp=84937959211&origin=inward,,2026-04-12 18:56:48,Article,10.11646/zootaxa.3990.3.7,11755326,https://api.elsevier.com/content/abstract/scopus_id/84937959211,3990,3,,,,0.5,5.0,1,10,,,,84937959211,2-s2.0-84937959211
4,Mikolajewski D.,Behaviour and body size: plasticity and genotypic diversity in larval Ischnura elegans as a response to predators (Odonata: Coenagrionidae),2015,International Journal of Odonatology,,https://www.scopus.com/inward/record.uri?partnerID=HzOxMe3b&scp=84946166138&origin=inward,https://www.scopus.com/inward/citedby.uri?partnerID=HzOxMe3b&scp=84946166138&origin=inward,,2026-04-12 18:56:48,Article,10.1080/13887890.2015.1012653,13887890,https://api.elsevier.com/content/abstract/scopus_id/84946166138,18,1,,,,0.4,4.0,1,10,,,,84946166138,2-s2.0-84946166138
70,Suhling F.,Temperature response of growth of larval dragonflies – an overview,2015,International Journal of Odonatology,,https://www.scopus.com/inward/record.uri?partnerID=HzOxMe3b&scp=84946185314&origin=inward,https://www.scopus.com/inward/citedby.uri?partnerID=HzOxMe3b&scp=84946185314&origin=inward,,2026-04-12 18:56:48,Article,10.1080/13887890.2015.1009392,13887890,https://api.elsevier.com/content/abstract/scopus_id/84946185314,18,1,,,,7.0,70.0,1,10,,,,84946185314,2-s2.0-84946185314
20,Koparde P.,"Habitat correlates of Odonata species diversity in the northern Western Ghats, India",2015,Odonatologica,,https://www.scopus.com/inward/record.uri?partnerID=HzOxMe3b&scp=84930465968&origin=inward,https://www.scopus.com/inward/citedby.uri?partnerID=HzOxMe3b&scp=84930465968&origin=inward,,2026-04-12 18:56:48,Article,,03750183,https://api.elsevier.com/content/abstract/scopus_id/84930465968,44,1-2,,,,2.0,20.0,1,10,,,,84930465968,2-s2.0-84930465968
8,Combes S.,Dragonflies predict and plan their hunts,2015,Nature,,https://www.scopus.com/inward/record.uri?partnerID=HzOxMe3b&scp=84922668984&origin=inward,https://www.scopus.com/inward/citedby.uri?partnerID=HzOxMe3b&scp=84922668984&origin=inward,,2026-04-12 18:56:48,Short Survey,10.1038/nature14078,00280836,https://api.elsevier.com/content/abstract/scopus_id/84922668984,517,7534,,,,0.8,8.0,1,10,,,,84922668984,2-s2.0-84922668984
60,Murugan K.,Datura metel-synthesized silver nanoparticles magnify predation of dragonfly nymphs against the malaria vector Anopheles stephensi,2015,Parasitology Research,,https://www.scopus.com/inward/record.uri?partnerID=HzOxMe3b&scp=84943663634&origin=inward,https://www.scopus.com/inward/citedby.uri?partnerID=HzOxMe3b&scp=84943663634&origin=inward,,2026-04-12 18:56:48,Article,10.1007/s00436-015-4710-x,09320113,https://api.elsevier.com/content/abstract/scopus_id/84943663634,114,12,,,,6.0,60.0,1,10,,,,84943663634,2-s2.0-84943663634
85,Azam I.,"Evaluating Insects as Bioindicators of Heavy Metal Contamination and Accumulation near Industrial Area of Gujrat, Pakistan",2015,Biomed Research International,,https://www.scopus.com/inward/record.uri?partnerID=HzOxMe3b&scp=84934312279&origin=inward,https://www.scopus.com/inward/citedby.uri?partnerID=HzOxMe3b&scp=84934312279&origin=inward,,2026-04-12 18:56:48,Article,10.1155/2015/942751,23146133,https://api.elsevier.com/content/abstract/scopus_id/84934312279,2015,,,,,8.5,85.0,1,10,,,,84934312279,2-s2.0-84934312279
16,Zebsa R.,Adult movement pattern and habitat preferences of the maghribian endemic gomphus lucasii (odonata: Gomphidae),2015,Journal of Insect Science,,https://www.scopus.com/inward/record.uri?partnerID=HzOxMe3b&scp=85009843875&origin=inward,https://www.scopus.com/inward/citedby.uri?partnerID=HzOxMe3b&scp=85009843875&origin=inward,,2026-04-12 18:56:48,Article,10.1093/jisesa/iev128,,https://api.elsevier.com/content/abstract/scopus_id/85009843875,15,1,,,,1.6,16.0,1,10,,,,85009843875,2-s2.0-85009843875
3,Monroe E.M.,Single-sample estimation of effective population size in several populations of the endangered Hine's emerald dragonfly,2015,Freshwater Science,,https://www.scopus.com/inward/record.uri?partnerID=HzOxMe3b&scp=84953736272&origin=inward,https://www.scopus.com/inward/citedby.uri?partnerID=HzOxMe3b&scp=84953736272&origin=inward,,2026-04-12 18:56:48,Article,10.1086/682073,21619549,https://api.elsevier.com/content/abstract/scopus_id/84953736272,34,3,,,,0.3,3.0,1,10,,,,84953736272,2-s2.0-84953736272
17,Machado A.,"Two new genera and nine new species of damselflies from a localized area in Minas Gerais, Brazil (Odonata: Zygoptera)",2015,International Journal of Odonatology,,https://www.scopus.com/inward/record.uri?partnerID=HzOxMe3b&scp=84958149465&origin=inward,https://www.scopus.com/inward/citedby.uri?partnerID=HzOxMe3b&scp=84958149465&origin=inward,,2026-04-12 18:56:48,Article,10.1080/13887890.2015.1072113,13887890,https://api.elsevier.com/content/abstract/scopus_id/84958149465,18,4,,,,1.7,17.0,1,10,,,,84958149465,2-s2.0-84958149465
6,Chavez M.Y.,Differential larval responses of two ecologically similar insects (Odonata) to temperature and resource variation,2015,International Journal of Odonatology,,https://www.scopus.com/inward/record.uri?partnerID=HzOxMe3b&scp=84958175794&origin=inward,https://www.scopus.com/inward/citedby.uri?partnerID=HzOxMe3b&scp=84958175794&origin=inward,,2026-04-12 18:56:48,Article,10.1080/13887890.2015.1082946,13887890,https://api.elsevier.com/content/abstract/scopus_id/84958175794,18,4,,,,0.6,6.0,1,10,,,,84958175794,2-s2.0-84958175794
16,Chandler H.,The Effects of Habitat Structure on Winter Aquatic Invertebrate and Amphibian Communities in Pine Flatwoods Wetlands,2015,Wetlands,,https://www.scopus.com/inward/record.uri?partnerID=HzOxMe3b&scp=84948576861&origin=inward,https://www.scopus.com/inward/citedby.uri?partnerID=HzOxMe3b&scp=84948576861&origin=inward,,2026-04-12 18:56:48,Article,10.1007/s13157-015-0707-6,02775212,https://api.elsevier.com/content/abstract/scopus_id/84948576861,35,6,,,,1.6,16.0,1,10,,,,84948576861,2-s2.0-84948576861
15,Gvoždík L.,"Body size, swimming speed, or thermal sensitivity? Predator-imposed selection on amphibian larvae",2015,BMC Evolutionary Biology,,https://www.scopus.com/inward/record.uri?partnerID=HzOxMe3b&scp=84959091711&origin=inward,https://www.scopus.com/inward/citedby.uri?partnerID=HzOxMe3b&scp=84959091711&origin=inward,,2026-04-12 18:56:48,Article,10.1186/s12862-015-0522-y,,https://api.elsevier.com/content/abstract/scopus_id/84959091711,15,1,,,,1.5,15.0,1,10,,,,84959091711,2-s2.0-84959091711
13,Mlynarek J.J.,Testing the enemy release hypothesis in a native insect species with an expanding range,2015,Peerj,,https://www.scopus.com/inward/record.uri?partnerID=HzOxMe3b&scp=84948950371&origin=inward,https://www.scopus.com/inward/citedby.uri?partnerID=HzOxMe3b&scp=84948950371&origin=inward,,2026-04-12 18:56:48,Article,10.7717/peerj.1415,,https://api.elsevier.com/content/abstract/scopus_id/84948950371,2015,11,,,,1.3,13.0,1,10,,,,84948950371,2-s2.0-84948950371
2,Trueman J.W.H.,Can whole-drawer images measure up? A reply to Johnson et al. (2013)?,2015,Zookeys,,https://www.scopus.com/inward/record.uri?partnerID=HzOxMe3b&scp=84928611864&origin=inward,https://www.scopus.com/inward/citedby.uri?partnerID=HzOxMe3b&scp=84928611864&origin=inward,,2026-04-12 18:56:48,Article,10.3897/zookeys.500.9139,13132989,https://api.elsevier.com/content/abstract/scopus_id/84928611864,,500,,,,0.2,2.0,1,10,,,,84928611864,2-s2.0-84928611864
31,Chen Y.H.,Study of lift enhancing mechanisms via comparison of two distinct flapping patterns in the dragonfly Sympetrum flaveolum,2015,Physics of Fluids,,https://www.scopus.com/inward/record.uri?partnerID=HzOxMe3b&scp=84926199648&origin=inward,https://www.scopus.com/inward/citedby.uri?partnerID=HzOxMe3b&scp=84926199648&origin=inward,,2026-04-12 18:56:48,Article,10.1063/1.4916204,10706631,https://api.elsevier.com/content/abstract/scopus_id/84926199648,27,3,,,,3.1,31.0,1,10,,,,84926199648,2-s2.0-84926199648
10,Worthen W.,The effects of odonate species abundance and diversity on parasitism by water mites (Arrenurus spp.): Testing the dilution effect,2015,International Journal of Odonatology,,https://www.scopus.com/inward/record.uri?partnerID=HzOxMe3b&scp=84954362295&origin=inward,https://www.scopus.com/inward/citedby.uri?partnerID=HzOxMe3b&scp=84954362295&origin=inward,,2026-04-12 18:56:48,Article,10.1080/13887890.2015.1081112,13887890,https://api.elsevier.com/content/abstract/scopus_id/84954362295,18,3,,,,1.0,10.0,1,10,,,,84954362295,2-s2.0-84954362295
20,Kok J.M.,A low-cost simulation platform for flapping wing MAVs,2015,Proceedings of SPIE the International Society for Optical Engineering,,https://www.scopus.com/inward/record.uri?partnerID=HzOxMe3b&scp=84937143901&origin=inward,https://www.scopus.com/inward/citedby.uri?partnerID=HzOxMe3b&scp=84937143901&origin=inward,,2026-04-12 18:56:48,Conference Paper,10.1117/12.2084142,0277786X,https://api.elsevier.com/content/abstract/scopus_id/84937143901,9429,January,,,,2.0,20.0,1,10,,,,84937143901,2-s2.0-84937143901
0,Murányi D.,"Review and contribution to the odonata fauna of sălaj county, romania",2015,Studia Universitatis Vasile Goldis Arad Seria Stiintele Vietii,,https://www.scopus.com/inward/record.uri?partnerID=HzOxMe3b&scp=84957801976&origin=inward,https://www.scopus.com/inward/citedby.uri?partnerID=HzOxMe3b&scp=84957801976&origin=inward,,2026-04-12 18:56:48,Article,,15842363,https://api.elsevier.com/content/abstract/scopus_id/84957801976,25,4,,,,0.0,0.0,1,10,,,,84957801976,2-s2.0-84957801976
4,Barry M.,Effects of resource distribution on the cost of predator avoidance behaviour in tadpoles,2015,Hydrobiologia,,https://www.scopus.com/inward/record.uri?partnerID=HzOxMe3b&scp=84938967798&origin=inward,https://www.scopus.com/inward/citedby.uri?partnerID=HzOxMe3b&scp=84938967798&origin=inward,,2026-04-12 18:56:48,Article,10.1007/s10750-015-2276-3,00188158,https://api.elsevier.com/content/abstract/scopus_id/84938967798,758,1,,,,0.4,4.0,1,10,,,,84938967798,2-s2.0-84938967798
18,Wang W.P.,Large-scale proton radiography with micrometer spatial resolution using femtosecond petawatt laser system,2015,Aip Advances,,https://www.scopus.com/inward/record.uri?partnerID=HzOxMe3b&scp=84945250454&origin=inward,https://www.scopus.com/inward/citedby.uri?partnerID=HzOxMe3b&scp=84945250454&origin=inward,,2026-04-12 18:56:48,Article,10.1063/1.4934485,,https://api.elsevier.com/content/abstract/scopus_id/84945250454,5,10,,,,1.8,18.0,1,10,,,,84945250454,2-s2.0-84945250454
7,De Lourdes Gómez-Tolosa M.,Odonata (Insecta) from three basins of Chiapas' coast: Species checklist and a new record,2015,Revista Mexicana De Biodiversidad,,https://www.scopus.com/inward/record.uri?partnerID=HzOxMe3b&scp=84955614261&origin=inward,https://www.scopus.com/inward/citedby.uri?partnerID=HzOxMe3b&scp=84955614261&origin=inward,,2026-04-12 18:56:48,Article,10.7550/rmb.48665,18703453,https://api.elsevier.com/content/abstract/scopus_id/84955614261,86,1,,,,0.7,7.0,1,10,,,,84955614261,2-s2.0-84955614261
0,Orr A.G.,"Reported ovo-viviparity in Heliocypha perforata (Odonata: Chlorocyphidae) – reassessment of the evidence, based partly on examination of the female reproductive system and mature eggs",2015,International Journal of Odonatology,,https://www.scopus.com/inward/record.uri?partnerID=HzOxMe3b&scp=84934764795&origin=inward,https://www.scopus.com/inward/citedby.uri?partnerID=HzOxMe3b&scp=84934764795&origin=inward,,2026-04-12 18:56:48,Article,10.1080/13887890.2015.1040857,13887890,https://api.elsevier.com/content/abstract/scopus_id/84934764795,18,2,,,,0.0,0.0,1,10,,,,84934764795,2-s2.0-84934764795
7,Mori T.,Gene expression profiles in Rana pirica tadpoles following exposure to a predation threat,2015,BMC Genomics,,https://www.scopus.com/inward/record.uri?partnerID=HzOxMe3b&scp=84928169820&origin=inward,https://www.scopus.com/inward/citedby.uri?partnerID=HzOxMe3b&scp=84928169820&origin=inward,,2026-04-12 18:56:48,Article,10.1186/s12864-015-1389-4,,https://api.elsevier.com/content/abstract/scopus_id/84928169820,16,1,,,,0.7,7.0,1,10,,,,84928169820,2-s2.0-84928169820
39,Garrison R.W.,Damselflies of the genus Argia of the Guiana Shield (Odonata: Coenagrionidae),2015,Zootaxa,,https://www.scopus.com/inward/record.uri?partnerID=HzOxMe3b&scp=84947213927&origin=inward,https://www.scopus.com/inward/citedby.uri?partnerID=HzOxMe3b&scp=84947213927&origin=inward,,2026-04-12 18:56:48,Article,10.11646/zootaxa.4042.1.1,11755326,https://api.elsevier.com/content/abstract/scopus_id/84947213927,4042,1,,,,3.9,39.0,1,10,,,,84947213927,2-s2.0-84947213927
20,Fincke O.M.,Trade-offs in female signal apparency to males offer alternative anti-harassment strategies for colour polymorphic females,2015,Journal of Evolutionary Biology,,https://www.scopus.com/inward/record.uri?partnerID=HzOxMe3b&scp=84928060298&origin=inward,https://www.scopus.com/inward/citedby.uri?partnerID=HzOxMe3b&scp=84928060298&origin=inward,,2026-04-12 18:56:48,Article,10.1111/jeb.12623,1010061X,https://api.elsevier.com/content/abstract/scopus_id/84928060298,28,4,,,,2.0,20.0,1,10,,,,84928060298,2-s2.0-84928060298
11,Córdoba-Aguilar A.,To be or not to be? Mating success and survival trade-offs when switching between alternative reproductive tactics,2015,Journal of Evolutionary Biology,,https://www.scopus.com/inward/record.uri?partnerID=HzOxMe3b&scp=84946495505&origin=inward,https://www.scopus.com/inward/citedby.uri?partnerID=HzOxMe3b&scp=84946495505&origin=inward,,2026-04-12 18:56:48,Article,10.1111/jeb.12721,1010061X,https://api.elsevier.com/content/abstract/scopus_id/84946495505,28,11,,,,1.1,11.0,1,10,,,,84946495505,2-s2.0-84946495505
80,Sentis A.,Thermal acclimation modulates the impacts of temperature and enrichment on trophic interaction strengths and population dynamics,2015,Global Change Biology,,https://www.scopus.com/inward/record.uri?partnerID=HzOxMe3b&scp=84942294599&origin=inward,https://www.scopus.com/inward/citedby.uri?partnerID=HzOxMe3b&scp=84942294599&origin=inward,,2026-04-12 18:56:48,Article,10.1111/gcb.12931,13541013,https://api.elsevier.com/content/abstract/scopus_id/84942294599,21,9,,,,8.0,80.0,1,10,,,,84942294599,2-s2.0-84942294599
3,Lee H.,Prevention of exponential equivalence in simple password exponential key exchange (SPEKE),2015,Symmetry,,https://www.scopus.com/inward/record.uri?partnerID=HzOxMe3b&scp=84942278801&origin=inward,https://www.scopus.com/inward/citedby.uri?partnerID=HzOxMe3b&scp=84942278801&origin=inward,,2026-04-12 18:56:48,Article,10.3390/sym7031587,,https://api.elsevier.com/content/abstract/scopus_id/84942278801,7,3,,,,0.3,3.0,1,10,,,,84942278801,2-s2.0-84942278801
147,De Marco P.,Community assembly of adult odonates in tropical streams: An ecophysiological hypothesis,2015,Plos One,,https://www.scopus.com/inward/record.uri?partnerID=HzOxMe3b&scp=84929340740&origin=inward,https://www.scopus.com/inward/citedby.uri?partnerID=HzOxMe3b&scp=84929340740&origin=inward,,2026-04-12 18:56:48,Article,10.1371/journal.pone.0123023,,https://api.elsevier.com/content/abstract/scopus_id/84929340740,10,4,,,,14.7,147.0,1,10,,,,84929340740,2-s2.0-84929340740
8,Wesner J.S.,Habitat selection and consumption across a landscape of multiple predators,2015,Ecology and Evolution,,https://www.scopus.com/inward/record.uri?partnerID=HzOxMe3b&scp=84920488940&origin=inward,https://www.scopus.com/inward/citedby.uri?partnerID=HzOxMe3b&scp=84920488940&origin=inward,,2026-04-12 18:56:48,Article,10.1002/ece3.1256,,https://api.elsevier.com/content/abstract/scopus_id/84920488940,5,1,,,,0.8,8.0,1,10,,,,84920488940,2-s2.0-84920488940
21,Minami K.,Free flight simulations of a dragonfly-like flapping wing-body model using the immersed boundary-lattice Boltzmann method,2015,Fluid Dynamics Research,,https://www.scopus.com/inward/record.uri?partnerID=HzOxMe3b&scp=84922384141&origin=inward,https://www.scopus.com/inward/citedby.uri?partnerID=HzOxMe3b&scp=84922384141&origin=inward,,2026-04-12 18:56:48,Article,10.1088/0169-5983/47/1/015505,01695983,https://api.elsevier.com/content/abstract/scopus_id/84922384141,47,1,,,,2.1,21.0,1,10,,,,84922384141,2-s2.0-84922384141
37,Mendes T.P.,Setting boundaries: Environmental and spatial effects on Odonata larvae distribution (Insecta),2015,Anais Da Academia Brasileira De Ciencias,,https://www.scopus.com/inward/record.uri?partnerID=HzOxMe3b&scp=84925954471&origin=inward,https://www.scopus.com/inward/citedby.uri?partnerID=HzOxMe3b&scp=84925954471&origin=inward,,2026-04-12 18:56:48,Article,10.1590/0001-3765201520130477,00013765,https://api.elsevier.com/content/abstract/scopus_id/84925954471,87,1,,,,3.7,37.0,1,10,,,,84925954471,2-s2.0-84925954471
19,Arambourou H.,Warmer winters modulate life history and energy storage but do not affect sensitivity to a widespread pesticide in an aquatic insect,2015,Aquatic Toxicology,,https://www.scopus.com/inward/record.uri?partnerID=HzOxMe3b&scp=84938797941&origin=inward,https://www.scopus.com/inward/citedby.uri?partnerID=HzOxMe3b&scp=84938797941&origin=inward,,2026-04-12 18:56:48,Article,10.1016/j.aquatox.2015.07.018,0166445X,https://api.elsevier.com/content/abstract/scopus_id/84938797941,167,,,,,1.9,19.0,1,10,,,,84938797941,2-s2.0-84938797941
24,Troyer R.R.,Chemosensory perception of predators by larval amphibians depends on water quality,2015,Plos One,,https://www.scopus.com/inward/record.uri?partnerID=HzOxMe3b&scp=84938634524&origin=inward,https://www.scopus.com/inward/citedby.uri?partnerID=HzOxMe3b&scp=84938634524&origin=inward,,2026-04-12 18:56:48,Article,10.1371/journal.pone.0131516,,https://api.elsevier.com/content/abstract/scopus_id/84938634524,10,6,,,,2.4,24.0,1,10,,,,84938634524,2-s2.0-84938634524
25,Emonts B.H.C.,A CO-rich merger shaping a powerful and hyperluminous infrared radio galaxy at z = 2: The Dragonfly Galaxy,2015,Monthly Notices of the Royal Astronomical Society,,https://www.scopus.com/inward/record.uri?partnerID=HzOxMe3b&scp=84938220715&origin=inward,https://www.scopus.com/inward/citedby.uri?partnerID=HzOxMe3b&scp=84938220715&origin=inward,,2026-04-12 18:56:48,Article,10.1093/mnras/stv930,00358711,https://api.elsevier.com/content/abstract/scopus_id/84938220715,451,1,,,,2.5,25.0,1,10,,,,84938220715,2-s2.0-84938220715
11,Vieira V.,First record of Pantala flavescens from the Azores (Odonata: Libellulidae),2015,Odonatologica,,https://www.scopus.com/inward/record.uri?partnerID=HzOxMe3b&scp=84930423138&origin=inward,https://www.scopus.com/inward/citedby.uri?partnerID=HzOxMe3b&scp=84930423138&origin=inward,,2026-04-12 18:56:48,Article,,03750183,https://api.elsevier.com/content/abstract/scopus_id/84930423138,44,1-2,,,,1.1,11.0,1,10,,,,84930423138,2-s2.0-84930423138
14,Schiel F.J.,"Hatching phenology of Odonata species inhabiting temporary and permanent water bodies (Odonata: Lestidae, Aeshnidae, Libellulidae)",2015,International Journal of Odonatology,,https://www.scopus.com/inward/record.uri?partnerID=HzOxMe3b&scp=84934871912&origin=inward,https://www.scopus.com/inward/citedby.uri?partnerID=HzOxMe3b&scp=84934871912&origin=inward,,2026-04-12 18:56:48,Article,10.1080/13887890.2015.1009391,13887890,https://api.elsevier.com/content/abstract/scopus_id/84934871912,18,2,,,,1.4,14.0,1,10,,,,84934871912,2-s2.0-84934871912
14,Shaffery H.M.,Predator-Induced Defenses in Five Species of Larval Ambystoma,2015,Copeia,,https://www.scopus.com/inward/record.uri?partnerID=HzOxMe3b&scp=84938901425&origin=inward,https://www.scopus.com/inward/citedby.uri?partnerID=HzOxMe3b&scp=84938901425&origin=inward,,2026-04-12 18:56:48,Article,10.1643/CE-14-043,00458511,https://api.elsevier.com/content/abstract/scopus_id/84938901425,103,3,,,,1.4,14.0,1,10,,,,84938901425,2-s2.0-84938901425
12,Rolfhus K.,"Mercury in streams at Grand Portage National Monument (Minnesota, USA): Assessment of ecosystem sensitivity and ecological risk",2015,Science of the Total Environment,,https://www.scopus.com/inward/record.uri?partnerID=HzOxMe3b&scp=84922287462&origin=inward,https://www.scopus.com/inward/citedby.uri?partnerID=HzOxMe3b&scp=84922287462&origin=inward,,2026-04-12 18:56:48,Article,10.1016/j.scitotenv.2015.01.079,00489697,https://api.elsevier.com/content/abstract/scopus_id/84922287462,514,,,,,1.2,12.0,1,10,,,,84922287462,2-s2.0-84922287462
3,Holuša O.,"Description of the female of Cordulegaster vanbrinkae (Lohmann, 1993) (Odonata: Anisoptera: Cordulegastridae)",2015,Zootaxa,,https://www.scopus.com/inward/record.uri?partnerID=HzOxMe3b&scp=84930809182&origin=inward,https://www.scopus.com/inward/citedby.uri?partnerID=HzOxMe3b&scp=84930809182&origin=inward,,2026-04-12 18:56:48,Article,10.11646/zootaxa.3949.2.5,11755326,https://api.elsevier.com/content/abstract/scopus_id/84930809182,3949,2,,,,0.3,3.0,1,10,,,,84930809182,2-s2.0-84930809182
12,Bots J.,Frequency-dependent selection on female morphs driven by premating interactions with males,2015,American Naturalist,,https://www.scopus.com/inward/record.uri?partnerID=HzOxMe3b&scp=84933518512&origin=inward,https://www.scopus.com/inward/citedby.uri?partnerID=HzOxMe3b&scp=84933518512&origin=inward,,2026-04-12 18:56:48,Article,10.1086/681005,00030147,https://api.elsevier.com/content/abstract/scopus_id/84933518512,186,1,,,,1.2,12.0,1,10,,,,84933518512,2-s2.0-84933518512
6,Torres-Cambas Y.,"Hypolestes hatuey sp. nov.: A new species of the enigmatic genus Hypolestes (Odonata, Hypolestidae) from Hispaniola",2015,Zootaxa,,https://www.scopus.com/inward/record.uri?partnerID=HzOxMe3b&scp=84939216552&origin=inward,https://www.scopus.com/inward/citedby.uri?partnerID=HzOxMe3b&scp=84939216552&origin=inward,,2026-04-12 18:56:48,Article,10.11646/zootaxa.4000.2.2,11755326,https://api.elsevier.com/content/abstract/scopus_id/84939216552,4000,2,,,,0.6,6.0,1,10,,,,84939216552,2-s2.0-84939216552
5,Dohad S.,"Diagnostic imaging capabilities of the Ocelot -Optical Coherence Tomography System, ex-vivo evaluation and clinical relevance",2015,BMC Medical Imaging,,https://www.scopus.com/inward/record.uri?partnerID=HzOxMe3b&scp=84947209881&origin=inward,https://www.scopus.com/inward/citedby.uri?partnerID=HzOxMe3b&scp=84947209881&origin=inward,,2026-04-12 18:56:48,Article,10.1186/s12880-015-0098-4,,https://api.elsevier.com/content/abstract/scopus_id/84947209881,15,1,,,,0.5,5.0,1,10,,,,84947209881,2-s2.0-84947209881
26,Emonts B.H.C.,The Dragonfly Galaxy: II. ALMA unveils a triple merger and gas exchange in a hyper-luminous radio galaxy at z = 2,2015,Astronomy and Astrophysics,,https://www.scopus.com/inward/record.uri?partnerID=HzOxMe3b&scp=84948978860&origin=inward,https://www.scopus.com/inward/citedby.uri?partnerID=HzOxMe3b&scp=84948978860&origin=inward,,2026-04-12 18:56:48,Article,10.1051/0004-6361/201526090,00046361,https://api.elsevier.com/content/abstract/scopus_id/84948978860,584,,,,,2.6,26.0,1,10,,,,84948978860,2-s2.0-84948978860
11,Gosden T.P.,Asymmetric isolating barriers between different microclimatic environments caused by low immigrant survival,2015,Proceedings of the Royal Society B Biological Sciences,,https://www.scopus.com/inward/record.uri?partnerID=HzOxMe3b&scp=84921978886&origin=inward,https://www.scopus.com/inward/citedby.uri?partnerID=HzOxMe3b&scp=84921978886&origin=inward,,2026-04-12 18:56:48,Article,10.1098/rspb.2014.2459,09628452,https://api.elsevier.com/content/abstract/scopus_id/84921978886,282,1802,,,,1.1,11.0,1,10,,,,84921978886,2-s2.0-84921978886
10,Bernard R.,"Cordulegaster heros and Somatochlora meridionalis in Ukraine: Solving the zoogeographical puzzle at their northern range limits (Odonata: Cordulegastridae, Corduliidae)",2015,Odonatologica,,https://www.scopus.com/inward/record.uri?partnerID=HzOxMe3b&scp=84954216222&origin=inward,https://www.scopus.com/inward/citedby.uri?partnerID=HzOxMe3b&scp=84954216222&origin=inward,,2026-04-12 18:56:48,Article,,03750183,https://api.elsevier.com/content/abstract/scopus_id/84954216222,44,3,,,,1.0,10.0,1,10,,,,84954216222,2-s2.0-84954216222
3,Domeneghetti D.,"Odonata species richness in the Castelporziano presidential estate, present and past",2015,Rendiconti Lincei,,https://www.scopus.com/inward/record.uri?partnerID=HzOxMe3b&scp=84949107440&origin=inward,https://www.scopus.com/inward/citedby.uri?partnerID=HzOxMe3b&scp=84949107440&origin=inward,,2026-04-12 18:56:48,Article,10.1007/s12210-015-0426-1,20374631,https://api.elsevier.com/content/abstract/scopus_id/84949107440,26,,,,,0.3,3.0,1,10,,,,84949107440,2-s2.0-84949107440
3,Zia A.,"First record of genus Protosticta Selys, 1885 (Odonata: Zygoptera: Platystictidae) for Pakistan",2015,Pakistan Journal of Zoology,,https://www.scopus.com/inward/record.uri?partnerID=HzOxMe3b&scp=84932106985&origin=inward,https://www.scopus.com/inward/citedby.uri?partnerID=HzOxMe3b&scp=84932106985&origin=inward,,2026-04-12 18:56:48,Article,,00309923,https://api.elsevier.com/content/abstract/scopus_id/84932106985,47,3,,,,0.3,3.0,1,10,,,,84932106985,2-s2.0-84932106985
39,Vanacker M.,Determining tipping points in aquatic ecosystems: The case of biodiversity and chlorophyll α relations in fish pond systems,2015,Ecological Indicators,,https://www.scopus.com/inward/record.uri?partnerID=HzOxMe3b&scp=84983565596&origin=inward,https://www.scopus.com/inward/citedby.uri?partnerID=HzOxMe3b&scp=84983565596&origin=inward,,2026-04-12 18:56:48,Article,10.1016/j.ecolind.2014.12.011,1470160X,https://api.elsevier.com/content/abstract/scopus_id/84983565596,52,,,,,3.9,39.0,1,10,,,,84983565596,2-s2.0-84983565596
5,Bried J.T.,Directions in dragonfly applied ecology and conservation science,2015,Freshwater Science,,https://www.scopus.com/inward/record.uri?partnerID=HzOxMe3b&scp=84953715451&origin=inward,https://www.scopus.com/inward/citedby.uri?partnerID=HzOxMe3b&scp=84953715451&origin=inward,,2026-04-12 18:56:48,Article,10.1086/682393,21619549,https://api.elsevier.com/content/abstract/scopus_id/84953715451,34,3,,,,0.5,5.0,1,10,,,,84953715451,2-s2.0-84953715451
5,Holuša O.,Habitat choice of Cordulegaster vanbrinkae in Iran (Odonata: Cordulegastridae),2015,Odonatologica,,https://www.scopus.com/inward/record.uri?partnerID=HzOxMe3b&scp=84930429512&origin=inward,https://www.scopus.com/inward/citedby.uri?partnerID=HzOxMe3b&scp=84930429512&origin=inward,,2026-04-12 18:56:48,Article,,03750183,https://api.elsevier.com/content/abstract/scopus_id/84930429512,44,1-2,,,,0.5,5.0,1,10,,,,84930429512,2-s2.0-84930429512
17,Chen M.Y.,"Mitochondrial genome of a flashwing demoiselle, Vestalis melania from the Philippine Archipelago",2015,Mitochondrial DNA,,https://www.scopus.com/inward/record.uri?partnerID=HzOxMe3b&scp=84942311285&origin=inward,https://www.scopus.com/inward/citedby.uri?partnerID=HzOxMe3b&scp=84942311285&origin=inward,,2026-04-12 18:56:48,Article,10.3109/19401736.2013.845757,19401736,https://api.elsevier.com/content/abstract/scopus_id/84942311285,26,5,,,,1.7,17.0,1,10,,,,84942311285,2-s2.0-84942311285
0,Schütte C.,Dorsolateral cuticular outgrowths in second stadium larvae of gomphus flavipes (Odonata: Gomphidae),2015,International Journal of Odonatology,,https://www.scopus.com/inward/record.uri?partnerID=HzOxMe3b&scp=84946171457&origin=inward,https://www.scopus.com/inward/citedby.uri?partnerID=HzOxMe3b&scp=84946171457&origin=inward,,2026-04-12 18:56:48,Article,10.1080/13887890.2015.1013512,13887890,https://api.elsevier.com/content/abstract/scopus_id/84946171457,18,1,,,,0.0,0.0,1,10,,,,84946171457,2-s2.0-84946171457
2,Bagheri Z.,Robustness and real-time performance of an insect inspired target tracking algorithm under natural conditions,2015,Proceedings 2015 IEEE Symposium Series on Computational Intelligence Ssci 2015,,https://www.scopus.com/inward/record.uri?partnerID=HzOxMe3b&scp=84964933151&origin=inward,https://www.scopus.com/inward/citedby.uri?partnerID=HzOxMe3b&scp=84964933151&origin=inward,,2026-04-12 18:56:48,Conference Paper,10.1109/SSCI.2015.24,,https://api.elsevier.com/content/abstract/scopus_id/84964933151,,,,,,0.2,2.0,1,10,,,,84964933151,2-s2.0-84964933151
6,Kosterin O.E.,"Taxonomic and faunal notes on Macromia Rambur, 1842 from Cambodia (Odonata: Macromiidae)",2015,Odonatologica,,https://www.scopus.com/inward/record.uri?partnerID=HzOxMe3b&scp=84930455293&origin=inward,https://www.scopus.com/inward/citedby.uri?partnerID=HzOxMe3b&scp=84930455293&origin=inward,,2026-04-12 18:56:48,Article,,03750183,https://api.elsevier.com/content/abstract/scopus_id/84930455293,44,1-2,,,,0.6,6.0,1,10,,,,84930455293,2-s2.0-84930455293
0,Petrischak H.,"Adventure world of garden pond: From grass snakes, great diving beetles and dragonflies",2015,Biologie in Unserer Zeit,,https://www.scopus.com/inward/record.uri?partnerID=HzOxMe3b&scp=84925257162&origin=inward,https://www.scopus.com/inward/citedby.uri?partnerID=HzOxMe3b&scp=84925257162&origin=inward,,2026-04-12 18:56:48,Article,10.1002/biuz.201590011,0045205X,https://api.elsevier.com/content/abstract/scopus_id/84925257162,45,1,,,,0.0,0.0,1,10,,,,84925257162,2-s2.0-84925257162
0,Perrin V.,Dragonflies,2015,British Wildlife,,https://www.scopus.com/inward/record.uri?partnerID=HzOxMe3b&scp=84925329100&origin=inward,https://www.scopus.com/inward/citedby.uri?partnerID=HzOxMe3b&scp=84925329100&origin=inward,,2026-04-12 18:56:48,Article,,09580956,https://api.elsevier.com/content/abstract/scopus_id/84925329100,26,3,,,,0.0,0.0,1,10,,,,84925329100,2-s2.0-84925329100
6,Martens A.,Alternative oviposition tactics in zygonyx torridus (kirby) (odonata: libellulidae): modes and sequential flexibility,2015,International Journal of Odonatology,,https://www.scopus.com/inward/record.uri?partnerID=HzOxMe3b&scp=84946157500&origin=inward,https://www.scopus.com/inward/citedby.uri?partnerID=HzOxMe3b&scp=84946157500&origin=inward,,2026-04-12 18:56:48,Article,10.1080/13887890.2015.1017014,13887890,https://api.elsevier.com/content/abstract/scopus_id/84946157500,18,1,,,,0.6,6.0,1,10,,,,84946157500,2-s2.0-84946157500
108,Lagorio M.G.,Reviewing the relevance of fluorescence in biological systems,2015,Photochemical and Photobiological Sciences,,https://www.scopus.com/inward/record.uri?partnerID=HzOxMe3b&scp=84940517356&origin=inward,https://www.scopus.com/inward/citedby.uri?partnerID=HzOxMe3b&scp=84940517356&origin=inward,,2026-04-12 18:56:48,Review,10.1039/c5pp00122f,1474905X,https://api.elsevier.com/content/abstract/scopus_id/84940517356,14,9,,,,10.8,108.0,1,10,,,,84940517356,2-s2.0-84940517356
12,Haber W.A.,A new species of Erythrodiplax breeding in bromeliads in Costa Rica (Odonata: Libellulidae),2015,Zootaxa,,https://www.scopus.com/inward/record.uri?partnerID=HzOxMe3b&scp=84930806949&origin=inward,https://www.scopus.com/inward/citedby.uri?partnerID=HzOxMe3b&scp=84930806949&origin=inward,,2026-04-12 18:56:48,Article,10.11646/zootaxa.3947.3.5,11755326,https://api.elsevier.com/content/abstract/scopus_id/84930806949,3947,3,,,,1.2,12.0,1,10,,,,84930806949,2-s2.0-84930806949
0,Ball O.J.P.,Littoral macroinvertebrate communities of dune lakes in the far north of New Zealand,2015,New Zealand Journal of Marine and Freshwater Research,,https://www.scopus.com/inward/record.uri?partnerID=HzOxMe3b&scp=84933182183&origin=inward,https://www.scopus.com/inward/citedby.uri?partnerID=HzOxMe3b&scp=84933182183&origin=inward,,2026-04-12 18:56:48,Article,10.1080/00288330.2014.989237,00288330,https://api.elsevier.com/content/abstract/scopus_id/84933182183,49,2,,,,0.0,0.0,1,10,,,,84933182183,2-s2.0-84933182183
6,Takahashi Y.,Mechanisms and tests for geographic clines in genetic polymorphisms,2015,Population Ecology,,https://www.scopus.com/inward/record.uri?partnerID=HzOxMe3b&scp=84933182810&origin=inward,https://www.scopus.com/inward/citedby.uri?partnerID=HzOxMe3b&scp=84933182810&origin=inward,,2026-04-12 18:56:48,Review,10.1007/s10144-014-0474-x,14383896,https://api.elsevier.com/content/abstract/scopus_id/84933182810,57,2,,,,0.6,6.0,1,10,,,,84933182810,2-s2.0-84933182810
1,Kosterin O.E.,"Risiophlebia guentheri sp. nov. (Odonata, Libellulidae) from Southeastern Indochina",2015,Zootaxa,,https://www.scopus.com/inward/record.uri?partnerID=HzOxMe3b&scp=84931093095&origin=inward,https://www.scopus.com/inward/citedby.uri?partnerID=HzOxMe3b&scp=84931093095&origin=inward,,2026-04-12 18:56:48,Article,10.11646/zootaxa.3964.1.10,11755326,https://api.elsevier.com/content/abstract/scopus_id/84931093095,3964,1,,,,0.1,1.0,1,10,,,,84931093095,2-s2.0-84931093095
7,Cao L.,Development of 10 microsatellite markers from Pantala flavescens and their applicability in studying genetics diversity,2015,Molecular Biology Reports,,https://www.scopus.com/inward/record.uri?partnerID=HzOxMe3b&scp=84937974563&origin=inward,https://www.scopus.com/inward/citedby.uri?partnerID=HzOxMe3b&scp=84937974563&origin=inward,,2026-04-12 18:56:48,Article,10.1007/s11033-015-3868-8,03014851,https://api.elsevier.com/content/abstract/scopus_id/84937974563,42,8,,,,0.7,7.0,1,10,,,,84937974563,2-s2.0-84937974563
13,Hyeun-Ji L.,Compensating for a bad start: Compensatory growth across life stages in an organism with a complex life cycle,2015,Canadian Journal of Zoology,,https://www.scopus.com/inward/record.uri?partnerID=HzOxMe3b&scp=84954349523&origin=inward,https://www.scopus.com/inward/citedby.uri?partnerID=HzOxMe3b&scp=84954349523&origin=inward,,2026-04-12 18:56:48,Article,10.1139/cjz-2015-0157,00084301,https://api.elsevier.com/content/abstract/scopus_id/84954349523,94,1,,,,1.3,13.0,1,10,,,,84954349523,2-s2.0-84954349523
10,Gómez-Anaya J.A.,A case of successful restoration of a tropical wetland evaluated through its odonata (Insecta) larval assemblage,2015,Revista De Biologia Tropical,,https://www.scopus.com/inward/record.uri?partnerID=HzOxMe3b&scp=85032069403&origin=inward,https://www.scopus.com/inward/citedby.uri?partnerID=HzOxMe3b&scp=85032069403&origin=inward,,2026-04-12 18:56:48,Article,10.15517/rbt.v63i4.15738,00347744,https://api.elsevier.com/content/abstract/scopus_id/85032069403,63,4,,,,1.0,10.0,1,10,,,,85032069403,2-s2.0-85032069403
10,Gómez-Anaya J.A.,A case of successful restoration of a tropical wetland evaluated through its odonata (Insecta) larval assemblage,2015,Revista De Biologia Tropical,,https://www.scopus.com/inward/record.uri?partnerID=HzOxMe3b&scp=85032069403&origin=inward,https://www.scopus.com/inward/citedby.uri?partnerID=HzOxMe3b&scp=85032069403&origin=inward,,2026-04-12 18:56:48,Article,10.15517/rbt.v63i4.15738,00347744,https://api.elsevier.com/content/abstract/scopus_id/85032069403,63,4,,,,1.0,10.0,1,10,,,,85032069403,2-s2.0-85032069403
0,Perrin V.,Dragonflies,2015,British Wildlife,,https://www.scopus.com/inward/record.uri?partnerID=HzOxMe3b&scp=84942108760&origin=inward,https://www.scopus.com/inward/citedby.uri?partnerID=HzOxMe3b&scp=84942108760&origin=inward,,2026-04-12 18:56:48,Note,,09580956,https://api.elsevier.com/content/abstract/scopus_id/84942108760,26,6,,,,0.0,0.0,1,10,,,,84942108760,2-s2.0-84942108760
10,Mubarak M.,Using massively parallel simulation for mpi collective communication modeling in extreme-scale networks,2015,Proceedings Winter Simulation Conference,,https://www.scopus.com/inward/record.uri?partnerID=HzOxMe3b&scp=84940548322&origin=inward,https://www.scopus.com/inward/citedby.uri?partnerID=HzOxMe3b&scp=84940548322&origin=inward,,2026-04-12 18:56:48,Conference Paper,10.1109/WSC.2014.7020148,08917736,https://api.elsevier.com/content/abstract/scopus_id/84940548322,2015-January,,,,,1.0,10.0,1,10,,,,84940548322,2-s2.0-84940548322
69,Le Rouzic A.,Evolutionary time-series analysis reveals the signature of frequency-dependent selection on a female mating polymorphism,2015,American Naturalist,,https://www.scopus.com/inward/record.uri?partnerID=HzOxMe3b&scp=84929626309&origin=inward,https://www.scopus.com/inward/citedby.uri?partnerID=HzOxMe3b&scp=84929626309&origin=inward,,2026-04-12 18:56:48,Article,10.1086/680982,00030147,https://api.elsevier.com/content/abstract/scopus_id/84929626309,185,6,,,,6.9,69.0,1,10,,,,84929626309,2-s2.0-84929626309
2,Dow R.,"Phaenandrogomphus safei, a new species from Sabah, northern Borneo (Odonata: Anisoptera: Gomphidae)",2015,Zootaxa,,https://www.scopus.com/inward/record.uri?partnerID=HzOxMe3b&scp=84930422771&origin=inward,https://www.scopus.com/inward/citedby.uri?partnerID=HzOxMe3b&scp=84930422771&origin=inward,,2026-04-12 18:56:48,Article,10.11646/zootaxa.3905.1.10,11755326,https://api.elsevier.com/content/abstract/scopus_id/84930422771,3905,1,,,,0.2,2.0,1,10,,,,84930422771,2-s2.0-84930422771
8,Vilbas M.,Habitat use of the endangered parasitic butterfly Phengaris arion close to its northern distribution limit,2015,Insect Conservation and Diversity,,https://www.scopus.com/inward/record.uri?partnerID=HzOxMe3b&scp=84929328121&origin=inward,https://www.scopus.com/inward/citedby.uri?partnerID=HzOxMe3b&scp=84929328121&origin=inward,,2026-04-12 18:56:48,Article,10.1111/icad.12104,1752458X,https://api.elsevier.com/content/abstract/scopus_id/84929328121,8,3,,,,0.8,8.0,1,10,,,,84929328121,2-s2.0-84929328121
9,Machado A.B.M.,Perilestes eustaquioi sp. Nov. and new distributional records of perilestidae (Odonata) in Brazil,2015,Zoologia,,https://www.scopus.com/inward/record.uri?partnerID=HzOxMe3b&scp=84947936523&origin=inward,https://www.scopus.com/inward/citedby.uri?partnerID=HzOxMe3b&scp=84947936523&origin=inward,,2026-04-12 18:56:48,Article,10.1590/S1984-46702015000500012,19844670,https://api.elsevier.com/content/abstract/scopus_id/84947936523,32,5,,,,0.9,9.0,1,10,,,,84947936523,2-s2.0-84947936523
8,Li Z.Y.,"Synthesis, structures, and magnetic properties of three series of discrete or1D compounds based on pyramidal [LnCu4] (Ln = Gd and Dy) cluster and formate ligand",2015,Zeitschrift Fur Anorganische Und Allgemeine Chemie,,https://www.scopus.com/inward/record.uri?partnerID=HzOxMe3b&scp=84922768147&origin=inward,https://www.scopus.com/inward/citedby.uri?partnerID=HzOxMe3b&scp=84922768147&origin=inward,,2026-04-12 18:56:48,Article,10.1002/zaac.201400433,00442313,https://api.elsevier.com/content/abstract/scopus_id/84922768147,641,2,,,,0.8,8.0,1,10,,,,84922768147,2-s2.0-84922768147
4,Kosterin O.E.,"Ischnura foylei sp. Nov. (Odonata, Coenagrionidae) from the highlands of Sumatra",2015,Zootaxa,,https://www.scopus.com/inward/record.uri?partnerID=HzOxMe3b&scp=84944387597&origin=inward,https://www.scopus.com/inward/citedby.uri?partnerID=HzOxMe3b&scp=84944387597&origin=inward,,2026-04-12 18:56:48,Article,10.11646/zootaxa.4032.2.2,11755326,https://api.elsevier.com/content/abstract/scopus_id/84944387597,4032,2,,,,0.4,4.0,1,10,,,,84944387597,2-s2.0-84944387597
32,Tüzün N.,Urbanisation shapes behavioural responses to a pesticide,2015,Aquatic Toxicology,,https://www.scopus.com/inward/record.uri?partnerID=HzOxMe3b&scp=84926430373&origin=inward,https://www.scopus.com/inward/citedby.uri?partnerID=HzOxMe3b&scp=84926430373&origin=inward,,2026-04-12 18:56:48,Article,10.1016/j.aquatox.2015.04.002,0166445X,https://api.elsevier.com/content/abstract/scopus_id/84926430373,163,,,,,3.2,32.0,1,10,,,,84926430373,2-s2.0-84926430373
9,Torres-Cambas Y.,An update on the distribution of threatened odonate species from the Greater Antilles,2015,International Journal of Odonatology,,https://www.scopus.com/inward/record.uri?partnerID=HzOxMe3b&scp=84934852271&origin=inward,https://www.scopus.com/inward/citedby.uri?partnerID=HzOxMe3b&scp=84934852271&origin=inward,,2026-04-12 18:56:48,Article,10.1080/13887890.2014.928241,13887890,https://api.elsevier.com/content/abstract/scopus_id/84934852271,18,2,,,,0.9,9.0,1,10,,,,84934852271,2-s2.0-84934852271
11,Van Den Broeke M.,Polarimetric radar observations from a waterspout-producing thunderstorm,2015,Weather and Forecasting,,https://www.scopus.com/inward/record.uri?partnerID=HzOxMe3b&scp=84980413775&origin=inward,https://www.scopus.com/inward/citedby.uri?partnerID=HzOxMe3b&scp=84980413775&origin=inward,,2026-04-12 18:56:48,Article,10.1175/WAF-D-14-00114.1,08828156,https://api.elsevier.com/content/abstract/scopus_id/84980413775,30,2,,,,1.1,11.0,1,10,,,,84980413775,2-s2.0-84980413775
3,Zhang H.M.,"New species and records of Burmagomphus Williamson, 1907(Odonata, Gomphidae) from China",2015,Zootaxa,,https://www.scopus.com/inward/record.uri?partnerID=HzOxMe3b&scp=84938902385&origin=inward,https://www.scopus.com/inward/citedby.uri?partnerID=HzOxMe3b&scp=84938902385&origin=inward,,2026-04-12 18:56:48,Article,10.11646/zootaxa.3999.1.4,11755326,https://api.elsevier.com/content/abstract/scopus_id/84938902385,3999,1,,,,0.3,3.0,1,10,,,,84938902385,2-s2.0-84938902385
90,Hettyey A.,The relative importance of prey-borne and predator-borne chemical cues for inducible antipredator responses in tadpoles,2015,Oecologia,,https://www.scopus.com/inward/record.uri?partnerID=HzOxMe3b&scp=84945285798&origin=inward,https://www.scopus.com/inward/citedby.uri?partnerID=HzOxMe3b&scp=84945285798&origin=inward,,2026-04-12 18:56:48,Article,10.1007/s00442-015-3382-7,00298549,https://api.elsevier.com/content/abstract/scopus_id/84945285798,179,3,,,,9.0,90.0,1,10,,,,84945285798,2-s2.0-84945285798
2,Ichikawa Y.,The daily food intake of Pantala flavescens females from foraging swarms estimated by the faeces excreted (Odonata: Libellulidae),2015,Odonatologica,,https://www.scopus.com/inward/record.uri?partnerID=HzOxMe3b&scp=84954223638&origin=inward,https://www.scopus.com/inward/citedby.uri?partnerID=HzOxMe3b&scp=84954223638&origin=inward,,2026-04-12 18:56:48,Article,,03750183,https://api.elsevier.com/content/abstract/scopus_id/84954223638,44,3,,,,0.2,2.0,1,10,,,,84954223638,2-s2.0-84954223638
11,Jinguji H.,Can the use of more selective insecticides promote the conservation of Sympetrum frequens in Japanese rice paddy fields (Odonata: Libellulidae)?,2015,Odonatologica,,https://www.scopus.com/inward/record.uri?partnerID=HzOxMe3b&scp=84930446536&origin=inward,https://www.scopus.com/inward/citedby.uri?partnerID=HzOxMe3b&scp=84930446536&origin=inward,,2026-04-12 18:56:48,Article,,03750183,https://api.elsevier.com/content/abstract/scopus_id/84930446536,44,1-2,,,,1.1,11.0,1,10,,,,84930446536,2-s2.0-84930446536
16,Matsunami M.,Transcriptome analysis of predator- and prey-induced phenotypic plasticity in the Hokkaido salamander (Hynobius retardatus),2015,Molecular Ecology,,https://www.scopus.com/inward/record.uri?partnerID=HzOxMe3b&scp=84932114514&origin=inward,https://www.scopus.com/inward/citedby.uri?partnerID=HzOxMe3b&scp=84932114514&origin=inward,,2026-04-12 18:56:48,Article,10.1111/mec.13228,09621083,https://api.elsevier.com/content/abstract/scopus_id/84932114514,24,12,,,,1.6,16.0,1,10,,,,84932114514,2-s2.0-84932114514
2,Walia G.K.,Karyomorphological variations in the chromosome complement of Orthetrum taeniolatum of family Libellulidae (Odonata: Anisoptera),2015,Cytologia,,https://www.scopus.com/inward/record.uri?partnerID=HzOxMe3b&scp=84924690290&origin=inward,https://www.scopus.com/inward/citedby.uri?partnerID=HzOxMe3b&scp=84924690290&origin=inward,,2026-04-12 18:56:48,Article,10.1508/cytologia.80.95,00114545,https://api.elsevier.com/content/abstract/scopus_id/84924690290,80,1,,,,0.2,2.0,1,10,,,,84924690290,2-s2.0-84924690290
0,Merzendorfer H.,Dragonfly hunting is based on predictive models,2015,Journal of Experimental Biology,,https://www.scopus.com/inward/record.uri?partnerID=HzOxMe3b&scp=84946197562&origin=inward,https://www.scopus.com/inward/citedby.uri?partnerID=HzOxMe3b&scp=84946197562&origin=inward,,2026-04-12 18:56:48,Note,10.1242/jeb.112185,00220949,https://api.elsevier.com/content/abstract/scopus_id/84946197562,218,9,,,,0.0,0.0,1,10,,,,84946197562,2-s2.0-84946197562
3,Kosterin O.E.,"Onychargia priydak sp. nov. (Odonata, Platycnemididae) from eastern Cambodia",2015,International Journal of Odonatology,,https://www.scopus.com/inward/record.uri?partnerID=HzOxMe3b&scp=84934757703&origin=inward,https://www.scopus.com/inward/citedby.uri?partnerID=HzOxMe3b&scp=84934757703&origin=inward,,2026-04-12 18:56:48,Article,10.1080/13887890.2015.1030786,13887890,https://api.elsevier.com/content/abstract/scopus_id/84934757703,18,2,,,,0.3,3.0,1,10,,,,84934757703,2-s2.0-84934757703
17,Nilsson-Örtman V.,Ontogenetic changes in genetic variances of age-dependent plasticity along a latitudinal gradient,2015,Heredity,,https://www.scopus.com/inward/record.uri?partnerID=HzOxMe3b&scp=84942196827&origin=inward,https://www.scopus.com/inward/citedby.uri?partnerID=HzOxMe3b&scp=84942196827&origin=inward,,2026-04-12 18:56:48,Article,10.1038/hdy.2014.126,0018067X,https://api.elsevier.com/content/abstract/scopus_id/84942196827,115,4,,,,1.7,17.0,1,10,,,,84942196827,2-s2.0-84942196827
2,Kosterin O.E.,"Prodasineura hoffmanni sp. nov. (Odonata, Platycnemididae, Disparoneurinae) from eastern Cambodia",2015,Zootaxa,,https://www.scopus.com/inward/record.uri?partnerID=HzOxMe3b&scp=84943384516&origin=inward,https://www.scopus.com/inward/citedby.uri?partnerID=HzOxMe3b&scp=84943384516&origin=inward,,2026-04-12 18:56:48,Article,10.11646/zootaxa.4027.4.6,11755326,https://api.elsevier.com/content/abstract/scopus_id/84943384516,4027,4,,,,0.2,2.0,1,10,,,,84943384516,2-s2.0-84943384516
1,Waldrop M.R.,"You can’t see dragonfly or hear NBOMe, but they can still hurt you",2015,Emergency Medicine,,https://www.scopus.com/inward/record.uri?partnerID=HzOxMe3b&scp=84925061298&origin=inward,https://www.scopus.com/inward/citedby.uri?partnerID=HzOxMe3b&scp=84925061298&origin=inward,,2026-04-12 18:56:48,Article,,00136654,https://api.elsevier.com/content/abstract/scopus_id/84925061298,47,1,,,,0.1,1.0,1,10,,,,84925061298,2-s2.0-84925061298
6,Cabrera-Guzmán E.,Invasive Cane Toads as Prey for Native Arthropod Predators in Tropical Australia,2015,Herpetological Monographs,,https://www.scopus.com/inward/record.uri?partnerID=HzOxMe3b&scp=84951989161&origin=inward,https://www.scopus.com/inward/citedby.uri?partnerID=HzOxMe3b&scp=84951989161&origin=inward,,2026-04-12 18:56:48,Article,10.1655/HERPMONOGRAPHS-D-13-00007,07331347,https://api.elsevier.com/content/abstract/scopus_id/84951989161,29,1,,,,0.6,6.0,1,10,,,,84951989161,2-s2.0-84951989161
179,Ma C.D.,Neuroscience: Dragonflies predict and plan their hunts,2015,Nature,,https://www.scopus.com/inward/record.uri?partnerID=HzOxMe3b&scp=84922608590&origin=inward,https://www.scopus.com/inward/citedby.uri?partnerID=HzOxMe3b&scp=84922608590&origin=inward,,2026-04-12 18:56:48,Article,10.1038/nature14018,00280836,https://api.elsevier.com/content/abstract/scopus_id/84922608590,517,7534,,,,17.9,179.0,1,10,,,,84922608590,2-s2.0-84922608590
13,Halder U.,Biomimetic algorithms for coordinated motion: Theory and implementation,2015,Proceedings IEEE International Conference on Robotics and Automation,,https://www.scopus.com/inward/record.uri?partnerID=HzOxMe3b&scp=84938225067&origin=inward,https://www.scopus.com/inward/citedby.uri?partnerID=HzOxMe3b&scp=84938225067&origin=inward,,2026-04-12 18:56:48,Conference Paper,10.1109/ICRA.2015.7139957,10504729,https://api.elsevier.com/content/abstract/scopus_id/84938225067,2015-June,June,,,,1.3,13.0,1,10,,,,84938225067,2-s2.0-84938225067
59,Debecker S.,Larval UV exposure impairs adult immune function through a trade-off with larval investment in cuticular melanin,2015,Functional Ecology,,https://www.scopus.com/inward/record.uri?partnerID=HzOxMe3b&scp=84942828420&origin=inward,https://www.scopus.com/inward/citedby.uri?partnerID=HzOxMe3b&scp=84942828420&origin=inward,,2026-04-12 18:56:48,Article,10.1111/1365-2435.12435,02698463,https://api.elsevier.com/content/abstract/scopus_id/84942828420,29,10,,,,5.9,59.0,1,10,,,,84942828420,2-s2.0-84942828420
13,Schneider T.,Aeshna vercanica sp. nov. from Iran with a new insight into the Aeshna cyanea-group (Odonata: Aeshnidae),2015,Odonatologica,,https://www.scopus.com/inward/record.uri?partnerID=HzOxMe3b&scp=84930458546&origin=inward,https://www.scopus.com/inward/citedby.uri?partnerID=HzOxMe3b&scp=84930458546&origin=inward,,2026-04-12 18:56:48,Article,,03750183,https://api.elsevier.com/content/abstract/scopus_id/84930458546,44,1-2,,,,1.3,13.0,1,10,,,,84930458546,2-s2.0-84930458546
1,Lei F.,Paleyfly: A scalable topology in high performance interconnection network,2015,Jisuanji Yanjiu Yu Fazhan Computer Research and Development,,https://www.scopus.com/inward/record.uri?partnerID=HzOxMe3b&scp=84937112981&origin=inward,https://www.scopus.com/inward/citedby.uri?partnerID=HzOxMe3b&scp=84937112981&origin=inward,,2026-04-12 18:56:48,Article,10.7544/issn1000-1239.2015.20150162,10001239,https://api.elsevier.com/content/abstract/scopus_id/84937112981,52,6,,,,0.1,1.0,1,10,,,,84937112981,2-s2.0-84937112981
9,Gutiérrez Y.,Acanthagrion viridescens (Odonata: Coenagrionidae): description of the final larval stadium and biological notes,2015,Zootaxa,,https://www.scopus.com/inward/record.uri?partnerID=HzOxMe3b&scp=84949257013&origin=inward,https://www.scopus.com/inward/citedby.uri?partnerID=HzOxMe3b&scp=84949257013&origin=inward,,2026-04-12 18:56:48,Article,10.11646/zootaxa.4057.1.8,11755326,https://api.elsevier.com/content/abstract/scopus_id/84949257013,4057,1,,,,0.9,9.0,1,10,,,,84949257013,2-s2.0-84949257013
459,Chapman J.W.,"Long-range seasonal migration in insects: Mechanisms, evolutionary drivers and ecological consequences",2015,Ecology Letters,,https://www.scopus.com/inward/record.uri?partnerID=HzOxMe3b&scp=84922605896&origin=inward,https://www.scopus.com/inward/citedby.uri?partnerID=HzOxMe3b&scp=84922605896&origin=inward,,2026-04-12 18:56:48,Review,10.1111/ele.12407,1461023X,https://api.elsevier.com/content/abstract/scopus_id/84922605896,18,3,,,,45.9,459.0,1,10,,,,84922605896,2-s2.0-84922605896
33,Tiple A.D.,"Odonata of Maharashtra, India with Notes on Species Distribution",2015,Journal of Insect Science,,https://www.scopus.com/inward/record.uri?partnerID=HzOxMe3b&scp=84930004436&origin=inward,https://www.scopus.com/inward/citedby.uri?partnerID=HzOxMe3b&scp=84930004436&origin=inward,,2026-04-12 18:56:48,Article,10.1093/jisesa/iev028,,https://api.elsevier.com/content/abstract/scopus_id/84930004436,15,1,,,,3.3,33.0,1,10,,,,84930004436,2-s2.0-84930004436
20,Wardill T.J.,The killer fly hunger games: Target size and speed predict decision to pursuit,2015,Brain Behavior and Evolution,,https://www.scopus.com/inward/record.uri?partnerID=HzOxMe3b&scp=84942598727&origin=inward,https://www.scopus.com/inward/citedby.uri?partnerID=HzOxMe3b&scp=84942598727&origin=inward,,2026-04-12 18:56:48,Article,10.1159/000435944,00068977,https://api.elsevier.com/content/abstract/scopus_id/84942598727,86,,,,,2.0,20.0,1,10,,,,84942598727,2-s2.0-84942598727
2,Youngquist M.B.,Predicting Predatory Outcomes in the Context of Carryover Effects: Interactions between Juvenile Frogs and Spider Predators,2015,Ethology,,https://www.scopus.com/inward/record.uri?partnerID=HzOxMe3b&scp=84927175623&origin=inward,https://www.scopus.com/inward/citedby.uri?partnerID=HzOxMe3b&scp=84927175623&origin=inward,,2026-04-12 18:56:48,Article,10.1111/eth.12372,01791613,https://api.elsevier.com/content/abstract/scopus_id/84927175623,121,6,,,,0.2,2.0,1,10,,,,84927175623,2-s2.0-84927175623
58,Won J.,Overcoming far-end congestion in large-scale networks,2015,2015 IEEE 21st International Symposium on High Performance Computer Architecture Hpca 2015,,https://www.scopus.com/inward/record.uri?partnerID=HzOxMe3b&scp=84934323892&origin=inward,https://www.scopus.com/inward/citedby.uri?partnerID=HzOxMe3b&scp=84934323892&origin=inward,,2026-04-12 18:56:48,Conference Paper,10.1109/HPCA.2015.7056051,,https://api.elsevier.com/content/abstract/scopus_id/84934323892,,,,,,5.8,58.0,1,10,,,,84934323892,2-s2.0-84934323892
1,Al Musrati M.,Aquatic insects as bio-indicators of water quality,2015,12th International Conference on the Mediterranean Coastal Environment Medcoast 2015,,https://www.scopus.com/inward/record.uri?partnerID=HzOxMe3b&scp=84957977464&origin=inward,https://www.scopus.com/inward/citedby.uri?partnerID=HzOxMe3b&scp=84957977464&origin=inward,,2026-04-12 18:56:48,Conference Paper,,,https://api.elsevier.com/content/abstract/scopus_id/84957977464,1,,,,,0.1,1.0,1,10,,,,84957977464,2-s2.0-84957977464
39,Swaegers J.,Neutral and adaptive genomic signatures of rapid poleward range expansion,2015,Molecular Ecology,,https://www.scopus.com/inward/record.uri?partnerID=HzOxMe3b&scp=84955284366&origin=inward,https://www.scopus.com/inward/citedby.uri?partnerID=HzOxMe3b&scp=84955284366&origin=inward,,2026-04-12 18:56:48,Article,10.1111/mec.13462,09621083,https://api.elsevier.com/content/abstract/scopus_id/84955284366,24,24,,,,3.9,39.0,1,10,,,,84955284366,2-s2.0-84955284366
4,Minkenberg C.,Large-scale system partitioning using OCS,2015,2015 International Conference on Photonics in Switching PS 2015,,https://www.scopus.com/inward/record.uri?partnerID=HzOxMe3b&scp=84962680734&origin=inward,https://www.scopus.com/inward/citedby.uri?partnerID=HzOxMe3b&scp=84962680734&origin=inward,,2026-04-12 18:56:48,Conference Paper,10.1109/PS.2015.7329011,,https://api.elsevier.com/content/abstract/scopus_id/84962680734,,,,,,0.4,4.0,1,10,,,,84962680734,2-s2.0-84962680734
31,Zheng Y.,Force measurements of flexible tandem wings in hovering and forward flights,2015,Bioinspiration and Biomimetics,,https://www.scopus.com/inward/record.uri?partnerID=HzOxMe3b&scp=84922469386&origin=inward,https://www.scopus.com/inward/citedby.uri?partnerID=HzOxMe3b&scp=84922469386&origin=inward,,2026-04-12 18:56:48,Article,10.1088/1748-3190/10/1/016021,17483182,https://api.elsevier.com/content/abstract/scopus_id/84922469386,10,1,,,,3.1,31.0,1,10,,,,84922469386,2-s2.0-84922469386
1,Minnick M.,Resonant cantilever wings for monolithic MAVs,2015,International Journal of Micro Air Vehicles,,https://www.scopus.com/inward/record.uri?partnerID=HzOxMe3b&scp=84959864046&origin=inward,https://www.scopus.com/inward/citedby.uri?partnerID=HzOxMe3b&scp=84959864046&origin=inward,,2026-04-12 18:56:48,Article,10.1260/1756-8293.7.4.419,17568293,https://api.elsevier.com/content/abstract/scopus_id/84959864046,7,4,,,,0.1,1.0,1,10,,,,84959864046,2-s2.0-84959864046
8,Ke Y.H.,Two rare ophiocordycipitaceous fungi newly recorded in Taiwan,2015,Botanical Studies,,https://www.scopus.com/inward/record.uri?partnerID=HzOxMe3b&scp=84991491204&origin=inward,https://www.scopus.com/inward/citedby.uri?partnerID=HzOxMe3b&scp=84991491204&origin=inward,,2026-04-12 18:56:48,Article,10.1186/s40529-015-0110-x,1817406X,https://api.elsevier.com/content/abstract/scopus_id/84991491204,56,,,,,0.8,8.0,1,10,,,,84991491204,2-s2.0-84991491204
18,De Marco Júnior P.,Modeling the distribution of a rare Amazonian odonate in relation to future deforestation,2015,Freshwater Science,,https://www.scopus.com/inward/record.uri?partnerID=HzOxMe3b&scp=84953715381&origin=inward,https://www.scopus.com/inward/citedby.uri?partnerID=HzOxMe3b&scp=84953715381&origin=inward,,2026-04-12 18:56:48,Article,10.1086/682707,21619549,https://api.elsevier.com/content/abstract/scopus_id/84953715381,34,3,,,,1.8,18.0,1,10,,,,84953715381,2-s2.0-84953715381
0,Ratti J.,"Inventing a biologically inspired, energy-efficient micro aerial vehicle",2015,Handbook of Unmanned Aerial Vehicles,,https://www.scopus.com/inward/record.uri?partnerID=HzOxMe3b&scp=84944570779&origin=inward,https://www.scopus.com/inward/citedby.uri?partnerID=HzOxMe3b&scp=84944570779&origin=inward,,2026-04-12 18:56:48,Book Chapter,10.1007/978-90-481-9707-1_113,,https://api.elsevier.com/content/abstract/scopus_id/84944570779,,,,,,0.0,0.0,1,10,,,,84944570779,2-s2.0-84944570779
6,Yamazaki R.,Optical inverse-Compton emission from clusters of galaxies,2015,Monthly Notices of the Royal Astronomical Society,,https://www.scopus.com/inward/record.uri?partnerID=HzOxMe3b&scp=84942474491&origin=inward,https://www.scopus.com/inward/citedby.uri?partnerID=HzOxMe3b&scp=84942474491&origin=inward,,2026-04-12 18:56:48,Article,10.1093/mnras/stv1757,00358711,https://api.elsevier.com/content/abstract/scopus_id/84942474491,453,2,,,,0.6,6.0,1,10,,,,84942474491,2-s2.0-84942474491
10,Yu X.,"A revised classification of the genus MatronaSelys, 1853 using molecular and morphological methods (Odonata: Calopterygidae)",2015,Zoological Journal of the Linnean Society,,https://www.scopus.com/inward/record.uri?partnerID=HzOxMe3b&scp=84931835024&origin=inward,https://www.scopus.com/inward/citedby.uri?partnerID=HzOxMe3b&scp=84931835024&origin=inward,,2026-04-12 18:56:48,Article,10.1111/zoj.12253,00244082,https://api.elsevier.com/content/abstract/scopus_id/84931835024,174,3,,,,1.0,10.0,1,10,,,,84931835024,2-s2.0-84931835024
10,Fulan J.,Predation by Erythemis nymphs (Odonata) on Chironomidae (Diptera) and Elmidae (Coleoptera) in different conditions of habitat complexity,2015,Acta Limnologica Brasiliensia,,https://www.scopus.com/inward/record.uri?partnerID=HzOxMe3b&scp=84963894355&origin=inward,https://www.scopus.com/inward/citedby.uri?partnerID=HzOxMe3b&scp=84963894355&origin=inward,,2026-04-12 18:56:48,Article,10.1590/S2179-975X2415,01026712,https://api.elsevier.com/content/abstract/scopus_id/84963894355,27,4,,,,1.0,10.0,1,10,,,,84963894355,2-s2.0-84963894355
7,Tóth Z.,Context-dependent plastic response during egg-laying in a widespread newt species,2015,Plos One,,https://www.scopus.com/inward/record.uri?partnerID=HzOxMe3b&scp=84942926472&origin=inward,https://www.scopus.com/inward/citedby.uri?partnerID=HzOxMe3b&scp=84942926472&origin=inward,,2026-04-12 18:56:48,Article,10.1371/journal.pone.0136044,,https://api.elsevier.com/content/abstract/scopus_id/84942926472,10,8,,,,0.7,7.0,1,10,,,,84942926472,2-s2.0-84942926472
0,Kuitunen K.,The effect of male-male competition and ornament size on mean and variance of courtship intensity towards heterospecific and conspecific females,2015,Animal Biology,,https://www.scopus.com/inward/record.uri?partnerID=HzOxMe3b&scp=84938060583&origin=inward,https://www.scopus.com/inward/citedby.uri?partnerID=HzOxMe3b&scp=84938060583&origin=inward,,2026-04-12 18:56:48,Article,10.1163/15707563-00002465,15707555,https://api.elsevier.com/content/abstract/scopus_id/84938060583,65,2,,,,0.0,0.0,1,10,,,,84938060583,2-s2.0-84938060583
25,Patten M.A.,Survey data matter: Predicted niche of adult vs breeding Odonata,2015,Freshwater Science,,https://www.scopus.com/inward/record.uri?partnerID=HzOxMe3b&scp=84953725824&origin=inward,https://www.scopus.com/inward/citedby.uri?partnerID=HzOxMe3b&scp=84953725824&origin=inward,,2026-04-12 18:56:48,Article,10.1086/682676,21619549,https://api.elsevier.com/content/abstract/scopus_id/84953725824,34,3,,,,2.5,25.0,1,10,,,,84953725824,2-s2.0-84953725824
4,Bennett A.,Carryover effects of phenotypic plasticity: Embryonic environment and larval response to predation risk in wood frogs (lithobates sylvaticus) and northern leopard frogs (lithobates pipiens),2015,Canadian Journal of Zoology,,https://www.scopus.com/inward/record.uri?partnerID=HzOxMe3b&scp=84946847962&origin=inward,https://www.scopus.com/inward/citedby.uri?partnerID=HzOxMe3b&scp=84946847962&origin=inward,,2026-04-12 18:56:48,Article,10.1139/cjz-2015-0129,00084301,https://api.elsevier.com/content/abstract/scopus_id/84946847962,93,11,,,,0.4,4.0,1,10,,,,84946847962,2-s2.0-84946847962
1,Fisher P.,Animals and memory,2015,Homeopathy,,https://www.scopus.com/inward/record.uri?partnerID=HzOxMe3b&scp=84920484523&origin=inward,https://www.scopus.com/inward/citedby.uri?partnerID=HzOxMe3b&scp=84920484523&origin=inward,,2026-04-12 18:56:48,Editorial,10.1016/j.homp.2014.12.001,14754916,https://api.elsevier.com/content/abstract/scopus_id/84920484523,104,1,,,,0.1,1.0,1,10,,,,84920484523,2-s2.0-84920484523
20,Čech M.,Non-fish prey in the diet of an exclusive fish-eater: The Common Kingfisher Alcedo atthis,2015,Bird Study,,https://www.scopus.com/inward/record.uri?partnerID=HzOxMe3b&scp=84945447766&origin=inward,https://www.scopus.com/inward/citedby.uri?partnerID=HzOxMe3b&scp=84945447766&origin=inward,,2026-04-12 18:56:48,Article,10.1080/00063657.2015.1073679,00063657,https://api.elsevier.com/content/abstract/scopus_id/84945447766,62,4,,,,2.0,20.0,1,10,,,,84945447766,2-s2.0-84945447766
76,Carle F.L.,A molecular phylogeny and classification of Anisoptera (Odonata),2015,Arthropod Systematics and Phylogeny,,https://www.scopus.com/inward/record.uri?partnerID=HzOxMe3b&scp=84938881857&origin=inward,https://www.scopus.com/inward/citedby.uri?partnerID=HzOxMe3b&scp=84938881857&origin=inward,,2026-04-12 18:56:48,Article,10.3897/asp.73.e31805,18637221,https://api.elsevier.com/content/abstract/scopus_id/84938881857,73,2,,,,7.6,76.0,1,10,,,,84938881857,2-s2.0-84938881857
25,Curry C.J.,Habitat type and dispersal ability influence spatial structuring of larval Odonata and Trichoptera assemblages,2015,Freshwater Biology,,https://www.scopus.com/inward/record.uri?partnerID=HzOxMe3b&scp=84941183351&origin=inward,https://www.scopus.com/inward/citedby.uri?partnerID=HzOxMe3b&scp=84941183351&origin=inward,,2026-04-12 18:56:48,Article,10.1111/fwb.12640,00465070,https://api.elsevier.com/content/abstract/scopus_id/84941183351,60,10,,,,2.5,25.0,1,10,,,,84941183351,2-s2.0-84941183351
19,McBurnie G.,The impacts of an invasive herbivore (Camelus dromedaries) on arid zone freshwater pools: An experimental investigation of the effects of dung on macroinvertebrate colonisation,2015,Journal of Arid Environments,,https://www.scopus.com/inward/record.uri?partnerID=HzOxMe3b&scp=84907965332&origin=inward,https://www.scopus.com/inward/citedby.uri?partnerID=HzOxMe3b&scp=84907965332&origin=inward,,2026-04-12 18:56:48,Article,10.1016/j.jaridenv.2014.09.011,01401963,https://api.elsevier.com/content/abstract/scopus_id/84907965332,113,,,,,1.9,19.0,1,10,,,,84907965332,2-s2.0-84907965332
9,Younes A.,"Potential of Hemianax ephippiger (Odonata-Aeshnidae) nymph as predator of Fasciola intermediate host, Lymnaea natalensis",2015,Asian Pacific Journal of Tropical Biomedicine,,https://www.scopus.com/inward/record.uri?partnerID=HzOxMe3b&scp=84942985173&origin=inward,https://www.scopus.com/inward/citedby.uri?partnerID=HzOxMe3b&scp=84942985173&origin=inward,,2026-04-12 18:56:48,Article,10.1016/j.apjtb.2015.04.008,22211691,https://api.elsevier.com/content/abstract/scopus_id/84942985173,5,8,,,,0.9,9.0,1,10,,,,84942985173,2-s2.0-84942985173
0,Morishita E.,Schwartz-christoffel panel method improvements and applications,2015,Lecture Notes in Electrical Engineering,,https://www.scopus.com/inward/record.uri?partnerID=HzOxMe3b&scp=84946092149&origin=inward,https://www.scopus.com/inward/citedby.uri?partnerID=HzOxMe3b&scp=84946092149&origin=inward,,2026-04-12 18:56:48,Book Chapter,10.1007/978-3-319-15765-8_4,18761100,https://api.elsevier.com/content/abstract/scopus_id/84946092149,343,,,,,0.0,0.0,1,10,,,,84946092149,2-s2.0-84946092149
38,Rezende R.D.S.,Effects of density and predation risk on leaf litter processing by Phylloicus sp.,2015,Austral Ecology,,https://www.scopus.com/inward/record.uri?partnerID=HzOxMe3b&scp=84940045411&origin=inward,https://www.scopus.com/inward/citedby.uri?partnerID=HzOxMe3b&scp=84940045411&origin=inward,,2026-04-12 18:56:48,Article,10.1111/aec.12236,14429985,https://api.elsevier.com/content/abstract/scopus_id/84940045411,40,6,,,,3.8,38.0,1,10,,,,84940045411,2-s2.0-84940045411
0,,"5th International Workshop on Performance Modeling, Benchmarking and Simulation, PMBS 2014",2015,Lecture Notes in Computer Science Including Subseries Lecture Notes in Artificial Intelligence and Lecture Notes in Bioinformatics,,https://www.scopus.com/inward/record.uri?partnerID=HzOxMe3b&scp=84942516184&origin=inward,https://www.scopus.com/inward/citedby.uri?partnerID=HzOxMe3b&scp=84942516184&origin=inward,,2026-04-12 18:56:48,Conference Review,,03029743,https://api.elsevier.com/content/abstract/scopus_id/84942516184,8966,,,,,0.0,0.0,0,10,,,,84942516184,2-s2.0-84942516184
48,Nie Z.,The distribution and biomagnification of higher brominated BDEs in terrestrial organisms affected by a typical e-waste burning site in South China,2015,Chemosphere,,https://www.scopus.com/inward/record.uri?partnerID=HzOxMe3b&scp=84922309501&origin=inward,https://www.scopus.com/inward/citedby.uri?partnerID=HzOxMe3b&scp=84922309501&origin=inward,,2026-04-12 18:56:48,Article,10.1016/j.chemosphere.2014.09.062,00456535,https://api.elsevier.com/content/abstract/scopus_id/84922309501,118,1,,,,4.8,48.0,1,10,,,,84922309501,2-s2.0-84922309501
84,Lancaster L.T.,Latitudinal shift in thermal niche breadth results from thermal release during a climate-mediated range expansion,2015,Journal of Biogeography,,https://www.scopus.com/inward/record.uri?partnerID=HzOxMe3b&scp=84941112627&origin=inward,https://www.scopus.com/inward/citedby.uri?partnerID=HzOxMe3b&scp=84941112627&origin=inward,,2026-04-12 18:56:48,Article,10.1111/jbi.12553,03050270,https://api.elsevier.com/content/abstract/scopus_id/84941112627,42,10,,,,8.4,84.0,1,10,,,,84941112627,2-s2.0-84941112627
0,,"Erratum: Description of two final stadium platystictid larvae from Borneo, including that of Drepanosticta ? Attala Lieftinck, identified using DNA barcoding (Odonata: Zygoptera: Platystictidae) (Zootaxa (2015) 3985:4 (565-574)",2015,Zootaxa,,https://www.scopus.com/inward/record.uri?partnerID=HzOxMe3b&scp=84982293123&origin=inward,https://www.scopus.com/inward/citedby.uri?partnerID=HzOxMe3b&scp=84982293123&origin=inward,,2026-04-12 18:56:48,Erratum,10.11646/zootaxa.4013.4.10,11755326,https://api.elsevier.com/content/abstract/scopus_id/84982293123,4013,4,,,,0.0,0.0,0,10,,,,84982293123,2-s2.0-84982293123
0,Craves J.A.,"Macromia alleghaniensis (Odonata: Macromiidae): New for Michigan, with clarifications of northern records",2015,Great Lakes Entomologist,,https://www.scopus.com/inward/record.uri?partnerID=HzOxMe3b&scp=85019837108&origin=inward,https://www.scopus.com/inward/citedby.uri?partnerID=HzOxMe3b&scp=85019837108&origin=inward,,2026-04-12 18:56:48,Article,,00900222,https://api.elsevier.com/content/abstract/scopus_id/85019837108,48,3-4,,,,0.0,0.0,1,10,,,,85019837108,2-s2.0-85019837108
32,Mikolajewski D.J.,The interplay of adult and larval time constraints shapes species differences in larval life history,2015,Ecology,,https://www.scopus.com/inward/record.uri?partnerID=HzOxMe3b&scp=84929192428&origin=inward,https://www.scopus.com/inward/citedby.uri?partnerID=HzOxMe3b&scp=84929192428&origin=inward,,2026-04-12 18:56:48,Article,10.1890/14-0262.1,00129658,https://api.elsevier.com/content/abstract/scopus_id/84929192428,96,4,,,,3.2,32.0,1,10,,,,84929192428,2-s2.0-84929192428
28,Fuentes P.,Contention-Based Nonminimal Adaptive Routing in High-Radix Networks,2015,Proceedings 2015 IEEE 29th International Parallel and Distributed Processing Symposium IPDPS 2015,,https://www.scopus.com/inward/record.uri?partnerID=HzOxMe3b&scp=84971426694&origin=inward,https://www.scopus.com/inward/citedby.uri?partnerID=HzOxMe3b&scp=84971426694&origin=inward,,2026-04-12 18:56:48,Conference Paper,10.1109/IPDPS.2015.78,,https://api.elsevier.com/content/abstract/scopus_id/84971426694,,,,,,2.8,28.0,1,10,,,,84971426694,2-s2.0-84971426694
14,Stogner J.,Predictions instead of panics: The framework and utility of systematic forecasting of novel psychoactive drug trends,2015,American Journal of Drug and Alcohol Abuse,,https://www.scopus.com/inward/record.uri?partnerID=HzOxMe3b&scp=84944277079&origin=inward,https://www.scopus.com/inward/citedby.uri?partnerID=HzOxMe3b&scp=84944277079&origin=inward,,2026-04-12 18:56:48,Review,10.3109/00952990.2014.998367,00952990,https://api.elsevier.com/content/abstract/scopus_id/84944277079,41,6,,,,1.4,14.0,1,10,,,,84944277079,2-s2.0-84944277079
7,Salunkhe R.C.,Distribution and molecular characterization of Wolbachia endosymbionts in odonata (insecta) from Central India by multigene approach,2015,Current Science,,https://www.scopus.com/inward/record.uri?partnerID=HzOxMe3b&scp=84924939514&origin=inward,https://www.scopus.com/inward/citedby.uri?partnerID=HzOxMe3b&scp=84924939514&origin=inward,,2026-04-12 18:56:48,Article,,00113891,https://api.elsevier.com/content/abstract/scopus_id/84924939514,108,5,,,,0.7,7.0,1,10,,,,84924939514,2-s2.0-84924939514
7,Boda R.,"Life history and multiscale habitat preferences of the red-listed Balkan Goldenring, Cordulegaster heros Theischinger, 1979 (Insecta, Odonata), in South-Hungarian headwaters: does the species have mesohabitat-mediated microdistribution?",2015,Hydrobiologia,,https://www.scopus.com/inward/record.uri?partnerID=HzOxMe3b&scp=84942365970&origin=inward,https://www.scopus.com/inward/citedby.uri?partnerID=HzOxMe3b&scp=84942365970&origin=inward,,2026-04-12 18:56:48,Article,10.1007/s10750-015-2317-y,00188158,https://api.elsevier.com/content/abstract/scopus_id/84942365970,760,1,,,,0.7,7.0,1,10,,,,84942365970,2-s2.0-84942365970
7,Córdoba-Aguilar A.,Allometry of Male Grasping Apparatus in Odonates Does Not Suggest Physical Coercion of Females,2015,Journal of Insect Behavior,,https://www.scopus.com/inward/record.uri?partnerID=HzOxMe3b&scp=84925484298&origin=inward,https://www.scopus.com/inward/citedby.uri?partnerID=HzOxMe3b&scp=84925484298&origin=inward,,2026-04-12 18:56:48,Article,10.1007/s10905-014-9477-x,08927553,https://api.elsevier.com/content/abstract/scopus_id/84925484298,28,1,,,,0.7,7.0,1,10,,,,84925484298,2-s2.0-84925484298
16,Marton S.,"Ubiquiter circovirus sequences raise challenges in laboratory diagnosis: The case of honey bee and bee mite, reptiles, and free living amoebae",2015,Acta Microbiologica Et Immunologica Hungarica,,https://www.scopus.com/inward/record.uri?partnerID=HzOxMe3b&scp=84926285620&origin=inward,https://www.scopus.com/inward/citedby.uri?partnerID=HzOxMe3b&scp=84926285620&origin=inward,,2026-04-12 18:56:48,Article,10.1556/AMicr.62.2015.1.5,12178950,https://api.elsevier.com/content/abstract/scopus_id/84926285620,62,1,,,,1.6,16.0,1,10,,,,84926285620,2-s2.0-84926285620
0,Tabugo S.R.,Fluctuating asymmetry and developmental instability in the wings of neurothemis terminata as bioindicator of stress,2015,Advances in Environmental Biology,,https://www.scopus.com/inward/record.uri?partnerID=HzOxMe3b&scp=85063824874&origin=inward,https://www.scopus.com/inward/citedby.uri?partnerID=HzOxMe3b&scp=85063824874&origin=inward,,2026-04-12 18:56:48,Article,,19950756,https://api.elsevier.com/content/abstract/scopus_id/85063824874,9,19,,,,0.0,0.0,1,10,,,,85063824874,2-s2.0-85063824874
12,Totoni E.,Power management of extreme-scale networks with on/off links in runtime systems,2015,ACM Transactions on Parallel Computing,,https://www.scopus.com/inward/record.uri?partnerID=HzOxMe3b&scp=84992728987&origin=inward,https://www.scopus.com/inward/citedby.uri?partnerID=HzOxMe3b&scp=84992728987&origin=inward,,2026-04-12 18:56:48,Article,10.1145/2687001,23294949,https://api.elsevier.com/content/abstract/scopus_id/84992728987,1,2,,,,1.2,12.0,1,10,,,,84992728987,2-s2.0-84992728987
14,DuBois R.B.,"Detection probabilities and sampling rates for Anisoptera exuviae along river banks: Influences of bank vegetation type, prior precipitation, and exuviae size",2015,International Journal of Odonatology,,https://www.scopus.com/inward/record.uri?partnerID=HzOxMe3b&scp=84954392650&origin=inward,https://www.scopus.com/inward/citedby.uri?partnerID=HzOxMe3b&scp=84954392650&origin=inward,,2026-04-12 18:56:48,Article,10.1080/13887890.2015.1045560,13887890,https://api.elsevier.com/content/abstract/scopus_id/84954392650,18,3,,,,1.4,14.0,1,10,,,,84954392650,2-s2.0-84954392650
51,How M.J.,Target detection is enhanced by polarization vision in a fiddler crab,2015,Current Biology,,https://www.scopus.com/inward/record.uri?partnerID=HzOxMe3b&scp=84955391028&origin=inward,https://www.scopus.com/inward/citedby.uri?partnerID=HzOxMe3b&scp=84955391028&origin=inward,,2026-04-12 18:56:48,Article,10.1016/j.cub.2015.09.073,09609822,https://api.elsevier.com/content/abstract/scopus_id/84955391028,25,23,,,,5.1,51.0,1,10,,,,84955391028,2-s2.0-84955391028
1,Davis J.H.,Glow in the dark matter: Observing galactic halos with scattered light,2015,Physical Review Letters,,https://www.scopus.com/inward/record.uri?partnerID=HzOxMe3b&scp=84922374959&origin=inward,https://www.scopus.com/inward/citedby.uri?partnerID=HzOxMe3b&scp=84922374959&origin=inward,,2026-04-12 18:56:48,Article,10.1103/PhysRevLett.114.051303,00319007,https://api.elsevier.com/content/abstract/scopus_id/84922374959,114,5,,,,0.1,1.0,1,10,,,,84922374959,2-s2.0-84922374959
5,Soares J.,"Assemblage of immature Odonata (Insecta, Anisoptera) in streams of the mato grosso do sul state: Spatial implications",2015,Iheringia Serie Zoologia,,https://www.scopus.com/inward/record.uri?partnerID=HzOxMe3b&scp=84949782462&origin=inward,https://www.scopus.com/inward/citedby.uri?partnerID=HzOxMe3b&scp=84949782462&origin=inward,,2026-04-12 18:56:48,Article,10.1590/1678-476620151053325332,00734721,https://api.elsevier.com/content/abstract/scopus_id/84949782462,105,3,,,,0.5,5.0,1,10,,,,84949782462,2-s2.0-84949782462
0,,MATEC Web of Conferences,2015,Matec Web of Conferences,,https://www.scopus.com/inward/record.uri?partnerID=HzOxMe3b&scp=84976513366&origin=inward,https://www.scopus.com/inward/citedby.uri?partnerID=HzOxMe3b&scp=84976513366&origin=inward,,2026-04-12 18:56:48,Conference Review,,,https://api.elsevier.com/content/abstract/scopus_id/84976513366,30,,,,,0.0,0.0,0,10,,,,84976513366,2-s2.0-84976513366
44,Burmester T.,Evolution of respiratory proteins across the pancrustacea,2015,Integrative and Comparative Biology,,https://www.scopus.com/inward/record.uri?partnerID=HzOxMe3b&scp=84946552333&origin=inward,https://www.scopus.com/inward/citedby.uri?partnerID=HzOxMe3b&scp=84946552333&origin=inward,,2026-04-12 18:56:48,Conference Paper,10.1093/icb/icv079,15407063,https://api.elsevier.com/content/abstract/scopus_id/84946552333,55,5,,,,4.4,44.0,1,10,,,,84946552333,2-s2.0-84946552333
273,Bhadra C.M.,Antibacterial titanium nano-patterned arrays inspired by dragonfly wings,2015,Scientific Reports,,https://www.scopus.com/inward/record.uri?partnerID=HzOxMe3b&scp=84947210431&origin=inward,https://www.scopus.com/inward/citedby.uri?partnerID=HzOxMe3b&scp=84947210431&origin=inward,,2026-04-12 18:56:48,Article,10.1038/srep16817,,https://api.elsevier.com/content/abstract/scopus_id/84947210431,5,,,,,27.3,273.0,1,10,,,,84947210431,2-s2.0-84947210431
44,Janssens L.,"Warming reinforces nonconsumptive predator effects on prey growth, physiology, and body stoichiometry",2015,Ecology,,https://www.scopus.com/inward/record.uri?partnerID=HzOxMe3b&scp=84953292951&origin=inward,https://www.scopus.com/inward/citedby.uri?partnerID=HzOxMe3b&scp=84953292951&origin=inward,,2026-04-12 18:56:48,Article,10.1890/15-0030.1,00129658,https://api.elsevier.com/content/abstract/scopus_id/84953292951,96,12,,,,4.4,44.0,1,10,,,,84953292951,2-s2.0-84953292951
6,Hodnett B.L.,Superior laryngeal nerve monitoring using laryngeal surface electrodes and intraoperative neurophysiological monitoring during thyroidectomy,2015,Clinical Anatomy,,https://www.scopus.com/inward/record.uri?partnerID=HzOxMe3b&scp=84927591578&origin=inward,https://www.scopus.com/inward/citedby.uri?partnerID=HzOxMe3b&scp=84927591578&origin=inward,,2026-04-12 18:56:48,Article,10.1002/ca.22487,08973806,https://api.elsevier.com/content/abstract/scopus_id/84927591578,28,4,,,,0.6,6.0,1,10,,,,84927591578,2-s2.0-84927591578
9,Mutlu O.,Effects of homeopathic Anax imperator on behavioural and pain models in mice,2015,Homeopathy,,https://www.scopus.com/inward/record.uri?partnerID=HzOxMe3b&scp=84920479389&origin=inward,https://www.scopus.com/inward/citedby.uri?partnerID=HzOxMe3b&scp=84920479389&origin=inward,,2026-04-12 18:56:48,Article,10.1016/j.homp.2014.05.002,14754916,https://api.elsevier.com/content/abstract/scopus_id/84920479389,104,1,,,,0.9,9.0,1,10,,,,84920479389,2-s2.0-84920479389
11,Lambret P.,Initial preference for plant species and state during oviposition site selection by an odonate,2015,Entomological Science,,https://www.scopus.com/inward/record.uri?partnerID=HzOxMe3b&scp=84936845844&origin=inward,https://www.scopus.com/inward/citedby.uri?partnerID=HzOxMe3b&scp=84936845844&origin=inward,,2026-04-12 18:56:48,Article,10.1111/ens.12130,13438786,https://api.elsevier.com/content/abstract/scopus_id/84936845844,18,3,,,,1.1,11.0,1,10,,,,84936845844,2-s2.0-84936845844
1,Klecka J.,Aquatic insects of a lowland rainforest in Papua New Guinea: Assemblage structure in relation to habitat type,2015,Biologia Poland,,https://www.scopus.com/inward/record.uri?partnerID=HzOxMe3b&scp=84957593582&origin=inward,https://www.scopus.com/inward/citedby.uri?partnerID=HzOxMe3b&scp=84957593582&origin=inward,,2026-04-12 18:56:48,Article,10.1515/biolog-2015-0187,00063088,https://api.elsevier.com/content/abstract/scopus_id/84957593582,70,12,,,,0.1,1.0,1,10,,,,84957593582,2-s2.0-84957593582
7,Gallesi M.,Sexual dimorphism in wings and wing bands of Sympetrum pedemontanum (Müller in Allioni 1776),2015,Zoomorphology,,https://www.scopus.com/inward/record.uri?partnerID=HzOxMe3b&scp=84947022621&origin=inward,https://www.scopus.com/inward/citedby.uri?partnerID=HzOxMe3b&scp=84947022621&origin=inward,,2026-04-12 18:56:48,Article,10.1007/s00435-015-0280-9,0720213X,https://api.elsevier.com/content/abstract/scopus_id/84947022621,134,4,,,,0.7,7.0,1,10,,,,84947022621,2-s2.0-84947022621
24,Gazzola A.,"Fear is the mother of invention: Anuran embryos exposed to predator cues alter life-history traits, post-hatching behaviour and neuronal activity patterns",2015,Journal of Experimental Biology,,https://www.scopus.com/inward/record.uri?partnerID=HzOxMe3b&scp=84963682895&origin=inward,https://www.scopus.com/inward/citedby.uri?partnerID=HzOxMe3b&scp=84963682895&origin=inward,,2026-04-12 18:56:48,Article,10.1242/jeb.126334,00220949,https://api.elsevier.com/content/abstract/scopus_id/84963682895,218,24,,,,2.4,24.0,1,10,,,,84963682895,2-s2.0-84963682895
141,Hasan J.,"Engineering a nanostructured ""super surface"" with superhydrophobic and superkilling properties",2015,Rsc Advances,,https://www.scopus.com/inward/record.uri?partnerID=HzOxMe3b&scp=84930226283&origin=inward,https://www.scopus.com/inward/citedby.uri?partnerID=HzOxMe3b&scp=84930226283&origin=inward,,2026-04-12 18:56:48,Article,10.1039/c5ra05206h,,https://api.elsevier.com/content/abstract/scopus_id/84930226283,5,56,,,,14.1,141.0,1,10,,,,84930226283,2-s2.0-84930226283
4,Koch K.,Lifetime egg production of captive libellulids (Odonata),2015,International Journal of Odonatology,,https://www.scopus.com/inward/record.uri?partnerID=HzOxMe3b&scp=84954388968&origin=inward,https://www.scopus.com/inward/citedby.uri?partnerID=HzOxMe3b&scp=84954388968&origin=inward,,2026-04-12 18:56:48,Article,10.1080/13887890.2015.1043656,13887890,https://api.elsevier.com/content/abstract/scopus_id/84954388968,18,3,,,,0.4,4.0,1,10,,,,84954388968,2-s2.0-84954388968
16,Bucciarelli G.M.,Effects of newt chemical cues on the distribution and foraging behavior of stream macroinvertebrates,2015,Hydrobiologia,,https://www.scopus.com/inward/record.uri?partnerID=HzOxMe3b&scp=84925485245&origin=inward,https://www.scopus.com/inward/citedby.uri?partnerID=HzOxMe3b&scp=84925485245&origin=inward,,2026-04-12 18:56:48,Article,10.1007/s10750-014-2146-4,00188158,https://api.elsevier.com/content/abstract/scopus_id/84925485245,749,1,,,,1.6,16.0,1,10,,,,84925485245,2-s2.0-84925485245
37,Mikó Z.,Choice of experimental venue matters in ecotoxicology studies: Comparison of a laboratory-based and an outdoor mesocosm experiment,2015,Aquatic Toxicology,,https://www.scopus.com/inward/record.uri?partnerID=HzOxMe3b&scp=84938779881&origin=inward,https://www.scopus.com/inward/citedby.uri?partnerID=HzOxMe3b&scp=84938779881&origin=inward,,2026-04-12 18:56:48,Article,10.1016/j.aquatox.2015.07.014,0166445X,https://api.elsevier.com/content/abstract/scopus_id/84938779881,167,,,,,3.7,37.0,1,10,,,,84938779881,2-s2.0-84938779881
12,Souza A.M.,Does the habitat structure control the distribution and diversity of the Odonatofauna?,2015,Brazilian Journal of Biology,,https://www.scopus.com/inward/record.uri?partnerID=HzOxMe3b&scp=84943563015&origin=inward,https://www.scopus.com/inward/citedby.uri?partnerID=HzOxMe3b&scp=84943563015&origin=inward,,2026-04-12 18:56:48,Article,10.1590/1519-6984.18213,15196984,https://api.elsevier.com/content/abstract/scopus_id/84943563015,75,3,,,,1.2,12.0,1,10,,,,84943563015,2-s2.0-84943563015
6,Kumar R.,Kinematic and aerodynamic response of locusts in sideslip,2015,International Journal of Micro Air Vehicles,,https://www.scopus.com/inward/record.uri?partnerID=HzOxMe3b&scp=84950984294&origin=inward,https://www.scopus.com/inward/citedby.uri?partnerID=HzOxMe3b&scp=84950984294&origin=inward,,2026-04-12 18:56:48,Article,10.1260/1756-8293.7.2.159,17568293,https://api.elsevier.com/content/abstract/scopus_id/84950984294,7,2,,,,0.6,6.0,1,10,,,,84950984294,2-s2.0-84950984294
40,Van Dokkum P.G.,"Spectroscopic confirmation of the existence of large, diffuse galaxies in the coma cluster",2015,Astrophysical Journal Letters,,https://www.scopus.com/inward/record.uri?partnerID=HzOxMe3b&scp=84946164656&origin=inward,https://www.scopus.com/inward/citedby.uri?partnerID=HzOxMe3b&scp=84946164656&origin=inward,,2026-04-12 18:56:48,Article,10.1088/2041-8205/804/1/L26,20418205,https://api.elsevier.com/content/abstract/scopus_id/84946164656,804,1,,,,4.0,40.0,1,10,,,,84946164656,2-s2.0-84946164656
11,Tong J.,Nanoindentation mechanical properties and structural biomimetic models of three species of insects wings,2015,Journal Wuhan University of Technology Materials Science Edition,,https://www.scopus.com/inward/record.uri?partnerID=HzOxMe3b&scp=84938064048&origin=inward,https://www.scopus.com/inward/citedby.uri?partnerID=HzOxMe3b&scp=84938064048&origin=inward,,2026-04-12 18:56:48,Article,10.1007/s11595-015-1238-y,10002413,https://api.elsevier.com/content/abstract/scopus_id/84938064048,30,4,,,,1.1,11.0,1,10,,,,84938064048,2-s2.0-84938064048
0,,"18th International Conference on Information Security, ISC 2015",2015,Lecture Notes in Computer Science,,https://www.scopus.com/inward/record.uri?partnerID=HzOxMe3b&scp=84945974967&origin=inward,https://www.scopus.com/inward/citedby.uri?partnerID=HzOxMe3b&scp=84945974967&origin=inward,,2026-04-12 18:56:48,Conference Review,,03029743,https://api.elsevier.com/content/abstract/scopus_id/84945974967,9290,,,,,0.0,0.0,0,10,,,,84945974967,2-s2.0-84945974967
50,Rajabi H.,A comparative study of the effects of vein-joints on the mechanical behaviour of insect wings: I. Single joints,2015,Bioinspiration and Biomimetics,,https://www.scopus.com/inward/record.uri?partnerID=HzOxMe3b&scp=84944811053&origin=inward,https://www.scopus.com/inward/citedby.uri?partnerID=HzOxMe3b&scp=84944811053&origin=inward,,2026-04-12 18:56:48,Article,10.1088/1748-3190/10/5/056003,17483182,https://api.elsevier.com/content/abstract/scopus_id/84944811053,10,5,,,,5.0,50.0,1,10,,,,84944811053,2-s2.0-84944811053
8,Hernández J.M.,Phase-space detection of cyber events,2015,ACM International Conference Proceeding Series,,https://www.scopus.com/inward/record.uri?partnerID=HzOxMe3b&scp=84958773967&origin=inward,https://www.scopus.com/inward/citedby.uri?partnerID=HzOxMe3b&scp=84958773967&origin=inward,,2026-04-12 18:56:48,Conference Paper,10.1145/2746266.2746279,,https://api.elsevier.com/content/abstract/scopus_id/84958773967,06-08-April-2015,,,,,0.8,8.0,1,10,,,,84958773967,2-s2.0-84958773967
6,Oryspayev D.,Performance analysis of distributed symmetric sparse matrix vector multiplication algorithm for multi-core architectures,2015,Concurrency and Computation Practice and Experience,,https://www.scopus.com/inward/record.uri?partnerID=HzOxMe3b&scp=84966320757&origin=inward,https://www.scopus.com/inward/citedby.uri?partnerID=HzOxMe3b&scp=84966320757&origin=inward,,2026-04-12 18:56:48,Article,10.1002/cpe.3499,15320626,https://api.elsevier.com/content/abstract/scopus_id/84966320757,27,17,,,,0.6,6.0,1,10,,,,84966320757,2-s2.0-84966320757
23,Mahdjoub H.,Bivoltinism in coenagrion mercuriale (zygoptera: Odonata) in the southern margin of its distribution range: Emergence pattern and larval growth,2015,African Entomology,,https://www.scopus.com/inward/record.uri?partnerID=HzOxMe3b&scp=84926455061&origin=inward,https://www.scopus.com/inward/citedby.uri?partnerID=HzOxMe3b&scp=84926455061&origin=inward,,2026-04-12 18:56:48,Article,10.4001/003.023.0120,10213589,https://api.elsevier.com/content/abstract/scopus_id/84926455061,23,1,,,,2.3,23.0,1,10,,,,84926455061,2-s2.0-84926455061
3,Basagiannis S.,Implementation Experiences from Smart Grid Security Applications and Outlook on Future Research,2015,Smart Grid Security Innovative Solutions for A Modernized Grid,,https://www.scopus.com/inward/record.uri?partnerID=HzOxMe3b&scp=84943163424&origin=inward,https://www.scopus.com/inward/citedby.uri?partnerID=HzOxMe3b&scp=84943163424&origin=inward,,2026-04-12 18:56:48,Book Chapter,10.1016/B978-0-12-802122-4.00010-9,,https://api.elsevier.com/content/abstract/scopus_id/84943163424,,,,,,0.3,3.0,1,10,,,,84943163424,2-s2.0-84943163424
516,Van Dokkum P.G.,"Forty-seven milky way-sized, extremely diffuse galaxies in the coma cluster",2015,Astrophysical Journal Letters,,https://www.scopus.com/inward/record.uri?partnerID=HzOxMe3b&scp=84920778097&origin=inward,https://www.scopus.com/inward/citedby.uri?partnerID=HzOxMe3b&scp=84920778097&origin=inward,,2026-04-12 18:56:48,Article,10.1088/2041-8205/798/2/L45,20418205,https://api.elsevier.com/content/abstract/scopus_id/84920778097,798,2,,,,51.6,516.0,1,10,,,,84920778097,2-s2.0-84920778097
106,Takizawa K.,Space–time computational analysis of MAV flapping-wing aerodynamics with wing clapping,2015,Computational Mechanics,,https://www.scopus.com/inward/record.uri?partnerID=HzOxMe3b&scp=84930864338&origin=inward,https://www.scopus.com/inward/citedby.uri?partnerID=HzOxMe3b&scp=84930864338&origin=inward,,2026-04-12 18:56:48,Article,10.1007/s00466-014-1095-0,01787675,https://api.elsevier.com/content/abstract/scopus_id/84930864338,55,6,,,,10.6,106.0,1,10,,,,84930864338,2-s2.0-84930864338
1,Kownacki A.,Studies in the fauna of waters in the Polish part of the Tatra Mountains in the years 1919-1939,2015,Kwartalnik Historii Nauki I Techniki Kwartal Nyi Zhurnal Istorii Nauki I Tekhniki,,https://www.scopus.com/inward/record.uri?partnerID=HzOxMe3b&scp=85049719377&origin=inward,https://www.scopus.com/inward/citedby.uri?partnerID=HzOxMe3b&scp=85049719377&origin=inward,,2026-04-12 18:56:48,Article,,0023589X,https://api.elsevier.com/content/abstract/scopus_id/85049719377,60,3,,,,0.1,1.0,1,10,,,,85049719377,2-s2.0-85049719377
7,Gurjarpadhye A.A.,Dynamic Assessment of the Endothelialization of Tissue-Engineered Blood Vessels Using an Optical Coherence Tomography Catheter-Based Fluorescence Imaging System,2015,Tissue Engineering Part C Methods,,https://www.scopus.com/inward/record.uri?partnerID=HzOxMe3b&scp=84934293680&origin=inward,https://www.scopus.com/inward/citedby.uri?partnerID=HzOxMe3b&scp=84934293680&origin=inward,,2026-04-12 18:56:48,Article,10.1089/ten.tec.2014.0345,19373384,https://api.elsevier.com/content/abstract/scopus_id/84934293680,21,7,,,,0.7,7.0,1,10,,,,84934293680,2-s2.0-84934293680
0,Epp M.,Developing a disposition towards the natural environment in early childhood classrooms,2015,Educator to Educator Unpacking and Repacking Generative Concepts in Social Studies,,https://www.scopus.com/inward/record.uri?partnerID=HzOxMe3b&scp=84943395918&origin=inward,https://www.scopus.com/inward/citedby.uri?partnerID=HzOxMe3b&scp=84943395918&origin=inward,,2026-04-12 18:56:48,Book Chapter,10.1007/978-94-6209-986-9_4,,https://api.elsevier.com/content/abstract/scopus_id/84943395918,,,,,,0.0,0.0,1,10,,,,84943395918,2-s2.0-84943395918
280,Koda J.,APPROXIMATELY A THOUSAND ULTRA-DIFFUSE GALAXIES IN THE COMA CLUSTER,2015,Astrophysical Journal Letters,,https://www.scopus.com/inward/record.uri?partnerID=HzOxMe3b&scp=84934325126&origin=inward,https://www.scopus.com/inward/citedby.uri?partnerID=HzOxMe3b&scp=84934325126&origin=inward,,2026-04-12 18:56:48,Article,10.1088/2041-8205/807/1/L2,20418205,https://api.elsevier.com/content/abstract/scopus_id/84934325126,807,1,,,,28.0,280.0,1,10,,,,84934325126,2-s2.0-84934325126
10,Sun M.,Aerodynamics of insect fight,2015,Advances in Mechanics,,https://www.scopus.com/inward/record.uri?partnerID=HzOxMe3b&scp=84946835931&origin=inward,https://www.scopus.com/inward/citedby.uri?partnerID=HzOxMe3b&scp=84946835931&origin=inward,,2026-04-12 18:56:48,Article,10.6052/1000-0992-14-065,10000992,https://api.elsevier.com/content/abstract/scopus_id/84946835931,45,1,,,,1.0,10.0,1,10,,,,84946835931,2-s2.0-84946835931
34,Muller B.,Prostate cancer diagnosis: The feasibility of needle-based optical coherence tomography,2015,Journal of Medical Imaging,,https://www.scopus.com/inward/record.uri?partnerID=HzOxMe3b&scp=85011568471&origin=inward,https://www.scopus.com/inward/citedby.uri?partnerID=HzOxMe3b&scp=85011568471&origin=inward,,2026-04-12 18:56:48,Article,10.1117/1.JMI.2.3.037501,23294302,https://api.elsevier.com/content/abstract/scopus_id/85011568471,2,3,,,,3.4,34.0,1,10,,,,85011568471,2-s2.0-85011568471
36,Vannini L.,The CPCFC cuticular protein family: Anatomical and cuticular locations in Anopheles gambiae and distribution throughout Pancrustacea,2015,Insect Biochemistry and Molecular Biology,,https://www.scopus.com/inward/record.uri?partnerID=HzOxMe3b&scp=84941892029&origin=inward,https://www.scopus.com/inward/citedby.uri?partnerID=HzOxMe3b&scp=84941892029&origin=inward,,2026-04-12 18:56:48,Article,10.1016/j.ibmb.2015.07.002,09651748,https://api.elsevier.com/content/abstract/scopus_id/84941892029,65,,,,,3.6,36.0,1,10,,,,84941892029,2-s2.0-84941892029
20,Boda R.,"Emergence behaviour of the red listed Balkan Goldenring (Cordulegaster heros Theischinger, 1979) in Hungarian upstreams: vegetation structure affects the last steps of the larvae",2015,Journal of Insect Conservation,,https://www.scopus.com/inward/record.uri?partnerID=HzOxMe3b&scp=84930930216&origin=inward,https://www.scopus.com/inward/citedby.uri?partnerID=HzOxMe3b&scp=84930930216&origin=inward,,2026-04-12 18:56:48,Article,10.1007/s10841-015-9776-3,1366638X,https://api.elsevier.com/content/abstract/scopus_id/84930930216,19,3,,,,2.0,20.0,1,10,,,,84930930216,2-s2.0-84930930216
7,Michalewicz M.T.,Creating interconnect topologies by algorithmic edge removal: MOD and SMOD graphs,2015,Supercomputing Frontiers and Innovations,,https://www.scopus.com/inward/record.uri?partnerID=HzOxMe3b&scp=85027881157&origin=inward,https://www.scopus.com/inward/citedby.uri?partnerID=HzOxMe3b&scp=85027881157&origin=inward,,2026-04-12 18:56:48,Article,10.14529/jsfi150402,24096008,https://api.elsevier.com/content/abstract/scopus_id/85027881157,2,4,,,,0.7,7.0,1,10,,,,85027881157,2-s2.0-85027881157
15,Natsumeda T.,Environmental and biotic characteristics to discriminate farm ponds with and without exotic largemouth bass and bluegill in western Japan,2015,Limnology,,https://www.scopus.com/inward/record.uri?partnerID=HzOxMe3b&scp=84938986581&origin=inward,https://www.scopus.com/inward/citedby.uri?partnerID=HzOxMe3b&scp=84938986581&origin=inward,,2026-04-12 18:56:48,Article,10.1007/s10201-015-0453-8,14398621,https://api.elsevier.com/content/abstract/scopus_id/84938986581,16,3,,,,1.5,15.0,1,10,,,,84938986581,2-s2.0-84938986581
2,Dow R.,Mortonagrion megabinluyog spec. nov. from Brunei (Odonata: Zygoptera: Coenagrionidae),2015,Zootaxa,,https://www.scopus.com/inward/record.uri?partnerID=HzOxMe3b&scp=84930721002&origin=inward,https://www.scopus.com/inward/citedby.uri?partnerID=HzOxMe3b&scp=84930721002&origin=inward,,2026-04-12 18:56:48,Article,10.11646/zootaxa.3914.1.8,11755326,https://api.elsevier.com/content/abstract/scopus_id/84930721002,3914,1,,,,0.2,2.0,1,10,,,,84930721002,2-s2.0-84930721002
7,Asiain J.,New national and state records of Neotropical Staphylinidae (Insecta: Coleoptera),2015,Biochemical Journal,,https://www.scopus.com/inward/record.uri?partnerID=HzOxMe3b&scp=84931336400&origin=inward,https://www.scopus.com/inward/citedby.uri?partnerID=HzOxMe3b&scp=84931336400&origin=inward,,2026-04-12 18:56:48,Article,10.11646/zootaxa.3974.1.5,02646021,https://api.elsevier.com/content/abstract/scopus_id/84931336400,468,2,,,,0.7,7.0,1,10,,,,84931336400,2-s2.0-84931336400
0,Yu X.,First record of Ceriagrion fallax Ris (Odonata: Coenagrionidae) preying on small web-building spiders (Arachnida: Tetragnathidae),2015,International Journal of Odonatology,,https://www.scopus.com/inward/record.uri?partnerID=HzOxMe3b&scp=84934768202&origin=inward,https://www.scopus.com/inward/citedby.uri?partnerID=HzOxMe3b&scp=84934768202&origin=inward,,2026-04-12 18:56:48,Article,10.1080/13887890.2015.1025244,13887890,https://api.elsevier.com/content/abstract/scopus_id/84934768202,18,2,,,,0.0,0.0,1,10,,,,84934768202,2-s2.0-84934768202
34,Marchant R.,"The productivity of the macroinvertebrate prey of the platypus in the upper Shoalhaven River, New South Wales",2015,Marine and Freshwater Research,,https://www.scopus.com/inward/record.uri?partnerID=HzOxMe3b&scp=84946581322&origin=inward,https://www.scopus.com/inward/citedby.uri?partnerID=HzOxMe3b&scp=84946581322&origin=inward,,2026-04-12 18:56:48,Article,10.1071/MF14301,13231650,https://api.elsevier.com/content/abstract/scopus_id/84946581322,66,12,,,,3.4,34.0,1,10,,,,84946581322,2-s2.0-84946581322
128,Monteiro Júnior C.,Analysis of urban impacts on aquatic habitats in the central Amazon basin: Adult odonates as bioindicators of environmental quality,2015,Ecological Indicators,,https://www.scopus.com/inward/record.uri?partnerID=HzOxMe3b&scp=84907483048&origin=inward,https://www.scopus.com/inward/citedby.uri?partnerID=HzOxMe3b&scp=84907483048&origin=inward,,2026-04-12 18:56:48,Article,10.1016/j.ecolind.2014.08.021,1470160X,https://api.elsevier.com/content/abstract/scopus_id/84907483048,48,,,,,12.8,128.0,1,10,,,,84907483048,2-s2.0-84907483048
3,Rodríguez L.R.,"First record of the genus Aeschnosoma Selys, 1871 (Odonata: Corduliidae) from Colombia",2015,Entomotropica,,https://www.scopus.com/inward/record.uri?partnerID=HzOxMe3b&scp=84957940992&origin=inward,https://www.scopus.com/inward/citedby.uri?partnerID=HzOxMe3b&scp=84957940992&origin=inward,,2026-04-12 18:56:48,Article,,13175262,https://api.elsevier.com/content/abstract/scopus_id/84957940992,30,2015,,,,0.3,3.0,1,10,,,,84957940992,2-s2.0-84957940992
3,Phan Q.T.,Description of two new species of the genus Devadatta from northern Vietnam and central Laos (Odonata: Devadattidae),2015,Zootaxa,,https://www.scopus.com/inward/record.uri?partnerID=HzOxMe3b&scp=84930808000&origin=inward,https://www.scopus.com/inward/citedby.uri?partnerID=HzOxMe3b&scp=84930808000&origin=inward,,2026-04-12 18:56:48,Article,10.11646/zootaxa.3941.3.7,11755326,https://api.elsevier.com/content/abstract/scopus_id/84930808000,3941,3,,,,0.3,3.0,1,10,,,,84930808000,2-s2.0-84930808000
1,Seifert N.,"Diet of baillon's crakes zapornia pusilla: Assessing differences in prey availability and consumption during the breeding season in the Senegal River delta, West Africa",2015,Acta Ornithologica,,https://www.scopus.com/inward/record.uri?partnerID=HzOxMe3b&scp=84941059029&origin=inward,https://www.scopus.com/inward/citedby.uri?partnerID=HzOxMe3b&scp=84941059029&origin=inward,,2026-04-12 18:56:48,Article,10.3161/00016454AO2015.50.1.008,00016454,https://api.elsevier.com/content/abstract/scopus_id/84941059029,50,1,,,,0.1,1.0,1,10,,,,84941059029,2-s2.0-84941059029
9,Li K.Q.,"Catalog of insect type specimens preserved at the Kunming Institute of Zoology, Chinese Academy of Science with corrections of some specimens",2015,Dong Wu Xue Yan Jiu Zoological Research Dong Wu Xue Yan Jiu Bian Ji Wei Yuan Hui Bian Ji,,https://www.scopus.com/inward/record.uri?partnerID=HzOxMe3b&scp=84983550830&origin=inward,https://www.scopus.com/inward/citedby.uri?partnerID=HzOxMe3b&scp=84983550830&origin=inward,,2026-04-12 18:56:48,Article,,20958137,https://api.elsevier.com/content/abstract/scopus_id/84983550830,36,5,,,,0.9,9.0,1,10,,,,84983550830,2-s2.0-84983550830
3,Gallesi M.,"Does wing shape of andromorph females of Calopteryx splendens (Harris, 1780) resemble that of males?",2015,International Journal of Odonatology,,https://www.scopus.com/inward/record.uri?partnerID=HzOxMe3b&scp=84958166953&origin=inward,https://www.scopus.com/inward/citedby.uri?partnerID=HzOxMe3b&scp=84958166953&origin=inward,,2026-04-12 18:56:48,Article,10.1080/13887890.2015.1085457,13887890,https://api.elsevier.com/content/abstract/scopus_id/84958166953,18,4,,,,0.3,3.0,1,10,,,,84958166953,2-s2.0-84958166953
4,Xu Q.H.,"Description of the final stadium larva of Heliocypha perforata perforata (Percheron), with discussion of the taxonomic characters of the larvae of the genus Heliocypha Fraser (Odonata: Zygoptera: Chlorocyphidae)",2015,Zootaxa,,https://www.scopus.com/inward/record.uri?partnerID=HzOxMe3b&scp=84930515327&origin=inward,https://www.scopus.com/inward/citedby.uri?partnerID=HzOxMe3b&scp=84930515327&origin=inward,,2026-04-12 18:56:48,Article,10.11646/zootaxa.3926.1.8,11755326,https://api.elsevier.com/content/abstract/scopus_id/84930515327,3926,1,,,,0.4,4.0,1,10,,,,84930515327,2-s2.0-84930515327
4,Irusta J.,First record of Pseudostigmatidae (Insecta: Odonata) in the northeast region of Brazil,2015,Check List,,https://www.scopus.com/inward/record.uri?partnerID=HzOxMe3b&scp=84923197805&origin=inward,https://www.scopus.com/inward/citedby.uri?partnerID=HzOxMe3b&scp=84923197805&origin=inward,,2026-04-12 18:56:48,Article,10.15560/11.2.1565,,https://api.elsevier.com/content/abstract/scopus_id/84923197805,11,2,,,,0.4,4.0,1,10,,,,84923197805,2-s2.0-84923197805
5,Koli V.K.,"Diversity and Species Composition of Odonates in Southern Rajasthan, India",2015,Proceedings of the Zoological Society,,https://www.scopus.com/inward/record.uri?partnerID=HzOxMe3b&scp=84943420186&origin=inward,https://www.scopus.com/inward/citedby.uri?partnerID=HzOxMe3b&scp=84943420186&origin=inward,,2026-04-12 18:56:48,Article,10.1007/s12595-014-0103-x,03735893,https://api.elsevier.com/content/abstract/scopus_id/84943420186,68,2,,,,0.5,5.0,1,10,,,,84943420186,2-s2.0-84943420186
11,Orr A.G.,"Description of the final stadium larvae of Onychargia atrocyana Selys, 1865 from Sarawak, identified using DNA barcoding (Odonata: Zygoptera: Platycnemididae), with an overview of larval characters in the Platycnemididae",2015,Zootaxa,,https://www.scopus.com/inward/record.uri?partnerID=HzOxMe3b&scp=84946738105&origin=inward,https://www.scopus.com/inward/citedby.uri?partnerID=HzOxMe3b&scp=84946738105&origin=inward,,2026-04-12 18:56:48,Article,10.11646/zootaxa.4040.3.9,11755326,https://api.elsevier.com/content/abstract/scopus_id/84946738105,4040,3,,,,1.1,11.0,1,10,,,,84946738105,2-s2.0-84946738105
2,Koyama T.,Calcified plaque ablated by rotational atherectomy visualised by optical coherence tomography,2015,Eurointervention,,https://www.scopus.com/inward/record.uri?partnerID=HzOxMe3b&scp=84938562255&origin=inward,https://www.scopus.com/inward/citedby.uri?partnerID=HzOxMe3b&scp=84938562255&origin=inward,,2026-04-12 18:56:48,Article,10.4244/EIJV11I3A62,1774024X,https://api.elsevier.com/content/abstract/scopus_id/84938562255,11,3,,,,0.2,2.0,1,10,,,,84938562255,2-s2.0-84938562255
9,Brown A.J.,Cholesterol crystals identified using optical coherence tomography and virtual histology intravascular ultrasound,2015,Eurointervention,,https://www.scopus.com/inward/record.uri?partnerID=HzOxMe3b&scp=84933524038&origin=inward,https://www.scopus.com/inward/citedby.uri?partnerID=HzOxMe3b&scp=84933524038&origin=inward,,2026-04-12 18:56:48,Note,10.4244/EIJV11I2A38,1774024X,https://api.elsevier.com/content/abstract/scopus_id/84933524038,11,2,,,,0.9,9.0,1,10,,,,84933524038,2-s2.0-84933524038
1,Yeh W.C.,"Description of Sarasaeschna kaoi sp. nov. in Taiwan, with notes on the proposed differentiating characters of the pyanan-group (Odonata, Aeshnidae)",2015,Zootaxa,,https://www.scopus.com/inward/record.uri?partnerID=HzOxMe3b&scp=84930527054&origin=inward,https://www.scopus.com/inward/citedby.uri?partnerID=HzOxMe3b&scp=84930527054&origin=inward,,2026-04-12 18:56:48,Article,10.11646/zootaxa.3926.1.6,11755326,https://api.elsevier.com/content/abstract/scopus_id/84930527054,3926,1,,,,0.1,1.0,1,10,,,,84930527054,2-s2.0-84930527054
1,Khelifa R.,Does water intake after oviposition indicate the end of oviposition and egg depletion in Odonata females?,2015,International Journal of Odonatology,,https://www.scopus.com/inward/record.uri?partnerID=HzOxMe3b&scp=84954379105&origin=inward,https://www.scopus.com/inward/citedby.uri?partnerID=HzOxMe3b&scp=84954379105&origin=inward,,2026-04-12 18:56:48,Article,10.1080/13887890.2015.1080632,13887890,https://api.elsevier.com/content/abstract/scopus_id/84954379105,18,3,,,,0.1,1.0,1,10,,,,84954379105,2-s2.0-84954379105
11,Orr A.G.,"Description of two final stadium platystictid larvae from Borneo, including that of Drepanosticta ? attala Lieftinck, identified using DNA barcoding (Odonata: Zygoptera: Platystictidae)",2015,Zootaxa,,https://www.scopus.com/inward/record.uri?partnerID=HzOxMe3b&scp=84937250354&origin=inward,https://www.scopus.com/inward/citedby.uri?partnerID=HzOxMe3b&scp=84937250354&origin=inward,,2026-04-12 18:56:48,Article,10.11646/zootaxa.3985.4.5,11755326,https://api.elsevier.com/content/abstract/scopus_id/84937250354,3985,4,,,,1.1,11.0,1,10,,,,84937250354,2-s2.0-84937250354
7,Hämäläinen M.,"Revision of the sundaland species of the genus dysphaea selys, 1853 using molecular and morphological methods, with notes on allied species (Odonata: Euphaeidae)",2015,Zootaxa,,https://www.scopus.com/inward/record.uri?partnerID=HzOxMe3b&scp=84930801571&origin=inward,https://www.scopus.com/inward/citedby.uri?partnerID=HzOxMe3b&scp=84930801571&origin=inward,,2026-04-12 18:56:48,Review,10.11646/zootaxa.3949.4.1,11755326,https://api.elsevier.com/content/abstract/scopus_id/84930801571,3949,4,,,,0.7,7.0,1,10,,,,84930801571,2-s2.0-84930801571
12,Ujszegi J.,No observable effect of a glyphosate-based herbicide on two top predators of temporal water bodies,2015,Environmental Toxicology and Chemistry,,https://www.scopus.com/inward/record.uri?partnerID=HzOxMe3b&scp=84922503551&origin=inward,https://www.scopus.com/inward/citedby.uri?partnerID=HzOxMe3b&scp=84922503551&origin=inward,,2026-04-12 18:56:48,Article,10.1002/etc.2798,07307268,https://api.elsevier.com/content/abstract/scopus_id/84922503551,34,2,,,,1.2,12.0,1,10,,,,84922503551,2-s2.0-84922503551
3,Novelo-Gutiérrez R.,"Description of the larva of Epigomphus crepidus Kennedy, 1936 (Odonata: Gomphidae)",2015,Zootaxa,,https://www.scopus.com/inward/record.uri?partnerID=HzOxMe3b&scp=84943421751&origin=inward,https://www.scopus.com/inward/citedby.uri?partnerID=HzOxMe3b&scp=84943421751&origin=inward,,2026-04-12 18:56:48,Article,10.11646/zootaxa.4027.4.8,11755326,https://api.elsevier.com/content/abstract/scopus_id/84943421751,4027,4,,,,0.3,3.0,1,10,,,,84943421751,2-s2.0-84943421751
101,Huang Q.,"Development and application of benthic macroinvertebrate-based multimetric indices for the assessment of streams and rivers in the Taihu Basin, China",2015,Ecological Indicators,,https://www.scopus.com/inward/record.uri?partnerID=HzOxMe3b&scp=84907729909&origin=inward,https://www.scopus.com/inward/citedby.uri?partnerID=HzOxMe3b&scp=84907729909&origin=inward,,2026-04-12 18:56:48,Article,10.1016/j.ecolind.2014.09.014,1470160X,https://api.elsevier.com/content/abstract/scopus_id/84907729909,48,,,,,10.1,101.0,1,10,,,,84907729909,2-s2.0-84907729909
7,Dow R.A.,"Revision of the genus Devadatta Kirby, 1890 in Borneo based on molecular and morphological methods, with descriptions of four new species (Odonata: Zygoptera: Devadattidae)",2015,Zootaxa,,https://www.scopus.com/inward/record.uri?partnerID=HzOxMe3b&scp=84945265346&origin=inward,https://www.scopus.com/inward/citedby.uri?partnerID=HzOxMe3b&scp=84945265346&origin=inward,,2026-04-12 18:56:48,Article,10.11646/zootaxa.4033.3.1,11755326,https://api.elsevier.com/content/abstract/scopus_id/84945265346,4033,3,,,,0.7,7.0,1,10,,,,84945265346,2-s2.0-84945265346
18,Hamzaoui D.,"The Gomphidae of Algeria and the Maghreb: Status, ecology and conservation (Insecta: Odonata)",2015,International Journal of Odonatology,,https://www.scopus.com/inward/record.uri?partnerID=HzOxMe3b&scp=84954392684&origin=inward,https://www.scopus.com/inward/citedby.uri?partnerID=HzOxMe3b&scp=84954392684&origin=inward,,2026-04-12 18:56:48,Article,10.1080/13887890.2015.1043655,13887890,https://api.elsevier.com/content/abstract/scopus_id/84954392684,18,3,,,,1.8,18.0,1,10,,,,84954392684,2-s2.0-84954392684
16,Steinhoff P.,"Taxonomy and nomenclature of some mainland SE-Asian Coeliccia species (Odonata, Platycnemididae) using micro-CT analysis",2015,Zootaxa,,https://www.scopus.com/inward/record.uri?partnerID=HzOxMe3b&scp=84950982760&origin=inward,https://www.scopus.com/inward/citedby.uri?partnerID=HzOxMe3b&scp=84950982760&origin=inward,,2026-04-12 18:56:48,Review,10.11646/zootaxa.4059.2.2,11755326,https://api.elsevier.com/content/abstract/scopus_id/84950982760,4059,2,,,,1.6,16.0,1,10,,,,84950982760,2-s2.0-84950982760
3,Sakamoto T.,OCT visualization of the structure of intimal tissue after drug-eluting balloon deployment,2015,Jacc Cardiovascular Imaging,,https://www.scopus.com/inward/record.uri?partnerID=HzOxMe3b&scp=84939516337&origin=inward,https://www.scopus.com/inward/citedby.uri?partnerID=HzOxMe3b&scp=84939516337&origin=inward,,2026-04-12 18:56:48,Letter,10.1016/j.jcmg.2014.09.013,1936878X,https://api.elsevier.com/content/abstract/scopus_id/84939516337,8,8,,,,0.3,3.0,1,10,,,,84939516337,2-s2.0-84939516337
2,Bhardwaj D.K.,"Diversity of insects in Sal (Shorea robusta) forest at Selaqui region, Dehradun (India)",2015,International Journal of Pharma and Bio Sciences,,https://www.scopus.com/inward/record.uri?partnerID=HzOxMe3b&scp=85082345635&origin=inward,https://www.scopus.com/inward/citedby.uri?partnerID=HzOxMe3b&scp=85082345635&origin=inward,,2026-04-12 18:56:48,Article,,,https://api.elsevier.com/content/abstract/scopus_id/85082345635,6,1,,,,0.2,2.0,1,10,,,,85082345635,2-s2.0-85082345635
44,Prommi T.,Aquatic insect biodiversity and water quality parameters of streams in Northern Thailand,2015,Sains Malaysiana,,https://www.scopus.com/inward/record.uri?partnerID=HzOxMe3b&scp=84937695631&origin=inward,https://www.scopus.com/inward/citedby.uri?partnerID=HzOxMe3b&scp=84937695631&origin=inward,,2026-04-12 18:56:48,Article,10.17576/jsm-2015-4405-10,01266039,https://api.elsevier.com/content/abstract/scopus_id/84937695631,44,5,,,,4.4,44.0,1,10,,,,84937695631,2-s2.0-84937695631
18,Nor Zaiha A.,"Effects of logging activities on ecological water quality indicators in the Berasau River, Johor, Malaysia",2015,Environmental Monitoring and Assessment,,https://www.scopus.com/inward/record.uri?partnerID=HzOxMe3b&scp=84937231303&origin=inward,https://www.scopus.com/inward/citedby.uri?partnerID=HzOxMe3b&scp=84937231303&origin=inward,,2026-04-12 18:56:48,Article,10.1007/s10661-015-4715-z,01676369,https://api.elsevier.com/content/abstract/scopus_id/84937231303,187,8,,,,1.8,18.0,1,10,,,,84937231303,2-s2.0-84937231303
4,Konan K.F.,Predicting factors that influence fish guild composition in four coastal rivers (Southeast ivory coast) using artificial neural networks,2015,Ribarstvo Croatian Journal of Fisheries,,https://www.scopus.com/inward/record.uri?partnerID=HzOxMe3b&scp=84929448909&origin=inward,https://www.scopus.com/inward/citedby.uri?partnerID=HzOxMe3b&scp=84929448909&origin=inward,,2026-04-12 18:56:48,Article,10.14798/73.2.816,1330061X,https://api.elsevier.com/content/abstract/scopus_id/84929448909,73,2,,,,0.4,4.0,1,10,,,,84929448909,2-s2.0-84929448909
0,Dash S.,Aquatic insect diversity of baitarani estuary of odisha,2015,Aquatic Ecosystem Biodiversity Ecology and Conservation,,https://www.scopus.com/inward/record.uri?partnerID=HzOxMe3b&scp=84943372674&origin=inward,https://www.scopus.com/inward/citedby.uri?partnerID=HzOxMe3b&scp=84943372674&origin=inward,,2026-04-12 18:56:48,Book Chapter,10.1007/978-81-322-2178-4,,https://api.elsevier.com/content/abstract/scopus_id/84943372674,,,,,,0.0,0.0,1,10,,,,84943372674,2-s2.0-84943372674
53,Drury J.,Reproductive interference explains persistence of aggression between species,2015,Proceedings of the Royal Society B Biological Sciences,,https://www.scopus.com/inward/record.uri?partnerID=HzOxMe3b&scp=84930413172&origin=inward,https://www.scopus.com/inward/citedby.uri?partnerID=HzOxMe3b&scp=84930413172&origin=inward,,2026-04-12 18:56:48,Article,10.1098/rspb.2014.2256,09628452,https://api.elsevier.com/content/abstract/scopus_id/84930413172,282,1804,,,,5.3,53.0,1,10,,,,84930413172,2-s2.0-84930413172
3,Venn S.,Helsinki,2015,Vertebrates and Invertebrates of European Cities Selected Non Avian Fauna,,https://www.scopus.com/inward/record.uri?partnerID=HzOxMe3b&scp=84956798312&origin=inward,https://www.scopus.com/inward/citedby.uri?partnerID=HzOxMe3b&scp=84956798312&origin=inward,,2026-04-12 18:56:48,Book Chapter,10.1007/978-1-4939-1698-6_10,,https://api.elsevier.com/content/abstract/scopus_id/84956798312,,,,,,0.3,3.0,1,10,,,,84956798312,2-s2.0-84956798312
1,Smith-Herron A.J.,"Hoplorhynchus aster n. sp. (Apicomplexa: Actinocephalidae: Menosporinae) and Anguilloforma marcelyni gen. et n. sp. (Apicomplexa: Actinocephalidae: Acanthosporinae) infecting ischnura ramburii and enallagma civile (Zygoptera: Coenagrionidae) from Texas, U.S.A.",2015,Comparative Parasitology,,https://www.scopus.com/inward/record.uri?partnerID=HzOxMe3b&scp=84942041204&origin=inward,https://www.scopus.com/inward/citedby.uri?partnerID=HzOxMe3b&scp=84942041204&origin=inward,,2026-04-12 18:56:48,Article,10.1654/4763.1,15252647,https://api.elsevier.com/content/abstract/scopus_id/84942041204,82,2,,,,0.1,1.0,1,10,,,,84942041204,2-s2.0-84942041204
5,Mastrantuono L.,Response of littoral macroinvertebrates to morphological disturbances in mediterranean lakes: The case of lake piediluco (Central Italy),2015,Fundamental and Applied Limnology,,https://www.scopus.com/inward/record.uri?partnerID=HzOxMe3b&scp=84969427349&origin=inward,https://www.scopus.com/inward/citedby.uri?partnerID=HzOxMe3b&scp=84969427349&origin=inward,,2026-04-12 18:56:48,Article,10.1127/fal/2015/0655,18639135,https://api.elsevier.com/content/abstract/scopus_id/84969427349,186,4,,,,0.5,5.0,1,10,,,,84969427349,2-s2.0-84969427349
21,Happel A.,Spatio-temporal description of spottail shiner (Notropis hudsonius) fatty acid profiles in Lake Michigan's southern basin,2015,Journal of Great Lakes Research,,https://www.scopus.com/inward/record.uri?partnerID=HzOxMe3b&scp=84949199429&origin=inward,https://www.scopus.com/inward/citedby.uri?partnerID=HzOxMe3b&scp=84949199429&origin=inward,,2026-04-12 18:56:48,Article,10.1016/j.jglr.2015.04.013,03801330,https://api.elsevier.com/content/abstract/scopus_id/84949199429,41,,,,,2.1,21.0,1,10,,,,84949199429,2-s2.0-84949199429
1,Nakamura K.,Geographical variation in diapause development in eggs of Sympetrum frequens (Odonata: Libellulidae),2015,Applied Entomology and Zoology,,https://www.scopus.com/inward/record.uri?partnerID=HzOxMe3b&scp=84928821705&origin=inward,https://www.scopus.com/inward/citedby.uri?partnerID=HzOxMe3b&scp=84928821705&origin=inward,,2026-04-12 18:56:48,Article,10.1007/s13355-015-0332-0,00036862,https://api.elsevier.com/content/abstract/scopus_id/84928821705,50,2,,,,0.1,1.0,1,10,,,,84928821705,2-s2.0-84928821705
4,Sivaperuman C.,"Odonata of andaman and nicobar islands, india",2015,Aquatic Ecosystem Biodiversity Ecology and Conservation,,https://www.scopus.com/inward/record.uri?partnerID=HzOxMe3b&scp=84943398756&origin=inward,https://www.scopus.com/inward/citedby.uri?partnerID=HzOxMe3b&scp=84943398756&origin=inward,,2026-04-12 18:56:48,Book Chapter,10.1007/978-81-322-2178-4,,https://api.elsevier.com/content/abstract/scopus_id/84943398756,,,,,,0.4,4.0,1,10,,,,84943398756,2-s2.0-84943398756
2,Soltani F.,Coronary bifurcation treated with the hybrid mini-crush approach: A potential application of three-dimensional optical coherence tomography to optimise stent apposition,2015,Eurointervention,,https://www.scopus.com/inward/record.uri?partnerID=HzOxMe3b&scp=84954236538&origin=inward,https://www.scopus.com/inward/citedby.uri?partnerID=HzOxMe3b&scp=84954236538&origin=inward,,2026-04-12 18:56:48,Note,10.4244/EIJV11I8A187,1774024X,https://api.elsevier.com/content/abstract/scopus_id/84954236538,11,8,,,,0.2,2.0,1,10,,,,84954236538,2-s2.0-84954236538
8,Di Prinzio C.Y.,Selective foraging by non-native rainbow trout on invertebrates in patagonian streams in argentina,2015,Zoological Studies,,https://www.scopus.com/inward/record.uri?partnerID=HzOxMe3b&scp=84922371369&origin=inward,https://www.scopus.com/inward/citedby.uri?partnerID=HzOxMe3b&scp=84922371369&origin=inward,,2026-04-12 18:56:48,Article,10.1186/s40555-015-0108-9,10215506,https://api.elsevier.com/content/abstract/scopus_id/84922371369,54,1,,,,0.8,8.0,1,10,,,,84922371369,2-s2.0-84922371369
12,Wolfe C.R.,E-Communications Platforms and E-Learning,2015,International Encyclopedia of the Social Behavioral Sciences Second Edition,,https://www.scopus.com/inward/record.uri?partnerID=HzOxMe3b&scp=84984550615&origin=inward,https://www.scopus.com/inward/citedby.uri?partnerID=HzOxMe3b&scp=84984550615&origin=inward,,2026-04-12 18:56:48,Book Chapter,10.1016/B978-0-08-097086-8.41022-6,,https://api.elsevier.com/content/abstract/scopus_id/84984550615,,,,,,1.2,12.0,1,10,,,,84984550615,2-s2.0-84984550615
30,Mossman H.L.,Modelling biodiversity distribution in agricultural landscapes to support ecological network planning,2015,Landscape and Urban Planning,,https://www.scopus.com/inward/record.uri?partnerID=HzOxMe3b&scp=84929467500&origin=inward,https://www.scopus.com/inward/citedby.uri?partnerID=HzOxMe3b&scp=84929467500&origin=inward,,2026-04-12 18:56:48,Article,10.1016/j.landurbplan.2015.04.010,01692046,https://api.elsevier.com/content/abstract/scopus_id/84929467500,141,,,,,3.0,30.0,1,10,,,,84929467500,2-s2.0-84929467500
24,Randrianandrasana M.,Edible Non-crustacean Arthropods in Rural Communities of Madagascar,2015,Journal of Ethnobiology,,https://www.scopus.com/inward/record.uri?partnerID=HzOxMe3b&scp=84937121464&origin=inward,https://www.scopus.com/inward/citedby.uri?partnerID=HzOxMe3b&scp=84937121464&origin=inward,,2026-04-12 18:56:48,Article,10.2993/etbi-35-02-354-383.1,02780771,https://api.elsevier.com/content/abstract/scopus_id/84937121464,35,2,,,,2.4,24.0,1,10,,,,84937121464,2-s2.0-84937121464
0,Ashikaga K.,Spontaneous healing of spontaneous coronary artery dissection after balloon angioplasty: Follow-up for over 9 months using optical coherence tomography and intravascular ultrasound,2015,International Journal of Cardiology,,https://www.scopus.com/inward/record.uri?partnerID=HzOxMe3b&scp=84951293482&origin=inward,https://www.scopus.com/inward/citedby.uri?partnerID=HzOxMe3b&scp=84951293482&origin=inward,,2026-04-12 18:56:48,Article,10.1016/j.ijcard.2015.04.284,01675273,https://api.elsevier.com/content/abstract/scopus_id/84951293482,191,,,,,0.0,0.0,1,10,,,,84951293482,2-s2.0-84951293482
1,Mustafa A.,"Neoatherosclerosis, plaque rupture and very late stent thrombosis of a first generation drug eluting stent treated with aspiration thrombectomy and newer generation drug eluting stent implantation",2015,International Journal of Cardiology,,https://www.scopus.com/inward/record.uri?partnerID=HzOxMe3b&scp=84943543516&origin=inward,https://www.scopus.com/inward/citedby.uri?partnerID=HzOxMe3b&scp=84943543516&origin=inward,,2026-04-12 18:56:48,Article,10.1016/j.ijcard.2014.12.118,01675273,https://api.elsevier.com/content/abstract/scopus_id/84943543516,201,,,,,0.1,1.0,1,10,,,,84943543516,2-s2.0-84943543516
9,Ortiz-Sandoval J.J.,Trophic scaling of Percichthys trucha (Percichthyidae) in monospecific and multispecific lakes in western Patagonia,2015,Limnologica,,https://www.scopus.com/inward/record.uri?partnerID=HzOxMe3b&scp=84935029052&origin=inward,https://www.scopus.com/inward/citedby.uri?partnerID=HzOxMe3b&scp=84935029052&origin=inward,,2026-04-12 18:56:48,Article,10.1016/j.limno.2015.05.006,00759511,https://api.elsevier.com/content/abstract/scopus_id/84935029052,53,,,,,0.9,9.0,1,10,,,,84935029052,2-s2.0-84935029052
3,Marmagkiolis K.,OCT evaluation of directional atherectomy compared to balloon angioplasty,2015,Cardiovascular Revascularization Medicine,,https://www.scopus.com/inward/record.uri?partnerID=HzOxMe3b&scp=84941879286&origin=inward,https://www.scopus.com/inward/citedby.uri?partnerID=HzOxMe3b&scp=84941879286&origin=inward,,2026-04-12 18:56:48,Review,10.1016/j.carrev.2015.02.003,15538389,https://api.elsevier.com/content/abstract/scopus_id/84941879286,16,6,,,,0.3,3.0,1,10,,,,84941879286,2-s2.0-84941879286
2,Nakao F.,Instant Stent-Accentuated 3-Dimensional Optical Coherence Tomography of Struts Pulled Up by Pulling Stuck Wire and Folded by Kissing Balloon Dilation,2015,Jacc Cardiovascular Interventions,,https://www.scopus.com/inward/record.uri?partnerID=HzOxMe3b&scp=84973434313&origin=inward,https://www.scopus.com/inward/citedby.uri?partnerID=HzOxMe3b&scp=84973434313&origin=inward,,2026-04-12 18:56:48,Article,10.1016/j.jcin.2015.01.038,19368798,https://api.elsevier.com/content/abstract/scopus_id/84973434313,8,8,,,,0.2,2.0,1,10,,,,84973434313,2-s2.0-84973434313
27,Kati S.,"Feeding ecology of the invasive Amur sleeper (Perccottus glenii Dybowski, 1877) in Central Europe",2015,International Review of Hydrobiology,,https://www.scopus.com/inward/record.uri?partnerID=HzOxMe3b&scp=84937628289&origin=inward,https://www.scopus.com/inward/citedby.uri?partnerID=HzOxMe3b&scp=84937628289&origin=inward,,2026-04-12 18:56:48,Article,10.1002/iroh.201401784,14342944,https://api.elsevier.com/content/abstract/scopus_id/84937628289,100,3-4,,,,2.7,27.0,1,10,,,,84937628289,2-s2.0-84937628289
24,Maneechan W.,"Diversity and Distribution of Aquatic Insects in Streams of the Mae Klong Watershed, Western Thailand",2015,Psyche London,,https://www.scopus.com/inward/record.uri?partnerID=HzOxMe3b&scp=84948823035&origin=inward,https://www.scopus.com/inward/citedby.uri?partnerID=HzOxMe3b&scp=84948823035&origin=inward,,2026-04-12 18:56:48,Article,10.1155/2015/912451,00332615,https://api.elsevier.com/content/abstract/scopus_id/84948823035,2015,,,,,2.4,24.0,1,10,,,,84948823035,2-s2.0-84948823035
61,Mitchell A.,Collecting in collections: A PCR strategy and primer set for DNA barcoding of decades-old dried museum specimens,2015,Molecular Ecology Resources,,https://www.scopus.com/inward/record.uri?partnerID=HzOxMe3b&scp=84938955836&origin=inward,https://www.scopus.com/inward/citedby.uri?partnerID=HzOxMe3b&scp=84938955836&origin=inward,,2026-04-12 18:56:48,Article,10.1111/1755-0998.12380,1755098X,https://api.elsevier.com/content/abstract/scopus_id/84938955836,15,5,,,,6.1,61.0,1,10,,,,84938955836,2-s2.0-84938955836
86,Razeng E.,Nutritional composition of the preferred prey of insectivorous birds: Popularity reflects quality,2015,Journal of Avian Biology,,https://www.scopus.com/inward/record.uri?partnerID=HzOxMe3b&scp=84922973650&origin=inward,https://www.scopus.com/inward/citedby.uri?partnerID=HzOxMe3b&scp=84922973650&origin=inward,,2026-04-12 18:56:48,Article,10.1111/jav.00475,09088857,https://api.elsevier.com/content/abstract/scopus_id/84922973650,46,1,,,,8.6,86.0,1,10,,,,84922973650,2-s2.0-84922973650
23,Bhowmik A.K.,Large scale relationship between aquatic insect traits and climate,2015,Plos One,,https://www.scopus.com/inward/record.uri?partnerID=HzOxMe3b&scp=84937857516&origin=inward,https://www.scopus.com/inward/citedby.uri?partnerID=HzOxMe3b&scp=84937857516&origin=inward,,2026-04-12 18:56:48,Article,10.1371/journal.pone.0130025,,https://api.elsevier.com/content/abstract/scopus_id/84937857516,10,6,,,,2.3,23.0,1,10,,,,84937857516,2-s2.0-84937857516
22,Polat G.,Design and implementation of 256-point radix-4 100 gbit/s FFT algorithm into FPGA for high-speed applications,2015,ETRI Journal,,https://www.scopus.com/inward/record.uri?partnerID=HzOxMe3b&scp=84938366614&origin=inward,https://www.scopus.com/inward/citedby.uri?partnerID=HzOxMe3b&scp=84938366614&origin=inward,,2026-04-12 18:56:48,Article,10.4218/etrij.15.0114.0678,12256463,https://api.elsevier.com/content/abstract/scopus_id/84938366614,37,4,,,,2.2,22.0,1,10,,,,84938366614,2-s2.0-84938366614
22,Amit B.,The diet of yellow-vented bulbul (pycnonotus goiavier) in oil palm agroecosystems,2015,Journal of Oil Palm Research,,https://www.scopus.com/inward/record.uri?partnerID=HzOxMe3b&scp=84952010938&origin=inward,https://www.scopus.com/inward/citedby.uri?partnerID=HzOxMe3b&scp=84952010938&origin=inward,,2026-04-12 18:56:48,Article,,15112780,https://api.elsevier.com/content/abstract/scopus_id/84952010938,27,4,,,,2.2,22.0,1,10,,,,84952010938,2-s2.0-84952010938
44,Dida G.O.,"Presence and distribution of mosquito larvae predators and factors influencing their abundance along the Mara River, Kenya and Tanzania",2015,Springerplus,,https://www.scopus.com/inward/record.uri?partnerID=HzOxMe3b&scp=84961356166&origin=inward,https://www.scopus.com/inward/citedby.uri?partnerID=HzOxMe3b&scp=84961356166&origin=inward,,2026-04-12 18:56:48,Article,10.1186/s40064-015-0905-y,,https://api.elsevier.com/content/abstract/scopus_id/84961356166,4,1,,,,4.4,44.0,1,10,,,,84961356166,2-s2.0-84961356166
82,Lakew A.,A multimetric index based on benthic macroinvertebrates for assessing the ecological status of streams and rivers in central and southeast highlands of Ethiopia,2015,Hydrobiologia,,https://www.scopus.com/inward/record.uri?partnerID=HzOxMe3b&scp=84939971880&origin=inward,https://www.scopus.com/inward/citedby.uri?partnerID=HzOxMe3b&scp=84939971880&origin=inward,,2026-04-12 18:56:48,Article,10.1007/s10750-015-2189-1,00188158,https://api.elsevier.com/content/abstract/scopus_id/84939971880,751,1,,,,8.2,82.0,1,10,,,,84939971880,2-s2.0-84939971880
11,Romeo G.,Development of the fire salamander larvae at the altitudinal limit in Lombardy (north-western Italy): Effect of two cohorts occurrence on intraspecific aggression,2015,North Western Journal of Zoology,,https://www.scopus.com/inward/record.uri?partnerID=HzOxMe3b&scp=84952655478&origin=inward,https://www.scopus.com/inward/citedby.uri?partnerID=HzOxMe3b&scp=84952655478&origin=inward,,2026-04-12 18:56:48,Article,,15849074,https://api.elsevier.com/content/abstract/scopus_id/84952655478,11,2,,,,1.1,11.0,1,10,,,,84952655478,2-s2.0-84952655478
21,Kirby M.,Reproducibility of optical coherence tomography airway imaging,2015,Biomedical Optics Express,,https://www.scopus.com/inward/record.uri?partnerID=HzOxMe3b&scp=84961770660&origin=inward,https://www.scopus.com/inward/citedby.uri?partnerID=HzOxMe3b&scp=84961770660&origin=inward,,2026-04-12 18:56:48,Article,10.1364/BOE.6.004365,,https://api.elsevier.com/content/abstract/scopus_id/84961770660,6,11,,,,2.1,21.0,1,10,,,,84961770660,2-s2.0-84961770660
14,Gäde G.,The decapod red pigment-concentrating hormone (Panbo-RPCH) is the first identified neuropeptide of the order Plecoptera and is interpreted as homoplastic character state,2015,General and Comparative Endocrinology,,https://www.scopus.com/inward/record.uri?partnerID=HzOxMe3b&scp=84947033409&origin=inward,https://www.scopus.com/inward/citedby.uri?partnerID=HzOxMe3b&scp=84947033409&origin=inward,,2026-04-12 18:56:48,Article,10.1016/j.ygcen.2015.02.011,00166480,https://api.elsevier.com/content/abstract/scopus_id/84947033409,221,,,,,1.4,14.0,1,10,,,,84947033409,2-s2.0-84947033409
59,McLoughlin S.,The record of Australian Jurassic plant-arthropod interactions,2015,Gondwana Research,,https://www.scopus.com/inward/record.uri?partnerID=HzOxMe3b&scp=84925293550&origin=inward,https://www.scopus.com/inward/citedby.uri?partnerID=HzOxMe3b&scp=84925293550&origin=inward,,2026-04-12 18:56:48,Article,10.1016/j.gr.2013.11.009,1342937X,https://api.elsevier.com/content/abstract/scopus_id/84925293550,27,3,,,,5.9,59.0,1,10,,,,84925293550,2-s2.0-84925293550
7,Oak C.,Multimodal imaging using optical coherence tomography and endolaryngeal ultrasonography in a new rabbit VX2 laryngeal cancer model,2015,Lasers in Surgery and Medicine,,https://www.scopus.com/inward/record.uri?partnerID=HzOxMe3b&scp=84945460671&origin=inward,https://www.scopus.com/inward/citedby.uri?partnerID=HzOxMe3b&scp=84945460671&origin=inward,,2026-04-12 18:56:48,Article,10.1002/lsm.22409,01968092,https://api.elsevier.com/content/abstract/scopus_id/84945460671,47,9,,,,0.7,7.0,1,10,,,,84945460671,2-s2.0-84945460671
23,Sondermann M.,Modelling the effect of in-stream and terrestrial barriers on the dispersal of aquatic insect species: A case study from a Central European mountain catchment,2015,Fundamental and Applied Limnology,,https://www.scopus.com/inward/record.uri?partnerID=HzOxMe3b&scp=84924910203&origin=inward,https://www.scopus.com/inward/citedby.uri?partnerID=HzOxMe3b&scp=84924910203&origin=inward,,2026-04-12 18:56:48,Article,10.1127/fal/2015/0597,18639135,https://api.elsevier.com/content/abstract/scopus_id/84924910203,186,1-2,,,,2.3,23.0,1,10,,,,84924910203,2-s2.0-84924910203
15,Lewis T.L.,Species richness and distributions of boreal waterbird broods in relation to nesting and brood-rearing habitats,2015,Journal of Wildlife Management,,https://www.scopus.com/inward/record.uri?partnerID=HzOxMe3b&scp=84921610694&origin=inward,https://www.scopus.com/inward/citedby.uri?partnerID=HzOxMe3b&scp=84921610694&origin=inward,,2026-04-12 18:56:48,Article,10.1002/jwmg.837,0022541X,https://api.elsevier.com/content/abstract/scopus_id/84921610694,79,2,,,,1.5,15.0,1,10,,,,84921610694,2-s2.0-84921610694
17,Given C.,Optical coherence tomography of the intracranial vasculature and Wingspan stent in a patient,2015,Journal of Neurointerventional Surgery,,https://www.scopus.com/inward/record.uri?partnerID=HzOxMe3b&scp=84929314887&origin=inward,https://www.scopus.com/inward/citedby.uri?partnerID=HzOxMe3b&scp=84929314887&origin=inward,,2026-04-12 18:56:48,Article,10.1136/neurintsurg-2014-011114.rep,17598478,https://api.elsevier.com/content/abstract/scopus_id/84929314887,7,6,,,,1.7,17.0,1,10,,,,84929314887,2-s2.0-84929314887
41,Benke A.C.,High secondary production in a Coastal Plain river is dominated by snag invertebrates and fuelled mainly by amorphous detritus,2015,Freshwater Biology,,https://www.scopus.com/inward/record.uri?partnerID=HzOxMe3b&scp=84920903681&origin=inward,https://www.scopus.com/inward/citedby.uri?partnerID=HzOxMe3b&scp=84920903681&origin=inward,,2026-04-12 18:56:48,Article,10.1111/fwb.12460,00465070,https://api.elsevier.com/content/abstract/scopus_id/84920903681,60,2,,,,4.1,41.0,1,10,,,,84920903681,2-s2.0-84920903681
76,Wernet M.,The evolutionary diversity of insect retinal mosaics: Common design principles and emerging molecular logic,2015,Trends in Genetics,,https://www.scopus.com/inward/record.uri?partnerID=HzOxMe3b&scp=84930476230&origin=inward,https://www.scopus.com/inward/citedby.uri?partnerID=HzOxMe3b&scp=84930476230&origin=inward,,2026-04-12 18:56:48,Review,10.1016/j.tig.2015.04.006,01689525,https://api.elsevier.com/content/abstract/scopus_id/84930476230,31,6,,,,7.6,76.0,1,10,,,,84930476230,2-s2.0-84930476230
27,Rivero F.,Treatment of In-Stent Restenosis With Bioresorbable Vascular Scaffolds: Optical Coherence Tomography Insights,2015,Canadian Journal of Cardiology,,https://www.scopus.com/inward/record.uri?partnerID=HzOxMe3b&scp=84924065176&origin=inward,https://www.scopus.com/inward/citedby.uri?partnerID=HzOxMe3b&scp=84924065176&origin=inward,,2026-04-12 18:56:48,Article,10.1016/j.cjca.2014.11.017,0828282X,https://api.elsevier.com/content/abstract/scopus_id/84924065176,31,3,,,,2.7,27.0,1,10,,,,84924065176,2-s2.0-84924065176
7,Hattori A.,Total volume of 3D small patch reefs reflected in aerial photographs can predict total species richness of coral reef damselfish assemblages on a shallow back reef,2015,Ecological Research,,https://www.scopus.com/inward/record.uri?partnerID=HzOxMe3b&scp=84937629227&origin=inward,https://www.scopus.com/inward/citedby.uri?partnerID=HzOxMe3b&scp=84937629227&origin=inward,,2026-04-12 18:56:48,Article,10.1007/s11284-015-1268-0,09123814,https://api.elsevier.com/content/abstract/scopus_id/84937629227,30,4,,,,0.7,7.0,1,10,,,,84937629227,2-s2.0-84937629227
19,Santana H.S.,The rainy season increases the abundance and richness of the aquatic insect community in a Neotropical reservoir,2015,Brazilian Journal of Biology,,https://www.scopus.com/inward/record.uri?partnerID=HzOxMe3b&scp=84928820994&origin=inward,https://www.scopus.com/inward/citedby.uri?partnerID=HzOxMe3b&scp=84928820994&origin=inward,,2026-04-12 18:56:48,Article,10.1590/1519-6984.09213,15196984,https://api.elsevier.com/content/abstract/scopus_id/84928820994,75,1,,,,1.9,19.0,1,10,,,,84928820994,2-s2.0-84928820994
2,Ichikawa M.,Spontaneous resolution of pseudoaneurysm after zotarolimus-eluting stent implantation: imaging evidence at 13 months of follow-up,2015,Cardiovascular Intervention and Therapeutics,,https://www.scopus.com/inward/record.uri?partnerID=HzOxMe3b&scp=84928809666&origin=inward,https://www.scopus.com/inward/citedby.uri?partnerID=HzOxMe3b&scp=84928809666&origin=inward,,2026-04-12 18:56:48,Article,10.1007/s12928-014-0268-2,18684300,https://api.elsevier.com/content/abstract/scopus_id/84928809666,30,2,,,,0.2,2.0,1,10,,,,84928809666,2-s2.0-84928809666
0,DuBois R.B.,How did E. M. Walker measure the length of the labium of nymphs of Aeshna and Rhionaeschna (Odonata: Aeshnidae)?,2015,Great Lakes Entomologist,,https://www.scopus.com/inward/record.uri?partnerID=HzOxMe3b&scp=85019747678&origin=inward,https://www.scopus.com/inward/citedby.uri?partnerID=HzOxMe3b&scp=85019747678&origin=inward,,2026-04-12 18:56:48,Article,,00900222,https://api.elsevier.com/content/abstract/scopus_id/85019747678,48,1-2,,,,0.0,0.0,1,10,,,,85019747678,2-s2.0-85019747678
8,Agrawal A.,Spontaneous coronary artery dissection in loeys-dietz syndrome: Role of optical coherence tomography in diagnosis and management,2015,Journal of Invasive Cardiology,,https://www.scopus.com/inward/record.uri?partnerID=HzOxMe3b&scp=84940942555&origin=inward,https://www.scopus.com/inward/citedby.uri?partnerID=HzOxMe3b&scp=84940942555&origin=inward,,2026-04-12 18:56:48,Article,,10423931,https://api.elsevier.com/content/abstract/scopus_id/84940942555,27,9,,,,0.8,8.0,1,10,,,,84940942555,2-s2.0-84940942555
0,Dai N.,Application of fractional flow reserve and optical coherence tomography examinations in a patient presenting with recurrent angina: A case report,2015,Journal of Medical Case Reports,,https://www.scopus.com/inward/record.uri?partnerID=HzOxMe3b&scp=84940174428&origin=inward,https://www.scopus.com/inward/citedby.uri?partnerID=HzOxMe3b&scp=84940174428&origin=inward,,2026-04-12 18:56:48,Article,10.1186/s13256-015-0664-y,,https://api.elsevier.com/content/abstract/scopus_id/84940174428,9,1,,,,0.0,0.0,1,10,,,,84940174428,2-s2.0-84940174428
37,Amabile N.,Intra-coronary thrombus evolution during acute coronary syndrome: Regression assessment by serial optical coherence tomography analyses,2015,European Heart Journal Cardiovascular Imaging,,https://www.scopus.com/inward/record.uri?partnerID=HzOxMe3b&scp=84928410129&origin=inward,https://www.scopus.com/inward/citedby.uri?partnerID=HzOxMe3b&scp=84928410129&origin=inward,,2026-04-12 18:56:48,Article,10.1093/ehjci/jeu228,20472404,https://api.elsevier.com/content/abstract/scopus_id/84928410129,16,4,,,,3.7,37.0,1,10,,,,84928410129,2-s2.0-84928410129
2,Ortega-Salas H.,"A new species of Libellula Linnaeus, 1758, from the Cuatro Ciénegas basin, Coahuila, México (Anisoptera: Libellulidae)",2015,Zootaxa,,https://www.scopus.com/inward/record.uri?partnerID=HzOxMe3b&scp=84944395607&origin=inward,https://www.scopus.com/inward/citedby.uri?partnerID=HzOxMe3b&scp=84944395607&origin=inward,,2026-04-12 18:56:48,Article,10.11646/zootaxa.4028.4.10,11755326,https://api.elsevier.com/content/abstract/scopus_id/84944395607,4028,4,,,,0.2,2.0,1,10,,,,84944395607,2-s2.0-84944395607
2,Boucher A.,LANDSCAPE CHANGES IN A LOWLAND IN BENIN: ECOLOGICAL IMPACT ON PESTS AND NATURAL ENEMIES,2015,Communications in Agricultural and Applied Biological Sciences,,https://www.scopus.com/inward/record.uri?partnerID=HzOxMe3b&scp=84973131000&origin=inward,https://www.scopus.com/inward/citedby.uri?partnerID=HzOxMe3b&scp=84973131000&origin=inward,,2026-04-12 18:56:48,Article,,13791176,https://api.elsevier.com/content/abstract/scopus_id/84973131000,80,2,,,,0.2,2.0,1,10,,,,84973131000,2-s2.0-84973131000
9,Nishio R.,Early phase arterial reaction following drug-eluting and bare-metal stent implantation in patients with ST-segment elevation myocardial infarction: Optical coherence tomography assessment at 2 weeks,2015,International Heart Journal,,https://www.scopus.com/inward/record.uri?partnerID=HzOxMe3b&scp=84936996049&origin=inward,https://www.scopus.com/inward/citedby.uri?partnerID=HzOxMe3b&scp=84936996049&origin=inward,,2026-04-12 18:56:48,Article,10.1536/ihj.15-044,13492365,https://api.elsevier.com/content/abstract/scopus_id/84936996049,56,4,,,,0.9,9.0,1,10,,,,84936996049,2-s2.0-84936996049
14,Magnus P.C.,Optical coherence tomography versus intravascular ultrasound in the evaluation of observer variability and reliability in the assessment of stent deployment: The OCTIVUS study,2015,Catheterization and Cardiovascular Interventions,,https://www.scopus.com/inward/record.uri?partnerID=HzOxMe3b&scp=84929825307&origin=inward,https://www.scopus.com/inward/citedby.uri?partnerID=HzOxMe3b&scp=84929825307&origin=inward,,2026-04-12 18:56:48,Article,10.1002/ccd.25854,15221946,https://api.elsevier.com/content/abstract/scopus_id/84929825307,86,2,,,,1.4,14.0,1,10,,,,84929825307,2-s2.0-84929825307
72,Bhindi R.,Culprit lesion thrombus burden after manual thrombectomy or percutaneous coronary intervention-alone in ST-segment elevation myocardial infarction: The optical coherence tomography sub-study of the TOTAL (ThrOmbecTomy versus PCI ALone) trial,2015,European Heart Journal,,https://www.scopus.com/inward/record.uri?partnerID=HzOxMe3b&scp=84939501070&origin=inward,https://www.scopus.com/inward/citedby.uri?partnerID=HzOxMe3b&scp=84939501070&origin=inward,,2026-04-12 18:56:48,Article,10.1093/eurheartj/ehv176,0195668X,https://api.elsevier.com/content/abstract/scopus_id/84939501070,36,29,,,,7.2,72.0,1,10,,,,84939501070,2-s2.0-84939501070
18,Ozaki Y.,Thin cap fibroatheroma defined as lipid core abutting lumen (LCAL) on integrated backscatter intravascular ultrasound: Comparison with optical coherence tomography and correlation with peri-procedural myocardial infarction,2015,Circulation Journal,,https://www.scopus.com/inward/record.uri?partnerID=HzOxMe3b&scp=84925651865&origin=inward,https://www.scopus.com/inward/citedby.uri?partnerID=HzOxMe3b&scp=84925651865&origin=inward,,2026-04-12 18:56:48,Article,10.1253/circj.CJ-14-0758,13469843,https://api.elsevier.com/content/abstract/scopus_id/84925651865,79,4,,,,1.8,18.0,1,10,,,,84925651865,2-s2.0-84925651865
40,Aoki T.,Evaluation of coronary adventitial vasa vasorum using 3D optical coherence tomography - Animal and human studies,2015,Atherosclerosis,,https://www.scopus.com/inward/record.uri?partnerID=HzOxMe3b&scp=84922610571&origin=inward,https://www.scopus.com/inward/citedby.uri?partnerID=HzOxMe3b&scp=84922610571&origin=inward,,2026-04-12 18:56:48,Article,10.1016/j.atherosclerosis.2015.01.016,00219150,https://api.elsevier.com/content/abstract/scopus_id/84922610571,239,1,,,,4.0,40.0,1,10,,,,84922610571,2-s2.0-84922610571
6,Remm L.,"A paradox of restoration: Prey habitat engineering for an introduced, threatened carnivore can support native biodiversity",2015,ORYX,,https://www.scopus.com/inward/record.uri?partnerID=HzOxMe3b&scp=84934444556&origin=inward,https://www.scopus.com/inward/citedby.uri?partnerID=HzOxMe3b&scp=84934444556&origin=inward,,2026-04-12 18:56:48,Article,10.1017/S0030605314000271,00306053,https://api.elsevier.com/content/abstract/scopus_id/84934444556,49,3,,,,0.6,6.0,1,10,,,,84934444556,2-s2.0-84934444556
1,Christakopoulos G.E.,Comparison of Iodixanol and Ioxaglate for Coronary Optical Coherence Tomography Imaging,2015,Journal of Invasive Cardiology,,https://www.scopus.com/inward/record.uri?partnerID=HzOxMe3b&scp=84948737307&origin=inward,https://www.scopus.com/inward/citedby.uri?partnerID=HzOxMe3b&scp=84948737307&origin=inward,,2026-04-12 18:56:48,Article,,10423931,https://api.elsevier.com/content/abstract/scopus_id/84948737307,27,12,,,,0.1,1.0,1,10,,,,84948737307,2-s2.0-84948737307
29,Wiebe J.,Feasibility of everolimus-eluting bioresorbable vascular scaffolds in patients with chronic total occlusion,2015,International Journal of Cardiology,,https://www.scopus.com/inward/record.uri?partnerID=HzOxMe3b&scp=84920647155&origin=inward,https://www.scopus.com/inward/citedby.uri?partnerID=HzOxMe3b&scp=84920647155&origin=inward,,2026-04-12 18:56:48,Article,10.1016/j.ijcard.2014.10.032,01675273,https://api.elsevier.com/content/abstract/scopus_id/84920647155,179,,,,,2.9,29.0,1,10,,,,84920647155,2-s2.0-84920647155
49,Karanasos A.,A novel method to assess coronary artery bifurcations by OCT: Cut-plane analysis for side-branch ostial assessment froma main-vessel pullback,2015,European Heart Journal Cardiovascular Imaging,,https://www.scopus.com/inward/record.uri?partnerID=HzOxMe3b&scp=84926334157&origin=inward,https://www.scopus.com/inward/citedby.uri?partnerID=HzOxMe3b&scp=84926334157&origin=inward,,2026-04-12 18:56:48,Article,10.1093/ehjci/jeu176,20472404,https://api.elsevier.com/content/abstract/scopus_id/84926334157,16,2,,,,4.9,49.0,1,10,,,,84926334157,2-s2.0-84926334157
35,Liu R.,An optical coherence tomography assessment of stent strut apposition based on the presence of lipid-rich plaque in the carotid artery,2015,Journal of Endovascular Therapy,,https://www.scopus.com/inward/record.uri?partnerID=HzOxMe3b&scp=84947916634&origin=inward,https://www.scopus.com/inward/citedby.uri?partnerID=HzOxMe3b&scp=84947916634&origin=inward,,2026-04-12 18:56:48,Article,10.1177/1526602815610116,15266028,https://api.elsevier.com/content/abstract/scopus_id/84947916634,22,6,,,,3.5,35.0,1,10,,,,84947916634,2-s2.0-84947916634
12,Takhelmayum K.,"Aquatic insect diversity of a protected area, Keibul Lamjao National Park in Manipur, North East India",2015,Journal of Asia Pacific Entomology,,https://www.scopus.com/inward/record.uri?partnerID=HzOxMe3b&scp=84927928875&origin=inward,https://www.scopus.com/inward/citedby.uri?partnerID=HzOxMe3b&scp=84927928875&origin=inward,,2026-04-12 18:56:48,Article,10.1016/j.aspen.2015.04.002,12268615,https://api.elsevier.com/content/abstract/scopus_id/84927928875,18,2,,,,1.2,12.0,1,10,,,,84927928875,2-s2.0-84927928875
68,Kini A.S.,Multimodality Intravascular Imaging to Predict Periprocedural Myocardial Infarction During Percutaneous Coronary Intervention,2015,Jacc Cardiovascular Interventions,,https://www.scopus.com/inward/record.uri?partnerID=HzOxMe3b&scp=84931430509&origin=inward,https://www.scopus.com/inward/citedby.uri?partnerID=HzOxMe3b&scp=84931430509&origin=inward,,2026-04-12 18:56:48,Article,10.1016/j.jcin.2015.03.016,19368798,https://api.elsevier.com/content/abstract/scopus_id/84931430509,8,7,,,,6.8,68.0,1,10,,,,84931430509,2-s2.0-84931430509
4,Vergallo R.,Bivalirudin versus unfractionated heparin for residual thrombus burden: A frequency-domain optical coherence tomography study,2015,Catheterization and Cardiovascular Interventions,,https://www.scopus.com/inward/record.uri?partnerID=HzOxMe3b&scp=84923264848&origin=inward,https://www.scopus.com/inward/citedby.uri?partnerID=HzOxMe3b&scp=84923264848&origin=inward,,2026-04-12 18:56:48,Article,10.1002/ccd.25631,15221946,https://api.elsevier.com/content/abstract/scopus_id/84923264848,85,4,,,,0.4,4.0,1,10,,,,84923264848,2-s2.0-84923264848
93,Antonsen L.,Optical coherence tomography guided percutaneous coronary intervention with nobori stent implantation in patients with Non-ST-Segment-Elevation Myocardial Infarction (OCTACS) trial: Difference in strut coverage and dynamic malapposition patterns at 6 months,2015,Circulation Cardiovascular Interventions,,https://www.scopus.com/inward/record.uri?partnerID=HzOxMe3b&scp=84940646498&origin=inward,https://www.scopus.com/inward/citedby.uri?partnerID=HzOxMe3b&scp=84940646498&origin=inward,,2026-04-12 18:56:48,Article,10.1161/CIRCINTERVENTIONS.114.002446,19417640,https://api.elsevier.com/content/abstract/scopus_id/84940646498,8,8,,,,9.3,93.0,1,10,,,,84940646498,2-s2.0-84940646498
43,Hammill E.,Predation threat alters composition and functioning of bromeliad ecosystems,2015,Ecosystems,,https://www.scopus.com/inward/record.uri?partnerID=HzOxMe3b&scp=84937973418&origin=inward,https://www.scopus.com/inward/citedby.uri?partnerID=HzOxMe3b&scp=84937973418&origin=inward,,2026-04-12 18:56:48,Article,10.1007/s10021-015-9866-9,14329840,https://api.elsevier.com/content/abstract/scopus_id/84937973418,18,5,,,,4.3,43.0,1,10,,,,84937973418,2-s2.0-84937973418
20,Zhao R.,Tolerance values of macroinvertebrate taxa in Liao River basin,2015,Shengtai Xuebao,,https://www.scopus.com/inward/record.uri?partnerID=HzOxMe3b&scp=84938798222&origin=inward,https://www.scopus.com/inward/citedby.uri?partnerID=HzOxMe3b&scp=84938798222&origin=inward,,2026-04-12 18:56:48,Article,10.5846/stxb201311082699,10000933,https://api.elsevier.com/content/abstract/scopus_id/84938798222,35,14,,,,2.0,20.0,1,10,,,,84938798222,2-s2.0-84938798222
8,Simić V.,"Indicative Status Assessment, Biodiversity Conservation, and Protected Areas Within the Sava River Basin",2015,Handbook of Environmental Chemistry,,https://www.scopus.com/inward/record.uri?partnerID=HzOxMe3b&scp=84992391699&origin=inward,https://www.scopus.com/inward/citedby.uri?partnerID=HzOxMe3b&scp=84992391699&origin=inward,,2026-04-12 18:56:48,Book Chapter,10.1007/978-3-662-44034-6_17,1867979X,https://api.elsevier.com/content/abstract/scopus_id/84992391699,31,,,,,0.8,8.0,1,10,,,,84992391699,2-s2.0-84992391699
12,Frazão Luiz L.,"Diet and tadpole transportation in the poison dart frog Ameerega trivittata (Anura, Dendrobatidae)",2015,Herpetological Journal,,https://www.scopus.com/inward/record.uri?partnerID=HzOxMe3b&scp=84944460683&origin=inward,https://www.scopus.com/inward/citedby.uri?partnerID=HzOxMe3b&scp=84944460683&origin=inward,,2026-04-12 18:56:48,Article,,02680130,https://api.elsevier.com/content/abstract/scopus_id/84944460683,25,3,,,,1.2,12.0,1,10,,,,84944460683,2-s2.0-84944460683
5,Alijani M.,"New record of the genus Israelimeria Weiner & Kaprus', 2005 (Collembola: Neanuridae: Pseudachorutinae) from Iran, with description of a new species",2015,Zootaxa,,https://www.scopus.com/inward/record.uri?partnerID=HzOxMe3b&scp=84939225189&origin=inward,https://www.scopus.com/inward/citedby.uri?partnerID=HzOxMe3b&scp=84939225189&origin=inward,,2026-04-12 18:56:48,Article,10.11646/zootaxa.4000.2.4,11755326,https://api.elsevier.com/content/abstract/scopus_id/84939225189,4000,2,,,,0.5,5.0,1,10,,,,84939225189,2-s2.0-84939225189
77,Petermann J.S.,Dominant predators mediate the impact of habitat size on trophic structure in bromeliad invertebrate communities,2015,Ecology,,https://www.scopus.com/inward/record.uri?partnerID=HzOxMe3b&scp=84927933765&origin=inward,https://www.scopus.com/inward/citedby.uri?partnerID=HzOxMe3b&scp=84927933765&origin=inward,,2026-04-12 18:56:48,Article,10.1890/14-0304.1,00129658,https://api.elsevier.com/content/abstract/scopus_id/84927933765,96,2,,,,7.7,77.0,1,10,,,,84927933765,2-s2.0-84927933765
50,Koprivnikar J.,Lesser of two evils? Foraging choices in response to threats of predation and parasitism,2015,Plos One,,https://www.scopus.com/inward/record.uri?partnerID=HzOxMe3b&scp=84922155693&origin=inward,https://www.scopus.com/inward/citedby.uri?partnerID=HzOxMe3b&scp=84922155693&origin=inward,,2026-04-12 18:56:48,Article,10.1371/journal.pone.0116569,,https://api.elsevier.com/content/abstract/scopus_id/84922155693,10,1,,,,5.0,50.0,1,10,,,,84922155693,2-s2.0-84922155693
76,Blagodatski A.,Diverse set of Turing nanopatterns coat corneae across insect lineages,2015,Proceedings of the National Academy of Sciences of the United States of America,,https://www.scopus.com/inward/record.uri?partnerID=HzOxMe3b&scp=84940399492&origin=inward,https://www.scopus.com/inward/citedby.uri?partnerID=HzOxMe3b&scp=84940399492&origin=inward,,2026-04-12 18:56:48,Article,10.1073/pnas.1505748112,00278424,https://api.elsevier.com/content/abstract/scopus_id/84940399492,112,34,,,,7.6,76.0,1,10,,,,84940399492,2-s2.0-84940399492
9,Hall A.,"Recreational boating, landscape configuration, and local habitat structure as drivers of odonate community composition in an island setting",2015,Insect Conservation and Diversity,,https://www.scopus.com/inward/record.uri?partnerID=HzOxMe3b&scp=84920989086&origin=inward,https://www.scopus.com/inward/citedby.uri?partnerID=HzOxMe3b&scp=84920989086&origin=inward,,2026-04-12 18:56:48,Article,10.1111/icad.12080,1752458X,https://api.elsevier.com/content/abstract/scopus_id/84920989086,8,1,,,,0.9,9.0,1,10,,,,84920989086,2-s2.0-84920989086
25,Shao M.W.,"Diversity, bacterial symbionts and antibacterial potential of gut-associated fungi isolated from the Pantala flavescens Larvae in China",2015,Plos One,,https://www.scopus.com/inward/record.uri?partnerID=HzOxMe3b&scp=84941687070&origin=inward,https://www.scopus.com/inward/citedby.uri?partnerID=HzOxMe3b&scp=84941687070&origin=inward,,2026-04-12 18:56:48,Article,10.1371/journal.pone.0134542,,https://api.elsevier.com/content/abstract/scopus_id/84941687070,10,7,,,,2.5,25.0,1,10,,,,84941687070,2-s2.0-84941687070
23,Woodley S.K.,Exposure to sublethal concentrations of a pesticide or predator cues induces changes in brain architecture in larval amphibians,2015,Oecologia,,https://www.scopus.com/inward/record.uri?partnerID=HzOxMe3b&scp=84945291812&origin=inward,https://www.scopus.com/inward/citedby.uri?partnerID=HzOxMe3b&scp=84945291812&origin=inward,,2026-04-12 18:56:48,Article,10.1007/s00442-015-3386-3,00298549,https://api.elsevier.com/content/abstract/scopus_id/84945291812,179,3,,,,2.3,23.0,1,10,,,,84945291812,2-s2.0-84945291812
5,Zhang D.J.,Diversity of arthropod community in transgenic poplar-cotton ecosystems,2015,Genetics and Molecular Research,,https://www.scopus.com/inward/record.uri?partnerID=HzOxMe3b&scp=84979781305&origin=inward,https://www.scopus.com/inward/citedby.uri?partnerID=HzOxMe3b&scp=84979781305&origin=inward,,2026-04-12 18:56:48,Article,10.4238/2015.December.1.23,,https://api.elsevier.com/content/abstract/scopus_id/84979781305,14,4,,,,0.5,5.0,1,10,,,,84979781305,2-s2.0-84979781305
16,Stigge H.A.,The alteration of life history traits and increased success of halipegus eccentricus through the Use of a paratenic host: A comparative study,2015,Journal of Parasitology,,https://www.scopus.com/inward/record.uri?partnerID=HzOxMe3b&scp=84954176649&origin=inward,https://www.scopus.com/inward/citedby.uri?partnerID=HzOxMe3b&scp=84954176649&origin=inward,,2026-04-12 18:56:48,Article,10.1645/15-793,00223395,https://api.elsevier.com/content/abstract/scopus_id/84954176649,101,6,,,,1.6,16.0,1,10,,,,84954176649,2-s2.0-84954176649
598,Elbrecht V.,Can DNA-based ecosystem assessments quantify species abundance? Testing primer bias and biomass-sequence relationships with an innovative metabarcoding protocol,2015,Plos One,,https://www.scopus.com/inward/record.uri?partnerID=HzOxMe3b&scp=84941286809&origin=inward,https://www.scopus.com/inward/citedby.uri?partnerID=HzOxMe3b&scp=84941286809&origin=inward,,2026-04-12 18:56:48,Article,10.1371/journal.pone.0130324,,https://api.elsevier.com/content/abstract/scopus_id/84941286809,10,7,,,,59.8,598.0,1,10,,,,84941286809,2-s2.0-84941286809
77,Arimoro F.O.,Anthropogenic impact on water chemistry and benthic macroinvertebrate associated changes in a southern Nigeria stream,2015,Environmental Monitoring and Assessment,,https://www.scopus.com/inward/record.uri?partnerID=HzOxMe3b&scp=84928254486&origin=inward,https://www.scopus.com/inward/citedby.uri?partnerID=HzOxMe3b&scp=84928254486&origin=inward,,2026-04-12 18:56:48,Article,10.1007/s10661-014-4251-2,01676369,https://api.elsevier.com/content/abstract/scopus_id/84928254486,187,2,,,,7.7,77.0,1,10,,,,84928254486,2-s2.0-84928254486
