Cites,Authors,Title,Year,Source,Publisher,ArticleURL,CitesURL,GSRank,QueryDate,Type,DOI,ISSN,CitationURL,Volume,Issue,StartPage,EndPage,ECC,CitesPerYear,CitesPerAuthor,AuthorCount,Age,Abstract,FullTextURL,RelatedURL,ScopusID,EID
2,Katayama M.,Differential survival rates of damselfly larvae in the presence of newt and dragonfly predators,2013,International Journal of Odonatology,,https://www.scopus.com/inward/record.uri?partnerID=HzOxMe3b&scp=84883284859&origin=inward,https://www.scopus.com/inward/citedby.uri?partnerID=HzOxMe3b&scp=84883284859&origin=inward,,2026-04-12 18:55:44,Article,10.1080/13887890.2013.791588,13887890,https://api.elsevier.com/content/abstract/scopus_id/84883284859,16,2,,,,0.17,2.0,1,12,,,,84883284859,2-s2.0-84883284859
0,Kiyoshi T.,Differentiation history of dragonflies in the insular East Asia revealed by the gene genealogy (Odonata: Hexapoda),2013,Phylogeography Concepts Intraspecific Patterns and Speciation Processes,,https://www.scopus.com/inward/record.uri?partnerID=HzOxMe3b&scp=84892285590&origin=inward,https://www.scopus.com/inward/citedby.uri?partnerID=HzOxMe3b&scp=84892285590&origin=inward,,2026-04-12 18:55:44,Book Chapter,,,https://api.elsevier.com/content/abstract/scopus_id/84892285590,,,,,,0.0,0.0,1,12,,,,84892285590,2-s2.0-84892285590
36,Outomuro D.,Wing shape allometry and aerodynamics in calopterygid damselflies: A comparative approach,2013,BMC Evolutionary Biology,,https://www.scopus.com/inward/record.uri?partnerID=HzOxMe3b&scp=84878630677&origin=inward,https://www.scopus.com/inward/citedby.uri?partnerID=HzOxMe3b&scp=84878630677&origin=inward,,2026-04-12 18:55:44,Article,10.1186/1471-2148-13-118,,https://api.elsevier.com/content/abstract/scopus_id/84878630677,13,1,,,,3.0,36.0,1,12,,,,84878630677,2-s2.0-84878630677
18,Büsse S.,Homologization of the Flight Musculature of Zygoptera (Insecta: Odonata) and Neoptera (Insecta),2013,Plos One,,https://www.scopus.com/inward/record.uri?partnerID=HzOxMe3b&scp=84874013926&origin=inward,https://www.scopus.com/inward/citedby.uri?partnerID=HzOxMe3b&scp=84874013926&origin=inward,,2026-04-12 18:55:44,Article,10.1371/journal.pone.0055787,,https://api.elsevier.com/content/abstract/scopus_id/84874013926,8,2,,,,1.5,18.0,1,12,,,,84874013926,2-s2.0-84874013926
10,Okuyama H.,Habitat segregation of sympatric Mnais damselflies (Odonata: Calopterygidae): Microhabitat insolation preferences and competition for territorial space,2013,International Journal of Odonatology,,https://www.scopus.com/inward/record.uri?partnerID=HzOxMe3b&scp=84883270479&origin=inward,https://www.scopus.com/inward/citedby.uri?partnerID=HzOxMe3b&scp=84883270479&origin=inward,,2026-04-12 18:55:44,Article,10.1080/13887890.2012.762745,13887890,https://api.elsevier.com/content/abstract/scopus_id/84883270479,16,2,,,,0.83,10.0,1,12,,,,84883270479,2-s2.0-84883270479
9,Novak C.,Introduced bullfrogs and their parasites: Haematoloechus longiplexus (trematoda) exploits diverse damselfly intermediate hosts on Vancouver Island,2013,Journal of Parasitology,,https://www.scopus.com/inward/record.uri?partnerID=HzOxMe3b&scp=84873625963&origin=inward,https://www.scopus.com/inward/citedby.uri?partnerID=HzOxMe3b&scp=84873625963&origin=inward,,2026-04-12 18:55:44,Article,10.1645/GE-3145.1,00223395,https://api.elsevier.com/content/abstract/scopus_id/84873625963,99,1,,,,0.75,9.0,1,12,,,,84873625963,2-s2.0-84873625963
2,Stewart S.S.,Variation in fluctuating asymmetry among nine damselfly species,2013,International Journal of Odonatology,,https://www.scopus.com/inward/record.uri?partnerID=HzOxMe3b&scp=84883271666&origin=inward,https://www.scopus.com/inward/citedby.uri?partnerID=HzOxMe3b&scp=84883271666&origin=inward,,2026-04-12 18:55:44,Article,10.1080/13887890.2012.753566,13887890,https://api.elsevier.com/content/abstract/scopus_id/84883271666,16,1,,,,0.17,2.0,1,12,,,,84883271666,2-s2.0-84883271666
114,da Silva Monteiro Júnior C.,"Effect of vegetation removal for road building on richness and composition of Odonata communities in Amazonia, Brazil",2013,International Journal of Odonatology,,https://www.scopus.com/inward/record.uri?partnerID=HzOxMe3b&scp=84883269338&origin=inward,https://www.scopus.com/inward/citedby.uri?partnerID=HzOxMe3b&scp=84883269338&origin=inward,,2026-04-12 18:55:44,Article,10.1080/13887890.2013.764798,13887890,https://api.elsevier.com/content/abstract/scopus_id/84883269338,16,2,,,,9.5,114.0,1,12,,,,84883269338,2-s2.0-84883269338
7,Dijkstra K.,"Three new genera of damselflies (Odonata: Chlorocyphidae, Platycnemididae)",2013,International Journal of Odonatology,,https://www.scopus.com/inward/record.uri?partnerID=HzOxMe3b&scp=84891833119&origin=inward,https://www.scopus.com/inward/citedby.uri?partnerID=HzOxMe3b&scp=84891833119&origin=inward,,2026-04-12 18:55:44,Article,10.1080/13887890.2013.832606,13887890,https://api.elsevier.com/content/abstract/scopus_id/84891833119,16,3,,,,0.58,7.0,1,12,,,,84891833119,2-s2.0-84891833119
16,Büsse S.,The thorax musculature of Anisoptera (Insecta: Odonata) nymphs and its evolutionary relevance,2013,BMC Evolutionary Biology,,https://www.scopus.com/inward/record.uri?partnerID=HzOxMe3b&scp=84886735533&origin=inward,https://www.scopus.com/inward/citedby.uri?partnerID=HzOxMe3b&scp=84886735533&origin=inward,,2026-04-12 18:55:44,Article,10.1186/1471-2148-13-237,,https://api.elsevier.com/content/abstract/scopus_id/84886735533,13,1,,,,1.33,16.0,1,12,,,,84886735533,2-s2.0-84886735533
19,Bechly G.,"Burmaphlebia reifigen. et sp. nov., the first anisozygopteran damsel-dragonfly (Odonata: Epiophlebioptera: Burmaphlebiidae fam. nov.) from Early Cretaceous Burmese amber",2013,Historical Biology,,https://www.scopus.com/inward/record.uri?partnerID=HzOxMe3b&scp=84874671247&origin=inward,https://www.scopus.com/inward/citedby.uri?partnerID=HzOxMe3b&scp=84874671247&origin=inward,,2026-04-12 18:55:44,Article,10.1080/08912963.2012.753884,08912963,https://api.elsevier.com/content/abstract/scopus_id/84874671247,25,2,,,,1.58,19.0,1,12,,,,84874671247,2-s2.0-84874671247
9,Bose A.P.H.,Invertebrate predation predicts variation in an autotomy-related trait in larval damselfly,2013,Evolutionary Ecology,,https://www.scopus.com/inward/record.uri?partnerID=HzOxMe3b&scp=84871515420&origin=inward,https://www.scopus.com/inward/citedby.uri?partnerID=HzOxMe3b&scp=84871515420&origin=inward,,2026-04-12 18:55:44,Article,10.1007/s10682-012-9581-3,02697653,https://api.elsevier.com/content/abstract/scopus_id/84871515420,27,1,,,,0.75,9.0,1,12,,,,84871515420,2-s2.0-84871515420
1,Machado A.,"Philogenia nemesioi, a new damselfly from peru(odonata, megapodagrionidae)",2013,Revista Brasileira De Entomologia,,https://www.scopus.com/inward/record.uri?partnerID=HzOxMe3b&scp=84893442353&origin=inward,https://www.scopus.com/inward/citedby.uri?partnerID=HzOxMe3b&scp=84893442353&origin=inward,,2026-04-12 18:55:44,Article,10.1590/S0085-56262013005000041,00855626,https://api.elsevier.com/content/abstract/scopus_id/84893442353,57,4,,,,0.08,1.0,1,12,,,,84893442353,2-s2.0-84893442353
5,Patten M.A.,"Odonata species of special concern for Oklahoma, USA",2013,International Journal of Odonatology,,https://www.scopus.com/inward/record.uri?partnerID=HzOxMe3b&scp=84891642398&origin=inward,https://www.scopus.com/inward/citedby.uri?partnerID=HzOxMe3b&scp=84891642398&origin=inward,,2026-04-12 18:55:44,Article,10.1080/13887890.2013.868328,13887890,https://api.elsevier.com/content/abstract/scopus_id/84891642398,16,4,,,,0.42,5.0,1,12,,,,84891642398,2-s2.0-84891642398
21,Heiser M.,Tracking the boundary between the Palaearctic and the Oriental region: New insights from dragonflies and damselflies (odonata),2013,Journal of Biogeography,,https://www.scopus.com/inward/record.uri?partnerID=HzOxMe3b&scp=84885855017&origin=inward,https://www.scopus.com/inward/citedby.uri?partnerID=HzOxMe3b&scp=84885855017&origin=inward,,2026-04-12 18:55:44,Article,10.1111/jbi.12133,03050270,https://api.elsevier.com/content/abstract/scopus_id/84885855017,40,11,,,,1.75,21.0,1,12,,,,84885855017,2-s2.0-84885855017
33,De Almeida M.V.O.,"When rare is just a matter of sampling: Unexpected dominance of clubtail dragonflies (Odonata, Gomphidae) through different collecting methods at parque nacional da serra do cipó, minas gerais state, Brazil",2013,Revista Brasileira De Entomologia,,https://www.scopus.com/inward/record.uri?partnerID=HzOxMe3b&scp=84893497934&origin=inward,https://www.scopus.com/inward/citedby.uri?partnerID=HzOxMe3b&scp=84893497934&origin=inward,,2026-04-12 18:55:44,Article,10.1590/S0085-56262013005000042,00855626,https://api.elsevier.com/content/abstract/scopus_id/84893497934,57,4,,,,2.75,33.0,1,12,,,,84893497934,2-s2.0-84893497934
16,Hilfert-Rüppell D.,Do coloured-winged damselflies and dragonflies have flight kinematics different from those with clear wings?,2013,International Journal of Odonatology,,https://www.scopus.com/inward/record.uri?partnerID=HzOxMe3b&scp=84883290185&origin=inward,https://www.scopus.com/inward/citedby.uri?partnerID=HzOxMe3b&scp=84883290185&origin=inward,,2026-04-12 18:55:44,Article,10.1080/13887890.2013.763332,13887890,https://api.elsevier.com/content/abstract/scopus_id/84883290185,16,2,,,,1.33,16.0,1,12,,,,84883290185,2-s2.0-84883290185
11,Li Y.,A new damsel-dragonfly from the Mesozoic of China with a hook-like male anal angle (Odonata: Isophlebioptera: Campterophlebiidae),2013,Journal of Natural History,,https://www.scopus.com/inward/record.uri?partnerID=HzOxMe3b&scp=84883457024&origin=inward,https://www.scopus.com/inward/citedby.uri?partnerID=HzOxMe3b&scp=84883457024&origin=inward,,2026-04-12 18:55:44,Article,10.1080/00222933.2012.759287,00222933,https://api.elsevier.com/content/abstract/scopus_id/84883457024,47,29-30,,,,0.92,11.0,1,12,,,,84883457024,2-s2.0-84883457024
72,Grewe Y.,Recent range shifts of European dragonflies provide support for an inverse relationship between habitat predictability and dispersal,2013,Global Ecology and Biogeography,,https://www.scopus.com/inward/record.uri?partnerID=HzOxMe3b&scp=84874730563&origin=inward,https://www.scopus.com/inward/citedby.uri?partnerID=HzOxMe3b&scp=84874730563&origin=inward,,2026-04-12 18:55:44,Article,10.1111/geb.12004,1466822X,https://api.elsevier.com/content/abstract/scopus_id/84874730563,22,4,,,,6.0,72.0,1,12,,,,84874730563,2-s2.0-84874730563
157,Dijkstra K.D.B.,The classification and diversity of dragonflies and damselflies (Odonata),2013,Zootaxa,,https://www.scopus.com/inward/record.uri?partnerID=HzOxMe3b&scp=84883638386&origin=inward,https://www.scopus.com/inward/citedby.uri?partnerID=HzOxMe3b&scp=84883638386&origin=inward,,2026-04-12 18:55:44,Article,10.11646/zootaxa.3703.1.9,11755326,https://api.elsevier.com/content/abstract/scopus_id/84883638386,3703,1,,,,13.08,157.0,1,12,,,,84883638386,2-s2.0-84883638386
3,Ryazanova G.,"Fluctuating asymmetry of wing venation in damselflies Ischnura elegans (V.d. Lind.) (Odonata, Coenagrionidae) and prospects of its use as a biological indicator of ecological quality of fresh-water reservoirs",2013,Moscow University Biological Sciences Bulletin,,https://www.scopus.com/inward/record.uri?partnerID=HzOxMe3b&scp=84893318448&origin=inward,https://www.scopus.com/inward/citedby.uri?partnerID=HzOxMe3b&scp=84893318448&origin=inward,,2026-04-12 18:55:44,Article,10.3103/S0096392513040081,00963925,https://api.elsevier.com/content/abstract/scopus_id/84893318448,68,4,,,,0.25,3.0,1,12,,,,84893318448,2-s2.0-84893318448
0,Popova O.,"Mass reproductive wandering of dragonflies of the genus Sympetrum (Odonata, Libellulidae)",2013,Zoologicheskii Zhurnal,,https://www.scopus.com/inward/record.uri?partnerID=HzOxMe3b&scp=84889066465&origin=inward,https://www.scopus.com/inward/citedby.uri?partnerID=HzOxMe3b&scp=84889066465&origin=inward,,2026-04-12 18:55:44,Article,10.7868/S0044513413080138,00445134,https://api.elsevier.com/content/abstract/scopus_id/84889066465,92,8,,,,0.0,0.0,1,12,,,,84889066465,2-s2.0-84889066465
50,Thomas J.A.,Relaxed phylogenetics and the palaeoptera problem: Resolving deep ancestral splits in the insect phylogeny,2013,Systematic Biology,,https://www.scopus.com/inward/record.uri?partnerID=HzOxMe3b&scp=84873588845&origin=inward,https://www.scopus.com/inward/citedby.uri?partnerID=HzOxMe3b&scp=84873588845&origin=inward,,2026-04-12 18:55:44,Article,10.1093/sysbio/sys093,10635157,https://api.elsevier.com/content/abstract/scopus_id/84873588845,62,2,,,,4.17,50.0,1,12,,,,84873588845,2-s2.0-84873588845
31,Siepielski A.M.,Niche versus neutrality in structuring the beta diversity of damselfly assemblages,2013,Freshwater Biology,,https://www.scopus.com/inward/record.uri?partnerID=HzOxMe3b&scp=84874975713&origin=inward,https://www.scopus.com/inward/citedby.uri?partnerID=HzOxMe3b&scp=84874975713&origin=inward,,2026-04-12 18:55:44,Article,10.1111/fwb.12082,00465070,https://api.elsevier.com/content/abstract/scopus_id/84874975713,58,4,,,,2.58,31.0,1,12,,,,84874975713,2-s2.0-84874975713
66,Tweedy B.,Effects of fish on emergent insect-mediated flux of methyl mercury across a gradient of contamination,2013,Environmental Science and Technology,,https://www.scopus.com/inward/record.uri?partnerID=HzOxMe3b&scp=84873447497&origin=inward,https://www.scopus.com/inward/citedby.uri?partnerID=HzOxMe3b&scp=84873447497&origin=inward,,2026-04-12 18:55:44,Article,10.1021/es303330m,0013936X,https://api.elsevier.com/content/abstract/scopus_id/84873447497,47,3,,,,5.5,66.0,1,12,,,,84873447497,2-s2.0-84873447497
4,Das S.K.,"Odonates of three selected tiger reserves of Madhya Pradesh, Central India",2013,Check List,,https://www.scopus.com/inward/record.uri?partnerID=HzOxMe3b&scp=84879569466&origin=inward,https://www.scopus.com/inward/citedby.uri?partnerID=HzOxMe3b&scp=84879569466&origin=inward,,2026-04-12 18:55:44,Article,10.15560/9.3.528,,https://api.elsevier.com/content/abstract/scopus_id/84879569466,9,3,,,,0.33,4.0,1,12,,,,84879569466,2-s2.0-84879569466
9,Rebora M.,"The mechanoreceptors on the endophytic ovipositor of the dragonfly Aeshnacyanea (Odonata, Aeshnidae)",2013,Arthropod Structure and Development,,https://www.scopus.com/inward/record.uri?partnerID=HzOxMe3b&scp=84883553878&origin=inward,https://www.scopus.com/inward/citedby.uri?partnerID=HzOxMe3b&scp=84883553878&origin=inward,,2026-04-12 18:55:44,Article,10.1016/j.asd.2013.06.004,14678039,https://api.elsevier.com/content/abstract/scopus_id/84883553878,42,5,,,,0.75,9.0,1,12,,,,84883553878,2-s2.0-84883553878
10,Bechly G.,First record of the fossil dragonfly family eumorbaeschnidae from the upper jurassic of Poland,2013,Acta Palaeontologica Polonica,,https://www.scopus.com/inward/record.uri?partnerID=HzOxMe3b&scp=84875351938&origin=inward,https://www.scopus.com/inward/citedby.uri?partnerID=HzOxMe3b&scp=84875351938&origin=inward,,2026-04-12 18:55:44,Article,10.4202/app.2011.0194,05677920,https://api.elsevier.com/content/abstract/scopus_id/84875351938,58,1,,,,0.83,10.0,1,12,,,,84875351938,2-s2.0-84875351938
53,Harabiš F.,"Dragonflies of freshwater pools in lignite spoil heaps: Restoration management, habitat structure and conservation value",2013,Ecological Engineering,,https://www.scopus.com/inward/record.uri?partnerID=HzOxMe3b&scp=84875059699&origin=inward,https://www.scopus.com/inward/citedby.uri?partnerID=HzOxMe3b&scp=84875059699&origin=inward,,2026-04-12 18:55:44,Article,10.1016/j.ecoleng.2013.02.007,09258574,https://api.elsevier.com/content/abstract/scopus_id/84875059699,55,,,,,4.42,53.0,1,12,,,,84875059699,2-s2.0-84875059699
5,Rákosy L.,Strong divergences in regional distributions in Romania: Recent ecological constraints in dragonflies (Odonata) versus ancient biogeographical patterns in butterflies (Lepidoptera: Rhopolocera),2013,Insect Conservation and Diversity,,https://www.scopus.com/inward/record.uri?partnerID=HzOxMe3b&scp=84875364758&origin=inward,https://www.scopus.com/inward/citedby.uri?partnerID=HzOxMe3b&scp=84875364758&origin=inward,,2026-04-12 18:55:44,Article,10.1111/j.1752-4598.2012.00197.x,1752458X,https://api.elsevier.com/content/abstract/scopus_id/84875364758,6,2,,,,0.42,5.0,1,12,,,,84875364758,2-s2.0-84875364758
33,Schultz T.D.,Lost in the crowd or hidden in the grass: Signal apparency of female polymorphic damselflies in alternative habitats,2013,Animal Behaviour,,https://www.scopus.com/inward/record.uri?partnerID=HzOxMe3b&scp=84886262358&origin=inward,https://www.scopus.com/inward/citedby.uri?partnerID=HzOxMe3b&scp=84886262358&origin=inward,,2026-04-12 18:55:44,Article,10.1016/j.anbehav.2013.08.008,00033472,https://api.elsevier.com/content/abstract/scopus_id/84886262358,86,5,,,,2.75,33.0,1,12,,,,84886262358,2-s2.0-84886262358
21,Din A.U.,"Odonata naiads of Potohar plateau, Punjab, Pakistan",2013,Pakistan Journal of Zoology,,https://www.scopus.com/inward/record.uri?partnerID=HzOxMe3b&scp=84880319864&origin=inward,https://www.scopus.com/inward/citedby.uri?partnerID=HzOxMe3b&scp=84880319864&origin=inward,,2026-04-12 18:55:44,Article,,00309923,https://api.elsevier.com/content/abstract/scopus_id/84880319864,45,3,,,,1.75,21.0,1,12,,,,84880319864,2-s2.0-84880319864
23,Zawal A.,"Parasitism of Odonata by Arrenurus (Acari: Hydrachnidia) larvae in the Lake Świdwie, nature reserve (NW Poland)",2013,Acta Parasitologica,,https://www.scopus.com/inward/record.uri?partnerID=HzOxMe3b&scp=84890541733&origin=inward,https://www.scopus.com/inward/citedby.uri?partnerID=HzOxMe3b&scp=84890541733&origin=inward,,2026-04-12 18:55:44,Article,10.2478/s11686-013-0162-6,12302821,https://api.elsevier.com/content/abstract/scopus_id/84890541733,58,4,,,,1.92,23.0,1,12,,,,84890541733,2-s2.0-84890541733
3,da Silva-Méndez G.,"Microsatellite loci for two threatened dragonfly (Odonata: Anisoptera) species: Oxygastra curtisii (Dale, 1834) and Macromia splendens (Pictet, 1843)",2013,Conservation Genetics Resources,,https://www.scopus.com/inward/record.uri?partnerID=HzOxMe3b&scp=84892871310&origin=inward,https://www.scopus.com/inward/citedby.uri?partnerID=HzOxMe3b&scp=84892871310&origin=inward,,2026-04-12 18:55:44,Letter,10.1007/s12686-013-9994-5,18777252,https://api.elsevier.com/content/abstract/scopus_id/84892871310,5,4,,,,0.25,3.0,1,12,,,,84892871310,2-s2.0-84892871310
3,Novelo-Gutiérrez R.,First record of Telebasis filiola Perty (Odonata: Coenagrionidae) preying on small web-building spiders (Arachnida: Tetragnathidae),2013,International Journal of Odonatology,,https://www.scopus.com/inward/record.uri?partnerID=HzOxMe3b&scp=84891661201&origin=inward,https://www.scopus.com/inward/citedby.uri?partnerID=HzOxMe3b&scp=84891661201&origin=inward,,2026-04-12 18:55:44,Article,10.1080/13887890.2013.830992,13887890,https://api.elsevier.com/content/abstract/scopus_id/84891661201,16,4,,,,0.25,3.0,1,12,,,,84891661201,2-s2.0-84891661201
51,Jaeschke A.,Can they keep up with climate change? - Integrating specific dispersal abilities of protected Odonata in species distribution modelling,2013,Insect Conservation and Diversity,,https://www.scopus.com/inward/record.uri?partnerID=HzOxMe3b&scp=84872825189&origin=inward,https://www.scopus.com/inward/citedby.uri?partnerID=HzOxMe3b&scp=84872825189&origin=inward,,2026-04-12 18:55:44,Article,10.1111/j.1752-4598.2012.00194.x,1752458X,https://api.elsevier.com/content/abstract/scopus_id/84872825189,6,1,,,,4.25,51.0,1,12,,,,84872825189,2-s2.0-84872825189
50,Bush A.,Dragonflies: Climate canaries for river management,2013,Diversity and Distributions,,https://www.scopus.com/inward/record.uri?partnerID=HzOxMe3b&scp=84871178635&origin=inward,https://www.scopus.com/inward/citedby.uri?partnerID=HzOxMe3b&scp=84871178635&origin=inward,,2026-04-12 18:55:44,Article,10.1111/ddi.12007,13669516,https://api.elsevier.com/content/abstract/scopus_id/84871178635,19,1,,,,4.17,50.0,1,12,,,,84871178635,2-s2.0-84871178635
23,Tiitsaar A.,The effects of seasonally variable dragonfly predation on butterfly assemblages,2013,Ecology,,https://www.scopus.com/inward/record.uri?partnerID=HzOxMe3b&scp=84876149559&origin=inward,https://www.scopus.com/inward/citedby.uri?partnerID=HzOxMe3b&scp=84876149559&origin=inward,,2026-04-12 18:55:44,Article,10.1890/12-0541.1,00129658,https://api.elsevier.com/content/abstract/scopus_id/84876149559,94,1,,,,1.92,23.0,1,12,,,,84876149559,2-s2.0-84876149559
36,Haro R.,Burrowing dragonfly larvae as biosentinels of methylmercury in freshwater food webs,2013,Environmental Science and Technology,,https://www.scopus.com/inward/record.uri?partnerID=HzOxMe3b&scp=84881428821&origin=inward,https://www.scopus.com/inward/citedby.uri?partnerID=HzOxMe3b&scp=84881428821&origin=inward,,2026-04-12 18:55:44,Article,10.1021/es401027m,0013936X,https://api.elsevier.com/content/abstract/scopus_id/84881428821,47,15,,,,3.0,36.0,1,12,,,,84881428821,2-s2.0-84881428821
5,Dijkstra K.D.B.,"The ""African"" genus Argiagrion is a Brazilian Leptagrion species and the ""Philippine"" Moroagrion a European Pyrrhosoma (Odonata: Coenagrionidae)",2013,International Journal of Odonatology,,https://www.scopus.com/inward/record.uri?partnerID=HzOxMe3b&scp=84883307608&origin=inward,https://www.scopus.com/inward/citedby.uri?partnerID=HzOxMe3b&scp=84883307608&origin=inward,,2026-04-12 18:55:44,Article,10.1080/13887890.2013.799990,13887890,https://api.elsevier.com/content/abstract/scopus_id/84883307608,16,2,,,,0.42,5.0,1,12,,,,84883307608,2-s2.0-84883307608
1,Pinto H.A.,Metacercariae of Eumegacetes medioximus (Digenea: Eumegacetidae) in larvae of Odonata from Brazil,2013,Biota Neotropica,,https://www.scopus.com/inward/record.uri?partnerID=HzOxMe3b&scp=84882284785&origin=inward,https://www.scopus.com/inward/citedby.uri?partnerID=HzOxMe3b&scp=84882284785&origin=inward,,2026-04-12 18:55:44,Article,10.1590/S1676-06032013000200039,16786424,https://api.elsevier.com/content/abstract/scopus_id/84882284785,13,2,,,,0.08,1.0,1,12,,,,84882284785,2-s2.0-84882284785
43,Outomuro D.,"The Evolution of Wing Shape in Ornamented-Winged Damselflies (Calopterygidae, Odonata)",2013,Evolutionary Biology,,https://www.scopus.com/inward/record.uri?partnerID=HzOxMe3b&scp=84878110424&origin=inward,https://www.scopus.com/inward/citedby.uri?partnerID=HzOxMe3b&scp=84878110424&origin=inward,,2026-04-12 18:55:44,Article,10.1007/s11692-012-9214-3,00713260,https://api.elsevier.com/content/abstract/scopus_id/84878110424,40,2,,,,3.58,43.0,1,12,,,,84878110424,2-s2.0-84878110424
51,Rosario K.,Discovery of a novel mastrevirus and alphasatellite-like circular DNA in dragonflies (Epiprocta) from Puerto Rico,2013,Virus Research,,https://www.scopus.com/inward/record.uri?partnerID=HzOxMe3b&scp=84872804988&origin=inward,https://www.scopus.com/inward/citedby.uri?partnerID=HzOxMe3b&scp=84872804988&origin=inward,,2026-04-12 18:55:44,Article,10.1016/j.virusres.2012.10.017,01681702,https://api.elsevier.com/content/abstract/scopus_id/84872804988,171,1,,,,4.25,51.0,1,12,,,,84872804988,2-s2.0-84872804988
15,Jones O.,The effects of spinosad on culex quinquefasciatus and three nontarget insect species,2013,Journal of the American Mosquito Control Association,,https://www.scopus.com/inward/record.uri?partnerID=HzOxMe3b&scp=84893849393&origin=inward,https://www.scopus.com/inward/citedby.uri?partnerID=HzOxMe3b&scp=84893849393&origin=inward,,2026-04-12 18:55:44,Article,10.2987/13-6352.1,8756971X,https://api.elsevier.com/content/abstract/scopus_id/84893849393,29,4,,,,1.25,15.0,1,12,,,,84893849393,2-s2.0-84893849393
16,Mapi-Ot E.F.,"Species diversity of adult Odonata in selected areas from Misamis Occidental Province, Philippines",2013,Aacl Bioflux,,https://www.scopus.com/inward/record.uri?partnerID=HzOxMe3b&scp=84880445908&origin=inward,https://www.scopus.com/inward/citedby.uri?partnerID=HzOxMe3b&scp=84880445908&origin=inward,,2026-04-12 18:55:44,Article,,18448143,https://api.elsevier.com/content/abstract/scopus_id/84880445908,6,4,,,,1.33,16.0,1,12,,,,84880445908,2-s2.0-84880445908
16,Rüppell G.,Biting in dragonfly fights,2013,International Journal of Odonatology,,https://www.scopus.com/inward/record.uri?partnerID=HzOxMe3b&scp=84892387825&origin=inward,https://www.scopus.com/inward/citedby.uri?partnerID=HzOxMe3b&scp=84892387825&origin=inward,,2026-04-12 18:55:44,Article,10.1080/13887890.2013.804364,13887890,https://api.elsevier.com/content/abstract/scopus_id/84892387825,16,3,,,,1.33,16.0,1,12,,,,84892387825,2-s2.0-84892387825
9,Sesterhenn T.,Hypoxia and lost gills: Respiratory ecology of a temperate larval damselfly,2013,Journal of Insect Physiology,,https://www.scopus.com/inward/record.uri?partnerID=HzOxMe3b&scp=84871421963&origin=inward,https://www.scopus.com/inward/citedby.uri?partnerID=HzOxMe3b&scp=84871421963&origin=inward,,2026-04-12 18:55:44,Article,10.1016/j.jinsphys.2012.09.018,00221910,https://api.elsevier.com/content/abstract/scopus_id/84871421963,59,1,,,,0.75,9.0,1,12,,,,84871421963,2-s2.0-84871421963
11,Mlynarek J.J.,Relative geographic range of sibling species of host damselflies does not reliably predict differential parasitism by water mites,2013,BMC Ecology,,https://www.scopus.com/inward/record.uri?partnerID=HzOxMe3b&scp=84890340559&origin=inward,https://www.scopus.com/inward/citedby.uri?partnerID=HzOxMe3b&scp=84890340559&origin=inward,,2026-04-12 18:55:44,Article,10.1186/1472-6785-13-50,,https://api.elsevier.com/content/abstract/scopus_id/84890340559,13,,,,,0.92,11.0,1,12,,,,84890340559,2-s2.0-84890340559
2,Anderson C.N.,"Characterization of novel microsatellite loci for Hetaerina americana damselflies, and cross-amplification in other species",2013,Conservation Genetics Resources,,https://www.scopus.com/inward/record.uri?partnerID=HzOxMe3b&scp=84873672956&origin=inward,https://www.scopus.com/inward/citedby.uri?partnerID=HzOxMe3b&scp=84873672956&origin=inward,,2026-04-12 18:55:44,Article,10.1007/s12686-012-9755-x,18777252,https://api.elsevier.com/content/abstract/scopus_id/84873672956,5,1,,,,0.17,2.0,1,12,,,,84873672956,2-s2.0-84873672956
37,Simaika J.P.,Continental-scale conservation prioritization of African dragonflies,2013,Biological Conservation,,https://www.scopus.com/inward/record.uri?partnerID=HzOxMe3b&scp=84870360277&origin=inward,https://www.scopus.com/inward/citedby.uri?partnerID=HzOxMe3b&scp=84870360277&origin=inward,,2026-04-12 18:55:44,Article,10.1016/j.biocon.2012.08.039,00063207,https://api.elsevier.com/content/abstract/scopus_id/84870360277,157,,,,,3.08,37.0,1,12,,,,84870360277,2-s2.0-84870360277
37,Simaika J.P.,Continental-scale conservation prioritization of African dragonflies,2013,Biological Conservation,,https://www.scopus.com/inward/record.uri?partnerID=HzOxMe3b&scp=84870360277&origin=inward,https://www.scopus.com/inward/citedby.uri?partnerID=HzOxMe3b&scp=84870360277&origin=inward,,2026-04-12 18:55:44,Article,10.1016/j.biocon.2012.08.039,00063207,https://api.elsevier.com/content/abstract/scopus_id/84870360277,157,,,,,3.08,37.0,1,12,,,,84870360277,2-s2.0-84870360277
6,Iyengar V.K.,Sympatric sexual signal divergence among North American Calopteryx damselflies is correlated with increased intra- and interspecific male-male aggression,2013,Behavioral Ecology and Sociobiology,,https://www.scopus.com/inward/record.uri?partnerID=HzOxMe3b&scp=85027936898&origin=inward,https://www.scopus.com/inward/citedby.uri?partnerID=HzOxMe3b&scp=85027936898&origin=inward,,2026-04-12 18:55:44,Article,10.1007/s00265-013-1642-2,03405443,https://api.elsevier.com/content/abstract/scopus_id/85027936898,68,2,,,,0.5,6.0,1,12,,,,85027936898,2-s2.0-85027936898
7,Shih Y.,"Hydrophylita (Lutzimicron) emporos Shih & Polaszek (Hymenoptera: Trichogrammatidae) from Taiwan, Parasitising Eggs, and Phoretic on Adults, of the Damselfly Psolodesmus mandarinus mandarinus (Zygoptera: Calopterygidae)",2013,Plos One,,https://www.scopus.com/inward/record.uri?partnerID=HzOxMe3b&scp=84880830654&origin=inward,https://www.scopus.com/inward/citedby.uri?partnerID=HzOxMe3b&scp=84880830654&origin=inward,,2026-04-12 18:55:44,Article,10.1371/journal.pone.0069331,,https://api.elsevier.com/content/abstract/scopus_id/84880830654,8,7,,,,0.58,7.0,1,12,,,,84880830654,2-s2.0-84880830654
37,Combes S.A.,Capture success and efficiency of dragonflies pursuing different types of prey,2013,Integrative and Comparative Biology,,https://www.scopus.com/inward/record.uri?partnerID=HzOxMe3b&scp=84886416744&origin=inward,https://www.scopus.com/inward/citedby.uri?partnerID=HzOxMe3b&scp=84886416744&origin=inward,,2026-04-12 18:55:44,Conference Paper,10.1093/icb/ict072,15407063,https://api.elsevier.com/content/abstract/scopus_id/84886416744,53,5,,,,3.08,37.0,1,12,,,,84886416744,2-s2.0-84886416744
77,Gonzalez-Bellido P.T.,Eight pairs of descending visual neurons in the dragonfly give wing motor centers accurate population vector of prey direction,2013,Proceedings of the National Academy of Sciences of the United States of America,,https://www.scopus.com/inward/record.uri?partnerID=HzOxMe3b&scp=84872181815&origin=inward,https://www.scopus.com/inward/citedby.uri?partnerID=HzOxMe3b&scp=84872181815&origin=inward,,2026-04-12 18:55:44,Article,10.1073/pnas.1210489109,00278424,https://api.elsevier.com/content/abstract/scopus_id/84872181815,110,2,,,,6.42,77.0,1,12,,,,84872181815,2-s2.0-84872181815
0,Anjos-Santos D.,"Fluminagrion gen. nov. for Acanthagrion taxaense Santos, 1965, from Brazil (Odonata: Coenagrionidae)",2013,International Journal of Odonatology,,https://www.scopus.com/inward/record.uri?partnerID=HzOxMe3b&scp=84883296645&origin=inward,https://www.scopus.com/inward/citedby.uri?partnerID=HzOxMe3b&scp=84883296645&origin=inward,,2026-04-12 18:55:44,Article,10.1080/13887890.2013.782529,13887890,https://api.elsevier.com/content/abstract/scopus_id/84883296645,16,2,,,,0.0,0.0,1,12,,,,84883296645,2-s2.0-84883296645
13,Zhao H.,Arnold circulation and multi-optimal dynamic controlling mechanisms in dragonfly wings,2013,Acta Mechanica Solida Sinica,,https://www.scopus.com/inward/record.uri?partnerID=HzOxMe3b&scp=84879856553&origin=inward,https://www.scopus.com/inward/citedby.uri?partnerID=HzOxMe3b&scp=84879856553&origin=inward,,2026-04-12 18:55:44,Article,10.1016/S0894-9166(13)60022-1,08949166,https://api.elsevier.com/content/abstract/scopus_id/84879856553,26,3,,,,1.08,13.0,1,12,,,,84879856553,2-s2.0-84879856553
0,Nixon M.R.,Optimised multilayer designs and efficient white-scatter coatings in damselfly wing-membranes,2013,Optics Infobase Conference Papers,,https://www.scopus.com/inward/record.uri?partnerID=HzOxMe3b&scp=85087593549&origin=inward,https://www.scopus.com/inward/citedby.uri?partnerID=HzOxMe3b&scp=85087593549&origin=inward,,2026-04-12 18:55:44,Conference Paper,10.1364/oic.2013.md.9,,https://api.elsevier.com/content/abstract/scopus_id/85087593549,,,,,,0.0,0.0,1,12,,,,85087593549,2-s2.0-85087593549
48,Sacchi R.,Wing length allometry in Odonata: Differences between families in relation to migratory behaviour,2013,Zoomorphology,,https://www.scopus.com/inward/record.uri?partnerID=HzOxMe3b&scp=84874019602&origin=inward,https://www.scopus.com/inward/citedby.uri?partnerID=HzOxMe3b&scp=84874019602&origin=inward,,2026-04-12 18:55:44,Article,10.1007/s00435-012-0172-1,0720213X,https://api.elsevier.com/content/abstract/scopus_id/84874019602,132,1,,,,4.0,48.0,1,12,,,,84874019602,2-s2.0-84874019602
12,Gvoždík L.,Predator-Prey Interactions Shape Thermal Patch Use in a Newt Larvae-Dragonfly Nymph Model,2013,Plos One,,https://www.scopus.com/inward/record.uri?partnerID=HzOxMe3b&scp=84878634055&origin=inward,https://www.scopus.com/inward/citedby.uri?partnerID=HzOxMe3b&scp=84878634055&origin=inward,,2026-04-12 18:55:44,Article,10.1371/journal.pone.0065079,,https://api.elsevier.com/content/abstract/scopus_id/84878634055,8,6,,,,1.0,12.0,1,12,,,,84878634055,2-s2.0-84878634055
3,Winterbourn M.,Life histories of four dragonfly species (Odonata: Anisoptera) in northern New Zealand,2013,New Zealand Entomologist,,https://www.scopus.com/inward/record.uri?partnerID=HzOxMe3b&scp=84878224382&origin=inward,https://www.scopus.com/inward/citedby.uri?partnerID=HzOxMe3b&scp=84878224382&origin=inward,,2026-04-12 18:55:44,Article,10.1080/00779962.2012.752225,00779962,https://api.elsevier.com/content/abstract/scopus_id/84878224382,36,1,,,,0.25,3.0,1,12,,,,84878224382,2-s2.0-84878224382
5,Chaudhry M.T.,First record of anaciaeshna jaspidea and epophthalmia vittata vittata (odonata: Anisoptera) from Pakistan,2013,Iranian Journal of Science and Technology Transaction A Science,,https://www.scopus.com/inward/record.uri?partnerID=HzOxMe3b&scp=84890540014&origin=inward,https://www.scopus.com/inward/citedby.uri?partnerID=HzOxMe3b&scp=84890540014&origin=inward,,2026-04-12 18:55:44,Article,,10286276,https://api.elsevier.com/content/abstract/scopus_id/84890540014,37,A4,,,,0.42,5.0,1,12,,,,84890540014,2-s2.0-84890540014
31,Chen Y.,Stiffness evaluation of the leading edge of the dragonfly wing via laser vibrometer,2013,Materials Letters,,https://www.scopus.com/inward/record.uri?partnerID=HzOxMe3b&scp=84874672910&origin=inward,https://www.scopus.com/inward/citedby.uri?partnerID=HzOxMe3b&scp=84874672910&origin=inward,,2026-04-12 18:55:44,Article,10.1016/j.matlet.2013.01.110,0167577X,https://api.elsevier.com/content/abstract/scopus_id/84874672910,97,,,,,2.58,31.0,1,12,,,,84874672910,2-s2.0-84874672910
3,Yong H.S.,Genetically determined colour polymorphism in larvae of Ceriagrion chaoi (insecta: Odonata: Coenagrionidae),2013,Raffles Bulletin of Zoology,,https://www.scopus.com/inward/record.uri?partnerID=HzOxMe3b&scp=84874755081&origin=inward,https://www.scopus.com/inward/citedby.uri?partnerID=HzOxMe3b&scp=84874755081&origin=inward,,2026-04-12 18:55:44,Article,,,https://api.elsevier.com/content/abstract/scopus_id/84874755081,61,1,,,,0.25,3.0,1,12,,,,84874755081,2-s2.0-84874755081
94,May M.L.,"A critical overview of progress in studies of migration of dragonflies (Odonata: Anisoptera), with emphasis on North America",2013,Journal of Insect Conservation,,https://www.scopus.com/inward/record.uri?partnerID=HzOxMe3b&scp=84872664073&origin=inward,https://www.scopus.com/inward/citedby.uri?partnerID=HzOxMe3b&scp=84872664073&origin=inward,,2026-04-12 18:55:44,Review,10.1007/s10841-012-9540-x,1366638X,https://api.elsevier.com/content/abstract/scopus_id/84872664073,17,1,,,,7.83,94.0,1,12,,,,84872664073,2-s2.0-84872664073
5,Morrill A.,Explaining covariation between endo- and ecto-parasites in spreadwing damselflies (Zygoptera: Lestidae),2013,Canadian Journal of Zoology,,https://www.scopus.com/inward/record.uri?partnerID=HzOxMe3b&scp=84885015044&origin=inward,https://www.scopus.com/inward/citedby.uri?partnerID=HzOxMe3b&scp=84885015044&origin=inward,,2026-04-12 18:55:44,Article,10.1139/cjz-2013-0096,00084301,https://api.elsevier.com/content/abstract/scopus_id/84885015044,91,10,,,,0.42,5.0,1,12,,,,84885015044,2-s2.0-84885015044
57,Ren H.,Effects of Dragonfly Wing Structure on the Dynamic Performances,2013,Journal of Bionic Engineering,,https://www.scopus.com/inward/record.uri?partnerID=HzOxMe3b&scp=84872508130&origin=inward,https://www.scopus.com/inward/citedby.uri?partnerID=HzOxMe3b&scp=84872508130&origin=inward,,2026-04-12 18:55:44,Article,10.1016/S1672-6529(13)60196-1,16726529,https://api.elsevier.com/content/abstract/scopus_id/84872508130,10,1,,,,4.75,57.0,1,12,,,,84872508130,2-s2.0-84872508130
77,Nguyen S.H.T.,Dual role of outer epicuticular lipids in determining the wettability of dragonfly wings,2013,Colloids and Surfaces B Biointerfaces,,https://www.scopus.com/inward/record.uri?partnerID=HzOxMe3b&scp=84874529199&origin=inward,https://www.scopus.com/inward/citedby.uri?partnerID=HzOxMe3b&scp=84874529199&origin=inward,,2026-04-12 18:55:44,Article,10.1016/j.colsurfb.2013.01.042,09277765,https://api.elsevier.com/content/abstract/scopus_id/84874529199,106,,,,,6.42,77.0,1,12,,,,84874529199,2-s2.0-84874529199
11,Baird I.R.C.,"Larval habitat and behaviour of Phenes raptor (Odonata: Petaluridae): A review of current knowledge, with new observations",2013,International Journal of Odonatology,,https://www.scopus.com/inward/record.uri?partnerID=HzOxMe3b&scp=84883299887&origin=inward,https://www.scopus.com/inward/citedby.uri?partnerID=HzOxMe3b&scp=84883299887&origin=inward,,2026-04-12 18:55:44,Review,10.1080/13887890.2012.757723,13887890,https://api.elsevier.com/content/abstract/scopus_id/84883299887,16,1,,,,0.92,11.0,1,12,,,,84883299887,2-s2.0-84883299887
57,Ren L.,Functional characteristics of dragonfly wings and its bionic investigation progress,2013,Science China Technological Sciences,,https://www.scopus.com/inward/record.uri?partnerID=HzOxMe3b&scp=84878379834&origin=inward,https://www.scopus.com/inward/citedby.uri?partnerID=HzOxMe3b&scp=84878379834&origin=inward,,2026-04-12 18:55:44,Article,10.1007/s11431-013-5158-9,16747321,https://api.elsevier.com/content/abstract/scopus_id/84878379834,56,4,,,,4.75,57.0,1,12,,,,84878379834,2-s2.0-84878379834
28,Álvarez H.A.,Allometry of a sexual trait in relation to diet experience and alternative mating tactics in two rubyspot damselflies (Calopterygidae: Hetaerina),2013,Biological Journal of the Linnean Society,,https://www.scopus.com/inward/record.uri?partnerID=HzOxMe3b&scp=84874006259&origin=inward,https://www.scopus.com/inward/citedby.uri?partnerID=HzOxMe3b&scp=84874006259&origin=inward,,2026-04-12 18:55:44,Article,10.1111/j.1095-8312.2012.02031.x,00244066,https://api.elsevier.com/content/abstract/scopus_id/84874006259,108,3,,,,2.33,28.0,1,12,,,,84874006259,2-s2.0-84874006259
7,Moon D.,Environmental heterogeneity mediates a cross-ecosystem trophic cascade,2013,Ecological Entomology,,https://www.scopus.com/inward/record.uri?partnerID=HzOxMe3b&scp=84873161058&origin=inward,https://www.scopus.com/inward/citedby.uri?partnerID=HzOxMe3b&scp=84873161058&origin=inward,,2026-04-12 18:55:44,Article,10.1111/j.1365-2311.2012.01398.x,03076946,https://api.elsevier.com/content/abstract/scopus_id/84873161058,38,1,,,,0.58,7.0,1,12,,,,84873161058,2-s2.0-84873161058
136,Goertzen D.,Promoting dragonfly diversity in cities: Major determinants and implications for urban pond design,2013,Journal of Insect Conservation,,https://www.scopus.com/inward/record.uri?partnerID=HzOxMe3b&scp=84875055593&origin=inward,https://www.scopus.com/inward/citedby.uri?partnerID=HzOxMe3b&scp=84875055593&origin=inward,,2026-04-12 18:55:44,Article,10.1007/s10841-012-9522-z,1366638X,https://api.elsevier.com/content/abstract/scopus_id/84875055593,17,2,,,,11.33,136.0,1,12,,,,84875055593,2-s2.0-84875055593
14,Johansson F.,Predation and the relative importance of larval colour polymorphisms and colour polyphenism in a damselfly,2013,Evolutionary Ecology,,https://www.scopus.com/inward/record.uri?partnerID=HzOxMe3b&scp=84875388590&origin=inward,https://www.scopus.com/inward/citedby.uri?partnerID=HzOxMe3b&scp=84875388590&origin=inward,,2026-04-12 18:55:44,Article,10.1007/s10682-012-9617-8,02697653,https://api.elsevier.com/content/abstract/scopus_id/84875388590,27,3,,,,1.17,14.0,1,12,,,,84875388590,2-s2.0-84875388590
22,Kaunisto K.M.,Association between host's genetic diversity and parasite burden in damselflies,2013,Journal of Evolutionary Biology,,https://www.scopus.com/inward/record.uri?partnerID=HzOxMe3b&scp=84881030088&origin=inward,https://www.scopus.com/inward/citedby.uri?partnerID=HzOxMe3b&scp=84881030088&origin=inward,,2026-04-12 18:55:44,Article,10.1111/jeb.12177,1010061X,https://api.elsevier.com/content/abstract/scopus_id/84881030088,26,8,,,,1.83,22.0,1,12,,,,84881030088,2-s2.0-84881030088
59,Dayaram A.,High global diversity of cycloviruses amongst dragonflies,2013,Journal of General Virology,,https://www.scopus.com/inward/record.uri?partnerID=HzOxMe3b&scp=84880144820&origin=inward,https://www.scopus.com/inward/citedby.uri?partnerID=HzOxMe3b&scp=84880144820&origin=inward,,2026-04-12 18:55:44,Article,10.1099/vir.0.052654-0,00221317,https://api.elsevier.com/content/abstract/scopus_id/84880144820,94,PART8,,,,4.92,59.0,1,12,,,,84880144820,2-s2.0-84880144820
84,Svensson E.,"Ecology and sexual selection: Evolution of wing pigmentation in calopterygid damselflies in relation to latitude, sexual dimorphism, and speciation",2013,American Naturalist,,https://www.scopus.com/inward/record.uri?partnerID=HzOxMe3b&scp=84885227003&origin=inward,https://www.scopus.com/inward/citedby.uri?partnerID=HzOxMe3b&scp=84885227003&origin=inward,,2026-04-12 18:55:44,Article,10.1086/673206,00030147,https://api.elsevier.com/content/abstract/scopus_id/84885227003,182,5,,,,7.0,84.0,1,12,,,,84885227003,2-s2.0-84885227003
2,Chahl J.,The dragonfly flight envelope and its application to micro uav research and development,2013,IFAC Proceedings Volumes IFAC Papersonline,,https://www.scopus.com/inward/record.uri?partnerID=HzOxMe3b&scp=84885580131&origin=inward,https://www.scopus.com/inward/citedby.uri?partnerID=HzOxMe3b&scp=84885580131&origin=inward,,2026-04-12 18:55:44,Conference Paper,10.3182/20130626-3-AU-2035.00026,14746670,https://api.elsevier.com/content/abstract/scopus_id/84885580131,8,PART 1,,,,0.17,2.0,1,12,,,,84885580131,2-s2.0-84885580131
21,Suhonen J.,Patch area of macrophyte Stratioites aloides as a critical resource for declining dragonfly Aeshna viridis,2013,Journal of Insect Conservation,,https://www.scopus.com/inward/record.uri?partnerID=HzOxMe3b&scp=84875054834&origin=inward,https://www.scopus.com/inward/citedby.uri?partnerID=HzOxMe3b&scp=84875054834&origin=inward,,2026-04-12 18:55:44,Article,10.1007/s10841-012-9521-0,1366638X,https://api.elsevier.com/content/abstract/scopus_id/84875054834,17,2,,,,1.75,21.0,1,12,,,,84875054834,2-s2.0-84875054834
23,Nilsson-Örtman V.,Latitudinally structured variation in the temperature dependence of damselfly growth rates,2013,Ecology Letters,,https://www.scopus.com/inward/record.uri?partnerID=HzOxMe3b&scp=84870875915&origin=inward,https://www.scopus.com/inward/citedby.uri?partnerID=HzOxMe3b&scp=84870875915&origin=inward,,2026-04-12 18:55:44,Article,10.1111/ele.12013,1461023X,https://api.elsevier.com/content/abstract/scopus_id/84870875915,16,1,,,,1.92,23.0,1,12,,,,84870875915,2-s2.0-84870875915
4,Lai G.,Revolution of flow structures around model wing of dragonflies in hovering flight,2013,Beijing Hangkong Hangtian Daxue Xuebao Journal of Beijing University of Aeronautics and Astronautics,,https://www.scopus.com/inward/record.uri?partnerID=HzOxMe3b&scp=84880691718&origin=inward,https://www.scopus.com/inward/citedby.uri?partnerID=HzOxMe3b&scp=84880691718&origin=inward,,2026-04-12 18:55:44,Article,,10015965,https://api.elsevier.com/content/abstract/scopus_id/84880691718,39,6,,,,0.33,4.0,1,12,,,,84880691718,2-s2.0-84880691718
37,Janssens L.,Exposure to a widespread non-pathogenic bacterium magnifies sublethal pesticide effects in the damselfly Enallagma cyathigerum: From the suborganismal level to fitness-related traits,2013,Environmental Pollution,,https://www.scopus.com/inward/record.uri?partnerID=HzOxMe3b&scp=84875126669&origin=inward,https://www.scopus.com/inward/citedby.uri?partnerID=HzOxMe3b&scp=84875126669&origin=inward,,2026-04-12 18:55:44,Article,10.1016/j.envpol.2013.02.016,02697491,https://api.elsevier.com/content/abstract/scopus_id/84875126669,177,,,,,3.08,37.0,1,12,,,,84875126669,2-s2.0-84875126669
10,Hobbelen P.H.F.,"Modeling the impacts of global warming on predation and biotic resistance: Mosquitoes, damselflies and avian malaria in Hawaii",2013,Theoretical Ecology,,https://www.scopus.com/inward/record.uri?partnerID=HzOxMe3b&scp=84872976336&origin=inward,https://www.scopus.com/inward/citedby.uri?partnerID=HzOxMe3b&scp=84872976336&origin=inward,,2026-04-12 18:55:44,Article,10.1007/s12080-011-0154-9,18741738,https://api.elsevier.com/content/abstract/scopus_id/84872976336,6,1,,,,0.83,10.0,1,12,,,,84872976336,2-s2.0-84872976336
20,Gao C.Y.,Wettability of dragonfly wings: The structure detection and theoretical modeling,2013,Surface and Interface Analysis,,https://www.scopus.com/inward/record.uri?partnerID=HzOxMe3b&scp=84872053544&origin=inward,https://www.scopus.com/inward/citedby.uri?partnerID=HzOxMe3b&scp=84872053544&origin=inward,,2026-04-12 18:55:44,Article,10.1002/sia.5105,01422421,https://api.elsevier.com/content/abstract/scopus_id/84872053544,45,2,,,,1.67,20.0,1,12,,,,84872053544,2-s2.0-84872053544
32,Hassall C.,Time stress and temperature explain continental variation in damselfly body size,2013,Ecography,,https://www.scopus.com/inward/record.uri?partnerID=HzOxMe3b&scp=84880035324&origin=inward,https://www.scopus.com/inward/citedby.uri?partnerID=HzOxMe3b&scp=84880035324&origin=inward,,2026-04-12 18:55:44,Article,10.1111/j.1600-0587.2013.00018.x,09067590,https://api.elsevier.com/content/abstract/scopus_id/84880035324,36,8,,,,2.67,32.0,1,12,,,,84880035324,2-s2.0-84880035324
4,Hamamoto M.,Free-flight analysis of dragonfly hovering by fluid-structure interaction analysis based on an arbitrary Lagrangian-Eulerian method,2013,Advanced Robotics,,https://www.scopus.com/inward/record.uri?partnerID=HzOxMe3b&scp=84877954746&origin=inward,https://www.scopus.com/inward/citedby.uri?partnerID=HzOxMe3b&scp=84877954746&origin=inward,,2026-04-12 18:55:44,Article,10.1080/01691864.2013.778940,01691864,https://api.elsevier.com/content/abstract/scopus_id/84877954746,27,9,,,,0.33,4.0,1,12,,,,84877954746,2-s2.0-84877954746
1,Xiao L.J.,Numerical study on mechanical properties of the dragonflies' wings,2013,Beijing Ligong Daxue Xuebao Transaction of Beijing Institute of Technology,,https://www.scopus.com/inward/record.uri?partnerID=HzOxMe3b&scp=84898679210&origin=inward,https://www.scopus.com/inward/citedby.uri?partnerID=HzOxMe3b&scp=84898679210&origin=inward,,2026-04-12 18:55:44,Article,,10010645,https://api.elsevier.com/content/abstract/scopus_id/84898679210,33,SUPPL.2,,,,0.08,1.0,1,12,,,,84898679210,2-s2.0-84898679210
11,Meurgey F.,A catalogue of the West Indian dragonflies (Insecta: Odonata),2013,Annales De La Societe Entomologique De France,,https://www.scopus.com/inward/record.uri?partnerID=HzOxMe3b&scp=84890595467&origin=inward,https://www.scopus.com/inward/citedby.uri?partnerID=HzOxMe3b&scp=84890595467&origin=inward,,2026-04-12 18:55:44,Article,10.1080/00379271.2013.848066,00379271,https://api.elsevier.com/content/abstract/scopus_id/84890595467,49,3,,,,0.92,11.0,1,12,,,,84890595467,2-s2.0-84890595467
13,Sánchez-Guillén R.A.,An examination of competitive gametic isolation mechanisms between the damselflies Ischnura graellsii and I. elegans,2013,International Journal of Odonatology,,https://www.scopus.com/inward/record.uri?partnerID=HzOxMe3b&scp=84891659314&origin=inward,https://www.scopus.com/inward/citedby.uri?partnerID=HzOxMe3b&scp=84891659314&origin=inward,,2026-04-12 18:55:44,Article,10.1080/13887890.2013.821868,13887890,https://api.elsevier.com/content/abstract/scopus_id/84891659314,16,3,,,,1.08,13.0,1,12,,,,84891659314,2-s2.0-84891659314
12,Cho J.Y.,Replication of surface nano-structure of the wing of dragonfly (Pantala Flavescens) using nano-molding and UV nanoimprint lithography,2013,Electronic Materials Letters,,https://www.scopus.com/inward/record.uri?partnerID=HzOxMe3b&scp=84880439633&origin=inward,https://www.scopus.com/inward/citedby.uri?partnerID=HzOxMe3b&scp=84880439633&origin=inward,,2026-04-12 18:55:44,Article,10.1007/s13391-013-0042-0,17388090,https://api.elsevier.com/content/abstract/scopus_id/84880439633,9,4,,,,1.0,12.0,1,12,,,,84880439633,2-s2.0-84880439633
56,Garcia M.,Efficient routing mechanisms for dragonfly networks,2013,Proceedings of the International Conference on Parallel Processing,,https://www.scopus.com/inward/record.uri?partnerID=HzOxMe3b&scp=84893310388&origin=inward,https://www.scopus.com/inward/citedby.uri?partnerID=HzOxMe3b&scp=84893310388&origin=inward,,2026-04-12 18:55:44,Conference Paper,10.1109/ICPP.2013.72,01903918,https://api.elsevier.com/content/abstract/scopus_id/84893310388,,,,,,4.67,56.0,1,12,,,,84893310388,2-s2.0-84893310388
6,Zhang H.,"Descriptions of two new Cephalaeschna species from Yunnan, China (Odonata: Aeshnidae)",2013,International Journal of Odonatology,,https://www.scopus.com/inward/record.uri?partnerID=HzOxMe3b&scp=84892376910&origin=inward,https://www.scopus.com/inward/citedby.uri?partnerID=HzOxMe3b&scp=84892376910&origin=inward,,2026-04-12 18:55:44,Article,10.1080/13887890.2013.820977,13887890,https://api.elsevier.com/content/abstract/scopus_id/84892376910,16,3,,,,0.5,6.0,1,12,,,,84892376910,2-s2.0-84892376910
1,Xu M.X.,Polarization imaging target detection method by imitating dragonfly compound eye LF-SF mechanism,2013,Applied Mechanics and Materials,,https://www.scopus.com/inward/record.uri?partnerID=HzOxMe3b&scp=84883177857&origin=inward,https://www.scopus.com/inward/citedby.uri?partnerID=HzOxMe3b&scp=84883177857&origin=inward,,2026-04-12 18:55:44,Conference Paper,10.4028/www.scientific.net/AMM.347-350.3881,16609336,https://api.elsevier.com/content/abstract/scopus_id/84883177857,347-350,,,,,0.08,1.0,1,12,,,,84883177857,2-s2.0-84883177857
3,Guillermo-Ferreira R.,Mate recognition in Acanthagrion truncatum (Odonata: Coenagrionidae),2013,Acta Scientiarum Biological Sciences,,https://www.scopus.com/inward/record.uri?partnerID=HzOxMe3b&scp=84881049616&origin=inward,https://www.scopus.com/inward/citedby.uri?partnerID=HzOxMe3b&scp=84881049616&origin=inward,,2026-04-12 18:55:44,Article,10.4025/actascibiolsci.v35i3.16138,16799283,https://api.elsevier.com/content/abstract/scopus_id/84881049616,35,3,,,,0.25,3.0,1,12,,,,84881049616,2-s2.0-84881049616
16,Tiple A.D.,"Odonata of Vidarbha region, Maharashtra state, central India",2013,Odonatologica,,https://www.scopus.com/inward/record.uri?partnerID=HzOxMe3b&scp=84885151053&origin=inward,https://www.scopus.com/inward/citedby.uri?partnerID=HzOxMe3b&scp=84885151053&origin=inward,,2026-04-12 18:55:44,Review,,03750183,https://api.elsevier.com/content/abstract/scopus_id/84885151053,42,3,,,,1.33,16.0,1,12,,,,84885151053,2-s2.0-84885151053
80,Klecka J.,Foraging and vulnerability traits modify predator-prey body mass allometry: Freshwater macroinvertebrates as a case study,2013,Journal of Animal Ecology,,https://www.scopus.com/inward/record.uri?partnerID=HzOxMe3b&scp=84881548215&origin=inward,https://www.scopus.com/inward/citedby.uri?partnerID=HzOxMe3b&scp=84881548215&origin=inward,,2026-04-12 18:55:44,Article,10.1111/1365-2656.12078,00218790,https://api.elsevier.com/content/abstract/scopus_id/84881548215,82,5,,,,6.67,80.0,1,12,,,,84881548215,2-s2.0-84881548215
0,Parithabhanu A.,Combined toxicity of industrial effluents on the larvae of dragonfly Bradinophyga germinate (Rambur) (Anisoptera) Libelludae,2013,International Journal of Applied Environmental Sciences,,https://www.scopus.com/inward/record.uri?partnerID=HzOxMe3b&scp=84887066115&origin=inward,https://www.scopus.com/inward/citedby.uri?partnerID=HzOxMe3b&scp=84887066115&origin=inward,,2026-04-12 18:55:44,Article,,09736077,https://api.elsevier.com/content/abstract/scopus_id/84887066115,8,8,,,,0.0,0.0,1,12,,,,84887066115,2-s2.0-84887066115
3,Molineri C.,Description of the larva of Argia jujuya Ris (Coenagrionidae) with a key to species from the Argentinean Yungas cloud forest,2013,International Journal of Odonatology,,https://www.scopus.com/inward/record.uri?partnerID=HzOxMe3b&scp=84891663572&origin=inward,https://www.scopus.com/inward/citedby.uri?partnerID=HzOxMe3b&scp=84891663572&origin=inward,,2026-04-12 18:55:44,Article,10.1080/13887890.2013.851628,13887890,https://api.elsevier.com/content/abstract/scopus_id/84891663572,16,4,,,,0.25,3.0,1,12,,,,84891663572,2-s2.0-84891663572
15,Johnson L.,"Morphometric measurements of dragonfly wings: The accuracy of pinned, scanned and detached measurement methods",2013,Zookeys,,https://www.scopus.com/inward/record.uri?partnerID=HzOxMe3b&scp=84876809359&origin=inward,https://www.scopus.com/inward/citedby.uri?partnerID=HzOxMe3b&scp=84876809359&origin=inward,,2026-04-12 18:55:44,Article,10.3897/zookeys.276.4207,13132989,https://api.elsevier.com/content/abstract/scopus_id/84876809359,276,,,,,1.25,15.0,1,12,,,,84876809359,2-s2.0-84876809359
8,Kim Y.H.,Biochemical characterization of two distinct acetylcholinesterases possessing almost identical catalytic activity in the damselfly Vestalis gracilis,2013,Journal of Asia Pacific Entomology,,https://www.scopus.com/inward/record.uri?partnerID=HzOxMe3b&scp=84882748688&origin=inward,https://www.scopus.com/inward/citedby.uri?partnerID=HzOxMe3b&scp=84882748688&origin=inward,,2026-04-12 18:55:44,Article,10.1016/j.aspen.2013.06.007,12268615,https://api.elsevier.com/content/abstract/scopus_id/84882748688,16,4,,,,0.67,8.0,1,12,,,,84882748688,2-s2.0-84882748688
5,Orr A.G.,"Four new species of Palaiargia Förster, 1903 (Odonata: Platycnemididae) from New Guinea with revised distribution records for the genus",2013,International Journal of Odonatology,,https://www.scopus.com/inward/record.uri?partnerID=HzOxMe3b&scp=84891640601&origin=inward,https://www.scopus.com/inward/citedby.uri?partnerID=HzOxMe3b&scp=84891640601&origin=inward,,2026-04-12 18:55:44,Article,10.1080/13887890.2013.855949,13887890,https://api.elsevier.com/content/abstract/scopus_id/84891640601,16,4,,,,0.42,5.0,1,12,,,,84891640601,2-s2.0-84891640601
8,Kim Y.H.,Biochemical characterization of two distinct acetylcholinesterases possessing almost identical catalytic activity in the damselfly Vestalis gracilis,2013,Journal of Asia Pacific Entomology,,https://www.scopus.com/inward/record.uri?partnerID=HzOxMe3b&scp=84882748688&origin=inward,https://www.scopus.com/inward/citedby.uri?partnerID=HzOxMe3b&scp=84882748688&origin=inward,,2026-04-12 18:55:44,Article,10.1016/j.aspen.2013.06.007,12268615,https://api.elsevier.com/content/abstract/scopus_id/84882748688,16,4,,,,0.67,8.0,1,12,,,,84882748688,2-s2.0-84882748688
0,Takahashi Y.,Time constraints related to sexual maturation and prolonged copulation in the female-dimorphic damselfly Ischnura senegalensis,2013,Entomological Science,,https://www.scopus.com/inward/record.uri?partnerID=HzOxMe3b&scp=84871993149&origin=inward,https://www.scopus.com/inward/citedby.uri?partnerID=HzOxMe3b&scp=84871993149&origin=inward,,2026-04-12 18:55:44,Article,10.1111/j.1479-8298.2012.00532.x,13438786,https://api.elsevier.com/content/abstract/scopus_id/84871993149,16,1,,,,0.0,0.0,1,12,,,,84871993149,2-s2.0-84871993149
3,Nel A.,"Elektroeuphaea gen.n., the oldest representative of the modern Epallaginae from Eocene Baltic amber (Odonata: Zygoptera: Epallagidae)",2013,Insect Systematics and Evolution,,https://www.scopus.com/inward/record.uri?partnerID=HzOxMe3b&scp=84893411940&origin=inward,https://www.scopus.com/inward/citedby.uri?partnerID=HzOxMe3b&scp=84893411940&origin=inward,,2026-04-12 18:55:44,Article,10.1163/1876312X-44032097,1399560X,https://api.elsevier.com/content/abstract/scopus_id/84893411940,44,2,,,,0.25,3.0,1,12,,,,84893411940,2-s2.0-84893411940
65,Ivanova E.P.,Molecular Organization of the Nanoscale Surface Structures of the Dragonfly Hemianax papuensis Wing Epicuticle,2013,Plos One,,https://www.scopus.com/inward/record.uri?partnerID=HzOxMe3b&scp=84879958732&origin=inward,https://www.scopus.com/inward/citedby.uri?partnerID=HzOxMe3b&scp=84879958732&origin=inward,,2026-04-12 18:55:44,Article,10.1371/journal.pone.0067893,,https://api.elsevier.com/content/abstract/scopus_id/84879958732,8,7,,,,5.42,65.0,1,12,,,,84879958732,2-s2.0-84879958732
34,Outomuro D.,Habitat variation and wing coloration affect wing shape evolution in dragonflies,2013,Journal of Evolutionary Biology,,https://www.scopus.com/inward/record.uri?partnerID=HzOxMe3b&scp=84882600956&origin=inward,https://www.scopus.com/inward/citedby.uri?partnerID=HzOxMe3b&scp=84882600956&origin=inward,,2026-04-12 18:55:44,Article,10.1111/jeb.12203,1010061X,https://api.elsevier.com/content/abstract/scopus_id/84882600956,26,9,,,,2.83,34.0,1,12,,,,84882600956,2-s2.0-84882600956
22,Ferry E.E.,Do all portable cases constructed by caddisfly larvae function in defense?,2013,Journal of Insect Science,,https://www.scopus.com/inward/record.uri?partnerID=HzOxMe3b&scp=84879209528&origin=inward,https://www.scopus.com/inward/citedby.uri?partnerID=HzOxMe3b&scp=84879209528&origin=inward,,2026-04-12 18:55:44,Article,10.1673/031.013.0501,,https://api.elsevier.com/content/abstract/scopus_id/84879209528,13,,,,,1.83,22.0,1,12,,,,84879209528,2-s2.0-84879209528
5,Guillermo-Ferreira R.,New records of Forcipomyia (Pterobosca) incubans (Diptera: Ceratopogonidae) parasitizing wings of Odonata in Brazil,2013,Biota Neotropica,,https://www.scopus.com/inward/record.uri?partnerID=HzOxMe3b&scp=84877738621&origin=inward,https://www.scopus.com/inward/citedby.uri?partnerID=HzOxMe3b&scp=84877738621&origin=inward,,2026-04-12 18:55:44,Article,10.1590/S1676-06032013000100037,16786424,https://api.elsevier.com/content/abstract/scopus_id/84877738621,13,1,,,,0.42,5.0,1,12,,,,84877738621,2-s2.0-84877738621
25,Kalkman V.,"Generic revision of Argiolestidae (Odonata), with four new genera",2013,International Journal of Odonatology,,https://www.scopus.com/inward/record.uri?partnerID=HzOxMe3b&scp=84883305574&origin=inward,https://www.scopus.com/inward/citedby.uri?partnerID=HzOxMe3b&scp=84883305574&origin=inward,,2026-04-12 18:55:44,Article,10.1080/13887890.2012.749450,13887890,https://api.elsevier.com/content/abstract/scopus_id/84883305574,16,1,,,,2.08,25.0,1,12,,,,84883305574,2-s2.0-84883305574
23,van Strien A.J.,Occupancy modelling as a new approach to assess supranational trends using opportunistic data: A pilot study for the damselfly Calopteryx splendens,2013,Biodiversity and Conservation,,https://www.scopus.com/inward/record.uri?partnerID=HzOxMe3b&scp=84874529174&origin=inward,https://www.scopus.com/inward/citedby.uri?partnerID=HzOxMe3b&scp=84874529174&origin=inward,,2026-04-12 18:55:44,Article,10.1007/s10531-013-0436-1,09603115,https://api.elsevier.com/content/abstract/scopus_id/84874529174,22,3,,,,1.92,23.0,1,12,,,,84874529174,2-s2.0-84874529174
35,Yang Y.,"Nondestructive analysis of dragonfly eye beads from the warring states period, excavated from a Chu Tomb at the Shenmingpu Site, Henan Province, China",2013,Microscopy and Microanalysis,,https://www.scopus.com/inward/record.uri?partnerID=HzOxMe3b&scp=84875464060&origin=inward,https://www.scopus.com/inward/citedby.uri?partnerID=HzOxMe3b&scp=84875464060&origin=inward,,2026-04-12 18:55:44,Article,10.1017/S1431927612014201,14319276,https://api.elsevier.com/content/abstract/scopus_id/84875464060,19,2,,,,2.92,35.0,1,12,,,,84875464060,2-s2.0-84875464060
5,Shanku A.G.,Functional annotation and comparative analysis of a zygopteran transcriptome,2013,G3 Genes Genomes Genetics,,https://www.scopus.com/inward/record.uri?partnerID=HzOxMe3b&scp=84883251042&origin=inward,https://www.scopus.com/inward/citedby.uri?partnerID=HzOxMe3b&scp=84883251042&origin=inward,,2026-04-12 18:55:44,Article,10.1534/g3.113.005637,,https://api.elsevier.com/content/abstract/scopus_id/84883251042,3,4,,,,0.42,5.0,1,12,,,,84883251042,2-s2.0-84883251042
8,Li Y.,"The first euthemistid damsel-dragonfly from the middle jurassic of China (Odonata, Epiproctophora, Isophlebioptera)",2013,Zookeys,,https://www.scopus.com/inward/record.uri?partnerID=HzOxMe3b&scp=84873878411&origin=inward,https://www.scopus.com/inward/citedby.uri?partnerID=HzOxMe3b&scp=84873878411&origin=inward,,2026-04-12 18:55:44,Article,10.3897/zookeys.261.4371,13132989,https://api.elsevier.com/content/abstract/scopus_id/84873878411,261,,,,,0.67,8.0,1,12,,,,84873878411,2-s2.0-84873878411
22,Blanke A.,The head anatomy of Epiophlebia superstes (Odonata: Epiophlebiidae),2013,Organisms Diversity and Evolution,,https://www.scopus.com/inward/record.uri?partnerID=HzOxMe3b&scp=84873405380&origin=inward,https://www.scopus.com/inward/citedby.uri?partnerID=HzOxMe3b&scp=84873405380&origin=inward,,2026-04-12 18:55:44,Article,10.1007/s13127-012-0097-z,14396092,https://api.elsevier.com/content/abstract/scopus_id/84873405380,13,1,,,,1.83,22.0,1,12,,,,84873405380,2-s2.0-84873405380
1,Kalkman V.,"Two new species of Pyrrhargiolestes, with a key to the males (Odonata: Argiolestidae)",2013,International Journal of Odonatology,,https://www.scopus.com/inward/record.uri?partnerID=HzOxMe3b&scp=84883274909&origin=inward,https://www.scopus.com/inward/citedby.uri?partnerID=HzOxMe3b&scp=84883274909&origin=inward,,2026-04-12 18:55:44,Article,10.1080/13887890.2012.749766,13887890,https://api.elsevier.com/content/abstract/scopus_id/84883274909,16,1,,,,0.08,1.0,1,12,,,,84883274909,2-s2.0-84883274909
2,Baird I.,Emergence behaviour in Petalura gigantea (Odonata: Petaluridae): Confirmation of upright emergence,2013,International Journal of Odonatology,,https://www.scopus.com/inward/record.uri?partnerID=HzOxMe3b&scp=84892377518&origin=inward,https://www.scopus.com/inward/citedby.uri?partnerID=HzOxMe3b&scp=84892377518&origin=inward,,2026-04-12 18:55:44,Article,10.1080/13887890.2013.798975,13887890,https://api.elsevier.com/content/abstract/scopus_id/84892377518,16,3,,,,0.17,2.0,1,12,,,,84892377518,2-s2.0-84892377518
54,Swaegers J.,Rapid range expansion increases genetic differentiation while causing limited reduction in genetic diversity in a damselfly,2013,Heredity,,https://www.scopus.com/inward/record.uri?partnerID=HzOxMe3b&scp=84886090657&origin=inward,https://www.scopus.com/inward/citedby.uri?partnerID=HzOxMe3b&scp=84886090657&origin=inward,,2026-04-12 18:55:44,Article,10.1038/hdy.2013.64,0018067X,https://api.elsevier.com/content/abstract/scopus_id/84886090657,111,5,,,,4.5,54.0,1,12,,,,84886090657,2-s2.0-84886090657
44,Keller D.,Damselflies use different movement strategies for short- and long-distance dispersal,2013,Insect Conservation and Diversity,,https://www.scopus.com/inward/record.uri?partnerID=HzOxMe3b&scp=84883449466&origin=inward,https://www.scopus.com/inward/citedby.uri?partnerID=HzOxMe3b&scp=84883449466&origin=inward,,2026-04-12 18:55:44,Article,10.1111/icad.12016,1752458X,https://api.elsevier.com/content/abstract/scopus_id/84883449466,6,5,,,,3.67,44.0,1,12,,,,84883449466,2-s2.0-84883449466
16,Mark Waters R.,"Prey availability influences the ontogeny and timing of chemoreception-based prey shifting in the striped crayfish snake, Regina alleni",2013,Journal of Comparative Psychology,,https://www.scopus.com/inward/record.uri?partnerID=HzOxMe3b&scp=84881002293&origin=inward,https://www.scopus.com/inward/citedby.uri?partnerID=HzOxMe3b&scp=84881002293&origin=inward,,2026-04-12 18:55:44,Article,10.1037/a0029267,07357036,https://api.elsevier.com/content/abstract/scopus_id/84881002293,127,1,,,,1.33,16.0,1,12,,,,84881002293,2-s2.0-84881002293
18,Duncan R.S.,Southern wonder: Alabama's surprising biodiversity,2013,Southern Wonder Alabama S Surprising Biodiversity,,https://www.scopus.com/inward/record.uri?partnerID=HzOxMe3b&scp=84947346614&origin=inward,https://www.scopus.com/inward/citedby.uri?partnerID=HzOxMe3b&scp=84947346614&origin=inward,,2026-04-12 18:55:44,Book,,,https://api.elsevier.com/content/abstract/scopus_id/84947346614,,,,,,1.5,18.0,1,12,,,,84947346614,2-s2.0-84947346614
27,Dolný A.,Natal philopatry in four European species of dragonflies (Odonata: Sympetrinae) and possible implications for conservation management,2013,Journal of Insect Conservation,,https://www.scopus.com/inward/record.uri?partnerID=HzOxMe3b&scp=84880506170&origin=inward,https://www.scopus.com/inward/citedby.uri?partnerID=HzOxMe3b&scp=84880506170&origin=inward,,2026-04-12 18:55:44,Article,10.1007/s10841-013-9564-x,1366638X,https://api.elsevier.com/content/abstract/scopus_id/84880506170,17,4,,,,2.25,27.0,1,12,,,,84880506170,2-s2.0-84880506170
67,De Block M.,Local genetic adaptation generates latitude-specific effects of warming on predator-prey interactions,2013,Global Change Biology,,https://www.scopus.com/inward/record.uri?partnerID=HzOxMe3b&scp=84873113156&origin=inward,https://www.scopus.com/inward/citedby.uri?partnerID=HzOxMe3b&scp=84873113156&origin=inward,,2026-04-12 18:55:44,Article,10.1111/gcb.12089,13541013,https://api.elsevier.com/content/abstract/scopus_id/84873113156,19,3,,,,5.58,67.0,1,12,,,,84873113156,2-s2.0-84873113156
25,Rajabi H.,Experimental investigations of the functional morphology of dragonfly wings,2013,Chinese Physics B,,https://www.scopus.com/inward/record.uri?partnerID=HzOxMe3b&scp=84883882404&origin=inward,https://www.scopus.com/inward/citedby.uri?partnerID=HzOxMe3b&scp=84883882404&origin=inward,,2026-04-12 18:55:44,Article,10.1088/1674-1056/22/8/088702,16741056,https://api.elsevier.com/content/abstract/scopus_id/84883882404,22,8,,,,2.08,25.0,1,12,,,,84883882404,2-s2.0-84883882404
41,Janssens L.,Fitness Effects of Chlorpyrifos in the Damselfly Enallagma cyathigerum Strongly Depend upon Temperature and Food Level and Can Bridge Metamorphosis,2013,Plos One,,https://www.scopus.com/inward/record.uri?partnerID=HzOxMe3b&scp=84879495995&origin=inward,https://www.scopus.com/inward/citedby.uri?partnerID=HzOxMe3b&scp=84879495995&origin=inward,,2026-04-12 18:55:44,Article,10.1371/journal.pone.0068107,,https://api.elsevier.com/content/abstract/scopus_id/84879495995,8,6,,,,3.42,41.0,1,12,,,,84879495995,2-s2.0-84879495995
55,Janssens L.,Synergistic effects between pesticide stress and predator cues: Conflicting results from life history and physiology in the damselfly Enallagma cyathigerum,2013,Aquatic Toxicology,,https://www.scopus.com/inward/record.uri?partnerID=HzOxMe3b&scp=84874780724&origin=inward,https://www.scopus.com/inward/citedby.uri?partnerID=HzOxMe3b&scp=84874780724&origin=inward,,2026-04-12 18:55:44,Article,10.1016/j.aquatox.2013.02.003,0166445X,https://api.elsevier.com/content/abstract/scopus_id/84874780724,132-133,,,,,4.58,55.0,1,12,,,,84874780724,2-s2.0-84874780724
5,Claypool M.,Dragonfly: Strengthening programming skills by building a game engine from scratch,2013,Computer Science Education,,https://www.scopus.com/inward/record.uri?partnerID=HzOxMe3b&scp=84879183177&origin=inward,https://www.scopus.com/inward/citedby.uri?partnerID=HzOxMe3b&scp=84879183177&origin=inward,,2026-04-12 18:55:44,Article,10.1080/08993408.2013.781840,08993408,https://api.elsevier.com/content/abstract/scopus_id/84879183177,23,2,,,,0.42,5.0,1,12,,,,84879183177,2-s2.0-84879183177
11,Baird I.R.C.,An emergence study of Petalura gigantea (Odonata: Petaluridae),2013,International Journal of Odonatology,,https://www.scopus.com/inward/record.uri?partnerID=HzOxMe3b&scp=84892374905&origin=inward,https://www.scopus.com/inward/citedby.uri?partnerID=HzOxMe3b&scp=84892374905&origin=inward,,2026-04-12 18:55:44,Article,10.1080/13887890.2013.798580,13887890,https://api.elsevier.com/content/abstract/scopus_id/84892374905,16,3,,,,0.92,11.0,1,12,,,,84892374905,2-s2.0-84892374905
8,Zhang H.,Three new Cephalaeschna species from central China with descriptions of the hitherto unknown sex of related species (Odonata: Aeshnidae),2013,International Journal of Odonatology,,https://www.scopus.com/inward/record.uri?partnerID=HzOxMe3b&scp=84883285623&origin=inward,https://www.scopus.com/inward/citedby.uri?partnerID=HzOxMe3b&scp=84883285623&origin=inward,,2026-04-12 18:55:44,Article,10.1080/13887890.2013.782530,13887890,https://api.elsevier.com/content/abstract/scopus_id/84883285623,16,2,,,,0.67,8.0,1,12,,,,84883285623,2-s2.0-84883285623
13,Keränen I.,High maternal species density mediates unidirectional heterospecific matings in Calopteryx damselflies,2013,Biological Journal of the Linnean Society,,https://www.scopus.com/inward/record.uri?partnerID=HzOxMe3b&scp=84874010415&origin=inward,https://www.scopus.com/inward/citedby.uri?partnerID=HzOxMe3b&scp=84874010415&origin=inward,,2026-04-12 18:55:44,Article,10.1111/j.1095-8312.2012.02043.x,00244066,https://api.elsevier.com/content/abstract/scopus_id/84874010415,108,3,,,,1.08,13.0,1,12,,,,84874010415,2-s2.0-84874010415
23,Garcia M.,OFAR-CM: Efficient dragonfly networks with simple congestion management,2013,Proceedings IEEE 21st Annual Symposium on High Performance Interconnects Hoti 2013,,https://www.scopus.com/inward/record.uri?partnerID=HzOxMe3b&scp=84889015054&origin=inward,https://www.scopus.com/inward/citedby.uri?partnerID=HzOxMe3b&scp=84889015054&origin=inward,,2026-04-12 18:55:44,Conference Paper,10.1109/HOTI.2013.16,,https://api.elsevier.com/content/abstract/scopus_id/84889015054,,,,,,1.92,23.0,1,12,,,,84889015054,2-s2.0-84889015054
5,Regel K.,On the life cycle and morphology of metacestodes dioecocestus asper (Cyclophyllidea: Dioecocestidae),2013,Parazitologiya,,https://www.scopus.com/inward/record.uri?partnerID=HzOxMe3b&scp=84880966656&origin=inward,https://www.scopus.com/inward/citedby.uri?partnerID=HzOxMe3b&scp=84880966656&origin=inward,,2026-04-12 18:55:44,Article,,00311847,https://api.elsevier.com/content/abstract/scopus_id/84880966656,47,1,,,,0.42,5.0,1,12,,,,84880966656,2-s2.0-84880966656
17,McCauley S.,"Relationship between morphology, dispersal and habitat distribution in three species of Libellula (Odonata: Anisoptera)",2013,Aquatic Insects,,https://www.scopus.com/inward/record.uri?partnerID=HzOxMe3b&scp=84881513154&origin=inward,https://www.scopus.com/inward/citedby.uri?partnerID=HzOxMe3b&scp=84881513154&origin=inward,,2026-04-12 18:55:44,Article,10.1080/01650424.2013.800557,01650424,https://api.elsevier.com/content/abstract/scopus_id/84881513154,34,3-4,,,,1.42,17.0,1,12,,,,84881513154,2-s2.0-84881513154
23,Nixon M.R.,Subtle design changes control the difference in colour reflection from the dorsal and ventral wing-membrane surfaces of the damselfly Matronoides cyaneipennis,2013,Optics Express,,https://www.scopus.com/inward/record.uri?partnerID=HzOxMe3b&scp=84874027404&origin=inward,https://www.scopus.com/inward/citedby.uri?partnerID=HzOxMe3b&scp=84874027404&origin=inward,,2026-04-12 18:55:44,Article,10.1364/OE.21.001479,,https://api.elsevier.com/content/abstract/scopus_id/84874027404,21,2,,,,1.92,23.0,1,12,,,,84874027404,2-s2.0-84874027404
5,Abbott J.,Morph-specific and sex-specific temperature effects on morphology in the colour polymorphic damselfly Ischnura elegans,2013,Animal Biology,,https://www.scopus.com/inward/record.uri?partnerID=HzOxMe3b&scp=84876580942&origin=inward,https://www.scopus.com/inward/citedby.uri?partnerID=HzOxMe3b&scp=84876580942&origin=inward,,2026-04-12 18:55:44,Article,10.1163/15707563-00002402,15707555,https://api.elsevier.com/content/abstract/scopus_id/84876580942,63,2,,,,0.42,5.0,1,12,,,,84876580942,2-s2.0-84876580942
9,Fleck G.,"Notes on the genus libellulosoma martin, 1906, and related genera (odonata: Anisoptera: Corduliidae)",2013,Zootaxa,,https://www.scopus.com/inward/record.uri?partnerID=HzOxMe3b&scp=84890398159&origin=inward,https://www.scopus.com/inward/citedby.uri?partnerID=HzOxMe3b&scp=84890398159&origin=inward,,2026-04-12 18:55:44,Article,10.11646/zootaxa.3745.5.6,11755326,https://api.elsevier.com/content/abstract/scopus_id/84890398159,3745,5,,,,0.75,9.0,1,12,,,,84890398159,2-s2.0-84890398159
13,Bunker B.E.,Macroparasite population dynamics among geographical localities and host life cycle stages: Eugregarines in Ischnura verticalis,2013,Journal of Parasitology,,https://www.scopus.com/inward/record.uri?partnerID=HzOxMe3b&scp=84878733506&origin=inward,https://www.scopus.com/inward/citedby.uri?partnerID=HzOxMe3b&scp=84878733506&origin=inward,,2026-04-12 18:55:44,Article,10.1645/GE-3137.1,00223395,https://api.elsevier.com/content/abstract/scopus_id/84878733506,99,3,,,,1.08,13.0,1,12,,,,84878733506,2-s2.0-84878733506
6,Wellenreuther M.,Male-biased recombination in odonates: Insights from a linkage map of the damselfly Ischnura elegans,2013,Journal of Genetics,,https://www.scopus.com/inward/record.uri?partnerID=HzOxMe3b&scp=84877692242&origin=inward,https://www.scopus.com/inward/citedby.uri?partnerID=HzOxMe3b&scp=84877692242&origin=inward,,2026-04-12 18:55:44,Article,10.1007/s12041-013-0219-1,00221333,https://api.elsevier.com/content/abstract/scopus_id/84877692242,92,1,,,,0.5,6.0,1,12,,,,84877692242,2-s2.0-84877692242
33,Johansson H.,"Large-scale patterns in genetic variation, gene flow and differentiation in five species of European Coenagrionid damselfly provide mixed support for the central-marginal hypothesis",2013,Ecography,,https://www.scopus.com/inward/record.uri?partnerID=HzOxMe3b&scp=84878158275&origin=inward,https://www.scopus.com/inward/citedby.uri?partnerID=HzOxMe3b&scp=84878158275&origin=inward,,2026-04-12 18:55:44,Article,10.1111/j.1600-0587.2012.00064.x,09067590,https://api.elsevier.com/content/abstract/scopus_id/84878158275,36,6,,,,2.75,33.0,1,12,,,,84878158275,2-s2.0-84878158275
5,Witt J.W.,Habitat heterogeneity and intraguild interactions modify distribution and injury rates in two coexisting genera of damselflies,2013,Freshwater Biology,,https://www.scopus.com/inward/record.uri?partnerID=HzOxMe3b&scp=84884955640&origin=inward,https://www.scopus.com/inward/citedby.uri?partnerID=HzOxMe3b&scp=84884955640&origin=inward,,2026-04-12 18:55:44,Article,10.1111/fwb.12217,00465070,https://api.elsevier.com/content/abstract/scopus_id/84884955640,58,11,,,,0.42,5.0,1,12,,,,84884955640,2-s2.0-84884955640
20,De Knijf G.,"Odonata from montenegro, with notes on taxonomy, regional diversity and conservation",2013,Odonatologica,,https://www.scopus.com/inward/record.uri?partnerID=HzOxMe3b&scp=84876129544&origin=inward,https://www.scopus.com/inward/citedby.uri?partnerID=HzOxMe3b&scp=84876129544&origin=inward,,2026-04-12 18:55:44,Review,,03750183,https://api.elsevier.com/content/abstract/scopus_id/84876129544,42,1,,,,1.67,20.0,1,12,,,,84876129544,2-s2.0-84876129544
4,Anjos-Santos D.,Peristicta guarellae sp. nov. from Brazil (Odonata: Protoneuridae),2013,International Journal of Odonatology,,https://www.scopus.com/inward/record.uri?partnerID=HzOxMe3b&scp=84891659125&origin=inward,https://www.scopus.com/inward/citedby.uri?partnerID=HzOxMe3b&scp=84891659125&origin=inward,,2026-04-12 18:55:44,Article,10.1080/13887890.2013.845066,13887890,https://api.elsevier.com/content/abstract/scopus_id/84891659125,16,4,,,,0.33,4.0,1,12,,,,84891659125,2-s2.0-84891659125
10,Wong-Muñoz J.,Body Size and Morph as Drivers of Copulation Duration in a Male Dimorphic Damselfly,2013,Ethology,,https://www.scopus.com/inward/record.uri?partnerID=HzOxMe3b&scp=84876143178&origin=inward,https://www.scopus.com/inward/citedby.uri?partnerID=HzOxMe3b&scp=84876143178&origin=inward,,2026-04-12 18:55:44,Article,10.1111/eth.12077,01791613,https://api.elsevier.com/content/abstract/scopus_id/84876143178,119,5,,,,0.83,10.0,1,12,,,,84876143178,2-s2.0-84876143178
3,Wang L.J.,"Description of Rhinocypha taiwana sp. nov. from Taiwan, with a preliminary molecular phylogenetic analysis of the Rhinocypha drusilla-group (Odonata: Chlorocyphidae)",2013,International Journal of Odonatology,,https://www.scopus.com/inward/record.uri?partnerID=HzOxMe3b&scp=84883299817&origin=inward,https://www.scopus.com/inward/citedby.uri?partnerID=HzOxMe3b&scp=84883299817&origin=inward,,2026-04-12 18:55:44,Article,10.1080/13887890.2012.763152,13887890,https://api.elsevier.com/content/abstract/scopus_id/84883299817,16,1,,,,0.25,3.0,1,12,,,,84883299817,2-s2.0-84883299817
32,Junior R.S.L.,Males of the dragonfly Diastatops obscura fight according to predictions from game theory models,2013,Animal Behaviour,,https://www.scopus.com/inward/record.uri?partnerID=HzOxMe3b&scp=84875260071&origin=inward,https://www.scopus.com/inward/citedby.uri?partnerID=HzOxMe3b&scp=84875260071&origin=inward,,2026-04-12 18:55:44,Article,10.1016/j.anbehav.2012.12.033,00033472,https://api.elsevier.com/content/abstract/scopus_id/84875260071,85,3,,,,2.67,32.0,1,12,,,,84875260071,2-s2.0-84875260071
72,Dinh Van K.,Susceptibility to a metal under global warming is shaped by thermal adaptation along a latitudinal gradient,2013,Global Change Biology,,https://www.scopus.com/inward/record.uri?partnerID=HzOxMe3b&scp=84881555836&origin=inward,https://www.scopus.com/inward/citedby.uri?partnerID=HzOxMe3b&scp=84881555836&origin=inward,,2026-04-12 18:55:44,Article,10.1111/gcb.12243,13541013,https://api.elsevier.com/content/abstract/scopus_id/84881555836,19,9,,,,6.0,72.0,1,12,,,,84881555836,2-s2.0-84881555836
17,Nilsson-Örtman V.,Latitudinal patterns of phenology and age-specific thermal performance across six Coenagrion damselfly species,2013,Ecological Monographs,,https://www.scopus.com/inward/record.uri?partnerID=HzOxMe3b&scp=84891362740&origin=inward,https://www.scopus.com/inward/citedby.uri?partnerID=HzOxMe3b&scp=84891362740&origin=inward,,2026-04-12 18:55:44,Article,10.1890/12-1383.1,00129615,https://api.elsevier.com/content/abstract/scopus_id/84891362740,83,4,,,,1.42,17.0,1,12,,,,84891362740,2-s2.0-84891362740
7,Jokanovic A.,Randomizing task placement does not randomize traffic (enough),2013,ACM International Conference Proceeding Series,,https://www.scopus.com/inward/record.uri?partnerID=HzOxMe3b&scp=84877945413&origin=inward,https://www.scopus.com/inward/citedby.uri?partnerID=HzOxMe3b&scp=84877945413&origin=inward,,2026-04-12 18:55:44,Conference Paper,10.1145/2482759.2482762,,https://api.elsevier.com/content/abstract/scopus_id/84877945413,,,,,,0.58,7.0,1,12,,,,84877945413,2-s2.0-84877945413
7,Dompreh K.,Comprehensive optical study of the dragonfly Aeshna cyanea transparent wing,2013,Optics Communications,,https://www.scopus.com/inward/record.uri?partnerID=HzOxMe3b&scp=84876132115&origin=inward,https://www.scopus.com/inward/citedby.uri?partnerID=HzOxMe3b&scp=84876132115&origin=inward,,2026-04-12 18:55:44,Article,10.1016/j.optcom.2013.01.012,00304018,https://api.elsevier.com/content/abstract/scopus_id/84876132115,297,,,,,0.58,7.0,1,12,,,,84876132115,2-s2.0-84876132115
14,Gołab M.,Where do floaters settle? An experimental approach in odonates,2013,Animal Behaviour,,https://www.scopus.com/inward/record.uri?partnerID=HzOxMe3b&scp=84886291358&origin=inward,https://www.scopus.com/inward/citedby.uri?partnerID=HzOxMe3b&scp=84886291358&origin=inward,,2026-04-12 18:55:44,Article,10.1016/j.anbehav.2013.09.013,00033472,https://api.elsevier.com/content/abstract/scopus_id/84886291358,86,5,,,,1.17,14.0,1,12,,,,84886291358,2-s2.0-84886291358
10,Khelifa R.,Description of the final instar exuvia of urothemis edwardsii with reference to its emergence site selection (Odonata: Libellulidae),2013,Entomologia Generalis,,https://www.scopus.com/inward/record.uri?partnerID=HzOxMe3b&scp=84893107376&origin=inward,https://www.scopus.com/inward/citedby.uri?partnerID=HzOxMe3b&scp=84893107376&origin=inward,,2026-04-12 18:55:44,Article,10.1127/entom.gen/34/2013/303,01718177,https://api.elsevier.com/content/abstract/scopus_id/84893107376,34,4,,,,0.83,10.0,1,12,,,,84893107376,2-s2.0-84893107376
3,Rodrigues M.E.,"First record of acari Arrenurus Dugès, 1834 as a parasite of Odonata species in Brazil",2013,Biota Neotropica,,https://www.scopus.com/inward/record.uri?partnerID=HzOxMe3b&scp=84896382740&origin=inward,https://www.scopus.com/inward/citedby.uri?partnerID=HzOxMe3b&scp=84896382740&origin=inward,,2026-04-12 18:55:44,Article,10.1590/S1676-06032013000400029,16786424,https://api.elsevier.com/content/abstract/scopus_id/84896382740,13,4,,,,0.25,3.0,1,12,,,,84896382740,2-s2.0-84896382740
88,Wiederman S.,Selective attention in an insect visual neuron,2013,Current Biology,,https://www.scopus.com/inward/record.uri?partnerID=HzOxMe3b&scp=84872688019&origin=inward,https://www.scopus.com/inward/citedby.uri?partnerID=HzOxMe3b&scp=84872688019&origin=inward,,2026-04-12 18:55:44,Article,10.1016/j.cub.2012.11.048,09609822,https://api.elsevier.com/content/abstract/scopus_id/84872688019,23,2,,,,7.33,88.0,1,12,,,,84872688019,2-s2.0-84872688019
6,Lozano F.,Description of three females of the genus Acanthagrion (Odonata: Coenagrionidae) with a key to the females of Argentina,2013,Zootaxa,,https://www.scopus.com/inward/record.uri?partnerID=HzOxMe3b&scp=84878872191&origin=inward,https://www.scopus.com/inward/citedby.uri?partnerID=HzOxMe3b&scp=84878872191&origin=inward,,2026-04-12 18:55:44,Article,10.11646/zootaxa.3646.1.2,11755326,https://api.elsevier.com/content/abstract/scopus_id/84878872191,3646,1,,,,0.5,6.0,1,12,,,,84878872191,2-s2.0-84878872191
18,Pires M.M.,Diversity of Odonata (Insecta) larvae in streams and farm ponds of a montane region in southern Brazil,2013,Biota Neotropica,,https://www.scopus.com/inward/record.uri?partnerID=HzOxMe3b&scp=84888401295&origin=inward,https://www.scopus.com/inward/citedby.uri?partnerID=HzOxMe3b&scp=84888401295&origin=inward,,2026-04-12 18:55:44,Article,10.1590/S1676-06032013000300028,16786424,https://api.elsevier.com/content/abstract/scopus_id/84888401295,13,3,,,,1.5,18.0,1,12,,,,84888401295,2-s2.0-84888401295
1,Orr A.G.,"A description of the larva of Heliaeschna idae Brauer from Borneo, with a supplementary note on the larva of H. univervulata Martin (Odonata: Aeshnidae)",2013,International Journal of Odonatology,,https://www.scopus.com/inward/record.uri?partnerID=HzOxMe3b&scp=84892375472&origin=inward,https://www.scopus.com/inward/citedby.uri?partnerID=HzOxMe3b&scp=84892375472&origin=inward,,2026-04-12 18:55:44,Article,10.1080/13887890.2013.813827,13887890,https://api.elsevier.com/content/abstract/scopus_id/84892375472,16,3,,,,0.08,1.0,1,12,,,,84892375472,2-s2.0-84892375472
7,Farkas A.,Sex ratio in Gomphidae (Odonata) at emergence: is there a relationship with water temperature?,2013,International Journal of Odonatology,,https://www.scopus.com/inward/record.uri?partnerID=HzOxMe3b&scp=84891661097&origin=inward,https://www.scopus.com/inward/citedby.uri?partnerID=HzOxMe3b&scp=84891661097&origin=inward,,2026-04-12 18:55:44,Article,10.1080/13887890.2013.825937,13887890,https://api.elsevier.com/content/abstract/scopus_id/84891661097,16,4,,,,0.58,7.0,1,12,,,,84891661097,2-s2.0-84891661097
11,Mobley K.B.,No evidence that stickleback spines directly increase risk of predation by an invertebrate predator,2013,Evolutionary Ecology Research,,https://www.scopus.com/inward/record.uri?partnerID=HzOxMe3b&scp=84879622160&origin=inward,https://www.scopus.com/inward/citedby.uri?partnerID=HzOxMe3b&scp=84879622160&origin=inward,,2026-04-12 18:55:44,Article,,15220613,https://api.elsevier.com/content/abstract/scopus_id/84879622160,15,2,,,,0.92,11.0,1,12,,,,84879622160,2-s2.0-84879622160
14,Greene S.L.,Benzofurans and Benzodifurans,2013,Novel Psychoactive Substances Classification Pharmacology and Toxicology,,https://www.scopus.com/inward/record.uri?partnerID=HzOxMe3b&scp=84903804184&origin=inward,https://www.scopus.com/inward/citedby.uri?partnerID=HzOxMe3b&scp=84903804184&origin=inward,,2026-04-12 18:55:44,Book Chapter,10.1016/B978-0-12-415816-0.00016-X,,https://api.elsevier.com/content/abstract/scopus_id/84903804184,,,,,,1.17,14.0,1,12,,,,84903804184,2-s2.0-84903804184
10,Harris S.,Predator faunas past and present: Quantifying the influence of waterborne cues in divergent ecotypes of the isopod Asellus aquaticus,2013,Oecologia,,https://www.scopus.com/inward/record.uri?partnerID=HzOxMe3b&scp=84885908766&origin=inward,https://www.scopus.com/inward/citedby.uri?partnerID=HzOxMe3b&scp=84885908766&origin=inward,,2026-04-12 18:55:44,Article,10.1007/s00442-013-2667-y,00298549,https://api.elsevier.com/content/abstract/scopus_id/84885908766,173,3,,,,0.83,10.0,1,12,,,,84885908766,2-s2.0-84885908766
20,Sánchez-Guillén R.A.,Maintenance of polymorphic females: Do parasites play a role?,2013,Oecologia,,https://www.scopus.com/inward/record.uri?partnerID=HzOxMe3b&scp=84872145072&origin=inward,https://www.scopus.com/inward/citedby.uri?partnerID=HzOxMe3b&scp=84872145072&origin=inward,,2026-04-12 18:55:44,Article,10.1007/s00442-012-2388-7,00298549,https://api.elsevier.com/content/abstract/scopus_id/84872145072,171,1,,,,1.67,20.0,1,12,,,,84872145072,2-s2.0-84872145072
32,Costa Z.,Prey subsidy or predator cue? Direct and indirect effects of caged predators on aquatic consumers and resources,2013,Oecologia,,https://www.scopus.com/inward/record.uri?partnerID=HzOxMe3b&scp=84888344211&origin=inward,https://www.scopus.com/inward/citedby.uri?partnerID=HzOxMe3b&scp=84888344211&origin=inward,,2026-04-12 18:55:44,Article,10.1007/s00442-013-2702-z,00298549,https://api.elsevier.com/content/abstract/scopus_id/84888344211,173,4,,,,2.67,32.0,1,12,,,,84888344211,2-s2.0-84888344211
89,Janssens L.,Predation risk causes oxidative damage in prey,2013,Biology Letters,,https://www.scopus.com/inward/record.uri?partnerID=HzOxMe3b&scp=84880784961&origin=inward,https://www.scopus.com/inward/citedby.uri?partnerID=HzOxMe3b&scp=84880784961&origin=inward,,2026-04-12 18:55:44,Article,10.1098/rsbl.2013.0350,17449561,https://api.elsevier.com/content/abstract/scopus_id/84880784961,9,4,,,,7.42,89.0,1,12,,,,84880784961,2-s2.0-84880784961
24,Guan Z.,Pyrrhosoma and its relatives: A phylogenetic study (Odonata: Zygoptera),2013,International Journal of Odonatology,,https://www.scopus.com/inward/record.uri?partnerID=HzOxMe3b&scp=84892435901&origin=inward,https://www.scopus.com/inward/citedby.uri?partnerID=HzOxMe3b&scp=84892435901&origin=inward,,2026-04-12 18:55:44,Article,10.1080/13887890.2013.821358,13887890,https://api.elsevier.com/content/abstract/scopus_id/84892435901,16,3,,,,2.0,24.0,1,12,,,,84892435901,2-s2.0-84892435901
12,Mikolajewski D.J.,Sexual size dimorphism and the integration of phenotypically plastic traits,2013,Ecological Entomology,,https://www.scopus.com/inward/record.uri?partnerID=HzOxMe3b&scp=84880298821&origin=inward,https://www.scopus.com/inward/citedby.uri?partnerID=HzOxMe3b&scp=84880298821&origin=inward,,2026-04-12 18:55:44,Article,10.1111/een.12034,03076946,https://api.elsevier.com/content/abstract/scopus_id/84880298821,38,4,,,,1.0,12.0,1,12,,,,84880298821,2-s2.0-84880298821
8,Newbrey J.L.,A comparison of natural and restored wetlands as breeding bird habitat using a novel yolk carotenoid approach,2013,Wetlands,,https://www.scopus.com/inward/record.uri?partnerID=HzOxMe3b&scp=84877736867&origin=inward,https://www.scopus.com/inward/citedby.uri?partnerID=HzOxMe3b&scp=84877736867&origin=inward,,2026-04-12 18:55:44,Article,10.1007/s13157-013-0404-2,02775212,https://api.elsevier.com/content/abstract/scopus_id/84877736867,33,3,,,,0.67,8.0,1,12,,,,84877736867,2-s2.0-84877736867
26,Johnston P.R.,Immune- and wound-dependent differential gene expression in an ancient insect,2013,Developmental and Comparative Immunology,,https://www.scopus.com/inward/record.uri?partnerID=HzOxMe3b&scp=84878494094&origin=inward,https://www.scopus.com/inward/citedby.uri?partnerID=HzOxMe3b&scp=84878494094&origin=inward,,2026-04-12 18:55:44,Article,10.1016/j.dci.2013.01.012,0145305X,https://api.elsevier.com/content/abstract/scopus_id/84878494094,40,3-4,,,,2.17,26.0,1,12,,,,84878494094,2-s2.0-84878494094
20,Herbst D.B.,"Defining salinity limits on the survival and growth of benthic insects for the conservation management of saline Walker Lake, Nevada, USA",2013,Journal of Insect Conservation,,https://www.scopus.com/inward/record.uri?partnerID=HzOxMe3b&scp=84884535125&origin=inward,https://www.scopus.com/inward/citedby.uri?partnerID=HzOxMe3b&scp=84884535125&origin=inward,,2026-04-12 18:55:44,Article,10.1007/s10841-013-9568-6,1366638X,https://api.elsevier.com/content/abstract/scopus_id/84884535125,17,5,,,,1.67,20.0,1,12,,,,84884535125,2-s2.0-84884535125
24,Kaunisto K.M.,Parasite burden and the insect immune response: Interpopulation comparison,2013,Parasitology,,https://www.scopus.com/inward/record.uri?partnerID=HzOxMe3b&scp=84872034972&origin=inward,https://www.scopus.com/inward/citedby.uri?partnerID=HzOxMe3b&scp=84872034972&origin=inward,,2026-04-12 18:55:44,Article,10.1017/S0031182012001369,00311820,https://api.elsevier.com/content/abstract/scopus_id/84872034972,140,1,,,,2.0,24.0,1,12,,,,84872034972,2-s2.0-84872034972
125,de Carvalho F.G.,Effects of marginal vegetation removal on Odonata communities,2013,Acta Limnologica Brasiliensia,,https://www.scopus.com/inward/record.uri?partnerID=HzOxMe3b&scp=84883788289&origin=inward,https://www.scopus.com/inward/citedby.uri?partnerID=HzOxMe3b&scp=84883788289&origin=inward,,2026-04-12 18:55:44,Article,10.1590/s2179-975x2013005000013,01026712,https://api.elsevier.com/content/abstract/scopus_id/84883788289,25,1,,,,10.42,125.0,1,12,,,,84883788289,2-s2.0-84883788289
72,Nunes A.L.,Do anuran larvae respond behaviourally to chemical cues from an invasive crayfish predator? A community-wide study,2013,Oecologia,,https://www.scopus.com/inward/record.uri?partnerID=HzOxMe3b&scp=84872126907&origin=inward,https://www.scopus.com/inward/citedby.uri?partnerID=HzOxMe3b&scp=84872126907&origin=inward,,2026-04-12 18:55:44,Article,10.1007/s00442-012-2389-6,00298549,https://api.elsevier.com/content/abstract/scopus_id/84872126907,171,1,,,,6.0,72.0,1,12,,,,84872126907,2-s2.0-84872126907
14,Yee D.A.,Variation in prey-specific consumption rates and patterns of field co-occurrence for two larval predaceous diving beetles,2013,Hydrobiologia,,https://www.scopus.com/inward/record.uri?partnerID=HzOxMe3b&scp=84884535338&origin=inward,https://www.scopus.com/inward/citedby.uri?partnerID=HzOxMe3b&scp=84884535338&origin=inward,,2026-04-12 18:55:44,Article,10.1007/s10750-013-1595-5,00188158,https://api.elsevier.com/content/abstract/scopus_id/84884535338,718,1,,,,1.17,14.0,1,12,,,,84884535338,2-s2.0-84884535338
2,Marinov M.,"Teinobasis fatakula sp. nov. (Zygoptera: Coenagrionidae), found on 'Eua Island, Kingdom of Tonga",2013,Zootaxa,,https://www.scopus.com/inward/record.uri?partnerID=HzOxMe3b&scp=84878592912&origin=inward,https://www.scopus.com/inward/citedby.uri?partnerID=HzOxMe3b&scp=84878592912&origin=inward,,2026-04-12 18:55:44,Article,10.11646/zootaxa.3609.6.4,11755326,https://api.elsevier.com/content/abstract/scopus_id/84878592912,3609,6,,,,0.17,2.0,1,12,,,,84878592912,2-s2.0-84878592912
861,Ivanova E.P.,Bactericidal activity of black silicon,2013,Nature Communications,,https://www.scopus.com/inward/record.uri?partnerID=HzOxMe3b&scp=84889247332&origin=inward,https://www.scopus.com/inward/citedby.uri?partnerID=HzOxMe3b&scp=84889247332&origin=inward,,2026-04-12 18:55:44,Article,10.1038/ncomms3838,,https://api.elsevier.com/content/abstract/scopus_id/84889247332,4,,,,,71.75,861.0,1,12,,,,84889247332,2-s2.0-84889247332
13,Prisacari B.,Generalized hierarchical all-to-all exchange patterns,2013,Proceedings IEEE 27th International Parallel and Distributed Processing Symposium IPDPS 2013,,https://www.scopus.com/inward/record.uri?partnerID=HzOxMe3b&scp=84884856054&origin=inward,https://www.scopus.com/inward/citedby.uri?partnerID=HzOxMe3b&scp=84884856054&origin=inward,,2026-04-12 18:55:44,Conference Paper,10.1109/IPDPS.2013.87,,https://api.elsevier.com/content/abstract/scopus_id/84884856054,,,,,,1.08,13.0,1,12,,,,84884856054,2-s2.0-84884856054
1,Panov E.N.,"Behavior of males in reproductive aggregation of the banded demoiselle (Calopteryx Splendens, Insecta, Odonata)",2013,Zoologicheskii Zhurnal,,https://www.scopus.com/inward/record.uri?partnerID=HzOxMe3b&scp=84904193535&origin=inward,https://www.scopus.com/inward/citedby.uri?partnerID=HzOxMe3b&scp=84904193535&origin=inward,,2026-04-12 18:55:44,Article,10.7868/S0044513413010091,00445134,https://api.elsevier.com/content/abstract/scopus_id/84904193535,92,1,,,,0.08,1.0,1,12,,,,84904193535,2-s2.0-84904193535
43,Blanke A.,An updated phylogeny of Anisoptera including formal convergence analysis of morphological characters,2013,Systematic Entomology,,https://www.scopus.com/inward/record.uri?partnerID=HzOxMe3b&scp=84879410853&origin=inward,https://www.scopus.com/inward/citedby.uri?partnerID=HzOxMe3b&scp=84879410853&origin=inward,,2026-04-12 18:55:44,Article,10.1111/syen.12012,03076970,https://api.elsevier.com/content/abstract/scopus_id/84879410853,38,3,,,,3.58,43.0,1,12,,,,84879410853,2-s2.0-84879410853
9,Fuisz T.I.,"Photographic survey of the prey-choice of european bee-eaters (Merops apiaster Linnaeus, 1758) in Hungary at three colonies",2013,Ornis Hungarica,,https://www.scopus.com/inward/record.uri?partnerID=HzOxMe3b&scp=84991911621&origin=inward,https://www.scopus.com/inward/citedby.uri?partnerID=HzOxMe3b&scp=84991911621&origin=inward,,2026-04-12 18:55:44,Article,10.2478/orhu-2014-0004,12151610,https://api.elsevier.com/content/abstract/scopus_id/84991911621,21,2,,,,0.75,9.0,1,12,,,,84991911621,2-s2.0-84991911621
3,Orr A.,Predation on butterflies and other insects by breeding Rainbowbirds (Merops ornatus: Meropidae) in south-east Queensland,2013,Australian Entomologist,,https://www.scopus.com/inward/record.uri?partnerID=HzOxMe3b&scp=84884225149&origin=inward,https://www.scopus.com/inward/citedby.uri?partnerID=HzOxMe3b&scp=84884225149&origin=inward,,2026-04-12 18:55:44,Article,,13206133,https://api.elsevier.com/content/abstract/scopus_id/84884225149,40,PART3,,,,0.25,3.0,1,12,,,,84884225149,2-s2.0-84884225149
42,Davenport J.M.,Nonconsumptive effects in a multiple predator system reduce the foraging efficiency of a keystone predator,2013,Ecology and Evolution,,https://www.scopus.com/inward/record.uri?partnerID=HzOxMe3b&scp=84886993640&origin=inward,https://www.scopus.com/inward/citedby.uri?partnerID=HzOxMe3b&scp=84886993640&origin=inward,,2026-04-12 18:55:44,Article,10.1002/ece3.691,,https://api.elsevier.com/content/abstract/scopus_id/84886993640,3,9,,,,3.5,42.0,1,12,,,,84886993640,2-s2.0-84886993640
5,Naidu V.,Effect of wing flexibility on phasing of tandem wings during hover flight,2013,31st AIAA Applied Aerodynamics Conference,,https://www.scopus.com/inward/record.uri?partnerID=HzOxMe3b&scp=85067322239&origin=inward,https://www.scopus.com/inward/citedby.uri?partnerID=HzOxMe3b&scp=85067322239&origin=inward,,2026-04-12 18:55:44,Conference Paper,10.2514/6.2013-3051,,https://api.elsevier.com/content/abstract/scopus_id/85067322239,,,,,,0.42,5.0,1,12,,,,85067322239,2-s2.0-85067322239
50,Stavenga D.,Quantifying the refractive index dispersion of a pigmented biological tissue using Jamin-Lebedeff interference microscopy,2013,Light Science and Applications,,https://www.scopus.com/inward/record.uri?partnerID=HzOxMe3b&scp=84889077650&origin=inward,https://www.scopus.com/inward/citedby.uri?partnerID=HzOxMe3b&scp=84889077650&origin=inward,,2026-04-12 18:55:44,Article,10.1038/lsa.2013.56,,https://api.elsevier.com/content/abstract/scopus_id/84889077650,2,SEPTEMBER,,,,4.17,50.0,1,12,,,,84889077650,2-s2.0-84889077650
4,Takahara T.,Different chemical cues originating from a shared predator induce common defense responses in two prey species,2013,Animal Cognition,,https://www.scopus.com/inward/record.uri?partnerID=HzOxMe3b&scp=84871932731&origin=inward,https://www.scopus.com/inward/citedby.uri?partnerID=HzOxMe3b&scp=84871932731&origin=inward,,2026-04-12 18:55:44,Article,10.1007/s10071-012-0565-z,14359448,https://api.elsevier.com/content/abstract/scopus_id/84871932731,16,1,,,,0.33,4.0,1,12,,,,84871932731,2-s2.0-84871932731
10,Schulte L.,Avoiding predation: The importance of chemical and visual cues in poison frog reproductive behaviour,2013,Chemical Signals in Vertebrates 12,,https://www.scopus.com/inward/record.uri?partnerID=HzOxMe3b&scp=84909944114&origin=inward,https://www.scopus.com/inward/citedby.uri?partnerID=HzOxMe3b&scp=84909944114&origin=inward,,2026-04-12 18:55:44,Book Chapter,10.1007/9781461459279,,https://api.elsevier.com/content/abstract/scopus_id/84909944114,,,,,,0.83,10.0,1,12,,,,84909944114,2-s2.0-84909944114
0,Shoemaker P.,Can a competitive neural network explain selective attention in insect target tracking neurons?,2013,International IEEE EMBS Conference on Neural Engineering Ner,,https://www.scopus.com/inward/record.uri?partnerID=HzOxMe3b&scp=84897733735&origin=inward,https://www.scopus.com/inward/citedby.uri?partnerID=HzOxMe3b&scp=84897733735&origin=inward,,2026-04-12 18:55:44,Conference Paper,10.1109/NER.2013.6696081,19483546,https://api.elsevier.com/content/abstract/scopus_id/84897733735,,,,,,0.0,0.0,1,12,,,,84897733735,2-s2.0-84897733735
4,Lim P.E.,Distinct genetic clades of Malaysian Copera damselflies and the phylogeny of platycnemine subfamilies,2013,Scientific Reports,,https://www.scopus.com/inward/record.uri?partnerID=HzOxMe3b&scp=84889566502&origin=inward,https://www.scopus.com/inward/citedby.uri?partnerID=HzOxMe3b&scp=84889566502&origin=inward,,2026-04-12 18:55:44,Article,10.1038/srep02977,,https://api.elsevier.com/content/abstract/scopus_id/84889566502,3,,,,,0.33,4.0,1,12,,,,84889566502,2-s2.0-84889566502
40,Essl F.,"Native, alien, endemic, threatened, and extinct species diversity in European countries",2013,Biological Conservation,,https://www.scopus.com/inward/record.uri?partnerID=HzOxMe3b&scp=84878924228&origin=inward,https://www.scopus.com/inward/citedby.uri?partnerID=HzOxMe3b&scp=84878924228&origin=inward,,2026-04-12 18:55:44,Article,10.1016/j.biocon.2013.04.005,00063207,https://api.elsevier.com/content/abstract/scopus_id/84878924228,164,,,,,3.33,40.0,1,12,,,,84878924228,2-s2.0-84878924228
10,Kulijer D.,Review of the Odonata of Bosnia and Herzegovina,2013,Odonatologica,,https://www.scopus.com/inward/record.uri?partnerID=HzOxMe3b&scp=84879974926&origin=inward,https://www.scopus.com/inward/citedby.uri?partnerID=HzOxMe3b&scp=84879974926&origin=inward,,2026-04-12 18:55:44,Review,,03750183,https://api.elsevier.com/content/abstract/scopus_id/84879974926,42,2,,,,0.83,10.0,1,12,,,,84879974926,2-s2.0-84879974926
6,Wezel A.,"Using biodiversity to valorise local food products: The case of fish ponds in a cultural landscape, their biodiversity, and carp production",2013,Aquaculture International,,https://www.scopus.com/inward/record.uri?partnerID=HzOxMe3b&scp=84886746667&origin=inward,https://www.scopus.com/inward/citedby.uri?partnerID=HzOxMe3b&scp=84886746667&origin=inward,,2026-04-12 18:55:44,Article,10.1007/s10499-013-9641-x,09676120,https://api.elsevier.com/content/abstract/scopus_id/84886746667,21,6,,,,0.5,6.0,1,12,,,,84886746667,2-s2.0-84886746667
0,Plotnikova S.,Olfaction in dragonfly Aeschna grandis,2013,Journal of Evolutionary Biochemistry and Physiology,,https://www.scopus.com/inward/record.uri?partnerID=HzOxMe3b&scp=84878813513&origin=inward,https://www.scopus.com/inward/citedby.uri?partnerID=HzOxMe3b&scp=84878813513&origin=inward,,2026-04-12 18:55:44,Article,10.1134/S0022093013020163,00220930,https://api.elsevier.com/content/abstract/scopus_id/84878813513,49,2,,,,0.0,0.0,1,12,,,,84878813513,2-s2.0-84878813513
8,Fleck G.,"The larva of the genus Palaeosynthemis förster, 1903 (Odonata: Anisoptera: Synthemistidae) and a generic key to the larvae of non-New Caledonian synthemistidae",2013,Zootaxa,,https://www.scopus.com/inward/record.uri?partnerID=HzOxMe3b&scp=84878706034&origin=inward,https://www.scopus.com/inward/citedby.uri?partnerID=HzOxMe3b&scp=84878706034&origin=inward,,2026-04-12 18:55:44,Article,10.11646/zootaxa.3619.5.8,11755326,https://api.elsevier.com/content/abstract/scopus_id/84878706034,3619,5,,,,0.67,8.0,1,12,,,,84878706034,2-s2.0-84878706034
24,Takahashi Y.,A comprehensive test for negative frequency-dependent selection,2013,Population Ecology,,https://www.scopus.com/inward/record.uri?partnerID=HzOxMe3b&scp=84879205219&origin=inward,https://www.scopus.com/inward/citedby.uri?partnerID=HzOxMe3b&scp=84879205219&origin=inward,,2026-04-12 18:55:44,Article,10.1007/s10144-013-0372-7,14383896,https://api.elsevier.com/content/abstract/scopus_id/84879205219,55,3,,,,2.0,24.0,1,12,,,,84879205219,2-s2.0-84879205219
7,Lee M.,Remarkable natural material surfaces and their engineering potential,2013,Remarkable Natural Material Surfaces and their Engineering Potential,,https://www.scopus.com/inward/record.uri?partnerID=HzOxMe3b&scp=84930348906&origin=inward,https://www.scopus.com/inward/citedby.uri?partnerID=HzOxMe3b&scp=84930348906&origin=inward,,2026-04-12 18:55:44,Book,10.1007/978-3-319-03125-5,,https://api.elsevier.com/content/abstract/scopus_id/84930348906,9783319031255,,,,,0.58,7.0,1,12,,,,84930348906,2-s2.0-84930348906
3,Panov E.N.,"Behavior of males in a reproductive aggregation of the banded demoiselle Calopteryx splendens (Insecta, Odonata)",2013,Entomological Review,,https://www.scopus.com/inward/record.uri?partnerID=HzOxMe3b&scp=84887265030&origin=inward,https://www.scopus.com/inward/citedby.uri?partnerID=HzOxMe3b&scp=84887265030&origin=inward,,2026-04-12 18:55:44,Article,10.1134/S0013873813070014,00138738,https://api.elsevier.com/content/abstract/scopus_id/84887265030,93,7,,,,0.25,3.0,1,12,,,,84887265030,2-s2.0-84887265030
1,Tatarkiewicz D.,"Analysis of the emergence of the scarce chaser libellula fulva O.F. Müller, 1764 (Odonata: Libellulidae)",2013,Aquatic Insects,,https://www.scopus.com/inward/record.uri?partnerID=HzOxMe3b&scp=84883596425&origin=inward,https://www.scopus.com/inward/citedby.uri?partnerID=HzOxMe3b&scp=84883596425&origin=inward,,2026-04-12 18:55:44,Article,10.1080/01650424.2013.800556,01650424,https://api.elsevier.com/content/abstract/scopus_id/84883596425,34,3-4,,,,0.08,1.0,1,12,,,,84883596425,2-s2.0-84883596425
2,Zhang H.,"Cephalaeschna xixiangensis spec. nov., a new dragonfly from Shaanxi, China, with a key to the adults of the chinese members of the genus (anisoptera: Aeshnidae)",2013,Odonatologica,,https://www.scopus.com/inward/record.uri?partnerID=HzOxMe3b&scp=84876146525&origin=inward,https://www.scopus.com/inward/citedby.uri?partnerID=HzOxMe3b&scp=84876146525&origin=inward,,2026-04-12 18:55:44,Article,,03750183,https://api.elsevier.com/content/abstract/scopus_id/84876146525,42,1,,,,0.17,2.0,1,12,,,,84876146525,2-s2.0-84876146525
1,Theischinger G.,"Palaeosynthemis elegans spec. nov.,a new dragonfly from papua new guinea (anisoptera: Synthemistidae)",2013,Odonatologica,,https://www.scopus.com/inward/record.uri?partnerID=HzOxMe3b&scp=84876101882&origin=inward,https://www.scopus.com/inward/citedby.uri?partnerID=HzOxMe3b&scp=84876101882&origin=inward,,2026-04-12 18:55:44,Article,,03750183,https://api.elsevier.com/content/abstract/scopus_id/84876101882,42,1,,,,0.08,1.0,1,12,,,,84876101882,2-s2.0-84876101882
96,Møller A.P.,Differences in effects of radiation on abundance of animals in Fukushima and Chernobyl,2013,Ecological Indicators,,https://www.scopus.com/inward/record.uri?partnerID=HzOxMe3b&scp=84863103144&origin=inward,https://www.scopus.com/inward/citedby.uri?partnerID=HzOxMe3b&scp=84863103144&origin=inward,,2026-04-12 18:55:44,Article,10.1016/j.ecolind.2012.06.001,1470160X,https://api.elsevier.com/content/abstract/scopus_id/84863103144,24,,,,,8.0,96.0,1,12,,,,84863103144,2-s2.0-84863103144
40,Yang J.,A distance-field based automatic neuron tracing method,2013,BMC Bioinformatics,,https://www.scopus.com/inward/record.uri?partnerID=HzOxMe3b&scp=84874805074&origin=inward,https://www.scopus.com/inward/citedby.uri?partnerID=HzOxMe3b&scp=84874805074&origin=inward,,2026-04-12 18:55:44,Article,10.1186/1471-2105-14-93,,https://api.elsevier.com/content/abstract/scopus_id/84874805074,14,,,,,3.33,40.0,1,12,,,,84874805074,2-s2.0-84874805074
0,Perrin V.,Dragonflies,2013,British Wildlife,,https://www.scopus.com/inward/record.uri?partnerID=HzOxMe3b&scp=84883180865&origin=inward,https://www.scopus.com/inward/citedby.uri?partnerID=HzOxMe3b&scp=84883180865&origin=inward,,2026-04-12 18:55:44,Article,,09580956,https://api.elsevier.com/content/abstract/scopus_id/84883180865,24,6,,,,0.0,0.0,1,12,,,,84883180865,2-s2.0-84883180865
7,Vargas Salgado L.,"Larval taxonomy of Macrothemis Hagen, 1868 (Odonata: Libellulidae), with descriptions of four larvae and a key to the fourteen known species",2013,Zootaxa,,https://www.scopus.com/inward/record.uri?partnerID=HzOxMe3b&scp=84878477744&origin=inward,https://www.scopus.com/inward/citedby.uri?partnerID=HzOxMe3b&scp=84878477744&origin=inward,,2026-04-12 18:55:44,Article,10.11646/zootaxa.3599.3.2,11755326,https://api.elsevier.com/content/abstract/scopus_id/84878477744,3599,3,,,,0.58,7.0,1,12,,,,84878477744,2-s2.0-84878477744
5,Zhang H.,"Descriptions of the final instar larvae of seven Chinese chlorogomphidae species, with taxonomic notes on adults (Odonata: Anisoptera)",2013,Zootaxa,,https://www.scopus.com/inward/record.uri?partnerID=HzOxMe3b&scp=84878709391&origin=inward,https://www.scopus.com/inward/citedby.uri?partnerID=HzOxMe3b&scp=84878709391&origin=inward,,2026-04-12 18:55:44,Article,10.11646/zootaxa.3620.2.2,11755326,https://api.elsevier.com/content/abstract/scopus_id/84878709391,3620,2,,,,0.42,5.0,1,12,,,,84878709391,2-s2.0-84878709391
2,Yu X.,"Calicnemia soccifera sp. nov. from Yunnan, China (Zygoptera: Platycnemididae)",2013,International Journal of Odonatology,,https://www.scopus.com/inward/record.uri?partnerID=HzOxMe3b&scp=84883279662&origin=inward,https://www.scopus.com/inward/citedby.uri?partnerID=HzOxMe3b&scp=84883279662&origin=inward,,2026-04-12 18:55:44,Article,10.1080/13887890.2013.796275,13887890,https://api.elsevier.com/content/abstract/scopus_id/84883279662,16,2,,,,0.17,2.0,1,12,,,,84883279662,2-s2.0-84883279662
24,Barry M.J.,Metabolic responses of tadpoles to chemical predation cues,2013,Hydrobiologia,,https://www.scopus.com/inward/record.uri?partnerID=HzOxMe3b&scp=84870676182&origin=inward,https://www.scopus.com/inward/citedby.uri?partnerID=HzOxMe3b&scp=84870676182&origin=inward,,2026-04-12 18:55:44,Article,10.1007/s10750-012-1236-4,00188158,https://api.elsevier.com/content/abstract/scopus_id/84870676182,700,1,,,,2.0,24.0,1,12,,,,84870676182,2-s2.0-84870676182
3,Frye M.A.,Visual attention: A cell that focuses on one object at a time,2013,Current Biology,,https://www.scopus.com/inward/record.uri?partnerID=HzOxMe3b&scp=84872703160&origin=inward,https://www.scopus.com/inward/citedby.uri?partnerID=HzOxMe3b&scp=84872703160&origin=inward,,2026-04-12 18:55:44,Short Survey,10.1016/j.cub.2012.12.004,09609822,https://api.elsevier.com/content/abstract/scopus_id/84872703160,23,2,,,,0.25,3.0,1,12,,,,84872703160,2-s2.0-84872703160
30,Hanlon S.M.,Sublethal effects of pesticides on predator-prey interactions in amphibians,2013,Copeia,,https://www.scopus.com/inward/record.uri?partnerID=HzOxMe3b&scp=84887823578&origin=inward,https://www.scopus.com/inward/citedby.uri?partnerID=HzOxMe3b&scp=84887823578&origin=inward,,2026-04-12 18:55:44,Article,10.1643/CE-13-019,00458511,https://api.elsevier.com/content/abstract/scopus_id/84887823578,,4,,,,2.5,30.0,1,12,,,,84887823578,2-s2.0-84887823578
8,Smolinský R.,Does developmental acclimatization reduce the susceptibility to predation in newt larvae?,2013,Biological Journal of the Linnean Society,,https://www.scopus.com/inward/record.uri?partnerID=HzOxMe3b&scp=84871277428&origin=inward,https://www.scopus.com/inward/citedby.uri?partnerID=HzOxMe3b&scp=84871277428&origin=inward,,2026-04-12 18:55:44,Article,10.1111/j.1095-8312.2012.02004.x,00244066,https://api.elsevier.com/content/abstract/scopus_id/84871277428,108,1,,,,0.67,8.0,1,12,,,,84871277428,2-s2.0-84871277428
0,,Correction for Sánchez-Guillén et al. (2012) to Strong asymmetry in the relative strengths of prezygotic and postzygotic barriers between two damselfly sister species [Evolution 66 (2012) 690-707] doi: 10.1111/j.1558-5646.2011.01469.x,2013,Evolution,,https://www.scopus.com/inward/record.uri?partnerID=HzOxMe3b&scp=84890624427&origin=inward,https://www.scopus.com/inward/citedby.uri?partnerID=HzOxMe3b&scp=84890624427&origin=inward,,2026-04-12 18:55:44,Erratum,10.1111/evo.12098,00143820,https://api.elsevier.com/content/abstract/scopus_id/84890624427,67,5,,,,0.0,0.0,0,12,,,,84890624427,2-s2.0-84890624427
13,Petrulevicius J.F.,"A new Frenguelliidae (Insecta: Odonata) from the early Eocene of Laguna del Hunco, Patagonia, Argentina",2013,Zootaxa,,https://www.scopus.com/inward/record.uri?partnerID=HzOxMe3b&scp=84878706746&origin=inward,https://www.scopus.com/inward/citedby.uri?partnerID=HzOxMe3b&scp=84878706746&origin=inward,,2026-04-12 18:55:44,Article,10.11646/zootaxa.3616.6.6,11755326,https://api.elsevier.com/content/abstract/scopus_id/84878706746,3616,6,,,,1.08,13.0,1,12,,,,84878706746,2-s2.0-84878706746
3,Bedjanič M.,"Paragomphus campestris spec. nov., a new endemic dragonfly from Sri Lanka (anisoptera: Gomphidae)",2013,Odonatologica,,https://www.scopus.com/inward/record.uri?partnerID=HzOxMe3b&scp=84876132422&origin=inward,https://www.scopus.com/inward/citedby.uri?partnerID=HzOxMe3b&scp=84876132422&origin=inward,,2026-04-12 18:55:44,Article,,03750183,https://api.elsevier.com/content/abstract/scopus_id/84876132422,42,1,,,,0.25,3.0,1,12,,,,84876132422,2-s2.0-84876132422
22,Trekels H.,Predator cues magnify effects of the pesticide endosulfan in water bugs in a multi-species test in outdoor containers,2013,Aquatic Toxicology,,https://www.scopus.com/inward/record.uri?partnerID=HzOxMe3b&scp=84879433227&origin=inward,https://www.scopus.com/inward/citedby.uri?partnerID=HzOxMe3b&scp=84879433227&origin=inward,,2026-04-12 18:55:44,Article,10.1016/j.aquatox.2013.04.008,0166445X,https://api.elsevier.com/content/abstract/scopus_id/84879433227,138-139,,,,,1.83,22.0,1,12,,,,84879433227,2-s2.0-84879433227
106,Dullinger S.,Europe's other debt crisis caused by the long legacy of future extinctions,2013,Proceedings of the National Academy of Sciences of the United States of America,,https://www.scopus.com/inward/record.uri?partnerID=HzOxMe3b&scp=84876930282&origin=inward,https://www.scopus.com/inward/citedby.uri?partnerID=HzOxMe3b&scp=84876930282&origin=inward,,2026-04-12 18:55:44,Article,10.1073/pnas.1216303110,00278424,https://api.elsevier.com/content/abstract/scopus_id/84876930282,110,18,,,,8.83,106.0,1,12,,,,84876930282,2-s2.0-84876930282
0,Sivaperuman C.,"Diversity and distribution of odonates in Ritchie's Archipelago, Andaman and Nicobar Islands",2013,Ecology of Faunal Communities on the Andaman and Nicobar Islands,,https://www.scopus.com/inward/record.uri?partnerID=HzOxMe3b&scp=84929539535&origin=inward,https://www.scopus.com/inward/citedby.uri?partnerID=HzOxMe3b&scp=84929539535&origin=inward,,2026-04-12 18:55:44,Book Chapter,10.1007/978-3-642-28335-2_13,,https://api.elsevier.com/content/abstract/scopus_id/84929539535,,,,,,0.0,0.0,1,12,,,,84929539535,2-s2.0-84929539535
14,Brown J.R.,The interactive effect of an emerging infectious disease and an emerging contaminant on Woodhouse's toad (Anaxyrus woodhousii) tadpoles,2013,Environmental Toxicology and Chemistry,,https://www.scopus.com/inward/record.uri?partnerID=HzOxMe3b&scp=84881025466&origin=inward,https://www.scopus.com/inward/citedby.uri?partnerID=HzOxMe3b&scp=84881025466&origin=inward,,2026-04-12 18:55:44,Article,10.1002/etc.2266,07307268,https://api.elsevier.com/content/abstract/scopus_id/84881025466,32,9,,,,1.17,14.0,1,12,,,,84881025466,2-s2.0-84881025466
40,Zöphel L.,Toward the peri-pentacene framework,2013,Chemistry A European Journal,,https://www.scopus.com/inward/record.uri?partnerID=HzOxMe3b&scp=84890975197&origin=inward,https://www.scopus.com/inward/citedby.uri?partnerID=HzOxMe3b&scp=84890975197&origin=inward,,2026-04-12 18:55:44,Article,10.1002/chem.201302859,09476539,https://api.elsevier.com/content/abstract/scopus_id/84890975197,19,52,,,,3.33,40.0,1,12,,,,84890975197,2-s2.0-84890975197
0,Jovanovic N.,Improved performance characteristics for the integrated photonic pupil remapping interferometer Dragonfly,2013,Optics Infobase Conference Papers,,https://www.scopus.com/inward/record.uri?partnerID=HzOxMe3b&scp=84898747624&origin=inward,https://www.scopus.com/inward/citedby.uri?partnerID=HzOxMe3b&scp=84898747624&origin=inward,,2026-04-12 18:55:44,Conference Paper,,,https://api.elsevier.com/content/abstract/scopus_id/84898747624,,,,,,0.0,0.0,1,12,,,,84898747624,2-s2.0-84898747624
65,Geipel I.,Perception of silent and motionless prey on vegetation by echolocation in the gleaning bat Micronycteris microtis,2013,Proceedings of the Royal Society B Biological Sciences,,https://www.scopus.com/inward/record.uri?partnerID=HzOxMe3b&scp=84875257469&origin=inward,https://www.scopus.com/inward/citedby.uri?partnerID=HzOxMe3b&scp=84875257469&origin=inward,,2026-04-12 18:55:44,Article,10.1098/rspb.2012.2830,09628452,https://api.elsevier.com/content/abstract/scopus_id/84875257469,280,1754,,,,5.42,65.0,1,12,,,,84875257469,2-s2.0-84875257469
3,Yen A.L.,"Scientists, agencies and community working together: A key need for invertebrate conservation in Victoria",2013,Victorian Naturalist,,https://www.scopus.com/inward/record.uri?partnerID=HzOxMe3b&scp=84883640875&origin=inward,https://www.scopus.com/inward/citedby.uri?partnerID=HzOxMe3b&scp=84883640875&origin=inward,,2026-04-12 18:55:44,Article,,00425184,https://api.elsevier.com/content/abstract/scopus_id/84883640875,130,4,,,,0.25,3.0,1,12,,,,84883640875,2-s2.0-84883640875
12,Wasscher M.T.,"Life and work of michel edmond de Selys longchamps (1813-1900), the founder of odonatology",2013,Odonatologica,,https://www.scopus.com/inward/record.uri?partnerID=HzOxMe3b&scp=84890516848&origin=inward,https://www.scopus.com/inward/citedby.uri?partnerID=HzOxMe3b&scp=84890516848&origin=inward,,2026-04-12 18:55:44,Article,,03750183,https://api.elsevier.com/content/abstract/scopus_id/84890516848,42,4,,,,1.0,12.0,1,12,,,,84890516848,2-s2.0-84890516848
0,Jie M.,High precision piezoelectric fatigue testing machine for biofilm materials,2013,Nami Jishu Yu Jingmi Gongcheng Nanotechnology and Precision Engineering,,https://www.scopus.com/inward/record.uri?partnerID=HzOxMe3b&scp=84876786945&origin=inward,https://www.scopus.com/inward/citedby.uri?partnerID=HzOxMe3b&scp=84876786945&origin=inward,,2026-04-12 18:55:44,Article,,16726030,https://api.elsevier.com/content/abstract/scopus_id/84876786945,11,2,,,,0.0,0.0,1,12,,,,84876786945,2-s2.0-84876786945
10,Gibbons M.E.,Clutch identity and predator-induced hatching affect behavior and development in a leaf-breeding treefrog,2013,Oecologia,,https://www.scopus.com/inward/record.uri?partnerID=HzOxMe3b&scp=84875645413&origin=inward,https://www.scopus.com/inward/citedby.uri?partnerID=HzOxMe3b&scp=84875645413&origin=inward,,2026-04-12 18:55:44,Article,10.1007/s00442-012-2443-4,00298549,https://api.elsevier.com/content/abstract/scopus_id/84875645413,171,4,,,,0.83,10.0,1,12,,,,84875645413,2-s2.0-84875645413
0,Jovanovic N.,Improved performance characteristics for the integrated photonic pupil remapping interferometer Dragonfly,2013,Optics Infobase Conference Papers,,https://www.scopus.com/inward/record.uri?partnerID=HzOxMe3b&scp=84898718359&origin=inward,https://www.scopus.com/inward/citedby.uri?partnerID=HzOxMe3b&scp=84898718359&origin=inward,,2026-04-12 18:55:44,Conference Paper,,,https://api.elsevier.com/content/abstract/scopus_id/84898718359,,,,,,0.0,0.0,1,12,,,,84898718359,2-s2.0-84898718359
4,Bailowitz R.,"Erpetogomphus molossus, a new species from Sonora, Mexico (Odonata: Anisoptera: Gomphidae)",2013,Zootaxa,,https://www.scopus.com/inward/record.uri?partnerID=HzOxMe3b&scp=84888257874&origin=inward,https://www.scopus.com/inward/citedby.uri?partnerID=HzOxMe3b&scp=84888257874&origin=inward,,2026-04-12 18:55:44,Article,10.11646/zootaxa.3734.5.5,11755326,https://api.elsevier.com/content/abstract/scopus_id/84888257874,3734,5,,,,0.33,4.0,1,12,,,,84888257874,2-s2.0-84888257874
41,Shulse C.D.,Mosquitofish dominate amphibian and invertebrate community development in experimental wetlands,2013,Journal of Applied Ecology,,https://www.scopus.com/inward/record.uri?partnerID=HzOxMe3b&scp=84890858468&origin=inward,https://www.scopus.com/inward/citedby.uri?partnerID=HzOxMe3b&scp=84890858468&origin=inward,,2026-04-12 18:55:44,Article,10.1111/1365-2664.12126,00218901,https://api.elsevier.com/content/abstract/scopus_id/84890858468,50,5,,,,3.42,41.0,1,12,,,,84890858468,2-s2.0-84890858468
14,Khelifa R.,"Flight period, apparent sex ratio and habitat preferences of the maghribian endemic calopteryxexul selys, 1853 (Odonata: Zygoptera)",2013,Revue D Ecologie La Terre Et La Vie,,https://www.scopus.com/inward/record.uri?partnerID=HzOxMe3b&scp=84875049212&origin=inward,https://www.scopus.com/inward/citedby.uri?partnerID=HzOxMe3b&scp=84875049212&origin=inward,,2026-04-12 18:55:44,Article,,02497395,https://api.elsevier.com/content/abstract/scopus_id/84875049212,68,1,,,,1.17,14.0,1,12,,,,84875049212,2-s2.0-84875049212
32,Suhling I.,Thermal adaptation affects interactions between a range-expanding and a native odonate species,2013,Freshwater Biology,,https://www.scopus.com/inward/record.uri?partnerID=HzOxMe3b&scp=84874961738&origin=inward,https://www.scopus.com/inward/citedby.uri?partnerID=HzOxMe3b&scp=84874961738&origin=inward,,2026-04-12 18:55:44,Article,10.1111/fwb.12074,00465070,https://api.elsevier.com/content/abstract/scopus_id/84874961738,58,4,,,,2.67,32.0,1,12,,,,84874961738,2-s2.0-84874961738
25,Wasserberg G.,Oviposition site selection in Aedes albopictus (Diptera: Culicidae): Are the effects of predation risk and food level independent?,2013,Journal of Medical Entomology,,https://www.scopus.com/inward/record.uri?partnerID=HzOxMe3b&scp=84884616233&origin=inward,https://www.scopus.com/inward/citedby.uri?partnerID=HzOxMe3b&scp=84884616233&origin=inward,,2026-04-12 18:55:44,Article,10.1603/ME12275,00222585,https://api.elsevier.com/content/abstract/scopus_id/84884616233,50,5,,,,2.08,25.0,1,12,,,,84884616233,2-s2.0-84884616233
20,Yu J.,Distribution of polychlorinated biphenyls in an urban riparian zone affected by wastewater treatment plant effluent and the transfer to terrestrial compartment by invertebrates,2013,Science of the Total Environment,,https://www.scopus.com/inward/record.uri?partnerID=HzOxMe3b&scp=84879729147&origin=inward,https://www.scopus.com/inward/citedby.uri?partnerID=HzOxMe3b&scp=84879729147&origin=inward,,2026-04-12 18:55:44,Article,10.1016/j.scitotenv.2013.06.006,00489697,https://api.elsevier.com/content/abstract/scopus_id/84879729147,463-464,,,,,1.67,20.0,1,12,,,,84879729147,2-s2.0-84879729147
7,Bandyopadhyay P.,Propulsion efficiency of bodies appended with multiple flapping fins: When more is less,2013,Physics of Fluids,,https://www.scopus.com/inward/record.uri?partnerID=HzOxMe3b&scp=84877653173&origin=inward,https://www.scopus.com/inward/citedby.uri?partnerID=HzOxMe3b&scp=84877653173&origin=inward,,2026-04-12 18:55:44,Article,10.1063/1.4802495,10706631,https://api.elsevier.com/content/abstract/scopus_id/84877653173,25,4,,,,0.58,7.0,1,12,,,,84877653173,2-s2.0-84877653173
45,Córdoba-Aguilar A.,"The Sicker Sex: Understanding Male Biases in Parasitic Infection, Resource Allocation and Fitness",2013,Plos One,,https://www.scopus.com/inward/record.uri?partnerID=HzOxMe3b&scp=84886062402&origin=inward,https://www.scopus.com/inward/citedby.uri?partnerID=HzOxMe3b&scp=84886062402&origin=inward,,2026-04-12 18:55:44,Article,10.1371/journal.pone.0076246,,https://api.elsevier.com/content/abstract/scopus_id/84886062402,8,10,,,,3.75,45.0,1,12,,,,84886062402,2-s2.0-84886062402
26,Khelifa R.,"Niche partitioning in three sympatric congeneric species of dragonfly, orthetrum chrysostigma, O. coerulescens anceps, and O. nitidinerve: The importance of microhabitat",2013,Journal of Insect Science,,https://www.scopus.com/inward/record.uri?partnerID=HzOxMe3b&scp=84888586230&origin=inward,https://www.scopus.com/inward/citedby.uri?partnerID=HzOxMe3b&scp=84888586230&origin=inward,,2026-04-12 18:55:44,Article,10.1673/031.013.7101,,https://api.elsevier.com/content/abstract/scopus_id/84888586230,13,,,,,2.17,26.0,1,12,,,,84888586230,2-s2.0-84888586230
6,Takahashi Y.,Alternative trait combinations and secondary resource partitioning in sexually selected color polymorphism,2013,Ecology and Evolution,,https://www.scopus.com/inward/record.uri?partnerID=HzOxMe3b&scp=84886299620&origin=inward,https://www.scopus.com/inward/citedby.uri?partnerID=HzOxMe3b&scp=84886299620&origin=inward,,2026-04-12 18:55:44,Article,10.1002/ece3.610,,https://api.elsevier.com/content/abstract/scopus_id/84886299620,3,7,,,,0.5,6.0,1,12,,,,84886299620,2-s2.0-84886299620
3,Popko D.,Small-stature emergent macrophytes and crepuscular sprinkler disturbance reduce mosquito abundance in wetland mesocosms,2013,Journal of Vector Ecology,,https://www.scopus.com/inward/record.uri?partnerID=HzOxMe3b&scp=84887564169&origin=inward,https://www.scopus.com/inward/citedby.uri?partnerID=HzOxMe3b&scp=84887564169&origin=inward,,2026-04-12 18:55:44,Article,10.1111/j.1948-7134.2013.12054.x,10811710,https://api.elsevier.com/content/abstract/scopus_id/84887564169,38,2,,,,0.25,3.0,1,12,,,,84887564169,2-s2.0-84887564169
12,Bota-Sierra C.A.,"Taxonomic revision of Mesamphiagrion Kennedy, 1920 from Colombia (Odonata: Coenagrionidae), with the description of four new species",2013,Zootaxa,,https://www.scopus.com/inward/record.uri?partnerID=HzOxMe3b&scp=84887067275&origin=inward,https://www.scopus.com/inward/citedby.uri?partnerID=HzOxMe3b&scp=84887067275&origin=inward,,2026-04-12 18:55:44,Article,10.11646/zootaxa.3718.5.1,11755326,https://api.elsevier.com/content/abstract/scopus_id/84887067275,3718,5,,,,1.0,12.0,1,12,,,,84887067275,2-s2.0-84887067275
1,Novelo-Gutiérrez R.,"Description of the larva of argia chelata calvert, 1902 (odonata: Coenagrionidae)",2013,Zootaxa,,https://www.scopus.com/inward/record.uri?partnerID=HzOxMe3b&scp=84890418588&origin=inward,https://www.scopus.com/inward/citedby.uri?partnerID=HzOxMe3b&scp=84890418588&origin=inward,,2026-04-12 18:55:44,Article,10.11646/zootaxa.3745.4.5,11755326,https://api.elsevier.com/content/abstract/scopus_id/84890418588,3745,4,,,,0.08,1.0,1,12,,,,84890418588,2-s2.0-84890418588
26,Sánchez-Guillén R.A.,Ontogenetic shifts in male mating preference and morph-specific polyandry in a female colour polymorphic insect,2013,BMC Evolutionary Biology,,https://www.scopus.com/inward/record.uri?partnerID=HzOxMe3b&scp=84878517581&origin=inward,https://www.scopus.com/inward/citedby.uri?partnerID=HzOxMe3b&scp=84878517581&origin=inward,,2026-04-12 18:55:44,Article,10.1186/1471-2148-13-116,,https://api.elsevier.com/content/abstract/scopus_id/84878517581,13,1,,,,2.17,26.0,1,12,,,,84878517581,2-s2.0-84878517581
17,Maksic N.,Improving utilization of data center networks,2013,IEEE Communications Magazine,,https://www.scopus.com/inward/record.uri?partnerID=HzOxMe3b&scp=84888160117&origin=inward,https://www.scopus.com/inward/citedby.uri?partnerID=HzOxMe3b&scp=84888160117&origin=inward,,2026-04-12 18:55:44,Article,10.1109/MCOM.2013.6658649,01636804,https://api.elsevier.com/content/abstract/scopus_id/84888160117,51,11,,,,1.42,17.0,1,12,,,,84888160117,2-s2.0-84888160117
38,Caut S.,Plastic changes in tadpole trophic ecology revealed by stable isotope analysis,2013,Oecologia,,https://www.scopus.com/inward/record.uri?partnerID=HzOxMe3b&scp=84882910817&origin=inward,https://www.scopus.com/inward/citedby.uri?partnerID=HzOxMe3b&scp=84882910817&origin=inward,,2026-04-12 18:55:44,Article,10.1007/s00442-012-2428-3,00298549,https://api.elsevier.com/content/abstract/scopus_id/84882910817,173,1,,,,3.17,38.0,1,12,,,,84882910817,2-s2.0-84882910817
8,González-Tokman D.,Effect of juvenile hormone on senescence in males with terminal investment,2013,Journal of Evolutionary Biology,,https://www.scopus.com/inward/record.uri?partnerID=HzOxMe3b&scp=84885850049&origin=inward,https://www.scopus.com/inward/citedby.uri?partnerID=HzOxMe3b&scp=84885850049&origin=inward,,2026-04-12 18:55:44,Article,10.1111/jeb.12241,1010061X,https://api.elsevier.com/content/abstract/scopus_id/84885850049,26,11,,,,0.67,8.0,1,12,,,,84885850049,2-s2.0-84885850049
105,Rudolf V.H.W.,Ontogenetic functional diversity: Size structure of a keystone predator drives functioning of a complex ecosystem,2013,Ecology,,https://www.scopus.com/inward/record.uri?partnerID=HzOxMe3b&scp=84878084132&origin=inward,https://www.scopus.com/inward/citedby.uri?partnerID=HzOxMe3b&scp=84878084132&origin=inward,,2026-04-12 18:55:44,Article,10.1890/12-0378.1,00129658,https://api.elsevier.com/content/abstract/scopus_id/84878084132,94,5,,,,8.75,105.0,1,12,,,,84878084132,2-s2.0-84878084132
0,Tripon C.,"Data on the odonata fauna of the natura 2000 site ''Lunca Inferioara a Crisului Repede'' (ROSCI-0104), Bihor County, NW Romania",2013,Biharean Biologist,,https://www.scopus.com/inward/record.uri?partnerID=HzOxMe3b&scp=84890326057&origin=inward,https://www.scopus.com/inward/citedby.uri?partnerID=HzOxMe3b&scp=84890326057&origin=inward,,2026-04-12 18:55:44,Article,,18435637,https://api.elsevier.com/content/abstract/scopus_id/84890326057,7,2,,,,0.0,0.0,1,12,,,,84890326057,2-s2.0-84890326057
7,Jomoc D.J.G.,"Species richness of Odonata in selected wetland areas of Cagayan de Oro and Bukidnon, Philippines",2013,Aacl Bioflux,,https://www.scopus.com/inward/record.uri?partnerID=HzOxMe3b&scp=84887138511&origin=inward,https://www.scopus.com/inward/citedby.uri?partnerID=HzOxMe3b&scp=84887138511&origin=inward,,2026-04-12 18:55:44,Article,,18448143,https://api.elsevier.com/content/abstract/scopus_id/84887138511,6,6,,,,0.58,7.0,1,12,,,,84887138511,2-s2.0-84887138511
39,Rosset V.,Comparative assessment of scoring methods to evaluate the conservation value of pond and small lake biodiversity,2013,Aquatic Conservation Marine and Freshwater Ecosystems,,https://www.scopus.com/inward/record.uri?partnerID=HzOxMe3b&scp=84872822447&origin=inward,https://www.scopus.com/inward/citedby.uri?partnerID=HzOxMe3b&scp=84872822447&origin=inward,,2026-04-12 18:55:44,Article,10.1002/aqc.2287,10527613,https://api.elsevier.com/content/abstract/scopus_id/84872822447,23,1,,,,3.25,39.0,1,12,,,,84872822447,2-s2.0-84872822447
2,De Marmels J.,"Description of the larva of Neuraeschna claviforcipata Martin, 1909 (Insecta: Odonata: Aeshnidae)",2013,Zootaxa,,https://www.scopus.com/inward/record.uri?partnerID=HzOxMe3b&scp=84886673242&origin=inward,https://www.scopus.com/inward/citedby.uri?partnerID=HzOxMe3b&scp=84886673242&origin=inward,,2026-04-12 18:55:44,Article,10.11646/zootaxa.3721.1.7,11755326,https://api.elsevier.com/content/abstract/scopus_id/84886673242,3721,1,,,,0.17,2.0,1,12,,,,84886673242,2-s2.0-84886673242
0,Tennessen K.J.,Description of the last stadium nymph of leptobasis lucifer (Odonata: Coenagrionidae),2013,Proceedings of the Entomological Society of Washington,,https://www.scopus.com/inward/record.uri?partnerID=HzOxMe3b&scp=84878023533&origin=inward,https://www.scopus.com/inward/citedby.uri?partnerID=HzOxMe3b&scp=84878023533&origin=inward,,2026-04-12 18:55:44,Article,10.4289/0013-8797.115.2.182,00138797,https://api.elsevier.com/content/abstract/scopus_id/84878023533,115,2,,,,0.0,0.0,1,12,,,,84878023533,2-s2.0-84878023533
11,Rano I.,"Direct collocation for two dimensional motion camouflage with non-holonomic, velocity and acceleration constraints",2013,2013 IEEE International Conference on Robotics and Biomimetics Robio 2013,,https://www.scopus.com/inward/record.uri?partnerID=HzOxMe3b&scp=84898812388&origin=inward,https://www.scopus.com/inward/citedby.uri?partnerID=HzOxMe3b&scp=84898812388&origin=inward,,2026-04-12 18:55:44,Conference Paper,10.1109/ROBIO.2013.6739444,,https://api.elsevier.com/content/abstract/scopus_id/84898812388,,,,,,0.92,11.0,1,12,,,,84898812388,2-s2.0-84898812388
23,González-Tokman D.M.,Mating success and energetic condition effects driven by terminal investment in territorial males of a short-lived invertebrate,2013,Functional Ecology,,https://www.scopus.com/inward/record.uri?partnerID=HzOxMe3b&scp=84878174477&origin=inward,https://www.scopus.com/inward/citedby.uri?partnerID=HzOxMe3b&scp=84878174477&origin=inward,,2026-04-12 18:55:44,Article,10.1111/1365-2435.12072,02698463,https://api.elsevier.com/content/abstract/scopus_id/84878174477,27,3,,,,1.92,23.0,1,12,,,,84878174477,2-s2.0-84878174477
7,Torralba-Burrial A.,"Iberian Odonata distribution: Data of the BOS Arthropod Collection (University of Oviedo, Spain)",2013,Zookeys,,https://www.scopus.com/inward/record.uri?partnerID=HzOxMe3b&scp=84878621435&origin=inward,https://www.scopus.com/inward/citedby.uri?partnerID=HzOxMe3b&scp=84878621435&origin=inward,,2026-04-12 18:55:44,Article,10.3897/zookeys.306.5289,13132989,https://api.elsevier.com/content/abstract/scopus_id/84878621435,306,,,,,0.58,7.0,1,12,,,,84878621435,2-s2.0-84878621435
40,Kin A.,Palaeoenvironment and taphonomy of a Late Jurassic (Late Tithonian) Lagerstätte from central Poland,2013,Lethaia,,https://www.scopus.com/inward/record.uri?partnerID=HzOxMe3b&scp=84871290366&origin=inward,https://www.scopus.com/inward/citedby.uri?partnerID=HzOxMe3b&scp=84871290366&origin=inward,,2026-04-12 18:55:44,Article,10.1111/j.1502-3931.2012.00322.x,00241164,https://api.elsevier.com/content/abstract/scopus_id/84871290366,46,1,,,,3.33,40.0,1,12,,,,84871290366,2-s2.0-84871290366
106,Bierne N.,Pervasive selection or is it.? why are FST outliers sometimes so frequent?,2013,Molecular Ecology,,https://www.scopus.com/inward/record.uri?partnerID=HzOxMe3b&scp=84875867684&origin=inward,https://www.scopus.com/inward/citedby.uri?partnerID=HzOxMe3b&scp=84875867684&origin=inward,,2026-04-12 18:55:44,Article,10.1111/mec.12241,09621083,https://api.elsevier.com/content/abstract/scopus_id/84875867684,22,8,,,,8.83,106.0,1,12,,,,84875867684,2-s2.0-84875867684
4,Khurana M.,Bioinspired corrugated airfoils for micro air vehicles,2013,Proceedings of SPIE the International Society for Optical Engineering,,https://www.scopus.com/inward/record.uri?partnerID=HzOxMe3b&scp=84878348894&origin=inward,https://www.scopus.com/inward/citedby.uri?partnerID=HzOxMe3b&scp=84878348894&origin=inward,,2026-04-12 18:55:44,Conference Paper,10.1117/12.2009685,0277786X,https://api.elsevier.com/content/abstract/scopus_id/84878348894,8686,,,,,0.33,4.0,1,12,,,,84878348894,2-s2.0-84878348894
4,Khurana M.,Bioinspired corrugated airfoils for micro air vehicles,2013,Proceedings of SPIE the International Society for Optical Engineering,,https://www.scopus.com/inward/record.uri?partnerID=HzOxMe3b&scp=84878348894&origin=inward,https://www.scopus.com/inward/citedby.uri?partnerID=HzOxMe3b&scp=84878348894&origin=inward,,2026-04-12 18:55:44,Conference Paper,10.1117/12.2009685,0277786X,https://api.elsevier.com/content/abstract/scopus_id/84878348894,8686,,,,,0.33,4.0,1,12,,,,84878348894,2-s2.0-84878348894
2,Takeuchi S.,Adiponectin and traumatic brain injury.,2013,Acta Neurochirurgica Supplement,,https://www.scopus.com/inward/record.uri?partnerID=HzOxMe3b&scp=84881328014&origin=inward,https://www.scopus.com/inward/citedby.uri?partnerID=HzOxMe3b&scp=84881328014&origin=inward,,2026-04-12 18:55:44,Article,10.1007/978-3-7091-1434-6_19,00651419,https://api.elsevier.com/content/abstract/scopus_id/84881328014,118,,,,,0.17,2.0,1,12,,,,84881328014,2-s2.0-84881328014
8,Herbst D.B.,"Substratum associations and depth distribution of benthic invertebrates in saline Walker Lake, Nevada, USA",2013,Hydrobiologia,,https://www.scopus.com/inward/record.uri?partnerID=HzOxMe3b&scp=84870663227&origin=inward,https://www.scopus.com/inward/citedby.uri?partnerID=HzOxMe3b&scp=84870663227&origin=inward,,2026-04-12 18:55:44,Article,10.1007/s10750-012-1219-5,00188158,https://api.elsevier.com/content/abstract/scopus_id/84870663227,700,1,,,,0.67,8.0,1,12,,,,84870663227,2-s2.0-84870663227
0,,"Proceedings - IEEE 21st Annual Symposium on High-Performance Interconnects, HOTI 2013",2013,Proceedings IEEE 21st Annual Symposium on High Performance Interconnects Hoti 2013,,https://www.scopus.com/inward/record.uri?partnerID=HzOxMe3b&scp=85047233119&origin=inward,https://www.scopus.com/inward/citedby.uri?partnerID=HzOxMe3b&scp=85047233119&origin=inward,,2026-04-12 18:55:44,Conference Review,,,https://api.elsevier.com/content/abstract/scopus_id/85047233119,,,,,,0.0,0.0,0,12,,,,85047233119,2-s2.0-85047233119
5,Schoenemann B.,The eyes of a tiny 'Orsten' crustacean - A compound eye at receptor level?,2013,Vision Research,,https://www.scopus.com/inward/record.uri?partnerID=HzOxMe3b&scp=84870196796&origin=inward,https://www.scopus.com/inward/citedby.uri?partnerID=HzOxMe3b&scp=84870196796&origin=inward,,2026-04-12 18:55:44,Article,10.1016/j.visres.2012.10.013,00426989,https://api.elsevier.com/content/abstract/scopus_id/84870196796,76,,,,,0.42,5.0,1,12,,,,84870196796,2-s2.0-84870196796
9,Turner J.,"The dawn flight of the gold swift hepialus hecta: Predator avoidance and the integration of complex lek behaviour (lepidoptera, hepialidae)",2013,Biological Journal of the Linnean Society,,https://www.scopus.com/inward/record.uri?partnerID=HzOxMe3b&scp=84883802628&origin=inward,https://www.scopus.com/inward/citedby.uri?partnerID=HzOxMe3b&scp=84883802628&origin=inward,,2026-04-12 18:55:44,Article,10.1111/bij.12145,00244066,https://api.elsevier.com/content/abstract/scopus_id/84883802628,110,2,,,,0.75,9.0,1,12,,,,84883802628,2-s2.0-84883802628
10,Ruiz-Guzmán G.,Sexual dimorphism in immune response: Testing the hypothesis in an insect species with two male morphs,2013,Insect Science,,https://www.scopus.com/inward/record.uri?partnerID=HzOxMe3b&scp=84884207776&origin=inward,https://www.scopus.com/inward/citedby.uri?partnerID=HzOxMe3b&scp=84884207776&origin=inward,,2026-04-12 18:55:44,Article,10.1111/j.1744-7917.2012.01551.x,16729609,https://api.elsevier.com/content/abstract/scopus_id/84884207776,20,5,,,,0.83,10.0,1,12,,,,84884207776,2-s2.0-84884207776
86,Touchon J.C.,Effects of plastic hatching timing carry over through metamorphosis in red-eyed treefrogs,2013,Ecology,,https://www.scopus.com/inward/record.uri?partnerID=HzOxMe3b&scp=84876778892&origin=inward,https://www.scopus.com/inward/citedby.uri?partnerID=HzOxMe3b&scp=84876778892&origin=inward,,2026-04-12 18:55:44,Article,10.1890/12-0194.1,00129658,https://api.elsevier.com/content/abstract/scopus_id/84876778892,94,4,,,,7.17,86.0,1,12,,,,84876778892,2-s2.0-84876778892
34,Manenti R.,Odonata occurrence in caves: Active or accidentals? A new case study,2013,Journal of Cave and Karst Studies,,https://www.scopus.com/inward/record.uri?partnerID=HzOxMe3b&scp=84889656003&origin=inward,https://www.scopus.com/inward/citedby.uri?partnerID=HzOxMe3b&scp=84889656003&origin=inward,,2026-04-12 18:55:44,Article,10.4311/2012LSC0281,10906924,https://api.elsevier.com/content/abstract/scopus_id/84889656003,75,3,,,,2.83,34.0,1,12,,,,84889656003,2-s2.0-84889656003
46,Orizaola G.,Larval life history and anti-predator strategies are affected by breeding phenology in an amphibian,2013,Oecologia,,https://www.scopus.com/inward/record.uri?partnerID=HzOxMe3b&scp=84875670638&origin=inward,https://www.scopus.com/inward/citedby.uri?partnerID=HzOxMe3b&scp=84875670638&origin=inward,,2026-04-12 18:55:44,Article,10.1007/s00442-012-2456-z,00298549,https://api.elsevier.com/content/abstract/scopus_id/84875670638,171,4,,,,3.83,46.0,1,12,,,,84875670638,2-s2.0-84875670638
59,Dziedziewicz D.,Developing 4- to 6-year-old children's figural creativity using a doodle-book program,2013,Thinking Skills and Creativity,,https://www.scopus.com/inward/record.uri?partnerID=HzOxMe3b&scp=84878632218&origin=inward,https://www.scopus.com/inward/citedby.uri?partnerID=HzOxMe3b&scp=84878632218&origin=inward,,2026-04-12 18:55:44,Article,10.1016/j.tsc.2012.09.004,18711871,https://api.elsevier.com/content/abstract/scopus_id/84878632218,9,,,,,4.92,59.0,1,12,,,,84878632218,2-s2.0-84878632218
0,Jovanovic N.,Improved performance characteristics for the integrated photonic pupil remapping interferometer dragonfly,2013,2013 Conference on Lasers and Electro Optics Europe and International Quantum Electronics Conference CLEO Europe IQEC 2013,,https://www.scopus.com/inward/record.uri?partnerID=HzOxMe3b&scp=84900311707&origin=inward,https://www.scopus.com/inward/citedby.uri?partnerID=HzOxMe3b&scp=84900311707&origin=inward,,2026-04-12 18:55:44,Conference Paper,10.1109/CLEOE-IQEC.2013.6801122,,https://api.elsevier.com/content/abstract/scopus_id/84900311707,,,,,,0.0,0.0,1,12,,,,84900311707,2-s2.0-84900311707
7,Cayasan R.D.,"Species richness of Odonata in selected freshwater systems in Zamboanga del Sur, Philippines",2013,Aacl Bioflux,,https://www.scopus.com/inward/record.uri?partnerID=HzOxMe3b&scp=84879351001&origin=inward,https://www.scopus.com/inward/citedby.uri?partnerID=HzOxMe3b&scp=84879351001&origin=inward,,2026-04-12 18:55:44,Article,,18448143,https://api.elsevier.com/content/abstract/scopus_id/84879351001,6,4,,,,0.58,7.0,1,12,,,,84879351001,2-s2.0-84879351001
26,Osozawa S.,"Vicariant speciation due to 1.55Ma isolation of the Ryukyu islands, Japan, based on geological and GenBank data",2013,Entomological Science,,https://www.scopus.com/inward/record.uri?partnerID=HzOxMe3b&scp=84880036708&origin=inward,https://www.scopus.com/inward/citedby.uri?partnerID=HzOxMe3b&scp=84880036708&origin=inward,,2026-04-12 18:55:44,Review,10.1111/ens.12037,13438786,https://api.elsevier.com/content/abstract/scopus_id/84880036708,16,3,,,,2.17,26.0,1,12,,,,84880036708,2-s2.0-84880036708
1,Juhásová J.,From symbol to latency (Two forms of spiritual discourse in contemporary Slovak poetry),2013,Zeitschrift Fur Slawistik,,https://www.scopus.com/inward/record.uri?partnerID=HzOxMe3b&scp=84893230662&origin=inward,https://www.scopus.com/inward/citedby.uri?partnerID=HzOxMe3b&scp=84893230662&origin=inward,,2026-04-12 18:55:44,Review,10.1524/slaw.2013.58.4.444,00443506,https://api.elsevier.com/content/abstract/scopus_id/84893230662,58,4,,,,0.08,1.0,1,12,,,,84893230662,2-s2.0-84893230662
0,Carneiro G.,Closed-loop deep vision,2013,2013 International Conference on Digital Image Computing Techniques and Applications Dicta 2013,,https://www.scopus.com/inward/record.uri?partnerID=HzOxMe3b&scp=84893299392&origin=inward,https://www.scopus.com/inward/citedby.uri?partnerID=HzOxMe3b&scp=84893299392&origin=inward,,2026-04-12 18:55:44,Conference Paper,10.1109/DICTA.2013.6691492,,https://api.elsevier.com/content/abstract/scopus_id/84893299392,,,,,,0.0,0.0,1,12,,,,84893299392,2-s2.0-84893299392
28,Lencioni F.A.A.,"Diagnoses and discussion of the group 1 and 2 Brazilian species of Heteragrion, with descriptions of four new species (Odonata: Megapodagrionidae)",2013,Zootaxa,,https://www.scopus.com/inward/record.uri?partnerID=HzOxMe3b&scp=84880350283&origin=inward,https://www.scopus.com/inward/citedby.uri?partnerID=HzOxMe3b&scp=84880350283&origin=inward,,2026-04-12 18:55:44,Article,10.11646/zootaxa.3685.1.1,11755326,https://api.elsevier.com/content/abstract/scopus_id/84880350283,3685,1,,,,2.33,28.0,1,12,,,,84880350283,2-s2.0-84880350283
1,Nordström K.,Robust prey detection in a small nervous system,2013,Proceedings of the National Academy of Sciences of the United States of America,,https://www.scopus.com/inward/record.uri?partnerID=HzOxMe3b&scp=84872184946&origin=inward,https://www.scopus.com/inward/citedby.uri?partnerID=HzOxMe3b&scp=84872184946&origin=inward,,2026-04-12 18:55:44,Note,10.1073/pnas.1219973110,00278424,https://api.elsevier.com/content/abstract/scopus_id/84872184946,110,2,,,,0.08,1.0,1,12,,,,84872184946,2-s2.0-84872184946
3,Padmavathy A.,"Biodiversity comparison between paired organic and conventional fields in Puducherry, India",2013,Pakistan Journal of Biological Sciences,,https://www.scopus.com/inward/record.uri?partnerID=HzOxMe3b&scp=84877915343&origin=inward,https://www.scopus.com/inward/citedby.uri?partnerID=HzOxMe3b&scp=84877915343&origin=inward,,2026-04-12 18:55:44,Article,10.3923/pjbs.2013.1675.1686,10288880,https://api.elsevier.com/content/abstract/scopus_id/84877915343,16,23,,,,0.25,3.0,1,12,,,,84877915343,2-s2.0-84877915343
13,Khelifa R.,Aspects of reproductive biology and behaviour of the regional critically endangered urothemis edwardsii (odonata: Libellulidae) on lake bleu (Algeria),2013,Zoology and Ecology,,https://www.scopus.com/inward/record.uri?partnerID=HzOxMe3b&scp=84893788803&origin=inward,https://www.scopus.com/inward/citedby.uri?partnerID=HzOxMe3b&scp=84893788803&origin=inward,,2026-04-12 18:55:44,Article,10.1080/21658005.2013.837265,21658005,https://api.elsevier.com/content/abstract/scopus_id/84893788803,23,4,,,,1.08,13.0,1,12,,,,84893788803,2-s2.0-84893788803
0,Wood J.,Wallace as writer,2013,Current Biology,,https://www.scopus.com/inward/record.uri?partnerID=HzOxMe3b&scp=84890784131&origin=inward,https://www.scopus.com/inward/citedby.uri?partnerID=HzOxMe3b&scp=84890784131&origin=inward,,2026-04-12 18:55:44,Article,10.1016/j.cub.2013.11.005,09609822,https://api.elsevier.com/content/abstract/scopus_id/84890784131,23,24,,,,0.0,0.0,1,12,,,,84890784131,2-s2.0-84890784131
10,Totoni E.,Toward runtime power management of exascale networks by on/off control of links,2013,Proceedings IEEE 27th International Parallel and Distributed Processing Symposium Workshops and Phd Forum Ipdpsw 2013,,https://www.scopus.com/inward/record.uri?partnerID=HzOxMe3b&scp=84899730602&origin=inward,https://www.scopus.com/inward/citedby.uri?partnerID=HzOxMe3b&scp=84899730602&origin=inward,,2026-04-12 18:55:44,Conference Paper,10.1109/IPDPSW.2013.191,,https://api.elsevier.com/content/abstract/scopus_id/84899730602,,,,,,0.83,10.0,1,12,,,,84899730602,2-s2.0-84899730602
7,García M.,Global misrouting policies in two-level hierarchical networks,2013,ACM International Conference Proceeding Series,,https://www.scopus.com/inward/record.uri?partnerID=HzOxMe3b&scp=84877992741&origin=inward,https://www.scopus.com/inward/citedby.uri?partnerID=HzOxMe3b&scp=84877992741&origin=inward,,2026-04-12 18:55:44,Conference Paper,10.1145/2482759.2482763,,https://api.elsevier.com/content/abstract/scopus_id/84877992741,,,,,,0.58,7.0,1,12,,,,84877992741,2-s2.0-84877992741
99,Barry M.,Effects of fluoxetine on the swimming and behavioural responses of the Arabian killifish,2013,Ecotoxicology,,https://www.scopus.com/inward/record.uri?partnerID=HzOxMe3b&scp=84878349788&origin=inward,https://www.scopus.com/inward/citedby.uri?partnerID=HzOxMe3b&scp=84878349788&origin=inward,,2026-04-12 18:55:44,Article,10.1007/s10646-012-1036-7,09639292,https://api.elsevier.com/content/abstract/scopus_id/84878349788,22,2,,,,8.25,99.0,1,12,,,,84878349788,2-s2.0-84878349788
1,Prouty R.,A new concept,2013,Vertiflite,,https://www.scopus.com/inward/record.uri?partnerID=HzOxMe3b&scp=84875086157&origin=inward,https://www.scopus.com/inward/citedby.uri?partnerID=HzOxMe3b&scp=84875086157&origin=inward,,2026-04-12 18:55:44,Short Survey,,00424455,https://api.elsevier.com/content/abstract/scopus_id/84875086157,59,1,,,,0.08,1.0,1,12,,,,84875086157,2-s2.0-84875086157
11,De Carvalho F.,Use of the abc curveas a method to detect the effect of anthr opogenic change on the odonata (insecta) assembly,2013,Interciencia,,https://www.scopus.com/inward/record.uri?partnerID=HzOxMe3b&scp=84885132856&origin=inward,https://www.scopus.com/inward/citedby.uri?partnerID=HzOxMe3b&scp=84885132856&origin=inward,,2026-04-12 18:55:44,Article,,03781844,https://api.elsevier.com/content/abstract/scopus_id/84885132856,38,7,,,,0.92,11.0,1,12,,,,84885132856,2-s2.0-84885132856
7,Massaro F.C.,A search for predators and food selectivity of two native species of Hydra (Cnidaria: Hydrozoa) from Brazil,2013,Biota Neotropica,,https://www.scopus.com/inward/record.uri?partnerID=HzOxMe3b&scp=84882267558&origin=inward,https://www.scopus.com/inward/citedby.uri?partnerID=HzOxMe3b&scp=84882267558&origin=inward,,2026-04-12 18:55:44,Article,10.1590/S1676-06032013000200003,16786424,https://api.elsevier.com/content/abstract/scopus_id/84882267558,13,2,,,,0.58,7.0,1,12,,,,84882267558,2-s2.0-84882267558
27,Groner M.L.,Larval exposure to predator cues alters immune function and response to a fungal pathogen in post-metamorphic wood frogs,2013,Ecological Applications,,https://www.scopus.com/inward/record.uri?partnerID=HzOxMe3b&scp=84884221918&origin=inward,https://www.scopus.com/inward/citedby.uri?partnerID=HzOxMe3b&scp=84884221918&origin=inward,,2026-04-12 18:55:44,Article,10.1890/12-1572.1,10510761,https://api.elsevier.com/content/abstract/scopus_id/84884221918,23,6,,,,2.25,27.0,1,12,,,,84884221918,2-s2.0-84884221918
2,Gómez-Anaya J.,Temporal variation in Odonata larval assemblage diversity in a lowland stream in western Mexico,2013,Odonatologica,,https://www.scopus.com/inward/record.uri?partnerID=HzOxMe3b&scp=84890475933&origin=inward,https://www.scopus.com/inward/citedby.uri?partnerID=HzOxMe3b&scp=84890475933&origin=inward,,2026-04-12 18:55:44,Article,,03750183,https://api.elsevier.com/content/abstract/scopus_id/84890475933,42,4,,,,0.17,2.0,1,12,,,,84890475933,2-s2.0-84890475933
29,Viceconte N.,Frequency domain optical coherence tomography for guidance of coronary stenting,2013,International Journal of Cardiology,,https://www.scopus.com/inward/record.uri?partnerID=HzOxMe3b&scp=84893468800&origin=inward,https://www.scopus.com/inward/citedby.uri?partnerID=HzOxMe3b&scp=84893468800&origin=inward,,2026-04-12 18:55:44,Article,10.1016/j.ijcard.2011.11.090,01675273,https://api.elsevier.com/content/abstract/scopus_id/84893468800,166,3,,,,2.42,29.0,1,12,,,,84893468800,2-s2.0-84893468800
46,Wiederman S.,Correlation between OFF and ON channels underlies dark target selectivity in an insect visual system,2013,Journal of Neuroscience,,https://www.scopus.com/inward/record.uri?partnerID=HzOxMe3b&scp=84881157487&origin=inward,https://www.scopus.com/inward/citedby.uri?partnerID=HzOxMe3b&scp=84881157487&origin=inward,,2026-04-12 18:55:44,Article,10.1523/JNEUROSCI.1277-13.2013,02706474,https://api.elsevier.com/content/abstract/scopus_id/84881157487,33,32,,,,3.83,46.0,1,12,,,,84881157487,2-s2.0-84881157487
35,Bennett A.M.,Investment into defensive traits by anuran prey (Lithobates pipiens) is mediated by the starvation- Predation risk trade-off,2013,Plos One,,https://www.scopus.com/inward/record.uri?partnerID=HzOxMe3b&scp=84891956921&origin=inward,https://www.scopus.com/inward/citedby.uri?partnerID=HzOxMe3b&scp=84891956921&origin=inward,,2026-04-12 18:55:44,Article,10.1371/journal.pone.0082344,,https://api.elsevier.com/content/abstract/scopus_id/84891956921,8,12,,,,2.92,35.0,1,12,,,,84891956921,2-s2.0-84891956921
38,Sánchez-Guillén R.A.,Climate-induced range shifts and possible hybridisation consequences in insects,2013,Plos One,,https://www.scopus.com/inward/record.uri?partnerID=HzOxMe3b&scp=84894194067&origin=inward,https://www.scopus.com/inward/citedby.uri?partnerID=HzOxMe3b&scp=84894194067&origin=inward,,2026-04-12 18:55:44,Article,10.1371/journal.pone.0080531,,https://api.elsevier.com/content/abstract/scopus_id/84894194067,8,11,,,,3.17,38.0,1,12,,,,84894194067,2-s2.0-84894194067
11,Subramanian K.A.,Idionyx (Odonata: Corduliidae) of the western ghats with a description of a new species,2013,Zootaxa,,https://www.scopus.com/inward/record.uri?partnerID=HzOxMe3b&scp=84878844577&origin=inward,https://www.scopus.com/inward/citedby.uri?partnerID=HzOxMe3b&scp=84878844577&origin=inward,,2026-04-12 18:55:44,Article,10.11646/zootaxa.3652.2.5,11755326,https://api.elsevier.com/content/abstract/scopus_id/84878844577,3652,2,,,,0.92,11.0,1,12,,,,84878844577,2-s2.0-84878844577
11,Takeuchi S.,Decrease in plasma adiponectin level and increase in adiponectin immunoreactivity in cortex and hippocampus after traumatic brain injury in rats,2013,Turkish Neurosurgery,,https://www.scopus.com/inward/record.uri?partnerID=HzOxMe3b&scp=84878828140&origin=inward,https://www.scopus.com/inward/citedby.uri?partnerID=HzOxMe3b&scp=84878828140&origin=inward,,2026-04-12 18:55:44,Article,10.5137/1019-5149.JTN.7023-12.1,10195149,https://api.elsevier.com/content/abstract/scopus_id/84878828140,23,3,,,,0.92,11.0,1,12,,,,84878828140,2-s2.0-84878828140
8,Korpeoglu E.,Dragonfly: Cloud assisted peer-to-peer architecture for multipoint media streaming applications,2013,IEEE International Conference on Cloud Computing Cloud,,https://www.scopus.com/inward/record.uri?partnerID=HzOxMe3b&scp=84897708245&origin=inward,https://www.scopus.com/inward/citedby.uri?partnerID=HzOxMe3b&scp=84897708245&origin=inward,,2026-04-12 18:55:44,Conference Paper,10.1109/CLOUD.2013.60,21596182,https://api.elsevier.com/content/abstract/scopus_id/84897708245,,,,,,0.67,8.0,1,12,,,,84897708245,2-s2.0-84897708245
340,Van Strien A.J.,Opportunistic citizen science data of animal species produce reliable estimates of distribution trends if analysed with occupancy models,2013,Journal of Applied Ecology,,https://www.scopus.com/inward/record.uri?partnerID=HzOxMe3b&scp=84887608888&origin=inward,https://www.scopus.com/inward/citedby.uri?partnerID=HzOxMe3b&scp=84887608888&origin=inward,,2026-04-12 18:55:44,Article,10.1111/1365-2664.12158,00218901,https://api.elsevier.com/content/abstract/scopus_id/84887608888,50,6,,,,28.33,340.0,1,12,,,,84887608888,2-s2.0-84887608888
21,Rebora M.,"The antennal lobe of Libellula depressa (Odonata, Libellulidae)",2013,Zoology,,https://www.scopus.com/inward/record.uri?partnerID=HzOxMe3b&scp=84880331696&origin=inward,https://www.scopus.com/inward/citedby.uri?partnerID=HzOxMe3b&scp=84880331696&origin=inward,,2026-04-12 18:55:44,Article,10.1016/j.zool.2013.04.001,09442006,https://api.elsevier.com/content/abstract/scopus_id/84880331696,116,4,,,,1.75,21.0,1,12,,,,84880331696,2-s2.0-84880331696
15,Akindele E.O.,"Diversity and response of benthic macroinvertebrates to natural and induced environmental stresses in Aiba Stream, Iwo, Southwestern Nigeria",2013,West African Journal of Applied Ecology,,https://www.scopus.com/inward/record.uri?partnerID=HzOxMe3b&scp=84907261149&origin=inward,https://www.scopus.com/inward/citedby.uri?partnerID=HzOxMe3b&scp=84907261149&origin=inward,,2026-04-12 18:55:44,Article,,08554307,https://api.elsevier.com/content/abstract/scopus_id/84907261149,22,1,,,,1.25,15.0,1,12,,,,84907261149,2-s2.0-84907261149
18,Zhang H.C.,"The largest known odonate in China: Hsiufua chaoi Zhang et Wang, gen. et sp. nov. from the middle jurassic of inner mongolia",2013,Chinese Science Bulletin,,https://www.scopus.com/inward/record.uri?partnerID=HzOxMe3b&scp=84877046431&origin=inward,https://www.scopus.com/inward/citedby.uri?partnerID=HzOxMe3b&scp=84877046431&origin=inward,,2026-04-12 18:55:44,Article,10.1007/s11434-012-5567-3,10016538,https://api.elsevier.com/content/abstract/scopus_id/84877046431,58,13,,,,1.5,18.0,1,12,,,,84877046431,2-s2.0-84877046431
29,Pujol-Buxó E.,How does the invasive/native nature of species influence tadpoles' plastic responses to predators?,2013,Oikos,,https://www.scopus.com/inward/record.uri?partnerID=HzOxMe3b&scp=84871525081&origin=inward,https://www.scopus.com/inward/citedby.uri?partnerID=HzOxMe3b&scp=84871525081&origin=inward,,2026-04-12 18:55:44,Article,10.1111/j.1600-0706.2012.20617.x,00301299,https://api.elsevier.com/content/abstract/scopus_id/84871525081,122,1,,,,2.42,29.0,1,12,,,,84871525081,2-s2.0-84871525081
44,Alexander A.C.,Can nutrients mask community responses to insecticide mixtures?,2013,Ecotoxicology,,https://www.scopus.com/inward/record.uri?partnerID=HzOxMe3b&scp=84883148785&origin=inward,https://www.scopus.com/inward/citedby.uri?partnerID=HzOxMe3b&scp=84883148785&origin=inward,,2026-04-12 18:55:44,Article,10.1007/s10646-013-1096-3,09639292,https://api.elsevier.com/content/abstract/scopus_id/84883148785,22,7,,,,3.67,44.0,1,12,,,,84883148785,2-s2.0-84883148785
31,Blanke A.,The identification of concerted convergence in insect heads corroborates palaeoptera,2013,Systematic Biology,,https://www.scopus.com/inward/record.uri?partnerID=HzOxMe3b&scp=84873600237&origin=inward,https://www.scopus.com/inward/citedby.uri?partnerID=HzOxMe3b&scp=84873600237&origin=inward,,2026-04-12 18:55:44,Article,10.1093/sysbio/sys091,10635157,https://api.elsevier.com/content/abstract/scopus_id/84873600237,62,2,,,,2.58,31.0,1,12,,,,84873600237,2-s2.0-84873600237
4,Novelo-GUTIÉRREZ R.,Two interesting larvae of onychogomphusfrom Malaysia (anisoptera: Gomphidae),2013,Odonatologica,,https://www.scopus.com/inward/record.uri?partnerID=HzOxMe3b&scp=84876136989&origin=inward,https://www.scopus.com/inward/citedby.uri?partnerID=HzOxMe3b&scp=84876136989&origin=inward,,2026-04-12 18:55:44,Article,,03750183,https://api.elsevier.com/content/abstract/scopus_id/84876136989,42,1,,,,0.33,4.0,1,12,,,,84876136989,2-s2.0-84876136989
7,Kretzschmar W.,Computer mapping of language data,2013,Research Methods in Language Variation and Change,,https://www.scopus.com/inward/record.uri?partnerID=HzOxMe3b&scp=84923528678&origin=inward,https://www.scopus.com/inward/citedby.uri?partnerID=HzOxMe3b&scp=84923528678&origin=inward,,2026-04-12 18:55:44,Book Chapter,10.1017/CBO9780511792519.006,,https://api.elsevier.com/content/abstract/scopus_id/84923528678,,,,,,0.58,7.0,1,12,,,,84923528678,2-s2.0-84923528678
3,Kulijer D.,"First evidence of the occurrence of cordulegaster insignis schneider, 1845 in Serbia (anisoptera: Cordulegastridae)",2013,Odonatologica,,https://www.scopus.com/inward/record.uri?partnerID=HzOxMe3b&scp=84876109662&origin=inward,https://www.scopus.com/inward/citedby.uri?partnerID=HzOxMe3b&scp=84876109662&origin=inward,,2026-04-12 18:55:44,Article,,03750183,https://api.elsevier.com/content/abstract/scopus_id/84876109662,42,1,,,,0.25,3.0,1,12,,,,84876109662,2-s2.0-84876109662
24,Von Ellenrieder N.,A revision of Metaleptobasis Calvert (Odonata: Coenagrionidae) with seven synonymies and the description of eighteen new species from South America,2013,Zootaxa,,https://www.scopus.com/inward/record.uri?partnerID=HzOxMe3b&scp=84889605204&origin=inward,https://www.scopus.com/inward/citedby.uri?partnerID=HzOxMe3b&scp=84889605204&origin=inward,,2026-04-12 18:55:44,Article,10.11646/zootaxa.3738.1.1,11755326,https://api.elsevier.com/content/abstract/scopus_id/84889605204,3738,1,,,,2.0,24.0,1,12,,,,84889605204,2-s2.0-84889605204
10,Steinhoff P.O.M.,Notes on some Coeliccia species from Vietnam (Zygoptera: Platycnemididae),2013,Odonatologica,,https://www.scopus.com/inward/record.uri?partnerID=HzOxMe3b&scp=84890508293&origin=inward,https://www.scopus.com/inward/citedby.uri?partnerID=HzOxMe3b&scp=84890508293&origin=inward,,2026-04-12 18:55:44,Article,,03750183,https://api.elsevier.com/content/abstract/scopus_id/84890508293,42,4,,,,0.83,10.0,1,12,,,,84890508293,2-s2.0-84890508293
38,Lentink D.,Biomimetics: Flying like a fly,2013,Nature,,https://www.scopus.com/inward/record.uri?partnerID=HzOxMe3b&scp=84879410373&origin=inward,https://www.scopus.com/inward/citedby.uri?partnerID=HzOxMe3b&scp=84879410373&origin=inward,,2026-04-12 18:55:44,Note,10.1038/nature12258,00280836,https://api.elsevier.com/content/abstract/scopus_id/84879410373,498,7454,,,,3.17,38.0,1,12,,,,84879410373,2-s2.0-84879410373
4,Guillermo-Ferreira R.,"Description of the larva of Telebasis griffinii (martin, 1896) (Zygoptera: Coenagrionidae)",2013,Odonatologica,,https://www.scopus.com/inward/record.uri?partnerID=HzOxMe3b&scp=84890443625&origin=inward,https://www.scopus.com/inward/citedby.uri?partnerID=HzOxMe3b&scp=84890443625&origin=inward,,2026-04-12 18:55:44,Article,,03750183,https://api.elsevier.com/content/abstract/scopus_id/84890443625,42,4,,,,0.33,4.0,1,12,,,,84890443625,2-s2.0-84890443625
5,De Santos Loureiro N.,"The Trithemis nigra (Odonata: Libellulidae) of Príncipe Island, Gulf of Guinea",2013,African Journal of Ecology,,https://www.scopus.com/inward/record.uri?partnerID=HzOxMe3b&scp=84873243155&origin=inward,https://www.scopus.com/inward/citedby.uri?partnerID=HzOxMe3b&scp=84873243155&origin=inward,,2026-04-12 18:55:44,Note,10.1111/aje.12013,01416707,https://api.elsevier.com/content/abstract/scopus_id/84873243155,51,1,,,,0.42,5.0,1,12,,,,84873243155,2-s2.0-84873243155
0,Lozano F.,Erratum: Description of three females of the genus Acanthagrion (Odonata: Coenagrionidae) with a key to the females of Argentina (Zootaxa (2013) 3646: 1 (023-038)),2013,Zootaxa,,https://www.scopus.com/inward/record.uri?partnerID=HzOxMe3b&scp=84882325214&origin=inward,https://www.scopus.com/inward/citedby.uri?partnerID=HzOxMe3b&scp=84882325214&origin=inward,,2026-04-12 18:55:44,Erratum,10.11646/zootaxa.3700.1.10,11755326,https://api.elsevier.com/content/abstract/scopus_id/84882325214,3700,1,,,,0.0,0.0,1,12,,,,84882325214,2-s2.0-84882325214
4,Dow R.,"Drepanosticta burbachi spec. nov. from Sarawak, Borneo, a new species allied to D. dulitensis kimmins, with notes on related species (Zygoptera: Platystictidae)",2013,Odonatologica,,https://www.scopus.com/inward/record.uri?partnerID=HzOxMe3b&scp=84885086489&origin=inward,https://www.scopus.com/inward/citedby.uri?partnerID=HzOxMe3b&scp=84885086489&origin=inward,,2026-04-12 18:55:44,Article,,03750183,https://api.elsevier.com/content/abstract/scopus_id/84885086489,42,3,,,,0.33,4.0,1,12,,,,84885086489,2-s2.0-84885086489
2,Theischinger G.,Three new species of teinobasis kirby from papua new guinea (Zygoptera: Coenagrionidae),2013,Odonatologica,,https://www.scopus.com/inward/record.uri?partnerID=HzOxMe3b&scp=84890526722&origin=inward,https://www.scopus.com/inward/citedby.uri?partnerID=HzOxMe3b&scp=84890526722&origin=inward,,2026-04-12 18:55:44,Article,,03750183,https://api.elsevier.com/content/abstract/scopus_id/84890526722,42,4,,,,0.17,2.0,1,12,,,,84890526722,2-s2.0-84890526722
2,Dow R.,"Prodasineura yulan (Odonata: Zygoptera: Platycnemididae), a new species from Sarawak",2013,Zootaxa,,https://www.scopus.com/inward/record.uri?partnerID=HzOxMe3b&scp=84879123650&origin=inward,https://www.scopus.com/inward/citedby.uri?partnerID=HzOxMe3b&scp=84879123650&origin=inward,,2026-04-12 18:55:44,Article,10.11646/zootaxa.3670.1.8,11755326,https://api.elsevier.com/content/abstract/scopus_id/84879123650,3670,1,,,,0.17,2.0,1,12,,,,84879123650,2-s2.0-84879123650
1,Smetanin A.,"On the insect fauna of the Kichiga River basin, northeastern Kamchatka",2013,Entomological Review,,https://www.scopus.com/inward/record.uri?partnerID=HzOxMe3b&scp=84876564928&origin=inward,https://www.scopus.com/inward/citedby.uri?partnerID=HzOxMe3b&scp=84876564928&origin=inward,,2026-04-12 18:55:44,Article,10.1134/S0013873813020048,00138738,https://api.elsevier.com/content/abstract/scopus_id/84876564928,93,2,,,,0.08,1.0,1,12,,,,84876564928,2-s2.0-84876564928
2,Moroz M.,Aquatic insects of cross-border water currents between Belarus and Ukraine,2013,Entomological Review,,https://www.scopus.com/inward/record.uri?partnerID=HzOxMe3b&scp=84887263746&origin=inward,https://www.scopus.com/inward/citedby.uri?partnerID=HzOxMe3b&scp=84887263746&origin=inward,,2026-04-12 18:55:44,Article,10.1134/S0013873813070099,00138738,https://api.elsevier.com/content/abstract/scopus_id/84887263746,93,7,,,,0.17,2.0,1,12,,,,84887263746,2-s2.0-84887263746
0,von Ellenrieder N.,"Corrigendum to The levis group of Orthemis revisited: A synopsis including a synonymy and description of six new species of Orthemis from South America (Odonata: Libellulidae) (International Journal of Odonatology, (2012), 15, 3 (115-207), 10.1080/13887890.2012.688186)",2013,International Journal of Odonatology,,https://www.scopus.com/inward/record.uri?partnerID=HzOxMe3b&scp=84892440729&origin=inward,https://www.scopus.com/inward/citedby.uri?partnerID=HzOxMe3b&scp=84892440729&origin=inward,,2026-04-12 18:55:44,Erratum,10.1080/13887890.2013.826884,13887890,https://api.elsevier.com/content/abstract/scopus_id/84892440729,16,3,,,,0.0,0.0,1,12,,,,84892440729,2-s2.0-84892440729
1,Subramanian K.,Erratum: Idionyx (Odonata: Corduliidae) of the Western Ghats with a description of a new species (Zootaxa (2013) 3652: 2 (277-288)),2013,Zootaxa,,https://www.scopus.com/inward/record.uri?partnerID=HzOxMe3b&scp=84878874996&origin=inward,https://www.scopus.com/inward/citedby.uri?partnerID=HzOxMe3b&scp=84878874996&origin=inward,,2026-04-12 18:55:44,Erratum,10.11646/zootaxa.3666.1.10,11755326,https://api.elsevier.com/content/abstract/scopus_id/84878874996,3666,1,,,,0.08,1.0,1,12,,,,84878874996,2-s2.0-84878874996
65,Belmar O.,The influence of natural flow regimes on macroinvertebrate assemblages in a semiarid Mediterranean basin,2013,Ecohydrology,,https://www.scopus.com/inward/record.uri?partnerID=HzOxMe3b&scp=84879413282&origin=inward,https://www.scopus.com/inward/citedby.uri?partnerID=HzOxMe3b&scp=84879413282&origin=inward,,2026-04-12 18:55:44,Article,10.1002/eco.1274,19360584,https://api.elsevier.com/content/abstract/scopus_id/84879413282,6,3,,,,5.42,65.0,1,12,,,,84879413282,2-s2.0-84879413282
5,Rache L.,"First record of the genera Diaphlebia Selys 1854, Argyrothemis Ris 1909 and Fylgia Kirby 1889 from Colombia (Odonata: Gomphidae, Libellulidae)",2013,Entomotropica,,https://www.scopus.com/inward/record.uri?partnerID=HzOxMe3b&scp=84890764704&origin=inward,https://www.scopus.com/inward/citedby.uri?partnerID=HzOxMe3b&scp=84890764704&origin=inward,,2026-04-12 18:55:44,Article,,13175262,https://api.elsevier.com/content/abstract/scopus_id/84890764704,28,2,,,,0.42,5.0,1,12,,,,84890764704,2-s2.0-84890764704
1,Ramírez A.,"The larvae of Heteragrion majus Selys and H. atrolineatum Donnelly, with a key to known species from Costa Rica (Odonata: Megapodagrionidae)",2013,Zootaxa,,https://www.scopus.com/inward/record.uri?partnerID=HzOxMe3b&scp=84878478913&origin=inward,https://www.scopus.com/inward/citedby.uri?partnerID=HzOxMe3b&scp=84878478913&origin=inward,,2026-04-12 18:55:44,Article,10.11646/zootaxa.3609.1.8,11755326,https://api.elsevier.com/content/abstract/scopus_id/84878478913,3609,1,,,,0.08,1.0,1,12,,,,84878478913,2-s2.0-84878478913
0,Weihrauch F.,He who is too slow is punished by life: Calopteryx virgo (l.) entangled by the tendril of a vetch during emergence (zygoptera: Calopterygidae),2013,Odonatologica,,https://www.scopus.com/inward/record.uri?partnerID=HzOxMe3b&scp=84885135546&origin=inward,https://www.scopus.com/inward/citedby.uri?partnerID=HzOxMe3b&scp=84885135546&origin=inward,,2026-04-12 18:55:44,Article,,03750183,https://api.elsevier.com/content/abstract/scopus_id/84885135546,42,3,,,,0.0,0.0,1,12,,,,84885135546,2-s2.0-84885135546
4,Zhang H.M.,Discovery of four new species of the genus Planaeschna from southwestern China (Odonata: Anisoptera: Aeshnidae),2013,Zootaxa,,https://www.scopus.com/inward/record.uri?partnerID=HzOxMe3b&scp=84888856754&origin=inward,https://www.scopus.com/inward/citedby.uri?partnerID=HzOxMe3b&scp=84888856754&origin=inward,,2026-04-12 18:55:44,Article,10.11646/zootaxa.3741.2.4,11755326,https://api.elsevier.com/content/abstract/scopus_id/84888856754,3741,2,,,,0.33,4.0,1,12,,,,84888856754,2-s2.0-84888856754
1,Marinov M.,"Notes on the female colour forms of Synthemis miranda selys, 1871 (Odonata: Synthemistidae) in New Caledonia",2013,Australian Entomologist,,https://www.scopus.com/inward/record.uri?partnerID=HzOxMe3b&scp=84878579497&origin=inward,https://www.scopus.com/inward/citedby.uri?partnerID=HzOxMe3b&scp=84878579497&origin=inward,,2026-04-12 18:55:44,Article,,13206133,https://api.elsevier.com/content/abstract/scopus_id/84878579497,40,APRT2,,,,0.08,1.0,1,12,,,,84878579497,2-s2.0-84878579497
17,Nomura F.,Does background colouration affect the behaviour of tadpoles? An experimental approach with an odonate predator,2013,Ethology Ecology and Evolution,,https://www.scopus.com/inward/record.uri?partnerID=HzOxMe3b&scp=84876500869&origin=inward,https://www.scopus.com/inward/citedby.uri?partnerID=HzOxMe3b&scp=84876500869&origin=inward,,2026-04-12 18:55:44,Article,10.1080/03949370.2012.742465,03949370,https://api.elsevier.com/content/abstract/scopus_id/84876500869,25,2,,,,1.42,17.0,1,12,,,,84876500869,2-s2.0-84876500869
4,Jaguszewski M.,Optical coherence tomography to reveal vascular lesions after catheter-based renal nerve ablation with a novel multi-electrode EnligHTN TM system,2013,Kardiologia Polska,,https://www.scopus.com/inward/record.uri?partnerID=HzOxMe3b&scp=84880829751&origin=inward,https://www.scopus.com/inward/citedby.uri?partnerID=HzOxMe3b&scp=84880829751&origin=inward,,2026-04-12 18:55:44,Note,10.5603/KP.2013.0172,00229032,https://api.elsevier.com/content/abstract/scopus_id/84880829751,71,7,,,,0.33,4.0,1,12,,,,84880829751,2-s2.0-84880829751
2,Neiss U.,"Description of the adult male of Aeschnosoma auripennis Geijskes, 1970 (Odonata: Corduliidae s.s.)",2013,Zootaxa,,https://www.scopus.com/inward/record.uri?partnerID=HzOxMe3b&scp=84886704867&origin=inward,https://www.scopus.com/inward/citedby.uri?partnerID=HzOxMe3b&scp=84886704867&origin=inward,,2026-04-12 18:55:44,Article,10.11646/zootaxa.3718.6.8,11755326,https://api.elsevier.com/content/abstract/scopus_id/84886704867,3718,6,,,,0.17,2.0,1,12,,,,84886704867,2-s2.0-84886704867
28,Drinan T.,Macroinvertebrate assemblages of peatland lakes: Assessment of conservation value with respect to anthropogenic land-cover change,2013,Biological Conservation,,https://www.scopus.com/inward/record.uri?partnerID=HzOxMe3b&scp=84870234656&origin=inward,https://www.scopus.com/inward/citedby.uri?partnerID=HzOxMe3b&scp=84870234656&origin=inward,,2026-04-12 18:55:44,Article,10.1016/j.biocon.2012.10.001,00063207,https://api.elsevier.com/content/abstract/scopus_id/84870234656,158,,,,,2.33,28.0,1,12,,,,84870234656,2-s2.0-84870234656
38,Iserbyt A.,Negative frequency-dependent selection or alternative reproductive tactics: Maintenance of female polymorphism in natural populations,2013,BMC Evolutionary Biology,,https://www.scopus.com/inward/record.uri?partnerID=HzOxMe3b&scp=84879832830&origin=inward,https://www.scopus.com/inward/citedby.uri?partnerID=HzOxMe3b&scp=84879832830&origin=inward,,2026-04-12 18:55:44,Article,10.1186/1471-2148-13-139,,https://api.elsevier.com/content/abstract/scopus_id/84879832830,13,1,,,,3.17,38.0,1,12,,,,84879832830,2-s2.0-84879832830
49,Bergmann T.,The potential of distance-based thresholds and character-based DNA barcoding for defining problematic taxonomic entities by CO1 and ND1,2013,Molecular Ecology Resources,,https://www.scopus.com/inward/record.uri?partnerID=HzOxMe3b&scp=84885485058&origin=inward,https://www.scopus.com/inward/citedby.uri?partnerID=HzOxMe3b&scp=84885485058&origin=inward,,2026-04-12 18:55:44,Article,10.1111/1755-0998.12125,1755098X,https://api.elsevier.com/content/abstract/scopus_id/84885485058,13,6,,,,4.08,49.0,1,12,,,,84885485058,2-s2.0-84885485058
6,Brown A.J.,Coregistered intravascular ultrasound and optical coherence tomography imaging during implantation of a bioresorbable vascular scaffold,2013,Jacc Cardiovascular Interventions,,https://www.scopus.com/inward/record.uri?partnerID=HzOxMe3b&scp=84880259650&origin=inward,https://www.scopus.com/inward/citedby.uri?partnerID=HzOxMe3b&scp=84880259650&origin=inward,,2026-04-12 18:55:44,Article,10.1016/j.jcin.2013.03.018,19368798,https://api.elsevier.com/content/abstract/scopus_id/84880259650,6,7,,,,0.5,6.0,1,12,,,,84880259650,2-s2.0-84880259650
1,Butler S.,"Description of the last instar larva of Orchithemis pulcherrima brauer from Sarawak, Malaysia (anisoptera: Libellulidae)",2013,Odonatologica,,https://www.scopus.com/inward/record.uri?partnerID=HzOxMe3b&scp=84885123436&origin=inward,https://www.scopus.com/inward/citedby.uri?partnerID=HzOxMe3b&scp=84885123436&origin=inward,,2026-04-12 18:55:44,Review,,03750183,https://api.elsevier.com/content/abstract/scopus_id/84885123436,42,3,,,,0.08,1.0,1,12,,,,84885123436,2-s2.0-84885123436
0,Orr A.G.,"Erratum: A review of the new guinean genus paramecocnemis lieftinck (odonata: Platycnemididae), with the description of three new species (Australian Entomologist (2012) 39:3 (167-177))",2013,Australian Entomologist,,https://www.scopus.com/inward/record.uri?partnerID=HzOxMe3b&scp=84874886263&origin=inward,https://www.scopus.com/inward/citedby.uri?partnerID=HzOxMe3b&scp=84874886263&origin=inward,,2026-04-12 18:55:44,Erratum,,13206133,https://api.elsevier.com/content/abstract/scopus_id/84874886263,40,PART1,,,,0.0,0.0,1,12,,,,84874886263,2-s2.0-84874886263
5,Martín P.,Peri-stent abluminal hematoma and pin-hole balloon rupture during treatment of calcifed drug-eluting stent in-stent restenosis,2013,Circulation Journal,,https://www.scopus.com/inward/record.uri?partnerID=HzOxMe3b&scp=84878219753&origin=inward,https://www.scopus.com/inward/citedby.uri?partnerID=HzOxMe3b&scp=84878219753&origin=inward,,2026-04-12 18:55:44,Note,10.1253/circj.CJ-12-1500,13469843,https://api.elsevier.com/content/abstract/scopus_id/84878219753,77,6,,,,0.42,5.0,1,12,,,,84878219753,2-s2.0-84878219753
9,Khelifa R.,Does wind affect emergence site selection in odonata?,2013,African Entomology,,https://www.scopus.com/inward/record.uri?partnerID=HzOxMe3b&scp=84895792913&origin=inward,https://www.scopus.com/inward/citedby.uri?partnerID=HzOxMe3b&scp=84895792913&origin=inward,,2026-04-12 18:55:44,Article,10.4001/003.021.0213,10213589,https://api.elsevier.com/content/abstract/scopus_id/84895792913,21,2,,,,0.75,9.0,1,12,,,,84895792913,2-s2.0-84895792913
4,Xu Q.,Descriptions of the final stadium larva and female adult of Coeliccia mingxiensis Xu (Odonata: Zygoptera: Platycnemididae),2013,Zootaxa,,https://www.scopus.com/inward/record.uri?partnerID=HzOxMe3b&scp=84886687340&origin=inward,https://www.scopus.com/inward/citedby.uri?partnerID=HzOxMe3b&scp=84886687340&origin=inward,,2026-04-12 18:55:44,Article,10.11646/zootaxa.3721.1.6,11755326,https://api.elsevier.com/content/abstract/scopus_id/84886687340,3721,1,,,,0.33,4.0,1,12,,,,84886687340,2-s2.0-84886687340
1,Xu Q.H.,"Idionyxpseudovictor sp. nov. from Fujian, China (Odonata: Anisoptera: Corduliidae)",2013,Zootaxa,,https://www.scopus.com/inward/record.uri?partnerID=HzOxMe3b&scp=84880365557&origin=inward,https://www.scopus.com/inward/citedby.uri?partnerID=HzOxMe3b&scp=84880365557&origin=inward,,2026-04-12 18:55:44,Article,10.11646/zootaxa.3683.1.5,11755326,https://api.elsevier.com/content/abstract/scopus_id/84880365557,3683,1,,,,0.08,1.0,1,12,,,,84880365557,2-s2.0-84880365557
0,Iñarra Iraegui M.,Globarity-The Impact of Social Media on Global Solidarity,2013,Global Fundraising how the World is Changing the Rules of Philanthropy,,https://www.scopus.com/inward/record.uri?partnerID=HzOxMe3b&scp=84886345117&origin=inward,https://www.scopus.com/inward/citedby.uri?partnerID=HzOxMe3b&scp=84886345117&origin=inward,,2026-04-12 18:55:44,Book Chapter,10.1002/9781118653753.ch14,,https://api.elsevier.com/content/abstract/scopus_id/84886345117,,,,,,0.0,0.0,1,12,,,,84886345117,2-s2.0-84886345117
21,Uribarri A.,Pathological insights of a woven coronary artery with optical coherence tomography,2013,European Heart Journal,,https://www.scopus.com/inward/record.uri?partnerID=HzOxMe3b&scp=84885976228&origin=inward,https://www.scopus.com/inward/citedby.uri?partnerID=HzOxMe3b&scp=84885976228&origin=inward,,2026-04-12 18:55:44,Note,10.1093/eurheartj/eht322,0195668X,https://api.elsevier.com/content/abstract/scopus_id/84885976228,34,38,,,,1.75,21.0,1,12,,,,84885976228,2-s2.0-84885976228
0,Tang H.,Erratum: Description of an endemic and endangered new Sympetrum species (Odonata: Libellulidae) from the subtropical area of Taiwan (Zootaxa (2013) 3693: 2 (351-357)),2013,Zootaxa,,https://www.scopus.com/inward/record.uri?partnerID=HzOxMe3b&scp=84882386285&origin=inward,https://www.scopus.com/inward/citedby.uri?partnerID=HzOxMe3b&scp=84882386285&origin=inward,,2026-04-12 18:55:44,Erratum,10.11646/zootaxa.3700.2.8,11755326,https://api.elsevier.com/content/abstract/scopus_id/84882386285,3700,2,,,,0.0,0.0,1,12,,,,84882386285,2-s2.0-84882386285
1,Börzsöny L.,"Polythore koepckei spec. nov. from the Sira Mountains in Peru with remarks on related species (Odonata, Zygoptera, Polythoridae)",2013,Spixiana,,https://www.scopus.com/inward/record.uri?partnerID=HzOxMe3b&scp=84892749136&origin=inward,https://www.scopus.com/inward/citedby.uri?partnerID=HzOxMe3b&scp=84892749136&origin=inward,,2026-04-12 18:55:44,Article,,03418391,https://api.elsevier.com/content/abstract/scopus_id/84892749136,36,2,,,,0.08,1.0,1,12,,,,84892749136,2-s2.0-84892749136
2,Inoue K.,The true status of Somatochlora taiwan a Inoue & Yokota: A genuine species or a synonym of S. dido Needham? (Anisoptera: Corduliidae),2013,Odonatologica,,https://www.scopus.com/inward/record.uri?partnerID=HzOxMe3b&scp=84890537694&origin=inward,https://www.scopus.com/inward/citedby.uri?partnerID=HzOxMe3b&scp=84890537694&origin=inward,,2026-04-12 18:55:44,Article,,03750183,https://api.elsevier.com/content/abstract/scopus_id/84890537694,42,4,,,,0.17,2.0,1,12,,,,84890537694,2-s2.0-84890537694
10,Wasscher M.T.,"The true identity of neoneura bilinearis selys, 1860, with the synonymy of n. gaida rácenis, 1953, and the description of n. confundens sp. nov. (odonata: Protoneuridae)",2013,Zootaxa,,https://www.scopus.com/inward/record.uri?partnerID=HzOxMe3b&scp=84878497232&origin=inward,https://www.scopus.com/inward/citedby.uri?partnerID=HzOxMe3b&scp=84878497232&origin=inward,,2026-04-12 18:55:44,Article,10.11646/zootaxa.3599.1.2,11755326,https://api.elsevier.com/content/abstract/scopus_id/84878497232,3599,1,,,,0.83,10.0,1,12,,,,84878497232,2-s2.0-84878497232
2,Buczyński P.,Gomphus pulchellus Selys recorded on the eastern edge of its distribution area in Montenegro (Anisoptera: Gomphidae),2013,Odonatologica,,https://www.scopus.com/inward/record.uri?partnerID=HzOxMe3b&scp=84890474943&origin=inward,https://www.scopus.com/inward/citedby.uri?partnerID=HzOxMe3b&scp=84890474943&origin=inward,,2026-04-12 18:55:44,Article,,03750183,https://api.elsevier.com/content/abstract/scopus_id/84890474943,42,4,,,,0.17,2.0,1,12,,,,84890474943,2-s2.0-84890474943
21,de Souza M.M.,"List of odonates from Mata do Baú, Barroso, Minas Gerais, Brazil",2013,Check List,,https://www.scopus.com/inward/record.uri?partnerID=HzOxMe3b&scp=84887630180&origin=inward,https://www.scopus.com/inward/citedby.uri?partnerID=HzOxMe3b&scp=84887630180&origin=inward,,2026-04-12 18:55:44,Article,10.15560/9.6.1367,,https://api.elsevier.com/content/abstract/scopus_id/84887630180,9,6,,,,1.75,21.0,1,12,,,,84887630180,2-s2.0-84887630180
0,Theischinger G.,"Hylaeargia simplex spec. nov., a third species of Hylaeargia Lieftinck from New Guinea (Zygoptera: Platycnemididae)",2013,Odonatologica,,https://www.scopus.com/inward/record.uri?partnerID=HzOxMe3b&scp=84879925707&origin=inward,https://www.scopus.com/inward/citedby.uri?partnerID=HzOxMe3b&scp=84879925707&origin=inward,,2026-04-12 18:55:44,Article,,03750183,https://api.elsevier.com/content/abstract/scopus_id/84879925707,42,2,,,,0.0,0.0,1,12,,,,84879925707,2-s2.0-84879925707
2,Sharma N.,"Diversity and distribution of pests and predators of honeybees in himachal pradesh, india",2013,Indian Journal of Agricultural Research,,https://www.scopus.com/inward/record.uri?partnerID=HzOxMe3b&scp=84887715029&origin=inward,https://www.scopus.com/inward/citedby.uri?partnerID=HzOxMe3b&scp=84887715029&origin=inward,,2026-04-12 18:55:44,Article,,03678245,https://api.elsevier.com/content/abstract/scopus_id/84887715029,48,5,,,,0.17,2.0,1,12,,,,84887715029,2-s2.0-84887715029
2,Ha N.,Flapping frequency and resonant frequency of insect wings,2013,2013 10th International Conference on Ubiquitous Robots and Ambient Intelligence Urai 2013,,https://www.scopus.com/inward/record.uri?partnerID=HzOxMe3b&scp=84899066509&origin=inward,https://www.scopus.com/inward/citedby.uri?partnerID=HzOxMe3b&scp=84899066509&origin=inward,,2026-04-12 18:55:44,Conference Paper,10.1109/URAI.2013.6677463,,https://api.elsevier.com/content/abstract/scopus_id/84899066509,,,,,,0.17,2.0,1,12,,,,84899066509,2-s2.0-84899066509
1,Mazhar J.,Optical coherence tomography (OCT) as an adjunct to percutaneous coronary intervention; A single centre experience,2013,International Journal of Cardiology,,https://www.scopus.com/inward/record.uri?partnerID=HzOxMe3b&scp=84874517217&origin=inward,https://www.scopus.com/inward/citedby.uri?partnerID=HzOxMe3b&scp=84874517217&origin=inward,,2026-04-12 18:55:44,Article,10.1016/j.ijcard.2012.09.016,01675273,https://api.elsevier.com/content/abstract/scopus_id/84874517217,163,3,,,,0.08,1.0,1,12,,,,84874517217,2-s2.0-84874517217
22,López van Oosterom M.V.,Trophic relationships between macroinvertebrates and fish in a pampean lowland stream (Argentina),2013,Iheringia Serie Zoologia,,https://www.scopus.com/inward/record.uri?partnerID=HzOxMe3b&scp=84878751247&origin=inward,https://www.scopus.com/inward/citedby.uri?partnerID=HzOxMe3b&scp=84878751247&origin=inward,,2026-04-12 18:55:44,Article,10.1590/S0073-47212013000100009,00734721,https://api.elsevier.com/content/abstract/scopus_id/84878751247,103,1,,,,1.83,22.0,1,12,,,,84878751247,2-s2.0-84878751247
5,Yamaguchi Y.,A novel procedure for imaging acute coronary syndrome lesions using frequency-domain optical coherence tomography,2013,Eurointervention,,https://www.scopus.com/inward/record.uri?partnerID=HzOxMe3b&scp=84892916967&origin=inward,https://www.scopus.com/inward/citedby.uri?partnerID=HzOxMe3b&scp=84892916967&origin=inward,,2026-04-12 18:55:44,Article,10.4244/EIJV9I8A166,1774024X,https://api.elsevier.com/content/abstract/scopus_id/84892916967,9,8,,,,0.42,5.0,1,12,,,,84892916967,2-s2.0-84892916967
2,Tennessen K.J.,"New Records for Gomphus lynnae Paulson (Odonata: Gomphidae), with a Description of the Nymph",2013,Proceedings of the Entomological Society of Washington,,https://www.scopus.com/inward/record.uri?partnerID=HzOxMe3b&scp=84887096042&origin=inward,https://www.scopus.com/inward/citedby.uri?partnerID=HzOxMe3b&scp=84887096042&origin=inward,,2026-04-12 18:55:44,Article,10.4289/0013-8797.115.4.333,00138797,https://api.elsevier.com/content/abstract/scopus_id/84887096042,115,4,,,,0.17,2.0,1,12,,,,84887096042,2-s2.0-84887096042
45,Jinguji H.,Effect of imidacloprid and fipronil pesticide application on Sympetrum infuscatum (Libellulidae: Odonata) larvae and adults,2013,Paddy and Water Environment,,https://www.scopus.com/inward/record.uri?partnerID=HzOxMe3b&scp=84871717056&origin=inward,https://www.scopus.com/inward/citedby.uri?partnerID=HzOxMe3b&scp=84871717056&origin=inward,,2026-04-12 18:55:44,Article,10.1007/s10333-012-0317-3,16112490,https://api.elsevier.com/content/abstract/scopus_id/84871717056,11,1-4,,,,3.75,45.0,1,12,,,,84871717056,2-s2.0-84871717056
19,Dushkina N.,Structural Colors,2013,Engineered Biomimicry,,https://www.scopus.com/inward/record.uri?partnerID=HzOxMe3b&scp=84902030685&origin=inward,https://www.scopus.com/inward/citedby.uri?partnerID=HzOxMe3b&scp=84902030685&origin=inward,,2026-04-12 18:55:44,Book Chapter,10.1016/B978-0-12-415995-2.00011-8,,https://api.elsevier.com/content/abstract/scopus_id/84902030685,,,,,,1.58,19.0,1,12,,,,84902030685,2-s2.0-84902030685
4,Orr A.,"Two new species of Pericnemis from borneo, with comparative notes on related species (zygoptera: Coenagrionidae)",2013,Odonatologica,,https://www.scopus.com/inward/record.uri?partnerID=HzOxMe3b&scp=84890541754&origin=inward,https://www.scopus.com/inward/citedby.uri?partnerID=HzOxMe3b&scp=84890541754&origin=inward,,2026-04-12 18:55:44,Article,,03750183,https://api.elsevier.com/content/abstract/scopus_id/84890541754,42,4,,,,0.33,4.0,1,12,,,,84890541754,2-s2.0-84890541754
13,Dumont H.J.,"Phylogeny of the genus Ischnura, with emphasis on the Old World taxa (Zygoptera: Coenagrionidae)",2013,Odonatologica,,https://www.scopus.com/inward/record.uri?partnerID=HzOxMe3b&scp=84890531164&origin=inward,https://www.scopus.com/inward/citedby.uri?partnerID=HzOxMe3b&scp=84890531164&origin=inward,,2026-04-12 18:55:44,Article,,03750183,https://api.elsevier.com/content/abstract/scopus_id/84890531164,42,4,,,,1.08,13.0,1,12,,,,84890531164,2-s2.0-84890531164
84,Chakravorty J.,Comparative Survey of Entomophagy and Entomotherapeutic Practices in Six Tribes of Eastern Arunachal Pradesh (India),2013,Journal of Ethnobiology and Ethnomedicine,,https://www.scopus.com/inward/record.uri?partnerID=HzOxMe3b&scp=84880335527&origin=inward,https://www.scopus.com/inward/citedby.uri?partnerID=HzOxMe3b&scp=84880335527&origin=inward,,2026-04-12 18:55:44,Article,10.1186/1746-4269-9-50,,https://api.elsevier.com/content/abstract/scopus_id/84880335527,9,1,,,,7.0,84.0,1,12,,,,84880335527,2-s2.0-84880335527
16,Regar E.,Quantitative optical coherence tomography tissue-type imaging for lipid-core plaque detection,2013,Jacc Cardiovascular Interventions,,https://www.scopus.com/inward/record.uri?partnerID=HzOxMe3b&scp=84882790145&origin=inward,https://www.scopus.com/inward/citedby.uri?partnerID=HzOxMe3b&scp=84882790145&origin=inward,,2026-04-12 18:55:44,Article,10.1016/j.jcin.2012.11.015,19368798,https://api.elsevier.com/content/abstract/scopus_id/84882790145,6,8,,,,1.33,16.0,1,12,,,,84882790145,2-s2.0-84882790145
0,Japur K.,Seasonal incidence of rice blue beetle and its natural enemies in rice ecosystem,2013,International Journal of Agricultural and Statistical Sciences,,https://www.scopus.com/inward/record.uri?partnerID=HzOxMe3b&scp=84906550994&origin=inward,https://www.scopus.com/inward/citedby.uri?partnerID=HzOxMe3b&scp=84906550994&origin=inward,,2026-04-12 18:55:44,Article,,09731903,https://api.elsevier.com/content/abstract/scopus_id/84906550994,9,2,,,,0.0,0.0,1,12,,,,84906550994,2-s2.0-84906550994
2,Baker K.,Associations between size and fitness of adult females in the model odonate: Enallagma civile (Odonata: Coenagrionidae),2013,Southwestern Naturalist,,https://www.scopus.com/inward/record.uri?partnerID=HzOxMe3b&scp=84874923865&origin=inward,https://www.scopus.com/inward/citedby.uri?partnerID=HzOxMe3b&scp=84874923865&origin=inward,,2026-04-12 18:55:44,Article,10.1894/0038-4909-58.1.91,00384909,https://api.elsevier.com/content/abstract/scopus_id/84874923865,58,1,,,,0.17,2.0,1,12,,,,84874923865,2-s2.0-84874923865
9,Singh V.,"Insect fauna of Khajjiar lake of Chamba District, Himachal Pradesh, India",2013,Pakistan Journal of Zoology,,https://www.scopus.com/inward/record.uri?partnerID=HzOxMe3b&scp=84884160074&origin=inward,https://www.scopus.com/inward/citedby.uri?partnerID=HzOxMe3b&scp=84884160074&origin=inward,,2026-04-12 18:55:44,Article,,00309923,https://api.elsevier.com/content/abstract/scopus_id/84884160074,45,4,,,,0.75,9.0,1,12,,,,84884160074,2-s2.0-84884160074
43,Jones N.,Spatial patterns of benthic invertebrates in regulated and natural rivers,2013,River Research and Applications,,https://www.scopus.com/inward/record.uri?partnerID=HzOxMe3b&scp=84875054694&origin=inward,https://www.scopus.com/inward/citedby.uri?partnerID=HzOxMe3b&scp=84875054694&origin=inward,,2026-04-12 18:55:44,Article,10.1002/rra.1601,15351459,https://api.elsevier.com/content/abstract/scopus_id/84875054694,29,3,,,,3.58,43.0,1,12,,,,84875054694,2-s2.0-84875054694
65,Stewart B.,Upper thermal tolerances of key taxonomic groups of stream invertebrates,2013,Hydrobiologia,,https://www.scopus.com/inward/record.uri?partnerID=HzOxMe3b&scp=84884534837&origin=inward,https://www.scopus.com/inward/citedby.uri?partnerID=HzOxMe3b&scp=84884534837&origin=inward,,2026-04-12 18:55:44,Article,10.1007/s10750-013-1611-9,00188158,https://api.elsevier.com/content/abstract/scopus_id/84884534837,718,1,,,,5.42,65.0,1,12,,,,84884534837,2-s2.0-84884534837
9,Živić I.,The effects of geothermal water inflow on longitudinal changes in benthic macroinvertebrate community composition of a temperate stream,2013,Journal of Thermal Biology,,https://www.scopus.com/inward/record.uri?partnerID=HzOxMe3b&scp=84876315386&origin=inward,https://www.scopus.com/inward/citedby.uri?partnerID=HzOxMe3b&scp=84876315386&origin=inward,,2026-04-12 18:55:44,Article,10.1016/j.jtherbio.2013.03.005,03064565,https://api.elsevier.com/content/abstract/scopus_id/84876315386,38,5,,,,0.75,9.0,1,12,,,,84876315386,2-s2.0-84876315386
1,Chahl J.,Flight Control Using Biomimetic Optical Sensors,2013,Engineered Biomimicry,,https://www.scopus.com/inward/record.uri?partnerID=HzOxMe3b&scp=84902030683&origin=inward,https://www.scopus.com/inward/citedby.uri?partnerID=HzOxMe3b&scp=84902030683&origin=inward,,2026-04-12 18:55:44,Book Chapter,10.1016/B978-0-12-415995-2.00009-X,,https://api.elsevier.com/content/abstract/scopus_id/84902030683,,,,,,0.08,1.0,1,12,,,,84902030683,2-s2.0-84902030683
4,La Porta G.,"Odonata biodiversity in some protected areas of Umbria, central Italy",2013,Odonatologica,,https://www.scopus.com/inward/record.uri?partnerID=HzOxMe3b&scp=84879932519&origin=inward,https://www.scopus.com/inward/citedby.uri?partnerID=HzOxMe3b&scp=84879932519&origin=inward,,2026-04-12 18:55:44,Article,,03750183,https://api.elsevier.com/content/abstract/scopus_id/84879932519,42,2,,,,0.33,4.0,1,12,,,,84879932519,2-s2.0-84879932519
20,Norela S.,"Diversity of pest and non-pest insects in an organic paddy field cultivated under the System of Rice Intensification (SRI): A case study in Lubok China, Melaka, Malaysia",2013,Journal of Food Agriculture and Environment,,https://www.scopus.com/inward/record.uri?partnerID=HzOxMe3b&scp=84939517570&origin=inward,https://www.scopus.com/inward/citedby.uri?partnerID=HzOxMe3b&scp=84939517570&origin=inward,,2026-04-12 18:55:44,Article,,14590255,https://api.elsevier.com/content/abstract/scopus_id/84939517570,11,3-4,,,,1.67,20.0,1,12,,,,84939517570,2-s2.0-84939517570
14,Jones N.,Patterns of benthic invertebrate richness and diversity in the regulated magpie river and neighbouring natural rivers,2013,River Research and Applications,,https://www.scopus.com/inward/record.uri?partnerID=HzOxMe3b&scp=84885943427&origin=inward,https://www.scopus.com/inward/citedby.uri?partnerID=HzOxMe3b&scp=84885943427&origin=inward,,2026-04-12 18:55:44,Article,10.1002/rra.2595,15351459,https://api.elsevier.com/content/abstract/scopus_id/84885943427,29,9,,,,1.17,14.0,1,12,,,,84885943427,2-s2.0-84885943427
2,Tang H.,Description of an endemic and endangered new Sympetrum species (Odonata: Libellulidae) from the subtropical area of Taiwan,2013,Zootaxa,,https://www.scopus.com/inward/record.uri?partnerID=HzOxMe3b&scp=84882340352&origin=inward,https://www.scopus.com/inward/citedby.uri?partnerID=HzOxMe3b&scp=84882340352&origin=inward,,2026-04-12 18:55:44,Article,10.11646/zootaxa.3693.3.5,11755326,https://api.elsevier.com/content/abstract/scopus_id/84882340352,3693,3,,,,0.17,2.0,1,12,,,,84882340352,2-s2.0-84882340352
12,Takhelmayum K.,"Diversity and density of aquatic insects in the lower reach of river moirang, manipur, north east India",2013,Proceedings of the National Academy of Sciences India Section B Biological Sciences,,https://www.scopus.com/inward/record.uri?partnerID=HzOxMe3b&scp=84890254299&origin=inward,https://www.scopus.com/inward/citedby.uri?partnerID=HzOxMe3b&scp=84890254299&origin=inward,,2026-04-12 18:55:44,Article,10.1007/s40011-013-0166-x,03698211,https://api.elsevier.com/content/abstract/scopus_id/84890254299,83,4,,,,1.0,12.0,1,12,,,,84890254299,2-s2.0-84890254299
132,Grether G.F.,The evolutionary consequences of interspecific aggression,2013,Annals of the New York Academy of Sciences,,https://www.scopus.com/inward/record.uri?partnerID=HzOxMe3b&scp=84879305300&origin=inward,https://www.scopus.com/inward/citedby.uri?partnerID=HzOxMe3b&scp=84879305300&origin=inward,,2026-04-12 18:55:44,Article,10.1111/nyas.12082,00778923,https://api.elsevier.com/content/abstract/scopus_id/84879305300,1289,1,,,,11.0,132.0,1,12,,,,84879305300,2-s2.0-84879305300
74,Hansen G.,Food web consequences of long-term invasive crayfish control,2013,Canadian Journal of Fisheries and Aquatic Sciences,,https://www.scopus.com/inward/record.uri?partnerID=HzOxMe3b&scp=84879719334&origin=inward,https://www.scopus.com/inward/citedby.uri?partnerID=HzOxMe3b&scp=84879719334&origin=inward,,2026-04-12 18:55:44,Article,10.1139/cjfas-2012-0460,0706652X,https://api.elsevier.com/content/abstract/scopus_id/84879719334,70,7,,,,6.17,74.0,1,12,,,,84879719334,2-s2.0-84879719334
12,Abdelsalam K.M.,"Diversity and spatio-temporal distribution of macro-invertebrates communities in spring flows of Tsuya Stream, Gifu Prefecture, central Japan",2013,Egyptian Journal of Aquatic Research,,https://www.scopus.com/inward/record.uri?partnerID=HzOxMe3b&scp=84927515098&origin=inward,https://www.scopus.com/inward/citedby.uri?partnerID=HzOxMe3b&scp=84927515098&origin=inward,,2026-04-12 18:55:44,Article,10.1016/j.ejar.2013.03.003,16874285,https://api.elsevier.com/content/abstract/scopus_id/84927515098,39,1,,,,1.0,12.0,1,12,,,,84927515098,2-s2.0-84927515098
4,Tawa K.,The habitat status of large-sized aquatic animals in an ill-drained paddy field and an adjacent side ditch,2013,Japanese Journal of Conservation Ecology,,https://www.scopus.com/inward/record.uri?partnerID=HzOxMe3b&scp=85026652274&origin=inward,https://www.scopus.com/inward/citedby.uri?partnerID=HzOxMe3b&scp=85026652274&origin=inward,,2026-04-12 18:55:44,Article,,13424327,https://api.elsevier.com/content/abstract/scopus_id/85026652274,18,1,,,,0.33,4.0,1,12,,,,85026652274,2-s2.0-85026652274
10,Wiesenborn W.,Phosphorus contents in desert riparian spiders and insects vary among taxa and between flight capabilities,2013,Florida Entomologist,,https://www.scopus.com/inward/record.uri?partnerID=HzOxMe3b&scp=84879666779&origin=inward,https://www.scopus.com/inward/citedby.uri?partnerID=HzOxMe3b&scp=84879666779&origin=inward,,2026-04-12 18:55:44,Article,10.1653/024.096.0206,00154040,https://api.elsevier.com/content/abstract/scopus_id/84879666779,96,2,,,,0.83,10.0,1,12,,,,84879666779,2-s2.0-84879666779
399,Van Dijk T.C.,Macro-Invertebrate Decline in Surface Water Polluted with Imidacloprid,2013,Plos One,,https://www.scopus.com/inward/record.uri?partnerID=HzOxMe3b&scp=84877011635&origin=inward,https://www.scopus.com/inward/citedby.uri?partnerID=HzOxMe3b&scp=84877011635&origin=inward,,2026-04-12 18:55:44,Article,10.1371/journal.pone.0062374,,https://api.elsevier.com/content/abstract/scopus_id/84877011635,8,5,,,,33.25,399.0,1,12,,,,84877011635,2-s2.0-84877011635
8,Medvedev A.F.,"Description date of Somatochlora exuberata Bartenev, Leucorrhinia intermedia Bartenev and Sympetrum vulgatum grandis Bartenev, the fate of a.n. Bartenev's type specimens and designation of the lectotype of l. intermedia (anisoptera: Corduliidae, libellulidae)",2013,Odonatologica,,https://www.scopus.com/inward/record.uri?partnerID=HzOxMe3b&scp=84885140124&origin=inward,https://www.scopus.com/inward/citedby.uri?partnerID=HzOxMe3b&scp=84885140124&origin=inward,,2026-04-12 18:55:44,Article,,03750183,https://api.elsevier.com/content/abstract/scopus_id/84885140124,42,3,,,,0.67,8.0,1,12,,,,84885140124,2-s2.0-84885140124
33,Šidagyte E.,Macroinvertebrate metrics and their integration for assessing the ecological status and biocontamination of Lithuanian lakes,2013,Limnologica,,https://www.scopus.com/inward/record.uri?partnerID=HzOxMe3b&scp=84876415326&origin=inward,https://www.scopus.com/inward/citedby.uri?partnerID=HzOxMe3b&scp=84876415326&origin=inward,,2026-04-12 18:55:44,Article,10.1016/j.limno.2013.01.003,00759511,https://api.elsevier.com/content/abstract/scopus_id/84876415326,43,4,,,,2.75,33.0,1,12,,,,84876415326,2-s2.0-84876415326
3,Tajima Y.,Male secondary genitalia mimic the female egg during oviposition for sperm displacement in the non-territorial Damselflyischnura asiatica (brauer) (zygoptera: Coenagrionidae),2013,Odonatologica,,https://www.scopus.com/inward/record.uri?partnerID=HzOxMe3b&scp=84885149534&origin=inward,https://www.scopus.com/inward/citedby.uri?partnerID=HzOxMe3b&scp=84885149534&origin=inward,,2026-04-12 18:55:44,Article,,03750183,https://api.elsevier.com/content/abstract/scopus_id/84885149534,42,3,,,,0.25,3.0,1,12,,,,84885149534,2-s2.0-84885149534
13,Jiménez-Cortés J.G.,Condition dependence and trade-offs of sexual versus non-sexual traits in an insect,2013,Journal of Ethology,,https://www.scopus.com/inward/record.uri?partnerID=HzOxMe3b&scp=84882815631&origin=inward,https://www.scopus.com/inward/citedby.uri?partnerID=HzOxMe3b&scp=84882815631&origin=inward,,2026-04-12 18:55:44,Article,10.1007/s10164-013-0377-x,02890771,https://api.elsevier.com/content/abstract/scopus_id/84882815631,31,3,,,,1.08,13.0,1,12,,,,84882815631,2-s2.0-84882815631
4,Yamada T.,Soil-related variations in the population dynamics of six dipterocarp tree species with strong habitat preferences,2013,Oecologia,,https://www.scopus.com/inward/record.uri?partnerID=HzOxMe3b&scp=84878963133&origin=inward,https://www.scopus.com/inward/citedby.uri?partnerID=HzOxMe3b&scp=84878963133&origin=inward,,2026-04-12 18:55:44,Article,10.1007/s00442-012-2529-z,00298549,https://api.elsevier.com/content/abstract/scopus_id/84878963133,172,3,,,,0.33,4.0,1,12,,,,84878963133,2-s2.0-84878963133
11,Dzhandzhugazova E.,Particularities of creation and promotion of new ideas in social network space,2013,World Applied Sciences Journal,,https://www.scopus.com/inward/record.uri?partnerID=HzOxMe3b&scp=84893543865&origin=inward,https://www.scopus.com/inward/citedby.uri?partnerID=HzOxMe3b&scp=84893543865&origin=inward,,2026-04-12 18:55:44,Article,10.5829/idosi.wasj.2013.27.elelc.17,18184952,https://api.elsevier.com/content/abstract/scopus_id/84893543865,27,13 A,,,,0.92,11.0,1,12,,,,84893543865,2-s2.0-84893543865
17,Majumder J.,"Aquatic Insect Fauna and Diversity in Urban Fresh Water Lakes of Tripura, Northeast India",2013,Middle East Journal of Scientific Research,,https://www.scopus.com/inward/record.uri?partnerID=HzOxMe3b&scp=84874144012&origin=inward,https://www.scopus.com/inward/citedby.uri?partnerID=HzOxMe3b&scp=84874144012&origin=inward,,2026-04-12 18:55:44,Article,10.5829/idosi.mejsr.2013.13.1.66123,19909233,https://api.elsevier.com/content/abstract/scopus_id/84874144012,13,1,,,,1.42,17.0,1,12,,,,84874144012,2-s2.0-84874144012
148,Mereta S.T.,Development of a multimetric index based on benthic macroinvertebrates for the assessment of natural wetlands in Southwest Ethiopia,2013,Ecological Indicators,,https://www.scopus.com/inward/record.uri?partnerID=HzOxMe3b&scp=84874601271&origin=inward,https://www.scopus.com/inward/citedby.uri?partnerID=HzOxMe3b&scp=84874601271&origin=inward,,2026-04-12 18:55:44,Article,10.1016/j.ecolind.2013.01.026,1470160X,https://api.elsevier.com/content/abstract/scopus_id/84874601271,29,,,,,12.33,148.0,1,12,,,,84874601271,2-s2.0-84874601271
0,von Müller M.,Spatial use of the Owly Sulphur north of the Alps - Consequences for species protection,2013,Naturschutz Und Landschaftsplanung,,https://www.scopus.com/inward/record.uri?partnerID=HzOxMe3b&scp=84872051892&origin=inward,https://www.scopus.com/inward/citedby.uri?partnerID=HzOxMe3b&scp=84872051892&origin=inward,,2026-04-12 18:55:44,Article,,09406808,https://api.elsevier.com/content/abstract/scopus_id/84872051892,45,1,,,,0.0,0.0,1,12,,,,84872051892,2-s2.0-84872051892
18,Calvão L.B.,Thermoregulation and microhabitat choice in Erythrodip laxlatimaculata Ris males (Anisoptera: Libellulidae),2013,Odonatologica,,https://www.scopus.com/inward/record.uri?partnerID=HzOxMe3b&scp=84879893329&origin=inward,https://www.scopus.com/inward/citedby.uri?partnerID=HzOxMe3b&scp=84879893329&origin=inward,,2026-04-12 18:55:44,Article,,03750183,https://api.elsevier.com/content/abstract/scopus_id/84879893329,42,2,,,,1.5,18.0,1,12,,,,84879893329,2-s2.0-84879893329
101,Preston D.L.,Biomass and productivity of trematode parasites in pond ecosystems,2013,Journal of Animal Ecology,,https://www.scopus.com/inward/record.uri?partnerID=HzOxMe3b&scp=84876305468&origin=inward,https://www.scopus.com/inward/citedby.uri?partnerID=HzOxMe3b&scp=84876305468&origin=inward,,2026-04-12 18:55:44,Article,10.1111/1365-2656.12030,00218790,https://api.elsevier.com/content/abstract/scopus_id/84876305468,82,3,,,,8.42,101.0,1,12,,,,84876305468,2-s2.0-84876305468
5,Ichikawa M.,Optical coherence tomographic and angioscopic assessments of arterial healing in coronary artery perforation after implantation of zotarolimus-eluting stent,2013,International Heart Journal,,https://www.scopus.com/inward/record.uri?partnerID=HzOxMe3b&scp=84885074781&origin=inward,https://www.scopus.com/inward/citedby.uri?partnerID=HzOxMe3b&scp=84885074781&origin=inward,,2026-04-12 18:55:44,Article,10.1536/ihj.54.332,13492365,https://api.elsevier.com/content/abstract/scopus_id/84885074781,54,5,,,,0.42,5.0,1,12,,,,84885074781,2-s2.0-84885074781
68,Bomfleur B.,Whole-plant concept and environment reconstruction of a Telemachus conifer (voltziales) from the triassic of Antarctica,2013,International Journal of Plant Sciences,,https://www.scopus.com/inward/record.uri?partnerID=HzOxMe3b&scp=84875197584&origin=inward,https://www.scopus.com/inward/citedby.uri?partnerID=HzOxMe3b&scp=84875197584&origin=inward,,2026-04-12 18:55:44,Article,10.1086/668686,10585893,https://api.elsevier.com/content/abstract/scopus_id/84875197584,174,3,,,,5.67,68.0,1,12,,,,84875197584,2-s2.0-84875197584
24,Orlofske J.M.,The tiny mayfly in the room: Implications of size-dependent invertebrate taxonomic identification for biomonitoring data properties,2013,Aquatic Ecology,,https://www.scopus.com/inward/record.uri?partnerID=HzOxMe3b&scp=84887881061&origin=inward,https://www.scopus.com/inward/citedby.uri?partnerID=HzOxMe3b&scp=84887881061&origin=inward,,2026-04-12 18:55:44,Article,10.1007/s10452-013-9460-1,13862588,https://api.elsevier.com/content/abstract/scopus_id/84887881061,47,4,,,,2.0,24.0,1,12,,,,84887881061,2-s2.0-84887881061
93,Ha N.S.,Relationship between wingbeat frequency and resonant frequency of the wing in insects,2013,Bioinspiration and Biomimetics,,https://www.scopus.com/inward/record.uri?partnerID=HzOxMe3b&scp=84889054415&origin=inward,https://www.scopus.com/inward/citedby.uri?partnerID=HzOxMe3b&scp=84889054415&origin=inward,,2026-04-12 18:55:44,Article,10.1088/1748-3182/8/4/046008,17483182,https://api.elsevier.com/content/abstract/scopus_id/84889054415,8,4,,,,7.75,93.0,1,12,,,,84889054415,2-s2.0-84889054415
45,Funk A.,Ecological niche models for the evaluation of management options in an urban floodplain-conservation vs. restoration purposes,2013,Environmental Science and Policy,,https://www.scopus.com/inward/record.uri?partnerID=HzOxMe3b&scp=84890234515&origin=inward,https://www.scopus.com/inward/citedby.uri?partnerID=HzOxMe3b&scp=84890234515&origin=inward,,2026-04-12 18:55:44,Article,10.1016/j.envsci.2012.08.011,14629011,https://api.elsevier.com/content/abstract/scopus_id/84890234515,34,,,,,3.75,45.0,1,12,,,,84890234515,2-s2.0-84890234515
2,Sasamoto A.,"Discovery of a new species of the genus planaeschna from northern Vietnam, with a first description of male P. Tomokunii",2013,Zootaxa,,https://www.scopus.com/inward/record.uri?partnerID=HzOxMe3b&scp=84878943744&origin=inward,https://www.scopus.com/inward/citedby.uri?partnerID=HzOxMe3b&scp=84878943744&origin=inward,,2026-04-12 18:55:44,Article,10.11646/zootaxa.3652.5.8,11755326,https://api.elsevier.com/content/abstract/scopus_id/84878943744,3652,5,,,,0.17,2.0,1,12,,,,84878943744,2-s2.0-84878943744
91,Mehanna E.,Volumetric characterization of human coronary calcification by frequency-domain optical coherence tomography,2013,Circulation Journal,,https://www.scopus.com/inward/record.uri?partnerID=HzOxMe3b&scp=84882795309&origin=inward,https://www.scopus.com/inward/citedby.uri?partnerID=HzOxMe3b&scp=84882795309&origin=inward,,2026-04-12 18:55:44,Article,10.1253/circj.CJ-12-1458,13469843,https://api.elsevier.com/content/abstract/scopus_id/84882795309,77,9,,,,7.58,91.0,1,12,,,,84882795309,2-s2.0-84882795309
19,Lehtinen T.,Feasibility and safety of frequency-domain optical coherence tomography for coronary artery evaluation: A single-center study,2013,International Journal of Cardiovascular Imaging,,https://www.scopus.com/inward/record.uri?partnerID=HzOxMe3b&scp=84893711987&origin=inward,https://www.scopus.com/inward/citedby.uri?partnerID=HzOxMe3b&scp=84893711987&origin=inward,,2026-04-12 18:55:44,Article,10.1007/s10554-013-0196-8,15695794,https://api.elsevier.com/content/abstract/scopus_id/84893711987,29,5,,,,1.58,19.0,1,12,,,,84893711987,2-s2.0-84893711987
0,Zhou Z.,Genetic diversity of Conocephalus maculatus of different geographic populations based on mitochondrial DNA control region analysis,2013,Shengtai Xuebao Acta Ecologica Sinica,,https://www.scopus.com/inward/record.uri?partnerID=HzOxMe3b&scp=84876066052&origin=inward,https://www.scopus.com/inward/citedby.uri?partnerID=HzOxMe3b&scp=84876066052&origin=inward,,2026-04-12 18:55:44,Article,10.5846/stxb201209061261,10000933,https://api.elsevier.com/content/abstract/scopus_id/84876066052,33,6,,,,0.0,0.0,1,12,,,,84876066052,2-s2.0-84876066052
12,Reith S.,Predictors and incidence of stent edge dissections in patients with type 2 diabetes as determined by optical coherence tomography,2013,International Journal of Cardiovascular Imaging,,https://www.scopus.com/inward/record.uri?partnerID=HzOxMe3b&scp=84893658955&origin=inward,https://www.scopus.com/inward/citedby.uri?partnerID=HzOxMe3b&scp=84893658955&origin=inward,,2026-04-12 18:55:44,Article,10.1007/s10554-013-0213-y,15695794,https://api.elsevier.com/content/abstract/scopus_id/84893658955,29,6,,,,1.0,12.0,1,12,,,,84893658955,2-s2.0-84893658955
151,Bezerra H.G.,Optical coherence tomography versus intravascular ultrasound to evaluate coronary artery disease and percutaneous coronary intervention,2013,Jacc Cardiovascular Interventions,,https://www.scopus.com/inward/record.uri?partnerID=HzOxMe3b&scp=84880994810&origin=inward,https://www.scopus.com/inward/citedby.uri?partnerID=HzOxMe3b&scp=84880994810&origin=inward,,2026-04-12 18:55:44,Article,10.1016/j.jcin.2012.09.017,19368798,https://api.elsevier.com/content/abstract/scopus_id/84880994810,6,3,,,,12.58,151.0,1,12,,,,84880994810,2-s2.0-84880994810
76,Kato K.,Nonculprit coronary plaque characteristics of chronic kidney disease,2013,Circulation Cardiovascular Imaging,,https://www.scopus.com/inward/record.uri?partnerID=HzOxMe3b&scp=84880234656&origin=inward,https://www.scopus.com/inward/citedby.uri?partnerID=HzOxMe3b&scp=84880234656&origin=inward,,2026-04-12 18:55:44,Article,10.1161/CIRCIMAGING.112.000165,19419651,https://api.elsevier.com/content/abstract/scopus_id/84880234656,6,3,,,,6.33,76.0,1,12,,,,84880234656,2-s2.0-84880234656
35,Magro M.,Residual atherothrombotic material after stenting in acute myocardial infarction - An optical coherence tomographic evaluation,2013,International Journal of Cardiology,,https://www.scopus.com/inward/record.uri?partnerID=HzOxMe3b&scp=84880918057&origin=inward,https://www.scopus.com/inward/citedby.uri?partnerID=HzOxMe3b&scp=84880918057&origin=inward,,2026-04-12 18:55:44,Article,10.1016/j.ijcard.2012.03.073,01675273,https://api.elsevier.com/content/abstract/scopus_id/84880918057,167,3,,,,2.92,35.0,1,12,,,,84880918057,2-s2.0-84880918057
14,Attizzani G.,Serial assessment by optical coherence tomography of early and late vascular responses after implantation of an absorbable-coating sirolimus-eluting stent (from the first-in-human DESSOLVE i Trial),2013,American Journal of Cardiology,,https://www.scopus.com/inward/record.uri?partnerID=HzOxMe3b&scp=84887021669&origin=inward,https://www.scopus.com/inward/citedby.uri?partnerID=HzOxMe3b&scp=84887021669&origin=inward,,2026-04-12 18:55:44,Article,10.1016/j.amjcard.2013.07.013,00029149,https://api.elsevier.com/content/abstract/scopus_id/84887021669,112,10,,,,1.17,14.0,1,12,,,,84887021669,2-s2.0-84887021669
3,Mikhailov Y.E.,Review of the genus Cystocnemis (Coleoptera: Chrysomelidae: Chrysomelinae) with descriptions of two new species,2013,Zootaxa,,https://www.scopus.com/inward/record.uri?partnerID=HzOxMe3b&scp=84888164419&origin=inward,https://www.scopus.com/inward/citedby.uri?partnerID=HzOxMe3b&scp=84888164419&origin=inward,,2026-04-12 18:55:44,Article,10.11646/zootaxa.3736.5.6,11755326,https://api.elsevier.com/content/abstract/scopus_id/84888164419,3736,5,,,,0.25,3.0,1,12,,,,84888164419,2-s2.0-84888164419
8,Mguni S.,"Enigmatic rock paintings of insectiforms in the Cederberg, Western Cape, South Africa",2013,South African Archaeological Bulletin,,https://www.scopus.com/inward/record.uri?partnerID=HzOxMe3b&scp=84896340093&origin=inward,https://www.scopus.com/inward/citedby.uri?partnerID=HzOxMe3b&scp=84896340093&origin=inward,,2026-04-12 18:55:44,Article,,00381969,https://api.elsevier.com/content/abstract/scopus_id/84896340093,68,198,,,,0.67,8.0,1,12,,,,84896340093,2-s2.0-84896340093
23,Blanckaert K.,The role of turbulence in the hydraulic environment of benthic invertebrates,2013,Ecohydrology,,https://www.scopus.com/inward/record.uri?partnerID=HzOxMe3b&scp=84881513427&origin=inward,https://www.scopus.com/inward/citedby.uri?partnerID=HzOxMe3b&scp=84881513427&origin=inward,,2026-04-12 18:55:44,Article,10.1002/eco.1301,19360584,https://api.elsevier.com/content/abstract/scopus_id/84881513427,6,4,,,,1.92,23.0,1,12,,,,84881513427,2-s2.0-84881513427
96,Rudolf V.H.W.,Population structure determines functional differences among species and ecosystem processes,2013,Nature Communications,,https://www.scopus.com/inward/record.uri?partnerID=HzOxMe3b&scp=84883117611&origin=inward,https://www.scopus.com/inward/citedby.uri?partnerID=HzOxMe3b&scp=84883117611&origin=inward,,2026-04-12 18:55:44,Article,10.1038/ncomms3318,,https://api.elsevier.com/content/abstract/scopus_id/84883117611,4,,,,,8.0,96.0,1,12,,,,84883117611,2-s2.0-84883117611
6,Booth A.,Rapid colonisation of artificial substrates by macroinvertebrates in a South African lentic environment,2013,African Journal of Aquatic Science,,https://www.scopus.com/inward/record.uri?partnerID=HzOxMe3b&scp=84879168583&origin=inward,https://www.scopus.com/inward/citedby.uri?partnerID=HzOxMe3b&scp=84879168583&origin=inward,,2026-04-12 18:55:44,Article,10.2989/16085914.2012.744687,16085914,https://api.elsevier.com/content/abstract/scopus_id/84879168583,38,2,,,,0.5,6.0,1,12,,,,84879168583,2-s2.0-84879168583
40,Okamoto K.,The evolution of species recognition in competitive and mating contexts: The relative efficacy of alternative mechanisms of character displacement,2013,Ecology Letters,,https://www.scopus.com/inward/record.uri?partnerID=HzOxMe3b&scp=84876710699&origin=inward,https://www.scopus.com/inward/citedby.uri?partnerID=HzOxMe3b&scp=84876710699&origin=inward,,2026-04-12 18:55:44,Article,10.1111/ele.12100,1461023X,https://api.elsevier.com/content/abstract/scopus_id/84876710699,16,5,,,,3.33,40.0,1,12,,,,84876710699,2-s2.0-84876710699
90,Yanagimachi R.,Sperm attractant in the micropyle region of fish and insect eggs,2013,Biology of Reproduction,,https://www.scopus.com/inward/record.uri?partnerID=HzOxMe3b&scp=84877018811&origin=inward,https://www.scopus.com/inward/citedby.uri?partnerID=HzOxMe3b&scp=84877018811&origin=inward,,2026-04-12 18:55:44,Article,10.1095/biolreprod.112.105072,00063363,https://api.elsevier.com/content/abstract/scopus_id/84877018811,88,2,,,,7.5,90.0,1,12,,,,84877018811,2-s2.0-84877018811
29,Li Y.,"Early Pennsylvanian Odonatoptera from the Xiaheyan locality (Ningxia, China): New material, taxa, and perspectives",2013,Fossil Record,,https://www.scopus.com/inward/record.uri?partnerID=HzOxMe3b&scp=84880938109&origin=inward,https://www.scopus.com/inward/citedby.uri?partnerID=HzOxMe3b&scp=84880938109&origin=inward,,2026-04-12 18:55:44,Article,10.1002/mmng.201300006,10533389,https://api.elsevier.com/content/abstract/scopus_id/84880938109,16,1,,,,2.42,29.0,1,12,,,,84880938109,2-s2.0-84880938109
