Cites,Authors,Title,Year,Source,Publisher,ArticleURL,CitesURL,GSRank,QueryDate,Type,DOI,ISSN,CitationURL,Volume,Issue,StartPage,EndPage,ECC,CitesPerYear,CitesPerAuthor,AuthorCount,Age,Abstract,FullTextURL,RelatedURL,ScopusID,EID
31,Guan D.L.,Different mitogenomic codon usage patterns between damselflies and dragonflies and nine complete mitogenomes for odonates,2019,Scientific Reports,,https://www.scopus.com/inward/record.uri?partnerID=HzOxMe3b&scp=85060526278&origin=inward,https://www.scopus.com/inward/citedby.uri?partnerID=HzOxMe3b&scp=85060526278&origin=inward,,2026-04-12 18:59:22,Article,10.1038/s41598-018-35760-2,,https://api.elsevier.com/content/abstract/scopus_id/85060526278,9,1,,,,5.17,31.0,1,6,,,,85060526278,2-s2.0-85060526278
1,Yang Q.,Odonata - Dragonflies and damselflies,2019,Rhythms of Insect Evolution Evidence from the Jurassic and Cretaceous in Northern China,,https://www.scopus.com/inward/record.uri?partnerID=HzOxMe3b&scp=85133178182&origin=inward,https://www.scopus.com/inward/citedby.uri?partnerID=HzOxMe3b&scp=85133178182&origin=inward,,2026-04-12 18:59:22,Book Chapter,10.1002/9781119427957.ch6,,https://api.elsevier.com/content/abstract/scopus_id/85133178182,,,,,,0.17,1.0,1,6,,,,85133178182,2-s2.0-85133178182
0,Kutsarov Y.,Dragonflies and damselflies (odonata: Insecta) from the Bulgarian stretch of the danube river and adjacent territories,2019,Biodiversity of the Bulgarian Romanian Section of the Lower Danube,,https://www.scopus.com/inward/record.uri?partnerID=HzOxMe3b&scp=85083543443&origin=inward,https://www.scopus.com/inward/citedby.uri?partnerID=HzOxMe3b&scp=85083543443&origin=inward,,2026-04-12 18:59:22,Book Chapter,,,https://api.elsevier.com/content/abstract/scopus_id/85083543443,,,,,,0.0,0.0,1,6,,,,85083543443,2-s2.0-85083543443
37,Zou P.Y.,Effects of phase lag on the hovering flight of damselfly and dragonfly,2019,Physical Review E,,https://www.scopus.com/inward/record.uri?partnerID=HzOxMe3b&scp=85076530001&origin=inward,https://www.scopus.com/inward/citedby.uri?partnerID=HzOxMe3b&scp=85076530001&origin=inward,,2026-04-12 18:59:22,Article,10.1103/PhysRevE.100.063102,24700045,https://api.elsevier.com/content/abstract/scopus_id/85076530001,100,6,,,,6.17,37.0,1,6,,,,85076530001,2-s2.0-85076530001
1,Nuraeni S.,"Identification of dragonfly and damselfly species around Mahaka river, Hasanuddin university teaching forest",2019,Iop Conference Series Earth and Environmental Science,,https://www.scopus.com/inward/record.uri?partnerID=HzOxMe3b&scp=85075986146&origin=inward,https://www.scopus.com/inward/citedby.uri?partnerID=HzOxMe3b&scp=85075986146&origin=inward,,2026-04-12 18:59:22,Conference Paper,10.1088/1755-1315/343/1/012052,17551307,https://api.elsevier.com/content/abstract/scopus_id/85075986146,343,1,,,,0.17,1.0,1,6,,,,85075986146,2-s2.0-85075986146
0,Paulson D.,Dragonflies: A NATURAL HISTORY & Damselflies,2019,Dragonflies A Natural History Damselflies,,https://www.scopus.com/inward/record.uri?partnerID=HzOxMe3b&scp=85198462578&origin=inward,https://www.scopus.com/inward/citedby.uri?partnerID=HzOxMe3b&scp=85198462578&origin=inward,,2026-04-12 18:59:22,Book,,,https://api.elsevier.com/content/abstract/scopus_id/85198462578,,,,,,0.0,0.0,1,6,,,,85198462578,2-s2.0-85198462578
28,Rocha-Ortega M.,Can dragonfly and damselfly communities be used as bioindicators of land use intensification?,2019,Ecological Indicators,,https://www.scopus.com/inward/record.uri?partnerID=HzOxMe3b&scp=85069005606&origin=inward,https://www.scopus.com/inward/citedby.uri?partnerID=HzOxMe3b&scp=85069005606&origin=inward,,2026-04-12 18:59:22,Article,10.1016/j.ecolind.2019.105553,1470160X,https://api.elsevier.com/content/abstract/scopus_id/85069005606,107,,,,,4.67,28.0,1,6,,,,85069005606,2-s2.0-85069005606
6,Kipping J.,The dragonflies and damselflies of angola: An updated synthesis,2019,Biodiversity of Angola Science and Conservation A Modern Synthesis,,https://www.scopus.com/inward/record.uri?partnerID=HzOxMe3b&scp=85064370588&origin=inward,https://www.scopus.com/inward/citedby.uri?partnerID=HzOxMe3b&scp=85064370588&origin=inward,,2026-04-12 18:59:22,Book Chapter,10.1007/978-3-030-03083-4_9,,https://api.elsevier.com/content/abstract/scopus_id/85064370588,,,,,,1.0,6.0,1,6,,,,85064370588,2-s2.0-85064370588
46,Nagy H.B.,Landscape-scale terrestrial factors are also vital in shaping Odonata assemblages of watercourses,2019,Scientific Reports,,https://www.scopus.com/inward/record.uri?partnerID=HzOxMe3b&scp=85075992838&origin=inward,https://www.scopus.com/inward/citedby.uri?partnerID=HzOxMe3b&scp=85075992838&origin=inward,,2026-04-12 18:59:22,Article,10.1038/s41598-019-54628-7,,https://api.elsevier.com/content/abstract/scopus_id/85075992838,9,1,,,,7.67,46.0,1,6,,,,85075992838,2-s2.0-85075992838
5,Zheng D.,Exceptionally well-preserved dragonflies (Insecta: Odonata) in Mexican amber,2019,Alcheringa,,https://www.scopus.com/inward/record.uri?partnerID=HzOxMe3b&scp=85047388447&origin=inward,https://www.scopus.com/inward/citedby.uri?partnerID=HzOxMe3b&scp=85047388447&origin=inward,,2026-04-12 18:59:22,Article,10.1080/03115518.2018.1456562,03115518,https://api.elsevier.com/content/abstract/scopus_id/85047388447,43,1,,,,0.83,5.0,1,6,,,,85047388447,2-s2.0-85047388447
69,May M.L.,Odonata: Who they are and what they have done for us lately: Classification and ecosystem services of Dragonflies,2019,Insects,,https://www.scopus.com/inward/record.uri?partnerID=HzOxMe3b&scp=85065312613&origin=inward,https://www.scopus.com/inward/citedby.uri?partnerID=HzOxMe3b&scp=85065312613&origin=inward,,2026-04-12 18:59:22,Review,10.3390/insects10030062,,https://api.elsevier.com/content/abstract/scopus_id/85065312613,10,3,,,,11.5,69.0,1,6,,,,85065312613,2-s2.0-85065312613
3,Kennedy A.,Predation of Dragonfly Nymphs by Passerines,2019,Northeastern Naturalist,,https://www.scopus.com/inward/record.uri?partnerID=HzOxMe3b&scp=85074631602&origin=inward,https://www.scopus.com/inward/citedby.uri?partnerID=HzOxMe3b&scp=85074631602&origin=inward,,2026-04-12 18:59:22,Review,10.1656/045.026.0310,10926194,https://api.elsevier.com/content/abstract/scopus_id/85074631602,26,3,,,,0.5,3.0,1,6,,,,85074631602,2-s2.0-85074631602
14,Bried J.T.,Improving taxonomic resolution in large-scale freshwater biodiversity monitoring: an example using wetlands and Odonata,2019,Insect Conservation and Diversity,,https://www.scopus.com/inward/record.uri?partnerID=HzOxMe3b&scp=85053534203&origin=inward,https://www.scopus.com/inward/citedby.uri?partnerID=HzOxMe3b&scp=85053534203&origin=inward,,2026-04-12 18:59:22,Article,10.1111/icad.12323,1752458X,https://api.elsevier.com/content/abstract/scopus_id/85053534203,12,1,,,,2.33,14.0,1,6,,,,85053534203,2-s2.0-85053534203
16,Borges L.R.,"Dragonflies and damselflies (Insecta: Odonata) from a cerrado area at triângulo mineiro, minas gerais, brazil",2019,Biota Neotropica,,https://www.scopus.com/inward/record.uri?partnerID=HzOxMe3b&scp=85063573672&origin=inward,https://www.scopus.com/inward/citedby.uri?partnerID=HzOxMe3b&scp=85063573672&origin=inward,,2026-04-12 18:59:22,Article,10.1590/1676-0611-BN-2018-0609,16760603,https://api.elsevier.com/content/abstract/scopus_id/85063573672,19,1,,,,2.67,16.0,1,6,,,,85063573672,2-s2.0-85063573672
0,,"Erratum: Dragonflies and damselflies (Insecta: Odonata) from a Cerrado area at Triângulo Mineiro, Minas Gerais, Brazil (Biota Neotropica, (2019) 19, 1, 10.1590/1676-0611-bn-2018-0609)",2019,Biota Neotropica,,https://www.scopus.com/inward/record.uri?partnerID=HzOxMe3b&scp=85063521332&origin=inward,https://www.scopus.com/inward/citedby.uri?partnerID=HzOxMe3b&scp=85063521332&origin=inward,,2026-04-12 18:59:22,Erratum,10.1590/1676-0611-BN-2018-0609er,16760603,https://api.elsevier.com/content/abstract/scopus_id/85063521332,19,2,,,,0.0,0.0,0,6,,,,85063521332,2-s2.0-85063521332
5,Assandri G.,"Dragonfly biodiversity 90 years ago in an Alpine region: The Odonata historical collection of the MUSE (Trento, Italy)",2019,Biodiversity Data Journal,,https://www.scopus.com/inward/record.uri?partnerID=HzOxMe3b&scp=85067357532&origin=inward,https://www.scopus.com/inward/citedby.uri?partnerID=HzOxMe3b&scp=85067357532&origin=inward,,2026-04-12 18:59:22,Data Paper,10.3897/BDJ.7.e32391,,https://api.elsevier.com/content/abstract/scopus_id/85067357532,7,,,,,0.83,5.0,1,6,,,,85067357532,2-s2.0-85067357532
8,Cordero Rivera A.,"Survival and longevity in neotropical damselflies (Odonata, Polythoridae)",2019,Animal Biodiversity and Conservation,,https://www.scopus.com/inward/record.uri?partnerID=HzOxMe3b&scp=85068501394&origin=inward,https://www.scopus.com/inward/citedby.uri?partnerID=HzOxMe3b&scp=85068501394&origin=inward,,2026-04-12 18:59:22,Article,10.32800/abc.2019.42.0293,1578665X,https://api.elsevier.com/content/abstract/scopus_id/85068501394,42,2,,,,1.33,8.0,1,6,,,,85068501394,2-s2.0-85068501394
7,Rodrigues M.E.,Dragonflies as indicators of the environmental conditions of veredas in a region of central-western Brazil,2019,Oecologia Australis,,https://www.scopus.com/inward/record.uri?partnerID=HzOxMe3b&scp=85078026395&origin=inward,https://www.scopus.com/inward/citedby.uri?partnerID=HzOxMe3b&scp=85078026395&origin=inward,,2026-04-12 18:59:22,Article,10.4257/oeco.2019.2304.20,,https://api.elsevier.com/content/abstract/scopus_id/85078026395,23,4,,,,1.17,7.0,1,6,,,,85078026395,2-s2.0-85078026395
19,Ožana S.,Dragonfly Hunter CZ: Mobile application for biological species recognition in citizen science,2019,Plos One,,https://www.scopus.com/inward/record.uri?partnerID=HzOxMe3b&scp=85059797427&origin=inward,https://www.scopus.com/inward/citedby.uri?partnerID=HzOxMe3b&scp=85059797427&origin=inward,,2026-04-12 18:59:22,Article,10.1371/journal.pone.0210370,,https://api.elsevier.com/content/abstract/scopus_id/85059797427,14,1,,,,3.17,19.0,1,6,,,,85059797427,2-s2.0-85059797427
9,Pinto Â.,"First report on the dragonflies from Parque Estadual da Ilha do Cardoso, state of São Paulo, Brazil, with notes on the morphology and behavior of Lauromacromia picinguaba (Odonata: Corduliidae s.l.)",2019,Studies on Neotropical Fauna and Environment,,https://www.scopus.com/inward/record.uri?partnerID=HzOxMe3b&scp=85057306231&origin=inward,https://www.scopus.com/inward/citedby.uri?partnerID=HzOxMe3b&scp=85057306231&origin=inward,,2026-04-12 18:59:22,Article,10.1080/01650521.2018.1538656,01650521,https://api.elsevier.com/content/abstract/scopus_id/85057306231,54,1,,,,1.5,9.0,1,6,,,,85057306231,2-s2.0-85057306231
3,Black K.L.,Functional plasticity in lamellar autotomy by larval damselflies in response to predatory larval dragonfly cues,2019,Evolutionary Ecology,,https://www.scopus.com/inward/record.uri?partnerID=HzOxMe3b&scp=85062730119&origin=inward,https://www.scopus.com/inward/citedby.uri?partnerID=HzOxMe3b&scp=85062730119&origin=inward,,2026-04-12 18:59:22,Article,10.1007/s10682-019-09979-y,02697653,https://api.elsevier.com/content/abstract/scopus_id/85062730119,33,2,,,,0.5,3.0,1,6,,,,85062730119,2-s2.0-85062730119
15,Patten M.A.,Breeding thresholds in opportunistic Odonata records,2019,Ecological Indicators,,https://www.scopus.com/inward/record.uri?partnerID=HzOxMe3b&scp=85066758949&origin=inward,https://www.scopus.com/inward/citedby.uri?partnerID=HzOxMe3b&scp=85066758949&origin=inward,,2026-04-12 18:59:22,Article,10.1016/j.ecolind.2019.105460,1470160X,https://api.elsevier.com/content/abstract/scopus_id/85066758949,106,,,,,2.5,15.0,1,6,,,,85066758949,2-s2.0-85066758949
9,Rivas-Torres A.,The evolution and diversity of intra-male sperm translocation in Odonata: a unique behaviour in animals,2019,Behavioral Ecology and Sociobiology,,https://www.scopus.com/inward/record.uri?partnerID=HzOxMe3b&scp=85063775399&origin=inward,https://www.scopus.com/inward/citedby.uri?partnerID=HzOxMe3b&scp=85063775399&origin=inward,,2026-04-12 18:59:22,Article,10.1007/s00265-019-2660-5,03405443,https://api.elsevier.com/content/abstract/scopus_id/85063775399,73,5,,,,1.5,9.0,1,6,,,,85063775399,2-s2.0-85063775399
6,Huang D.,"The first amber stenophlebiid damsel-dragonfly (Odonata, Epiproctophora, Stenophlebiidae) from mid-Cretaceous amber of northern Myanmar",2019,Cretaceous Research,,https://www.scopus.com/inward/record.uri?partnerID=HzOxMe3b&scp=85055753695&origin=inward,https://www.scopus.com/inward/citedby.uri?partnerID=HzOxMe3b&scp=85055753695&origin=inward,,2026-04-12 18:59:22,Article,10.1016/j.cretres.2018.10.008,01956671,https://api.elsevier.com/content/abstract/scopus_id/85055753695,94,,,,,1.0,6.0,1,6,,,,85055753695,2-s2.0-85055753695
2,Rivas-Torres A.,Variation in intraspecific sperm translocation behaviour in a damselfly and its consequences for sperm viability,2019,Animal Behaviour,,https://www.scopus.com/inward/record.uri?partnerID=HzOxMe3b&scp=85071725381&origin=inward,https://www.scopus.com/inward/citedby.uri?partnerID=HzOxMe3b&scp=85071725381&origin=inward,,2026-04-12 18:59:22,Article,10.1016/j.anbehav.2019.08.001,00033472,https://api.elsevier.com/content/abstract/scopus_id/85071725381,156,,,,,0.33,2.0,1,6,,,,85071725381,2-s2.0-85071725381
21,Barmentlo S.H.,"Environmental levels of neonicotinoids reduce prey consumption, mobility and emergence of the damselfly Ischnura elegans",2019,Journal of Applied Ecology,,https://www.scopus.com/inward/record.uri?partnerID=HzOxMe3b&scp=85073646637&origin=inward,https://www.scopus.com/inward/citedby.uri?partnerID=HzOxMe3b&scp=85073646637&origin=inward,,2026-04-12 18:59:22,Article,10.1111/1365-2664.13459,00218901,https://api.elsevier.com/content/abstract/scopus_id/85073646637,56,8,,,,3.5,21.0,1,6,,,,85073646637,2-s2.0-85073646637
1,Theischinger G.,"Nososticta purari sp. Nov., a new damselfly from Papua New Guinea (odonata: Platycnemididae)",2019,Odonatologica,,https://www.scopus.com/inward/record.uri?partnerID=HzOxMe3b&scp=85111710668&origin=inward,https://www.scopus.com/inward/citedby.uri?partnerID=HzOxMe3b&scp=85111710668&origin=inward,,2026-04-12 18:59:22,Article,10.5281/zenodo.3539744,03750183,https://api.elsevier.com/content/abstract/scopus_id/85111710668,48,3-4,,,,0.17,1.0,1,6,,,,85111710668,2-s2.0-85111710668
1,Hjalmarson E.,Win–win urban ecology: near-home fishing promotes diversity of Odonata,2019,Urban Ecosystems,,https://www.scopus.com/inward/record.uri?partnerID=HzOxMe3b&scp=85071416265&origin=inward,https://www.scopus.com/inward/citedby.uri?partnerID=HzOxMe3b&scp=85071416265&origin=inward,,2026-04-12 18:59:22,Article,10.1007/s11252-019-00896-0,10838155,https://api.elsevier.com/content/abstract/scopus_id/85071416265,22,6,,,,0.17,1.0,1,6,,,,85071416265,2-s2.0-85071416265
8,Zheng D.,"A new damsel-dragonfly (Odonata: Anisozygoptera: Campterophlebiidae) from the earliest Jurassic of the Junggar Basin, northwestern China",2019,Alcheringa,,https://www.scopus.com/inward/record.uri?partnerID=HzOxMe3b&scp=85068535026&origin=inward,https://www.scopus.com/inward/citedby.uri?partnerID=HzOxMe3b&scp=85068535026&origin=inward,,2026-04-12 18:59:22,Article,10.1080/03115518.2019.1623321,03115518,https://api.elsevier.com/content/abstract/scopus_id/85068535026,43,4,,,,1.33,8.0,1,6,,,,85068535026,2-s2.0-85068535026
7,Villalobos-Jiménez G.,"Wing shape patterns among urban, suburban, and rural populations of Ischnura elegans (Odonata: Coenagrionidae)",2019,International Journal of Odonatology,,https://www.scopus.com/inward/record.uri?partnerID=HzOxMe3b&scp=85060571347&origin=inward,https://www.scopus.com/inward/citedby.uri?partnerID=HzOxMe3b&scp=85060571347&origin=inward,,2026-04-12 18:59:22,Article,10.1080/13887890.2018.1564074,13887890,https://api.elsevier.com/content/abstract/scopus_id/85060571347,22,1,,,,1.17,7.0,1,6,,,,85060571347,2-s2.0-85060571347
13,Barbosa M.S.,"Odonate communities of the sucupira reservoir, Rio Uberabinha, Minas Gerais, Brazil",2019,Papeis Avulsos De Zoologia,,https://www.scopus.com/inward/record.uri?partnerID=HzOxMe3b&scp=85068518435&origin=inward,https://www.scopus.com/inward/citedby.uri?partnerID=HzOxMe3b&scp=85068518435&origin=inward,,2026-04-12 18:59:22,Article,10.11606/1807-0205/2019.59.22,00311049,https://api.elsevier.com/content/abstract/scopus_id/85068518435,59,,,,,2.17,13.0,1,6,,,,85068518435,2-s2.0-85068518435
3,Juen L.,Evaluating the biodiversity quality response of tropical odonata to tree clearance,2019,International Journal of Tropical Insect Science,,https://www.scopus.com/inward/record.uri?partnerID=HzOxMe3b&scp=85066962103&origin=inward,https://www.scopus.com/inward/citedby.uri?partnerID=HzOxMe3b&scp=85066962103&origin=inward,,2026-04-12 18:59:22,Article,10.1007/s42690-019-00011-y,17427584,https://api.elsevier.com/content/abstract/scopus_id/85066962103,39,1,,,,0.5,3.0,1,6,,,,85066962103,2-s2.0-85066962103
4,Abdul Aziz M.,"Annotated checklist of odonates (Insecta: Odonata) in Sungai Bantang Recreational Forest, Bekok, Johor, Malaysia",2019,Iop Conference Series Earth and Environmental Science,,https://www.scopus.com/inward/record.uri?partnerID=HzOxMe3b&scp=85071850701&origin=inward,https://www.scopus.com/inward/citedby.uri?partnerID=HzOxMe3b&scp=85071850701&origin=inward,,2026-04-12 18:59:22,Conference Paper,10.1088/1755-1315/269/1/012002,17551307,https://api.elsevier.com/content/abstract/scopus_id/85071850701,269,1,,,,0.67,4.0,1,6,,,,85071850701,2-s2.0-85071850701
3,Zheng D.,The second hemiphlebiid damselfly (Odonata: Zygoptera) from mid-Cretaceous Burmese amber,2019,Alcheringa,,https://www.scopus.com/inward/record.uri?partnerID=HzOxMe3b&scp=85057532720&origin=inward,https://www.scopus.com/inward/citedby.uri?partnerID=HzOxMe3b&scp=85057532720&origin=inward,,2026-04-12 18:59:22,Article,10.1080/03115518.2018.1518485,03115518,https://api.elsevier.com/content/abstract/scopus_id/85057532720,43,2,,,,0.5,3.0,1,6,,,,85057532720,2-s2.0-85057532720
10,Adu B.,"Assessment of the water quality and Odonata assemblages in three waterbodies in Ilara-Mokin, south-western Nigeria",2019,International Journal of Odonatology,,https://www.scopus.com/inward/record.uri?partnerID=HzOxMe3b&scp=85063990726&origin=inward,https://www.scopus.com/inward/citedby.uri?partnerID=HzOxMe3b&scp=85063990726&origin=inward,,2026-04-12 18:59:22,Article,10.1080/13887890.2019.1593889,13887890,https://api.elsevier.com/content/abstract/scopus_id/85063990726,22,2,,,,1.67,10.0,1,6,,,,85063990726,2-s2.0-85063990726
26,Waller J.T.,"The odonate phenotypic database, a new open data resource for comparative studies of an old insect order",2019,Scientific Data,,https://www.scopus.com/inward/record.uri?partnerID=HzOxMe3b&scp=85076446248&origin=inward,https://www.scopus.com/inward/citedby.uri?partnerID=HzOxMe3b&scp=85076446248&origin=inward,,2026-04-12 18:59:22,Data Paper,10.1038/s41597-019-0318-9,,https://api.elsevier.com/content/abstract/scopus_id/85076446248,6,1,,,,4.33,26.0,1,6,,,,85076446248,2-s2.0-85076446248
5,Helebrandová J.B.,Behavioural phenotypic plasticity of submerged oviposition in damselflies (Insecta: Odonata),2019,Insects,,https://www.scopus.com/inward/record.uri?partnerID=HzOxMe3b&scp=85067586637&origin=inward,https://www.scopus.com/inward/citedby.uri?partnerID=HzOxMe3b&scp=85067586637&origin=inward,,2026-04-12 18:59:22,Article,10.3390/insects10050124,,https://api.elsevier.com/content/abstract/scopus_id/85067586637,10,5,,,,0.83,5.0,1,6,,,,85067586637,2-s2.0-85067586637
9,Zheng D.,A highly diverse coenagrionoid damselfly group (Odonata: Zygoptera: Burmacoenagrionidae fam. nov.) from mid-Cretaceous Burmese amber,2019,Journal of Systematic Palaeontology,,https://www.scopus.com/inward/record.uri?partnerID=HzOxMe3b&scp=85035784085&origin=inward,https://www.scopus.com/inward/citedby.uri?partnerID=HzOxMe3b&scp=85035784085&origin=inward,,2026-04-12 18:59:22,Article,10.1080/14772019.2017.1406010,14772019,https://api.elsevier.com/content/abstract/scopus_id/85035784085,17,3,,,,1.5,9.0,1,6,,,,85035784085,2-s2.0-85035784085
8,Trueman J.W.H.,The wing venation of Odonata,2019,International Journal of Odonatology,,https://www.scopus.com/inward/record.uri?partnerID=HzOxMe3b&scp=85061563196&origin=inward,https://www.scopus.com/inward/citedby.uri?partnerID=HzOxMe3b&scp=85061563196&origin=inward,,2026-04-12 18:59:22,Article,10.1080/13887890.2019.1570876,13887890,https://api.elsevier.com/content/abstract/scopus_id/85061563196,22,1,,,,1.33,8.0,1,6,,,,85061563196,2-s2.0-85061563196
4,Gorb S.N.,"Wing surface in the damselfly Mecistogaster ornata (Zygoptera, Pseudostigmatidae): interactions between nanoscale wax and sticky spider webs",2019,International Journal of Odonatology,,https://www.scopus.com/inward/record.uri?partnerID=HzOxMe3b&scp=85060674432&origin=inward,https://www.scopus.com/inward/citedby.uri?partnerID=HzOxMe3b&scp=85060674432&origin=inward,,2026-04-12 18:59:22,Article,10.1080/13887890.2019.1566097,13887890,https://api.elsevier.com/content/abstract/scopus_id/85060674432,22,1,,,,0.67,4.0,1,6,,,,85060674432,2-s2.0-85060674432
20,Suárez-Tovar C.M.,"The larger the damselfly, the more likely to be threatened: A sexual selection approach",2019,Journal of Insect Conservation,,https://www.scopus.com/inward/record.uri?partnerID=HzOxMe3b&scp=85062877344&origin=inward,https://www.scopus.com/inward/citedby.uri?partnerID=HzOxMe3b&scp=85062877344&origin=inward,,2026-04-12 18:59:22,Article,10.1007/s10841-019-00142-0,1366638X,https://api.elsevier.com/content/abstract/scopus_id/85062877344,23,3,,,,3.33,20.0,1,6,,,,85062877344,2-s2.0-85062877344
27,Alves-Martins F.,Metacommunity patterns of Amazonian Odonata: The role of environmental gradients and major rivers,2019,Peerj,,https://www.scopus.com/inward/record.uri?partnerID=HzOxMe3b&scp=85073444542&origin=inward,https://www.scopus.com/inward/citedby.uri?partnerID=HzOxMe3b&scp=85073444542&origin=inward,,2026-04-12 18:59:22,Article,10.7717/peerj.6472,,https://api.elsevier.com/content/abstract/scopus_id/85073444542,2019,5,,,,4.5,27.0,1,6,,,,85073444542,2-s2.0-85073444542
17,Aromaa S.,Body mass and territorial defence strategy affect the territory size of odonate species,2019,Proceedings of the Royal Society B Biological Sciences,,https://www.scopus.com/inward/record.uri?partnerID=HzOxMe3b&scp=85076855408&origin=inward,https://www.scopus.com/inward/citedby.uri?partnerID=HzOxMe3b&scp=85076855408&origin=inward,,2026-04-12 18:59:22,Article,10.1098/rspb.2019.2398,09628452,https://api.elsevier.com/content/abstract/scopus_id/85076855408,286,1917,,,,2.83,17.0,1,6,,,,85076855408,2-s2.0-85076855408
2,Babošová M.,Dragonflies (Odonata) of botanical Garden's pond of sua in nitra,2019,Acta Fytotechnica Et Zootechnica,,https://www.scopus.com/inward/record.uri?partnerID=HzOxMe3b&scp=85078885412&origin=inward,https://www.scopus.com/inward/citedby.uri?partnerID=HzOxMe3b&scp=85078885412&origin=inward,,2026-04-12 18:59:22,Article,10.15414/afz.2019.22.04.110-113,1335258X,https://api.elsevier.com/content/abstract/scopus_id/85078885412,22,4,,,,0.33,2.0,1,6,,,,85078885412,2-s2.0-85078885412
23,Guillermo-Ferreira R.,Structural coloration predicts the outcome of male contests in the Amazonian damselfly Chalcopteryx scintillans (Odonata: Polythoridae),2019,Arthropod Structure and Development,,https://www.scopus.com/inward/record.uri?partnerID=HzOxMe3b&scp=85073726400&origin=inward,https://www.scopus.com/inward/citedby.uri?partnerID=HzOxMe3b&scp=85073726400&origin=inward,,2026-04-12 18:59:22,Article,10.1016/j.asd.2019.100884,14678039,https://api.elsevier.com/content/abstract/scopus_id/85073726400,53,,,,,3.83,23.0,1,6,,,,85073726400,2-s2.0-85073726400
0,Pokorný J.,"Mapping the Distribution of Reophilic Dragonflies, Damselflies and Water Beetles in the Czech Republic in the Years 2012–2015",2019,Priroda Czech Republic,,https://www.scopus.com/inward/record.uri?partnerID=HzOxMe3b&scp=85167789437&origin=inward,https://www.scopus.com/inward/citedby.uri?partnerID=HzOxMe3b&scp=85167789437&origin=inward,,2026-04-12 18:59:22,Article,,12113603,https://api.elsevier.com/content/abstract/scopus_id/85167789437,39,,,,,0.0,0.0,1,6,,,,85167789437,2-s2.0-85167789437
0,Kastner F.,Basics for the planning of habitat connectivity systems – spatial habitat analysis of the occurrence of the green hawker and the southern damselfly in northwest Germany,2019,Naturschutz Und Landschaftsplanung,,https://www.scopus.com/inward/record.uri?partnerID=HzOxMe3b&scp=85063040130&origin=inward,https://www.scopus.com/inward/citedby.uri?partnerID=HzOxMe3b&scp=85063040130&origin=inward,,2026-04-12 18:59:22,Article,,09406808,https://api.elsevier.com/content/abstract/scopus_id/85063040130,51,3,,,,0.0,0.0,1,6,,,,85063040130,2-s2.0-85063040130
1,Bora A.,"Odonate (Dragonflies and damselflies) Diversity as a marker of water quality in sivasagar, Assam, India",2019,International Journal on Emerging Technologies,,https://www.scopus.com/inward/record.uri?partnerID=HzOxMe3b&scp=85073787934&origin=inward,https://www.scopus.com/inward/citedby.uri?partnerID=HzOxMe3b&scp=85073787934&origin=inward,,2026-04-12 18:59:22,Article,,09758364,https://api.elsevier.com/content/abstract/scopus_id/85073787934,10,3,,,,0.17,1.0,1,6,,,,85073787934,2-s2.0-85073787934
6,Zheng D.,New gomphaeschnid dragonflies (Odonata: Anisoptera: Aeshnoptera) from mid-Cretaceous Burmese amber,2019,Cretaceous Research,,https://www.scopus.com/inward/record.uri?partnerID=HzOxMe3b&scp=85064431519&origin=inward,https://www.scopus.com/inward/citedby.uri?partnerID=HzOxMe3b&scp=85064431519&origin=inward,,2026-04-12 18:59:22,Article,10.1016/j.cretres.2019.03.027,01956671,https://api.elsevier.com/content/abstract/scopus_id/85064431519,100,,,,,1.0,6.0,1,6,,,,85064431519,2-s2.0-85064431519
8,Zheng D.,"Mesostictinae subfam. nov., an archaic group of platystictid damselflies (Odonata: Zygoptera) from mid-Cretaceous Burmese amber",2019,Journal of Systematic Palaeontology,,https://www.scopus.com/inward/record.uri?partnerID=HzOxMe3b&scp=85027493274&origin=inward,https://www.scopus.com/inward/citedby.uri?partnerID=HzOxMe3b&scp=85027493274&origin=inward,,2026-04-12 18:59:22,Article,10.1080/14772019.2017.1348395,14772019,https://api.elsevier.com/content/abstract/scopus_id/85027493274,17,1,,,,1.33,8.0,1,6,,,,85027493274,2-s2.0-85027493274
24,Córdoba-Aguilar A.,Damselfly (Odonata: Calopterygidae) population decline in an urbanizing watershed,2019,Journal of Insect Science,,https://www.scopus.com/inward/record.uri?partnerID=HzOxMe3b&scp=85068990526&origin=inward,https://www.scopus.com/inward/citedby.uri?partnerID=HzOxMe3b&scp=85068990526&origin=inward,,2026-04-12 18:59:22,Article,10.1093/jisesa/iez063,,https://api.elsevier.com/content/abstract/scopus_id/85068990526,19,3,,,,4.0,24.0,1,6,,,,85068990526,2-s2.0-85068990526
16,Bernard R.,Erythraeid larvae parasitizing dragonflies in Zambia-description of Leptus (Leptus) chingombensis sp. nov. with data on biology and ecology of host-parasite interactions,2019,Systematic and Applied Acarology,,https://www.scopus.com/inward/record.uri?partnerID=HzOxMe3b&scp=85066935532&origin=inward,https://www.scopus.com/inward/citedby.uri?partnerID=HzOxMe3b&scp=85066935532&origin=inward,,2026-04-12 18:59:22,Article,10.11158/saa.24.5.6,13621971,https://api.elsevier.com/content/abstract/scopus_id/85066935532,24,5,,,,2.67,16.0,1,6,,,,85066935532,2-s2.0-85066935532
4,Azmi W.A.,"A survey on diversity of insects in Pulau Sibu, Johor",2019,Malayan Nature Journal,,https://www.scopus.com/inward/record.uri?partnerID=HzOxMe3b&scp=85093883492&origin=inward,https://www.scopus.com/inward/citedby.uri?partnerID=HzOxMe3b&scp=85093883492&origin=inward,,2026-04-12 18:59:22,Article,,00251291,https://api.elsevier.com/content/abstract/scopus_id/85093883492,71,3,,,,0.67,4.0,1,6,,,,85093883492,2-s2.0-85093883492
7,Cunningham-Minnick M.J.,Shifts in dragonfly community structure across aquatic ecotones,2019,International Journal of Odonatology,,https://www.scopus.com/inward/record.uri?partnerID=HzOxMe3b&scp=85066997477&origin=inward,https://www.scopus.com/inward/citedby.uri?partnerID=HzOxMe3b&scp=85066997477&origin=inward,,2026-04-12 18:59:22,Article,10.1080/13887890.2019.1615006,13887890,https://api.elsevier.com/content/abstract/scopus_id/85066997477,22,2,,,,1.17,7.0,1,6,,,,85066997477,2-s2.0-85066997477
11,Pimenta A.L.A.,"Integrative taxonomy and phylogeny of the damselfly genus Forcepsioneura Lencioni, 1999 (Odonata: Coenagrionidae: Protoneurinae) with description of two new species from the Brazilian Atlantic forest",2019,Arthropod Systematics and Phylogeny,,https://www.scopus.com/inward/record.uri?partnerID=HzOxMe3b&scp=85084355660&origin=inward,https://www.scopus.com/inward/citedby.uri?partnerID=HzOxMe3b&scp=85084355660&origin=inward,,2026-04-12 18:59:22,Article,10.26049/ASP77-3-2019-2,18637221,https://api.elsevier.com/content/abstract/scopus_id/85084355660,77,3,,,,1.83,11.0,1,6,,,,85084355660,2-s2.0-85084355660
3,Borisov A.S.,Spring immigration of dragonflies (Odonata) in Tajikistan,2019,Euroasian Entomological Journal,,https://www.scopus.com/inward/record.uri?partnerID=HzOxMe3b&scp=85098104875&origin=inward,https://www.scopus.com/inward/citedby.uri?partnerID=HzOxMe3b&scp=85098104875&origin=inward,,2026-04-12 18:59:22,Article,10.15298/euroasentj.18.5.01,16844866,https://api.elsevier.com/content/abstract/scopus_id/85098104875,18,5,,,,0.5,3.0,1,6,,,,85098104875,2-s2.0-85098104875
1,Lin C.Y.,New damselfly hosts and species identification of an aquatic parasitoid Hydrophylita emporos (Hymenoptera: Trichogrammatidae) in Taiwan,2019,Journal of Natural History,,https://www.scopus.com/inward/record.uri?partnerID=HzOxMe3b&scp=85075762881&origin=inward,https://www.scopus.com/inward/citedby.uri?partnerID=HzOxMe3b&scp=85075762881&origin=inward,,2026-04-12 18:59:22,Article,10.1080/00222933.2019.1694714,00222933,https://api.elsevier.com/content/abstract/scopus_id/85075762881,53,35-36,,,,0.17,1.0,1,6,,,,85075762881,2-s2.0-85075762881
104,Termaat T.,Distribution trends of European dragonflies under climate change,2019,Diversity and Distributions,,https://www.scopus.com/inward/record.uri?partnerID=HzOxMe3b&scp=85065987792&origin=inward,https://www.scopus.com/inward/citedby.uri?partnerID=HzOxMe3b&scp=85065987792&origin=inward,,2026-04-12 18:59:22,Article,10.1111/ddi.12913,13669516,https://api.elsevier.com/content/abstract/scopus_id/85065987792,25,6,,,,17.33,104.0,1,6,,,,85065987792,2-s2.0-85065987792
0,Almansoori N.,Barcode of life data systems (Bold) versus genbank molecular identification of a dragonfly from the uae in comparison to the morphological identification,2019,Online Journal of Biological Sciences,,https://www.scopus.com/inward/record.uri?partnerID=HzOxMe3b&scp=85078241402&origin=inward,https://www.scopus.com/inward/citedby.uri?partnerID=HzOxMe3b&scp=85078241402&origin=inward,,2026-04-12 18:59:22,Article,10.3844/ojbsci.2019.237.244,,https://api.elsevier.com/content/abstract/scopus_id/85078241402,19,4,,,,0.0,0.0,1,6,,,,85078241402,2-s2.0-85078241402
19,Taybi A.F.,"New data on the dragonfly fauna (Odonata) of the moulouya river basin and the oriental region, morocco",2019,Arxius De Miscellania Zoologica,,https://www.scopus.com/inward/record.uri?partnerID=HzOxMe3b&scp=85070221222&origin=inward,https://www.scopus.com/inward/citedby.uri?partnerID=HzOxMe3b&scp=85070221222&origin=inward,,2026-04-12 18:59:22,Article,10.15470/dikubb,,https://api.elsevier.com/content/abstract/scopus_id/85070221222,17,,,,,3.17,19.0,1,6,,,,85070221222,2-s2.0-85070221222
12,Bechly G.,A new genus of hawker dragonfly (Odonata: Anisoptera: Aeshnidae) from the early Eocene fur formation of Denmark,2019,Zootaxa,,https://www.scopus.com/inward/record.uri?partnerID=HzOxMe3b&scp=85060478889&origin=inward,https://www.scopus.com/inward/citedby.uri?partnerID=HzOxMe3b&scp=85060478889&origin=inward,,2026-04-12 18:59:22,Article,10.11646/zootaxa.4550.1.6,11755326,https://api.elsevier.com/content/abstract/scopus_id/85060478889,4550,1,,,,2.0,12.0,1,6,,,,85060478889,2-s2.0-85060478889
22,Meland S.,"Road related pollutants induced DNA damage in dragonfly nymphs (Odonata, Anisoptera) living in highway sedimentation ponds",2019,Scientific Reports,,https://www.scopus.com/inward/record.uri?partnerID=HzOxMe3b&scp=85074623713&origin=inward,https://www.scopus.com/inward/citedby.uri?partnerID=HzOxMe3b&scp=85074623713&origin=inward,,2026-04-12 18:59:22,Article,10.1038/s41598-019-52207-4,,https://api.elsevier.com/content/abstract/scopus_id/85074623713,9,1,,,,3.67,22.0,1,6,,,,85074623713,2-s2.0-85074623713
6,LeNaour A.,Telemetry reveals the habitat selected by immature dragonflies: implications for conservation of the threatened dragonfly Leucorrhinia caudalis (Odonata: Anisoptera),2019,Journal of Insect Conservation,,https://www.scopus.com/inward/record.uri?partnerID=HzOxMe3b&scp=85059685830&origin=inward,https://www.scopus.com/inward/citedby.uri?partnerID=HzOxMe3b&scp=85059685830&origin=inward,,2026-04-12 18:59:22,Article,10.1007/s10841-018-00123-9,1366638X,https://api.elsevier.com/content/abstract/scopus_id/85059685830,23,1,,,,1.0,6.0,1,6,,,,85059685830,2-s2.0-85059685830
20,Lorenzo-Carballa M.O.,"Widespread Wolbachia infection in an insular radiation of damselflies (Odonata, Coenagrionidae)",2019,Scientific Reports,,https://www.scopus.com/inward/record.uri?partnerID=HzOxMe3b&scp=85070768019&origin=inward,https://www.scopus.com/inward/citedby.uri?partnerID=HzOxMe3b&scp=85070768019&origin=inward,,2026-04-12 18:59:22,Article,10.1038/s41598-019-47954-3,,https://api.elsevier.com/content/abstract/scopus_id/85070768019,9,1,,,,3.33,20.0,1,6,,,,85070768019,2-s2.0-85070768019
7,La Porta G.,"Investigation on the declining Southern Damselfly (Coenagrion mercuriale, Odonata) in a Mediterranean population: survival rate and population size",2019,Journal of Insect Conservation,,https://www.scopus.com/inward/record.uri?partnerID=HzOxMe3b&scp=85066036168&origin=inward,https://www.scopus.com/inward/citedby.uri?partnerID=HzOxMe3b&scp=85066036168&origin=inward,,2026-04-12 18:59:22,Article,10.1007/s10841-019-00160-y,1366638X,https://api.elsevier.com/content/abstract/scopus_id/85066036168,23,4,,,,1.17,7.0,1,6,,,,85066036168,2-s2.0-85066036168
13,Krieger A.,Restoration of raised bogs–Land-use history determines the composition of dragonfly assemblages,2019,Biological Conservation,,https://www.scopus.com/inward/record.uri?partnerID=HzOxMe3b&scp=85069041065&origin=inward,https://www.scopus.com/inward/citedby.uri?partnerID=HzOxMe3b&scp=85069041065&origin=inward,,2026-04-12 18:59:22,Article,10.1016/j.biocon.2019.06.032,00063207,https://api.elsevier.com/content/abstract/scopus_id/85069041065,237,,,,,2.17,13.0,1,6,,,,85069041065,2-s2.0-85069041065
16,Cerini F.,Dragonflies community assembly in artificial habitats: Glimpses from field and manipulative experiments,2019,Plos One,,https://www.scopus.com/inward/record.uri?partnerID=HzOxMe3b&scp=85067630390&origin=inward,https://www.scopus.com/inward/citedby.uri?partnerID=HzOxMe3b&scp=85067630390&origin=inward,,2026-04-12 18:59:22,Article,10.1371/journal.pone.0214127,,https://api.elsevier.com/content/abstract/scopus_id/85067630390,14,6,,,,2.67,16.0,1,6,,,,85067630390,2-s2.0-85067630390
16,Archibald S.B.,"Fossil dragonflies (Odonata: Anisoptera) from the early Eocene Okanagan Highlands, western North America",2019,Canadian Entomologist,,https://www.scopus.com/inward/record.uri?partnerID=HzOxMe3b&scp=85074126329&origin=inward,https://www.scopus.com/inward/citedby.uri?partnerID=HzOxMe3b&scp=85074126329&origin=inward,,2026-04-12 18:59:22,Article,10.4039/tce.2019.61,0008347X,https://api.elsevier.com/content/abstract/scopus_id/85074126329,151,6,,,,2.67,16.0,1,6,,,,85074126329,2-s2.0-85074126329
11,Toussaint E.F.A.,Forest giants on different evolutionary branches: Ecomorphological convergence in helicopter damselflies*,2019,Evolution,,https://www.scopus.com/inward/record.uri?partnerID=HzOxMe3b&scp=85061766652&origin=inward,https://www.scopus.com/inward/citedby.uri?partnerID=HzOxMe3b&scp=85061766652&origin=inward,,2026-04-12 18:59:22,Article,10.1111/evo.13695,00143820,https://api.elsevier.com/content/abstract/scopus_id/85061766652,73,5,,,,1.83,11.0,1,6,,,,85061766652,2-s2.0-85061766652
35,Johansson F.,Environmental variables drive differences in the beta diversity of dragonfly assemblages among urban stormwater ponds,2019,Ecological Indicators,,https://www.scopus.com/inward/record.uri?partnerID=HzOxMe3b&scp=85068252470&origin=inward,https://www.scopus.com/inward/citedby.uri?partnerID=HzOxMe3b&scp=85068252470&origin=inward,,2026-04-12 18:59:22,Article,10.1016/j.ecolind.2019.105529,1470160X,https://api.elsevier.com/content/abstract/scopus_id/85068252470,106,,,,,5.83,35.0,1,6,,,,85068252470,2-s2.0-85068252470
36,Outomuro D.,"Wing morphology and migration status, but not body size, habitat or Rapoport's rule predict range size in North-American dragonflies (Odonata: Libellulidae)",2019,Ecography,,https://www.scopus.com/inward/record.uri?partnerID=HzOxMe3b&scp=85060895387&origin=inward,https://www.scopus.com/inward/citedby.uri?partnerID=HzOxMe3b&scp=85060895387&origin=inward,,2026-04-12 18:59:22,Article,10.1111/ecog.03757,09067590,https://api.elsevier.com/content/abstract/scopus_id/85060895387,42,2,,,,6.0,36.0,1,6,,,,85060895387,2-s2.0-85060895387
11,Azar D.,"First Lebanese dragonflies (Insecta: Odonata, Aeshnoptera, Cavilabiata) from the Arabo-African mid-Cretaceous paleocontinent",2019,Cretaceous Research,,https://www.scopus.com/inward/record.uri?partnerID=HzOxMe3b&scp=85054001652&origin=inward,https://www.scopus.com/inward/citedby.uri?partnerID=HzOxMe3b&scp=85054001652&origin=inward,,2026-04-12 18:59:22,Article,10.1016/j.cretres.2018.08.025,01956671,https://api.elsevier.com/content/abstract/scopus_id/85054001652,93,,,,,1.83,11.0,1,6,,,,85054001652,2-s2.0-85054001652
11,Buczyńska E.,"Survival under anthropogenic impact: The response of dragonflies (Odonata), beetles (Coleoptera) and caddisflies (Trichoptera) to environmental disturbances in a two-way industrial canal system (central Poland)",2019,Peerj,,https://www.scopus.com/inward/record.uri?partnerID=HzOxMe3b&scp=85059857041&origin=inward,https://www.scopus.com/inward/citedby.uri?partnerID=HzOxMe3b&scp=85059857041&origin=inward,,2026-04-12 18:59:22,Article,10.7717/peerj.6215,,https://api.elsevier.com/content/abstract/scopus_id/85059857041,2019,1,,,,1.83,11.0,1,6,,,,85059857041,2-s2.0-85059857041
6,Gallesi M.M.,Voltinism and larval population structure of Calopteryx splendens (Odonata: Calopterygidae) in the Po Valley,2019,International Journal of Odonatology,,https://www.scopus.com/inward/record.uri?partnerID=HzOxMe3b&scp=85060631115&origin=inward,https://www.scopus.com/inward/citedby.uri?partnerID=HzOxMe3b&scp=85060631115&origin=inward,,2026-04-12 18:59:22,Article,10.1080/13887890.2018.1563916,13887890,https://api.elsevier.com/content/abstract/scopus_id/85060631115,22,1,,,,1.0,6.0,1,6,,,,85060631115,2-s2.0-85060631115
24,Briggs A.,Complementarity among dragonflies across a pondscape in a rural landscape mosaic,2019,Insect Conservation and Diversity,,https://www.scopus.com/inward/record.uri?partnerID=HzOxMe3b&scp=85060329336&origin=inward,https://www.scopus.com/inward/citedby.uri?partnerID=HzOxMe3b&scp=85060329336&origin=inward,,2026-04-12 18:59:22,Article,10.1111/icad.12339,1752458X,https://api.elsevier.com/content/abstract/scopus_id/85060329336,12,3,,,,4.0,24.0,1,6,,,,85060329336,2-s2.0-85060329336
12,Piretta L.,First record of the migrant dragonfly Pantala flavescens for mainland Italy (Insecta: Odonata),2019,Fragmenta Entomologica,,https://www.scopus.com/inward/record.uri?partnerID=HzOxMe3b&scp=85083500984&origin=inward,https://www.scopus.com/inward/citedby.uri?partnerID=HzOxMe3b&scp=85083500984&origin=inward,,2026-04-12 18:59:22,Article,10.4081/FE.2019.376,0429288X,https://api.elsevier.com/content/abstract/scopus_id/85083500984,51,2,,,,2.0,12.0,1,6,,,,85083500984,2-s2.0-85083500984
1,Lee D.J.,Quantifying the acid-base status of dragonflies across their transition from breathing water to breathing air,2019,Journal of Experimental Biology,,https://www.scopus.com/inward/record.uri?partnerID=HzOxMe3b&scp=85075813011&origin=inward,https://www.scopus.com/inward/citedby.uri?partnerID=HzOxMe3b&scp=85075813011&origin=inward,,2026-04-12 18:59:22,Article,10.1242/jeb.210294,00220949,https://api.elsevier.com/content/abstract/scopus_id/85075813011,222,22,,,,0.17,1.0,1,6,,,,85075813011,2-s2.0-85075813011
18,Buczyńska E.,"Aquatic insects of man-made habitats: Environmental factors determining the distribution of caddisflies (Trichoptera), Dragonflies (Odonata), and beetles (Coleoptera) in acidic peat pools",2019,Journal of Insect Science,,https://www.scopus.com/inward/record.uri?partnerID=HzOxMe3b&scp=85061488189&origin=inward,https://www.scopus.com/inward/citedby.uri?partnerID=HzOxMe3b&scp=85061488189&origin=inward,,2026-04-12 18:59:22,Article,10.1093/jisesa/iez005,,https://api.elsevier.com/content/abstract/scopus_id/85061488189,19,1,,,,3.0,18.0,1,6,,,,85061488189,2-s2.0-85061488189
0,Gorb S.,"Body temperatures in Sympecma paedisca (Zygoptera, Lestidae) in the autumn in the Central Ukraine",2019,International Journal of Odonatology,,https://www.scopus.com/inward/record.uri?partnerID=HzOxMe3b&scp=85063969852&origin=inward,https://www.scopus.com/inward/citedby.uri?partnerID=HzOxMe3b&scp=85063969852&origin=inward,,2026-04-12 18:59:22,Article,10.1080/13887890.2019.1587645,13887890,https://api.elsevier.com/content/abstract/scopus_id/85063969852,22,2,,,,0.0,0.0,1,6,,,,85063969852,2-s2.0-85063969852
9,Harabiš F.,Different oviposition strategies of closely related damselfly species as an effective defense against parasitoids,2019,Insects,,https://www.scopus.com/inward/record.uri?partnerID=HzOxMe3b&scp=85062212859&origin=inward,https://www.scopus.com/inward/citedby.uri?partnerID=HzOxMe3b&scp=85062212859&origin=inward,,2026-04-12 18:59:22,Article,10.3390/insects10010026,,https://api.elsevier.com/content/abstract/scopus_id/85062212859,10,1,,,,1.5,9.0,1,6,,,,85062212859,2-s2.0-85062212859
14,French S.K.,The movement responses of three libellulid dragonfly species to open and closed landscape cover,2019,Insect Conservation and Diversity,,https://www.scopus.com/inward/record.uri?partnerID=HzOxMe3b&scp=85066484913&origin=inward,https://www.scopus.com/inward/citedby.uri?partnerID=HzOxMe3b&scp=85066484913&origin=inward,,2026-04-12 18:59:22,Article,10.1111/icad.12355,1752458X,https://api.elsevier.com/content/abstract/scopus_id/85066484913,12,5,,,,2.33,14.0,1,6,,,,85066484913,2-s2.0-85066484913
13,Assandri G.,A critical review of the odonate fauna of Trentino: Annotated check-list and new relevant data for Italy (Insecta: Odonata),2019,Fragmenta Entomologica,,https://www.scopus.com/inward/record.uri?partnerID=HzOxMe3b&scp=85067352635&origin=inward,https://www.scopus.com/inward/citedby.uri?partnerID=HzOxMe3b&scp=85067352635&origin=inward,,2026-04-12 18:59:22,Article,10.4081/fe.2019.339,0429288X,https://api.elsevier.com/content/abstract/scopus_id/85067352635,51,1,,,,2.17,13.0,1,6,,,,85067352635,2-s2.0-85067352635
0,Okuyama H.,"Complete mitochondrial genome sequence of the broad-winged damselfly, Mnais pruinosa Selys, 1853 (Odonata: Calopterygidae)",2019,Mitochondrial DNA Part B Resources,,https://www.scopus.com/inward/record.uri?partnerID=HzOxMe3b&scp=85073212902&origin=inward,https://www.scopus.com/inward/citedby.uri?partnerID=HzOxMe3b&scp=85073212902&origin=inward,,2026-04-12 18:59:22,Article,10.1080/23802359.2019.1667887,,https://api.elsevier.com/content/abstract/scopus_id/85073212902,4,2,,,,0.0,0.0,1,6,,,,85073212902,2-s2.0-85073212902
27,Rocha-Ortega M.,Spatial and temporal effects of land use change as potential drivers of odonate community composition but not species richness,2019,Biodiversity and Conservation,,https://www.scopus.com/inward/record.uri?partnerID=HzOxMe3b&scp=85057526638&origin=inward,https://www.scopus.com/inward/citedby.uri?partnerID=HzOxMe3b&scp=85057526638&origin=inward,,2026-04-12 18:59:22,Article,10.1007/s10531-018-1671-2,09603115,https://api.elsevier.com/content/abstract/scopus_id/85057526638,28,2,,,,4.5,27.0,1,6,,,,85057526638,2-s2.0-85057526638
1,Gunnarsson K.,Review of the diet specialisation of the Blue-cheeked bee-eater (Merops persicus),2019,Journal of Ornithology,,https://www.scopus.com/inward/record.uri?partnerID=HzOxMe3b&scp=85060691886&origin=inward,https://www.scopus.com/inward/citedby.uri?partnerID=HzOxMe3b&scp=85060691886&origin=inward,,2026-04-12 18:59:22,Article,10.1007/s10336-018-1593-5,21937192,https://api.elsevier.com/content/abstract/scopus_id/85060691886,160,1,,,,0.17,1.0,1,6,,,,85060691886,2-s2.0-85060691886
5,Onishko V.V.,"New records of dragonflies (Odonata) for Russia, with notes on the distribution and habitats of rare species",2019,Euroasian Entomological Journal,,https://www.scopus.com/inward/record.uri?partnerID=HzOxMe3b&scp=85114751383&origin=inward,https://www.scopus.com/inward/citedby.uri?partnerID=HzOxMe3b&scp=85114751383&origin=inward,,2026-04-12 18:59:22,Article,10.15298/euroasentj.18.3.13,16844866,https://api.elsevier.com/content/abstract/scopus_id/85114751383,18,3,,,,0.83,5.0,1,6,,,,85114751383,2-s2.0-85114751383
63,Tennessen K.J.,Dragonfly Nymphs of North America: An Identification Guide,2019,Dragonfly Nymphs of North America an Identification Guide,,https://www.scopus.com/inward/record.uri?partnerID=HzOxMe3b&scp=105008160107&origin=inward,https://www.scopus.com/inward/citedby.uri?partnerID=HzOxMe3b&scp=105008160107&origin=inward,,2026-04-12 18:59:22,Book,10.1007/978-3-319-97776-8,,https://api.elsevier.com/content/abstract/scopus_id/105008160107,,,,,,10.5,63.0,1,6,,,,105008160107,2-s2.0-105008160107
4,Bell T.,"Flight initiation distance in dragonflies is species-specific, positively related to starting distance and sometimes body length",2019,International Journal of Odonatology,,https://www.scopus.com/inward/record.uri?partnerID=HzOxMe3b&scp=85074809033&origin=inward,https://www.scopus.com/inward/citedby.uri?partnerID=HzOxMe3b&scp=85074809033&origin=inward,,2026-04-12 18:59:22,Article,10.1080/13887890.2019.1668306,13887890,https://api.elsevier.com/content/abstract/scopus_id/85074809033,22,3-4,,,,0.67,4.0,1,6,,,,85074809033,2-s2.0-85074809033
9,Büsse S.,"Adaptations of dragonfly larvae and their exuviae (Insecta: Odonata), attachment devices and their crucial role during emergence",2019,Journal of Insect Physiology,,https://www.scopus.com/inward/record.uri?partnerID=HzOxMe3b&scp=85069699033&origin=inward,https://www.scopus.com/inward/citedby.uri?partnerID=HzOxMe3b&scp=85069699033&origin=inward,,2026-04-12 18:59:22,Article,10.1016/j.jinsphys.2019.103914,00221910,https://api.elsevier.com/content/abstract/scopus_id/85069699033,117,,,,,1.5,9.0,1,6,,,,85069699033,2-s2.0-85069699033
6,Wei G.,A new burmaeshnid dragonfly from the mid-Cretaceous Burmese amber: Elucidating wing base structure of true Odonata,2019,Cretaceous Research,,https://www.scopus.com/inward/record.uri?partnerID=HzOxMe3b&scp=85065583678&origin=inward,https://www.scopus.com/inward/citedby.uri?partnerID=HzOxMe3b&scp=85065583678&origin=inward,,2026-04-12 18:59:22,Article,10.1016/j.cretres.2019.04.005,01956671,https://api.elsevier.com/content/abstract/scopus_id/85065583678,101,,,,,1.0,6.0,1,6,,,,85065583678,2-s2.0-85065583678
1,Wrynn T.,Palatability and Defense of Eastern Newt (Notophthalmus viridescens) Larvae and Metamorphic Juveniles against Predatory Dragonfly Nymphs,2019,Northeastern Naturalist,,https://www.scopus.com/inward/record.uri?partnerID=HzOxMe3b&scp=85076738871&origin=inward,https://www.scopus.com/inward/citedby.uri?partnerID=HzOxMe3b&scp=85076738871&origin=inward,,2026-04-12 18:59:22,Article,10.1656/045.026.0414,10926194,https://api.elsevier.com/content/abstract/scopus_id/85076738871,26,4,,,,0.17,1.0,1,6,,,,85076738871,2-s2.0-85076738871
6,Baird I.R.C.,Establishment of larval pits by Tachopteryx thoreyi (Odonata: Petaluridae): habitat modification by a non-burrowing petalurid,2019,International Journal of Odonatology,,https://www.scopus.com/inward/record.uri?partnerID=HzOxMe3b&scp=85070851346&origin=inward,https://www.scopus.com/inward/citedby.uri?partnerID=HzOxMe3b&scp=85070851346&origin=inward,,2026-04-12 18:59:22,Article,10.1080/13887890.2019.1636889,13887890,https://api.elsevier.com/content/abstract/scopus_id/85070851346,22,2,,,,1.0,6.0,1,6,,,,85070851346,2-s2.0-85070851346
0,Choong C.Y.,"Odonata fauna of Pulau Pangkor, Perak, peninsular Malaysia",2019,Malaysian Forester,,https://www.scopus.com/inward/record.uri?partnerID=HzOxMe3b&scp=85061379965&origin=inward,https://www.scopus.com/inward/citedby.uri?partnerID=HzOxMe3b&scp=85061379965&origin=inward,,2026-04-12 18:59:22,Article,,03022935,https://api.elsevier.com/content/abstract/scopus_id/85061379965,82,1,,,,0.0,0.0,1,6,,,,85061379965,2-s2.0-85061379965
9,Lohmann A.C.,Dragonflies use underdamped pursuit to chase conspecifics,2019,Journal of Experimental Biology,,https://www.scopus.com/inward/record.uri?partnerID=HzOxMe3b&scp=85067790326&origin=inward,https://www.scopus.com/inward/citedby.uri?partnerID=HzOxMe3b&scp=85067790326&origin=inward,,2026-04-12 18:59:22,Article,10.1242/jeb.190884,00220949,https://api.elsevier.com/content/abstract/scopus_id/85067790326,222,11,,,,1.5,9.0,1,6,,,,85067790326,2-s2.0-85067790326
17,Bäumler F.,Resilin in the flight apparatus of Odonata (Insecta)-cap tendons and their biomechanical importance for flight,2019,Biology Letters,,https://www.scopus.com/inward/record.uri?partnerID=HzOxMe3b&scp=85065763122&origin=inward,https://www.scopus.com/inward/citedby.uri?partnerID=HzOxMe3b&scp=85065763122&origin=inward,,2026-04-12 18:59:22,Article,10.1098/rsbl.2019.0127,17449561,https://api.elsevier.com/content/abstract/scopus_id/85065763122,15,5,,,,2.83,17.0,1,6,,,,85065763122,2-s2.0-85065763122
19,Malikova E.I.,Check-list of Odonata of the Russian Federation,2019,Odonatologica,,https://www.scopus.com/inward/record.uri?partnerID=HzOxMe3b&scp=85067335957&origin=inward,https://www.scopus.com/inward/citedby.uri?partnerID=HzOxMe3b&scp=85067335957&origin=inward,,2026-04-12 18:59:22,Article,10.5281/zenodo.2677689,03750183,https://api.elsevier.com/content/abstract/scopus_id/85067335957,48,1-2,,,,3.17,19.0,1,6,,,,85067335957,2-s2.0-85067335957
35,Goertzen D.,Urbanization versus other land use: Diverging effects on dragonfly communities in Germany,2019,Diversity and Distributions,,https://www.scopus.com/inward/record.uri?partnerID=HzOxMe3b&scp=85059758076&origin=inward,https://www.scopus.com/inward/citedby.uri?partnerID=HzOxMe3b&scp=85059758076&origin=inward,,2026-04-12 18:59:22,Article,10.1111/ddi.12820,13669516,https://api.elsevier.com/content/abstract/scopus_id/85059758076,25,1,,,,5.83,35.0,1,6,,,,85059758076,2-s2.0-85059758076
1,Lagos F.,Bridge strengthening by conversion to tied-arch using dragonfly algorithm,2019,Iberian Conference on Information Systems and Technologies Cisti,,https://www.scopus.com/inward/record.uri?partnerID=HzOxMe3b&scp=85070104435&origin=inward,https://www.scopus.com/inward/citedby.uri?partnerID=HzOxMe3b&scp=85070104435&origin=inward,,2026-04-12 18:59:22,Conference Paper,10.23919/CISTI.2019.8760936,21660727,https://api.elsevier.com/content/abstract/scopus_id/85070104435,2019-June,,,,,0.17,1.0,1,6,,,,85070104435,2-s2.0-85070104435
0,Nan J.,"As light as a butterfly, as thin as a bee the mystery of dragonflies based on fluid mechanics",2019,Mechanics in Engineering,,https://www.scopus.com/inward/record.uri?partnerID=HzOxMe3b&scp=85174326859&origin=inward,https://www.scopus.com/inward/citedby.uri?partnerID=HzOxMe3b&scp=85174326859&origin=inward,,2026-04-12 18:59:22,Article,10.6052/1000-0879-18-343,10000879,https://api.elsevier.com/content/abstract/scopus_id/85174326859,41,4,,,,0.0,0.0,1,6,,,,85174326859,2-s2.0-85174326859
21,Futahashi R.,Molecular basis of wax-based color change and UV reflection in dragonflies,2019,Elife,,https://www.scopus.com/inward/record.uri?partnerID=HzOxMe3b&scp=85060788264&origin=inward,https://www.scopus.com/inward/citedby.uri?partnerID=HzOxMe3b&scp=85060788264&origin=inward,,2026-04-12 18:59:22,Article,10.7554/ELIFE.43045,,https://api.elsevier.com/content/abstract/scopus_id/85060788264,8,,,,,3.5,21.0,1,6,,,,85060788264,2-s2.0-85060788264
123,Rahman C.M.,Dragonfly algorithm and its applications in applied science survey,2019,Computational Intelligence and Neuroscience,,https://www.scopus.com/inward/record.uri?partnerID=HzOxMe3b&scp=85076987374&origin=inward,https://www.scopus.com/inward/citedby.uri?partnerID=HzOxMe3b&scp=85076987374&origin=inward,,2026-04-12 18:59:22,Review,10.1155/2019/9293617,16875265,https://api.elsevier.com/content/abstract/scopus_id/85076987374,2019,,,,,20.5,123.0,1,6,,,,85076987374,2-s2.0-85076987374
4,Günther A.,"Reproductive behaviour of chlorocyphidae. Part 1. genus sclerocypha fraser, 1949 (Odonata)",2019,Odonatologica,,https://www.scopus.com/inward/record.uri?partnerID=HzOxMe3b&scp=85111731337&origin=inward,https://www.scopus.com/inward/citedby.uri?partnerID=HzOxMe3b&scp=85111731337&origin=inward,,2026-04-12 18:59:22,Article,10.5281/zenodo.3539742,03750183,https://api.elsevier.com/content/abstract/scopus_id/85111731337,48,3-4,,,,0.67,4.0,1,6,,,,85111731337,2-s2.0-85111731337
5,Maynou X.,Phenology of the Odonata assemblage in a Mediterranean stream in the north-eastern Iberian Peninsula,2019,Odonatologica,,https://www.scopus.com/inward/record.uri?partnerID=HzOxMe3b&scp=85067339355&origin=inward,https://www.scopus.com/inward/citedby.uri?partnerID=HzOxMe3b&scp=85067339355&origin=inward,,2026-04-12 18:59:22,Article,10.5281/zenodo.2677686,03750183,https://api.elsevier.com/content/abstract/scopus_id/85067339355,48,1-2,,,,0.83,5.0,1,6,,,,85067339355,2-s2.0-85067339355
6,Ilahi I.,Oviposition deterrence and adult emergence inhibition activities of Cymbopogon Nardus Against CULEX QUINQUEFASCIATUS with study on non-target organisms,2019,Applied Ecology and Environmental Research,,https://www.scopus.com/inward/record.uri?partnerID=HzOxMe3b&scp=85064350704&origin=inward,https://www.scopus.com/inward/citedby.uri?partnerID=HzOxMe3b&scp=85064350704&origin=inward,,2026-04-12 18:59:22,Article,10.15666/aeer/1702_49154931,15891623,https://api.elsevier.com/content/abstract/scopus_id/85064350704,17,2,,,,1.0,6.0,1,6,,,,85064350704,2-s2.0-85064350704
27,Takahashi M.,Candidate genes associated with color morphs of female-limited polymorphisms of the damselfly Ischnura senegalensis,2019,Heredity,,https://www.scopus.com/inward/record.uri?partnerID=HzOxMe3b&scp=85046071377&origin=inward,https://www.scopus.com/inward/citedby.uri?partnerID=HzOxMe3b&scp=85046071377&origin=inward,,2026-04-12 18:59:22,Article,10.1038/s41437-018-0076-z,0018067X,https://api.elsevier.com/content/abstract/scopus_id/85046071377,122,1,,,,4.5,27.0,1,6,,,,85046071377,2-s2.0-85046071377
2,Gorb S.,Egg-laying job makes males hot: body temperature measurements in egg-laying tandems of the dragonfly Sympetrum vulgatum using IR camera,2019,Science of Nature,,https://www.scopus.com/inward/record.uri?partnerID=HzOxMe3b&scp=85068077044&origin=inward,https://www.scopus.com/inward/citedby.uri?partnerID=HzOxMe3b&scp=85068077044&origin=inward,,2026-04-12 18:59:22,Article,10.1007/s00114-019-1639-4,00281042,https://api.elsevier.com/content/abstract/scopus_id/85068077044,106,7-8,,,,0.33,2.0,1,6,,,,85068077044,2-s2.0-85068077044
8,Nel A.,"A new, extraordinary ‘damselfly-like’ Odonatoptera from the Pennsylvanian of the Avion locality in Pas-de-Calais, France (Insecta: ‘Exopterygota’)",2019,Alcheringa,,https://www.scopus.com/inward/record.uri?partnerID=HzOxMe3b&scp=85053307520&origin=inward,https://www.scopus.com/inward/citedby.uri?partnerID=HzOxMe3b&scp=85053307520&origin=inward,,2026-04-12 18:59:22,Article,10.1080/03115518.2018.1489561,03115518,https://api.elsevier.com/content/abstract/scopus_id/85053307520,43,2,,,,1.33,8.0,1,6,,,,85053307520,2-s2.0-85053307520
6,Liu H.,Numerical study on the aerodynamic performance of the flexible and corrugated forewing of dragonfly in gilding flight,2019,Lixue Xuebao Chinese Journal of Theoretical and Applied Mechanics,,https://www.scopus.com/inward/record.uri?partnerID=HzOxMe3b&scp=85064754246&origin=inward,https://www.scopus.com/inward/citedby.uri?partnerID=HzOxMe3b&scp=85064754246&origin=inward,,2026-04-12 18:59:22,Article,10.6052/0459-1879-18-157,04591879,https://api.elsevier.com/content/abstract/scopus_id/85064754246,51,1,,,,1.0,6.0,1,6,,,,85064754246,2-s2.0-85064754246
39,Henze M.J.,Pterin-pigmented nanospheres create the colours of the polymorphic damselfly Ischnura elegans,2019,Journal of the Royal Society Interface,,https://www.scopus.com/inward/record.uri?partnerID=HzOxMe3b&scp=85064966911&origin=inward,https://www.scopus.com/inward/citedby.uri?partnerID=HzOxMe3b&scp=85064966911&origin=inward,,2026-04-12 18:59:22,Article,10.1098/rsif.2018.0785,17425689,https://api.elsevier.com/content/abstract/scopus_id/85064966911,16,153,,,,6.5,39.0,1,6,,,,85064966911,2-s2.0-85064966911
6,Torres-Cambas Y.,"Mechanisms of allopatric speciation in an Antillean damselfly genus (Odonata, Zygoptera): Vicariance or long-distance dispersal?",2019,Molecular Phylogenetics and Evolution,,https://www.scopus.com/inward/record.uri?partnerID=HzOxMe3b&scp=85064767004&origin=inward,https://www.scopus.com/inward/citedby.uri?partnerID=HzOxMe3b&scp=85064767004&origin=inward,,2026-04-12 18:59:22,Article,10.1016/j.ympev.2019.04.018,10557903,https://api.elsevier.com/content/abstract/scopus_id/85064767004,137,,,,,1.0,6.0,1,6,,,,85064767004,2-s2.0-85064767004
15,Evans B.J.E.,Differential tuning to visual motion allows robust encoding of optic flow in the dragonfly,2019,Journal of Neuroscience,,https://www.scopus.com/inward/record.uri?partnerID=HzOxMe3b&scp=85073124060&origin=inward,https://www.scopus.com/inward/citedby.uri?partnerID=HzOxMe3b&scp=85073124060&origin=inward,,2026-04-12 18:59:22,Article,10.1523/JNEUROSCI.0143-19.2019,02706474,https://api.elsevier.com/content/abstract/scopus_id/85073124060,39,41,,,,2.5,15.0,1,6,,,,85073124060,2-s2.0-85073124060
7,Do Y.,Identifying adult dragonfly prey items using DNA barcoding and stable isotope analysis,2019,Entomological Research,,https://www.scopus.com/inward/record.uri?partnerID=HzOxMe3b&scp=85063258676&origin=inward,https://www.scopus.com/inward/citedby.uri?partnerID=HzOxMe3b&scp=85063258676&origin=inward,,2026-04-12 18:59:22,Article,10.1111/1748-5967.12345,17382297,https://api.elsevier.com/content/abstract/scopus_id/85063258676,49,4,,,,1.17,7.0,1,6,,,,85063258676,2-s2.0-85063258676
6,Martınez-Lendech N.,Does juvenile hormone prompt oxidative stress in male damselflies?,2019,Journal of Experimental Biology,,https://www.scopus.com/inward/record.uri?partnerID=HzOxMe3b&scp=85062644377&origin=inward,https://www.scopus.com/inward/citedby.uri?partnerID=HzOxMe3b&scp=85062644377&origin=inward,,2026-04-12 18:59:22,Article,10.1242/jeb.194530,00220949,https://api.elsevier.com/content/abstract/scopus_id/85062644377,222,5,,,,1.0,6.0,1,6,,,,85062644377,2-s2.0-85062644377
54,Aci Ç.,A modified dragonfly optimization algorithm for single- and multiobjective problems using brownian motion,2019,Computational Intelligence and Neuroscience,,https://www.scopus.com/inward/record.uri?partnerID=HzOxMe3b&scp=85067817285&origin=inward,https://www.scopus.com/inward/citedby.uri?partnerID=HzOxMe3b&scp=85067817285&origin=inward,,2026-04-12 18:59:22,Article,10.1155/2019/6871298,16875265,https://api.elsevier.com/content/abstract/scopus_id/85067817285,2019,,,,,9.0,54.0,1,6,,,,85067817285,2-s2.0-85067817285
0,Okuyama H.,"A comparison of complete mitochondrial DNA sequences of Mnais costalis Selys, 1869 (Odonata: Calopterygidae) from three different populations (one allopatric and two sympatric)",2019,Mitochondrial DNA Part B Resources,,https://www.scopus.com/inward/record.uri?partnerID=HzOxMe3b&scp=85073983896&origin=inward,https://www.scopus.com/inward/citedby.uri?partnerID=HzOxMe3b&scp=85073983896&origin=inward,,2026-04-12 18:59:22,Article,10.1080/23802359.2019.1667888,,https://api.elsevier.com/content/abstract/scopus_id/85073983896,4,2,,,,0.0,0.0,1,6,,,,85073983896,2-s2.0-85073983896
21,César dos Santos Lima J.,Acute toxicity of four metals to three tropical aquatic invertebrates: The dragonfly Tramea cophysa and the ostracods Chlamydotheca sp. and Strandesia trispinosa,2019,Ecotoxicology and Environmental Safety,,https://www.scopus.com/inward/record.uri?partnerID=HzOxMe3b&scp=85065887531&origin=inward,https://www.scopus.com/inward/citedby.uri?partnerID=HzOxMe3b&scp=85065887531&origin=inward,,2026-04-12 18:59:22,Article,10.1016/j.ecoenv.2019.05.018,01476513,https://api.elsevier.com/content/abstract/scopus_id/85065887531,180,,,,,3.5,21.0,1,6,,,,85065887531,2-s2.0-85065887531
0,Verspui K.,Puzzling watercolours of Odonata from the collection of Edmond de Selys longchamps,2019,Odonatologica,,https://www.scopus.com/inward/record.uri?partnerID=HzOxMe3b&scp=85067364148&origin=inward,https://www.scopus.com/inward/citedby.uri?partnerID=HzOxMe3b&scp=85067364148&origin=inward,,2026-04-12 18:59:22,Review,10.5281/zenodo.2677684,03750183,https://api.elsevier.com/content/abstract/scopus_id/85067364148,48,1-2,,,,0.0,0.0,1,6,,,,85067364148,2-s2.0-85067364148
27,Lancer B.H.,A target-detecting visual neuron in the dragonfly locks on to selectively attended targets,2019,Journal of Neuroscience,,https://www.scopus.com/inward/record.uri?partnerID=HzOxMe3b&scp=85074118344&origin=inward,https://www.scopus.com/inward/citedby.uri?partnerID=HzOxMe3b&scp=85074118344&origin=inward,,2026-04-12 18:59:22,Article,10.1523/JNEUROSCI.1431-19.2019,02706474,https://api.elsevier.com/content/abstract/scopus_id/85074118344,39,43,,,,4.5,27.0,1,6,,,,85074118344,2-s2.0-85074118344
5,Peng J.,A novel chaotic dragonfly algorithm based on sine-cosine mechanism for optimization design,2019,2019 2nd International Conference on Information Systems and Computer Aided Education Iciscae 2019,,https://www.scopus.com/inward/record.uri?partnerID=HzOxMe3b&scp=85084923851&origin=inward,https://www.scopus.com/inward/citedby.uri?partnerID=HzOxMe3b&scp=85084923851&origin=inward,,2026-04-12 18:59:22,Conference Paper,10.1109/ICISCAE48440.2019.221614,,https://api.elsevier.com/content/abstract/scopus_id/85084923851,,,,,,0.83,5.0,1,6,,,,85084923851,2-s2.0-85084923851
34,Rodrigues M.E.,Egg-laying traits reflect shifts in dragonfly assemblages in response to different amount of tropical forest cover,2019,Insect Conservation and Diversity,,https://www.scopus.com/inward/record.uri?partnerID=HzOxMe3b&scp=85051051964&origin=inward,https://www.scopus.com/inward/citedby.uri?partnerID=HzOxMe3b&scp=85051051964&origin=inward,,2026-04-12 18:59:22,Article,10.1111/icad.12319,1752458X,https://api.elsevier.com/content/abstract/scopus_id/85051051964,12,3,,,,5.67,34.0,1,6,,,,85051051964,2-s2.0-85051051964
31,Rudolf J.,On the fracture resistance of dragonfly wings,2019,Journal of the Mechanical Behavior of Biomedical Materials,,https://www.scopus.com/inward/record.uri?partnerID=HzOxMe3b&scp=85069679633&origin=inward,https://www.scopus.com/inward/citedby.uri?partnerID=HzOxMe3b&scp=85069679633&origin=inward,,2026-04-12 18:59:22,Article,10.1016/j.jmbbm.2019.07.009,17516161,https://api.elsevier.com/content/abstract/scopus_id/85069679633,99,,,,,5.17,31.0,1,6,,,,85069679633,2-s2.0-85069679633
57,Salami E.,A review of aerodynamic studies on dragonfly flight,2019,Proceedings of the Institution of Mechanical Engineers Part C Journal of Mechanical Engineering Science,,https://www.scopus.com/inward/record.uri?partnerID=HzOxMe3b&scp=85070390644&origin=inward,https://www.scopus.com/inward/citedby.uri?partnerID=HzOxMe3b&scp=85070390644&origin=inward,,2026-04-12 18:59:22,Review,10.1177/0954406219861133,09544062,https://api.elsevier.com/content/abstract/scopus_id/85070390644,233,18,,,,9.5,57.0,1,6,,,,85070390644,2-s2.0-85070390644
18,Simon E.,Environmental-friendly contamination assessment of habitats based on the trace element content of dragonfly exuviae,2019,Water Switzerland,,https://www.scopus.com/inward/record.uri?partnerID=HzOxMe3b&scp=85075550457&origin=inward,https://www.scopus.com/inward/citedby.uri?partnerID=HzOxMe3b&scp=85075550457&origin=inward,,2026-04-12 18:59:22,Article,10.3390/w11112200,,https://api.elsevier.com/content/abstract/scopus_id/85075550457,11,11,,,,3.0,18.0,1,6,,,,85075550457,2-s2.0-85075550457
3,Devarakonda N.,Unique Dragonfly Optimization Algorithm for Harvesting and Clustering the Key Features,2019,Proceedings of 2019 IEEE 18th International Conference on Cognitive Informatics and Cognitive Computing Icci Cc 2019,,https://www.scopus.com/inward/record.uri?partnerID=HzOxMe3b&scp=85094669617&origin=inward,https://www.scopus.com/inward/citedby.uri?partnerID=HzOxMe3b&scp=85094669617&origin=inward,,2026-04-12 18:59:22,Conference Paper,10.1109/ICCICC46617.2019.9146092,,https://api.elsevier.com/content/abstract/scopus_id/85094669617,,,,,,0.5,3.0,1,6,,,,85094669617,2-s2.0-85094669617
2,Schilder R.J.,Parasitic gut infection in Libellula pulchella causes functional and molecular resemblance of dragonfly flight muscle to skeletal muscle of obese vertebrates,2019,Journal of Experimental Biology,,https://www.scopus.com/inward/record.uri?partnerID=HzOxMe3b&scp=85068181564&origin=inward,https://www.scopus.com/inward/citedby.uri?partnerID=HzOxMe3b&scp=85068181564&origin=inward,,2026-04-12 18:59:22,Article,10.1242/jeb.188508,00220949,https://api.elsevier.com/content/abstract/scopus_id/85068181564,222,5,,,,0.33,2.0,1,6,,,,85068181564,2-s2.0-85068181564
2,Schilder R.J.,Parasitic gut infection in Libellula pulchella causes functional and molecular resemblance of dragonfly flight muscle to skeletal muscle of obese vertebrates,2019,Journal of Experimental Biology,,https://www.scopus.com/inward/record.uri?partnerID=HzOxMe3b&scp=85068181564&origin=inward,https://www.scopus.com/inward/citedby.uri?partnerID=HzOxMe3b&scp=85068181564&origin=inward,,2026-04-12 18:59:22,Article,10.1242/jeb.188508,00220949,https://api.elsevier.com/content/abstract/scopus_id/85068181564,222,5,,,,0.33,2.0,1,6,,,,85068181564,2-s2.0-85068181564
2,Nava-Bolaños A.,Predicting hybridisation as a consequence of climate change in damselflies,2019,Insect Conservation and Diversity,,https://www.scopus.com/inward/record.uri?partnerID=HzOxMe3b&scp=85065512253&origin=inward,https://www.scopus.com/inward/citedby.uri?partnerID=HzOxMe3b&scp=85065512253&origin=inward,,2026-04-12 18:59:22,Article,10.1111/icad.12354,1752458X,https://api.elsevier.com/content/abstract/scopus_id/85065512253,12,5,,,,0.33,2.0,1,6,,,,85065512253,2-s2.0-85065512253
0,Wibowo S.S.,"Dragonfly Species Diversity (Odonata) in Three Telaga on the Highland Freshwater, West Java",2019,Iop Conference Series Earth and Environmental Science,,https://www.scopus.com/inward/record.uri?partnerID=HzOxMe3b&scp=85077771733&origin=inward,https://www.scopus.com/inward/citedby.uri?partnerID=HzOxMe3b&scp=85077771733&origin=inward,,2026-04-12 18:59:22,Conference Paper,10.1088/1755-1315/394/1/012007,17551307,https://api.elsevier.com/content/abstract/scopus_id/85077771733,394,1,,,,0.0,0.0,1,6,,,,85077771733,2-s2.0-85077771733
3,Phan Q.T.,Description of new damselfly Coeliccia schorri sp. n. (Odonata: Zygoptera: Platycnemididae) with a discussion of the Coeliccia hayashii-group in Vietnam,2019,International Journal of Odonatology,,https://www.scopus.com/inward/record.uri?partnerID=HzOxMe3b&scp=85060487961&origin=inward,https://www.scopus.com/inward/citedby.uri?partnerID=HzOxMe3b&scp=85060487961&origin=inward,,2026-04-12 18:59:22,Article,10.1080/13887890.2018.1557567,13887890,https://api.elsevier.com/content/abstract/scopus_id/85060487961,22,1,,,,0.5,3.0,1,6,,,,85060487961,2-s2.0-85060487961
4,Wildermuth H.,Death feigning in sexual conflict between dragonflies (Odonata): Does it exist?,2019,Odonatologica,,https://www.scopus.com/inward/record.uri?partnerID=HzOxMe3b&scp=85089865377&origin=inward,https://www.scopus.com/inward/citedby.uri?partnerID=HzOxMe3b&scp=85089865377&origin=inward,,2026-04-12 18:59:22,Article,10.5281/zenodo.3539734,03750183,https://api.elsevier.com/content/abstract/scopus_id/85089865377,48,3-4,,,,0.67,4.0,1,6,,,,85089865377,2-s2.0-85089865377
24,Islam S.,Formation of wormholes by dark matter in the galaxy Dragonfly 44,2019,Canadian Journal of Physics,,https://www.scopus.com/inward/record.uri?partnerID=HzOxMe3b&scp=85062773720&origin=inward,https://www.scopus.com/inward/citedby.uri?partnerID=HzOxMe3b&scp=85062773720&origin=inward,,2026-04-12 18:59:22,Article,10.1139/cjp-2017-0864,00084204,https://api.elsevier.com/content/abstract/scopus_id/85062773720,97,3,,,,4.0,24.0,1,6,,,,85062773720,2-s2.0-85062773720
0,Zheng M.,Experiment on flight performance of dragonfly during take-off,2019,Hangkong Dongli Xuebao Journal of Aerospace Power,,https://www.scopus.com/inward/record.uri?partnerID=HzOxMe3b&scp=85070809546&origin=inward,https://www.scopus.com/inward/citedby.uri?partnerID=HzOxMe3b&scp=85070809546&origin=inward,,2026-04-12 18:59:22,Article,10.13224/j.cnki.jasp.2019.07.006,10008055,https://api.elsevier.com/content/abstract/scopus_id/85070809546,34,7,,,,0.0,0.0,1,6,,,,85070809546,2-s2.0-85070809546
13,Delpon G.,Diachronic variations in the distribution of butterflies and dragonflies linked to recent habitat changes in Western Europe,2019,Insect Conservation and Diversity,,https://www.scopus.com/inward/record.uri?partnerID=HzOxMe3b&scp=85053773421&origin=inward,https://www.scopus.com/inward/citedby.uri?partnerID=HzOxMe3b&scp=85053773421&origin=inward,,2026-04-12 18:59:22,Article,10.1111/icad.12309,1752458X,https://api.elsevier.com/content/abstract/scopus_id/85053773421,12,1,,,,2.17,13.0,1,6,,,,85053773421,2-s2.0-85053773421
11,Kang Y.,Modeling and analysis of application interference on dragonfly+,2019,Sigsim PADS 2019 Proceedings of the 2019 ACM Sigsim Conference on Principles of Advanced Discrete Simulation,,https://www.scopus.com/inward/record.uri?partnerID=HzOxMe3b&scp=85067114184&origin=inward,https://www.scopus.com/inward/citedby.uri?partnerID=HzOxMe3b&scp=85067114184&origin=inward,,2026-04-12 18:59:22,Conference Paper,10.1145/3316480.3325517,,https://api.elsevier.com/content/abstract/scopus_id/85067114184,,,,,,1.83,11.0,1,6,,,,85067114184,2-s2.0-85067114184
6,Luo Y.,Aerodynamic Performance of Dragonfly Forewing-Hindwing Interaction in Gliding Flight,2019,Iop Conference Series Materials Science and Engineering,,https://www.scopus.com/inward/record.uri?partnerID=HzOxMe3b&scp=85067641032&origin=inward,https://www.scopus.com/inward/citedby.uri?partnerID=HzOxMe3b&scp=85067641032&origin=inward,,2026-04-12 18:59:22,Conference Paper,10.1088/1757-899X/538/1/012048,17578981,https://api.elsevier.com/content/abstract/scopus_id/85067641032,538,1,,,,1.0,6.0,1,6,,,,85067641032,2-s2.0-85067641032
41,Xu J.,Hybrid Nelder–Mead Algorithm and Dragonfly Algorithm for Function Optimization and the Training of a Multilayer Perceptron,2019,Arabian Journal for Science and Engineering,,https://www.scopus.com/inward/record.uri?partnerID=HzOxMe3b&scp=85063259769&origin=inward,https://www.scopus.com/inward/citedby.uri?partnerID=HzOxMe3b&scp=85063259769&origin=inward,,2026-04-12 18:59:22,Article,10.1007/s13369-018-3536-0,2193567X,https://api.elsevier.com/content/abstract/scopus_id/85063259769,44,4,,,,6.83,41.0,1,6,,,,85063259769,2-s2.0-85063259769
17,Mauffray W.F.,A catalogue and historical study of the odonata of Ecuador,2019,Zootaxa,,https://www.scopus.com/inward/record.uri?partnerID=HzOxMe3b&scp=85068562137&origin=inward,https://www.scopus.com/inward/citedby.uri?partnerID=HzOxMe3b&scp=85068562137&origin=inward,,2026-04-12 18:59:22,Article,10.11646/zootaxa.4628.1.1,11755326,https://api.elsevier.com/content/abstract/scopus_id/85068562137,4628,1,,,,2.83,17.0,1,6,,,,85068562137,2-s2.0-85068562137
33,Zhang S.,Influence of Microstructures on Aerodynamic Characteristics for Dragonfly Wing in Gliding Flight,2019,Journal of Bionic Engineering,,https://www.scopus.com/inward/record.uri?partnerID=HzOxMe3b&scp=85066111957&origin=inward,https://www.scopus.com/inward/citedby.uri?partnerID=HzOxMe3b&scp=85066111957&origin=inward,,2026-04-12 18:59:22,Article,10.1007/s42235-019-0034-3,16726529,https://api.elsevier.com/content/abstract/scopus_id/85066111957,16,3,,,,5.5,33.0,1,6,,,,85066111957,2-s2.0-85066111957
8,Shumway N.M.,The impact of deformation on the aerodynamics of flapping dragonfly wings,2019,AIAA Scitech 2019 Forum,,https://www.scopus.com/inward/record.uri?partnerID=HzOxMe3b&scp=85083942447&origin=inward,https://www.scopus.com/inward/citedby.uri?partnerID=HzOxMe3b&scp=85083942447&origin=inward,,2026-04-12 18:59:22,Conference Paper,10.2514/6.2019-1378,,https://api.elsevier.com/content/abstract/scopus_id/85083942447,,,,,,1.33,8.0,1,6,,,,85083942447,2-s2.0-85083942447
15,Dudová P.,"Prey selectivity and the effect of diet on growth and development of a dragonfly,Sympetrum sanguineum",2019,Peerj,,https://www.scopus.com/inward/record.uri?partnerID=HzOxMe3b&scp=85075592932&origin=inward,https://www.scopus.com/inward/citedby.uri?partnerID=HzOxMe3b&scp=85075592932&origin=inward,,2026-04-12 18:59:22,Article,10.7717/peerj.7881,,https://api.elsevier.com/content/abstract/scopus_id/85075592932,2019,11,,,,2.5,15.0,1,6,,,,85075592932,2-s2.0-85075592932
41,Xiang D.,Fault-Tolerant Adaptive Routing in Dragonfly Networks,2019,IEEE Transactions on Dependable and Secure Computing,,https://www.scopus.com/inward/record.uri?partnerID=HzOxMe3b&scp=85063002144&origin=inward,https://www.scopus.com/inward/citedby.uri?partnerID=HzOxMe3b&scp=85063002144&origin=inward,,2026-04-12 18:59:22,Article,10.1109/TDSC.2017.2693372,15455971,https://api.elsevier.com/content/abstract/scopus_id/85063002144,16,2,,,,6.83,41.0,1,6,,,,85063002144,2-s2.0-85063002144
12,Romero-Lebrón E.,"Geometric morphometrics to interpret the endophytic egg-laying behavior of Odonata (Insecta) from the Eocene of Patagonia, Argentina",2019,Journal of Paleontology,,https://www.scopus.com/inward/record.uri?partnerID=HzOxMe3b&scp=85074070895&origin=inward,https://www.scopus.com/inward/citedby.uri?partnerID=HzOxMe3b&scp=85074070895&origin=inward,,2026-04-12 18:59:22,Article,10.1017/jpa.2019.30,00223360,https://api.elsevier.com/content/abstract/scopus_id/85074070895,93,6,,,,2.0,12.0,1,6,,,,85074070895,2-s2.0-85074070895
0,Pan C.,Bionic model reliable reconstruction of dragonfly wing based on reverse engineering technology,2019,2019 IEEE International Conference on Manipulation Manufacturing and Measurement on the Nanoscale 3m Nano 2019 Proceedings,,https://www.scopus.com/inward/record.uri?partnerID=HzOxMe3b&scp=85078847697&origin=inward,https://www.scopus.com/inward/citedby.uri?partnerID=HzOxMe3b&scp=85078847697&origin=inward,,2026-04-12 18:59:22,Conference Paper,10.1109/3M-NANO46308.2019.8947373,,https://api.elsevier.com/content/abstract/scopus_id/85078847697,,,,,,0.0,0.0,1,6,,,,85078847697,2-s2.0-85078847697
6,Huang D.,A possible true Mesozoic Gomphidae s. str. from the mid-Cretaceous Burmese amber (Odonata: Anisoptera),2019,Cretaceous Research,,https://www.scopus.com/inward/record.uri?partnerID=HzOxMe3b&scp=85058174454&origin=inward,https://www.scopus.com/inward/citedby.uri?partnerID=HzOxMe3b&scp=85058174454&origin=inward,,2026-04-12 18:59:22,Article,10.1016/j.cretres.2018.11.001,01956671,https://api.elsevier.com/content/abstract/scopus_id/85058174454,95,,,,,1.0,6.0,1,6,,,,85058174454,2-s2.0-85058174454
48,Oliveira-Junior J.M.B.,The response of neotropical dragonflies (Insecta: Odonata) to local and regional abiotic factors in small streams of the amazon,2019,Insects,,https://www.scopus.com/inward/record.uri?partnerID=HzOxMe3b&scp=85076915087&origin=inward,https://www.scopus.com/inward/citedby.uri?partnerID=HzOxMe3b&scp=85076915087&origin=inward,,2026-04-12 18:59:22,Article,10.3390/insects10120446,,https://api.elsevier.com/content/abstract/scopus_id/85076915087,10,12,,,,8.0,48.0,1,6,,,,85076915087,2-s2.0-85076915087
7,Brown T.,Space Use of Predatory Larval Dragonflies and Tadpole Prey in Response to Chemical Cues of Predation,2019,American Midland Naturalist,,https://www.scopus.com/inward/record.uri?partnerID=HzOxMe3b&scp=85069195093&origin=inward,https://www.scopus.com/inward/citedby.uri?partnerID=HzOxMe3b&scp=85069195093&origin=inward,,2026-04-12 18:59:22,Article,10.1674/0003-0031-181.1.53,00030031,https://api.elsevier.com/content/abstract/scopus_id/85069195093,181,1,,,,1.17,7.0,1,6,,,,85069195093,2-s2.0-85069195093
34,Muthukumaran S.,Optimal path planning for an autonomous mobile robot using dragonfly algorithm,2019,International Journal of Simulation Modelling,,https://www.scopus.com/inward/record.uri?partnerID=HzOxMe3b&scp=85074559803&origin=inward,https://www.scopus.com/inward/citedby.uri?partnerID=HzOxMe3b&scp=85074559803&origin=inward,,2026-04-12 18:59:22,Article,10.2507/IJSIMM18(3)474,17264529,https://api.elsevier.com/content/abstract/scopus_id/85074559803,18,3,,,,5.67,34.0,1,6,,,,85074559803,2-s2.0-85074559803
11,Saeed N.A.,Feature selection using hybrid dragonfly algorithm in a heart disease predication system,2019,International Journal of Engineering and Advanced Technology,,https://www.scopus.com/inward/record.uri?partnerID=HzOxMe3b&scp=85072087869&origin=inward,https://www.scopus.com/inward/citedby.uri?partnerID=HzOxMe3b&scp=85072087869&origin=inward,,2026-04-12 18:59:22,Article,10.35940/ijeat.F8786.088619,,https://api.elsevier.com/content/abstract/scopus_id/85072087869,8,6,,,,1.83,11.0,1,6,,,,85072087869,2-s2.0-85072087869
4,Connors T.,Simulation framework for studying optical cable failures in dragonfly topologies,2019,Proceedings 2019 IEEE 33rd International Parallel and Distributed Processing Symposium Workshops Ipdpsw 2019,,https://www.scopus.com/inward/record.uri?partnerID=HzOxMe3b&scp=85070350643&origin=inward,https://www.scopus.com/inward/citedby.uri?partnerID=HzOxMe3b&scp=85070350643&origin=inward,,2026-04-12 18:59:22,Conference Paper,10.1109/IPDPSW.2019.00141,,https://api.elsevier.com/content/abstract/scopus_id/85070350643,,,,,,0.67,4.0,1,6,,,,85070350643,2-s2.0-85070350643
1,Zheng D.,"The first Cretaceous damselfly of the Jurassic family Steleopteridae (Odonata: Zygoptera), from Surrey, England",2019,Cretaceous Research,,https://www.scopus.com/inward/record.uri?partnerID=HzOxMe3b&scp=85053027710&origin=inward,https://www.scopus.com/inward/citedby.uri?partnerID=HzOxMe3b&scp=85053027710&origin=inward,,2026-04-12 18:59:22,Article,10.1016/j.cretres.2018.08.022,01956671,https://api.elsevier.com/content/abstract/scopus_id/85053027710,93,,,,,0.17,1.0,1,6,,,,85053027710,2-s2.0-85053027710
5,Pei S.,DATRA: A power-aware dynamic adaptive threshold routing algorithm for dragonfly network-on-chip topology,2019,Proceedings 2019 IEEE Intl Conf on Parallel and Distributed Processing with Applications Big Data and Cloud Computing Sustainable Computing and Communications Social Computing and Networking Ispa Bdcloud Sustaincom Socialcom 2019,,https://www.scopus.com/inward/record.uri?partnerID=HzOxMe3b&scp=85080890509&origin=inward,https://www.scopus.com/inward/citedby.uri?partnerID=HzOxMe3b&scp=85080890509&origin=inward,,2026-04-12 18:59:22,Conference Paper,10.1109/ISPA-BDCloud-SustainCom-SocialCom48970.2019.00052,,https://api.elsevier.com/content/abstract/scopus_id/85080890509,,,,,,0.83,5.0,1,6,,,,85080890509,2-s2.0-85080890509
16,Ashok Kumar C.,FDLA: Fractional Dragonfly based Load balancing Algorithm in cluster cloud model,2019,Cluster Computing,,https://www.scopus.com/inward/record.uri?partnerID=HzOxMe3b&scp=85045031697&origin=inward,https://www.scopus.com/inward/citedby.uri?partnerID=HzOxMe3b&scp=85045031697&origin=inward,,2026-04-12 18:59:22,Article,10.1007/s10586-018-1977-6,13867857,https://api.elsevier.com/content/abstract/scopus_id/85045031697,22,,,,,2.67,16.0,1,6,,,,85045031697,2-s2.0-85045031697
3,Sakai M.,The importance of riparian subtropical lucidophyllous forest to odonate conservation,2019,Aquatic Conservation Marine and Freshwater Ecosystems,,https://www.scopus.com/inward/record.uri?partnerID=HzOxMe3b&scp=85065338172&origin=inward,https://www.scopus.com/inward/citedby.uri?partnerID=HzOxMe3b&scp=85065338172&origin=inward,,2026-04-12 18:59:22,Article,10.1002/aqc.3099,10527613,https://api.elsevier.com/content/abstract/scopus_id/85065338172,29,5,,,,0.5,3.0,1,6,,,,85065338172,2-s2.0-85065338172
18,Baiche K.,Solving graph coloring problem using an enhanced binary dragonfly algorithm,2019,International Journal of Swarm Intelligence Research,,https://www.scopus.com/inward/record.uri?partnerID=HzOxMe3b&scp=85068031694&origin=inward,https://www.scopus.com/inward/citedby.uri?partnerID=HzOxMe3b&scp=85068031694&origin=inward,,2026-04-12 18:59:22,Article,10.4018/IJSIR.2019070102,19479263,https://api.elsevier.com/content/abstract/scopus_id/85068031694,10,3,,,,3.0,18.0,1,6,,,,85068031694,2-s2.0-85068031694
16,Lavimi R.,Investigation of the aerodynamic performance and flow physics on cross sections of Dragonfly wing on flapping and pitching motion in low Reynolds number,2019,Proceedings of the Institution of Mechanical Engineers Part G Journal of Aerospace Engineering,,https://www.scopus.com/inward/record.uri?partnerID=HzOxMe3b&scp=85045256014&origin=inward,https://www.scopus.com/inward/citedby.uri?partnerID=HzOxMe3b&scp=85045256014&origin=inward,,2026-04-12 18:59:22,Article,10.1177/0954410017737325,09544100,https://api.elsevier.com/content/abstract/scopus_id/85045256014,233,2,,,,2.67,16.0,1,6,,,,85045256014,2-s2.0-85045256014
41,Barbosa Oliveira-Junior J.M.,Structuring of dragonfly communities (Insecta: Odonata) in eastern amazon: Effects of environmental and spatial factors in preserved and altered streams,2019,Insects,,https://www.scopus.com/inward/record.uri?partnerID=HzOxMe3b&scp=85073466373&origin=inward,https://www.scopus.com/inward/citedby.uri?partnerID=HzOxMe3b&scp=85073466373&origin=inward,,2026-04-12 18:59:22,Article,10.3390/insects10100322,,https://api.elsevier.com/content/abstract/scopus_id/85073466373,10,10,,,,6.83,41.0,1,6,,,,85073466373,2-s2.0-85073466373
1,Pandya S.B.,Non Dominated Sorting Dragonfly Algorithm for Multi-Objectives Optimal Power Flow,2019,2019 Innovations in Power and Advanced Computing Technologies I Pact 2019,,https://www.scopus.com/inward/record.uri?partnerID=HzOxMe3b&scp=85078967905&origin=inward,https://www.scopus.com/inward/citedby.uri?partnerID=HzOxMe3b&scp=85078967905&origin=inward,,2026-04-12 18:59:22,Conference Paper,10.1109/i-PACT44901.2019.8960065,,https://api.elsevier.com/content/abstract/scopus_id/85078967905,,,,,,0.17,1.0,1,6,,,,85078967905,2-s2.0-85078967905
2,Thaokar N.R.,Moulting pattern and mortality during the final emergence of the coromandel marsh dart damselfly Ceriagrion coromandelianum (zygoptera: Coenagrionidae)in central India,2019,Journal of Threatened Taxa,,https://www.scopus.com/inward/record.uri?partnerID=HzOxMe3b&scp=85076833881&origin=inward,https://www.scopus.com/inward/citedby.uri?partnerID=HzOxMe3b&scp=85076833881&origin=inward,,2026-04-12 18:59:22,Article,10.11609/jott.5249.11.13.14672-14680,09747893,https://api.elsevier.com/content/abstract/scopus_id/85076833881,11,13,,,,0.33,2.0,1,6,,,,85076833881,2-s2.0-85076833881
16,Melbin K.,An Enhanced Model for Skin Disease Detection using Dragonfly Optimization based Deep Neural Network,2019,Proceedings of the 3rd International Conference on I Smac Iot in Social Mobile Analytics and Cloud I Smac 2019,,https://www.scopus.com/inward/record.uri?partnerID=HzOxMe3b&scp=85083035889&origin=inward,https://www.scopus.com/inward/citedby.uri?partnerID=HzOxMe3b&scp=85083035889&origin=inward,,2026-04-12 18:59:22,Conference Paper,10.1109/I-SMAC47947.2019.9032458,,https://api.elsevier.com/content/abstract/scopus_id/85083035889,,,,,,2.67,16.0,1,6,,,,85083035889,2-s2.0-85083035889
9,Xue J.,"Evolutionary history of a beautiful damselfly, Matrona basilaris, revealed by phylogeographic analyses: the first study of an odonate species in mainland China",2019,Heredity,,https://www.scopus.com/inward/record.uri?partnerID=HzOxMe3b&scp=85055487748&origin=inward,https://www.scopus.com/inward/citedby.uri?partnerID=HzOxMe3b&scp=85055487748&origin=inward,,2026-04-12 18:59:22,Article,10.1038/s41437-018-0158-y,0018067X,https://api.elsevier.com/content/abstract/scopus_id/85055487748,122,5,,,,1.5,9.0,1,6,,,,85055487748,2-s2.0-85055487748
0,Gassmann D.,"Two new damselflies of the genus Idiocnemis Selys from Gulf Province, Papua New Guinea (Odonata: Platycnemididae)",2019,Zootaxa,,https://www.scopus.com/inward/record.uri?partnerID=HzOxMe3b&scp=85061971737&origin=inward,https://www.scopus.com/inward/citedby.uri?partnerID=HzOxMe3b&scp=85061971737&origin=inward,,2026-04-12 18:59:22,Review,10.11646/zootaxa.4560.1.6,11755326,https://api.elsevier.com/content/abstract/scopus_id/85061971737,4560,1,,,,0.0,0.0,1,6,,,,85061971737,2-s2.0-85061971737
5,Bota-Sierra C.A.,A new species of Ischnura from the Colombian Central Andes (Odonata: Coenagrionidae),2019,Odonatologica,,https://www.scopus.com/inward/record.uri?partnerID=HzOxMe3b&scp=85067366178&origin=inward,https://www.scopus.com/inward/citedby.uri?partnerID=HzOxMe3b&scp=85067366178&origin=inward,,2026-04-12 18:59:22,Article,10.5281/zenodo.2677697,03750183,https://api.elsevier.com/content/abstract/scopus_id/85067366178,48,1-2,,,,0.83,5.0,1,6,,,,85067366178,2-s2.0-85067366178
9,Devaud M.,"First record of Pantala flavescens (Anisoptera: Libellulidae) from the remote Amsterdam Island, southern Indian Ocean",2019,Polar Biology,,https://www.scopus.com/inward/record.uri?partnerID=HzOxMe3b&scp=85062787568&origin=inward,https://www.scopus.com/inward/citedby.uri?partnerID=HzOxMe3b&scp=85062787568&origin=inward,,2026-04-12 18:59:22,Article,10.1007/s00300-019-02479-3,07224060,https://api.elsevier.com/content/abstract/scopus_id/85062787568,42,5,,,,1.5,9.0,1,6,,,,85062787568,2-s2.0-85062787568
5,Bharanidharan N.,Dementia MRI classification using hybrid dragonfly based support vector machine,2019,IEEE Region 10 Humanitarian Technology Conference R10 Htc,,https://www.scopus.com/inward/record.uri?partnerID=HzOxMe3b&scp=85083036722&origin=inward,https://www.scopus.com/inward/citedby.uri?partnerID=HzOxMe3b&scp=85083036722&origin=inward,,2026-04-12 18:59:22,Conference Paper,10.1109/R10-HTC47129.2019.9042471,25727621,https://api.elsevier.com/content/abstract/scopus_id/85083036722,2019-November,,,,,0.83,5.0,1,6,,,,85083036722,2-s2.0-85083036722
0,Ingley S.J.,Digest: Ecomorphological convergence across the Atlantic*,2019,Evolution,,https://www.scopus.com/inward/record.uri?partnerID=HzOxMe3b&scp=85065501131&origin=inward,https://www.scopus.com/inward/citedby.uri?partnerID=HzOxMe3b&scp=85065501131&origin=inward,,2026-04-12 18:59:22,Article,10.1111/evo.13729,00143820,https://api.elsevier.com/content/abstract/scopus_id/85065501131,73,5,,,,0.0,0.0,1,6,,,,85065501131,2-s2.0-85065501131
7,Curtsinger R.,Shortest paths in Dragonfly systems,2019,Proceedings 5th International Workshop of High Performance Interconnection Networks in the Exascale and Big Data Era Hipineb 2019,,https://www.scopus.com/inward/record.uri?partnerID=HzOxMe3b&scp=85081131162&origin=inward,https://www.scopus.com/inward/citedby.uri?partnerID=HzOxMe3b&scp=85081131162&origin=inward,,2026-04-12 18:59:22,Conference Paper,10.1109/HiPINEB.2019.00008,,https://api.elsevier.com/content/abstract/scopus_id/85081131162,,,,,,1.17,7.0,1,6,,,,85081131162,2-s2.0-85081131162
18,Al-Ammar E.,Optimal capacitor placement in radial distribution systems using a fuzzy-dragonfly method,2019,International Journal of Smart Grid and Clean Energy,,https://www.scopus.com/inward/record.uri?partnerID=HzOxMe3b&scp=85071492256&origin=inward,https://www.scopus.com/inward/citedby.uri?partnerID=HzOxMe3b&scp=85071492256&origin=inward,,2026-04-12 18:59:22,Article,10.12720/sgce.8.2.116-124,23154462,https://api.elsevier.com/content/abstract/scopus_id/85071492256,8,2,,,,3.0,18.0,1,6,,,,85071492256,2-s2.0-85071492256
26,Maia P.H.,Dragonfly: A tool for simulating self-adaptive drone behaviours,2019,ICSE Workshop on Software Engineering for Adaptive and Self Managing Systems,,https://www.scopus.com/inward/record.uri?partnerID=HzOxMe3b&scp=85071132558&origin=inward,https://www.scopus.com/inward/citedby.uri?partnerID=HzOxMe3b&scp=85071132558&origin=inward,,2026-04-12 18:59:22,Conference Paper,10.1109/SEAMS.2019.00022,21572305,https://api.elsevier.com/content/abstract/scopus_id/85071132558,2019-May,,,,,4.33,26.0,1,6,,,,85071132558,2-s2.0-85071132558
2,Shurulinkov P.S.,Biodiversity of the Bulgarian-Romanian section of the lower Danube,2019,Biodiversity of the Bulgarian Romanian Section of the Lower Danube,,https://www.scopus.com/inward/record.uri?partnerID=HzOxMe3b&scp=85083542691&origin=inward,https://www.scopus.com/inward/citedby.uri?partnerID=HzOxMe3b&scp=85083542691&origin=inward,,2026-04-12 18:59:22,Book,,,https://api.elsevier.com/content/abstract/scopus_id/85083542691,,,,,,0.33,2.0,1,6,,,,85083542691,2-s2.0-85083542691
43,Moore M.P.,"Temperature shapes the costs, benefits and geographic diversification of sexual coloration in a dragonfly",2019,Ecology Letters,,https://www.scopus.com/inward/record.uri?partnerID=HzOxMe3b&scp=85059620400&origin=inward,https://www.scopus.com/inward/citedby.uri?partnerID=HzOxMe3b&scp=85059620400&origin=inward,,2026-04-12 18:59:22,Letter,10.1111/ele.13200,1461023X,https://api.elsevier.com/content/abstract/scopus_id/85059620400,22,3,,,,7.17,43.0,1,6,,,,85059620400,2-s2.0-85059620400
4,Trueman J.W.H.,"Reply to Nel, Garrouste, and Schubnel (2019) “The wing venation of Odonata. International Journal of Odonatology”",2019,International Journal of Odonatology,,https://www.scopus.com/inward/record.uri?partnerID=HzOxMe3b&scp=85073957002&origin=inward,https://www.scopus.com/inward/citedby.uri?partnerID=HzOxMe3b&scp=85073957002&origin=inward,,2026-04-12 18:59:22,Article,10.1080/13887890.2019.1654932,13887890,https://api.elsevier.com/content/abstract/scopus_id/85073957002,22,3-4,,,,0.67,4.0,1,6,,,,85073957002,2-s2.0-85073957002
6,Liu C.,Research on vehicle routing problem with time windows based on the dragonfly algorithm,2019,Proceedings IEEE 17th International Conference on Dependable Autonomic and Secure Computing IEEE 17th International Conference on Pervasive Intelligence and Computing IEEE 5th International Conference on Cloud and Big Data Computing 4th Cyber Science and Technology Congress Dasc Picom Cbdcom Cyberscitech 2019,,https://www.scopus.com/inward/record.uri?partnerID=HzOxMe3b&scp=85075183152&origin=inward,https://www.scopus.com/inward/citedby.uri?partnerID=HzOxMe3b&scp=85075183152&origin=inward,,2026-04-12 18:59:22,Conference Paper,10.1109/DASC/PiCom/CBDCom/CyberSciTech.2019.00037,,https://api.elsevier.com/content/abstract/scopus_id/85075183152,,,,,,1.0,6.0,1,6,,,,85075183152,2-s2.0-85075183152
6,Tobias-Loaiza M.,"Odonata of the sierra nevada de santa marta, colombia: A preliminary list",2019,Revista De La Academia Colombiana De Ciencias Exactas Fisicas Y Naturales,,https://www.scopus.com/inward/record.uri?partnerID=HzOxMe3b&scp=85069227059&origin=inward,https://www.scopus.com/inward/citedby.uri?partnerID=HzOxMe3b&scp=85069227059&origin=inward,,2026-04-12 18:59:22,Article,10.18257/raccefyn.832,03703908,https://api.elsevier.com/content/abstract/scopus_id/85069227059,43,167,,,,1.0,6.0,1,6,,,,85069227059,2-s2.0-85069227059
4,Gabela-Flores M.V.,Demography and territorial behaviour of three species of the genus Hetaerina along three tropical stream ecosystems (Odonata: Calopterygidae),2019,Odonatologica,,https://www.scopus.com/inward/record.uri?partnerID=HzOxMe3b&scp=85067348758&origin=inward,https://www.scopus.com/inward/citedby.uri?partnerID=HzOxMe3b&scp=85067348758&origin=inward,,2026-04-12 18:59:22,Article,10.5281/zenodo.2677691,03750183,https://api.elsevier.com/content/abstract/scopus_id/85067348758,48,1-2,,,,0.67,4.0,1,6,,,,85067348758,2-s2.0-85067348758
1,Patil B.H.,Hybrid image inpainting using reproducing kernel Hilbert space and dragonfly inspired wavelet transform,2019,International Journal of Nano and Biomaterials,,https://www.scopus.com/inward/record.uri?partnerID=HzOxMe3b&scp=85079479135&origin=inward,https://www.scopus.com/inward/citedby.uri?partnerID=HzOxMe3b&scp=85079479135&origin=inward,,2026-04-12 18:59:22,Article,10.1504/IJNBM.2019.104946,17528933,https://api.elsevier.com/content/abstract/scopus_id/85079479135,8,3-4,,,,0.17,1.0,1,6,,,,85079479135,2-s2.0-85079479135
43,VeeraManickam M.R.M.,Map-Reduce framework based cluster architecture for academic student’s performance prediction using cumulative dragonfly based neural network,2019,Cluster Computing,,https://www.scopus.com/inward/record.uri?partnerID=HzOxMe3b&scp=85041496121&origin=inward,https://www.scopus.com/inward/citedby.uri?partnerID=HzOxMe3b&scp=85041496121&origin=inward,,2026-04-12 18:59:22,Article,10.1007/s10586-017-1553-5,13867857,https://api.elsevier.com/content/abstract/scopus_id/85041496121,22,,,,,7.17,43.0,1,6,,,,85041496121,2-s2.0-85041496121
2,Chelli A.M.,Diversity and ecological diagnosis of dragonflies of high-mountain temporary ponds in the Akfadou Massif Forest (Algeria),2019,Zoology and Ecology,,https://www.scopus.com/inward/record.uri?partnerID=HzOxMe3b&scp=85087118188&origin=inward,https://www.scopus.com/inward/citedby.uri?partnerID=HzOxMe3b&scp=85087118188&origin=inward,,2026-04-12 18:59:22,Article,10.35513/21658005.2019.1.4,21658005,https://api.elsevier.com/content/abstract/scopus_id/85087118188,29,1,,,,0.33,2.0,1,6,,,,85087118188,2-s2.0-85087118188
7,Kumar A.,In vivo structural dynamic analysis of the dragonfly wing: The effect of stigma as its modulator,2019,Philosophical Transactions of the Royal Society A Mathematical Physical and Engineering Sciences,,https://www.scopus.com/inward/record.uri?partnerID=HzOxMe3b&scp=85067181504&origin=inward,https://www.scopus.com/inward/citedby.uri?partnerID=HzOxMe3b&scp=85067181504&origin=inward,,2026-04-12 18:59:22,Article,10.1098/rsta.2019.0132,1364503X,https://api.elsevier.com/content/abstract/scopus_id/85067181504,377,2150,,,,1.17,7.0,1,6,,,,85067181504,2-s2.0-85067181504
20,Kumar D.,Dragonfly Inspired Nanocomposite Flapping Wing for Micro Air Vehicles,2019,Journal of Bionic Engineering,,https://www.scopus.com/inward/record.uri?partnerID=HzOxMe3b&scp=85073461124&origin=inward,https://www.scopus.com/inward/citedby.uri?partnerID=HzOxMe3b&scp=85073461124&origin=inward,,2026-04-12 18:59:22,Article,10.1007/s42235-019-0104-6,16726529,https://api.elsevier.com/content/abstract/scopus_id/85073461124,16,5,,,,3.33,20.0,1,6,,,,85073461124,2-s2.0-85073461124
4,Bota-Sierra C.A.,Description of a new species of Andaeschna (Odonata: Aeshnidae) from the western Colombian Andes,2019,Zootaxa,,https://www.scopus.com/inward/record.uri?partnerID=HzOxMe3b&scp=85067363000&origin=inward,https://www.scopus.com/inward/citedby.uri?partnerID=HzOxMe3b&scp=85067363000&origin=inward,,2026-04-12 18:59:22,Article,10.11646/zootaxa.4615.3.12,11755326,https://api.elsevier.com/content/abstract/scopus_id/85067363000,4615,3,,,,0.67,4.0,1,6,,,,85067363000,2-s2.0-85067363000
15,Chelli A.,Ecological characterization of the odonatofauna in lotic and lentic waters of northeast Algeria,2019,Annales De La Societe Entomologique De France,,https://www.scopus.com/inward/record.uri?partnerID=HzOxMe3b&scp=85074292161&origin=inward,https://www.scopus.com/inward/citedby.uri?partnerID=HzOxMe3b&scp=85074292161&origin=inward,,2026-04-12 18:59:22,Article,10.1080/00379271.2019.1660215,00379271,https://api.elsevier.com/content/abstract/scopus_id/85074292161,55,5,,,,2.5,15.0,1,6,,,,85074292161,2-s2.0-85074292161
8,Borisov S.N.,"Distribution and migration strategy of Pantala flavescens (Fabricius, 1798) (Odonata, Libellulidae) near the northern limit of its range in Transbaikalia and in the Far East of Russia",2019,Euroasian Entomological Journal,,https://www.scopus.com/inward/record.uri?partnerID=HzOxMe3b&scp=85098225204&origin=inward,https://www.scopus.com/inward/citedby.uri?partnerID=HzOxMe3b&scp=85098225204&origin=inward,,2026-04-12 18:59:22,Article,10.15298/euroasentj.18.3.01,16844866,https://api.elsevier.com/content/abstract/scopus_id/85098225204,18,3,,,,1.33,8.0,1,6,,,,85098225204,2-s2.0-85098225204
13,Witte I.R.,No gps? No problem! exploring the dunes of titan with dragonfly using visual odometry,2019,AIAA Scitech 2019 Forum,,https://www.scopus.com/inward/record.uri?partnerID=HzOxMe3b&scp=85083943029&origin=inward,https://www.scopus.com/inward/citedby.uri?partnerID=HzOxMe3b&scp=85083943029&origin=inward,,2026-04-12 18:59:22,Conference Paper,10.2514/6.2019-1177,,https://api.elsevier.com/content/abstract/scopus_id/85083943029,,,,,,2.17,13.0,1,6,,,,85083943029,2-s2.0-85083943029
0,Samanmali C.,Corrigendum: Larvicidal Potential of Five Selected Dragonfly Nymphs in Sri Lanka over Aedes aegypti (Linnaeus) Larvae under Laboratory Settings (BioMed Research International (2018) 2018 (8759459) DOI: 10.1155/2018/8759459),2019,Biomed Research International,,https://www.scopus.com/inward/record.uri?partnerID=HzOxMe3b&scp=85062390938&origin=inward,https://www.scopus.com/inward/citedby.uri?partnerID=HzOxMe3b&scp=85062390938&origin=inward,,2026-04-12 18:59:22,Erratum,10.1155/2019/3950875,23146133,https://api.elsevier.com/content/abstract/scopus_id/85062390938,2019,,,,,0.0,0.0,1,6,,,,85062390938,2-s2.0-85062390938
99,Oliveira-Junior J.M.B.,The Zygoptera/Anisoptera Ratio (Insecta: Odonata): a New Tool for Habitat Alterations Assessment in Amazonian Streams,2019,Neotropical Entomology,,https://www.scopus.com/inward/record.uri?partnerID=HzOxMe3b&scp=85066909980&origin=inward,https://www.scopus.com/inward/citedby.uri?partnerID=HzOxMe3b&scp=85066909980&origin=inward,,2026-04-12 18:59:22,Article,10.1007/s13744-019-00672-x,1519566X,https://api.elsevier.com/content/abstract/scopus_id/85066909980,48,4,,,,16.5,99.0,1,6,,,,85066909980,2-s2.0-85066909980
20,Isa Z.,Optimizing PEMFC model parameters using ant lion optimizer and dragonfly algorithm: A comparative study,2019,International Journal of Electrical and Computer Engineering,,https://www.scopus.com/inward/record.uri?partnerID=HzOxMe3b&scp=85071681093&origin=inward,https://www.scopus.com/inward/citedby.uri?partnerID=HzOxMe3b&scp=85071681093&origin=inward,,2026-04-12 18:59:22,Article,10.11591/ijece.v9i6.pp5312-5320,20888708,https://api.elsevier.com/content/abstract/scopus_id/85071681093,9,6,,,,3.33,20.0,1,6,,,,85071681093,2-s2.0-85071681093
17,Shanmugam A.,Numerical investigation of the aerodynamic benefits of wing-wing interactions in a dragonfly-like flapping wing,2019,Journal of Mechanical Science and Technology,,https://www.scopus.com/inward/record.uri?partnerID=HzOxMe3b&scp=85066972001&origin=inward,https://www.scopus.com/inward/citedby.uri?partnerID=HzOxMe3b&scp=85066972001&origin=inward,,2026-04-12 18:59:22,Article,10.1007/s12206-019-0519-3,1738494X,https://api.elsevier.com/content/abstract/scopus_id/85066972001,33,6,,,,2.83,17.0,1,6,,,,85066972001,2-s2.0-85066972001
1,Rodríguez J.S.,"The larva of Neoneura confundens Wasscher and van’t Bosch, 2013 (Odonata, coenagrionidae) and key to the larvae of genus",2019,Anais Da Academia Brasileira De Ciencias,,https://www.scopus.com/inward/record.uri?partnerID=HzOxMe3b&scp=85074297573&origin=inward,https://www.scopus.com/inward/citedby.uri?partnerID=HzOxMe3b&scp=85074297573&origin=inward,,2026-04-12 18:59:22,Article,10.1590/0001-3765201920190302,00013765,https://api.elsevier.com/content/abstract/scopus_id/85074297573,91,4,,,,0.17,1.0,1,6,,,,85074297573,2-s2.0-85074297573
22,Bucciarelli G.,Assessing effects of non-native crayfish on mosquito survival,2019,Conservation Biology,,https://www.scopus.com/inward/record.uri?partnerID=HzOxMe3b&scp=85054019541&origin=inward,https://www.scopus.com/inward/citedby.uri?partnerID=HzOxMe3b&scp=85054019541&origin=inward,,2026-04-12 18:59:22,Article,10.1111/cobi.13198,08888892,https://api.elsevier.com/content/abstract/scopus_id/85054019541,33,1,,,,3.67,22.0,1,6,,,,85054019541,2-s2.0-85054019541
242,Sayed G.I.,Chaotic dragonfly algorithm: an improved metaheuristic algorithm for feature selection,2019,Applied Intelligence,,https://www.scopus.com/inward/record.uri?partnerID=HzOxMe3b&scp=85052571042&origin=inward,https://www.scopus.com/inward/citedby.uri?partnerID=HzOxMe3b&scp=85052571042&origin=inward,,2026-04-12 18:59:22,Article,10.1007/s10489-018-1261-8,0924669X,https://api.elsevier.com/content/abstract/scopus_id/85052571042,49,1,,,,40.33,242.0,1,6,,,,85052571042,2-s2.0-85052571042
1,Mahseur M.,QoS Multicast Routing Based on a Quantum Chaotic Dragonfly Algorithm,2019,Lecture Notes in Networks and Systems,,https://www.scopus.com/inward/record.uri?partnerID=HzOxMe3b&scp=85062906524&origin=inward,https://www.scopus.com/inward/citedby.uri?partnerID=HzOxMe3b&scp=85062906524&origin=inward,,2026-04-12 18:59:22,Book Chapter,10.1007/978-3-030-05481-6_4,23673370,https://api.elsevier.com/content/abstract/scopus_id/85062906524,64,,,,,0.17,1.0,1,6,,,,85062906524,2-s2.0-85062906524
0,Theischinger G.,"Agyrtacantha picta sp. nov., a new dragonfly from southern Papua New Guinea (Odonata: Aeshnidae)",2019,Odonatologica,,https://www.scopus.com/inward/record.uri?partnerID=HzOxMe3b&scp=85067369941&origin=inward,https://www.scopus.com/inward/citedby.uri?partnerID=HzOxMe3b&scp=85067369941&origin=inward,,2026-04-12 18:59:22,Article,10.5281/zenodo.2677701,03750183,https://api.elsevier.com/content/abstract/scopus_id/85067369941,48,1-2,,,,0.0,0.0,1,6,,,,85067369941,2-s2.0-85067369941
10,Duan M.,Hybridizing dragonfly algorithm with differential evolution for global optimization,2019,IEICE Transactions on Information and Systems,,https://www.scopus.com/inward/record.uri?partnerID=HzOxMe3b&scp=85073460949&origin=inward,https://www.scopus.com/inward/citedby.uri?partnerID=HzOxMe3b&scp=85073460949&origin=inward,,2026-04-12 18:59:22,Article,10.1587/transinf.2018EDP7401,09168532,https://api.elsevier.com/content/abstract/scopus_id/85073460949,E102D,10,,,,1.67,10.0,1,6,,,,85073460949,2-s2.0-85073460949
5,Panteleev A.,The Dragonfly algorithm for parametric optimization of open loop nonlinear dynamic systems control,2019,Aip Conference Proceedings,,https://www.scopus.com/inward/record.uri?partnerID=HzOxMe3b&scp=85076455799&origin=inward,https://www.scopus.com/inward/citedby.uri?partnerID=HzOxMe3b&scp=85076455799&origin=inward,,2026-04-12 18:59:22,Conference Paper,10.1063/1.5135687,0094243X,https://api.elsevier.com/content/abstract/scopus_id/85076455799,2181,,,,,0.83,5.0,1,6,,,,85076455799,2-s2.0-85076455799
220,Zhang Z.,Electric load forecasting by complete ensemble empirical mode decomposition adaptive noise and support vector regression with quantum-based dragonfly algorithm,2019,Nonlinear Dynamics,,https://www.scopus.com/inward/record.uri?partnerID=HzOxMe3b&scp=85073688051&origin=inward,https://www.scopus.com/inward/citedby.uri?partnerID=HzOxMe3b&scp=85073688051&origin=inward,,2026-04-12 18:59:22,Article,10.1007/s11071-019-05252-7,0924090X,https://api.elsevier.com/content/abstract/scopus_id/85073688051,98,2,,,,36.67,220.0,1,6,,,,85073688051,2-s2.0-85073688051
4,Hadjadji S.,Emergence ecology and body size dimorphism in sympetrum fonscolombii and s. Meridionale (odonata: Libellulidae),2019,Zoology and Ecology,,https://www.scopus.com/inward/record.uri?partnerID=HzOxMe3b&scp=85086853947&origin=inward,https://www.scopus.com/inward/citedby.uri?partnerID=HzOxMe3b&scp=85086853947&origin=inward,,2026-04-12 18:59:22,Article,10.35513/21658005.2019.1.2,21658005,https://api.elsevier.com/content/abstract/scopus_id/85086853947,29,1,,,,0.67,4.0,1,6,,,,85086853947,2-s2.0-85086853947
7,Jadhav P.P.,WOADF: Whale Optimization Integrated Adaptive Dragonfly Algorithm Enabled with the TDD Properties for Model Transformation,2019,International Journal of Computational Intelligence and Applications,,https://www.scopus.com/inward/record.uri?partnerID=HzOxMe3b&scp=85076742558&origin=inward,https://www.scopus.com/inward/citedby.uri?partnerID=HzOxMe3b&scp=85076742558&origin=inward,,2026-04-12 18:59:22,Article,10.1142/S1469026819500263,14690268,https://api.elsevier.com/content/abstract/scopus_id/85076742558,18,4,,,,1.17,7.0,1,6,,,,85076742558,2-s2.0-85076742558
21,Štěpnička M.,Missing values and dragonfly operations in fuzzy relational compositions,2019,International Journal of Approximate Reasoning,,https://www.scopus.com/inward/record.uri?partnerID=HzOxMe3b&scp=85069707142&origin=inward,https://www.scopus.com/inward/citedby.uri?partnerID=HzOxMe3b&scp=85069707142&origin=inward,,2026-04-12 18:59:22,Article,10.1016/j.ijar.2019.07.004,0888613X,https://api.elsevier.com/content/abstract/scopus_id/85069707142,113,,,,,3.5,21.0,1,6,,,,85069707142,2-s2.0-85069707142
25,Cheeseman S.,Interaction of Giant Unilamellar Vesicles with the Surface Nanostructures on Dragonfly Wings,2019,Langmuir,,https://www.scopus.com/inward/record.uri?partnerID=HzOxMe3b&scp=85060790310&origin=inward,https://www.scopus.com/inward/citedby.uri?partnerID=HzOxMe3b&scp=85060790310&origin=inward,,2026-04-12 18:59:22,Article,10.1021/acs.langmuir.8b03470,07437463,https://api.elsevier.com/content/abstract/scopus_id/85060790310,35,6,,,,4.17,25.0,1,6,,,,85060790310,2-s2.0-85060790310
3,Adibhesami M.,Improving time-cost balance in critical path method (CPM) using Dragonfly Algorithm(DA),2019,International Journal of Industrial Engineering and Production Research,,https://www.scopus.com/inward/record.uri?partnerID=HzOxMe3b&scp=85063230005&origin=inward,https://www.scopus.com/inward/citedby.uri?partnerID=HzOxMe3b&scp=85063230005&origin=inward,,2026-04-12 18:59:22,Article,,20084889,https://api.elsevier.com/content/abstract/scopus_id/85063230005,30,1,,,,0.5,3.0,1,6,,,,85063230005,2-s2.0-85063230005
2,D'Souza A.,"A comparative study on dragonfly diversity on a plateau and an agro-ecosystem in Goa, India",2019,Journal of Threatened Taxa,,https://www.scopus.com/inward/record.uri?partnerID=HzOxMe3b&scp=85068171367&origin=inward,https://www.scopus.com/inward/citedby.uri?partnerID=HzOxMe3b&scp=85068171367&origin=inward,,2026-04-12 18:59:22,Article,10.11609/jott.3667.11.8.14010-14021,09747893,https://api.elsevier.com/content/abstract/scopus_id/85068171367,11,8,,,,0.33,2.0,1,6,,,,85068171367,2-s2.0-85068171367
17,Chen Y.,Wavelength selection for NIR spectroscopy based on the binary dragonfly algorithm,2019,Molecules,,https://www.scopus.com/inward/record.uri?partnerID=HzOxMe3b&scp=85060552979&origin=inward,https://www.scopus.com/inward/citedby.uri?partnerID=HzOxMe3b&scp=85060552979&origin=inward,,2026-04-12 18:59:22,Article,10.3390/molecules24030421,,https://api.elsevier.com/content/abstract/scopus_id/85060552979,24,3,,,,2.83,17.0,1,6,,,,85060552979,2-s2.0-85060552979
3,Shanmugam A.R.,Numerical investigation of the aerodynamic performance of dragonfly-like flapping foil in take-off flight,2019,Proceedings of the Institution of Mechanical Engineers Part G Journal of Aerospace Engineering,,https://www.scopus.com/inward/record.uri?partnerID=HzOxMe3b&scp=85068344732&origin=inward,https://www.scopus.com/inward/citedby.uri?partnerID=HzOxMe3b&scp=85068344732&origin=inward,,2026-04-12 18:59:22,Article,10.1177/0954410019859697,09544100,https://api.elsevier.com/content/abstract/scopus_id/85068344732,233,15,,,,0.5,3.0,1,6,,,,85068344732,2-s2.0-85068344732
23,Deb R.,Host dietary specialization and neutral assembly shape gut bacterial communities of wild dragonflies,2019,Peerj,,https://www.scopus.com/inward/record.uri?partnerID=HzOxMe3b&scp=85075775168&origin=inward,https://www.scopus.com/inward/citedby.uri?partnerID=HzOxMe3b&scp=85075775168&origin=inward,,2026-04-12 18:59:22,Article,10.7717/peerj.8058,,https://api.elsevier.com/content/abstract/scopus_id/85075775168,2019,11,,,,3.83,23.0,1,6,,,,85075775168,2-s2.0-85075775168
2,Kim I.,"Complete mitochondrial genome sequence of Bekko Tombo Libellula angelina Selys, 1883 (Odonata: Libellulidae)",2019,Mitochondrial DNA Part B Resources,,https://www.scopus.com/inward/record.uri?partnerID=HzOxMe3b&scp=85068765042&origin=inward,https://www.scopus.com/inward/citedby.uri?partnerID=HzOxMe3b&scp=85068765042&origin=inward,,2026-04-12 18:59:22,Article,10.1080/23802359.2019.1624216,,https://api.elsevier.com/content/abstract/scopus_id/85068765042,4,2,,,,0.33,2.0,1,6,,,,85068765042,2-s2.0-85068765042
2,Kumar V.,Voltage Stability and Power Loss Enhancement of Distribution System using Dragonfly Algorithm,2019,2019 3rd International Conference on Recent Developments in Control Automation and Power Engineering Rdcape 2019,,https://www.scopus.com/inward/record.uri?partnerID=HzOxMe3b&scp=85084337894&origin=inward,https://www.scopus.com/inward/citedby.uri?partnerID=HzOxMe3b&scp=85084337894&origin=inward,,2026-04-12 18:59:22,Conference Paper,10.1109/RDCAPE47089.2019.8979075,,https://api.elsevier.com/content/abstract/scopus_id/85084337894,,,,,,0.33,2.0,1,6,,,,85084337894,2-s2.0-85084337894
4,Lacerda D.,"The damselfly genus Mecistogaster (Odonata: Pseudostigmatidae) from the Brazilian Atlantic Forest with a description of three new species and a neotype designation for M. amalia (Burmeister, 1839)",2019,Zootaxa,,https://www.scopus.com/inward/record.uri?partnerID=HzOxMe3b&scp=85072194350&origin=inward,https://www.scopus.com/inward/citedby.uri?partnerID=HzOxMe3b&scp=85072194350&origin=inward,,2026-04-12 18:59:22,Article,10.11646/zootaxa.4668.2.3,11755326,https://api.elsevier.com/content/abstract/scopus_id/85072194350,4668,2,,,,0.67,4.0,1,6,,,,85072194350,2-s2.0-85072194350
10,Peng X.,Modified dragonfly algorithm based multilevel thresholding method for color images segmentation,2019,Mathematical Biosciences and Engineering,,https://www.scopus.com/inward/record.uri?partnerID=HzOxMe3b&scp=85069605699&origin=inward,https://www.scopus.com/inward/citedby.uri?partnerID=HzOxMe3b&scp=85069605699&origin=inward,,2026-04-12 18:59:22,Article,10.3934/mbe.2019324,15471063,https://api.elsevier.com/content/abstract/scopus_id/85069605699,16,6,,,,1.67,10.0,1,6,,,,85069605699,2-s2.0-85069605699
1,Román-Heracleo J.,Description of the final stadium larva of Anisagrion allopterum (Odonata: Coenagrionidae),2019,International Journal of Odonatology,,https://www.scopus.com/inward/record.uri?partnerID=HzOxMe3b&scp=85070851720&origin=inward,https://www.scopus.com/inward/citedby.uri?partnerID=HzOxMe3b&scp=85070851720&origin=inward,,2026-04-12 18:59:22,Article,10.1080/13887890.2019.1637378,13887890,https://api.elsevier.com/content/abstract/scopus_id/85070851720,22,2,,,,0.17,1.0,1,6,,,,85070851720,2-s2.0-85070851720
13,Buczynski P.,"From southern balkans to western Russia: Do first polish records of pantala flavescens (fabricius, 1798) (odonata: Libellulidae) indicate a migration route?",2019,Journal of the Entomological Research Society,,https://www.scopus.com/inward/record.uri?partnerID=HzOxMe3b&scp=85067458097&origin=inward,https://www.scopus.com/inward/citedby.uri?partnerID=HzOxMe3b&scp=85067458097&origin=inward,,2026-04-12 18:59:22,Article,,13020250,https://api.elsevier.com/content/abstract/scopus_id/85067458097,21,1,,,,2.17,13.0,1,6,,,,85067458097,2-s2.0-85067458097
17,Fabian J.M.,Properties of predictive gain modulation in a dragonfly visual neuron,2019,Journal of Experimental Biology,,https://www.scopus.com/inward/record.uri?partnerID=HzOxMe3b&scp=85071831540&origin=inward,https://www.scopus.com/inward/citedby.uri?partnerID=HzOxMe3b&scp=85071831540&origin=inward,,2026-04-12 18:59:22,Article,10.1242/jeb.207316,00220949,https://api.elsevier.com/content/abstract/scopus_id/85071831540,222,17,,,,2.83,17.0,1,6,,,,85071831540,2-s2.0-85071831540
9,Minot M.,Biometry of the large dragonfly Anax imperator (Odonata: Aeshnidae): A study of traits from larval development to adults,2019,European Journal of Entomology,,https://www.scopus.com/inward/record.uri?partnerID=HzOxMe3b&scp=85090272495&origin=inward,https://www.scopus.com/inward/citedby.uri?partnerID=HzOxMe3b&scp=85090272495&origin=inward,,2026-04-12 18:59:22,Article,10.14411/eje.2019.031,12105759,https://api.elsevier.com/content/abstract/scopus_id/85090272495,116,,,,,1.5,9.0,1,6,,,,85090272495,2-s2.0-85090272495
3,Khare A.,A Dragonfly Optimization Algorithm (DOA) for Node Capture Attack to Improve the Security of Wireless Sensor Network,2019,International Journal of Emerging Technology and Advanced Engineering,,https://www.scopus.com/inward/record.uri?partnerID=HzOxMe3b&scp=85149363163&origin=inward,https://www.scopus.com/inward/citedby.uri?partnerID=HzOxMe3b&scp=85149363163&origin=inward,,2026-04-12 18:59:22,Article,,,https://api.elsevier.com/content/abstract/scopus_id/85149363163,9,10,,,,0.5,3.0,1,6,,,,85149363163,2-s2.0-85149363163
1,Su X.,Numerical Investigations on High Lift Force Generation of 3D Dragonfly Wing during Hovering Motions,2019,Iop Conference Series Materials Science and Engineering,,https://www.scopus.com/inward/record.uri?partnerID=HzOxMe3b&scp=85074759572&origin=inward,https://www.scopus.com/inward/citedby.uri?partnerID=HzOxMe3b&scp=85074759572&origin=inward,,2026-04-12 18:59:22,Conference Paper,10.1088/1757-899X/616/1/012005,17578981,https://api.elsevier.com/content/abstract/scopus_id/85074759572,616,1,,,,0.17,1.0,1,6,,,,85074759572,2-s2.0-85074759572
5,Schilling E.G.,"A review of the reproductive habitat preferences and conservation challenges of a rare, transient, and ecologically restricted darner dragonfly: Rhionaeschna mutata",2019,International Journal of Odonatology,,https://www.scopus.com/inward/record.uri?partnerID=HzOxMe3b&scp=85062902340&origin=inward,https://www.scopus.com/inward/citedby.uri?partnerID=HzOxMe3b&scp=85062902340&origin=inward,,2026-04-12 18:59:22,Review,10.1080/13887890.2018.1554513,13887890,https://api.elsevier.com/content/abstract/scopus_id/85062902340,22,1,,,,0.83,5.0,1,6,,,,85062902340,2-s2.0-85062902340
14,Garrouste R.,"Alaskan Palaeogene insects: a challenge for a better knowledge of the Beringian ‘route’ (Odonata: Aeshnidae, Dysagrionidae)",2019,Journal of Systematic Palaeontology,,https://www.scopus.com/inward/record.uri?partnerID=HzOxMe3b&scp=85062332793&origin=inward,https://www.scopus.com/inward/citedby.uri?partnerID=HzOxMe3b&scp=85062332793&origin=inward,,2026-04-12 18:59:22,Article,10.1080/14772019.2019.1572235,14772019,https://api.elsevier.com/content/abstract/scopus_id/85062332793,17,22,,,,2.33,14.0,1,6,,,,85062332793,2-s2.0-85062332793
2,Phan Q.,"Coeliccia lecongcoi sp. Nov., a new damselfly from the Central Highlands of Vietnam (Odonata: Zygoptera: Platycnemididae)",2019,Zootaxa,,https://www.scopus.com/inward/record.uri?partnerID=HzOxMe3b&scp=85061103014&origin=inward,https://www.scopus.com/inward/citedby.uri?partnerID=HzOxMe3b&scp=85061103014&origin=inward,,2026-04-12 18:59:22,Article,10.11646/zootaxa.4551.4.7,11755326,https://api.elsevier.com/content/abstract/scopus_id/85061103014,4551,4,,,,0.33,2.0,1,6,,,,85061103014,2-s2.0-85061103014
1,Ramadhani I.,Memory Based Hybrid Dragonfly Algorithm (MHDA): A New Technique for Determining Model Parameter in Vertical Electrical Sounding (VES) Data,2019,Journal of Physics Conference Series,,https://www.scopus.com/inward/record.uri?partnerID=HzOxMe3b&scp=85074779862&origin=inward,https://www.scopus.com/inward/citedby.uri?partnerID=HzOxMe3b&scp=85074779862&origin=inward,,2026-04-12 18:59:22,Conference Paper,10.1088/1742-6596/1245/1/012020,17426588,https://api.elsevier.com/content/abstract/scopus_id/85074779862,1245,1,,,,0.17,1.0,1,6,,,,85074779862,2-s2.0-85074779862
110,Van Dokkum P.,"Spatially Resolved Stellar Kinematics of the Ultra-diffuse Galaxy Dragonfly 44. I. Observations, Kinematics, and Cold Dark Matter Halo Fits",2019,Astrophysical Journal,,https://www.scopus.com/inward/record.uri?partnerID=HzOxMe3b&scp=85072030700&origin=inward,https://www.scopus.com/inward/citedby.uri?partnerID=HzOxMe3b&scp=85072030700&origin=inward,,2026-04-12 18:59:22,Article,10.3847/1538-4357/ab2914,0004637X,https://api.elsevier.com/content/abstract/scopus_id/85072030700,880,2,,,,18.33,110.0,1,6,,,,85072030700,2-s2.0-85072030700
6,de Omena P.M.,Consumptive effects and mismatch in predator-prey turnover rates cause inversion of biomass pyramids,2019,Oecologia,,https://www.scopus.com/inward/record.uri?partnerID=HzOxMe3b&scp=85064170942&origin=inward,https://www.scopus.com/inward/citedby.uri?partnerID=HzOxMe3b&scp=85064170942&origin=inward,,2026-04-12 18:59:22,Article,10.1007/s00442-019-04394-0,00298549,https://api.elsevier.com/content/abstract/scopus_id/85064170942,190,1,,,,1.0,6.0,1,6,,,,85064170942,2-s2.0-85064170942
30,Sniegula S.,Size-mediated priority and temperature effects on intra-cohort competition and cannibalism in a damselfly,2019,Journal of Animal Ecology,,https://www.scopus.com/inward/record.uri?partnerID=HzOxMe3b&scp=85061230018&origin=inward,https://www.scopus.com/inward/citedby.uri?partnerID=HzOxMe3b&scp=85061230018&origin=inward,,2026-04-12 18:59:22,Article,10.1111/1365-2656.12947,00218790,https://api.elsevier.com/content/abstract/scopus_id/85061230018,88,4,,,,5.0,30.0,1,6,,,,85061230018,2-s2.0-85061230018
32,De Sensi D.,Mitigating network noise on Dragonfly networks through application-aware routing,2019,International Conference for High Performance Computing Networking Storage and Analysis Sc,,https://www.scopus.com/inward/record.uri?partnerID=HzOxMe3b&scp=85076173780&origin=inward,https://www.scopus.com/inward/citedby.uri?partnerID=HzOxMe3b&scp=85076173780&origin=inward,,2026-04-12 18:59:22,Conference Paper,10.1145/3295500.3356196,21674329,https://api.elsevier.com/content/abstract/scopus_id/85076173780,,,,,,5.33,32.0,1,6,,,,85076173780,2-s2.0-85076173780
33,Shilaja C.,Internet of medical things-load optimization of power flow based on hybrid enhanced grey wolf optimization and dragonfly algorithm,2019,Future Generation Computer Systems,,https://www.scopus.com/inward/record.uri?partnerID=HzOxMe3b&scp=85063693682&origin=inward,https://www.scopus.com/inward/citedby.uri?partnerID=HzOxMe3b&scp=85063693682&origin=inward,,2026-04-12 18:59:22,Article,10.1016/j.future.2018.12.070,0167739X,https://api.elsevier.com/content/abstract/scopus_id/85063693682,98,,,,,5.5,33.0,1,6,,,,85063693682,2-s2.0-85063693682
20,Hammouri A.I.,A dragonfly algorithm for solving traveling salesman problem,2019,Proceedings 8th IEEE International Conference on Control System Computing and Engineering Iccsce 2018,,https://www.scopus.com/inward/record.uri?partnerID=HzOxMe3b&scp=85065046375&origin=inward,https://www.scopus.com/inward/citedby.uri?partnerID=HzOxMe3b&scp=85065046375&origin=inward,,2026-04-12 18:59:22,Conference Paper,10.1109/ICCSCE.2018.8684963,,https://api.elsevier.com/content/abstract/scopus_id/85065046375,,,,,,3.33,20.0,1,6,,,,85065046375,2-s2.0-85065046375
1,Ryazanova G.,Odonata and Anthropogenic Salinization of Inland Waters,2019,Moscow University Biological Sciences Bulletin,,https://www.scopus.com/inward/record.uri?partnerID=HzOxMe3b&scp=85067671100&origin=inward,https://www.scopus.com/inward/citedby.uri?partnerID=HzOxMe3b&scp=85067671100&origin=inward,,2026-04-12 18:59:22,Article,10.3103/S0096392519010073,00963925,https://api.elsevier.com/content/abstract/scopus_id/85067671100,74,1,,,,0.17,1.0,1,6,,,,85067671100,2-s2.0-85067671100
0,Gao P.,Dragonfly-Like Micro Sampling Device for Extracting Nano-Liter Sample from Plants,2019,2019 20th International Conference on Solid State Sensors Actuators and Microsystems and Eurosensors Xxxiii Transducers 2019 and Eurosensors Xxxiii,,https://www.scopus.com/inward/record.uri?partnerID=HzOxMe3b&scp=85071901379&origin=inward,https://www.scopus.com/inward/citedby.uri?partnerID=HzOxMe3b&scp=85071901379&origin=inward,,2026-04-12 18:59:22,Conference Paper,10.1109/TRANSDUCERS.2019.8808598,,https://api.elsevier.com/content/abstract/scopus_id/85071901379,,,,,,0.0,0.0,1,6,,,,85071901379,2-s2.0-85071901379
16,Khan M.K.,Sexually dimorphic blue bands are intrasexual aposematic signals in nonterritorial damselflies,2019,Animal Behaviour,,https://www.scopus.com/inward/record.uri?partnerID=HzOxMe3b&scp=85071471368&origin=inward,https://www.scopus.com/inward/citedby.uri?partnerID=HzOxMe3b&scp=85071471368&origin=inward,,2026-04-12 18:59:22,Article,10.1016/j.anbehav.2019.07.011,00033472,https://api.elsevier.com/content/abstract/scopus_id/85071471368,156,,,,,2.67,16.0,1,6,,,,85071471368,2-s2.0-85071471368
5,Cao N.,Fuzzy relational equations employing Dragonfly operations,2019,Proceedings of 2019 11th International Conference on Knowledge and Systems Engineering Kse 2019,,https://www.scopus.com/inward/record.uri?partnerID=HzOxMe3b&scp=85077071120&origin=inward,https://www.scopus.com/inward/citedby.uri?partnerID=HzOxMe3b&scp=85077071120&origin=inward,,2026-04-12 18:59:22,Conference Paper,10.1109/KSE.2019.8919367,,https://api.elsevier.com/content/abstract/scopus_id/85077071120,,,,,,0.83,5.0,1,6,,,,85077071120,2-s2.0-85077071120
23,Takahashi Y.,Colour polymorphism influences species' range and extinction risk,2019,Biology Letters,,https://www.scopus.com/inward/record.uri?partnerID=HzOxMe3b&scp=85070255882&origin=inward,https://www.scopus.com/inward/citedby.uri?partnerID=HzOxMe3b&scp=85070255882&origin=inward,,2026-04-12 18:59:22,Article,10.1098/rsbl.2019.0228,17449561,https://api.elsevier.com/content/abstract/scopus_id/85070255882,15,7,,,,3.83,23.0,1,6,,,,85070255882,2-s2.0-85070255882
18,Holtmann L.,Odonate assemblages of urban stormwater ponds: the conservation value depends on pond type,2019,Journal of Insect Conservation,,https://www.scopus.com/inward/record.uri?partnerID=HzOxMe3b&scp=85059680519&origin=inward,https://www.scopus.com/inward/citedby.uri?partnerID=HzOxMe3b&scp=85059680519&origin=inward,,2026-04-12 18:59:22,Article,10.1007/s10841-018-00121-x,1366638X,https://api.elsevier.com/content/abstract/scopus_id/85059680519,23,1,,,,3.0,18.0,1,6,,,,85059680519,2-s2.0-85059680519
7,Vilela D.S.,"Heteragrion denisye sp. Nov. (Odonata: Zygoptera: Heteragrionidae), a notable species from Serra da Canastra, Minas Gerais, Brazil",2019,Zootaxa,,https://www.scopus.com/inward/record.uri?partnerID=HzOxMe3b&scp=85072632496&origin=inward,https://www.scopus.com/inward/citedby.uri?partnerID=HzOxMe3b&scp=85072632496&origin=inward,,2026-04-12 18:59:22,Article,10.11646/zootaxa.4671.4.10,11755326,https://api.elsevier.com/content/abstract/scopus_id/85072632496,4671,4,,,,1.17,7.0,1,6,,,,85072632496,2-s2.0-85072632496
77,Khishe M.,Classification of Sonar Targets Using an MLP Neural Network Trained by Dragonfly Algorithm,2019,Wireless Personal Communications,,https://www.scopus.com/inward/record.uri?partnerID=HzOxMe3b&scp=85065737291&origin=inward,https://www.scopus.com/inward/citedby.uri?partnerID=HzOxMe3b&scp=85065737291&origin=inward,,2026-04-12 18:59:22,Article,10.1007/s11277-019-06520-w,09296212,https://api.elsevier.com/content/abstract/scopus_id/85065737291,108,4,,,,12.83,77.0,1,6,,,,85065737291,2-s2.0-85065737291
31,Van Dokkum P.,Dragonfly Imaging of the Galaxy NGC 5907: A Different View of the Iconic Stellar Stream,2019,Astrophysical Journal Letters,,https://www.scopus.com/inward/record.uri?partnerID=HzOxMe3b&scp=85072984782&origin=inward,https://www.scopus.com/inward/citedby.uri?partnerID=HzOxMe3b&scp=85072984782&origin=inward,,2026-04-12 18:59:22,Article,10.3847/2041-8213/ab40c9,20418205,https://api.elsevier.com/content/abstract/scopus_id/85072984782,883,2,,,,5.17,31.0,1,6,,,,85072984782,2-s2.0-85072984782
11,Simhadri K.,Optimized 2DOF PID for AGC of multi-area power system using dragonfly algorithm,2019,Advances in Intelligent Systems and Computing,,https://www.scopus.com/inward/record.uri?partnerID=HzOxMe3b&scp=85054338542&origin=inward,https://www.scopus.com/inward/citedby.uri?partnerID=HzOxMe3b&scp=85054338542&origin=inward,,2026-04-12 18:59:22,Book Chapter,10.1007/978-981-13-1819-1_2,21945357,https://api.elsevier.com/content/abstract/scopus_id/85054338542,698,,,,,1.83,11.0,1,6,,,,85054338542,2-s2.0-85054338542
6,Gudi S.L.K.C.,Bio-inspired evasive movement of UAVs based on dragonfly algorithm in military environment,2019,Journal of Information and Communication Convergence Engineering,,https://www.scopus.com/inward/record.uri?partnerID=HzOxMe3b&scp=85064212639&origin=inward,https://www.scopus.com/inward/citedby.uri?partnerID=HzOxMe3b&scp=85064212639&origin=inward,,2026-04-12 18:59:22,Article,,22348255,https://api.elsevier.com/content/abstract/scopus_id/85064212639,17,1,,,,1.0,6.0,1,6,,,,85064212639,2-s2.0-85064212639
14,Kumar C.A.,C-FDLA: Crow Search with Integrated Fractional Dragonfly Algorithm for Load Balancing in Cloud Computing Environments,2019,Journal of Circuits Systems and Computers,,https://www.scopus.com/inward/record.uri?partnerID=HzOxMe3b&scp=85056513417&origin=inward,https://www.scopus.com/inward/citedby.uri?partnerID=HzOxMe3b&scp=85056513417&origin=inward,,2026-04-12 18:59:22,Article,10.1142/S0218126619501159,02181266,https://api.elsevier.com/content/abstract/scopus_id/85056513417,28,7,,,,2.33,14.0,1,6,,,,85056513417,2-s2.0-85056513417
9,Amari H.,Differential elevational cline in the phenology and demography of two temporally isolated populations of a damselfly: Not two but one taxon?,2019,Ecological Entomology,,https://www.scopus.com/inward/record.uri?partnerID=HzOxMe3b&scp=85054481736&origin=inward,https://www.scopus.com/inward/citedby.uri?partnerID=HzOxMe3b&scp=85054481736&origin=inward,,2026-04-12 18:59:22,Article,10.1111/een.12680,03076946,https://api.elsevier.com/content/abstract/scopus_id/85054481736,44,1,,,,1.5,9.0,1,6,,,,85054481736,2-s2.0-85054481736
22,Mangahas R.S.,Chronic Exposure to High Concentrations of Road Salt Decreases the Immune Response of Dragonfly Larvae,2019,Frontiers in Ecology and Evolution,,https://www.scopus.com/inward/record.uri?partnerID=HzOxMe3b&scp=85074103026&origin=inward,https://www.scopus.com/inward/citedby.uri?partnerID=HzOxMe3b&scp=85074103026&origin=inward,,2026-04-12 18:59:22,Article,10.3389/fevo.2019.00376,,https://api.elsevier.com/content/abstract/scopus_id/85074103026,7,,,,,3.67,22.0,1,6,,,,85074103026,2-s2.0-85074103026
10,Bried J.T.,Predator driven niches vary spatially among co-occurring damselfly species,2019,Evolutionary Ecology,,https://www.scopus.com/inward/record.uri?partnerID=HzOxMe3b&scp=85061446405&origin=inward,https://www.scopus.com/inward/citedby.uri?partnerID=HzOxMe3b&scp=85061446405&origin=inward,,2026-04-12 18:59:22,Article,10.1007/s10682-019-09975-2,02697653,https://api.elsevier.com/content/abstract/scopus_id/85061446405,33,2,,,,1.67,10.0,1,6,,,,85061446405,2-s2.0-85061446405
8,Naik A.,Binary dragonfly algorithm and fisher score based hybrid feature selection adopting a novel fitness function applied to microarray data,2019,Proceedings 2019 International Conference on Applied Machine Learning Icaml 2019,,https://www.scopus.com/inward/record.uri?partnerID=HzOxMe3b&scp=85081103948&origin=inward,https://www.scopus.com/inward/citedby.uri?partnerID=HzOxMe3b&scp=85081103948&origin=inward,,2026-04-12 18:59:22,Conference Paper,10.1109/ICAML48257.2019.00015,,https://api.elsevier.com/content/abstract/scopus_id/85081103948,,,,,,1.33,8.0,1,6,,,,85081103948,2-s2.0-85081103948
5,Ramadhani I.,A new approach to model parameter determination of self-potential data using memory-based hybrid dragonfly algorithm,2019,International Journal on Advanced Science Engineering and Information Technology,,https://www.scopus.com/inward/record.uri?partnerID=HzOxMe3b&scp=85075360912&origin=inward,https://www.scopus.com/inward/citedby.uri?partnerID=HzOxMe3b&scp=85075360912&origin=inward,,2026-04-12 18:59:22,Article,10.18517/ijaseit.9.5.6587,20885334,https://api.elsevier.com/content/abstract/scopus_id/85075360912,9,5,,,,0.83,5.0,1,6,,,,85075360912,2-s2.0-85075360912
0,,2nd International Conference on Tropical Silviculture: Forest Research and Innovation for Sustainable Development,2019,Iop Conference Series Earth and Environmental Science,,https://www.scopus.com/inward/record.uri?partnerID=HzOxMe3b&scp=85077889987&origin=inward,https://www.scopus.com/inward/citedby.uri?partnerID=HzOxMe3b&scp=85077889987&origin=inward,,2026-04-12 18:59:22,Conference Review,,17551307,https://api.elsevier.com/content/abstract/scopus_id/85077889987,394,1,,,,0.0,0.0,0,6,,,,85077889987,2-s2.0-85077889987
7,Robertson L.A.,Was Antoni van Leeuwenhoek secretive His experiments with insect corneas,2019,FEMS Microbiology Letters,,https://www.scopus.com/inward/record.uri?partnerID=HzOxMe3b&scp=85073183066&origin=inward,https://www.scopus.com/inward/citedby.uri?partnerID=HzOxMe3b&scp=85073183066&origin=inward,,2026-04-12 18:59:22,Article,10.1093/femsle/fnz194,03781097,https://api.elsevier.com/content/abstract/scopus_id/85073183066,366,16,,,,1.17,7.0,1,6,,,,85073183066,2-s2.0-85073183066
2,Fu J.,Fault location of distribution network for wavelet packet energy moment of dragonfly algorithm,2019,Advances in Intelligent Systems and Computing,,https://www.scopus.com/inward/record.uri?partnerID=HzOxMe3b&scp=85064884788&origin=inward,https://www.scopus.com/inward/citedby.uri?partnerID=HzOxMe3b&scp=85064884788&origin=inward,,2026-04-12 18:59:22,Conference Paper,10.1007/978-981-13-6733-5_40,21945357,https://api.elsevier.com/content/abstract/scopus_id/85064884788,890,,,,,0.33,2.0,1,6,,,,85064884788,2-s2.0-85064884788
109,Yıldız B.,"The Harris hawks optimization algorithm, salp swarm algorithm, grasshopper optimization algorithm and dragonfly algorithm for structural design optimization of vehicle components",2019,Materialpruefung Materials Testing,,https://www.scopus.com/inward/record.uri?partnerID=HzOxMe3b&scp=85072312435&origin=inward,https://www.scopus.com/inward/citedby.uri?partnerID=HzOxMe3b&scp=85072312435&origin=inward,,2026-04-12 18:59:22,Article,10.3139/120.111379,00255300,https://api.elsevier.com/content/abstract/scopus_id/85072312435,61,8,,,,18.17,109.0,1,6,,,,85072312435,2-s2.0-85072312435
16,Mubarak M.,Evaluating quality of service traffic classes on the megafly network,2019,Lecture Notes in Computer Science Including Subseries Lecture Notes in Artificial Intelligence and Lecture Notes in Bioinformatics,,https://www.scopus.com/inward/record.uri?partnerID=HzOxMe3b&scp=85067098871&origin=inward,https://www.scopus.com/inward/citedby.uri?partnerID=HzOxMe3b&scp=85067098871&origin=inward,,2026-04-12 18:59:22,Conference Paper,10.1007/978-3-030-20656-7_1,03029743,https://api.elsevier.com/content/abstract/scopus_id/85067098871,11501 LNCS,,,,,2.67,16.0,1,6,,,,85067098871,2-s2.0-85067098871
33,Khelifa R.,"Sensitivity of biodiversity indices to life history stage, habitat type and landscape in Odonata community",2019,Biological Conservation,,https://www.scopus.com/inward/record.uri?partnerID=HzOxMe3b&scp=85067632576&origin=inward,https://www.scopus.com/inward/citedby.uri?partnerID=HzOxMe3b&scp=85067632576&origin=inward,,2026-04-12 18:59:22,Article,10.1016/j.biocon.2019.06.010,00063207,https://api.elsevier.com/content/abstract/scopus_id/85067632576,237,,,,,5.5,33.0,1,6,,,,85067632576,2-s2.0-85067632576
7,Karizaki A.A.,A novel hybrid feature selection based on ReliefF and binary dragonfly for high dimensional datasets,2019,2019 9th International Conference on Computer and Knowledge Engineering Iccke 2019,,https://www.scopus.com/inward/record.uri?partnerID=HzOxMe3b&scp=85079225773&origin=inward,https://www.scopus.com/inward/citedby.uri?partnerID=HzOxMe3b&scp=85079225773&origin=inward,,2026-04-12 18:59:22,Conference Paper,10.1109/ICCKE48569.2019.8965106,,https://api.elsevier.com/content/abstract/scopus_id/85079225773,,,,,,1.17,7.0,1,6,,,,85079225773,2-s2.0-85079225773
3,Schilling E.G.,"An Assessment of the Geographic Distribution and Status of a Rare Dragonfly, Rhionaeschna mutata, at the Northwestern Edge of Its Range",2019,Northeastern Naturalist,,https://www.scopus.com/inward/record.uri?partnerID=HzOxMe3b&scp=85074649937&origin=inward,https://www.scopus.com/inward/citedby.uri?partnerID=HzOxMe3b&scp=85074649937&origin=inward,,2026-04-12 18:59:22,Review,10.1656/045.026.0305,10926194,https://api.elsevier.com/content/abstract/scopus_id/85074649937,26,3,,,,0.5,3.0,1,6,,,,85074649937,2-s2.0-85074649937
0,Leenavinmalar F.,Lung cancer diagnosis using hybrid dragonfly optimisation and radial basis neural network classification,2019,Oxidation Communications,,https://www.scopus.com/inward/record.uri?partnerID=HzOxMe3b&scp=85092575287&origin=inward,https://www.scopus.com/inward/citedby.uri?partnerID=HzOxMe3b&scp=85092575287&origin=inward,,2026-04-12 18:59:22,Article,,02094541,https://api.elsevier.com/content/abstract/scopus_id/85092575287,42,2,,,,0.0,0.0,1,6,,,,85092575287,2-s2.0-85092575287
4,Jiang B.,Predator species related adaptive changes in larval growth and digestive physiology,2019,Journal of Insect Physiology,,https://www.scopus.com/inward/record.uri?partnerID=HzOxMe3b&scp=85061523188&origin=inward,https://www.scopus.com/inward/citedby.uri?partnerID=HzOxMe3b&scp=85061523188&origin=inward,,2026-04-12 18:59:22,Article,10.1016/j.jinsphys.2019.01.006,00221910,https://api.elsevier.com/content/abstract/scopus_id/85061523188,114,,,,,0.67,4.0,1,6,,,,85061523188,2-s2.0-85061523188
13,Zhang X.,Gas Turbine Fault Diagnosis based on BP Neural Network Optimized by Dragonfly Algorithm,2019,Reneng Dongli Gongcheng Journal of Engineering for Thermal Energy and Power,,https://www.scopus.com/inward/record.uri?partnerID=HzOxMe3b&scp=85069983339&origin=inward,https://www.scopus.com/inward/citedby.uri?partnerID=HzOxMe3b&scp=85069983339&origin=inward,,2026-04-12 18:59:22,Article,10.16146/j.cnki.rndlgc.2019.03.004,10012060,https://api.elsevier.com/content/abstract/scopus_id/85069983339,34,3,,,,2.17,13.0,1,6,,,,85069983339,2-s2.0-85069983339
3,Singh A.P.,"Comparative analysis of chaotic variant of firefly algorithm, flower pollination algorithm and dragonfly algorithm for high dimension non-linear test functions",2019,Advances in Intelligent Systems and Computing,,https://www.scopus.com/inward/record.uri?partnerID=HzOxMe3b&scp=85066051748&origin=inward,https://www.scopus.com/inward/citedby.uri?partnerID=HzOxMe3b&scp=85066051748&origin=inward,,2026-04-12 18:59:22,Conference Paper,10.1007/978-3-030-16681-6_19,21945357,https://api.elsevier.com/content/abstract/scopus_id/85066051748,939,,,,,0.5,3.0,1,6,,,,85066051748,2-s2.0-85066051748
28,Li J.,Wind-Solar-Hydro power optimal scheduling model based on multiobjective dragonfly algorithm,2019,Energy Procedia,,https://www.scopus.com/inward/record.uri?partnerID=HzOxMe3b&scp=85063907012&origin=inward,https://www.scopus.com/inward/citedby.uri?partnerID=HzOxMe3b&scp=85063907012&origin=inward,,2026-04-12 18:59:22,Conference Paper,10.1016/j.egypro.2019.01.476,18766102,https://api.elsevier.com/content/abstract/scopus_id/85063907012,158,,,,,4.67,28.0,1,6,,,,85063907012,2-s2.0-85063907012
9,Bhavani R.,An efficient clustering approach for fair semantic web content retrieval via tri-level ontology construction model with hybrid dragonfly algorithm,2019,International Journal of Business Intelligence and Data Mining,,https://www.scopus.com/inward/record.uri?partnerID=HzOxMe3b&scp=85058780940&origin=inward,https://www.scopus.com/inward/citedby.uri?partnerID=HzOxMe3b&scp=85058780940&origin=inward,,2026-04-12 18:59:22,Article,10.1504/IJBIDM.2019.096836,17438187,https://api.elsevier.com/content/abstract/scopus_id/85058780940,14,1-2,,,,1.5,9.0,1,6,,,,85058780940,2-s2.0-85058780940
14,Subrero E.,"Exposure to anti-mosquito insecticides utilized in rice fields affects survival of two non-target species, Ischnura elegans and Daphnia magna",2019,Paddy and Water Environment,,https://www.scopus.com/inward/record.uri?partnerID=HzOxMe3b&scp=85053729043&origin=inward,https://www.scopus.com/inward/citedby.uri?partnerID=HzOxMe3b&scp=85053729043&origin=inward,,2026-04-12 18:59:22,Article,10.1007/s10333-018-0678-3,16112490,https://api.elsevier.com/content/abstract/scopus_id/85053729043,17,1,,,,2.33,14.0,1,6,,,,85053729043,2-s2.0-85053729043
10,Kumar A.,Triple band fractal antenna for radio navigation and fixed satellite services using dragonfly optimization,2019,Advanced Electromagnetics,,https://www.scopus.com/inward/record.uri?partnerID=HzOxMe3b&scp=85068892346&origin=inward,https://www.scopus.com/inward/citedby.uri?partnerID=HzOxMe3b&scp=85068892346&origin=inward,,2026-04-12 18:59:22,Article,10.7716/aem.v8i3.1083,,https://api.elsevier.com/content/abstract/scopus_id/85068892346,8,3,,,,1.67,10.0,1,6,,,,85068892346,2-s2.0-85068892346
14,Singh S.,Optimal design of IIR filter using dragonfly algorithm,2019,Advances in Intelligent Systems and Computing,,https://www.scopus.com/inward/record.uri?partnerID=HzOxMe3b&scp=85054322740&origin=inward,https://www.scopus.com/inward/citedby.uri?partnerID=HzOxMe3b&scp=85054322740&origin=inward,,2026-04-12 18:59:22,Book Chapter,10.1007/978-981-13-1819-1_21,21945357,https://api.elsevier.com/content/abstract/scopus_id/85054322740,698,,,,,2.33,14.0,1,6,,,,85054322740,2-s2.0-85054322740
21,Jang J.H.,Design and Experimental Study of Dragonfly-Inspired Flexible Blade to Improve Safety of Drones,2019,IEEE Robotics and Automation Letters,,https://www.scopus.com/inward/record.uri?partnerID=HzOxMe3b&scp=85071453393&origin=inward,https://www.scopus.com/inward/citedby.uri?partnerID=HzOxMe3b&scp=85071453393&origin=inward,,2026-04-12 18:59:22,Article,10.1109/LRA.2019.2928773,,https://api.elsevier.com/content/abstract/scopus_id/85071453393,4,4,,,,3.5,21.0,1,6,,,,85071453393,2-s2.0-85071453393
14,Sniegula S.,Predation risk affects egg mortality and carry over effects in the larval stages in damselflies,2019,Freshwater Biology,,https://www.scopus.com/inward/record.uri?partnerID=HzOxMe3b&scp=85061184212&origin=inward,https://www.scopus.com/inward/citedby.uri?partnerID=HzOxMe3b&scp=85061184212&origin=inward,,2026-04-12 18:59:22,Article,10.1111/fwb.13261,00465070,https://api.elsevier.com/content/abstract/scopus_id/85061184212,64,4,,,,2.33,14.0,1,6,,,,85061184212,2-s2.0-85061184212
6,Parthiban K.G.,Hybrid dragonfly optimization-based artificial neural network for the recognition of epilepsy,2019,International Journal of Computational Intelligence Systems,,https://www.scopus.com/inward/record.uri?partnerID=HzOxMe3b&scp=85078251400&origin=inward,https://www.scopus.com/inward/citedby.uri?partnerID=HzOxMe3b&scp=85078251400&origin=inward,,2026-04-12 18:59:22,Article,10.2991/ijcis.d.191022.001,18756891,https://api.elsevier.com/content/abstract/scopus_id/85078251400,12,2,,,,1.0,6.0,1,6,,,,85078251400,2-s2.0-85078251400
1,Vos W.,Frequency-dependent resemblance of male-colored females to males in a damselfly,2019,Insect Science,,https://www.scopus.com/inward/record.uri?partnerID=HzOxMe3b&scp=85044857969&origin=inward,https://www.scopus.com/inward/citedby.uri?partnerID=HzOxMe3b&scp=85044857969&origin=inward,,2026-04-12 18:59:22,Letter,10.1111/1744-7917.12584,16729609,https://api.elsevier.com/content/abstract/scopus_id/85044857969,26,5,,,,0.17,1.0,1,6,,,,85044857969,2-s2.0-85044857969
2,Phan Q.T.,Description of Protosticta binhi sp. n. from the Central Highlands of Vietnam (Odonata: Zygoptera: Platystictidae),2019,International Journal of Odonatology,,https://www.scopus.com/inward/record.uri?partnerID=HzOxMe3b&scp=85077091004&origin=inward,https://www.scopus.com/inward/citedby.uri?partnerID=HzOxMe3b&scp=85077091004&origin=inward,,2026-04-12 18:59:22,Article,10.1080/13887890.2019.1696238,13887890,https://api.elsevier.com/content/abstract/scopus_id/85077091004,22,3-4,,,,0.33,2.0,1,6,,,,85077091004,2-s2.0-85077091004
6,Friesen O.C.,Parasite infection reduces predation risk by dragonfly larvae in crustacean prey,2019,Hydrobiologia,,https://www.scopus.com/inward/record.uri?partnerID=HzOxMe3b&scp=85062936630&origin=inward,https://www.scopus.com/inward/citedby.uri?partnerID=HzOxMe3b&scp=85062936630&origin=inward,,2026-04-12 18:59:22,Article,10.1007/s10750-019-3929-4,00188158,https://api.elsevier.com/content/abstract/scopus_id/85062936630,835,1,,,,1.0,6.0,1,6,,,,85062936630,2-s2.0-85062936630
25,Morghad F.,The times they are a changin’: Impact of land-use shift and climate warming on the odonate community of a Mediterranean stream over a 25-year period,2019,Vie Et Milieu,,https://www.scopus.com/inward/record.uri?partnerID=HzOxMe3b&scp=85070749754&origin=inward,https://www.scopus.com/inward/citedby.uri?partnerID=HzOxMe3b&scp=85070749754&origin=inward,,2026-04-12 18:59:22,Article,,02408759,https://api.elsevier.com/content/abstract/scopus_id/85070749754,69,1,,,,4.17,25.0,1,6,,,,85070749754,2-s2.0-85070749754
0,Khan M.A.,Aerodynamic and Structural analysis of bio-mimetic corrugated wing,2019,International Conference on Thermal Engineering,,https://www.scopus.com/inward/record.uri?partnerID=HzOxMe3b&scp=85182008971&origin=inward,https://www.scopus.com/inward/citedby.uri?partnerID=HzOxMe3b&scp=85182008971&origin=inward,,2026-04-12 18:59:22,Conference Paper,,,https://api.elsevier.com/content/abstract/scopus_id/85182008971,2019,,,,,0.0,0.0,1,6,,,,85182008971,2-s2.0-85182008971
46,Wasserman A.,Spatially Resolved Stellar Kinematics of the Ultra-diffuse Galaxy Dragonfly 44. II. Constraints on Fuzzy Dark Matter,2019,Astrophysical Journal,,https://www.scopus.com/inward/record.uri?partnerID=HzOxMe3b&scp=85075302141&origin=inward,https://www.scopus.com/inward/citedby.uri?partnerID=HzOxMe3b&scp=85075302141&origin=inward,,2026-04-12 18:59:22,Article,10.3847/1538-4357/ab3eb9,0004637X,https://api.elsevier.com/content/abstract/scopus_id/85075302141,885,2,,,,7.67,46.0,1,6,,,,85075302141,2-s2.0-85075302141
4,Pavel A.,New data regarding the presence of two insect larvae species – gomphus (Stylurus) flavipes (odonata) and palingenia longicauda (ephemeroptera) – in the lower sector of the danube river,2019,Geo Eco Marina,,https://www.scopus.com/inward/record.uri?partnerID=HzOxMe3b&scp=85077579070&origin=inward,https://www.scopus.com/inward/citedby.uri?partnerID=HzOxMe3b&scp=85077579070&origin=inward,,2026-04-12 18:59:22,Article,,12246808,https://api.elsevier.com/content/abstract/scopus_id/85077579070,2019,25,,,,0.67,4.0,1,6,,,,85077579070,2-s2.0-85077579070
1,Veeramanickam M.R.M.,SMART E-LEARNING USING INTERNET THINGS AND CUMULATIVE DRAGONFLY NEURAL NETWORK PREDICTION MODEL FOR PERSONALIZED LEARNING,2019,Computer Science Advances Research and Applications,,https://www.scopus.com/inward/record.uri?partnerID=HzOxMe3b&scp=85135368583&origin=inward,https://www.scopus.com/inward/citedby.uri?partnerID=HzOxMe3b&scp=85135368583&origin=inward,,2026-04-12 18:59:22,Book Chapter,,,https://api.elsevier.com/content/abstract/scopus_id/85135368583,,,,,,0.17,1.0,1,6,,,,85135368583,2-s2.0-85135368583
1,Tripathi A.K.,MapReduce-based Dragonfly Algorithm for large-scale Data-Clustering,2019,Proceedings of the IEEE International Conference Image Information Processing,,https://www.scopus.com/inward/record.uri?partnerID=HzOxMe3b&scp=85085202273&origin=inward,https://www.scopus.com/inward/citedby.uri?partnerID=HzOxMe3b&scp=85085202273&origin=inward,,2026-04-12 18:59:22,Conference Paper,10.1109/ICIIP47207.2019.8985800,2640074X,https://api.elsevier.com/content/abstract/scopus_id/85085202273,2019-November,,,,,0.17,1.0,1,6,,,,85085202273,2-s2.0-85085202273
0,Zaric D.,MAGIC observations of dragonfly nebula at TeV energies using the very large zenith angle technique,2019,Proceedings of Science,,https://www.scopus.com/inward/record.uri?partnerID=HzOxMe3b&scp=85086225950&origin=inward,https://www.scopus.com/inward/citedby.uri?partnerID=HzOxMe3b&scp=85086225950&origin=inward,,2026-04-12 18:59:22,Conference Paper,,,https://api.elsevier.com/content/abstract/scopus_id/85086225950,358,,,,,0.0,0.0,1,6,,,,85086225950,2-s2.0-85086225950
14,Cao L.z.,Genetic Diversity and Demographic History of Globe Skimmers (Odonata: Libellulidae) in China Based on Microsatellite and Mitochondrial DNA Markers,2019,Scientific Reports,,https://www.scopus.com/inward/record.uri?partnerID=HzOxMe3b&scp=85067352129&origin=inward,https://www.scopus.com/inward/citedby.uri?partnerID=HzOxMe3b&scp=85067352129&origin=inward,,2026-04-12 18:59:22,Article,10.1038/s41598-019-45123-0,,https://api.elsevier.com/content/abstract/scopus_id/85067352129,9,1,,,,2.33,14.0,1,6,,,,85067352129,2-s2.0-85067352129
28,Feng Y.,Short term load forecasting of offshore oil field microgrids based on DA-SVM,2019,Energy Procedia,,https://www.scopus.com/inward/record.uri?partnerID=HzOxMe3b&scp=85063868968&origin=inward,https://www.scopus.com/inward/citedby.uri?partnerID=HzOxMe3b&scp=85063868968&origin=inward,,2026-04-12 18:59:22,Conference Paper,10.1016/j.egypro.2019.01.318,18766102,https://api.elsevier.com/content/abstract/scopus_id/85063868968,158,,,,,4.67,28.0,1,6,,,,85063868968,2-s2.0-85063868968
16,Innes-Gold A.A.,"Right phenotype, wrong place: Predator-induced plasticity is costly in a mismatched environment",2019,Proceedings of the Royal Society B Biological Sciences,,https://www.scopus.com/inward/record.uri?partnerID=HzOxMe3b&scp=85076022767&origin=inward,https://www.scopus.com/inward/citedby.uri?partnerID=HzOxMe3b&scp=85076022767&origin=inward,,2026-04-12 18:59:22,Article,10.1098/rspb.2019.2347,09628452,https://api.elsevier.com/content/abstract/scopus_id/85076022767,286,1916,,,,2.67,16.0,1,6,,,,85076022767,2-s2.0-85076022767
0,Abdel-Hamza A.K.,"Insect order that the blue-cheeked bee-eater merops superciliosus persicus Palls, 1773 (Coraciiformes: Meropidae) chicks feed on in the provinces of Baghdad and Babylon",2019,Plant Archives,,https://www.scopus.com/inward/record.uri?partnerID=HzOxMe3b&scp=85079864778&origin=inward,https://www.scopus.com/inward/citedby.uri?partnerID=HzOxMe3b&scp=85079864778&origin=inward,,2026-04-12 18:59:22,Article,,09725210,https://api.elsevier.com/content/abstract/scopus_id/85079864778,19,2,,,,0.0,0.0,1,6,,,,85079864778,2-s2.0-85079864778
21,Baba Y.G.,Positive effect of environmentally friendly farming on paddy field odonate assemblages at a small landscape scale,2019,Journal of Insect Conservation,,https://www.scopus.com/inward/record.uri?partnerID=HzOxMe3b&scp=85061268089&origin=inward,https://www.scopus.com/inward/citedby.uri?partnerID=HzOxMe3b&scp=85061268089&origin=inward,,2026-04-12 18:59:22,Article,10.1007/s10841-019-00132-2,1366638X,https://api.elsevier.com/content/abstract/scopus_id/85061268089,23,3,,,,3.5,21.0,1,6,,,,85061268089,2-s2.0-85061268089
13,Jonsson M.,High-speed imaging reveals how antihistamine exposure affects escape behaviours in aquatic insect prey,2019,Science of the Total Environment,,https://www.scopus.com/inward/record.uri?partnerID=HzOxMe3b&scp=85052146409&origin=inward,https://www.scopus.com/inward/citedby.uri?partnerID=HzOxMe3b&scp=85052146409&origin=inward,,2026-04-12 18:59:22,Article,10.1016/j.scitotenv.2018.08.226,00489697,https://api.elsevier.com/content/abstract/scopus_id/85052146409,648,,,,,2.17,13.0,1,6,,,,85052146409,2-s2.0-85052146409
5,Khairuddin A.R.,Parameter optimization of gradient tree boosting using dragonfly algorithm in crime forecasting and analysis,2019,Journal of Computer Science,,https://www.scopus.com/inward/record.uri?partnerID=HzOxMe3b&scp=85074235491&origin=inward,https://www.scopus.com/inward/citedby.uri?partnerID=HzOxMe3b&scp=85074235491&origin=inward,,2026-04-12 18:59:22,Article,10.3844/jcssp.2019.1085.1096,15493636,https://api.elsevier.com/content/abstract/scopus_id/85074235491,15,8,,,,0.83,5.0,1,6,,,,85074235491,2-s2.0-85074235491
0,Patten M.A.,"Geographic variation in a restricted-range endemic dragonfly Gomphurus ozarkensis (Odonata: Gomphidae), with description of a new subspecies",2019,Journal of Insect Biodiversity,,https://www.scopus.com/inward/record.uri?partnerID=HzOxMe3b&scp=105017096576&origin=inward,https://www.scopus.com/inward/citedby.uri?partnerID=HzOxMe3b&scp=105017096576&origin=inward,,2026-04-12 18:59:22,Article,10.12976/jib/2019.13.2.1,25381318,https://api.elsevier.com/content/abstract/scopus_id/105017096576,13,2,,,,0.0,0.0,1,6,,,,105017096576,2-s2.0-105017096576
5,Mishra S.,Step-back control of pressurized heavy water reactor by infopid using DA optimization,2019,Advances in Intelligent Systems and Computing,,https://www.scopus.com/inward/record.uri?partnerID=HzOxMe3b&scp=85053505364&origin=inward,https://www.scopus.com/inward/citedby.uri?partnerID=HzOxMe3b&scp=85053505364&origin=inward,,2026-04-12 18:59:22,Book Chapter,10.1007/978-981-13-1822-1_46,21945357,https://api.elsevier.com/content/abstract/scopus_id/85053505364,697,,,,,0.83,5.0,1,6,,,,85053505364,2-s2.0-85053505364
0,Brisbois C.,Electron spectrum of the dragonfly pulsar wind nebula from X-ray to TeV,2019,Proceedings of Science,,https://www.scopus.com/inward/record.uri?partnerID=HzOxMe3b&scp=85086259282&origin=inward,https://www.scopus.com/inward/citedby.uri?partnerID=HzOxMe3b&scp=85086259282&origin=inward,,2026-04-12 18:59:22,Conference Paper,,,https://api.elsevier.com/content/abstract/scopus_id/85086259282,358,,,,,0.0,0.0,1,6,,,,85086259282,2-s2.0-85086259282
23,Start D.,Trait variation across biological scales shapes community structure and ecosystem function,2019,Ecology,,https://www.scopus.com/inward/record.uri?partnerID=HzOxMe3b&scp=85068066217&origin=inward,https://www.scopus.com/inward/citedby.uri?partnerID=HzOxMe3b&scp=85068066217&origin=inward,,2026-04-12 18:59:22,Article,10.1002/ecy.2769,00129658,https://api.elsevier.com/content/abstract/scopus_id/85068066217,100,9,,,,3.83,23.0,1,6,,,,85068066217,2-s2.0-85068066217
16,Hettyey A.,Predator-induced changes in the chemical defence of a vertebrate,2019,Journal of Animal Ecology,,https://www.scopus.com/inward/record.uri?partnerID=HzOxMe3b&scp=85072031495&origin=inward,https://www.scopus.com/inward/citedby.uri?partnerID=HzOxMe3b&scp=85072031495&origin=inward,,2026-04-12 18:59:22,Article,10.1111/1365-2656.13083,00218790,https://api.elsevier.com/content/abstract/scopus_id/85072031495,88,12,,,,2.67,16.0,1,6,,,,85072031495,2-s2.0-85072031495
14,Patil S.,Intelligent system with dragonfly optimisation for caries detection,2019,Iet Image Processing,,https://www.scopus.com/inward/record.uri?partnerID=HzOxMe3b&scp=85062221969&origin=inward,https://www.scopus.com/inward/citedby.uri?partnerID=HzOxMe3b&scp=85062221969&origin=inward,,2026-04-12 18:59:22,Article,10.1049/iet-ipr.2018.5442,17519659,https://api.elsevier.com/content/abstract/scopus_id/85062221969,13,3,,,,2.33,14.0,1,6,,,,85062221969,2-s2.0-85062221969
0,Ji Y.,Molecular test shows the color pattern is not so reliable in diagnostic of genus Dysphaea Selys (Odonata: Euphaeidae),2019,Zoological Systematics,,https://www.scopus.com/inward/record.uri?partnerID=HzOxMe3b&scp=85147475818&origin=inward,https://www.scopus.com/inward/citedby.uri?partnerID=HzOxMe3b&scp=85147475818&origin=inward,,2026-04-12 18:59:22,Article,10.11865/zs.201904,20956827,https://api.elsevier.com/content/abstract/scopus_id/85147475818,44,2,,,,0.0,0.0,1,6,,,,85147475818,2-s2.0-85147475818
6,Golab M.J.,Let's mate here and now – seasonal constraints increase mating efficiency,2019,Ecological Entomology,,https://www.scopus.com/inward/record.uri?partnerID=HzOxMe3b&scp=85065184742&origin=inward,https://www.scopus.com/inward/citedby.uri?partnerID=HzOxMe3b&scp=85065184742&origin=inward,,2026-04-12 18:59:22,Article,10.1111/een.12739,03076946,https://api.elsevier.com/content/abstract/scopus_id/85065184742,44,5,,,,1.0,6.0,1,6,,,,85065184742,2-s2.0-85065184742
6,Apare R.S.,Implementing adaptive dragonfly optimization for privacy preservation in IoT,2019,Journal of High Speed Networks,,https://www.scopus.com/inward/record.uri?partnerID=HzOxMe3b&scp=85075880263&origin=inward,https://www.scopus.com/inward/citedby.uri?partnerID=HzOxMe3b&scp=85075880263&origin=inward,,2026-04-12 18:59:22,Article,10.3233/JHS-190619,09266801,https://api.elsevier.com/content/abstract/scopus_id/85075880263,25,4,,,,1.0,6.0,1,6,,,,85075880263,2-s2.0-85075880263
73,Xu L.,A Novel Method for Multilevel Color Image Segmentation Based on Dragonfly Algorithm and Differential Evolution,2019,IEEE Access,,https://www.scopus.com/inward/record.uri?partnerID=HzOxMe3b&scp=85062470048&origin=inward,https://www.scopus.com/inward/citedby.uri?partnerID=HzOxMe3b&scp=85062470048&origin=inward,,2026-04-12 18:59:22,Article,10.1109/ACCESS.2019.2896673,,https://api.elsevier.com/content/abstract/scopus_id/85062470048,7,,,,,12.17,73.0,1,6,,,,85062470048,2-s2.0-85062470048
20,Drury J.P.,A general explanation for the persistence of reproductive interference,2019,American Naturalist,,https://www.scopus.com/inward/record.uri?partnerID=HzOxMe3b&scp=85067566401&origin=inward,https://www.scopus.com/inward/citedby.uri?partnerID=HzOxMe3b&scp=85067566401&origin=inward,,2026-04-12 18:59:22,Article,10.1086/704102,00030147,https://api.elsevier.com/content/abstract/scopus_id/85067566401,194,2,,,,3.33,20.0,1,6,,,,85067566401,2-s2.0-85067566401
10,Rivas-Torres A.,"Alternative reproductive strategies in black-winged territorial males of Paraphlebia zoe (Odonata, Thaumatoneuridae)",2019,Peerj,,https://www.scopus.com/inward/record.uri?partnerID=HzOxMe3b&scp=85063688549&origin=inward,https://www.scopus.com/inward/citedby.uri?partnerID=HzOxMe3b&scp=85063688549&origin=inward,,2026-04-12 18:59:22,Article,10.7717/peerj.6489,,https://api.elsevier.com/content/abstract/scopus_id/85063688549,2019,2,,,,1.67,10.0,1,6,,,,85063688549,2-s2.0-85063688549
57,Diab A.A.Z.,"Optimal Sizing and Placement of Capacitors in Radial Distribution Systems Based on Grey Wolf, Dragonfly and Moth–Flame Optimization Algorithms",2019,Iranian Journal of Science and Technology Transactions of Electrical Engineering,,https://www.scopus.com/inward/record.uri?partnerID=HzOxMe3b&scp=85061104778&origin=inward,https://www.scopus.com/inward/citedby.uri?partnerID=HzOxMe3b&scp=85061104778&origin=inward,,2026-04-12 18:59:22,Article,10.1007/s40998-018-0071-7,22286179,https://api.elsevier.com/content/abstract/scopus_id/85061104778,43,1,,,,9.5,57.0,1,6,,,,85061104778,2-s2.0-85061104778
10,Ousterhout B.H.,A framework for linking competitor ecological differences to coexistence,2019,Journal of Animal Ecology,,https://www.scopus.com/inward/record.uri?partnerID=HzOxMe3b&scp=85068752063&origin=inward,https://www.scopus.com/inward/citedby.uri?partnerID=HzOxMe3b&scp=85068752063&origin=inward,,2026-04-12 18:59:22,Article,10.1111/1365-2656.13048,00218790,https://api.elsevier.com/content/abstract/scopus_id/85068752063,88,10,,,,1.67,10.0,1,6,,,,85068752063,2-s2.0-85068752063
39,Bao X.,Dragonfly algorithm with Opposition-based learning for multilevel thresholding color image segmentation,2019,Symmetry,,https://www.scopus.com/inward/record.uri?partnerID=HzOxMe3b&scp=85066320413&origin=inward,https://www.scopus.com/inward/citedby.uri?partnerID=HzOxMe3b&scp=85066320413&origin=inward,,2026-04-12 18:59:22,Article,10.3390/sym11050716,,https://api.elsevier.com/content/abstract/scopus_id/85066320413,11,5,,,,6.5,39.0,1,6,,,,85066320413,2-s2.0-85066320413
4,del Palacio A.,Redescription of Erythrodiplax chromoptera Borror 1942 with comments on the morphology of the vesica spermalis (Odonata: Libellulidae),2019,Zoologischer Anzeiger,,https://www.scopus.com/inward/record.uri?partnerID=HzOxMe3b&scp=85059202902&origin=inward,https://www.scopus.com/inward/citedby.uri?partnerID=HzOxMe3b&scp=85059202902&origin=inward,,2026-04-12 18:59:22,Article,10.1016/j.jcz.2018.12.004,00445231,https://api.elsevier.com/content/abstract/scopus_id/85059202902,278,,,,,0.67,4.0,1,6,,,,85059202902,2-s2.0-85059202902
12,Haghi H.,The Star Formation History and Dynamics of the Ultra-diffuse Galaxy Dragonfly 44 in MOND and MOG,2019,Astrophysical Journal Letters,,https://www.scopus.com/inward/record.uri?partnerID=HzOxMe3b&scp=85074332565&origin=inward,https://www.scopus.com/inward/citedby.uri?partnerID=HzOxMe3b&scp=85074332565&origin=inward,,2026-04-12 18:59:22,Article,10.3847/2041-8213/ab4517,20418205,https://api.elsevier.com/content/abstract/scopus_id/85074332565,884,1,,,,2.0,12.0,1,6,,,,85074332565,2-s2.0-85074332565
24,Van Dievel M.,Additive bioenergetic responses to a pesticide and predation risk in an aquatic insect,2019,Aquatic Toxicology,,https://www.scopus.com/inward/record.uri?partnerID=HzOxMe3b&scp=85066067800&origin=inward,https://www.scopus.com/inward/citedby.uri?partnerID=HzOxMe3b&scp=85066067800&origin=inward,,2026-04-12 18:59:22,Article,10.1016/j.aquatox.2019.05.010,0166445X,https://api.elsevier.com/content/abstract/scopus_id/85066067800,212,,,,,4.0,24.0,1,6,,,,85066067800,2-s2.0-85066067800
6,Nagaraj K.,Encrypting and preserving sensitive attributes in customer churn data using novel dragonfly based pseudonymizer approach,2019,Information Switzerland,,https://www.scopus.com/inward/record.uri?partnerID=HzOxMe3b&scp=85074048117&origin=inward,https://www.scopus.com/inward/citedby.uri?partnerID=HzOxMe3b&scp=85074048117&origin=inward,,2026-04-12 18:59:22,Article,10.3390/info10090274,,https://api.elsevier.com/content/abstract/scopus_id/85074048117,10,9,,,,1.0,6.0,1,6,,,,85074048117,2-s2.0-85074048117
0,James J.V.,A probabilistic tracker for a bio-inspired target detection algorithm,2019,Australasian Conference on Robotics and Automation Acra,,https://www.scopus.com/inward/record.uri?partnerID=HzOxMe3b&scp=85085251171&origin=inward,https://www.scopus.com/inward/citedby.uri?partnerID=HzOxMe3b&scp=85085251171&origin=inward,,2026-04-12 18:59:22,Conference Paper,,14482053,https://api.elsevier.com/content/abstract/scopus_id/85085251171,2019-December,,,,,0.0,0.0,1,6,,,,85085251171,2-s2.0-85085251171
8,Schultz B.,Free-living parasite infectious stages promote zooplankton abundance under the risk of predation,2019,Oecologia,,https://www.scopus.com/inward/record.uri?partnerID=HzOxMe3b&scp=85072716973&origin=inward,https://www.scopus.com/inward/citedby.uri?partnerID=HzOxMe3b&scp=85072716973&origin=inward,,2026-04-12 18:59:22,Article,10.1007/s00442-019-04503-z,00298549,https://api.elsevier.com/content/abstract/scopus_id/85072716973,191,2,,,,1.33,8.0,1,6,,,,85072716973,2-s2.0-85072716973
2,Pourghaffari A.,Workflow scheduling in cloud computing environment using hybrid CSO-DA,2019,International Journal of Nonlinear Analysis and Applications,,https://www.scopus.com/inward/record.uri?partnerID=HzOxMe3b&scp=85077872916&origin=inward,https://www.scopus.com/inward/citedby.uri?partnerID=HzOxMe3b&scp=85077872916&origin=inward,,2026-04-12 18:59:22,Article,10.22075/IJNAA.2019.4184,,https://api.elsevier.com/content/abstract/scopus_id/85077872916,10,2,,,,0.33,2.0,1,6,,,,85077872916,2-s2.0-85077872916
2,Pourghaffari A.,Workflow scheduling in cloud computing environment using hybrid CSO-DA,2019,International Journal of Nonlinear Analysis and Applications,,https://www.scopus.com/inward/record.uri?partnerID=HzOxMe3b&scp=85077872916&origin=inward,https://www.scopus.com/inward/citedby.uri?partnerID=HzOxMe3b&scp=85077872916&origin=inward,,2026-04-12 18:59:22,Article,10.22075/IJNAA.2019.4184,,https://api.elsevier.com/content/abstract/scopus_id/85077872916,10,2,,,,0.33,2.0,1,6,,,,85077872916,2-s2.0-85077872916
32,Drury J.,Continent-scale phenotype mapping using citizen scientists’ photographs,2019,Ecography,,https://www.scopus.com/inward/record.uri?partnerID=HzOxMe3b&scp=85064711327&origin=inward,https://www.scopus.com/inward/citedby.uri?partnerID=HzOxMe3b&scp=85064711327&origin=inward,,2026-04-12 18:59:22,Article,10.1111/ecog.04469,09067590,https://api.elsevier.com/content/abstract/scopus_id/85064711327,42,8,,,,5.33,32.0,1,6,,,,85064711327,2-s2.0-85064711327
6,Conniff K.,"Revision of the status of anaciaeschna Donaldi and A. Martini, with allied species, and distributional notes (odonata: Aeshnidae)",2019,Odonatologica,,https://www.scopus.com/inward/record.uri?partnerID=HzOxMe3b&scp=85090913845&origin=inward,https://www.scopus.com/inward/citedby.uri?partnerID=HzOxMe3b&scp=85090913845&origin=inward,,2026-04-12 18:59:22,Article,10.5281/zenodo.3539740,03750183,https://api.elsevier.com/content/abstract/scopus_id/85090913845,48,3-4,,,,1.0,6.0,1,6,,,,85090913845,2-s2.0-85090913845
2,Shapovalov M.,Fauna of odonata of the adygheya republic (North-western caucasus),2019,Russian Entomological Journal,,https://www.scopus.com/inward/record.uri?partnerID=HzOxMe3b&scp=85077327726&origin=inward,https://www.scopus.com/inward/citedby.uri?partnerID=HzOxMe3b&scp=85077327726&origin=inward,,2026-04-12 18:59:22,Article,10.15298/rusentj.28.4.01,01328069,https://api.elsevier.com/content/abstract/scopus_id/85077327726,28,4,,,,0.33,2.0,1,6,,,,85077327726,2-s2.0-85077327726
30,El-Hay E.A.,Improved performance of PEM fuel cells stack feeding switched reluctance motor using multi-objective dragonfly optimizer,2019,Neural Computing and Applications,,https://www.scopus.com/inward/record.uri?partnerID=HzOxMe3b&scp=85046624587&origin=inward,https://www.scopus.com/inward/citedby.uri?partnerID=HzOxMe3b&scp=85046624587&origin=inward,,2026-04-12 18:59:22,Article,10.1007/s00521-018-3524-z,09410643,https://api.elsevier.com/content/abstract/scopus_id/85046624587,31,11,,,,5.0,30.0,1,6,,,,85046624587,2-s2.0-85046624587
23,Moayedi H.,Two novel neural-evolutionary predictive techniques of dragonfly algorithm (DA) and biogeography-based optimization (BBO) for landslide susceptibility analysis,2019,Geomatics Natural Hazards and Risk,,https://www.scopus.com/inward/record.uri?partnerID=HzOxMe3b&scp=85076414312&origin=inward,https://www.scopus.com/inward/citedby.uri?partnerID=HzOxMe3b&scp=85076414312&origin=inward,,2026-04-12 18:59:22,Article,10.1080/19475705.2019.1699608,19475705,https://api.elsevier.com/content/abstract/scopus_id/85076414312,10,1,,,,3.83,23.0,1,6,,,,85076414312,2-s2.0-85076414312
18,Iwersen-Bergmann S.,Mass poisoning with NPS: 2C-E and Bromo-DragonFly,2019,International Journal of Legal Medicine,,https://www.scopus.com/inward/record.uri?partnerID=HzOxMe3b&scp=85049150246&origin=inward,https://www.scopus.com/inward/citedby.uri?partnerID=HzOxMe3b&scp=85049150246&origin=inward,,2026-04-12 18:59:22,Article,10.1007/s00414-018-1882-9,09379827,https://api.elsevier.com/content/abstract/scopus_id/85049150246,133,1,,,,3.0,18.0,1,6,,,,85049150246,2-s2.0-85049150246
65,Debecker S.,"Pace of life syndrome under warming and pollution: integrating life history, behavior, and physiology across latitudes",2019,Ecological Monographs,,https://www.scopus.com/inward/record.uri?partnerID=HzOxMe3b&scp=85060956230&origin=inward,https://www.scopus.com/inward/citedby.uri?partnerID=HzOxMe3b&scp=85060956230&origin=inward,,2026-04-12 18:59:22,Article,10.1002/ecm.1332,00129615,https://api.elsevier.com/content/abstract/scopus_id/85060956230,89,1,,,,10.83,65.0,1,6,,,,85060956230,2-s2.0-85060956230
1,Zia A.,"Coeliccia vacca Laidlaw, 1932 (Odonata: Zygoptera: Platycnemididae) A Data Deficient Potentially Threatened Species",2019,Pakistan Journal of Agricultural Research,,https://www.scopus.com/inward/record.uri?partnerID=HzOxMe3b&scp=85090907857&origin=inward,https://www.scopus.com/inward/citedby.uri?partnerID=HzOxMe3b&scp=85090907857&origin=inward,,2026-04-12 18:59:22,Article,10.17582/journal.pjar/2019/32.4.706.709,02510480,https://api.elsevier.com/content/abstract/scopus_id/85090907857,32,4,,,,0.17,1.0,1,6,,,,85090907857,2-s2.0-85090907857
47,Suresh V.,Demand response-integrated economic dispatch incorporating renewable energy sources using ameliorated dragonfly algorithm,2019,Electrical Engineering,,https://www.scopus.com/inward/record.uri?partnerID=HzOxMe3b&scp=85066505863&origin=inward,https://www.scopus.com/inward/citedby.uri?partnerID=HzOxMe3b&scp=85066505863&origin=inward,,2026-04-12 18:59:22,Article,10.1007/s00202-019-00792-y,09487921,https://api.elsevier.com/content/abstract/scopus_id/85066505863,101,2,,,,7.83,47.0,1,6,,,,85066505863,2-s2.0-85066505863
3,Hardersen S.,"Proposal for a time-based standard sampling method for the monitoring of Gomphus flavipes (Charpentier, 1825) and Ophiogomphus cecilia (Fourcroy, 1785) (Odonata: Gomphidae)",2019,Fragmenta Entomologica,,https://www.scopus.com/inward/record.uri?partnerID=HzOxMe3b&scp=85067367897&origin=inward,https://www.scopus.com/inward/citedby.uri?partnerID=HzOxMe3b&scp=85067367897&origin=inward,,2026-04-12 18:59:22,Article,10.4081/fe.2019.335,0429288X,https://api.elsevier.com/content/abstract/scopus_id/85067367897,51,1,,,,0.5,3.0,1,6,,,,85067367897,2-s2.0-85067367897
44,Šigutová H.,A novel approach involving the use of Odonata as indicators of tropical forest degradation: When family matters,2019,Ecological Indicators,,https://www.scopus.com/inward/record.uri?partnerID=HzOxMe3b&scp=85065194982&origin=inward,https://www.scopus.com/inward/citedby.uri?partnerID=HzOxMe3b&scp=85065194982&origin=inward,,2026-04-12 18:59:22,Article,10.1016/j.ecolind.2019.05.001,1470160X,https://api.elsevier.com/content/abstract/scopus_id/85065194982,104,,,,,7.33,44.0,1,6,,,,85065194982,2-s2.0-85065194982
15,Pires M.M.,"Diversity of Odonata (Insecta) in Seasonal Deciduous Forest fragments in southern Brazil (state of Rio Grande do Sul), with a new record for the state and comments on the seasonal distribution of the species",2019,Biota Neotropica,,https://www.scopus.com/inward/record.uri?partnerID=HzOxMe3b&scp=85073613857&origin=inward,https://www.scopus.com/inward/citedby.uri?partnerID=HzOxMe3b&scp=85073613857&origin=inward,,2026-04-12 18:59:22,Article,10.1590/1676-0611-bn-2019-0769,16760603,https://api.elsevier.com/content/abstract/scopus_id/85073613857,19,4,,,,2.5,15.0,1,6,,,,85073613857,2-s2.0-85073613857
14,Vega-Sánchez Y.M.,"Complex evolutionary history of the American Rubyspot damselfly, Hetaerina americana (Odonata): Evidence of cryptic speciation",2019,Molecular Phylogenetics and Evolution,,https://www.scopus.com/inward/record.uri?partnerID=HzOxMe3b&scp=85067345239&origin=inward,https://www.scopus.com/inward/citedby.uri?partnerID=HzOxMe3b&scp=85067345239&origin=inward,,2026-04-12 18:59:22,Article,10.1016/j.ympev.2019.106536,10557903,https://api.elsevier.com/content/abstract/scopus_id/85067345239,139,,,,,2.33,14.0,1,6,,,,85067345239,2-s2.0-85067345239
15,Sarvamangala D.R.,A Comparative Study of Bio-inspired Algorithms for Medical Image Registration,2019,Studies in Computational Intelligence,,https://www.scopus.com/inward/record.uri?partnerID=HzOxMe3b&scp=85146949600&origin=inward,https://www.scopus.com/inward/citedby.uri?partnerID=HzOxMe3b&scp=85146949600&origin=inward,,2026-04-12 18:59:22,Conference Paper,10.1007/978-981-10-8974-9_2,1860949X,https://api.elsevier.com/content/abstract/scopus_id/85146949600,687,,,,,2.5,15.0,1,6,,,,85146949600,2-s2.0-85146949600
28,Zhang A.,Short-term load forecasting for microgrids based on DA-SVM,2019,COMPEL the International Journal for Computation and Mathematics in Electrical and Electronic Engineering,,https://www.scopus.com/inward/record.uri?partnerID=HzOxMe3b&scp=85053518259&origin=inward,https://www.scopus.com/inward/citedby.uri?partnerID=HzOxMe3b&scp=85053518259&origin=inward,,2026-04-12 18:59:22,Article,10.1108/COMPEL-05-2018-0221,03321649,https://api.elsevier.com/content/abstract/scopus_id/85053518259,38,1,,,,4.67,28.0,1,6,,,,85053518259,2-s2.0-85053518259
11,Ansari M.I.,On the optimal morphology and performance of a modeled dragonfly airfoil in gliding mode,2019,Physics of Fluids,,https://www.scopus.com/inward/record.uri?partnerID=HzOxMe3b&scp=85065820167&origin=inward,https://www.scopus.com/inward/citedby.uri?partnerID=HzOxMe3b&scp=85065820167&origin=inward,,2026-04-12 18:59:22,Article,10.1063/1.5093230,10706631,https://api.elsevier.com/content/abstract/scopus_id/85065820167,31,5,,,,1.83,11.0,1,6,,,,85065820167,2-s2.0-85065820167
6,Garcia Junior M.D.N.,The diversity of odonata adults’s at pampa biome from Brazil,2019,Revista De Biologia Tropical,,https://www.scopus.com/inward/record.uri?partnerID=HzOxMe3b&scp=85065891728&origin=inward,https://www.scopus.com/inward/citedby.uri?partnerID=HzOxMe3b&scp=85065891728&origin=inward,,2026-04-12 18:59:22,Article,10.15517/RBT.V67I1.33285,00347744,https://api.elsevier.com/content/abstract/scopus_id/85065891728,67,1,,,,1.0,6.0,1,6,,,,85065891728,2-s2.0-85065891728
11,Günther A.,Successful breeding by pantala flavescens in Germany (Odonata: Libellulidae),2019,Odonatologica,,https://www.scopus.com/inward/record.uri?partnerID=HzOxMe3b&scp=85111729915&origin=inward,https://www.scopus.com/inward/citedby.uri?partnerID=HzOxMe3b&scp=85111729915&origin=inward,,2026-04-12 18:59:22,Article,10.5281/zenodo.3539732,03750183,https://api.elsevier.com/content/abstract/scopus_id/85111729915,48,3-4,,,,1.83,11.0,1,6,,,,85111729915,2-s2.0-85111729915
8,Mukherjee S.,Effects of predator type and alternative prey on mosquito egg raft predation and destruction,2019,Hydrobiologia,,https://www.scopus.com/inward/record.uri?partnerID=HzOxMe3b&scp=85074395226&origin=inward,https://www.scopus.com/inward/citedby.uri?partnerID=HzOxMe3b&scp=85074395226&origin=inward,,2026-04-12 18:59:22,Article,10.1007/s10750-019-04065-4,00188158,https://api.elsevier.com/content/abstract/scopus_id/85074395226,846,1,,,,1.33,8.0,1,6,,,,85074395226,2-s2.0-85074395226
37,Briggs A.,Macrophytes promote aquatic insect conservation in artificial ponds,2019,Aquatic Conservation Marine and Freshwater Ecosystems,,https://www.scopus.com/inward/record.uri?partnerID=HzOxMe3b&scp=85069658743&origin=inward,https://www.scopus.com/inward/citedby.uri?partnerID=HzOxMe3b&scp=85069658743&origin=inward,,2026-04-12 18:59:22,Article,10.1002/aqc.3157,10527613,https://api.elsevier.com/content/abstract/scopus_id/85069658743,29,8,,,,6.17,37.0,1,6,,,,85069658743,2-s2.0-85069658743
55,Pereira D.F.G.,Environmental changes promote larger species of Odonata (Insecta) in Amazonian streams,2019,Ecological Indicators,,https://www.scopus.com/inward/record.uri?partnerID=HzOxMe3b&scp=85054854081&origin=inward,https://www.scopus.com/inward/citedby.uri?partnerID=HzOxMe3b&scp=85054854081&origin=inward,,2026-04-12 18:59:22,Article,10.1016/j.ecolind.2018.09.020,1470160X,https://api.elsevier.com/content/abstract/scopus_id/85054854081,98,,,,,9.17,55.0,1,6,,,,85054854081,2-s2.0-85054854081
0,da Silva M.H.,"Survey of odonate fauna (Insecta: Odonata) in a stretch of the Maracaju Hills, State of Mato Gross do Sul, Brazil",2019,Oecologia Australis,,https://www.scopus.com/inward/record.uri?partnerID=HzOxMe3b&scp=85077978306&origin=inward,https://www.scopus.com/inward/citedby.uri?partnerID=HzOxMe3b&scp=85077978306&origin=inward,,2026-04-12 18:59:22,Article,10.4257/oeco.2019.2304.19,,https://api.elsevier.com/content/abstract/scopus_id/85077978306,23,4,,,,0.0,0.0,1,6,,,,85077978306,2-s2.0-85077978306
0,Shcherbina G.K.,New Species of Bottom Macroinvertebrates for the Fauna of Kalmykia,2019,Inland Water Biology,,https://www.scopus.com/inward/record.uri?partnerID=HzOxMe3b&scp=85076425292&origin=inward,https://www.scopus.com/inward/citedby.uri?partnerID=HzOxMe3b&scp=85076425292&origin=inward,,2026-04-12 18:59:22,Article,10.1134/S199508291904014X,19950829,https://api.elsevier.com/content/abstract/scopus_id/85076425292,12,4,,,,0.0,0.0,1,6,,,,85076425292,2-s2.0-85076425292
10,Zhang J.,Credibilistic mean-semi-entropy model for multi-period portfolio selection with background risk,2019,Entropy,,https://www.scopus.com/inward/record.uri?partnerID=HzOxMe3b&scp=85074021152&origin=inward,https://www.scopus.com/inward/citedby.uri?partnerID=HzOxMe3b&scp=85074021152&origin=inward,,2026-04-12 18:59:22,Article,10.3390/e21100944,,https://api.elsevier.com/content/abstract/scopus_id/85074021152,21,10,,,,1.67,10.0,1,6,,,,85074021152,2-s2.0-85074021152
9,Rae J.,Pathogen vs. predator: ranavirus exposure dampens tadpole responses to perceived predation risk,2019,Oecologia,,https://www.scopus.com/inward/record.uri?partnerID=HzOxMe3b&scp=85072717632&origin=inward,https://www.scopus.com/inward/citedby.uri?partnerID=HzOxMe3b&scp=85072717632&origin=inward,,2026-04-12 18:59:22,Article,10.1007/s00442-019-04501-1,00298549,https://api.elsevier.com/content/abstract/scopus_id/85072717632,191,2,,,,1.5,9.0,1,6,,,,85072717632,2-s2.0-85072717632
10,Ramamonjisoa N.,"Predation decreases cohort foraging activity and growth, yet increases individual size variation in prey",2019,Evolutionary Ecology,,https://www.scopus.com/inward/record.uri?partnerID=HzOxMe3b&scp=85062149677&origin=inward,https://www.scopus.com/inward/citedby.uri?partnerID=HzOxMe3b&scp=85062149677&origin=inward,,2026-04-12 18:59:22,Article,10.1007/s10682-019-09977-0,02697653,https://api.elsevier.com/content/abstract/scopus_id/85062149677,33,2,,,,1.67,10.0,1,6,,,,85062149677,2-s2.0-85062149677
16,Luhring T.M.,Phenotypically plastic responses to predation risk are temperature dependent,2019,Oecologia,,https://www.scopus.com/inward/record.uri?partnerID=HzOxMe3b&scp=85074287771&origin=inward,https://www.scopus.com/inward/citedby.uri?partnerID=HzOxMe3b&scp=85074287771&origin=inward,,2026-04-12 18:59:22,Article,10.1007/s00442-019-04523-9,00298549,https://api.elsevier.com/content/abstract/scopus_id/85074287771,191,3,,,,2.67,16.0,1,6,,,,85074287771,2-s2.0-85074287771
81,Knight S.M.,Radio-tracking reveals how wind and temperature influence the pace of daytime insect migration,2019,Biology Letters,,https://www.scopus.com/inward/record.uri?partnerID=HzOxMe3b&scp=85069269608&origin=inward,https://www.scopus.com/inward/citedby.uri?partnerID=HzOxMe3b&scp=85069269608&origin=inward,,2026-04-12 18:59:22,Article,10.1098/rsbl.2019.0327,17449561,https://api.elsevier.com/content/abstract/scopus_id/85069269608,15,7,,,,13.5,81.0,1,6,,,,85069269608,2-s2.0-85069269608
0,K K.,The role of mosquito predators in the ecosystem in reducing the incidence of Dengue,2019,Asian Journal of Agriculture and Biology,,https://www.scopus.com/inward/record.uri?partnerID=HzOxMe3b&scp=85103088029&origin=inward,https://www.scopus.com/inward/citedby.uri?partnerID=HzOxMe3b&scp=85103088029&origin=inward,,2026-04-12 18:59:22,Article,,,https://api.elsevier.com/content/abstract/scopus_id/85103088029,7,,,,,0.0,0.0,1,6,,,,85103088029,2-s2.0-85103088029
19,Halberstadt A.L.,Comparison of the behavioral responses induced by phenylalkylamine hallucinogens and their tetrahydrobenzodifuran (“FLY”) and benzodifuran (“DragonFLY”) analogs,2019,Neuropharmacology,,https://www.scopus.com/inward/record.uri?partnerID=HzOxMe3b&scp=85056652039&origin=inward,https://www.scopus.com/inward/citedby.uri?partnerID=HzOxMe3b&scp=85056652039&origin=inward,,2026-04-12 18:59:22,Article,10.1016/j.neuropharm.2018.10.037,00283908,https://api.elsevier.com/content/abstract/scopus_id/85056652039,144,,,,,3.17,19.0,1,6,,,,85056652039,2-s2.0-85056652039
6,Weathered J.,Adaptation to agricultural pesticides may allow mosquitoes to avoid predators and colonize novel ecosystems,2019,Oecologia,,https://www.scopus.com/inward/record.uri?partnerID=HzOxMe3b&scp=85066026356&origin=inward,https://www.scopus.com/inward/citedby.uri?partnerID=HzOxMe3b&scp=85066026356&origin=inward,,2026-04-12 18:59:22,Article,10.1007/s00442-019-04403-2,00298549,https://api.elsevier.com/content/abstract/scopus_id/85066026356,190,1,,,,1.0,6.0,1,6,,,,85066026356,2-s2.0-85066026356
27,Xie T.,DA-based parameter optimization of combined kernel support vector machine for cancer diagnosis,2019,Processes,,https://www.scopus.com/inward/record.uri?partnerID=HzOxMe3b&scp=85066460803&origin=inward,https://www.scopus.com/inward/citedby.uri?partnerID=HzOxMe3b&scp=85066460803&origin=inward,,2026-04-12 18:59:22,Article,10.3390/pr7050263,,https://api.elsevier.com/content/abstract/scopus_id/85066460803,7,5,,,,4.5,27.0,1,6,,,,85066460803,2-s2.0-85066460803
42,Allgeier S.,Mosquito control based on Bacillus thuringiensis israelensis (Bti) interrupts artificial wetland food chains,2019,Science of the Total Environment,,https://www.scopus.com/inward/record.uri?partnerID=HzOxMe3b&scp=85067176455&origin=inward,https://www.scopus.com/inward/citedby.uri?partnerID=HzOxMe3b&scp=85067176455&origin=inward,,2026-04-12 18:59:22,Article,10.1016/j.scitotenv.2019.05.358,00489697,https://api.elsevier.com/content/abstract/scopus_id/85067176455,686,,,,,7.0,42.0,1,6,,,,85067176455,2-s2.0-85067176455
3,Garrison R.W.,Argia nataliae n. Sp. From Colombia (Odonata: Coenagrionidae),2019,Zootaxa,,https://www.scopus.com/inward/record.uri?partnerID=HzOxMe3b&scp=85065015346&origin=inward,https://www.scopus.com/inward/citedby.uri?partnerID=HzOxMe3b&scp=85065015346&origin=inward,,2026-04-12 18:59:22,Article,10.11646/zootaxa.4590.4.4,11755326,https://api.elsevier.com/content/abstract/scopus_id/85065015346,4590,4,,,,0.5,3.0,1,6,,,,85065015346,2-s2.0-85065015346
3,Sakaris P.C.,Ontogenetic and Temporal Diet Shifts of the Invasive Asian Swamp Eel in South Florida,2019,North American Journal of Fisheries Management,,https://www.scopus.com/inward/record.uri?partnerID=HzOxMe3b&scp=85074094171&origin=inward,https://www.scopus.com/inward/citedby.uri?partnerID=HzOxMe3b&scp=85074094171&origin=inward,,2026-04-12 18:59:22,Article,10.1002/nafm.10362,02755947,https://api.elsevier.com/content/abstract/scopus_id/85074094171,39,6,,,,0.5,3.0,1,6,,,,85074094171,2-s2.0-85074094171
16,Khelifa R.,Field estimates of fitness costs of the pace-of-life in an endangered damselfly,2019,Journal of Evolutionary Biology,,https://www.scopus.com/inward/record.uri?partnerID=HzOxMe3b&scp=85068130871&origin=inward,https://www.scopus.com/inward/citedby.uri?partnerID=HzOxMe3b&scp=85068130871&origin=inward,,2026-04-12 18:59:22,Article,10.1111/jeb.13493,1010061X,https://api.elsevier.com/content/abstract/scopus_id/85068130871,32,9,,,,2.67,16.0,1,6,,,,85068130871,2-s2.0-85068130871
19,Gabor C.R.,Roundup™ with corticosterone functions as an infodisruptor to antipredator response in tadpoles,2019,Frontiers in Ecology and Evolution,,https://www.scopus.com/inward/record.uri?partnerID=HzOxMe3b&scp=85065124267&origin=inward,https://www.scopus.com/inward/citedby.uri?partnerID=HzOxMe3b&scp=85065124267&origin=inward,,2026-04-12 18:59:22,Article,10.3389/fevo.2019.00114,,https://api.elsevier.com/content/abstract/scopus_id/85065124267,7,APR,,,,3.17,19.0,1,6,,,,85065124267,2-s2.0-85065124267
10,Joshi S.,"Ceriagrion chromothorax sp. nov. (Odonata: Zygoptera: Coenagrionidae) from Sindhudurg, Maharashtra, India",2019,Journal of Threatened Taxa,,https://www.scopus.com/inward/record.uri?partnerID=HzOxMe3b&scp=85123885219&origin=inward,https://www.scopus.com/inward/citedby.uri?partnerID=HzOxMe3b&scp=85123885219&origin=inward,,2026-04-12 18:59:22,Article,10.11609/jott.4753.11.7.13875-13885,09747893,https://api.elsevier.com/content/abstract/scopus_id/85123885219,11,7,,,,1.67,10.0,1,6,,,,85123885219,2-s2.0-85123885219
2,Garrison R.W.,Argia mauffrayi n. Sp. From Ecuador (Odonata: Coenagrionidae),2019,Zootaxa,,https://www.scopus.com/inward/record.uri?partnerID=HzOxMe3b&scp=85060051387&origin=inward,https://www.scopus.com/inward/citedby.uri?partnerID=HzOxMe3b&scp=85060051387&origin=inward,,2026-04-12 18:59:22,Review,10.11646/zootaxa.4545.2.8,11755326,https://api.elsevier.com/content/abstract/scopus_id/85060051387,4545,2,,,,0.33,2.0,1,6,,,,85060051387,2-s2.0-85060051387
0,Chelmick D.G.,The final instar exuviae of the genus Urothemis in Africa (Odonata: Libellulidae),2019,Odonatologica,,https://www.scopus.com/inward/record.uri?partnerID=HzOxMe3b&scp=85067335497&origin=inward,https://www.scopus.com/inward/citedby.uri?partnerID=HzOxMe3b&scp=85067335497&origin=inward,,2026-04-12 18:59:22,Article,10.5281/zenodo.2677699,03750183,https://api.elsevier.com/content/abstract/scopus_id/85067335497,48,1-2,,,,0.0,0.0,1,6,,,,85067335497,2-s2.0-85067335497
31,Willink B.,Macroevolutionary origin and adaptive function of a polymorphic female signal involved in sexual conflict,2019,American Naturalist,,https://www.scopus.com/inward/record.uri?partnerID=HzOxMe3b&scp=85071933873&origin=inward,https://www.scopus.com/inward/citedby.uri?partnerID=HzOxMe3b&scp=85071933873&origin=inward,,2026-04-12 18:59:22,Article,10.1086/705294,00030147,https://api.elsevier.com/content/abstract/scopus_id/85071933873,194,5,,,,5.17,31.0,1,6,,,,85071933873,2-s2.0-85071933873
32,Poma G.,"Occurrence of organophosphorus flame retardants and plasticizers in wild insects from a former e-waste recycling site in the Guangdong province, South China",2019,Science of the Total Environment,,https://www.scopus.com/inward/record.uri?partnerID=HzOxMe3b&scp=85053032873&origin=inward,https://www.scopus.com/inward/citedby.uri?partnerID=HzOxMe3b&scp=85053032873&origin=inward,,2026-04-12 18:59:22,Article,10.1016/j.scitotenv.2018.09.067,00489697,https://api.elsevier.com/content/abstract/scopus_id/85053032873,650,,,,,5.33,32.0,1,6,,,,85053032873,2-s2.0-85053032873
3,Cezário R.R.,"Final instar larva of Franciscagrion longispinum Machado & Bedê, 2015 (Odonata: Coenagrionidae), an endemic species from the springs of the São Francisco river",2019,Zootaxa,,https://www.scopus.com/inward/record.uri?partnerID=HzOxMe3b&scp=85071040976&origin=inward,https://www.scopus.com/inward/citedby.uri?partnerID=HzOxMe3b&scp=85071040976&origin=inward,,2026-04-12 18:59:22,Article,10.11646/zootaxa.4657.3.10,11755326,https://api.elsevier.com/content/abstract/scopus_id/85071040976,4657,3,,,,0.5,3.0,1,6,,,,85071040976,2-s2.0-85071040976
2,Walia G.K.,"Cytogenetic report on Cordulegaster brevistigma and Watanabeopetalia atkinsoni (Odonata: Cordulegastridae, Chlorogomphidae)",2019,Odonatologica,,https://www.scopus.com/inward/record.uri?partnerID=HzOxMe3b&scp=85067350210&origin=inward,https://www.scopus.com/inward/citedby.uri?partnerID=HzOxMe3b&scp=85067350210&origin=inward,,2026-04-12 18:59:22,Article,10.5281/zenodo.2677693,03750183,https://api.elsevier.com/content/abstract/scopus_id/85067350210,48,1-2,,,,0.33,2.0,1,6,,,,85067350210,2-s2.0-85067350210
1,Ramamonjisoa N.,The efficacy of a generalized antipredator defense against a novel predator depends on the source of induction in prey,2019,Hydrobiologia,,https://www.scopus.com/inward/record.uri?partnerID=HzOxMe3b&scp=85064245596&origin=inward,https://www.scopus.com/inward/citedby.uri?partnerID=HzOxMe3b&scp=85064245596&origin=inward,,2026-04-12 18:59:22,Article,10.1007/s10750-019-3951-6,00188158,https://api.elsevier.com/content/abstract/scopus_id/85064245596,836,1,,,,0.17,1.0,1,6,,,,85064245596,2-s2.0-85064245596
22,Lokhorst D.,On the Detectability of Visible-wavelength Line Emission from the Local Circumgalactic and Intergalactic Medium,2019,Astrophysical Journal,,https://www.scopus.com/inward/record.uri?partnerID=HzOxMe3b&scp=85069475508&origin=inward,https://www.scopus.com/inward/citedby.uri?partnerID=HzOxMe3b&scp=85069475508&origin=inward,,2026-04-12 18:59:22,Article,10.3847/1538-4357/ab184e,0004637X,https://api.elsevier.com/content/abstract/scopus_id/85069475508,877,1,,,,3.67,22.0,1,6,,,,85069475508,2-s2.0-85069475508
9,Khelifa R.,Females “assist” sneaker males to dupe dominant males in a rare endemic damselfly: sexual conflict at its finest,2019,Ecology,,https://www.scopus.com/inward/record.uri?partnerID=HzOxMe3b&scp=85071146016&origin=inward,https://www.scopus.com/inward/citedby.uri?partnerID=HzOxMe3b&scp=85071146016&origin=inward,,2026-04-12 18:59:22,Note,10.1002/ecy.2811,00129658,https://api.elsevier.com/content/abstract/scopus_id/85071146016,100,12,,,,1.5,9.0,1,6,,,,85071146016,2-s2.0-85071146016
4,Aftab F.,Hybrid self-organization based cluster management scheme for group mobility aware MANET,2019,2019 28th Wireless and Optical Communications Conference Wocc 2019 Proceedings,,https://www.scopus.com/inward/record.uri?partnerID=HzOxMe3b&scp=85070412171&origin=inward,https://www.scopus.com/inward/citedby.uri?partnerID=HzOxMe3b&scp=85070412171&origin=inward,,2026-04-12 18:59:22,Conference Paper,10.1109/WOCC.2019.8770680,,https://api.elsevier.com/content/abstract/scopus_id/85070412171,,,,,,0.67,4.0,1,6,,,,85070412171,2-s2.0-85070412171
0,Smith G.,"Consumption of the eggs, hatchlings, and tadpoles of Green Frogs (Lithobates clamitans) by native and non-native predators",2019,Amphibia Reptilia,,https://www.scopus.com/inward/record.uri?partnerID=HzOxMe3b&scp=85071865975&origin=inward,https://www.scopus.com/inward/citedby.uri?partnerID=HzOxMe3b&scp=85071865975&origin=inward,,2026-04-12 18:59:22,Article,10.1163/15685381-20181071,01735373,https://api.elsevier.com/content/abstract/scopus_id/85071865975,40,3,,,,0.0,0.0,1,6,,,,85071865975,2-s2.0-85071865975
3,Kosterin O.E.,"The first record of Libellula depressa Linnaeus, 1758 (Odonata: Libellulidae) in Siberia, Russia",2019,Acta Biologica Sibirica,,https://www.scopus.com/inward/record.uri?partnerID=HzOxMe3b&scp=85067355063&origin=inward,https://www.scopus.com/inward/citedby.uri?partnerID=HzOxMe3b&scp=85067355063&origin=inward,,2026-04-12 18:59:22,Article,10.14258/abs.v5.i2.5928,,https://api.elsevier.com/content/abstract/scopus_id/85067355063,5,2,,,,0.5,3.0,1,6,,,,85067355063,2-s2.0-85067355063
58,Verheyen J.,Increased Daily Temperature Fluctuations Overrule the Ability of Gradual Thermal Evolution to Offset the Increased Pesticide Toxicity under Global Warming,2019,Environmental Science and Technology,,https://www.scopus.com/inward/record.uri?partnerID=HzOxMe3b&scp=85064545440&origin=inward,https://www.scopus.com/inward/citedby.uri?partnerID=HzOxMe3b&scp=85064545440&origin=inward,,2026-04-12 18:59:22,Article,10.1021/acs.est.8b07166,0013936X,https://api.elsevier.com/content/abstract/scopus_id/85064545440,53,8,,,,9.67,58.0,1,6,,,,85064545440,2-s2.0-85064545440
0,Kiany M.,"New record of Lestes dryas Kirby, 1890 (Odonata: Lestidae) with the Notes on Platycnemis kervillei (Marin, 1909) from Iran (Odonata: Platycnemididae)",2019,Iranian Journal of Science and Technology Transaction A Science,,https://www.scopus.com/inward/record.uri?partnerID=HzOxMe3b&scp=85073385673&origin=inward,https://www.scopus.com/inward/citedby.uri?partnerID=HzOxMe3b&scp=85073385673&origin=inward,,2026-04-12 18:59:22,Article,10.1007/s40995-019-00720-6,10286276,https://api.elsevier.com/content/abstract/scopus_id/85073385673,43,5,,,,0.0,0.0,1,6,,,,85073385673,2-s2.0-85073385673
31,Verheyen J.,Shrinking Body Size and Physiology Contribute to Geographic Variation and the Higher Toxicity of Pesticides in a Warming World,2019,Environmental Science and Technology,,https://www.scopus.com/inward/record.uri?partnerID=HzOxMe3b&scp=85072791421&origin=inward,https://www.scopus.com/inward/citedby.uri?partnerID=HzOxMe3b&scp=85072791421&origin=inward,,2026-04-12 18:59:22,Article,10.1021/acs.est.9b03806,0013936X,https://api.elsevier.com/content/abstract/scopus_id/85072791421,53,19,,,,5.17,31.0,1,6,,,,85072791421,2-s2.0-85072791421
7,Dawn P.,"Description of the last instar larva of Calicnemia eximia (Selys, 1863) (Odonata: Platycnemididae) from West Bengal, India",2019,Zootaxa,,https://www.scopus.com/inward/record.uri?partnerID=HzOxMe3b&scp=85070669566&origin=inward,https://www.scopus.com/inward/citedby.uri?partnerID=HzOxMe3b&scp=85070669566&origin=inward,,2026-04-12 18:59:22,Article,10.11646/zootaxa.4657.1.10,11755326,https://api.elsevier.com/content/abstract/scopus_id/85070669566,4657,1,,,,1.17,7.0,1,6,,,,85070669566,2-s2.0-85070669566
4,Bielczyńska A.,Wind exposure as a factor influencing the littoral macrozoobenthic community: A methodological approach and preliminary findings,2019,Limnological Review,,https://www.scopus.com/inward/record.uri?partnerID=HzOxMe3b&scp=85076826229&origin=inward,https://www.scopus.com/inward/citedby.uri?partnerID=HzOxMe3b&scp=85076826229&origin=inward,,2026-04-12 18:59:22,Article,10.2478/limre-2019-0010,16425952,https://api.elsevier.com/content/abstract/scopus_id/85076826229,19,3,,,,0.67,4.0,1,6,,,,85076826229,2-s2.0-85076826229
9,Mallick A.,Inverse estimation of variable thermal parameters in a functionally graded annular fin using dragon fly optimization,2019,Inverse Problems in Science and Engineering,,https://www.scopus.com/inward/record.uri?partnerID=HzOxMe3b&scp=85053036137&origin=inward,https://www.scopus.com/inward/citedby.uri?partnerID=HzOxMe3b&scp=85053036137&origin=inward,,2026-04-12 18:59:22,Article,10.1080/17415977.2018.1510923,17415977,https://api.elsevier.com/content/abstract/scopus_id/85053036137,27,7,,,,1.5,9.0,1,6,,,,85053036137,2-s2.0-85053036137
5,Novelo-Gutiérrez R.,"The probable larva of Anotogaster gregoryi Fraser, 1923, with new distributional records of the genus from northern Thailand (Odonata: Cordulegastridae)",2019,Zootaxa,,https://www.scopus.com/inward/record.uri?partnerID=HzOxMe3b&scp=85062658634&origin=inward,https://www.scopus.com/inward/citedby.uri?partnerID=HzOxMe3b&scp=85062658634&origin=inward,,2026-04-12 18:59:22,Article,10.11646/zootaxa.4565.1.12,11755326,https://api.elsevier.com/content/abstract/scopus_id/85062658634,4565,1,,,,0.83,5.0,1,6,,,,85062658634,2-s2.0-85062658634
2,Román-Heracleo J.,Descriptions of the larvae of Acanthagrion speculum and A. trilobatum from Costa Rica (Odonata: Coenagrionidae),2019,Zootaxa,,https://www.scopus.com/inward/record.uri?partnerID=HzOxMe3b&scp=85068231716&origin=inward,https://www.scopus.com/inward/citedby.uri?partnerID=HzOxMe3b&scp=85068231716&origin=inward,,2026-04-12 18:59:22,Article,10.11646/zootaxa.4624.2.5,11755326,https://api.elsevier.com/content/abstract/scopus_id/85068231716,4624,2,,,,0.33,2.0,1,6,,,,85068231716,2-s2.0-85068231716
4,Affef B.,Emergence ecology of the critically endangered urothemis edwardsii in a new colonized site in el kala national park (Algeria): Conservation implications,2019,Zoology and Ecology,,https://www.scopus.com/inward/record.uri?partnerID=HzOxMe3b&scp=85088847171&origin=inward,https://www.scopus.com/inward/citedby.uri?partnerID=HzOxMe3b&scp=85088847171&origin=inward,,2026-04-12 18:59:22,Article,10.35513/21658005.2019.2.10,21658005,https://api.elsevier.com/content/abstract/scopus_id/85088847171,29,2,,,,0.67,4.0,1,6,,,,85088847171,2-s2.0-85088847171
13,Müller O.,Hunting ghosts: The iconic stellar stream(s) around NGC 5907 under scrutiny,2019,Astronomy and Astrophysics,,https://www.scopus.com/inward/record.uri?partnerID=HzOxMe3b&scp=85090229187&origin=inward,https://www.scopus.com/inward/citedby.uri?partnerID=HzOxMe3b&scp=85090229187&origin=inward,,2026-04-12 18:59:22,Article,10.1051/0004-6361/201937077,00046361,https://api.elsevier.com/content/abstract/scopus_id/85090229187,632,,,,,2.17,13.0,1,6,,,,85090229187,2-s2.0-85090229187
14,Singh H.,Multi-level clustering protocol for load-balanced and scalable clustering in large-scale wireless sensor networks,2019,Journal of Supercomputing,,https://www.scopus.com/inward/record.uri?partnerID=HzOxMe3b&scp=85058447641&origin=inward,https://www.scopus.com/inward/citedby.uri?partnerID=HzOxMe3b&scp=85058447641&origin=inward,,2026-04-12 18:59:22,Article,10.1007/s11227-018-2727-5,09208542,https://api.elsevier.com/content/abstract/scopus_id/85058447641,75,7,,,,2.33,14.0,1,6,,,,85058447641,2-s2.0-85058447641
0,Knight K.,Dragonfly males overshoot to herd intruders from their territory,2019,Journal of Experimental Biology,,https://www.scopus.com/inward/record.uri?partnerID=HzOxMe3b&scp=85068233586&origin=inward,https://www.scopus.com/inward/citedby.uri?partnerID=HzOxMe3b&scp=85068233586&origin=inward,,2026-04-12 18:59:22,Note,10.1242/jeb.207126,00220949,https://api.elsevier.com/content/abstract/scopus_id/85068233586,222,11,,,,0.0,0.0,1,6,,,,85068233586,2-s2.0-85068233586
5,Samraoui B.,Slow and steady wins the race: life cycle and seasonal regulation of gomphus lucasii (Odonata: Gomphidae),2019,Odonatologica,,https://www.scopus.com/inward/record.uri?partnerID=HzOxMe3b&scp=85091346557&origin=inward,https://www.scopus.com/inward/citedby.uri?partnerID=HzOxMe3b&scp=85091346557&origin=inward,,2026-04-12 18:59:22,Article,10.5281/zenodo.3539736,03750183,https://api.elsevier.com/content/abstract/scopus_id/85091346557,48,3-4,,,,0.83,5.0,1,6,,,,85091346557,2-s2.0-85091346557
3,Kumar A.,An Optimal Multiband Compact Modified Crinkle Fractal Antenna for Wireless Applications,2019,2019 6th International Conference on Signal Processing and Integrated Networks Spin 2019,,https://www.scopus.com/inward/record.uri?partnerID=HzOxMe3b&scp=85066907556&origin=inward,https://www.scopus.com/inward/citedby.uri?partnerID=HzOxMe3b&scp=85066907556&origin=inward,,2026-04-12 18:59:22,Conference Paper,10.1109/SPIN.2019.8711627,,https://api.elsevier.com/content/abstract/scopus_id/85066907556,,,,,,0.5,3.0,1,6,,,,85066907556,2-s2.0-85066907556
2,Jinguji H.,Effects of rice field winter flooding on hibernating eggs of sympetrum frequens and s. Infuscatum (odonata: Libellulidae),2019,Odonatologica,,https://www.scopus.com/inward/record.uri?partnerID=HzOxMe3b&scp=85112247147&origin=inward,https://www.scopus.com/inward/citedby.uri?partnerID=HzOxMe3b&scp=85112247147&origin=inward,,2026-04-12 18:59:22,Article,10.5281/zenodo.3539738,03750183,https://api.elsevier.com/content/abstract/scopus_id/85112247147,48,3-4,,,,0.33,2.0,1,6,,,,85112247147,2-s2.0-85112247147
33,Bláha M.,Foraging behaviour of top predators mediated by pollution of psychoactive pharmaceuticals and effects on ecosystem stability,2019,Science of the Total Environment,,https://www.scopus.com/inward/record.uri?partnerID=HzOxMe3b&scp=85060555624&origin=inward,https://www.scopus.com/inward/citedby.uri?partnerID=HzOxMe3b&scp=85060555624&origin=inward,,2026-04-12 18:59:22,Article,10.1016/j.scitotenv.2019.01.295,00489697,https://api.elsevier.com/content/abstract/scopus_id/85060555624,662,,,,,5.5,33.0,1,6,,,,85060555624,2-s2.0-85060555624
0,Sackey J.,Investigation of the morphological cell structures and their optical significances of Aeshna cyanea,2019,Iet Nanobiotechnology,,https://www.scopus.com/inward/record.uri?partnerID=HzOxMe3b&scp=85073535599&origin=inward,https://www.scopus.com/inward/citedby.uri?partnerID=HzOxMe3b&scp=85073535599&origin=inward,,2026-04-12 18:59:22,Article,10.1049/iet-nbt.2019.0036,17518741,https://api.elsevier.com/content/abstract/scopus_id/85073535599,13,8,,,,0.0,0.0,1,6,,,,85073535599,2-s2.0-85073535599
1,Yamaguchi Y.,Numerical investigation of geometrical corrugation influence to vortex flowfields at low reynolds number,2019,Journal of Fluid Science and Technology,,https://www.scopus.com/inward/record.uri?partnerID=HzOxMe3b&scp=85078829415&origin=inward,https://www.scopus.com/inward/citedby.uri?partnerID=HzOxMe3b&scp=85078829415&origin=inward,,2026-04-12 18:59:22,Article,10.1299/jfst.2019jfst0018,,https://api.elsevier.com/content/abstract/scopus_id/85078829415,14,3,,,,0.17,1.0,1,6,,,,85078829415,2-s2.0-85078829415
11,Bylak A.,Analysis of Macrobenthic Communities in a Post-Mining Sulphur Pit Lake (Poland),2019,Mine Water and the Environment,,https://www.scopus.com/inward/record.uri?partnerID=HzOxMe3b&scp=85070218987&origin=inward,https://www.scopus.com/inward/citedby.uri?partnerID=HzOxMe3b&scp=85070218987&origin=inward,,2026-04-12 18:59:22,Article,10.1007/s10230-019-00624-2,10259112,https://api.elsevier.com/content/abstract/scopus_id/85070218987,38,3,,,,1.83,11.0,1,6,,,,85070218987,2-s2.0-85070218987
0,,Dragonfly study provides new tool to determine freshwater health in Africa,2019,Water Wheel,,https://www.scopus.com/inward/record.uri?partnerID=HzOxMe3b&scp=85068770836&origin=inward,https://www.scopus.com/inward/citedby.uri?partnerID=HzOxMe3b&scp=85068770836&origin=inward,,2026-04-12 18:59:22,Article,,02582244,https://api.elsevier.com/content/abstract/scopus_id/85068770836,18,2,,,,0.0,0.0,0,6,,,,85068770836,2-s2.0-85068770836
0,Bal V.Y.,The “plyushkin plot” in Olga slavnikova’s a dragonfly enlarged to the size of a dog,2019,Vestnik Tomskogo Gosudarstvennogo Universiteta Filologiya,,https://www.scopus.com/inward/record.uri?partnerID=HzOxMe3b&scp=85077721279&origin=inward,https://www.scopus.com/inward/citedby.uri?partnerID=HzOxMe3b&scp=85077721279&origin=inward,,2026-04-12 18:59:22,Article,10.17223/19986645/60/8,19986645,https://api.elsevier.com/content/abstract/scopus_id/85077721279,60,,,,,0.0,0.0,1,6,,,,85077721279,2-s2.0-85077721279
1,Ismail N.I.,An experimental mechanism of a tandem flapping wing for micro aerial vehicle,2019,Journal of Physics Conference Series,,https://www.scopus.com/inward/record.uri?partnerID=HzOxMe3b&scp=85077803145&origin=inward,https://www.scopus.com/inward/citedby.uri?partnerID=HzOxMe3b&scp=85077803145&origin=inward,,2026-04-12 18:59:22,Conference Paper,10.1088/1742-6596/1349/1/012014,17426588,https://api.elsevier.com/content/abstract/scopus_id/85077803145,1349,1,,,,0.17,1.0,1,6,,,,85077803145,2-s2.0-85077803145
13,Vilela D.S.,"The female of Heteragrion icterops Selys, 1862 (Odonata: Heteragrionidae) with comments and key on the Brazilian females of Heteragrion group B",2019,Zootaxa,,https://www.scopus.com/inward/record.uri?partnerID=HzOxMe3b&scp=85063748837&origin=inward,https://www.scopus.com/inward/citedby.uri?partnerID=HzOxMe3b&scp=85063748837&origin=inward,,2026-04-12 18:59:22,Article,10.11646/zootaxa.4576.1.12,11755326,https://api.elsevier.com/content/abstract/scopus_id/85063748837,4576,1,,,,2.17,13.0,1,6,,,,85063748837,2-s2.0-85063748837
67,Sureshkumar K.,Power flow management in micro grid through renewable energy sources using a hybrid modified dragonfly algorithm with bat search algorithm,2019,Energy,,https://www.scopus.com/inward/record.uri?partnerID=HzOxMe3b&scp=85067254025&origin=inward,https://www.scopus.com/inward/citedby.uri?partnerID=HzOxMe3b&scp=85067254025&origin=inward,,2026-04-12 18:59:22,Article,10.1016/j.energy.2019.06.029,03605442,https://api.elsevier.com/content/abstract/scopus_id/85067254025,181,,,,,11.17,67.0,1,6,,,,85067254025,2-s2.0-85067254025
6,Therry L.,Genetic and environmental contributions to the impact of a range-expanding predator on aquatic ecosystems,2019,Journal of Animal Ecology,,https://www.scopus.com/inward/record.uri?partnerID=HzOxMe3b&scp=85059606794&origin=inward,https://www.scopus.com/inward/citedby.uri?partnerID=HzOxMe3b&scp=85059606794&origin=inward,,2026-04-12 18:59:22,Article,10.1111/1365-2656.12938,00218790,https://api.elsevier.com/content/abstract/scopus_id/85059606794,88,1,,,,1.0,6.0,1,6,,,,85059606794,2-s2.0-85059606794
13,Alkhalaf S.,A MODA and MODE comparison for optimal allocation of distributed generations with different load levels,2019,Sustainability Switzerland,,https://www.scopus.com/inward/record.uri?partnerID=HzOxMe3b&scp=85073427259&origin=inward,https://www.scopus.com/inward/citedby.uri?partnerID=HzOxMe3b&scp=85073427259&origin=inward,,2026-04-12 18:59:22,Article,10.3390/su11195323,,https://api.elsevier.com/content/abstract/scopus_id/85073427259,11,19,,,,2.17,13.0,1,6,,,,85073427259,2-s2.0-85073427259
13,Shang Z.,Ag@DWs nanopillars as a nanoprobe for detection of R6G via surface-enhanced fluorescent,2019,Optics Communications,,https://www.scopus.com/inward/record.uri?partnerID=HzOxMe3b&scp=85068600215&origin=inward,https://www.scopus.com/inward/citedby.uri?partnerID=HzOxMe3b&scp=85068600215&origin=inward,,2026-04-12 18:59:22,Article,10.1016/j.optcom.2019.07.001,00304018,https://api.elsevier.com/content/abstract/scopus_id/85068600215,451,,,,,2.17,13.0,1,6,,,,85068600215,2-s2.0-85068600215
0,Hämäläinen M.,Euphaea cyanopogon sp. Nov. From the cardamom ecoregion in cambodia and vietnam (Odonata: Euphaeidae),2019,Zootaxa,,https://www.scopus.com/inward/record.uri?partnerID=HzOxMe3b&scp=85061545807&origin=inward,https://www.scopus.com/inward/citedby.uri?partnerID=HzOxMe3b&scp=85061545807&origin=inward,,2026-04-12 18:59:22,Review,10.11646/zootaxa.4555.1.2,11755326,https://api.elsevier.com/content/abstract/scopus_id/85061545807,4555,1,,,,0.0,0.0,1,6,,,,85061545807,2-s2.0-85061545807
11,Daely P.T.,Bio-Inspired Cooperative Localization in Industrial Wireless Sensor Network,2019,IEEE International Workshop on Factory Communication Systems Proceedings Wfcs,,https://www.scopus.com/inward/record.uri?partnerID=HzOxMe3b&scp=85070079781&origin=inward,https://www.scopus.com/inward/citedby.uri?partnerID=HzOxMe3b&scp=85070079781&origin=inward,,2026-04-12 18:59:22,Conference Paper,10.1109/WFCS.2019.8758004,,https://api.elsevier.com/content/abstract/scopus_id/85070079781,2019-May,,,,,1.83,11.0,1,6,,,,85070079781,2-s2.0-85070079781
10,Cao N.,Fuzzy Quantifiers and Compositions of Partial Fuzzy Relations Employing Dragonfly Algebras,2019,IEEE International Conference on Fuzzy Systems,,https://www.scopus.com/inward/record.uri?partnerID=HzOxMe3b&scp=85073809819&origin=inward,https://www.scopus.com/inward/citedby.uri?partnerID=HzOxMe3b&scp=85073809819&origin=inward,,2026-04-12 18:59:22,Conference Paper,10.1109/FUZZ-IEEE.2019.8858832,10987584,https://api.elsevier.com/content/abstract/scopus_id/85073809819,2019-June,,,,,1.67,10.0,1,6,,,,85073809819,2-s2.0-85073809819
0,Sinha S.,Frequency regulation of modern power system using novel hybrid DE-DA algorithm,2019,International Journal of Advances in Applied Sciences,,https://www.scopus.com/inward/record.uri?partnerID=HzOxMe3b&scp=85161308626&origin=inward,https://www.scopus.com/inward/citedby.uri?partnerID=HzOxMe3b&scp=85161308626&origin=inward,,2026-04-12 18:59:22,Article,10.11591/ijaas.v8.i2.pp103-116,22528814,https://api.elsevier.com/content/abstract/scopus_id/85161308626,8,2,,,,0.0,0.0,1,6,,,,85161308626,2-s2.0-85161308626
3,Parmar A.,Comparative analysis of optimum capacity allocation and pricing in power market by different optimization algorithms,2019,Advances in Intelligent Systems and Computing,,https://www.scopus.com/inward/record.uri?partnerID=HzOxMe3b&scp=85056286524&origin=inward,https://www.scopus.com/inward/citedby.uri?partnerID=HzOxMe3b&scp=85056286524&origin=inward,,2026-04-12 18:59:22,Book Chapter,10.1007/978-981-13-1595-4_25,21945357,https://api.elsevier.com/content/abstract/scopus_id/85056286524,817,,,,,0.5,3.0,1,6,,,,85056286524,2-s2.0-85056286524
19,Singh H.,An Energy Efficient Scalable Clustering Protocol for Dynamic Wireless Sensor Networks,2019,Wireless Personal Communications,,https://www.scopus.com/inward/record.uri?partnerID=HzOxMe3b&scp=85071287165&origin=inward,https://www.scopus.com/inward/citedby.uri?partnerID=HzOxMe3b&scp=85071287165&origin=inward,,2026-04-12 18:59:22,Article,10.1007/s11277-019-06701-7,09296212,https://api.elsevier.com/content/abstract/scopus_id/85071287165,109,4,,,,3.17,19.0,1,6,,,,85071287165,2-s2.0-85071287165
1,Shanmugam V.,Phasor measuring unit (PMU) placement tested with multiple line outages for power system data communications,2019,Journal of Computational and Theoretical Nanoscience,,https://www.scopus.com/inward/record.uri?partnerID=HzOxMe3b&scp=85066989455&origin=inward,https://www.scopus.com/inward/citedby.uri?partnerID=HzOxMe3b&scp=85066989455&origin=inward,,2026-04-12 18:59:22,Article,10.1166/jctn.2019.8034,15461955,https://api.elsevier.com/content/abstract/scopus_id/85066989455,16,4,,,,0.17,1.0,1,6,,,,85066989455,2-s2.0-85066989455
3,Tan L.,Integrate dragonfly key exchange (IETF - RFC 7664) into arithmetic circuit homomorphic encryption,2019,Proceedings of IEEE Pacific Rim International Symposium on Dependable Computing Prdc,,https://www.scopus.com/inward/record.uri?partnerID=HzOxMe3b&scp=85078461840&origin=inward,https://www.scopus.com/inward/citedby.uri?partnerID=HzOxMe3b&scp=85078461840&origin=inward,,2026-04-12 18:59:22,Conference Paper,10.1109/PRDC47002.2019.00030,15410110,https://api.elsevier.com/content/abstract/scopus_id/85078461840,2019-December,,,,,0.5,3.0,1,6,,,,85078461840,2-s2.0-85078461840
6,Jha S.,A study of network congestion in two supercomputing high-speed interconnects,2019,Proceedings 2019 IEEE Symposium on High Performance Interconnects Hoti 2019,,https://www.scopus.com/inward/record.uri?partnerID=HzOxMe3b&scp=85076149891&origin=inward,https://www.scopus.com/inward/citedby.uri?partnerID=HzOxMe3b&scp=85076149891&origin=inward,,2026-04-12 18:59:22,Conference Paper,10.1109/HOTI.2019.00024,,https://api.elsevier.com/content/abstract/scopus_id/85076149891,,,,,,1.0,6.0,1,6,,,,85076149891,2-s2.0-85076149891
4,Wang B.,New intelligent optimization algorithmsfor estimating frequency curve parameters ofannual precipitation,2019,Shuili Fadian Xuebao Journal of Hydroelectric Engineering,,https://www.scopus.com/inward/record.uri?partnerID=HzOxMe3b&scp=85077023023&origin=inward,https://www.scopus.com/inward/citedby.uri?partnerID=HzOxMe3b&scp=85077023023&origin=inward,,2026-04-12 18:59:22,Article,10.11660/slfdxb.20191206,10031243,https://api.elsevier.com/content/abstract/scopus_id/85077023023,38,12,,,,0.67,4.0,1,6,,,,85077023023,2-s2.0-85077023023
4,Yu X.,"A study of Coeliccia cyanomelas Ris, 1912 (Odonata: Platycnemididiae)",2019,International Journal of Odonatology,,https://www.scopus.com/inward/record.uri?partnerID=HzOxMe3b&scp=85073955307&origin=inward,https://www.scopus.com/inward/citedby.uri?partnerID=HzOxMe3b&scp=85073955307&origin=inward,,2026-04-12 18:59:22,Article,10.1080/13887890.2019.1641853,13887890,https://api.elsevier.com/content/abstract/scopus_id/85073955307,22,3-4,,,,0.67,4.0,1,6,,,,85073955307,2-s2.0-85073955307
6,Pérez-Gutiérrez L.,"Dactylobasis gen. Nov. From Colombia, a new genus of Zygoptera with Teinobasini affinities (Odonata: Coenagrionidae)",2019,Zootaxa,,https://www.scopus.com/inward/record.uri?partnerID=HzOxMe3b&scp=85070822940&origin=inward,https://www.scopus.com/inward/citedby.uri?partnerID=HzOxMe3b&scp=85070822940&origin=inward,,2026-04-12 18:59:22,Article,10.11646/zootaxa.4656.2.2,11755326,https://api.elsevier.com/content/abstract/scopus_id/85070822940,4656,2,,,,1.0,6.0,1,6,,,,85070822940,2-s2.0-85070822940
12,Li B.,The effect of system utilization on application performance variability,2019,Ross 2019 Proceedings of the 9th International Workshop on Runtime and Operating Systems for Supercomputers Co Located with Hpdc 2019,,https://www.scopus.com/inward/record.uri?partnerID=HzOxMe3b&scp=85069176329&origin=inward,https://www.scopus.com/inward/citedby.uri?partnerID=HzOxMe3b&scp=85069176329&origin=inward,,2026-04-12 18:59:22,Conference Paper,10.1145/3322789.3328743,,https://api.elsevier.com/content/abstract/scopus_id/85069176329,,,,,,2.0,12.0,1,6,,,,85069176329,2-s2.0-85069176329
27,Lee J.W.,Common cuckoo females may escape male sexual harassment by color polymorphism,2019,Scientific Reports,,https://www.scopus.com/inward/record.uri?partnerID=HzOxMe3b&scp=85065831245&origin=inward,https://www.scopus.com/inward/citedby.uri?partnerID=HzOxMe3b&scp=85065831245&origin=inward,,2026-04-12 18:59:22,Article,10.1038/s41598-019-44024-6,,https://api.elsevier.com/content/abstract/scopus_id/85065831245,9,1,,,,4.5,27.0,1,6,,,,85065831245,2-s2.0-85065831245
17,Gallagher S.J.,Healthy but smaller herds: Predators reduce pathogen transmission in an amphibian assemblage,2019,Journal of Animal Ecology,,https://www.scopus.com/inward/record.uri?partnerID=HzOxMe3b&scp=85068172106&origin=inward,https://www.scopus.com/inward/citedby.uri?partnerID=HzOxMe3b&scp=85068172106&origin=inward,,2026-04-12 18:59:22,Article,10.1111/1365-2656.13042,00218790,https://api.elsevier.com/content/abstract/scopus_id/85068172106,88,10,,,,2.83,17.0,1,6,,,,85068172106,2-s2.0-85068172106
3,Novelo-Gutiérrez R.,"The larvae of Phaenandrogomphus Lieftinck, 1964 in Thailand, including the description of P. Tonkinicus (Fraser, 1926) with a larval diagnosis and new province records of P. Asthenes Lieftinck, 1964 (Odonata: Gomphidae)",2019,Zootaxa,,https://www.scopus.com/inward/record.uri?partnerID=HzOxMe3b&scp=85075186126&origin=inward,https://www.scopus.com/inward/citedby.uri?partnerID=HzOxMe3b&scp=85075186126&origin=inward,,2026-04-12 18:59:22,Review,10.11646/zootaxa.4700.3.6,11755326,https://api.elsevier.com/content/abstract/scopus_id/85075186126,4700,3,,,,0.5,3.0,1,6,,,,85075186126,2-s2.0-85075186126
18,Prokop J.,Ecomorphological diversification of the Late Palaeozoic Palaeodictyopterida reveals different larval strategies and amphibious lifestyle in adults,2019,Royal Society Open Science,,https://www.scopus.com/inward/record.uri?partnerID=HzOxMe3b&scp=85073254720&origin=inward,https://www.scopus.com/inward/citedby.uri?partnerID=HzOxMe3b&scp=85073254720&origin=inward,,2026-04-12 18:59:22,Article,10.1098/rsos.190460,,https://api.elsevier.com/content/abstract/scopus_id/85073254720,6,9,,,,3.0,18.0,1,6,,,,85073254720,2-s2.0-85073254720
34,Brasil L.S.,Net primary productivity and seasonality of temperature and precipitation are predictors of the species richness of the Damselflies in the Amazon,2019,Basic and Applied Ecology,,https://www.scopus.com/inward/record.uri?partnerID=HzOxMe3b&scp=85060456337&origin=inward,https://www.scopus.com/inward/citedby.uri?partnerID=HzOxMe3b&scp=85060456337&origin=inward,,2026-04-12 18:59:22,Article,10.1016/j.baae.2019.01.001,14391791,https://api.elsevier.com/content/abstract/scopus_id/85060456337,35,,,,,5.67,34.0,1,6,,,,85060456337,2-s2.0-85060456337
6,Oh J.K.,Investigation of mechanical properties of tibia and femur articulations of insect joints with different joint functions,2019,MRS Communications,,https://www.scopus.com/inward/record.uri?partnerID=HzOxMe3b&scp=85066745558&origin=inward,https://www.scopus.com/inward/citedby.uri?partnerID=HzOxMe3b&scp=85066745558&origin=inward,,2026-04-12 18:59:22,Article,10.1557/mrc.2019.71,21596859,https://api.elsevier.com/content/abstract/scopus_id/85066745558,9,3,,,,1.0,6.0,1,6,,,,85066745558,2-s2.0-85066745558
1,Shema A.,Fibrous Orientation Effects on the Deformation and Stress of an Insect-like Flapping-wing Micro Aerial Vehicle Based on ACP,2019,Iop Conference Series Materials Science and Engineering,,https://www.scopus.com/inward/record.uri?partnerID=HzOxMe3b&scp=85072181433&origin=inward,https://www.scopus.com/inward/citedby.uri?partnerID=HzOxMe3b&scp=85072181433&origin=inward,,2026-04-12 18:59:22,Conference Paper,10.1088/1757-899X/585/1/012060,17578981,https://api.elsevier.com/content/abstract/scopus_id/85072181433,585,1,,,,0.17,1.0,1,6,,,,85072181433,2-s2.0-85072181433
8,Wood C.,Evolving social dynamics prime thermal tolerance during a poleward range shift,2019,Biological Journal of the Linnean Society,,https://www.scopus.com/inward/record.uri?partnerID=HzOxMe3b&scp=85062834559&origin=inward,https://www.scopus.com/inward/citedby.uri?partnerID=HzOxMe3b&scp=85062834559&origin=inward,,2026-04-12 18:59:22,Article,10.1093/biolinnean/bly197,00244066,https://api.elsevier.com/content/abstract/scopus_id/85062834559,126,3,,,,1.33,8.0,1,6,,,,85062834559,2-s2.0-85062834559
11,Corso A.,Morphological variability of cordulegaster trinacriae in italy (Odonata: Cordulegastridae),2019,Odonatologica,,https://www.scopus.com/inward/record.uri?partnerID=HzOxMe3b&scp=85090287587&origin=inward,https://www.scopus.com/inward/citedby.uri?partnerID=HzOxMe3b&scp=85090287587&origin=inward,,2026-04-12 18:59:22,Article,10.5281/zenodo.3539730,03750183,https://api.elsevier.com/content/abstract/scopus_id/85090287587,48,3-4,,,,1.83,11.0,1,6,,,,85090287587,2-s2.0-85090287587
9,Benito M.,ACOR: Adaptive congestion-oblivious routing in dragonfly networks,2019,Journal of Parallel and Distributed Computing,,https://www.scopus.com/inward/record.uri?partnerID=HzOxMe3b&scp=85065905499&origin=inward,https://www.scopus.com/inward/citedby.uri?partnerID=HzOxMe3b&scp=85065905499&origin=inward,,2026-04-12 18:59:22,Article,10.1016/j.jpdc.2019.04.022,07437315,https://api.elsevier.com/content/abstract/scopus_id/85065905499,131,,,,,1.5,9.0,1,6,,,,85065905499,2-s2.0-85065905499
13,Mulroy E.,Animals in the Brain,2019,Movement Disorders Clinical Practice,,https://www.scopus.com/inward/record.uri?partnerID=HzOxMe3b&scp=85062352769&origin=inward,https://www.scopus.com/inward/citedby.uri?partnerID=HzOxMe3b&scp=85062352769&origin=inward,,2026-04-12 18:59:22,Review,10.1002/mdc3.12734,,https://api.elsevier.com/content/abstract/scopus_id/85062352769,6,3,,,,2.17,13.0,1,6,,,,85062352769,2-s2.0-85062352769
4,Novelo-Gutiérrez R.,"The larva of amphigomphus somnuki hämäläinen, 1996 and the first records of the genus stylogomphus fraser, 1922 for Thailand (Odonata: Gomphidae)",2019,Zootaxa,,https://www.scopus.com/inward/record.uri?partnerID=HzOxMe3b&scp=85061533186&origin=inward,https://www.scopus.com/inward/citedby.uri?partnerID=HzOxMe3b&scp=85061533186&origin=inward,,2026-04-12 18:59:22,Article,10.11646/zootaxa.4555.1.10,11755326,https://api.elsevier.com/content/abstract/scopus_id/85061533186,4555,1,,,,0.67,4.0,1,6,,,,85061533186,2-s2.0-85061533186
5,Rosario K.,"Prevalence of a vertically transmitted single-stranded DNA virus in spinybacked orbweavers (Gasteracantha cancriformis) from florida, USA",2019,Journal of General Virology,,https://www.scopus.com/inward/record.uri?partnerID=HzOxMe3b&scp=85070850787&origin=inward,https://www.scopus.com/inward/citedby.uri?partnerID=HzOxMe3b&scp=85070850787&origin=inward,,2026-04-12 18:59:22,Article,10.1099/jgv.0.001293,00221317,https://api.elsevier.com/content/abstract/scopus_id/85070850787,100,8,,,,0.83,5.0,1,6,,,,85070850787,2-s2.0-85070850787
1,Rüppell G.,Touching water by males of Calopteryx virgo L. (Insecta: Odonata) in threatening display,2019,International Journal of Odonatology,,https://www.scopus.com/inward/record.uri?partnerID=HzOxMe3b&scp=85061211974&origin=inward,https://www.scopus.com/inward/citedby.uri?partnerID=HzOxMe3b&scp=85061211974&origin=inward,,2026-04-12 18:59:22,Article,10.1080/13887890.2018.1563917,13887890,https://api.elsevier.com/content/abstract/scopus_id/85061211974,22,1,,,,0.17,1.0,1,6,,,,85061211974,2-s2.0-85061211974
247,Masadeh R.,Sea Lion Optimization algorithm,2019,International Journal of Advanced Computer Science and Applications,,https://www.scopus.com/inward/record.uri?partnerID=HzOxMe3b&scp=85066766897&origin=inward,https://www.scopus.com/inward/citedby.uri?partnerID=HzOxMe3b&scp=85066766897&origin=inward,,2026-04-12 18:59:22,Article,10.14569/ijacsa.2019.0100548,2158107X,https://api.elsevier.com/content/abstract/scopus_id/85066766897,10,5,,,,41.17,247.0,1,6,,,,85066766897,2-s2.0-85066766897
0,Reid S.,KEYWORD RESPONSE:…And We Became Dragonflies,2019,Key Concepts in Curriculum Studies Perspectives on the Fundamentals,,https://www.scopus.com/inward/record.uri?partnerID=HzOxMe3b&scp=85144453584&origin=inward,https://www.scopus.com/inward/citedby.uri?partnerID=HzOxMe3b&scp=85144453584&origin=inward,,2026-04-12 18:59:22,Book Chapter,10.4324/9781351167086-36,,https://api.elsevier.com/content/abstract/scopus_id/85144453584,,,,,,0.0,0.0,1,6,,,,85144453584,2-s2.0-85144453584
61,Verheyen J.,Current and future daily temperature fluctuations make a pesticide more toxic: Contrasting effects on life history and physiology,2019,Environmental Pollution,,https://www.scopus.com/inward/record.uri?partnerID=HzOxMe3b&scp=85062418815&origin=inward,https://www.scopus.com/inward/citedby.uri?partnerID=HzOxMe3b&scp=85062418815&origin=inward,,2026-04-12 18:59:22,Article,10.1016/j.envpol.2019.02.022,02697491,https://api.elsevier.com/content/abstract/scopus_id/85062418815,248,,,,,10.17,61.0,1,6,,,,85062418815,2-s2.0-85062418815
15,Üveges B.,Chemical defense of toad tadpoles under risk by four predator species,2019,Ecology and Evolution,,https://www.scopus.com/inward/record.uri?partnerID=HzOxMe3b&scp=85067380009&origin=inward,https://www.scopus.com/inward/citedby.uri?partnerID=HzOxMe3b&scp=85067380009&origin=inward,,2026-04-12 18:59:22,Article,10.1002/ece3.5202,,https://api.elsevier.com/content/abstract/scopus_id/85067380009,9,11,,,,2.5,15.0,1,6,,,,85067380009,2-s2.0-85067380009
2,Benito M.,Non-minimal adaptive routing based on explicit congestion notifications,2019,Concurrency and Computation Practice and Experience,,https://www.scopus.com/inward/record.uri?partnerID=HzOxMe3b&scp=85041226710&origin=inward,https://www.scopus.com/inward/citedby.uri?partnerID=HzOxMe3b&scp=85041226710&origin=inward,,2026-04-12 18:59:22,Conference Paper,10.1002/cpe.4440,15320626,https://api.elsevier.com/content/abstract/scopus_id/85041226710,31,2,,,,0.33,2.0,1,6,,,,85041226710,2-s2.0-85041226710
159,Lakshmanaprabu S.K.,Random forest for big data classification in the internet of things using optimal features,2019,International Journal of Machine Learning and Cybernetics,,https://www.scopus.com/inward/record.uri?partnerID=HzOxMe3b&scp=85065869510&origin=inward,https://www.scopus.com/inward/citedby.uri?partnerID=HzOxMe3b&scp=85065869510&origin=inward,,2026-04-12 18:59:22,Article,10.1007/s13042-018-00916-z,18688071,https://api.elsevier.com/content/abstract/scopus_id/85065869510,10,10,,,,26.5,159.0,1,6,,,,85065869510,2-s2.0-85065869510
5,Taleb M.,Advanced Method for Optimal Allocation of FACTS Devices Using Line Stability Index Combined with Meta-Heuristic Optimization Techniques,2019,2019 21st International Middle East Power Systems Conference Mepcon 2019 Proceedings,,https://www.scopus.com/inward/record.uri?partnerID=HzOxMe3b&scp=85081787711&origin=inward,https://www.scopus.com/inward/citedby.uri?partnerID=HzOxMe3b&scp=85081787711&origin=inward,,2026-04-12 18:59:22,Conference Paper,10.1109/MEPCON47431.2019.9008163,,https://api.elsevier.com/content/abstract/scopus_id/85081787711,,,,,,0.83,5.0,1,6,,,,85081787711,2-s2.0-85081787711
7,Zhang M.,Tuning extreme learning machine by an improved electromagnetism-like mechanism algorithm for classification problem,2019,Mathematical Biosciences and Engineering,,https://www.scopus.com/inward/record.uri?partnerID=HzOxMe3b&scp=85066120057&origin=inward,https://www.scopus.com/inward/citedby.uri?partnerID=HzOxMe3b&scp=85066120057&origin=inward,,2026-04-12 18:59:22,Article,10.3934/mbe.2019235,15471063,https://api.elsevier.com/content/abstract/scopus_id/85066120057,16,5,,,,1.17,7.0,1,6,,,,85066120057,2-s2.0-85066120057
0,Iwersen-Bergmann S.,"Correction to: Mass poisoning with NPS: 2C-E and Bromo-DragonFly (International Journal of Legal Medicine, (2019), 133, 1, (123-129), 10.1007/s00414-018-1882-9)",2019,International Journal of Legal Medicine,,https://www.scopus.com/inward/record.uri?partnerID=HzOxMe3b&scp=85060398590&origin=inward,https://www.scopus.com/inward/citedby.uri?partnerID=HzOxMe3b&scp=85060398590&origin=inward,,2026-04-12 18:59:22,Erratum,10.1007/s00414-018-1903-8,09379827,https://api.elsevier.com/content/abstract/scopus_id/85060398590,133,1,,,,0.0,0.0,1,6,,,,85060398590,2-s2.0-85060398590
3,Bogue R.,Bioinspired designs impart robots with unique capabilities,2019,Industrial Robot,,https://www.scopus.com/inward/record.uri?partnerID=HzOxMe3b&scp=85070308362&origin=inward,https://www.scopus.com/inward/citedby.uri?partnerID=HzOxMe3b&scp=85070308362&origin=inward,,2026-04-12 18:59:22,Article,10.1108/IR-05-2019-0100,0143991X,https://api.elsevier.com/content/abstract/scopus_id/85070308362,46,5,,,,0.5,3.0,1,6,,,,85070308362,2-s2.0-85070308362
22,Cathcart C.N.,"Trophic plasticity and the invasion of a renowned piscivore: a diet synthesis of northern pike (Esox lucius) from the native and introduced ranges in Alaska, U.S.A.",2019,Biological Invasions,,https://www.scopus.com/inward/record.uri?partnerID=HzOxMe3b&scp=85059316799&origin=inward,https://www.scopus.com/inward/citedby.uri?partnerID=HzOxMe3b&scp=85059316799&origin=inward,,2026-04-12 18:59:22,Article,10.1007/s10530-018-1909-7,13873547,https://api.elsevier.com/content/abstract/scopus_id/85059316799,21,4,,,,3.67,22.0,1,6,,,,85059316799,2-s2.0-85059316799
0,Guo S.,The Modelling and Optimization of Distributed Network Based on Source-Limit Infrastructure,2019,Energy Proceedings,,https://www.scopus.com/inward/record.uri?partnerID=HzOxMe3b&scp=85203003892&origin=inward,https://www.scopus.com/inward/citedby.uri?partnerID=HzOxMe3b&scp=85203003892&origin=inward,,2026-04-12 18:59:22,Conference Paper,10.46855/energy-proceedings-369,,https://api.elsevier.com/content/abstract/scopus_id/85203003892,1,,,,,0.0,0.0,1,6,,,,85203003892,2-s2.0-85203003892
6,Han Z.H.,Multi-objective Optimization for Organic Rankine Cycles Using MODA Algorithm,2019,Kung Cheng Je Wu Li Hsueh Pao Journal of Engineering Thermophysics,,https://www.scopus.com/inward/record.uri?partnerID=HzOxMe3b&scp=85076193095&origin=inward,https://www.scopus.com/inward/citedby.uri?partnerID=HzOxMe3b&scp=85076193095&origin=inward,,2026-04-12 18:59:22,Article,,0253231X,https://api.elsevier.com/content/abstract/scopus_id/85076193095,40,11,,,,1.0,6.0,1,6,,,,85076193095,2-s2.0-85076193095
0,Pavan V.S.R.,Agc of multi area hybrid power system based on multi objective optimization,2019,International Journal of Scientific and Technology Research,,https://www.scopus.com/inward/record.uri?partnerID=HzOxMe3b&scp=85077343669&origin=inward,https://www.scopus.com/inward/citedby.uri?partnerID=HzOxMe3b&scp=85077343669&origin=inward,,2026-04-12 18:59:22,Article,,,https://api.elsevier.com/content/abstract/scopus_id/85077343669,8,12,,,,0.0,0.0,1,6,,,,85077343669,2-s2.0-85077343669
67,Verheyen J.,Temperature variation makes an ectotherm more sensitive to global warming unless thermal evolution occurs,2019,Journal of Animal Ecology,,https://www.scopus.com/inward/record.uri?partnerID=HzOxMe3b&scp=85061309760&origin=inward,https://www.scopus.com/inward/citedby.uri?partnerID=HzOxMe3b&scp=85061309760&origin=inward,,2026-04-12 18:59:22,Article,10.1111/1365-2656.12946,00218790,https://api.elsevier.com/content/abstract/scopus_id/85061309760,88,4,,,,11.17,67.0,1,6,,,,85061309760,2-s2.0-85061309760
8,Stretz P.,Macroinvertebrate Foraging on Larval Ambystoma maculatum across Ontogeny,2019,Copeia,,https://www.scopus.com/inward/record.uri?partnerID=HzOxMe3b&scp=85069216737&origin=inward,https://www.scopus.com/inward/citedby.uri?partnerID=HzOxMe3b&scp=85069216737&origin=inward,,2026-04-12 18:59:22,Article,10.1643/CH-18-140,00458511,https://api.elsevier.com/content/abstract/scopus_id/85069216737,107,2,,,,1.33,8.0,1,6,,,,85069216737,2-s2.0-85069216737
15,Seidu I.,"Patterns of Odonata Assemblages in Lotic and Lentic Systems in the Ankasa Conservation Area, Ghana",2019,International Journal of Zoology,,https://www.scopus.com/inward/record.uri?partnerID=HzOxMe3b&scp=85062349481&origin=inward,https://www.scopus.com/inward/citedby.uri?partnerID=HzOxMe3b&scp=85062349481&origin=inward,,2026-04-12 18:59:22,Article,10.1155/2019/3094787,16878477,https://api.elsevier.com/content/abstract/scopus_id/85062349481,2019,,,,,2.5,15.0,1,6,,,,85062349481,2-s2.0-85062349481
1,Chunduri S.,A Generalized Statistics-Based Model for Predicting Network-Induced Variability,2019,Proceedings of Pmbs 2019 Performance Modeling Benchmarking and Simulation of High Performance Computer Systems Held in Conjunction with Sc 2019 the International Conference for High Performance Computing Networking Storage and Analysis,,https://www.scopus.com/inward/record.uri?partnerID=HzOxMe3b&scp=85083063499&origin=inward,https://www.scopus.com/inward/citedby.uri?partnerID=HzOxMe3b&scp=85083063499&origin=inward,,2026-04-12 18:59:22,Conference Paper,10.1109/PMBS49563.2019.00013,,https://api.elsevier.com/content/abstract/scopus_id/85083063499,,,,,,0.17,1.0,1,6,,,,85083063499,2-s2.0-85083063499
1,Aličić R.,A New Approach to Determine the Optimal Number and Arrangement of Power Quality Monitors for Voltage Sag Detection,2019,5th International Forum on Research and Technologies for Society and Industry Innovation to Shape the Future Rtsi 2019 Proceedings,,https://www.scopus.com/inward/record.uri?partnerID=HzOxMe3b&scp=85075640738&origin=inward,https://www.scopus.com/inward/citedby.uri?partnerID=HzOxMe3b&scp=85075640738&origin=inward,,2026-04-12 18:59:22,Conference Paper,10.1109/RTSI.2019.8895534,,https://api.elsevier.com/content/abstract/scopus_id/85075640738,,,,,,0.17,1.0,1,6,,,,85075640738,2-s2.0-85075640738
7,Sooraj P.,Passive flow control mechanism in a bio-inspired corrugated hydrofoil,2019,SN Applied Sciences,,https://www.scopus.com/inward/record.uri?partnerID=HzOxMe3b&scp=85084645375&origin=inward,https://www.scopus.com/inward/citedby.uri?partnerID=HzOxMe3b&scp=85084645375&origin=inward,,2026-04-12 18:59:22,Article,10.1007/s42452-019-1562-5,,https://api.elsevier.com/content/abstract/scopus_id/85084645375,1,11,,,,1.17,7.0,1,6,,,,85084645375,2-s2.0-85084645375
7,Sooraj P.,Passive flow control mechanism in a bio-inspired corrugated hydrofoil,2019,SN Applied Sciences,,https://www.scopus.com/inward/record.uri?partnerID=HzOxMe3b&scp=85084645375&origin=inward,https://www.scopus.com/inward/citedby.uri?partnerID=HzOxMe3b&scp=85084645375&origin=inward,,2026-04-12 18:59:22,Article,10.1007/s42452-019-1562-5,,https://api.elsevier.com/content/abstract/scopus_id/85084645375,1,11,,,,1.17,7.0,1,6,,,,85084645375,2-s2.0-85084645375
10,Alves R.J.V.,Open ocean nocturnal insect migration in the Brazilian South Atlantic with comments on flight endurance,2019,Peerj,,https://www.scopus.com/inward/record.uri?partnerID=HzOxMe3b&scp=85074236035&origin=inward,https://www.scopus.com/inward/citedby.uri?partnerID=HzOxMe3b&scp=85074236035&origin=inward,,2026-04-12 18:59:22,Article,10.7717/peerj.7583,,https://api.elsevier.com/content/abstract/scopus_id/85074236035,2019,9,,,,1.67,10.0,1,6,,,,85074236035,2-s2.0-85074236035
18,Giuliano D.,Odonata in rice agroecosystems: Testing good practices for their conservation,2019,Agriculture Ecosystems and Environment,,https://www.scopus.com/inward/record.uri?partnerID=HzOxMe3b&scp=85061380965&origin=inward,https://www.scopus.com/inward/citedby.uri?partnerID=HzOxMe3b&scp=85061380965&origin=inward,,2026-04-12 18:59:22,Article,10.1016/j.agee.2019.01.009,01678809,https://api.elsevier.com/content/abstract/scopus_id/85061380965,275,,,,,3.0,18.0,1,6,,,,85061380965,2-s2.0-85061380965
4,Nel A.,Response to Trueman and Rowe (2019) ‘The wing venation of Odonata. International Journal of Odonatology”,2019,International Journal of Odonatology,,https://www.scopus.com/inward/record.uri?partnerID=HzOxMe3b&scp=85064556385&origin=inward,https://www.scopus.com/inward/citedby.uri?partnerID=HzOxMe3b&scp=85064556385&origin=inward,,2026-04-12 18:59:22,Article,10.1080/13887890.2019.1602085,13887890,https://api.elsevier.com/content/abstract/scopus_id/85064556385,22,2,,,,0.67,4.0,1,6,,,,85064556385,2-s2.0-85064556385
7,Saetung T.,"A review of genus Agriocnemis larva (Odonata: Coenagrionidae) from Thailand including a description of the final stadium larva of Agriocnemis minima Selys, 1877 with supporting molecular (COI) data",2019,Zootaxa,,https://www.scopus.com/inward/record.uri?partnerID=HzOxMe3b&scp=85076493196&origin=inward,https://www.scopus.com/inward/citedby.uri?partnerID=HzOxMe3b&scp=85076493196&origin=inward,,2026-04-12 18:59:22,Article,10.11646/zootaxa.4711.3.9,11755326,https://api.elsevier.com/content/abstract/scopus_id/85076493196,4711,3,,,,1.17,7.0,1,6,,,,85076493196,2-s2.0-85076493196
139,Mirza A.F.,Novel MPPT techniques for photovoltaic systems under uniform irradiance and Partial shading,2019,Solar Energy,,https://www.scopus.com/inward/record.uri?partnerID=HzOxMe3b&scp=85064216441&origin=inward,https://www.scopus.com/inward/citedby.uri?partnerID=HzOxMe3b&scp=85064216441&origin=inward,,2026-04-12 18:59:22,Article,10.1016/j.solener.2019.04.034,0038092X,https://api.elsevier.com/content/abstract/scopus_id/85064216441,184,,,,,23.17,139.0,1,6,,,,85064216441,2-s2.0-85064216441
27,Rahaman M.,Comparative Efficacies of Next-Generation Insecticides Against Yellow Stem Borer and Their Effects on Natural Enemies in Rice Ecosystem,2019,Rice Science,,https://www.scopus.com/inward/record.uri?partnerID=HzOxMe3b&scp=85064684323&origin=inward,https://www.scopus.com/inward/citedby.uri?partnerID=HzOxMe3b&scp=85064684323&origin=inward,,2026-04-12 18:59:22,Article,10.1016/j.rsci.2019.04.002,16726308,https://api.elsevier.com/content/abstract/scopus_id/85064684323,26,3,,,,4.5,27.0,1,6,,,,85064684323,2-s2.0-85064684323
7,Ali S.M.,A Pareto Strategy based on Multi-Objective for Optimal Placement of Distributed Generation Considering Voltage Stability,2019,Proceedings of 2019 International Conference on Innovative Trends in Computer Engineering Itce 2019,,https://www.scopus.com/inward/record.uri?partnerID=HzOxMe3b&scp=85063337162&origin=inward,https://www.scopus.com/inward/citedby.uri?partnerID=HzOxMe3b&scp=85063337162&origin=inward,,2026-04-12 18:59:22,Conference Paper,10.1109/ITCE.2019.8646383,,https://api.elsevier.com/content/abstract/scopus_id/85063337162,,,,,,1.17,7.0,1,6,,,,85063337162,2-s2.0-85063337162
0,del Palacio A.,"Re-description of the last instar of Remartinia luteipennis luteipennis (Burmeister, 1839) (Odonata: Aeshnidae)",2019,International Journal of Odonatology,,https://www.scopus.com/inward/record.uri?partnerID=HzOxMe3b&scp=85061436896&origin=inward,https://www.scopus.com/inward/citedby.uri?partnerID=HzOxMe3b&scp=85061436896&origin=inward,,2026-04-12 18:59:22,Article,10.1080/13887890.2019.1573156,13887890,https://api.elsevier.com/content/abstract/scopus_id/85061436896,22,1,,,,0.0,0.0,1,6,,,,85061436896,2-s2.0-85061436896
6,Dewan S.,"Effectiveness of organic terrace rice cultivation in conservation of odonates in Sikkim, Eastern Himalaya, India",2019,International Journal of Odonatology,,https://www.scopus.com/inward/record.uri?partnerID=HzOxMe3b&scp=85076914205&origin=inward,https://www.scopus.com/inward/citedby.uri?partnerID=HzOxMe3b&scp=85076914205&origin=inward,,2026-04-12 18:59:22,Article,10.1080/13887890.2019.1700175,13887890,https://api.elsevier.com/content/abstract/scopus_id/85076914205,22,3-4,,,,1.0,6.0,1,6,,,,85076914205,2-s2.0-85076914205
3,Palacino-Rodríguez F.,Description of the last stadium larva of erythrodiplax abjecta (Anisoptera: Libellulidae) from the eastern colombian andes,2019,Zootaxa,,https://www.scopus.com/inward/record.uri?partnerID=HzOxMe3b&scp=85060020536&origin=inward,https://www.scopus.com/inward/citedby.uri?partnerID=HzOxMe3b&scp=85060020536&origin=inward,,2026-04-12 18:59:22,Article,10.11646/zootaxa.4545.1.9,11755326,https://api.elsevier.com/content/abstract/scopus_id/85060020536,4545,1,,,,0.5,3.0,1,6,,,,85060020536,2-s2.0-85060020536
10,Abd El-Latief M.E.,Aerodynamic study of the corrugated airfoil at ultra-low Reynolds number,2019,Advances in Mechanical Engineering,,https://www.scopus.com/inward/record.uri?partnerID=HzOxMe3b&scp=85074160038&origin=inward,https://www.scopus.com/inward/citedby.uri?partnerID=HzOxMe3b&scp=85074160038&origin=inward,,2026-04-12 18:59:22,Review,10.1177/1687814019884164,16878132,https://api.elsevier.com/content/abstract/scopus_id/85074160038,11,10,,,,1.67,10.0,1,6,,,,85074160038,2-s2.0-85074160038
0,Do Prado A.V.,"Odonate fauna (Insect: Odonata) of two ponds in the Cerradopantanal Ecotone, Aquidauana, MS",2019,Oecologia Australis,,https://www.scopus.com/inward/record.uri?partnerID=HzOxMe3b&scp=85078018767&origin=inward,https://www.scopus.com/inward/citedby.uri?partnerID=HzOxMe3b&scp=85078018767&origin=inward,,2026-04-12 18:59:22,Article,10.4257/oeco.2019.2304.21,,https://api.elsevier.com/content/abstract/scopus_id/85078018767,23,4,,,,0.0,0.0,1,6,,,,85078018767,2-s2.0-85078018767
18,Bouhala Z.,"Ecological correlates of odonate assemblages of a Mediterranean stream, Wadi Cherf, northeastern Algeria: implications for conservation",2019,International Journal of Odonatology,,https://www.scopus.com/inward/record.uri?partnerID=HzOxMe3b&scp=85075756984&origin=inward,https://www.scopus.com/inward/citedby.uri?partnerID=HzOxMe3b&scp=85075756984&origin=inward,,2026-04-12 18:59:22,Article,10.1080/13887890.2019.1688199,13887890,https://api.elsevier.com/content/abstract/scopus_id/85075756984,22,3-4,,,,3.0,18.0,1,6,,,,85075756984,2-s2.0-85075756984
9,Stand-Pérez M.,"Heteragrion demarmelsi sp. Nov., with taxonomic notes on Colombian Heteragrion species (Odonata: Heteragrionidae)",2019,Zootaxa,,https://www.scopus.com/inward/record.uri?partnerID=HzOxMe3b&scp=85067829641&origin=inward,https://www.scopus.com/inward/citedby.uri?partnerID=HzOxMe3b&scp=85067829641&origin=inward,,2026-04-12 18:59:22,Article,10.11646/zootaxa.4623.1.6,11755326,https://api.elsevier.com/content/abstract/scopus_id/85067829641,4623,1,,,,1.5,9.0,1,6,,,,85067829641,2-s2.0-85067829641
21,Bastos R.C.,"Odonata of the state of Maranhão, Brazil: Wallacean shortfall and priority areas for faunistic inventories",2019,Biota Neotropica,,https://www.scopus.com/inward/record.uri?partnerID=HzOxMe3b&scp=85079611468&origin=inward,https://www.scopus.com/inward/citedby.uri?partnerID=HzOxMe3b&scp=85079611468&origin=inward,,2026-04-12 18:59:22,Article,10.1590/1676-0611-bn-2019-0734,16760603,https://api.elsevier.com/content/abstract/scopus_id/85079611468,19,4,,,,3.5,21.0,1,6,,,,85079611468,2-s2.0-85079611468
60,Meng Z.,Bio-inspired transparent structural color film and its application in biomimetic camouflage,2019,Nanoscale,,https://www.scopus.com/inward/record.uri?partnerID=HzOxMe3b&scp=85069177888&origin=inward,https://www.scopus.com/inward/citedby.uri?partnerID=HzOxMe3b&scp=85069177888&origin=inward,,2026-04-12 18:59:22,Article,10.1039/c9nr04360h,20403364,https://api.elsevier.com/content/abstract/scopus_id/85069177888,11,28,,,,10.0,60.0,1,6,,,,85069177888,2-s2.0-85069177888
0,Suren A.,"Aquatic invertebrate communities of lowland wetlands in new zealand characterising spatial, temporal and geographic distribution patterns",2019,Science for Conservation,,https://www.scopus.com/inward/record.uri?partnerID=HzOxMe3b&scp=85118824896&origin=inward,https://www.scopus.com/inward/citedby.uri?partnerID=HzOxMe3b&scp=85118824896&origin=inward,,2026-04-12 18:59:22,Article,,11732946,https://api.elsevier.com/content/abstract/scopus_id/85118824896,2019-December,,,,,0.0,0.0,1,6,,,,85118824896,2-s2.0-85118824896
33,Nagai H.,Experimental study on forewing-hindwing phasing in hovering and forward flapping flight,2019,AIAA Journal,,https://www.scopus.com/inward/record.uri?partnerID=HzOxMe3b&scp=85072018670&origin=inward,https://www.scopus.com/inward/citedby.uri?partnerID=HzOxMe3b&scp=85072018670&origin=inward,,2026-04-12 18:59:22,Article,10.2514/1.J058335,00011452,https://api.elsevier.com/content/abstract/scopus_id/85072018670,57,9,,,,5.5,33.0,1,6,,,,85072018670,2-s2.0-85072018670
3,Zhang A.,Optimal dispatching of offshore microgrid considering probability prediction of tidal current speed,2019,Energies,,https://www.scopus.com/inward/record.uri?partnerID=HzOxMe3b&scp=85072128616&origin=inward,https://www.scopus.com/inward/citedby.uri?partnerID=HzOxMe3b&scp=85072128616&origin=inward,,2026-04-12 18:59:22,Article,10.3390/en12173384,,https://api.elsevier.com/content/abstract/scopus_id/85072128616,12,17,,,,0.5,3.0,1,6,,,,85072128616,2-s2.0-85072128616
58,Fu Q.,Towards Computational Models and Applications of Insect Visual Systems for Motion Perception: A Review,2019,Artificial Life,,https://www.scopus.com/inward/record.uri?partnerID=HzOxMe3b&scp=85070584717&origin=inward,https://www.scopus.com/inward/citedby.uri?partnerID=HzOxMe3b&scp=85070584717&origin=inward,,2026-04-12 18:59:22,Article,10.1162/artl_a_00297,10645462,https://api.elsevier.com/content/abstract/scopus_id/85070584717,25,3,,,,9.67,58.0,1,6,,,,85070584717,2-s2.0-85070584717
91,Katayama N.,Organic farming and associated management practices benefit multiple wildlife taxa: A large-scale field study in rice paddy landscapes,2019,Journal of Applied Ecology,,https://www.scopus.com/inward/record.uri?partnerID=HzOxMe3b&scp=85068185585&origin=inward,https://www.scopus.com/inward/citedby.uri?partnerID=HzOxMe3b&scp=85068185585&origin=inward,,2026-04-12 18:59:22,Article,10.1111/1365-2664.13446,00218901,https://api.elsevier.com/content/abstract/scopus_id/85068185585,56,8,,,,15.17,91.0,1,6,,,,85068185585,2-s2.0-85068185585
0,Sasamoto A.,"Discovery of a third species of the genus Noguchiphaea Asahina, 1976–Noguchiphaea laotica sp. n. from Laos (Odonata: Calopterygidae)",2019,International Journal of Odonatology,,https://www.scopus.com/inward/record.uri?partnerID=HzOxMe3b&scp=85062337442&origin=inward,https://www.scopus.com/inward/citedby.uri?partnerID=HzOxMe3b&scp=85062337442&origin=inward,,2026-04-12 18:59:22,Article,10.1080/13887890.2019.1570875,13887890,https://api.elsevier.com/content/abstract/scopus_id/85062337442,22,1,,,,0.0,0.0,1,6,,,,85062337442,2-s2.0-85062337442
8,Ross C.J.,Using scientific visualization techniques to visualize parallel network simulations,2019,Sigsim PADS 2019 Proceedings of the 2019 ACM Sigsim Conference on Principles of Advanced Discrete Simulation,,https://www.scopus.com/inward/record.uri?partnerID=HzOxMe3b&scp=85067095551&origin=inward,https://www.scopus.com/inward/citedby.uri?partnerID=HzOxMe3b&scp=85067095551&origin=inward,,2026-04-12 18:59:22,Conference Paper,10.1145/3316480.3322888,,https://api.elsevier.com/content/abstract/scopus_id/85067095551,,,,,,1.33,8.0,1,6,,,,85067095551,2-s2.0-85067095551
34,Perry C.J.,How foresight might support the behavioral flexibility of arthropods,2019,Current Opinion in Neurobiology,,https://www.scopus.com/inward/record.uri?partnerID=HzOxMe3b&scp=85056597482&origin=inward,https://www.scopus.com/inward/citedby.uri?partnerID=HzOxMe3b&scp=85056597482&origin=inward,,2026-04-12 18:59:22,Review,10.1016/j.conb.2018.10.014,09594388,https://api.elsevier.com/content/abstract/scopus_id/85056597482,54,,,,,5.67,34.0,1,6,,,,85056597482,2-s2.0-85056597482
12,Bílek M.,Discussing the first velocity dispersion profile of an ultra-diffuse galaxy in MOND,2019,Astronomy and Astrophysics,,https://www.scopus.com/inward/record.uri?partnerID=HzOxMe3b&scp=85068366078&origin=inward,https://www.scopus.com/inward/citedby.uri?partnerID=HzOxMe3b&scp=85068366078&origin=inward,,2026-04-12 18:59:22,Article,10.1051/0004-6361/201935840,00046361,https://api.elsevier.com/content/abstract/scopus_id/85068366078,627,,,,,2.0,12.0,1,6,,,,85068366078,2-s2.0-85068366078
1,Das J.,"SEASONAL VARIATION OF AQUATIC HEMIPTERA AND ODONATA DIVERSITY IN RIVER KANGSABATI, WEST BENGAL",2019,Indian Journal of Entomology,,https://www.scopus.com/inward/record.uri?partnerID=HzOxMe3b&scp=85103410696&origin=inward,https://www.scopus.com/inward/citedby.uri?partnerID=HzOxMe3b&scp=85103410696&origin=inward,,2026-04-12 18:59:22,Article,10.5958/0974-8172.2019.00126.3,03678288,https://api.elsevier.com/content/abstract/scopus_id/85103410696,81,3,,,,0.17,1.0,1,6,,,,85103410696,2-s2.0-85103410696
2,Bereczky F.,New nature-inspired cycloidal propeller for low-reynolds-number hovering flight,2019,AIAA Journal,,https://www.scopus.com/inward/record.uri?partnerID=HzOxMe3b&scp=85072015067&origin=inward,https://www.scopus.com/inward/citedby.uri?partnerID=HzOxMe3b&scp=85072015067&origin=inward,,2026-04-12 18:59:22,Article,10.2514/1.J057270,00011452,https://api.elsevier.com/content/abstract/scopus_id/85072015067,57,9,,,,0.33,2.0,1,6,,,,85072015067,2-s2.0-85072015067
4,Sawhney R.,A comparative study of transfer functions in binary evolutionary algorithms for single objective optimization,2019,Advances in Intelligent Systems and Computing,,https://www.scopus.com/inward/record.uri?partnerID=HzOxMe3b&scp=85049994867&origin=inward,https://www.scopus.com/inward/citedby.uri?partnerID=HzOxMe3b&scp=85049994867&origin=inward,,2026-04-12 18:59:22,Conference Paper,10.1007/978-3-319-94649-8_4,21945357,https://api.elsevier.com/content/abstract/scopus_id/85049994867,800,,,,,0.67,4.0,1,6,,,,85049994867,2-s2.0-85049994867
20,Sankaran K.,Image water marking using DWT to encapsulate data in medical image,2019,Proceedings of the 2019 IEEE International Conference on Communication and Signal Processing Iccsp 2019,,https://www.scopus.com/inward/record.uri?partnerID=HzOxMe3b&scp=85065574472&origin=inward,https://www.scopus.com/inward/citedby.uri?partnerID=HzOxMe3b&scp=85065574472&origin=inward,,2026-04-12 18:59:22,Conference Paper,10.1109/ICCSP.2019.8698057,,https://api.elsevier.com/content/abstract/scopus_id/85065574472,,,,,,3.33,20.0,1,6,,,,85065574472,2-s2.0-85065574472
1,Kosterin O.E.,"Taxonomic notes on indolestes fraser, 1922 (Lestidae, Zygoptera). 3. Male and clarified type locality of indolestes anomalus fraser, 1946",2019,Zootaxa,,https://www.scopus.com/inward/record.uri?partnerID=HzOxMe3b&scp=85061525428&origin=inward,https://www.scopus.com/inward/citedby.uri?partnerID=HzOxMe3b&scp=85061525428&origin=inward,,2026-04-12 18:59:22,Article,10.11646/zootaxa.4555.1.5,11755326,https://api.elsevier.com/content/abstract/scopus_id/85061525428,4555,1,,,,0.17,1.0,1,6,,,,85061525428,2-s2.0-85061525428
9,Matdaud Z.,Stabilizing Attitude Control for Mobility of Wing in Ground (WIG) Craft - A Review,2019,Iop Conference Series Materials Science and Engineering,,https://www.scopus.com/inward/record.uri?partnerID=HzOxMe3b&scp=85075256973&origin=inward,https://www.scopus.com/inward/citedby.uri?partnerID=HzOxMe3b&scp=85075256973&origin=inward,,2026-04-12 18:59:22,Conference Paper,10.1088/1757-899X/642/1/012005,17578981,https://api.elsevier.com/content/abstract/scopus_id/85075256973,642,1,,,,1.5,9.0,1,6,,,,85075256973,2-s2.0-85075256973
18,Milovanovic V.M.,A Highly parametrizable chisel hcl generator of single-path delay feedback fft processors,2019,2019 IEEE 31st International Conference on Microelectronics Miel 2019 Proceedings,,https://www.scopus.com/inward/record.uri?partnerID=HzOxMe3b&scp=85075369105&origin=inward,https://www.scopus.com/inward/citedby.uri?partnerID=HzOxMe3b&scp=85075369105&origin=inward,,2026-04-12 18:59:22,Conference Paper,10.1109/MIEL.2019.8889581,,https://api.elsevier.com/content/abstract/scopus_id/85075369105,,,,,,3.0,18.0,1,6,,,,85075369105,2-s2.0-85075369105
4,Tan W.,Study on short-term load forecasting method considering meteorological factors of offshore oilfield group microgrid,2019,2019 IEEE Pes Innovative Smart Grid Technologies Asia Isgt 2019,,https://www.scopus.com/inward/record.uri?partnerID=HzOxMe3b&scp=85074901013&origin=inward,https://www.scopus.com/inward/citedby.uri?partnerID=HzOxMe3b&scp=85074901013&origin=inward,,2026-04-12 18:59:22,Conference Paper,10.1109/ISGT-Asia.2019.8881350,,https://api.elsevier.com/content/abstract/scopus_id/85074901013,,,,,,0.67,4.0,1,6,,,,85074901013,2-s2.0-85074901013
7,Qin Z.,"Lagerstätte fossils from the Lower Cretaceous Yixian Formation of the Pingquan Basin, North China: stratigraphical correlation and palaeoenvironmental implications",2019,Lethaia,,https://www.scopus.com/inward/record.uri?partnerID=HzOxMe3b&scp=85059590134&origin=inward,https://www.scopus.com/inward/citedby.uri?partnerID=HzOxMe3b&scp=85059590134&origin=inward,,2026-04-12 18:59:22,Article,10.1111/let.12315,00241164,https://api.elsevier.com/content/abstract/scopus_id/85059590134,52,3,,,,1.17,7.0,1,6,,,,85059590134,2-s2.0-85059590134
42,Khunkitti S.,An improved DA-PSO optimization approach for unit commitment problem,2019,Energies,,https://www.scopus.com/inward/record.uri?partnerID=HzOxMe3b&scp=85068385508&origin=inward,https://www.scopus.com/inward/citedby.uri?partnerID=HzOxMe3b&scp=85068385508&origin=inward,,2026-04-12 18:59:22,Article,10.3390/en12122335,,https://api.elsevier.com/content/abstract/scopus_id/85068385508,12,12,,,,7.0,42.0,1,6,,,,85068385508,2-s2.0-85068385508
5,Zhu J.,The influence of bionic airfoil on power extraction performance of semi-active flapping wing,2019,Gongcheng Lixue Engineering Mechanics,,https://www.scopus.com/inward/record.uri?partnerID=HzOxMe3b&scp=85074031090&origin=inward,https://www.scopus.com/inward/citedby.uri?partnerID=HzOxMe3b&scp=85074031090&origin=inward,,2026-04-12 18:59:22,Article,10.6052/j.issn.1000-4750.2018.10.0555,10004750,https://api.elsevier.com/content/abstract/scopus_id/85074031090,36,10,,,,0.83,5.0,1,6,,,,85074031090,2-s2.0-85074031090
5,Mostafa H.H.,Performance Investigation for Tracking GMPP of Photovoltaic System under Partial Shading Condition Using Coyote Algorithm,2019,2019 21st International Middle East Power Systems Conference Mepcon 2019 Proceedings,,https://www.scopus.com/inward/record.uri?partnerID=HzOxMe3b&scp=85081787386&origin=inward,https://www.scopus.com/inward/citedby.uri?partnerID=HzOxMe3b&scp=85081787386&origin=inward,,2026-04-12 18:59:22,Conference Paper,10.1109/MEPCON47431.2019.9008012,,https://api.elsevier.com/content/abstract/scopus_id/85081787386,,,,,,0.83,5.0,1,6,,,,85081787386,2-s2.0-85081787386
11,Nair S.P.,An efficient maximum power point tracking in hybrid solar and wind energy system: A combined MDA-RNN technique,2019,Journal of Intelligent and Fuzzy Systems,,https://www.scopus.com/inward/record.uri?partnerID=HzOxMe3b&scp=85074466023&origin=inward,https://www.scopus.com/inward/citedby.uri?partnerID=HzOxMe3b&scp=85074466023&origin=inward,,2026-04-12 18:59:22,Article,10.3233/JIFS-190591,10641246,https://api.elsevier.com/content/abstract/scopus_id/85074466023,37,4,,,,1.83,11.0,1,6,,,,85074466023,2-s2.0-85074466023
18,Frauendorf T.C.,Evaluating ecosystem effects of climate change on tropical island streams using high spatial and temporal resolution sampling regimes,2019,Global Change Biology,,https://www.scopus.com/inward/record.uri?partnerID=HzOxMe3b&scp=85061998000&origin=inward,https://www.scopus.com/inward/citedby.uri?partnerID=HzOxMe3b&scp=85061998000&origin=inward,,2026-04-12 18:59:22,Article,10.1111/gcb.14584,13541013,https://api.elsevier.com/content/abstract/scopus_id/85061998000,25,4,,,,3.0,18.0,1,6,,,,85061998000,2-s2.0-85061998000
1,Eroz E.,Çok Amaçli Metasezgisel Optimizasyon Algoritmalarinin Performans Karşilaştirmasi,2019,2019 International Conference on Artificial Intelligence and Data Processing Symposium Idap 2019,,https://www.scopus.com/inward/record.uri?partnerID=HzOxMe3b&scp=85074890560&origin=inward,https://www.scopus.com/inward/citedby.uri?partnerID=HzOxMe3b&scp=85074890560&origin=inward,,2026-04-12 18:59:22,Conference Paper,10.1109/IDAP.2019.8875955,,https://api.elsevier.com/content/abstract/scopus_id/85074890560,,,,,,0.17,1.0,1,6,,,,85074890560,2-s2.0-85074890560
6,Hamilton D.K.,"Horseshoe, cockpit, and dragonfly: Nurse movement in headwall patient rooms",2019,Critical Care Nursing Quarterly,,https://www.scopus.com/inward/record.uri?partnerID=HzOxMe3b&scp=85061056036&origin=inward,https://www.scopus.com/inward/citedby.uri?partnerID=HzOxMe3b&scp=85061056036&origin=inward,,2026-04-12 18:59:22,Article,10.1097/CNQ.0000000000000237,08879303,https://api.elsevier.com/content/abstract/scopus_id/85061056036,42,1,,,,1.0,6.0,1,6,,,,85061056036,2-s2.0-85061056036
17,Aftab F.,Bio-inspired clustering scheme for Internet of Drones application in industrial wireless sensor network,2019,International Journal of Distributed Sensor Networks,,https://www.scopus.com/inward/record.uri?partnerID=HzOxMe3b&scp=85075508760&origin=inward,https://www.scopus.com/inward/citedby.uri?partnerID=HzOxMe3b&scp=85075508760&origin=inward,,2026-04-12 18:59:22,Article,10.1177/1550147719889900,15501329,https://api.elsevier.com/content/abstract/scopus_id/85075508760,15,11,,,,2.83,17.0,1,6,,,,85075508760,2-s2.0-85075508760
1,Stavenga D.,Measuring the refractive index dispersion of (un)pigmented biological tissues by Jamin-Lebedeff interference microscopy,2019,Aip Advances,,https://www.scopus.com/inward/record.uri?partnerID=HzOxMe3b&scp=85070691402&origin=inward,https://www.scopus.com/inward/citedby.uri?partnerID=HzOxMe3b&scp=85070691402&origin=inward,,2026-04-12 18:59:22,Article,10.1063/1.5113485,,https://api.elsevier.com/content/abstract/scopus_id/85070691402,9,8,,,,0.17,1.0,1,6,,,,85070691402,2-s2.0-85070691402
2,Yasen M.,Improved Swarm Intelligence Optimization using Crossover and Mutation for Medical Classification,2019,2019 2nd International Conference on New Trends in Computing Sciences Ictcs 2019 Proceedings,,https://www.scopus.com/inward/record.uri?partnerID=HzOxMe3b&scp=85077179770&origin=inward,https://www.scopus.com/inward/citedby.uri?partnerID=HzOxMe3b&scp=85077179770&origin=inward,,2026-04-12 18:59:22,Conference Paper,10.1109/ICTCS.2019.8923027,,https://api.elsevier.com/content/abstract/scopus_id/85077179770,,,,,,0.33,2.0,1,6,,,,85077179770,2-s2.0-85077179770
7,Häfner T.,Project Dragonfly: Sail to the stars,2019,Acta Astronautica,,https://www.scopus.com/inward/record.uri?partnerID=HzOxMe3b&scp=85047094792&origin=inward,https://www.scopus.com/inward/citedby.uri?partnerID=HzOxMe3b&scp=85047094792&origin=inward,,2026-04-12 18:59:22,Article,10.1016/j.actaastro.2018.05.018,00945765,https://api.elsevier.com/content/abstract/scopus_id/85047094792,154,,,,,1.17,7.0,1,6,,,,85047094792,2-s2.0-85047094792
1,Wang Y.,Trophic roles of Bufo bankorensis (Barbour 1908) tadpoles in an Asian subtropical stream,2019,Inland Waters,,https://www.scopus.com/inward/record.uri?partnerID=HzOxMe3b&scp=85057619472&origin=inward,https://www.scopus.com/inward/citedby.uri?partnerID=HzOxMe3b&scp=85057619472&origin=inward,,2026-04-12 18:59:22,Article,10.1080/20442041.2018.1508115,20442041,https://api.elsevier.com/content/abstract/scopus_id/85057619472,9,1,,,,0.17,1.0,1,6,,,,85057619472,2-s2.0-85057619472
7,Li W.,An Innovated Integrated Model Using Singular Spectrum Analysis and Support Vector Regression Optimized by Intelligent Algorithm for Rainfall Forecasting,2019,Journal of Autonomous Intelligence,,https://www.scopus.com/inward/record.uri?partnerID=HzOxMe3b&scp=85104729248&origin=inward,https://www.scopus.com/inward/citedby.uri?partnerID=HzOxMe3b&scp=85104729248&origin=inward,,2026-04-12 18:59:22,Article,10.32629/jai.v2i1.37,,https://api.elsevier.com/content/abstract/scopus_id/85104729248,2,1,,,,1.17,7.0,1,6,,,,85104729248,2-s2.0-85104729248
4,Selvitopi O.,Regularizing irregularly sparse point-to-point communications,2019,International Conference for High Performance Computing Networking Storage and Analysis Sc,,https://www.scopus.com/inward/record.uri?partnerID=HzOxMe3b&scp=85076192017&origin=inward,https://www.scopus.com/inward/citedby.uri?partnerID=HzOxMe3b&scp=85076192017&origin=inward,,2026-04-12 18:59:22,Conference Paper,10.1145/3295500.3356187,21674329,https://api.elsevier.com/content/abstract/scopus_id/85076192017,,,,,,0.67,4.0,1,6,,,,85076192017,2-s2.0-85076192017
29,Jain M.,Design of fractional order 2-DOF PI controller for real-time control of heat flow experiment,2019,Engineering Science and Technology an International Journal,,https://www.scopus.com/inward/record.uri?partnerID=HzOxMe3b&scp=85052227113&origin=inward,https://www.scopus.com/inward/citedby.uri?partnerID=HzOxMe3b&scp=85052227113&origin=inward,,2026-04-12 18:59:22,Article,10.1016/j.jestch.2018.07.002,,https://api.elsevier.com/content/abstract/scopus_id/85052227113,22,1,,,,4.83,29.0,1,6,,,,85052227113,2-s2.0-85052227113
9,Sudabattula S.K.,Simultaneous allocation of distributed generators and shunt capacitors in a distribution system,2019,Ecti Transactions on Electrical Engineering Electronics and Communications,,https://www.scopus.com/inward/record.uri?partnerID=HzOxMe3b&scp=85064118419&origin=inward,https://www.scopus.com/inward/citedby.uri?partnerID=HzOxMe3b&scp=85064118419&origin=inward,,2026-04-12 18:59:22,Article,10.37936/ecti-eec.2019171.215402,16859545,https://api.elsevier.com/content/abstract/scopus_id/85064118419,17,1,,,,1.5,9.0,1,6,,,,85064118419,2-s2.0-85064118419
7,Shanmugam A.,Systematic investigation of a flapping wing in inclined stroke-plane hovering,2019,Journal of the Brazilian Society of Mechanical Sciences and Engineering,,https://www.scopus.com/inward/record.uri?partnerID=HzOxMe3b&scp=85069992906&origin=inward,https://www.scopus.com/inward/citedby.uri?partnerID=HzOxMe3b&scp=85069992906&origin=inward,,2026-04-12 18:59:22,Article,10.1007/s40430-019-1840-6,16785878,https://api.elsevier.com/content/abstract/scopus_id/85069992906,41,8,,,,1.17,7.0,1,6,,,,85069992906,2-s2.0-85069992906
5,Aličić R.,A New Approach to Optimal Placement of Power Quality Monitors for Voltage Sag Detection,2019,Proceedings of 2019 IEEE Pes Innovative Smart Grid Technologies Europe Isgt Europe 2019,,https://www.scopus.com/inward/record.uri?partnerID=HzOxMe3b&scp=85075891833&origin=inward,https://www.scopus.com/inward/citedby.uri?partnerID=HzOxMe3b&scp=85075891833&origin=inward,,2026-04-12 18:59:22,Conference Paper,10.1109/ISGTEurope.2019.8905585,,https://api.elsevier.com/content/abstract/scopus_id/85075891833,,,,,,0.83,5.0,1,6,,,,85075891833,2-s2.0-85075891833
8,Cannings R.A.,Odonata of canada,2019,Zookeys,,https://www.scopus.com/inward/record.uri?partnerID=HzOxMe3b&scp=85070235236&origin=inward,https://www.scopus.com/inward/citedby.uri?partnerID=HzOxMe3b&scp=85070235236&origin=inward,,2026-04-12 18:59:22,Review,10.3897/zookeys.819.25780,13132989,https://api.elsevier.com/content/abstract/scopus_id/85070235236,2019,819,,,,1.33,8.0,1,6,,,,85070235236,2-s2.0-85070235236
28,Vršanský P.,Ancient roaches further exemplify ‘no land return’ in aquatic insects,2019,Gondwana Research,,https://www.scopus.com/inward/record.uri?partnerID=HzOxMe3b&scp=85059329083&origin=inward,https://www.scopus.com/inward/citedby.uri?partnerID=HzOxMe3b&scp=85059329083&origin=inward,,2026-04-12 18:59:22,Article,10.1016/j.gr.2018.10.020,1342937X,https://api.elsevier.com/content/abstract/scopus_id/85059329083,68,,,,,4.67,28.0,1,6,,,,85059329083,2-s2.0-85059329083
19,Scola E.,Neuroradiological findings in three cases of pontocerebellar hypoplasia type 9 due to AMPD2 mutation: Typical MRI appearances and pearls for differential diagnosis,2019,Quantitative Imaging in Medicine and Surgery,,https://www.scopus.com/inward/record.uri?partnerID=HzOxMe3b&scp=85076418270&origin=inward,https://www.scopus.com/inward/citedby.uri?partnerID=HzOxMe3b&scp=85076418270&origin=inward,,2026-04-12 18:59:22,Article,10.21037/qims.2019.08.12,22234292,https://api.elsevier.com/content/abstract/scopus_id/85076418270,9,12,,,,3.17,19.0,1,6,,,,85076418270,2-s2.0-85076418270
5,Ranjith C.,An improved elman neural network based stress detection from eeg signals and reduction of stress using music,2019,International Journal of Engineering Research and Technology,,https://www.scopus.com/inward/record.uri?partnerID=HzOxMe3b&scp=85063621969&origin=inward,https://www.scopus.com/inward/citedby.uri?partnerID=HzOxMe3b&scp=85063621969&origin=inward,,2026-04-12 18:59:22,Article,,09743154,https://api.elsevier.com/content/abstract/scopus_id/85063621969,12,1,,,,0.83,5.0,1,6,,,,85063621969,2-s2.0-85063621969
34,Barkov M.V.,Kinetic 'jets' from fast-moving pulsars,2019,Monthly Notices of the Royal Astronomical Society,,https://www.scopus.com/inward/record.uri?partnerID=HzOxMe3b&scp=85067025258&origin=inward,https://www.scopus.com/inward/citedby.uri?partnerID=HzOxMe3b&scp=85067025258&origin=inward,,2026-04-12 18:59:22,Article,10.1093/mnras/stz521,00358711,https://api.elsevier.com/content/abstract/scopus_id/85067025258,485,2,,,,5.67,34.0,1,6,,,,85067025258,2-s2.0-85067025258
2,Bhuvaneshwaran A.,Clustering based cybersecurity model for cloud data,2019,Advanced Sciences and Technologies for Security Applications,,https://www.scopus.com/inward/record.uri?partnerID=HzOxMe3b&scp=85075819687&origin=inward,https://www.scopus.com/inward/citedby.uri?partnerID=HzOxMe3b&scp=85075819687&origin=inward,,2026-04-12 18:59:22,Book Chapter,10.1007/978-3-030-16837-7_11,16135113,https://api.elsevier.com/content/abstract/scopus_id/85075819687,,,,,,0.33,2.0,1,6,,,,85075819687,2-s2.0-85075819687
0,Coustenis A.,Science goals for future exploration of the habitability of the gaseous giant planets' satellites,2019,Proceedings of the International Astronautical Congress Iac,,https://www.scopus.com/inward/record.uri?partnerID=HzOxMe3b&scp=85079135810&origin=inward,https://www.scopus.com/inward/citedby.uri?partnerID=HzOxMe3b&scp=85079135810&origin=inward,,2026-04-12 18:59:22,Conference Paper,,00741795,https://api.elsevier.com/content/abstract/scopus_id/85079135810,2019-October,,,,,0.0,0.0,1,6,,,,85079135810,2-s2.0-85079135810
19,Domke J.,HyperX topology: First at-scale implementation and comparison to the fat-tree,2019,International Conference for High Performance Computing Networking Storage and Analysis Sc,,https://www.scopus.com/inward/record.uri?partnerID=HzOxMe3b&scp=85076166680&origin=inward,https://www.scopus.com/inward/citedby.uri?partnerID=HzOxMe3b&scp=85076166680&origin=inward,,2026-04-12 18:59:22,Conference Paper,10.1145/3295500.3356140,21674329,https://api.elsevier.com/content/abstract/scopus_id/85076166680,,,,,,3.17,19.0,1,6,,,,85076166680,2-s2.0-85076166680
3,Higashikawa W.,Conservation study focusing on habitat use in darter (Meadowhawk) populations that used to flourish in the rice paddy fields of japan,2019,Japanese Journal of Limnology,,https://www.scopus.com/inward/record.uri?partnerID=HzOxMe3b&scp=85092231485&origin=inward,https://www.scopus.com/inward/citedby.uri?partnerID=HzOxMe3b&scp=85092231485&origin=inward,,2026-04-12 18:59:22,Article,10.3739/rikusui.80.107,00215104,https://api.elsevier.com/content/abstract/scopus_id/85092231485,80,3,,,,0.5,3.0,1,6,,,,85092231485,2-s2.0-85092231485
4,Mollah M.A.,Modeling universal globally adaptive load-balanced routing,2019,ACM Transactions on Parallel Computing,,https://www.scopus.com/inward/record.uri?partnerID=HzOxMe3b&scp=85075647328&origin=inward,https://www.scopus.com/inward/citedby.uri?partnerID=HzOxMe3b&scp=85075647328&origin=inward,,2026-04-12 18:59:22,Article,10.1145/3349620,23294949,https://api.elsevier.com/content/abstract/scopus_id/85075647328,6,2,,,,0.67,4.0,1,6,,,,85075647328,2-s2.0-85075647328
9,Bhatele A.,Analyzing cost-performance tradeoffs of HPC network designs under different constraints using simulations,2019,Sigsim PADS 2019 Proceedings of the 2019 ACM Sigsim Conference on Principles of Advanced Discrete Simulation,,https://www.scopus.com/inward/record.uri?partnerID=HzOxMe3b&scp=85067119039&origin=inward,https://www.scopus.com/inward/citedby.uri?partnerID=HzOxMe3b&scp=85067119039&origin=inward,,2026-04-12 18:59:22,Conference Paper,10.1145/3316480.3325516,,https://api.elsevier.com/content/abstract/scopus_id/85067119039,,,,,,1.5,9.0,1,6,,,,85067119039,2-s2.0-85067119039
2,Sree S.R.,A study on performance of MHDA in training MLPs,2019,Engineering Computations Swansea Wales,,https://www.scopus.com/inward/record.uri?partnerID=HzOxMe3b&scp=85070353277&origin=inward,https://www.scopus.com/inward/citedby.uri?partnerID=HzOxMe3b&scp=85070353277&origin=inward,,2026-04-12 18:59:22,Article,10.1108/EC-05-2018-0216,02644401,https://api.elsevier.com/content/abstract/scopus_id/85070353277,36,6,,,,0.33,2.0,1,6,,,,85070353277,2-s2.0-85070353277
1,Li W.A.,Ionothermal synthesis and characterization of a new selenidomercurate,2019,Jiegou Huaxue,,https://www.scopus.com/inward/record.uri?partnerID=HzOxMe3b&scp=85072325276&origin=inward,https://www.scopus.com/inward/citedby.uri?partnerID=HzOxMe3b&scp=85072325276&origin=inward,,2026-04-12 18:59:22,Article,10.14102/j.cnki.0254-5861.2011-2271,02545861,https://api.elsevier.com/content/abstract/scopus_id/85072325276,38,9,,,,0.17,1.0,1,6,,,,85072325276,2-s2.0-85072325276
4,Grand D.,"Distribution, habitats, phenology and conservation of New Caledonian Odonata",2019,Zootaxa,,https://www.scopus.com/inward/record.uri?partnerID=HzOxMe3b&scp=85069566160&origin=inward,https://www.scopus.com/inward/citedby.uri?partnerID=HzOxMe3b&scp=85069566160&origin=inward,,2026-04-12 18:59:22,Review,10.11646/zootaxa.4640.1,11755326,https://api.elsevier.com/content/abstract/scopus_id/85069566160,4640,1,,,,0.67,4.0,1,6,,,,85069566160,2-s2.0-85069566160
13,He Z.,Purine and uric acid contents of common edible insects in Southwest China,2019,Journal of Insects as Food and Feed,,https://www.scopus.com/inward/record.uri?partnerID=HzOxMe3b&scp=85074487524&origin=inward,https://www.scopus.com/inward/citedby.uri?partnerID=HzOxMe3b&scp=85074487524&origin=inward,,2026-04-12 18:59:22,Article,10.3920/JIFF2018.0023,,https://api.elsevier.com/content/abstract/scopus_id/85074487524,5,4,,,,2.17,13.0,1,6,,,,85074487524,2-s2.0-85074487524
14,Pillai J.S.,Grammar of VR storytelling: Analysis of perceptual cues in VR cinema,2019,Proceedings Cvmp 2019 16th ACM SIGGRAPH European Conference on Visual Media Production,,https://www.scopus.com/inward/record.uri?partnerID=HzOxMe3b&scp=85077315491&origin=inward,https://www.scopus.com/inward/citedby.uri?partnerID=HzOxMe3b&scp=85077315491&origin=inward,,2026-04-12 18:59:22,Conference Paper,10.1145/3359998.3369402,,https://api.elsevier.com/content/abstract/scopus_id/85077315491,,,,,,2.33,14.0,1,6,,,,85077315491,2-s2.0-85077315491
0,Moskowitz D.,"Nymph Ecology, Habitat, and Emergence-Site Selection of Cordulegaster erronea Hagen (Tiger Spiketail Dragonfly) in New Jersey with Implications for Conservation",2019,Northeastern Naturalist,,https://www.scopus.com/inward/record.uri?partnerID=HzOxMe3b&scp=85066821697&origin=inward,https://www.scopus.com/inward/citedby.uri?partnerID=HzOxMe3b&scp=85066821697&origin=inward,,2026-04-12 18:59:22,Article,10.1656/045.026.0113,10926194,https://api.elsevier.com/content/abstract/scopus_id/85066821697,26,1,,,,0.0,0.0,1,6,,,,85066821697,2-s2.0-85066821697
44,Bo H.,Wind Speed Forecasting System Based on the Variational Mode Decomposition Strategy and Immune Selection Multi-Objective Dragonfly Optimization Algorithm,2019,IEEE Access,,https://www.scopus.com/inward/record.uri?partnerID=HzOxMe3b&scp=85077191254&origin=inward,https://www.scopus.com/inward/citedby.uri?partnerID=HzOxMe3b&scp=85077191254&origin=inward,,2026-04-12 18:59:22,Article,10.1109/ACCESS.2019.2957062,,https://api.elsevier.com/content/abstract/scopus_id/85077191254,7,,,,,7.33,44.0,1,6,,,,85077191254,2-s2.0-85077191254
6,Zia A.,"Richness and Distribution of Odonata in Kurram District, Khyber Pakhtunkhwa",2019,Pakistan Journal of Agricultural Research,,https://www.scopus.com/inward/record.uri?partnerID=HzOxMe3b&scp=85109434305&origin=inward,https://www.scopus.com/inward/citedby.uri?partnerID=HzOxMe3b&scp=85109434305&origin=inward,,2026-04-12 18:59:22,Article,10.17582/journal.pjar/2019/32.4.589.594,02510480,https://api.elsevier.com/content/abstract/scopus_id/85109434305,32,4,,,,1.0,6.0,1,6,,,,85109434305,2-s2.0-85109434305
76,Polepally V.,Dragonfly optimization and constraint measure-based load balancing in cloud computing,2019,Cluster Computing,,https://www.scopus.com/inward/record.uri?partnerID=HzOxMe3b&scp=85026456307&origin=inward,https://www.scopus.com/inward/citedby.uri?partnerID=HzOxMe3b&scp=85026456307&origin=inward,,2026-04-12 18:59:22,Article,10.1007/s10586-017-1056-4,13867857,https://api.elsevier.com/content/abstract/scopus_id/85026456307,22,,,,,12.67,76.0,1,6,,,,85026456307,2-s2.0-85026456307
2,Sudabattula S.K.,Optimal allocation of different types of distributed generators in distribution system,2019,Gazi University Journal of Science,,https://www.scopus.com/inward/record.uri?partnerID=HzOxMe3b&scp=85064131411&origin=inward,https://www.scopus.com/inward/citedby.uri?partnerID=HzOxMe3b&scp=85064131411&origin=inward,,2026-04-12 18:59:22,Article,,,https://api.elsevier.com/content/abstract/scopus_id/85064131411,32,1,,,,0.33,2.0,1,6,,,,85064131411,2-s2.0-85064131411
4,Sunny Kumar A.,Optimizing pulsed current micro plasma arc welding parameters to maximize ultimate tensile strength of titanium (Ti-6Al-4V) alloy using Dragon fly algorithm,2019,Materials Today Proceedings,,https://www.scopus.com/inward/record.uri?partnerID=HzOxMe3b&scp=85090150046&origin=inward,https://www.scopus.com/inward/citedby.uri?partnerID=HzOxMe3b&scp=85090150046&origin=inward,,2026-04-12 18:59:22,Conference Paper,10.1016/j.matpr.2019.09.073,,https://api.elsevier.com/content/abstract/scopus_id/85090150046,27,,,,,0.67,4.0,1,6,,,,85090150046,2-s2.0-85090150046
7,Abdelghafar S.,Cube Satellite Failure Detection and Recovery Using Optimized Support Vector Machine,2019,Advances in Intelligent Systems and Computing,,https://www.scopus.com/inward/record.uri?partnerID=HzOxMe3b&scp=85053541279&origin=inward,https://www.scopus.com/inward/citedby.uri?partnerID=HzOxMe3b&scp=85053541279&origin=inward,,2026-04-12 18:59:22,Conference Paper,10.1007/978-3-319-99010-1_61,21945357,https://api.elsevier.com/content/abstract/scopus_id/85053541279,845,,,,,1.17,7.0,1,6,,,,85053541279,2-s2.0-85053541279
21,Renner S.,Ecoregions within the Brazilian Pampa biome reflected in Odonata species assemblies,2019,Austral Ecology,,https://www.scopus.com/inward/record.uri?partnerID=HzOxMe3b&scp=85056744020&origin=inward,https://www.scopus.com/inward/citedby.uri?partnerID=HzOxMe3b&scp=85056744020&origin=inward,,2026-04-12 18:59:22,Article,10.1111/aec.12680,14429985,https://api.elsevier.com/content/abstract/scopus_id/85056744020,44,3,,,,3.5,21.0,1,6,,,,85056744020,2-s2.0-85056744020
3,Lambert T.,Numerical and experimental investigation of tandem wing flyers,2019,AIAA Scitech 2019 Forum,,https://www.scopus.com/inward/record.uri?partnerID=HzOxMe3b&scp=85083943982&origin=inward,https://www.scopus.com/inward/citedby.uri?partnerID=HzOxMe3b&scp=85083943982&origin=inward,,2026-04-12 18:59:22,Conference Paper,10.2514/6.2019-1620,,https://api.elsevier.com/content/abstract/scopus_id/85083943982,,,,,,0.5,3.0,1,6,,,,85083943982,2-s2.0-85083943982
12,Schreier A.L.,Meat eating in wild hamadryas baboons: Opportunistic trade-offs between insects and vertebrates,2019,American Journal of Primatology,,https://www.scopus.com/inward/record.uri?partnerID=HzOxMe3b&scp=85069958031&origin=inward,https://www.scopus.com/inward/citedby.uri?partnerID=HzOxMe3b&scp=85069958031&origin=inward,,2026-04-12 18:59:22,Article,10.1002/ajp.23029,02752565,https://api.elsevier.com/content/abstract/scopus_id/85069958031,81,7,,,,2.0,12.0,1,6,,,,85069958031,2-s2.0-85069958031
20,Buch H.,On the efficiency of metaheuristics for solving the optimal power flow,2019,Neural Computing and Applications,,https://www.scopus.com/inward/record.uri?partnerID=HzOxMe3b&scp=85045075022&origin=inward,https://www.scopus.com/inward/citedby.uri?partnerID=HzOxMe3b&scp=85045075022&origin=inward,,2026-04-12 18:59:22,Article,10.1007/s00521-018-3382-8,09410643,https://api.elsevier.com/content/abstract/scopus_id/85045075022,31,9,,,,3.33,20.0,1,6,,,,85045075022,2-s2.0-85045075022
4,Vilela D.S.,"Philogenia gaiae sp. nov. (Zygoptera: Philogeniidae) and description of the female of P. macuma Dunkle, 1986, two species from the Ecuadorean lowland rainforest",2019,Zootaxa,,https://www.scopus.com/inward/record.uri?partnerID=HzOxMe3b&scp=85073434620&origin=inward,https://www.scopus.com/inward/citedby.uri?partnerID=HzOxMe3b&scp=85073434620&origin=inward,,2026-04-12 18:59:22,Article,10.11646/zootaxa.4683.3.5,11755326,https://api.elsevier.com/content/abstract/scopus_id/85073434620,4683,3,,,,0.67,4.0,1,6,,,,85073434620,2-s2.0-85073434620
4,Wang L.J.,"The complete mitochondrial genome of Psolodesmus mandarinus McLachlan, 1870 (Odonata: Calopterygidae)",2019,Mitochondrial DNA Part B Resources,,https://www.scopus.com/inward/record.uri?partnerID=HzOxMe3b&scp=85060345992&origin=inward,https://www.scopus.com/inward/citedby.uri?partnerID=HzOxMe3b&scp=85060345992&origin=inward,,2026-04-12 18:59:22,Article,10.1080/23802359.2018.1544045,,https://api.elsevier.com/content/abstract/scopus_id/85060345992,4,1,,,,0.67,4.0,1,6,,,,85060345992,2-s2.0-85060345992
2,Sinha S.,Frequency regulation of renewable energy integrated deregulated power system using novel optimization scheme,2019,International Journal of Recent Technology and Engineering,,https://www.scopus.com/inward/record.uri?partnerID=HzOxMe3b&scp=85073507113&origin=inward,https://www.scopus.com/inward/citedby.uri?partnerID=HzOxMe3b&scp=85073507113&origin=inward,,2026-04-12 18:59:22,Article,10.35940/ijrte.C5119.098319,,https://api.elsevier.com/content/abstract/scopus_id/85073507113,8,3,,,,0.33,2.0,1,6,,,,85073507113,2-s2.0-85073507113
7,Wang J.,The complete mitochondrial genome of an edible aquatic insect Epophthalmia elegans (Odonata: Corduliidae) and phylogenetic analysis,2019,Mitochondrial DNA Part B Resources,,https://www.scopus.com/inward/record.uri?partnerID=HzOxMe3b&scp=85063775261&origin=inward,https://www.scopus.com/inward/citedby.uri?partnerID=HzOxMe3b&scp=85063775261&origin=inward,,2026-04-12 18:59:22,Article,10.1080/23802359.2019.1598303,,https://api.elsevier.com/content/abstract/scopus_id/85063775261,4,1,,,,1.17,7.0,1,6,,,,85063775261,2-s2.0-85063775261
7,Lat Leily M.R.,Novel sliding mode controller for power control of a doubly fed induction generator in variable speed wind turbine,2019,2019 Iranian Conference on Renewable Energy and Distributed Generation Icredg 2019,,https://www.scopus.com/inward/record.uri?partnerID=HzOxMe3b&scp=85087745304&origin=inward,https://www.scopus.com/inward/citedby.uri?partnerID=HzOxMe3b&scp=85087745304&origin=inward,,2026-04-12 18:59:22,Conference Paper,10.1109/ICREDG47187.2019.194147,,https://api.elsevier.com/content/abstract/scopus_id/85087745304,,,,,,1.17,7.0,1,6,,,,85087745304,2-s2.0-85087745304
4,Pahari P.R.,"Diversity and community structure of Odonata (Insecta) in two land use types in Purba Medinipur District, West Bengal, India",2019,Journal of Threatened Taxa,,https://www.scopus.com/inward/record.uri?partnerID=HzOxMe3b&scp=85065792958&origin=inward,https://www.scopus.com/inward/citedby.uri?partnerID=HzOxMe3b&scp=85065792958&origin=inward,,2026-04-12 18:59:22,Article,10.11609/jott.4139.11.6.13748-13755,09747893,https://api.elsevier.com/content/abstract/scopus_id/85065792958,11,6,,,,0.67,4.0,1,6,,,,85065792958,2-s2.0-85065792958
17,Chellamuthu S.,Fault detection in electrical equipment’s images by using optimal features with deep learning classifier,2019,Multimedia Tools and Applications,,https://www.scopus.com/inward/record.uri?partnerID=HzOxMe3b&scp=85068115823&origin=inward,https://www.scopus.com/inward/citedby.uri?partnerID=HzOxMe3b&scp=85068115823&origin=inward,,2026-04-12 18:59:22,Article,10.1007/s11042-019-07847-z,13807501,https://api.elsevier.com/content/abstract/scopus_id/85068115823,78,19,,,,2.83,17.0,1,6,,,,85068115823,2-s2.0-85068115823
20,Zhao R.,An improved grasshopper optimization algorithm for task scheduling problems,2019,International Journal of Innovative Computing Information and Control,,https://www.scopus.com/inward/record.uri?partnerID=HzOxMe3b&scp=85073294548&origin=inward,https://www.scopus.com/inward/citedby.uri?partnerID=HzOxMe3b&scp=85073294548&origin=inward,,2026-04-12 18:59:22,Article,10.24507/ijicic.15.05.1967,13494198,https://api.elsevier.com/content/abstract/scopus_id/85073294548,15,5,,,,3.33,20.0,1,6,,,,85073294548,2-s2.0-85073294548
3,Domingues P.H.L.S.P.,Bio-Inspired Multiojective Tuning of PID-Controlled Antilock Braking Systems,2019,2019 IEEE Congress on Evolutionary Computation CEC 2019 Proceedings,,https://www.scopus.com/inward/record.uri?partnerID=HzOxMe3b&scp=85071319743&origin=inward,https://www.scopus.com/inward/citedby.uri?partnerID=HzOxMe3b&scp=85071319743&origin=inward,,2026-04-12 18:59:22,Conference Paper,10.1109/CEC.2019.8790023,,https://api.elsevier.com/content/abstract/scopus_id/85071319743,,,,,,0.5,3.0,1,6,,,,85071319743,2-s2.0-85071319743
2,Hema C.,Tag count based priority scheduling algorithm for mitigating the RFID collisions,2019,Indonesian Journal of Electrical Engineering and Computer Science,,https://www.scopus.com/inward/record.uri?partnerID=HzOxMe3b&scp=85075545742&origin=inward,https://www.scopus.com/inward/citedby.uri?partnerID=HzOxMe3b&scp=85075545742&origin=inward,,2026-04-12 18:59:22,Article,10.11591/ijeecs.v18.i1.pp434-442,25024752,https://api.elsevier.com/content/abstract/scopus_id/85075545742,18,1,,,,0.33,2.0,1,6,,,,85075545742,2-s2.0-85075545742
31,Li Z.,Sparsity-based continuous wave terahertz lens-free on-chip holography with sub-wavelength resolution,2019,Optics Express,,https://www.scopus.com/inward/record.uri?partnerID=HzOxMe3b&scp=85060181540&origin=inward,https://www.scopus.com/inward/citedby.uri?partnerID=HzOxMe3b&scp=85060181540&origin=inward,,2026-04-12 18:59:22,Article,10.1364/OE.27.000702,,https://api.elsevier.com/content/abstract/scopus_id/85060181540,27,2,,,,5.17,31.0,1,6,,,,85060181540,2-s2.0-85060181540
179,Elhoseny M.,Optimal bilateral filter and Convolutional Neural Network based denoising method of medical image measurements,2019,Measurement Journal of the International Measurement Confederation,,https://www.scopus.com/inward/record.uri?partnerID=HzOxMe3b&scp=85065527344&origin=inward,https://www.scopus.com/inward/citedby.uri?partnerID=HzOxMe3b&scp=85065527344&origin=inward,,2026-04-12 18:59:22,Article,10.1016/j.measurement.2019.04.072,02632241,https://api.elsevier.com/content/abstract/scopus_id/85065527344,143,,,,,29.83,179.0,1,6,,,,85065527344,2-s2.0-85065527344
18,He Y.,Highly Efficient Nanoscale Analysis of Plant Stomata and Cell Surface Using Polyaddition Silicone Rubber,2019,Frontiers in Plant Science,,https://www.scopus.com/inward/record.uri?partnerID=HzOxMe3b&scp=85077631706&origin=inward,https://www.scopus.com/inward/citedby.uri?partnerID=HzOxMe3b&scp=85077631706&origin=inward,,2026-04-12 18:59:22,Article,10.3389/fpls.2019.01569,,https://api.elsevier.com/content/abstract/scopus_id/85077631706,10,,,,,3.0,18.0,1,6,,,,85077631706,2-s2.0-85077631706
8,Yesilbudak M.,A novel power curve modeling framework for wind turbines,2019,Advances in Electrical and Computer Engineering,,https://www.scopus.com/inward/record.uri?partnerID=HzOxMe3b&scp=85072171926&origin=inward,https://www.scopus.com/inward/citedby.uri?partnerID=HzOxMe3b&scp=85072171926&origin=inward,,2026-04-12 18:59:22,Article,10.4316/AECE.2019.03004,15827445,https://api.elsevier.com/content/abstract/scopus_id/85072171926,19,3,,,,1.33,8.0,1,6,,,,85072171926,2-s2.0-85072171926
50,Aftab F.,Hybrid Self-Organized Clustering Scheme for Drone Based Cognitive Internet of Things,2019,IEEE Access,,https://www.scopus.com/inward/record.uri?partnerID=HzOxMe3b&scp=85066846798&origin=inward,https://www.scopus.com/inward/citedby.uri?partnerID=HzOxMe3b&scp=85066846798&origin=inward,,2026-04-12 18:59:22,Article,10.1109/ACCESS.2019.2913912,,https://api.elsevier.com/content/abstract/scopus_id/85066846798,7,,,,,8.33,50.0,1,6,,,,85066846798,2-s2.0-85066846798
0,Palaniyappan K.,An energy efficient clustering and adaptive path selection based routing in wireless sensor network,2019,Journal of Advanced Research in Dynamical and Control Systems,,https://www.scopus.com/inward/record.uri?partnerID=HzOxMe3b&scp=85069483071&origin=inward,https://www.scopus.com/inward/citedby.uri?partnerID=HzOxMe3b&scp=85069483071&origin=inward,,2026-04-12 18:59:22,Article,,,https://api.elsevier.com/content/abstract/scopus_id/85069483071,11,6 Special Issue,,,,0.0,0.0,1,6,,,,85069483071,2-s2.0-85069483071
37,Kietzka G.,Applying the umbrella index across aquatic insect taxon sets for freshwater assessment,2019,Ecological Indicators,,https://www.scopus.com/inward/record.uri?partnerID=HzOxMe3b&scp=85071399419&origin=inward,https://www.scopus.com/inward/citedby.uri?partnerID=HzOxMe3b&scp=85071399419&origin=inward,,2026-04-12 18:59:22,Article,10.1016/j.ecolind.2019.105655,1470160X,https://api.elsevier.com/content/abstract/scopus_id/85071399419,107,,,,,6.17,37.0,1,6,,,,85071399419,2-s2.0-85071399419
8,Patel S.,Insects as a Source of Sustainable Proteins,2019,Proteins Sustainable Source Processing and Applications,,https://www.scopus.com/inward/record.uri?partnerID=HzOxMe3b&scp=85138369639&origin=inward,https://www.scopus.com/inward/citedby.uri?partnerID=HzOxMe3b&scp=85138369639&origin=inward,,2026-04-12 18:59:22,Book Chapter,10.1016/B978-0-12-816695-6.00002-7,,https://api.elsevier.com/content/abstract/scopus_id/85138369639,,,,,,1.33,8.0,1,6,,,,85138369639,2-s2.0-85138369639
2,Yébenes P.,Head-of-line blocking avoidance in Slim Fly networks using deadlock-free non-minimal and adaptive routing,2019,Concurrency and Computation Practice and Experience,,https://www.scopus.com/inward/record.uri?partnerID=HzOxMe3b&scp=85042043915&origin=inward,https://www.scopus.com/inward/citedby.uri?partnerID=HzOxMe3b&scp=85042043915&origin=inward,,2026-04-12 18:59:22,Conference Paper,10.1002/cpe.4441,15320626,https://api.elsevier.com/content/abstract/scopus_id/85042043915,31,2,,,,0.33,2.0,1,6,,,,85042043915,2-s2.0-85042043915
6,Dwivedi Y.,An experimental flow field study of a bio-inspired corrugated wing at low Reynolds number,2019,Incas Bulletin,,https://www.scopus.com/inward/record.uri?partnerID=HzOxMe3b&scp=85073300316&origin=inward,https://www.scopus.com/inward/citedby.uri?partnerID=HzOxMe3b&scp=85073300316&origin=inward,,2026-04-12 18:59:22,Article,10.13111/2066-8201.2019.11.3.5,20668201,https://api.elsevier.com/content/abstract/scopus_id/85073300316,11,3,,,,1.0,6.0,1,6,,,,85073300316,2-s2.0-85073300316
3,Kiziloluk S.,Hybrid parliamentary optimization and big bang-big crunch algorithm for global optimization,2019,Turkish Journal of Electrical Engineering and Computer Sciences,,https://www.scopus.com/inward/record.uri?partnerID=HzOxMe3b&scp=85065848873&origin=inward,https://www.scopus.com/inward/citedby.uri?partnerID=HzOxMe3b&scp=85065848873&origin=inward,,2026-04-12 18:59:22,Article,10.3906/elk-1808-194,13000632,https://api.elsevier.com/content/abstract/scopus_id/85065848873,27,3,,,,0.5,3.0,1,6,,,,85065848873,2-s2.0-85065848873
31,Moayedi H.,Novel nature-inspired hybrids of neural computing for estimating soil shear strength,2019,Applied Sciences Switzerland,,https://www.scopus.com/inward/record.uri?partnerID=HzOxMe3b&scp=85075235013&origin=inward,https://www.scopus.com/inward/citedby.uri?partnerID=HzOxMe3b&scp=85075235013&origin=inward,,2026-04-12 18:59:22,Article,10.3390/app9214643,,https://api.elsevier.com/content/abstract/scopus_id/85075235013,9,21,,,,5.17,31.0,1,6,,,,85075235013,2-s2.0-85075235013
34,Moturi S.,Optimized feature extraction and hybrid classification model for heart disease and breast cancer prediction,2019,International Journal of Recent Technology and Engineering,,https://www.scopus.com/inward/record.uri?partnerID=HzOxMe3b&scp=85067077663&origin=inward,https://www.scopus.com/inward/citedby.uri?partnerID=HzOxMe3b&scp=85067077663&origin=inward,,2026-04-12 18:59:22,Article,,,https://api.elsevier.com/content/abstract/scopus_id/85067077663,7,6,,,,5.67,34.0,1,6,,,,85067077663,2-s2.0-85067077663
8,Ilahi I.,The role of odonate nymphs in ecofriendly control of mosquitoes and sensitivity of odonate nymphs to inorganic nutrient pollutants,2019,Applied Ecology and Environmental Research,,https://www.scopus.com/inward/record.uri?partnerID=HzOxMe3b&scp=85069893817&origin=inward,https://www.scopus.com/inward/citedby.uri?partnerID=HzOxMe3b&scp=85069893817&origin=inward,,2026-04-12 18:59:22,Article,10.15666/aeer/1703_61716188,15891623,https://api.elsevier.com/content/abstract/scopus_id/85069893817,17,3,,,,1.33,8.0,1,6,,,,85069893817,2-s2.0-85069893817
0,Falehi A.D.,Optimal fractional order fuzzy based AGC using MODA NSGA-II to improve dynamic stability of multi-area interconnected power system,2019,Journal of Intelligent and Fuzzy Systems,,https://www.scopus.com/inward/record.uri?partnerID=HzOxMe3b&scp=85077461557&origin=inward,https://www.scopus.com/inward/citedby.uri?partnerID=HzOxMe3b&scp=85077461557&origin=inward,,2026-04-12 18:59:22,Article,10.3233/JIFS-190228,10641246,https://api.elsevier.com/content/abstract/scopus_id/85077461557,37,6,,,,0.0,0.0,1,6,,,,85077461557,2-s2.0-85077461557
0,Zahn F.,Effects of Congestion Management on Energy Saving Techniques in Interconnection Networks,2019,Proceedings 5th International Workshop of High Performance Interconnection Networks in the Exascale and Big Data Era Hipineb 2019,,https://www.scopus.com/inward/record.uri?partnerID=HzOxMe3b&scp=85081121730&origin=inward,https://www.scopus.com/inward/citedby.uri?partnerID=HzOxMe3b&scp=85081121730&origin=inward,,2026-04-12 18:59:22,Conference Paper,10.1109/HiPINEB.2019.00009,,https://api.elsevier.com/content/abstract/scopus_id/85081121730,,,,,,0.0,0.0,1,6,,,,85081121730,2-s2.0-85081121730
14,Duman S.,Solution of the Optimal Power Flow Problem Considering FACTS Devices by Using Lightning Search Algorithm,2019,Iranian Journal of Science and Technology Transactions of Electrical Engineering,,https://www.scopus.com/inward/record.uri?partnerID=HzOxMe3b&scp=85073550922&origin=inward,https://www.scopus.com/inward/citedby.uri?partnerID=HzOxMe3b&scp=85073550922&origin=inward,,2026-04-12 18:59:22,Article,10.1007/s40998-019-00199-2,22286179,https://api.elsevier.com/content/abstract/scopus_id/85073550922,43,4,,,,2.33,14.0,1,6,,,,85073550922,2-s2.0-85073550922
5,Cooper J.,Real time multi-modal super-resolution microscopy through Super-Resolution Radial Fluctuations (SRRF-Stream),2019,Progress in Biomedical Optics and Imaging Proceedings of SPIE,,https://www.scopus.com/inward/record.uri?partnerID=HzOxMe3b&scp=85066734352&origin=inward,https://www.scopus.com/inward/citedby.uri?partnerID=HzOxMe3b&scp=85066734352&origin=inward,,2026-04-12 18:59:22,Conference Paper,10.1117/12.2510761,16057422,https://api.elsevier.com/content/abstract/scopus_id/85066734352,10884,,,,,0.83,5.0,1,6,,,,85066734352,2-s2.0-85066734352
4,Naidu T.A.,Control of DVR using variable step-size griffith's LMS with optimized tuning of proportional integrator gains,2019,1st International Conference on Power Electronics Applications and Technology in Present Energy Scenario Petpes 2019 Proceedings,,https://www.scopus.com/inward/record.uri?partnerID=HzOxMe3b&scp=85081390533&origin=inward,https://www.scopus.com/inward/citedby.uri?partnerID=HzOxMe3b&scp=85081390533&origin=inward,,2026-04-12 18:59:22,Conference Paper,10.1109/PETPES47060.2019.9004017,,https://api.elsevier.com/content/abstract/scopus_id/85081390533,,,,,,0.67,4.0,1,6,,,,85081390533,2-s2.0-85081390533
2,Walia G.K.,Mitochondrial COI gene barcoding of four species of genus Ischnura (Odonata: Coenagrionidae) from India,2019,Journal of Advanced Zoology,,https://www.scopus.com/inward/record.uri?partnerID=HzOxMe3b&scp=85081569715&origin=inward,https://www.scopus.com/inward/citedby.uri?partnerID=HzOxMe3b&scp=85081569715&origin=inward,,2026-04-12 18:59:22,Article,,02537214,https://api.elsevier.com/content/abstract/scopus_id/85081569715,40,1,,,,0.33,2.0,1,6,,,,85081569715,2-s2.0-85081569715
9,Yasudo R.,Designing High-Performance Interconnection Networks with Host-Switch Graphs,2019,IEEE Transactions on Parallel and Distributed Systems,,https://www.scopus.com/inward/record.uri?partnerID=HzOxMe3b&scp=85051365099&origin=inward,https://www.scopus.com/inward/citedby.uri?partnerID=HzOxMe3b&scp=85051365099&origin=inward,,2026-04-12 18:59:22,Article,10.1109/TPDS.2018.2864286,10459219,https://api.elsevier.com/content/abstract/scopus_id/85051365099,30,2,,,,1.5,9.0,1,6,,,,85051365099,2-s2.0-85051365099
36,Khanna N.,Investigations on density and surface roughness characteristics during selective laser sintering of Invar-36 alloy,2019,Materials Research Express,,https://www.scopus.com/inward/record.uri?partnerID=HzOxMe3b&scp=85069570440&origin=inward,https://www.scopus.com/inward/citedby.uri?partnerID=HzOxMe3b&scp=85069570440&origin=inward,,2026-04-12 18:59:22,Article,10.1088/2053-1591/ab18bd,,https://api.elsevier.com/content/abstract/scopus_id/85069570440,6,8,,,,6.0,36.0,1,6,,,,85069570440,2-s2.0-85069570440
6,Lan D.,The characteristics and phylogenetic relationship of two complete mitochondrial genomes of Matrona basilaris (Odonata: Zygoptera: Calopterygidae),2019,Mitochondrial DNA Part B Resources,,https://www.scopus.com/inward/record.uri?partnerID=HzOxMe3b&scp=85065128882&origin=inward,https://www.scopus.com/inward/citedby.uri?partnerID=HzOxMe3b&scp=85065128882&origin=inward,,2026-04-12 18:59:22,Article,10.1080/23802359.2019.1610104,,https://api.elsevier.com/content/abstract/scopus_id/85065128882,4,1,,,,1.0,6.0,1,6,,,,85065128882,2-s2.0-85065128882
32,Li H.,Two-in-one solution using insect wings to produce graphene-graphite films for efficient electrocatalysis,2019,Nano Research,,https://www.scopus.com/inward/record.uri?partnerID=HzOxMe3b&scp=85052816323&origin=inward,https://www.scopus.com/inward/citedby.uri?partnerID=HzOxMe3b&scp=85052816323&origin=inward,,2026-04-12 18:59:22,Article,10.1007/s12274-018-2172-z,19980124,https://api.elsevier.com/content/abstract/scopus_id/85052816323,12,1,,,,5.33,32.0,1,6,,,,85052816323,2-s2.0-85052816323
18,Zhang X.,Experimental and numerical simulation analyses of selective fragmentation of coal samples by plasma,2019,Fuel,,https://www.scopus.com/inward/record.uri?partnerID=HzOxMe3b&scp=85068466516&origin=inward,https://www.scopus.com/inward/citedby.uri?partnerID=HzOxMe3b&scp=85068466516&origin=inward,,2026-04-12 18:59:22,Article,10.1016/j.fuel.2019.115717,00162361,https://api.elsevier.com/content/abstract/scopus_id/85068466516,255,,,,,3.0,18.0,1,6,,,,85068466516,2-s2.0-85068466516
27,Alves-Martins F.,Drivers of regional and local diversity of Amazonian stream Odonata,2019,Insect Conservation and Diversity,,https://www.scopus.com/inward/record.uri?partnerID=HzOxMe3b&scp=85054492806&origin=inward,https://www.scopus.com/inward/citedby.uri?partnerID=HzOxMe3b&scp=85054492806&origin=inward,,2026-04-12 18:59:22,Article,10.1111/icad.12327,1752458X,https://api.elsevier.com/content/abstract/scopus_id/85054492806,12,3,,,,4.5,27.0,1,6,,,,85054492806,2-s2.0-85054492806
0,Kumar D.,Realization and dynamic studies of cnts-pdms membranes for biomimetic flapping wing applications,2019,Conference Proceedings of the Society for Experimental Mechanics Series,,https://www.scopus.com/inward/record.uri?partnerID=HzOxMe3b&scp=85061141377&origin=inward,https://www.scopus.com/inward/citedby.uri?partnerID=HzOxMe3b&scp=85061141377&origin=inward,,2026-04-12 18:59:22,Conference Paper,10.1007/978-3-319-95062-4_8,21915644,https://api.elsevier.com/content/abstract/scopus_id/85061141377,4,,,,,0.0,0.0,1,6,,,,85061141377,2-s2.0-85061141377
35,Song N.,The mitochondrial genomes of palaeopteran insects and insights into the early insect relationships,2019,Scientific Reports,,https://www.scopus.com/inward/record.uri?partnerID=HzOxMe3b&scp=85075723222&origin=inward,https://www.scopus.com/inward/citedby.uri?partnerID=HzOxMe3b&scp=85075723222&origin=inward,,2026-04-12 18:59:22,Article,10.1038/s41598-019-54391-9,,https://api.elsevier.com/content/abstract/scopus_id/85075723222,9,1,,,,5.83,35.0,1,6,,,,85075723222,2-s2.0-85075723222
16,Kolar V.,Predation risk and habitat complexity modify intermediate predator feeding rates and energetic efficiencies in a tri-trophic system,2019,Freshwater Biology,,https://www.scopus.com/inward/record.uri?partnerID=HzOxMe3b&scp=85067402324&origin=inward,https://www.scopus.com/inward/citedby.uri?partnerID=HzOxMe3b&scp=85067402324&origin=inward,,2026-04-12 18:59:22,Article,10.1111/fwb.13320,00465070,https://api.elsevier.com/content/abstract/scopus_id/85067402324,64,8,,,,2.67,16.0,1,6,,,,85067402324,2-s2.0-85067402324
1,McGlohon N.,Fit fly: A case study on interconnect innovation through parallel simulation,2019,Sigsim PADS 2019 Proceedings of the 2019 ACM Sigsim Conference on Principles of Advanced Discrete Simulation,,https://www.scopus.com/inward/record.uri?partnerID=HzOxMe3b&scp=85067095707&origin=inward,https://www.scopus.com/inward/citedby.uri?partnerID=HzOxMe3b&scp=85067095707&origin=inward,,2026-04-12 18:59:22,Conference Paper,10.1145/3316480.3325515,,https://api.elsevier.com/content/abstract/scopus_id/85067095707,,,,,,0.17,1.0,1,6,,,,85067095707,2-s2.0-85067095707
23,Veselý L.,Temperature and prey density jointly influence trophic and non-trophic interactions in multiple predator communities,2019,Freshwater Biology,,https://www.scopus.com/inward/record.uri?partnerID=HzOxMe3b&scp=85070740651&origin=inward,https://www.scopus.com/inward/citedby.uri?partnerID=HzOxMe3b&scp=85070740651&origin=inward,,2026-04-12 18:59:22,Article,10.1111/fwb.13387,00465070,https://api.elsevier.com/content/abstract/scopus_id/85070740651,64,11,,,,3.83,23.0,1,6,,,,85070740651,2-s2.0-85070740651
3,Rahman K.M.M.,Activity patterns and feeding ecology of the semi-aquatic Varanus flavescens (Reptilia: Varanidae),2019,Russian Journal of Herpetology,,https://www.scopus.com/inward/record.uri?partnerID=HzOxMe3b&scp=85066993275&origin=inward,https://www.scopus.com/inward/citedby.uri?partnerID=HzOxMe3b&scp=85066993275&origin=inward,,2026-04-12 18:59:22,Article,10.30906/1026-2296-2019-26-2-91-97,10262296,https://api.elsevier.com/content/abstract/scopus_id/85066993275,26,2,,,,0.5,3.0,1,6,,,,85066993275,2-s2.0-85066993275
61,Patil S.,Algorithmic analysis for dental caries detection using an adaptive neural network architecture,2019,Heliyon,,https://www.scopus.com/inward/record.uri?partnerID=HzOxMe3b&scp=85065056644&origin=inward,https://www.scopus.com/inward/citedby.uri?partnerID=HzOxMe3b&scp=85065056644&origin=inward,,2026-04-12 18:59:22,Article,10.1016/j.heliyon.2019.e01579,24058440,https://api.elsevier.com/content/abstract/scopus_id/85065056644,5,5,,,,10.17,61.0,1,6,,,,85065056644,2-s2.0-85065056644
3,Rrushi J.L.,Multi-range decoy I/O defense of electrical substations against industrial control system Malware,2019,Advanced Sciences and Technologies for Security Applications,,https://www.scopus.com/inward/record.uri?partnerID=HzOxMe3b&scp=85075902665&origin=inward,https://www.scopus.com/inward/citedby.uri?partnerID=HzOxMe3b&scp=85075902665&origin=inward,,2026-04-12 18:59:22,Book Chapter,10.1007/978-3-319-95597-1_7,16135113,https://api.elsevier.com/content/abstract/scopus_id/85075902665,,,,,,0.5,3.0,1,6,,,,85075902665,2-s2.0-85075902665
8,Detmer T.,Influences of fish on food web structure and function in mountain lakes,2019,Freshwater Biology,,https://www.scopus.com/inward/record.uri?partnerID=HzOxMe3b&scp=85067457421&origin=inward,https://www.scopus.com/inward/citedby.uri?partnerID=HzOxMe3b&scp=85067457421&origin=inward,,2026-04-12 18:59:22,Article,10.1111/fwb.13352,00465070,https://api.elsevier.com/content/abstract/scopus_id/85067457421,64,9,,,,1.33,8.0,1,6,,,,85067457421,2-s2.0-85067457421
19,Güvenç U.,Escape velocity: a new operator for gravitational search algorithm,2019,Neural Computing and Applications,,https://www.scopus.com/inward/record.uri?partnerID=HzOxMe3b&scp=85017612490&origin=inward,https://www.scopus.com/inward/citedby.uri?partnerID=HzOxMe3b&scp=85017612490&origin=inward,,2026-04-12 18:59:22,Article,10.1007/s00521-017-2977-9,09410643,https://api.elsevier.com/content/abstract/scopus_id/85017612490,31,1,,,,3.17,19.0,1,6,,,,85017612490,2-s2.0-85017612490
5,Ikonnikova K.A.,Reconstruction of 3D structure for nanoscale biological objects from experiments data on super-bright X-ray free electron lasers (XFELs): Dependence of the 3D resolution on the experiment parameters,2019,Procedia Computer Science,,https://www.scopus.com/inward/record.uri?partnerID=HzOxMe3b&scp=85074543260&origin=inward,https://www.scopus.com/inward/citedby.uri?partnerID=HzOxMe3b&scp=85074543260&origin=inward,,2026-04-12 18:59:22,Conference Paper,10.1016/j.procs.2019.08.129,,https://api.elsevier.com/content/abstract/scopus_id/85074543260,156,,,,,0.83,5.0,1,6,,,,85074543260,2-s2.0-85074543260
279,Abdullah J.M.,Fitness Dependent Optimizer: Inspired by the Bee Swarming Reproductive Process,2019,IEEE Access,,https://www.scopus.com/inward/record.uri?partnerID=HzOxMe3b&scp=85064804603&origin=inward,https://www.scopus.com/inward/citedby.uri?partnerID=HzOxMe3b&scp=85064804603&origin=inward,,2026-04-12 18:59:22,Article,10.1109/ACCESS.2019.2907012,,https://api.elsevier.com/content/abstract/scopus_id/85064804603,7,,,,,46.5,279.0,1,6,,,,85064804603,2-s2.0-85064804603
2,Zhu X.,3D planar laser-induced fluorescence (PLIF) reconstruction of a hairpin vortex,2019,AIAA Scitech 2019 Forum,,https://www.scopus.com/inward/record.uri?partnerID=HzOxMe3b&scp=85083941415&origin=inward,https://www.scopus.com/inward/citedby.uri?partnerID=HzOxMe3b&scp=85083941415&origin=inward,,2026-04-12 18:59:22,Conference Paper,10.2514/6.2019-1604,,https://api.elsevier.com/content/abstract/scopus_id/85083941415,,,,,,0.33,2.0,1,6,,,,85083941415,2-s2.0-85083941415
181,Li L.,Renewable energy prediction: A novel short-term prediction model of photovoltaic output power,2019,Journal of Cleaner Production,,https://www.scopus.com/inward/record.uri?partnerID=HzOxMe3b&scp=85065027956&origin=inward,https://www.scopus.com/inward/citedby.uri?partnerID=HzOxMe3b&scp=85065027956&origin=inward,,2026-04-12 18:59:22,Article,10.1016/j.jclepro.2019.04.331,09596526,https://api.elsevier.com/content/abstract/scopus_id/85065027956,228,,,,,30.17,181.0,1,6,,,,85065027956,2-s2.0-85065027956
32,Mendes T.,To what extent can oil palm plantations in the Amazon support assemblages of Odonata larvae?,2019,Insect Conservation and Diversity,,https://www.scopus.com/inward/record.uri?partnerID=HzOxMe3b&scp=85066904322&origin=inward,https://www.scopus.com/inward/citedby.uri?partnerID=HzOxMe3b&scp=85066904322&origin=inward,,2026-04-12 18:59:22,Article,10.1111/icad.12357,1752458X,https://api.elsevier.com/content/abstract/scopus_id/85066904322,12,5,,,,5.33,32.0,1,6,,,,85066904322,2-s2.0-85066904322
49,Khairuzzaman A.K.M.,Masi entropy based multilevel thresholding for image segmentation,2019,Multimedia Tools and Applications,,https://www.scopus.com/inward/record.uri?partnerID=HzOxMe3b&scp=85071296911&origin=inward,https://www.scopus.com/inward/citedby.uri?partnerID=HzOxMe3b&scp=85071296911&origin=inward,,2026-04-12 18:59:22,Article,10.1007/s11042-019-08117-8,13807501,https://api.elsevier.com/content/abstract/scopus_id/85071296911,78,23,,,,8.17,49.0,1,6,,,,85071296911,2-s2.0-85071296911
24,Danieli S.,Revisiting the Size-Luminosity Relation in the Era of Ultra Diffuse Galaxies,2019,Astrophysical Journal,,https://www.scopus.com/inward/record.uri?partnerID=HzOxMe3b&scp=85067197999&origin=inward,https://www.scopus.com/inward/citedby.uri?partnerID=HzOxMe3b&scp=85067197999&origin=inward,,2026-04-12 18:59:22,Article,10.3847/1538-4357/ab14f3,0004637X,https://api.elsevier.com/content/abstract/scopus_id/85067197999,875,2,,,,4.0,24.0,1,6,,,,85067197999,2-s2.0-85067197999
52,Lora J.M.,A model intercomparison of Titan's climate and low-latitude environment,2019,Icarus,,https://www.scopus.com/inward/record.uri?partnerID=HzOxMe3b&scp=85067011161&origin=inward,https://www.scopus.com/inward/citedby.uri?partnerID=HzOxMe3b&scp=85067011161&origin=inward,,2026-04-12 18:59:22,Article,10.1016/j.icarus.2019.05.031,00191035,https://api.elsevier.com/content/abstract/scopus_id/85067011161,333,,,,,8.67,52.0,1,6,,,,85067011161,2-s2.0-85067011161
11,Pires M.M.,Effects of wetland hydroperiod length on the functional structure of assemblages of Odonata,2019,Austral Entomology,,https://www.scopus.com/inward/record.uri?partnerID=HzOxMe3b&scp=85030473387&origin=inward,https://www.scopus.com/inward/citedby.uri?partnerID=HzOxMe3b&scp=85030473387&origin=inward,,2026-04-12 18:59:22,Article,10.1111/aen.12312,2052174X,https://api.elsevier.com/content/abstract/scopus_id/85030473387,58,2,,,,1.83,11.0,1,6,,,,85030473387,2-s2.0-85030473387
16,Van Dievel M.,Latitude-associated evolution and drivers of thermal response curves in body stoichiometry,2019,Journal of Animal Ecology,,https://www.scopus.com/inward/record.uri?partnerID=HzOxMe3b&scp=85071887066&origin=inward,https://www.scopus.com/inward/citedby.uri?partnerID=HzOxMe3b&scp=85071887066&origin=inward,,2026-04-12 18:59:22,Article,10.1111/1365-2656.13088,00218790,https://api.elsevier.com/content/abstract/scopus_id/85071887066,88,12,,,,2.67,16.0,1,6,,,,85071887066,2-s2.0-85071887066
38,Akpinar K.O.,Analysis of Machine Learning Methods in EtherCAT-Based Anomaly Detection,2019,IEEE Access,,https://www.scopus.com/inward/record.uri?partnerID=HzOxMe3b&scp=85077801979&origin=inward,https://www.scopus.com/inward/citedby.uri?partnerID=HzOxMe3b&scp=85077801979&origin=inward,,2026-04-12 18:59:22,Article,10.1109/ACCESS.2019.2960497,,https://api.elsevier.com/content/abstract/scopus_id/85077801979,7,,,,,6.33,38.0,1,6,,,,85077801979,2-s2.0-85077801979
2,Loumassine H.E.,Seasonal diet of Asellia tridens (Chiroptera: Hipposideridae) in North-Western Africa,2019,European Zoological Journal,,https://www.scopus.com/inward/record.uri?partnerID=HzOxMe3b&scp=85073499881&origin=inward,https://www.scopus.com/inward/citedby.uri?partnerID=HzOxMe3b&scp=85073499881&origin=inward,,2026-04-12 18:59:22,Article,10.1080/24750263.2019.1648574,,https://api.elsevier.com/content/abstract/scopus_id/85073499881,86,1,,,,0.33,2.0,1,6,,,,85073499881,2-s2.0-85073499881
17,Chakravorty J.,Arunachal's Adi and Apatani tribes' traditional knowledge of harvesting and using edible insects,2019,Journal of Insects as Food and Feed,,https://www.scopus.com/inward/record.uri?partnerID=HzOxMe3b&scp=85065103403&origin=inward,https://www.scopus.com/inward/citedby.uri?partnerID=HzOxMe3b&scp=85065103403&origin=inward,,2026-04-12 18:59:22,Article,10.3920/JIFF2018.0019,,https://api.elsevier.com/content/abstract/scopus_id/85065103403,5,2,,,,2.83,17.0,1,6,,,,85065103403,2-s2.0-85065103403
8,Voosen P.,NASA to fly drone on Titan,2019,Science,,https://www.scopus.com/inward/record.uri?partnerID=HzOxMe3b&scp=85068757603&origin=inward,https://www.scopus.com/inward/citedby.uri?partnerID=HzOxMe3b&scp=85068757603&origin=inward,,2026-04-12 18:59:22,Note,10.1126/science.365.6448.15-a,00368075,https://api.elsevier.com/content/abstract/scopus_id/85068757603,364,6448,,,,1.33,8.0,1,6,,,,85068757603,2-s2.0-85068757603
19,Iannella M.,Entomological knowledge in Madagascar by GBIF datasets: Estimates on the coverage and possible biases (Insecta),2019,Fragmenta Entomologica,,https://www.scopus.com/inward/record.uri?partnerID=HzOxMe3b&scp=85067353495&origin=inward,https://www.scopus.com/inward/citedby.uri?partnerID=HzOxMe3b&scp=85067353495&origin=inward,,2026-04-12 18:59:22,Article,10.4081/fe.2019.329,0429288X,https://api.elsevier.com/content/abstract/scopus_id/85067353495,51,1,,,,3.17,19.0,1,6,,,,85067353495,2-s2.0-85067353495
3,Thomson V.S.,Type 3 coronary perforation on optical coherence imaging,2019,Journal of Invasive Cardiology,,https://www.scopus.com/inward/record.uri?partnerID=HzOxMe3b&scp=85074346326&origin=inward,https://www.scopus.com/inward/citedby.uri?partnerID=HzOxMe3b&scp=85074346326&origin=inward,,2026-04-12 18:59:22,Short Survey,,10423931,https://api.elsevier.com/content/abstract/scopus_id/85074346326,31,11,,,,0.5,3.0,1,6,,,,85074346326,2-s2.0-85074346326
0,Sivtseva L.V.,"First record of Somatochlora alpestris (Selys, 1840) (Odonata, Corduliidae) in Yakutia, Russia",2019,Euroasian Entomological Journal,,https://www.scopus.com/inward/record.uri?partnerID=HzOxMe3b&scp=85151160010&origin=inward,https://www.scopus.com/inward/citedby.uri?partnerID=HzOxMe3b&scp=85151160010&origin=inward,,2026-04-12 18:59:22,Article,10.15298/euroasentj.18.3.04,16844866,https://api.elsevier.com/content/abstract/scopus_id/85151160010,18,3,,,,0.0,0.0,1,6,,,,85151160010,2-s2.0-85151160010
4,Guerra M.F.,"Magnetic fields, cancer and circadian rhythms: Hypotheses on the relevance of intermittence and cycling",2019,Proceedings of the Royal Society B Biological Sciences,,https://www.scopus.com/inward/record.uri?partnerID=HzOxMe3b&scp=85076115493&origin=inward,https://www.scopus.com/inward/citedby.uri?partnerID=HzOxMe3b&scp=85076115493&origin=inward,,2026-04-12 18:59:22,Review,10.1098/rspb.2019.2337,09628452,https://api.elsevier.com/content/abstract/scopus_id/85076115493,286,1916,,,,0.67,4.0,1,6,,,,85076115493,2-s2.0-85076115493
3,Veeramanickam M.R.M.,Analysis of smart E-learning application based on various design aspects in IoT and ANN Model,2019,2019 Phd Colloquium on Ethically Driven Innovation and Technology for Society Phd Edits 2019,,https://www.scopus.com/inward/record.uri?partnerID=HzOxMe3b&scp=85081054900&origin=inward,https://www.scopus.com/inward/citedby.uri?partnerID=HzOxMe3b&scp=85081054900&origin=inward,,2026-04-12 18:59:22,Conference Paper,10.1109/PhDEDITS47523.2019.8986903,,https://api.elsevier.com/content/abstract/scopus_id/85081054900,,,,,,0.5,3.0,1,6,,,,85081054900,2-s2.0-85081054900
0,Phan Q.T.,"First record of Indolestes cyaneus (Selys, 1862) from Vietnam and notes on its color variation (Odonata: Zygoptera: Lestidae)",2019,Zootaxa,,https://www.scopus.com/inward/record.uri?partnerID=HzOxMe3b&scp=85063498234&origin=inward,https://www.scopus.com/inward/citedby.uri?partnerID=HzOxMe3b&scp=85063498234&origin=inward,,2026-04-12 18:59:22,Article,10.11646/zootaxa.4571.3.8,11755326,https://api.elsevier.com/content/abstract/scopus_id/85063498234,4571,3,,,,0.0,0.0,1,6,,,,85063498234,2-s2.0-85063498234
4,Babu R.,"A new species of gomphidiaselys,1854(Insecta:Odonata:Anisoptera:Gomphidae) from the Western Ghats of India",2019,Zootaxa,,https://www.scopus.com/inward/record.uri?partnerID=HzOxMe3b&scp=85070353724&origin=inward,https://www.scopus.com/inward/citedby.uri?partnerID=HzOxMe3b&scp=85070353724&origin=inward,,2026-04-12 18:59:22,Article,10.11646/zootaxa.4652.1.9,11755326,https://api.elsevier.com/content/abstract/scopus_id/85070353724,4652,1,,,,0.67,4.0,1,6,,,,85070353724,2-s2.0-85070353724
1,Cuéllar-Cardozo J.A.,"Study, curation and new records of odonates present in the collection of the Museum of La Salle",2019,Revista De La Academia Colombiana De Ciencias Exactas Fisicas Y Naturales,,https://www.scopus.com/inward/record.uri?partnerID=HzOxMe3b&scp=85095933152&origin=inward,https://www.scopus.com/inward/citedby.uri?partnerID=HzOxMe3b&scp=85095933152&origin=inward,,2026-04-12 18:59:22,Article,10.18257/raccefyn.888,03703908,https://api.elsevier.com/content/abstract/scopus_id/85095933152,43,168,,,,0.17,1.0,1,6,,,,85095933152,2-s2.0-85095933152
5,Kosterin O.E.,"Amendments and updates to F.C. Fraser's key to Indian Lestes spp. (Odonata: Lestidae) to resolve confusion of L. patricia Fraser, 1924 and L. nigriceps Fraser, 1924, with notes on L. nodalis Selys 1891 and L. garoensis Lahiri, 1987",2019,Zootaxa,,https://www.scopus.com/inward/record.uri?partnerID=HzOxMe3b&scp=85072308905&origin=inward,https://www.scopus.com/inward/citedby.uri?partnerID=HzOxMe3b&scp=85072308905&origin=inward,,2026-04-12 18:59:22,Letter,10.11646/zootaxa.4671.2.12,11755326,https://api.elsevier.com/content/abstract/scopus_id/85072308905,4671,2,,,,0.83,5.0,1,6,,,,85072308905,2-s2.0-85072308905
3,Kompier T.,A new species of heliogomphus from vietnam (Odonata: Gomphidae),2019,Zootaxa,,https://www.scopus.com/inward/record.uri?partnerID=HzOxMe3b&scp=85061522501&origin=inward,https://www.scopus.com/inward/citedby.uri?partnerID=HzOxMe3b&scp=85061522501&origin=inward,,2026-04-12 18:59:22,Article,10.11646/zootaxa.4555.1.9,11755326,https://api.elsevier.com/content/abstract/scopus_id/85061522501,4555,1,,,,0.5,3.0,1,6,,,,85061522501,2-s2.0-85061522501
2,Dow R.A.,"Amphicnemis rigiketit sp. Nov. From Sarawak, with notes on Amphicnemis remiger Laidlaw, 1912 (Odonata: Zygoptera: Coenagrionidae)",2019,Zootaxa,,https://www.scopus.com/inward/record.uri?partnerID=HzOxMe3b&scp=85075709523&origin=inward,https://www.scopus.com/inward/citedby.uri?partnerID=HzOxMe3b&scp=85075709523&origin=inward,,2026-04-12 18:59:22,Article,10.11646/zootaxa.4701.4.3,11755326,https://api.elsevier.com/content/abstract/scopus_id/85075709523,4701,4,,,,0.33,2.0,1,6,,,,85075709523,2-s2.0-85075709523
6,Lin B.,Experiment and simulation of selective cracking of coal samples by plasma,2019,Meitan Xuebao Journal of the China Coal Society,,https://www.scopus.com/inward/record.uri?partnerID=HzOxMe3b&scp=85079527209&origin=inward,https://www.scopus.com/inward/citedby.uri?partnerID=HzOxMe3b&scp=85079527209&origin=inward,,2026-04-12 18:59:22,Article,10.13225/j.cnki.jccs.2019.0109,02539993,https://api.elsevier.com/content/abstract/scopus_id/85079527209,44,11,,,,1.0,6.0,1,6,,,,85079527209,2-s2.0-85079527209
0,Álvarez X.P.,"First record of Gomphus graslinii Rambur, 1842 (Odonata, Gomphidae) and confirmation of its reproduction in Ciudad Real province (south-central Spain)",2019,Boletin De La Asociacion Espanola De Entomologia,,https://www.scopus.com/inward/record.uri?partnerID=HzOxMe3b&scp=85149404625&origin=inward,https://www.scopus.com/inward/citedby.uri?partnerID=HzOxMe3b&scp=85149404625&origin=inward,,2026-04-12 18:59:22,Note,,02108984,https://api.elsevier.com/content/abstract/scopus_id/85149404625,43,1-2,,,,0.0,0.0,1,6,,,,85149404625,2-s2.0-85149404625
7,Wu X.,"Description of larva of Euphaea superba Kimmins, 1936 (Odonata: Zygoptera: Euphaeidae) from China",2019,Zootaxa,,https://www.scopus.com/inward/record.uri?partnerID=HzOxMe3b&scp=85060273474&origin=inward,https://www.scopus.com/inward/citedby.uri?partnerID=HzOxMe3b&scp=85060273474&origin=inward,,2026-04-12 18:59:22,Article,10.11646/zootaxa.4545.4.9,11755326,https://api.elsevier.com/content/abstract/scopus_id/85060273474,4545,4,,,,1.17,7.0,1,6,,,,85060273474,2-s2.0-85060273474
10,Schubnel T.,New Paleogene mantises from the Oise amber and their evolutionary importance,2019,Acta Palaeontologica Polonica,,https://www.scopus.com/inward/record.uri?partnerID=HzOxMe3b&scp=85077542190&origin=inward,https://www.scopus.com/inward/citedby.uri?partnerID=HzOxMe3b&scp=85077542190&origin=inward,,2026-04-12 18:59:22,Article,10.4202/app.00628.2019,05677920,https://api.elsevier.com/content/abstract/scopus_id/85077542190,,,,,,1.67,10.0,1,6,,,,85077542190,2-s2.0-85077542190
1,Dow R.,"A new species of podolestes selys, 1862 from peat swamp forest in sarawak (odonata: Zygoptera: Argiolestidae)",2019,Zootaxa,,https://www.scopus.com/inward/record.uri?partnerID=HzOxMe3b&scp=85064443856&origin=inward,https://www.scopus.com/inward/citedby.uri?partnerID=HzOxMe3b&scp=85064443856&origin=inward,,2026-04-12 18:59:22,Article,10.11646/zootaxa.4586.3.7,11755326,https://api.elsevier.com/content/abstract/scopus_id/85064443856,4586,3,,,,0.17,1.0,1,6,,,,85064443856,2-s2.0-85064443856
0,Novelo-Gutiérrez R.,"The larva of Phyllogomphoides pugnifer Donnelly, 1979 (Odonata: Gomphidae)",2019,Zootaxa,,https://www.scopus.com/inward/record.uri?partnerID=HzOxMe3b&scp=85074062622&origin=inward,https://www.scopus.com/inward/citedby.uri?partnerID=HzOxMe3b&scp=85074062622&origin=inward,,2026-04-12 18:59:22,Article,10.11646/zootaxa.4688.4.9,11755326,https://api.elsevier.com/content/abstract/scopus_id/85074062622,4688,4,,,,0.0,0.0,1,6,,,,85074062622,2-s2.0-85074062622
0,Mukherjee P.,"Arithmetical assessment of the biodiversity of road side insects of Jabalpur city, Madhya Pradesh",2019,Journal of Entomological Research,,https://www.scopus.com/inward/record.uri?partnerID=HzOxMe3b&scp=85110609511&origin=inward,https://www.scopus.com/inward/citedby.uri?partnerID=HzOxMe3b&scp=85110609511&origin=inward,,2026-04-12 18:59:22,Article,10.5958/0974-4576.2019.00043.4,03789519,https://api.elsevier.com/content/abstract/scopus_id/85110609511,43,2,,,,0.0,0.0,1,6,,,,85110609511,2-s2.0-85110609511
97,Lee T.,The effectiveness of excimer laser angioplasty to treat coronary in-stent restenosis with peri-stent calcium as assessed by optical coherence tomography,2019,Eurointervention,,https://www.scopus.com/inward/record.uri?partnerID=HzOxMe3b&scp=85055962372&origin=inward,https://www.scopus.com/inward/citedby.uri?partnerID=HzOxMe3b&scp=85055962372&origin=inward,,2026-04-12 18:59:22,Article,10.4244/EIJ-D-18-00139,1774024X,https://api.elsevier.com/content/abstract/scopus_id/85055962372,15,3,,,,16.17,97.0,1,6,,,,85055962372,2-s2.0-85055962372
1,Haber W.A.,Gynacantha vargasi (Odonata: Anisoptera: Aeshnidae) sp. Nov. From Costa Rica,2019,Zootaxa,,https://www.scopus.com/inward/record.uri?partnerID=HzOxMe3b&scp=85066270195&origin=inward,https://www.scopus.com/inward/citedby.uri?partnerID=HzOxMe3b&scp=85066270195&origin=inward,,2026-04-12 18:59:22,Article,10.11646/zootaxa.4612.1.3,11755326,https://api.elsevier.com/content/abstract/scopus_id/85066270195,4612,1,,,,0.17,1.0,1,6,,,,85066270195,2-s2.0-85066270195
0,Vassilenko D.V.,"Mongolothemis gobicus Pritykina et Vassilenko, 2014 Is an Objective Synonym of Paragonophlebia patriciae Nel, 2009 (Insecta: Odonata)",2019,Paleontological Journal,,https://www.scopus.com/inward/record.uri?partnerID=HzOxMe3b&scp=85067595742&origin=inward,https://www.scopus.com/inward/citedby.uri?partnerID=HzOxMe3b&scp=85067595742&origin=inward,,2026-04-12 18:59:22,Article,10.1134/S003103011903016X,00310301,https://api.elsevier.com/content/abstract/scopus_id/85067595742,53,3,,,,0.0,0.0,1,6,,,,85067595742,2-s2.0-85067595742
5,Maldonado M.A.,Antagonistic effects of a native apple snail on other snails and macroinvertebrates in Southern Pampas waterbodies: A mesocosm approach,2019,Limnologica,,https://www.scopus.com/inward/record.uri?partnerID=HzOxMe3b&scp=85073702881&origin=inward,https://www.scopus.com/inward/citedby.uri?partnerID=HzOxMe3b&scp=85073702881&origin=inward,,2026-04-12 18:59:22,Article,10.1016/j.limno.2019.125694,00759511,https://api.elsevier.com/content/abstract/scopus_id/85073702881,78,,,,,0.83,5.0,1,6,,,,85073702881,2-s2.0-85073702881
19,Tang H.,Numerical investigation of the aerodynamic characteristics and attitude stability of a bio-inspired corrugated airfoil for MAV or UAV applications,2019,Energies,,https://www.scopus.com/inward/record.uri?partnerID=HzOxMe3b&scp=85074904162&origin=inward,https://www.scopus.com/inward/citedby.uri?partnerID=HzOxMe3b&scp=85074904162&origin=inward,,2026-04-12 18:59:22,Article,10.3390/en12204021,,https://api.elsevier.com/content/abstract/scopus_id/85074904162,12,20,,,,3.17,19.0,1,6,,,,85074904162,2-s2.0-85074904162
8,Rangnekar P.,"A new species of Cyclogomphus Selys, 1854 (Insecta: Odonata: Gomphidae) from the Western Ghats, India with comments on the status of Cyclogomphus vesiculosus Selys, 1873",2019,Zootaxa,,https://www.scopus.com/inward/record.uri?partnerID=HzOxMe3b&scp=85071150243&origin=inward,https://www.scopus.com/inward/citedby.uri?partnerID=HzOxMe3b&scp=85071150243&origin=inward,,2026-04-12 18:59:22,Article,10.11646/zootaxa.4656.3.8,11755326,https://api.elsevier.com/content/abstract/scopus_id/85071150243,4656,3,,,,1.33,8.0,1,6,,,,85071150243,2-s2.0-85071150243
0,Torres-Pachón M.,"A synopsis of Phyllogomphoides Belle, 1970 (Odonata: Gomphidae) of Mexico: Taxonomy and distribution",2019,Zootaxa,,https://www.scopus.com/inward/record.uri?partnerID=HzOxMe3b&scp=85068899113&origin=inward,https://www.scopus.com/inward/citedby.uri?partnerID=HzOxMe3b&scp=85068899113&origin=inward,,2026-04-12 18:59:22,Article,10.11646/zootaxa.4634.1.1,11755326,https://api.elsevier.com/content/abstract/scopus_id/85068899113,4634,1,,,,0.0,0.0,1,6,,,,85068899113,2-s2.0-85068899113
0,Pambudi P.A.,Weed Management in Dryland Paddy Farming for Environmental Conservation,2019,Iop Conference Series Earth and Environmental Science,,https://www.scopus.com/inward/record.uri?partnerID=HzOxMe3b&scp=85062573578&origin=inward,https://www.scopus.com/inward/citedby.uri?partnerID=HzOxMe3b&scp=85062573578&origin=inward,,2026-04-12 18:59:22,Conference Paper,10.1088/1755-1315/239/1/012013,17551307,https://api.elsevier.com/content/abstract/scopus_id/85062573578,239,1,,,,0.0,0.0,1,6,,,,85062573578,2-s2.0-85062573578
0,Sinaei M.,"Plankton and aquatic insect biodiversity in the Sarbaz River, Southeastern Iran",2019,Indian Journal of Geo Marine Sciences,,https://www.scopus.com/inward/record.uri?partnerID=HzOxMe3b&scp=85079536152&origin=inward,https://www.scopus.com/inward/citedby.uri?partnerID=HzOxMe3b&scp=85079536152&origin=inward,,2026-04-12 18:59:22,Article,,25826506,https://api.elsevier.com/content/abstract/scopus_id/85079536152,48,12,,,,0.0,0.0,1,6,,,,85079536152,2-s2.0-85079536152
1,Fleck G.,"The larva of the genus Misagria Kirby, 1889 (Odonata: Libellulidae)",2019,Zootaxa,,https://www.scopus.com/inward/record.uri?partnerID=HzOxMe3b&scp=85076245202&origin=inward,https://www.scopus.com/inward/citedby.uri?partnerID=HzOxMe3b&scp=85076245202&origin=inward,,2026-04-12 18:59:22,Article,10.11646/zootaxa.4706.3.6,11755326,https://api.elsevier.com/content/abstract/scopus_id/85076245202,4706,3,,,,0.17,1.0,1,6,,,,85076245202,2-s2.0-85076245202
8,Vilela D.S.,"A further study on Franciscobasis Machado & Bedê, 2016 (Odonata: Coenagrionidae), a newly described genus from Minas Gerais, Brazil",2019,Plos One,,https://www.scopus.com/inward/record.uri?partnerID=HzOxMe3b&scp=85073055551&origin=inward,https://www.scopus.com/inward/citedby.uri?partnerID=HzOxMe3b&scp=85073055551&origin=inward,,2026-04-12 18:59:22,Review,10.1371/journal.pone.0223241,,https://api.elsevier.com/content/abstract/scopus_id/85073055551,14,10,,,,1.33,8.0,1,6,,,,85073055551,2-s2.0-85073055551
9,Supriyad,The effect of Crotalaria juncea plant in coffee ecosystem to the diversity and abundance of predators and parasitoids insects,2019,Iop Conference Series Earth and Environmental Science,,https://www.scopus.com/inward/record.uri?partnerID=HzOxMe3b&scp=85064879922&origin=inward,https://www.scopus.com/inward/citedby.uri?partnerID=HzOxMe3b&scp=85064879922&origin=inward,,2026-04-12 18:59:22,Conference Paper,10.1088/1755-1315/250/1/012018,17551307,https://api.elsevier.com/content/abstract/scopus_id/85064879922,250,1,,,,1.5,9.0,1,6,,,,85064879922,2-s2.0-85064879922
2,Ohba S.y.,"Factors affecting a fauna of aquatic insects in swimming pools of schools in the southern part of Nagasaki, Japan",2019,Japanese Journal of Applied Entomology and Zoology,,https://www.scopus.com/inward/record.uri?partnerID=HzOxMe3b&scp=85077618216&origin=inward,https://www.scopus.com/inward/citedby.uri?partnerID=HzOxMe3b&scp=85077618216&origin=inward,,2026-04-12 18:59:22,Article,10.1303/jjaez.2019.163,00214914,https://api.elsevier.com/content/abstract/scopus_id/85077618216,63,4,,,,0.33,2.0,1,6,,,,85077618216,2-s2.0-85077618216
2,Nakamura T.,Delayed onset of neointimal dissection within a drug-eluting stent deployed in the left main coronary artery,2019,Coronary Artery Disease,,https://www.scopus.com/inward/record.uri?partnerID=HzOxMe3b&scp=85064721964&origin=inward,https://www.scopus.com/inward/citedby.uri?partnerID=HzOxMe3b&scp=85064721964&origin=inward,,2026-04-12 18:59:22,Note,10.1097/MCA.0000000000000706,09546928,https://api.elsevier.com/content/abstract/scopus_id/85064721964,30,3,,,,0.33,2.0,1,6,,,,85064721964,2-s2.0-85064721964
16,Alvial I.E.,Isolation on a remote island: genetic and morphological differentiation of a cosmopolitan odonate,2019,Heredity,,https://www.scopus.com/inward/record.uri?partnerID=HzOxMe3b&scp=85058468923&origin=inward,https://www.scopus.com/inward/citedby.uri?partnerID=HzOxMe3b&scp=85058468923&origin=inward,,2026-04-12 18:59:22,Article,10.1038/s41437-018-0165-z,0018067X,https://api.elsevier.com/content/abstract/scopus_id/85058468923,122,6,,,,2.67,16.0,1,6,,,,85058468923,2-s2.0-85058468923
25,Alemneh T.,A macroinvertebrate multi-metric index for Ethiopian highland streams,2019,Hydrobiologia,,https://www.scopus.com/inward/record.uri?partnerID=HzOxMe3b&scp=85071188838&origin=inward,https://www.scopus.com/inward/citedby.uri?partnerID=HzOxMe3b&scp=85071188838&origin=inward,,2026-04-12 18:59:22,Article,10.1007/s10750-019-04042-x,00188158,https://api.elsevier.com/content/abstract/scopus_id/85071188838,843,1,,,,4.17,25.0,1,6,,,,85071188838,2-s2.0-85071188838
18,Morino Y.,Early vascular responses to everolimus-eluting cobalt–chromium stent in the culprit lesions of st-elevation myocardial infarction: results from a multicenter prospective optical coherence tomography study (MECHANISM-AMI 2-week follow-up study),2019,Cardiovascular Intervention and Therapeutics,,https://www.scopus.com/inward/record.uri?partnerID=HzOxMe3b&scp=85047517005&origin=inward,https://www.scopus.com/inward/citedby.uri?partnerID=HzOxMe3b&scp=85047517005&origin=inward,,2026-04-12 18:59:22,Article,10.1007/s12928-017-0507-4,18684300,https://api.elsevier.com/content/abstract/scopus_id/85047517005,34,1,,,,3.0,18.0,1,6,,,,85047517005,2-s2.0-85047517005
3,Kosterin O.,"New synonyms and a new subspecies of Macrogomphus Selys, 1858 (Odonata: Gomphidae) from continental south-east Asia",2019,Zootaxa,,https://www.scopus.com/inward/record.uri?partnerID=HzOxMe3b&scp=85067382062&origin=inward,https://www.scopus.com/inward/citedby.uri?partnerID=HzOxMe3b&scp=85067382062&origin=inward,,2026-04-12 18:59:22,Article,10.11646/zootaxa.4615.1.3,11755326,https://api.elsevier.com/content/abstract/scopus_id/85067382062,4615,1,,,,0.5,3.0,1,6,,,,85067382062,2-s2.0-85067382062
9,Carneiro F.M.,Low cross-taxon congruence among aquatic organisms in artificial tropical ponds: Implications for biomonitoring,2019,Annales De Limnologie,,https://www.scopus.com/inward/record.uri?partnerID=HzOxMe3b&scp=85075808133&origin=inward,https://www.scopus.com/inward/citedby.uri?partnerID=HzOxMe3b&scp=85075808133&origin=inward,,2026-04-12 18:59:22,Article,10.1051/limn/2019022,00034088,https://api.elsevier.com/content/abstract/scopus_id/85075808133,55,,,,,1.5,9.0,1,6,,,,85075808133,2-s2.0-85075808133
5,Shih C.,"Camouflage, mimicry or eyespot warning",2019,Rhythms of Insect Evolution Evidence from the Jurassic and Cretaceous in Northern China,,https://www.scopus.com/inward/record.uri?partnerID=HzOxMe3b&scp=85098934758&origin=inward,https://www.scopus.com/inward/citedby.uri?partnerID=HzOxMe3b&scp=85098934758&origin=inward,,2026-04-12 18:59:22,Book Chapter,10.1002/9781119427957.ch29,,https://api.elsevier.com/content/abstract/scopus_id/85098934758,,,,,,0.83,5.0,1,6,,,,85098934758,2-s2.0-85098934758
2,Kosterin O.E.,"Description of a female and variation of Microgomphus alani Kosterin, 2016 (Odonata: Gomphidae) in Cambodia, with a note on sexual dimorphism in Microgomphus spp.",2019,Zootaxa,,https://www.scopus.com/inward/record.uri?partnerID=HzOxMe3b&scp=85075752193&origin=inward,https://www.scopus.com/inward/citedby.uri?partnerID=HzOxMe3b&scp=85075752193&origin=inward,,2026-04-12 18:59:22,Article,10.11646/zootaxa.4701.3.4,11755326,https://api.elsevier.com/content/abstract/scopus_id/85075752193,4701,3,,,,0.33,2.0,1,6,,,,85075752193,2-s2.0-85075752193
2,Lim D.,"Fish fauna and the population of a Korean endangered freshwater fish, brachymystax lenok tsinlingensis, in Korea: Bonghwa habitat",2019,Environmental Engineering Research,,https://www.scopus.com/inward/record.uri?partnerID=HzOxMe3b&scp=85081047117&origin=inward,https://www.scopus.com/inward/citedby.uri?partnerID=HzOxMe3b&scp=85081047117&origin=inward,,2026-04-12 18:59:22,Article,10.4491/eer.2018.353,12261025,https://api.elsevier.com/content/abstract/scopus_id/85081047117,24,4,,,,0.33,2.0,1,6,,,,85081047117,2-s2.0-85081047117
8,Godwin C.M.,"Tree swallow (Tachycineta bicolor) nest success and nestling growth near oil sands mining operations in northeastern Alberta, Canada",2019,Canadian Journal of Zoology,,https://www.scopus.com/inward/record.uri?partnerID=HzOxMe3b&scp=85066505667&origin=inward,https://www.scopus.com/inward/citedby.uri?partnerID=HzOxMe3b&scp=85066505667&origin=inward,,2026-04-12 18:59:22,Article,10.1139/cjz-2018-0247,00084301,https://api.elsevier.com/content/abstract/scopus_id/85066505667,97,6,,,,1.33,8.0,1,6,,,,85066505667,2-s2.0-85066505667
5,Nurul Huda A.,Functional feeding group (FFG) of aquatic macroinvertebrate in middle reach of Kerian River basin of north Malaysia Peninsula,2019,Tropical Life Sciences Research,,https://www.scopus.com/inward/record.uri?partnerID=HzOxMe3b&scp=85070724436&origin=inward,https://www.scopus.com/inward/citedby.uri?partnerID=HzOxMe3b&scp=85070724436&origin=inward,,2026-04-12 18:59:22,Article,10.21315/tlsr2019.30.2.1,19853718,https://api.elsevier.com/content/abstract/scopus_id/85070724436,30,2,,,,0.83,5.0,1,6,,,,85070724436,2-s2.0-85070724436
3,Takhteev V.V.,Structure of Hydrobiocenoses in Mineral and Thermal Springs of the Lake Baikal Region: A Review,2019,Contemporary Problems of Ecology,,https://www.scopus.com/inward/record.uri?partnerID=HzOxMe3b&scp=85064897477&origin=inward,https://www.scopus.com/inward/citedby.uri?partnerID=HzOxMe3b&scp=85064897477&origin=inward,,2026-04-12 18:59:22,Review,10.1134/S1995425519020082,19954255,https://api.elsevier.com/content/abstract/scopus_id/85064897477,12,2,,,,0.5,3.0,1,6,,,,85064897477,2-s2.0-85064897477
5,Bartošová M.,Macroinvertebrate assemblages of the post-mining calcareous stream habitats: Are they similar to those inhabiting the natural calcareous springs?,2019,Ecological Engineering,,https://www.scopus.com/inward/record.uri?partnerID=HzOxMe3b&scp=85067271675&origin=inward,https://www.scopus.com/inward/citedby.uri?partnerID=HzOxMe3b&scp=85067271675&origin=inward,,2026-04-12 18:59:22,Article,10.1016/j.ecoleng.2019.05.023,09258574,https://api.elsevier.com/content/abstract/scopus_id/85067271675,136,,,,,0.83,5.0,1,6,,,,85067271675,2-s2.0-85067271675
4,Kemalok J.,"Biodiversity across boundary: Ethnoentomology among the Jakun of Kampung Peta, Mersing and the Malay, Chinese and Indian of Kahang, Kluang, Johor",2019,Iop Conference Series Earth and Environmental Science,,https://www.scopus.com/inward/record.uri?partnerID=HzOxMe3b&scp=85071845209&origin=inward,https://www.scopus.com/inward/citedby.uri?partnerID=HzOxMe3b&scp=85071845209&origin=inward,,2026-04-12 18:59:22,Conference Paper,10.1088/1755-1315/269/1/012024,17551307,https://api.elsevier.com/content/abstract/scopus_id/85071845209,269,1,,,,0.67,4.0,1,6,,,,85071845209,2-s2.0-85071845209
12,Sareein N.,Relationships between predatory aquatic insects and mosquito larvae in residential areas in northern Thailand,2019,Journal of Vector Ecology,,https://www.scopus.com/inward/record.uri?partnerID=HzOxMe3b&scp=85075046394&origin=inward,https://www.scopus.com/inward/citedby.uri?partnerID=HzOxMe3b&scp=85075046394&origin=inward,,2026-04-12 18:59:22,Article,10.1111/jvec.12353,10811710,https://api.elsevier.com/content/abstract/scopus_id/85075046394,44,2,,,,2.0,12.0,1,6,,,,85075046394,2-s2.0-85075046394
7,Rana J.S.,"Checklist of Benthic Macroinvertebrate Taxa Along Different Riparian Land Use Types in Alaknanda River Catchment of the Central Himalaya, Uttarakhand (India)",2019,Proceedings of the Zoological Society,,https://www.scopus.com/inward/record.uri?partnerID=HzOxMe3b&scp=85084749011&origin=inward,https://www.scopus.com/inward/citedby.uri?partnerID=HzOxMe3b&scp=85084749011&origin=inward,,2026-04-12 18:59:22,Article,10.1007/s12595-017-0241-z,03735893,https://api.elsevier.com/content/abstract/scopus_id/85084749011,72,2,,,,1.17,7.0,1,6,,,,85084749011,2-s2.0-85084749011
32,Pastorino P.,Detection of trace elements in freshwater macrobenthic invertebrates of different functional feeding guilds: A case study in Northeast Italy,2019,Ecohydrology and Hydrobiology,,https://www.scopus.com/inward/record.uri?partnerID=HzOxMe3b&scp=85065802959&origin=inward,https://www.scopus.com/inward/citedby.uri?partnerID=HzOxMe3b&scp=85065802959&origin=inward,,2026-04-12 18:59:22,Article,10.1016/j.ecohyd.2019.04.006,16423593,https://api.elsevier.com/content/abstract/scopus_id/85065802959,19,3,,,,5.33,32.0,1,6,,,,85065802959,2-s2.0-85065802959
0,Calvão L.B.,"Effect of time and solar luminosity on the abundance of Argia tinctipennis Selys, 1865 (Zygoptera: Coenagrionidae)",2019,Entomotropica,,https://www.scopus.com/inward/record.uri?partnerID=HzOxMe3b&scp=105022001946&origin=inward,https://www.scopus.com/inward/citedby.uri?partnerID=HzOxMe3b&scp=105022001946&origin=inward,,2026-04-12 18:59:22,Review,,13175262,https://api.elsevier.com/content/abstract/scopus_id/105022001946,34,,,,,0.0,0.0,1,6,,,,105022001946,2-s2.0-105022001946
5,Saç G.,"Bio-ecological traits of Western tubenose goby Proterorhinus semilunaris (Heckel, 1837): A key to understand its invasion success",2019,Water Switzerland,,https://www.scopus.com/inward/record.uri?partnerID=HzOxMe3b&scp=85068873472&origin=inward,https://www.scopus.com/inward/citedby.uri?partnerID=HzOxMe3b&scp=85068873472&origin=inward,,2026-04-12 18:59:22,Article,10.3390/w11061247,,https://api.elsevier.com/content/abstract/scopus_id/85068873472,11,6,,,,0.83,5.0,1,6,,,,85068873472,2-s2.0-85068873472
26,Agboola O.A.,"Macroinvertebrates as indicators of ecological conditions in the rivers of KwaZulu-Natal, South Africa",2019,Ecological Indicators,,https://www.scopus.com/inward/record.uri?partnerID=HzOxMe3b&scp=85067853194&origin=inward,https://www.scopus.com/inward/citedby.uri?partnerID=HzOxMe3b&scp=85067853194&origin=inward,,2026-04-12 18:59:22,Article,10.1016/j.ecolind.2019.105465,1470160X,https://api.elsevier.com/content/abstract/scopus_id/85067853194,106,,,,,4.33,26.0,1,6,,,,85067853194,2-s2.0-85067853194
3,Zhang X.L.,Diet of two passerine birds during breeding season in reed wetland of hangzhou bay,2019,Chinese Journal of Ecology,,https://www.scopus.com/inward/record.uri?partnerID=HzOxMe3b&scp=85070510048&origin=inward,https://www.scopus.com/inward/citedby.uri?partnerID=HzOxMe3b&scp=85070510048&origin=inward,,2026-04-12 18:59:22,Article,10.13292/j.1000-4890.201906.024,10004890,https://api.elsevier.com/content/abstract/scopus_id/85070510048,38,6,,,,0.5,3.0,1,6,,,,85070510048,2-s2.0-85070510048
26,Wang S.,"Fish feeding groups, food selectivity, and diet shifts associated with environmental factors and prey availability along a large subtropical river, China",2019,Aquatic Sciences,,https://www.scopus.com/inward/record.uri?partnerID=HzOxMe3b&scp=85061787536&origin=inward,https://www.scopus.com/inward/citedby.uri?partnerID=HzOxMe3b&scp=85061787536&origin=inward,,2026-04-12 18:59:22,Article,10.1007/s00027-019-0628-1,10151621,https://api.elsevier.com/content/abstract/scopus_id/85061787536,81,2,,,,4.33,26.0,1,6,,,,85061787536,2-s2.0-85061787536
16,Olinic D.M.,"Real-life benefit of OCT imaging for optimizing PCI indications, strategy, and results",2019,Journal of Clinical Medicine,,https://www.scopus.com/inward/record.uri?partnerID=HzOxMe3b&scp=85080978459&origin=inward,https://www.scopus.com/inward/citedby.uri?partnerID=HzOxMe3b&scp=85080978459&origin=inward,,2026-04-12 18:59:22,Article,10.3390/jcm8040437,,https://api.elsevier.com/content/abstract/scopus_id/85080978459,8,4,,,,2.67,16.0,1,6,,,,85080978459,2-s2.0-85080978459
1,Walia G.K.,"Cytogenetic report on Gynacantha Subinterrupta Rambur, 1842 of family aeshnidae (Odonata: Anisoptera) from Himachal Pradesh, India",2019,Journal of Advanced Zoology,,https://www.scopus.com/inward/record.uri?partnerID=HzOxMe3b&scp=85105176276&origin=inward,https://www.scopus.com/inward/citedby.uri?partnerID=HzOxMe3b&scp=85105176276&origin=inward,,2026-04-12 18:59:22,Article,,02537214,https://api.elsevier.com/content/abstract/scopus_id/85105176276,40,2,,,,0.17,1.0,1,6,,,,85105176276,2-s2.0-85105176276
25,Slimani N.,Assessing potential surrogates of macroinvertebrate diversity in North-African Mediterranean aquatic ecosystems,2019,Ecological Indicators,,https://www.scopus.com/inward/record.uri?partnerID=HzOxMe3b&scp=85060093778&origin=inward,https://www.scopus.com/inward/citedby.uri?partnerID=HzOxMe3b&scp=85060093778&origin=inward,,2026-04-12 18:59:22,Article,10.1016/j.ecolind.2019.01.017,1470160X,https://api.elsevier.com/content/abstract/scopus_id/85060093778,101,,,,,4.17,25.0,1,6,,,,85060093778,2-s2.0-85060093778
0,Kaur M.,Recharging ground water using age-old traditional mechanisms,2019,Indian Journal of Public Health Research and Development,,https://www.scopus.com/inward/record.uri?partnerID=HzOxMe3b&scp=85073775929&origin=inward,https://www.scopus.com/inward/citedby.uri?partnerID=HzOxMe3b&scp=85073775929&origin=inward,,2026-04-12 18:59:22,Article,10.5958/0976-5506.2019.01602.4,09760245,https://api.elsevier.com/content/abstract/scopus_id/85073775929,10,7,,,,0.0,0.0,1,6,,,,85073775929,2-s2.0-85073775929
7,Liu Y.,"Roost selection and ecology of Stoliczka's trident bat, Aselliscus stoliczkanus (Hipposideridae, Chiroptera) in China",2019,Mammalian Biology,,https://www.scopus.com/inward/record.uri?partnerID=HzOxMe3b&scp=85053153817&origin=inward,https://www.scopus.com/inward/citedby.uri?partnerID=HzOxMe3b&scp=85053153817&origin=inward,,2026-04-12 18:59:22,Article,10.1016/j.mambio.2018.09.002,16165047,https://api.elsevier.com/content/abstract/scopus_id/85053153817,95,,,,,1.17,7.0,1,6,,,,85053153817,2-s2.0-85053153817
20,Hashimoto K.,Effects of a herbicide on paddy predatory insects depend on their microhabitat use and an insecticide application,2019,Ecological Applications,,https://www.scopus.com/inward/record.uri?partnerID=HzOxMe3b&scp=85071786769&origin=inward,https://www.scopus.com/inward/citedby.uri?partnerID=HzOxMe3b&scp=85071786769&origin=inward,,2026-04-12 18:59:22,Article,10.1002/eap.1945,,https://api.elsevier.com/content/abstract/scopus_id/85071786769,29,6,,,,3.33,20.0,1,6,,,,85071786769,2-s2.0-85071786769
15,Odountan O.H.,"Spatio-temporal variation of environmental variables and aquatic macroinvertebrate assemblages in Lake Nokoué, a RAMSAR site of Benin",2019,African Journal of Aquatic Science,,https://www.scopus.com/inward/record.uri?partnerID=HzOxMe3b&scp=85074280494&origin=inward,https://www.scopus.com/inward/citedby.uri?partnerID=HzOxMe3b&scp=85074280494&origin=inward,,2026-04-12 18:59:22,Article,10.2989/16085914.2019.1629272,16085914,https://api.elsevier.com/content/abstract/scopus_id/85074280494,44,3,,,,2.5,15.0,1,6,,,,85074280494,2-s2.0-85074280494
31,do Amaral D.F.,"Sub-lethal effects induced by a mixture of different pharmaceutical drugs in predicted environmentally relevant concentrations on Lithobates catesbeianus (Shaw, 1802) (Anura, ranidae) tadpoles",2019,Environmental Science and Pollution Research,,https://www.scopus.com/inward/record.uri?partnerID=HzOxMe3b&scp=85056356112&origin=inward,https://www.scopus.com/inward/citedby.uri?partnerID=HzOxMe3b&scp=85056356112&origin=inward,,2026-04-12 18:59:22,Article,10.1007/s11356-018-3656-9,09441344,https://api.elsevier.com/content/abstract/scopus_id/85056356112,26,1,,,,5.17,31.0,1,6,,,,85056356112,2-s2.0-85056356112
7,Agembe S.,Shifts in the food of Nile perch (Lates niloticus) in Lake Victoria,2019,Lakes and Reservoirs Science Policy and Management for Sustainable Use,,https://www.scopus.com/inward/record.uri?partnerID=HzOxMe3b&scp=85057995588&origin=inward,https://www.scopus.com/inward/citedby.uri?partnerID=HzOxMe3b&scp=85057995588&origin=inward,,2026-04-12 18:59:22,Article,10.1111/lre.12251,13205331,https://api.elsevier.com/content/abstract/scopus_id/85057995588,24,1,,,,1.17,7.0,1,6,,,,85057995588,2-s2.0-85057995588
26,Cheng Q.,Optical interconnection networks for high-performance systems,2019,Optical Fiber Telecommunications VII,,https://www.scopus.com/inward/record.uri?partnerID=HzOxMe3b&scp=85081352121&origin=inward,https://www.scopus.com/inward/citedby.uri?partnerID=HzOxMe3b&scp=85081352121&origin=inward,,2026-04-12 18:59:22,Book Chapter,10.1016/B978-0-12-816502-7.00020-8,,https://api.elsevier.com/content/abstract/scopus_id/85081352121,,,,,,4.33,26.0,1,6,,,,85081352121,2-s2.0-85081352121
5,Mofu L.,"Diet of Glossogobius callidus (Teleostei: Gobiidae) in freshwater impoundments in the Sundays River Valley of the Eastern Cape, South Africa",2019,African Journal of Aquatic Science,,https://www.scopus.com/inward/record.uri?partnerID=HzOxMe3b&scp=85074792531&origin=inward,https://www.scopus.com/inward/citedby.uri?partnerID=HzOxMe3b&scp=85074792531&origin=inward,,2026-04-12 18:59:22,Note,10.2989/16085914.2019.1628701,16085914,https://api.elsevier.com/content/abstract/scopus_id/85074792531,44,4,,,,0.83,5.0,1,6,,,,85074792531,2-s2.0-85074792531
0,Arora K.,Scope of Artificial Intelligence for Interconnected Multi Area Power System: A Literature Review,2019,2019 2nd International Conference on Intelligent Computing Instrumentation and Control Technologies Icicict 2019,,https://www.scopus.com/inward/record.uri?partnerID=HzOxMe3b&scp=85080140370&origin=inward,https://www.scopus.com/inward/citedby.uri?partnerID=HzOxMe3b&scp=85080140370&origin=inward,,2026-04-12 18:59:22,Conference Paper,10.1109/ICICICT46008.2019.8993356,,https://api.elsevier.com/content/abstract/scopus_id/85080140370,,,,,,0.0,0.0,1,6,,,,85080140370,2-s2.0-85080140370
45,Poma G.,Occurrence of selected organic contaminants in edible insects and assessment of their chemical safety,2019,Environmental Health Perspectives,,https://www.scopus.com/inward/record.uri?partnerID=HzOxMe3b&scp=85077472176&origin=inward,https://www.scopus.com/inward/citedby.uri?partnerID=HzOxMe3b&scp=85077472176&origin=inward,,2026-04-12 18:59:22,Article,10.1289/EHP5782,00916765,https://api.elsevier.com/content/abstract/scopus_id/85077472176,127,12,,,,7.5,45.0,1,6,,,,85077472176,2-s2.0-85077472176
9,Chapman J.W.,Insect migration,2019,Encyclopedia of Animal Behavior,,https://www.scopus.com/inward/record.uri?partnerID=HzOxMe3b&scp=85068441992&origin=inward,https://www.scopus.com/inward/citedby.uri?partnerID=HzOxMe3b&scp=85068441992&origin=inward,,2026-04-12 18:59:22,Book Chapter,10.1016/B978-0-12-809633-8.01248-6,,https://api.elsevier.com/content/abstract/scopus_id/85068441992,,,,,,1.5,9.0,1,6,,,,85068441992,2-s2.0-85068441992
25,Rhainds M.,Ecology of female mating failure/lifelong virginity: a review of causal mechanisms in insects and arachnids,2019,Entomologia Experimentalis Et Applicata,,https://www.scopus.com/inward/record.uri?partnerID=HzOxMe3b&scp=85061028968&origin=inward,https://www.scopus.com/inward/citedby.uri?partnerID=HzOxMe3b&scp=85061028968&origin=inward,,2026-04-12 18:59:22,Review,10.1111/eea.12759,00138703,https://api.elsevier.com/content/abstract/scopus_id/85061028968,167,1,,,,4.17,25.0,1,6,,,,85061028968,2-s2.0-85061028968
4,Favret C.,The Ouellet-Robert Entomological Collection: New electronic resources and perspectives,2019,Canadian Entomologist,,https://www.scopus.com/inward/record.uri?partnerID=HzOxMe3b&scp=85067654599&origin=inward,https://www.scopus.com/inward/citedby.uri?partnerID=HzOxMe3b&scp=85067654599&origin=inward,,2026-04-12 18:59:22,Article,10.4039/tce.2019.34,0008347X,https://api.elsevier.com/content/abstract/scopus_id/85067654599,151,4,,,,0.67,4.0,1,6,,,,85067654599,2-s2.0-85067654599
8,Chan K.S.,"Diet profiling of house-farm swiftlets (Aves, Apodidae, Aerodramus sp.) in three landscapes in Perak, Malaysia, using high-throughput sequencing",2019,Tropical Ecology,,https://www.scopus.com/inward/record.uri?partnerID=HzOxMe3b&scp=85075378632&origin=inward,https://www.scopus.com/inward/citedby.uri?partnerID=HzOxMe3b&scp=85075378632&origin=inward,,2026-04-12 18:59:22,Article,10.1007/s42965-019-00040-1,05643295,https://api.elsevier.com/content/abstract/scopus_id/85075378632,60,3,,,,1.33,8.0,1,6,,,,85075378632,2-s2.0-85075378632
2,Chapman J.W.,Insect Migration,2019,Encyclopedia of Animal Behavior Second Edition Volume 1 5,,https://www.scopus.com/inward/record.uri?partnerID=HzOxMe3b&scp=85168889974&origin=inward,https://www.scopus.com/inward/citedby.uri?partnerID=HzOxMe3b&scp=85168889974&origin=inward,,2026-04-12 18:59:22,Book Chapter,10.1016/B978-0-12-809633-8.01248-6,,https://api.elsevier.com/content/abstract/scopus_id/85168889974,3,,,,,0.33,2.0,1,6,,,,85168889974,2-s2.0-85168889974
4,Lehr P.,Undemocratic Means: The rise of the surveillance state,2019,Advanced Sciences and Technologies for Security Applications,,https://www.scopus.com/inward/record.uri?partnerID=HzOxMe3b&scp=85075836806&origin=inward,https://www.scopus.com/inward/citedby.uri?partnerID=HzOxMe3b&scp=85075836806&origin=inward,,2026-04-12 18:59:22,Book Chapter,10.1007/978-3-319-90924-0_13,16135113,https://api.elsevier.com/content/abstract/scopus_id/85075836806,,,,,,0.67,4.0,1,6,,,,85075836806,2-s2.0-85075836806
16,Yamamoto M.H.,"Optical Coherence Tomography Assessment of Morphological Characteristics in Suspected Coronary Artery Disease, but Angiographically Nonobstructive Lesions",2019,Cardiovascular Revascularization Medicine,,https://www.scopus.com/inward/record.uri?partnerID=HzOxMe3b&scp=85050315692&origin=inward,https://www.scopus.com/inward/citedby.uri?partnerID=HzOxMe3b&scp=85050315692&origin=inward,,2026-04-12 18:59:22,Article,10.1016/j.carrev.2018.07.011,15538389,https://api.elsevier.com/content/abstract/scopus_id/85050315692,20,6,,,,2.67,16.0,1,6,,,,85050315692,2-s2.0-85050315692
2656,Sánchez-Bayo F.,Worldwide decline of the entomofauna: A review of its drivers,2019,Biological Conservation,,https://www.scopus.com/inward/record.uri?partnerID=HzOxMe3b&scp=85060696480&origin=inward,https://www.scopus.com/inward/citedby.uri?partnerID=HzOxMe3b&scp=85060696480&origin=inward,,2026-04-12 18:59:22,Review,10.1016/j.biocon.2019.01.020,00063207,https://api.elsevier.com/content/abstract/scopus_id/85060696480,232,,,,,442.67,2656.0,1,6,,,,85060696480,2-s2.0-85060696480
5,Chien W.,Appropriate management practices help enhance odonate species richness of small ponds in peri-urban landscapes,2019,Urban Ecosystems,,https://www.scopus.com/inward/record.uri?partnerID=HzOxMe3b&scp=85069450163&origin=inward,https://www.scopus.com/inward/citedby.uri?partnerID=HzOxMe3b&scp=85069450163&origin=inward,,2026-04-12 18:59:22,Article,10.1007/s11252-019-00859-5,10838155,https://api.elsevier.com/content/abstract/scopus_id/85069450163,22,4,,,,0.83,5.0,1,6,,,,85069450163,2-s2.0-85069450163
4,Yamada S.,"The role of spatial and temporal variations in habitat uses and food habits of larvae in persistent occurrence of multiple odonate species in Mizorogaike Pond, Kyoto, Japan",2019,Limnology,,https://www.scopus.com/inward/record.uri?partnerID=HzOxMe3b&scp=85056134114&origin=inward,https://www.scopus.com/inward/citedby.uri?partnerID=HzOxMe3b&scp=85056134114&origin=inward,,2026-04-12 18:59:22,Article,10.1007/s10201-018-0564-0,14398621,https://api.elsevier.com/content/abstract/scopus_id/85056134114,20,2,,,,0.67,4.0,1,6,,,,85056134114,2-s2.0-85056134114
0,Kumar Y.,A robust pattern based re-engineering model guided by MODA and ELM for software testing effort estimation,2019,International Journal of Innovative Technology and Exploring Engineering,,https://www.scopus.com/inward/record.uri?partnerID=HzOxMe3b&scp=85061605774&origin=inward,https://www.scopus.com/inward/citedby.uri?partnerID=HzOxMe3b&scp=85061605774&origin=inward,,2026-04-12 18:59:22,Article,,,https://api.elsevier.com/content/abstract/scopus_id/85061605774,8,4,,,,0.0,0.0,1,6,,,,85061605774,2-s2.0-85061605774
28,Staentzel C.,Effects of a river restoration project along the Old Rhine River (France-Germany): Response of macroinvertebrate communities,2019,Ecological Engineering,,https://www.scopus.com/inward/record.uri?partnerID=HzOxMe3b&scp=85056813635&origin=inward,https://www.scopus.com/inward/citedby.uri?partnerID=HzOxMe3b&scp=85056813635&origin=inward,,2026-04-12 18:59:22,Article,10.1016/j.ecoleng.2018.10.024,09258574,https://api.elsevier.com/content/abstract/scopus_id/85056813635,127,,,,,4.67,28.0,1,6,,,,85056813635,2-s2.0-85056813635
2,Tarwotjo U.,Abundance and diversity of insects on apple water tree during fruit season using different colours and different height placement of sticky trap,2019,Journal of Physics Conference Series,,https://www.scopus.com/inward/record.uri?partnerID=HzOxMe3b&scp=85073913609&origin=inward,https://www.scopus.com/inward/citedby.uri?partnerID=HzOxMe3b&scp=85073913609&origin=inward,,2026-04-12 18:59:22,Conference Paper,10.1088/1742-6596/1217/1/012140,17426588,https://api.elsevier.com/content/abstract/scopus_id/85073913609,1217,1,,,,0.33,2.0,1,6,,,,85073913609,2-s2.0-85073913609
8,Dogonniuck A.E.,Studies on Dimorphomyceteae: I. New species of Nycteromyces and Dimeromyces (Laboulbeniales) on bat flies (Streblidae),2019,Mycologia,,https://www.scopus.com/inward/record.uri?partnerID=HzOxMe3b&scp=85062094027&origin=inward,https://www.scopus.com/inward/citedby.uri?partnerID=HzOxMe3b&scp=85062094027&origin=inward,,2026-04-12 18:59:22,Article,10.1080/00275514.2018.1538279,00275514,https://api.elsevier.com/content/abstract/scopus_id/85062094027,111,1,,,,1.33,8.0,1,6,,,,85062094027,2-s2.0-85062094027
20,Thongjued K.,A new cost-effective and fast direct PCR protocol for insects based on PBS buffer,2019,Molecular Ecology Resources,,https://www.scopus.com/inward/record.uri?partnerID=HzOxMe3b&scp=85064699366&origin=inward,https://www.scopus.com/inward/citedby.uri?partnerID=HzOxMe3b&scp=85064699366&origin=inward,,2026-04-12 18:59:22,Article,10.1111/1755-0998.13005,1755098X,https://api.elsevier.com/content/abstract/scopus_id/85064699366,19,3,,,,3.33,20.0,1,6,,,,85064699366,2-s2.0-85064699366
1,Joshua I.,"Succession patterns and diversity of arthropods associated with decomposing domestic rabbit (Oryctolagus cuniculus l, 1758) in different habitats",2019,Environment and Ecology Research,,https://www.scopus.com/inward/record.uri?partnerID=HzOxMe3b&scp=85168349111&origin=inward,https://www.scopus.com/inward/citedby.uri?partnerID=HzOxMe3b&scp=85168349111&origin=inward,,2026-04-12 18:59:22,Article,10.13189/eer.2019.070601,2331625X,https://api.elsevier.com/content/abstract/scopus_id/85168349111,7,6,,,,0.17,1.0,1,6,,,,85168349111,2-s2.0-85168349111
14,Abdullah N.A.,"Insect community in riparian zones of Sungai Sepetang, Sungai Rembau and Sungai Chukai of Peninsular Malaysia",2019,Biodiversity Data Journal,,https://www.scopus.com/inward/record.uri?partnerID=HzOxMe3b&scp=85099432379&origin=inward,https://www.scopus.com/inward/citedby.uri?partnerID=HzOxMe3b&scp=85099432379&origin=inward,,2026-04-12 18:59:22,Article,10.3897/BDJ.7.E35679,,https://api.elsevier.com/content/abstract/scopus_id/85099432379,7,,,,,2.33,14.0,1,6,,,,85099432379,2-s2.0-85099432379
9,Gallardo L.I.,Urban rain-fed lakes: macro-invertebrate assemblages associated with Egeria najas as indicators of biological integrity in wetlands of Corrientes Province (Argentina),2019,Biodiversity and Conservation,,https://www.scopus.com/inward/record.uri?partnerID=HzOxMe3b&scp=85063085515&origin=inward,https://www.scopus.com/inward/citedby.uri?partnerID=HzOxMe3b&scp=85063085515&origin=inward,,2026-04-12 18:59:22,Article,10.1007/s10531-019-01742-7,09603115,https://api.elsevier.com/content/abstract/scopus_id/85063085515,28,6,,,,1.5,9.0,1,6,,,,85063085515,2-s2.0-85063085515
3,Quimpo T.J.R.,Differential consumption of scleractinian and non-scleractinian coral larvae by planktivorous damselfishes,2019,Coral Reefs,,https://www.scopus.com/inward/record.uri?partnerID=HzOxMe3b&scp=85073992592&origin=inward,https://www.scopus.com/inward/citedby.uri?partnerID=HzOxMe3b&scp=85073992592&origin=inward,,2026-04-12 18:59:22,Article,10.1007/s00338-019-01859-9,07224028,https://api.elsevier.com/content/abstract/scopus_id/85073992592,38,6,,,,0.5,3.0,1,6,,,,85073992592,2-s2.0-85073992592
14,Davis J.S.,Desiccation resistance and pigmentation variation reflects bioclimatic differences in the Drosophila americana species complex,2019,BMC Evolutionary Biology,,https://www.scopus.com/inward/record.uri?partnerID=HzOxMe3b&scp=85074625392&origin=inward,https://www.scopus.com/inward/citedby.uri?partnerID=HzOxMe3b&scp=85074625392&origin=inward,,2026-04-12 18:59:22,Article,10.1186/s12862-019-1536-7,,https://api.elsevier.com/content/abstract/scopus_id/85074625392,19,1,,,,2.33,14.0,1,6,,,,85074625392,2-s2.0-85074625392
75,Shih C.,Rhythms of Insect Evolution: Evidence from the Jurassic and Cretaceous in Northern China,2019,Rhythms of Insect Evolution Evidence from the Jurassic and Cretaceous in Northern China,,https://www.scopus.com/inward/record.uri?partnerID=HzOxMe3b&scp=85147397471&origin=inward,https://www.scopus.com/inward/citedby.uri?partnerID=HzOxMe3b&scp=85147397471&origin=inward,,2026-04-12 18:59:22,Book,10.1002/9781119427957,,https://api.elsevier.com/content/abstract/scopus_id/85147397471,,,,,,12.5,75.0,1,6,,,,85147397471,2-s2.0-85147397471
233,Hammer T.J.,Not all animals need a microbiome,2019,FEMS Microbiology Letters,,https://www.scopus.com/inward/record.uri?partnerID=HzOxMe3b&scp=85068244432&origin=inward,https://www.scopus.com/inward/citedby.uri?partnerID=HzOxMe3b&scp=85068244432&origin=inward,,2026-04-12 18:59:22,Review,10.1093/femsle/fnz117,03781097,https://api.elsevier.com/content/abstract/scopus_id/85068244432,366,10,,,,38.83,233.0,1,6,,,,85068244432,2-s2.0-85068244432
20,Hayasaka D.,Community responses of aquatic insects in paddy mesocosms to repeated exposures of the neonicotinoids imidacloprid and dinotefuran,2019,Ecotoxicology and Environmental Safety,,https://www.scopus.com/inward/record.uri?partnerID=HzOxMe3b&scp=85063114125&origin=inward,https://www.scopus.com/inward/citedby.uri?partnerID=HzOxMe3b&scp=85063114125&origin=inward,,2026-04-12 18:59:22,Article,10.1016/j.ecoenv.2019.03.051,01476513,https://api.elsevier.com/content/abstract/scopus_id/85063114125,175,,,,,3.33,20.0,1,6,,,,85063114125,2-s2.0-85063114125
9,You Q.,"Assessing ecological health of Poyang Lake wetland, using benthic macroinvertebrate? Based index of biotic integrity (B-IBI)",2019,Shengtai Xuebao,,https://www.scopus.com/inward/record.uri?partnerID=HzOxMe3b&scp=85073813586&origin=inward,https://www.scopus.com/inward/citedby.uri?partnerID=HzOxMe3b&scp=85073813586&origin=inward,,2026-04-12 18:59:22,Article,10.5846/stxb201806041248,10000933,https://api.elsevier.com/content/abstract/scopus_id/85073813586,39,18,,,,1.5,9.0,1,6,,,,85073813586,2-s2.0-85073813586
9,Ma J.Y.,The repair of endo/exogenous DNA double-strand breaks and its effects on meiotic chromosome segregation in oocytes,2019,Human Molecular Genetics,,https://www.scopus.com/inward/record.uri?partnerID=HzOxMe3b&scp=85075962774&origin=inward,https://www.scopus.com/inward/citedby.uri?partnerID=HzOxMe3b&scp=85075962774&origin=inward,,2026-04-12 18:59:22,Article,10.1093/hmg/ddz156,09646906,https://api.elsevier.com/content/abstract/scopus_id/85075962774,28,20,,,,1.5,9.0,1,6,,,,85075962774,2-s2.0-85075962774
68,Onuma Y.,Joint consensus on the use of OCT in coronary bifurcation lesions by the European and Japanese bifurcation clubs,2019,Eurointervention,,https://www.scopus.com/inward/record.uri?partnerID=HzOxMe3b&scp=85066318471&origin=inward,https://www.scopus.com/inward/citedby.uri?partnerID=HzOxMe3b&scp=85066318471&origin=inward,,2026-04-12 18:59:22,Review,10.4244/EIJ-D-18-00391,1774024X,https://api.elsevier.com/content/abstract/scopus_id/85066318471,14,15,,,,11.33,68.0,1,6,,,,85066318471,2-s2.0-85066318471
41,McGlynn T.P.,Temperature accounts for the biodiversity of a hyperdiverse group of insects in urban Los Angeles,2019,Proceedings of the Royal Society B Biological Sciences,,https://www.scopus.com/inward/record.uri?partnerID=HzOxMe3b&scp=85072847610&origin=inward,https://www.scopus.com/inward/citedby.uri?partnerID=HzOxMe3b&scp=85072847610&origin=inward,,2026-04-12 18:59:22,Article,10.1098/rspb.2019.1818,09628452,https://api.elsevier.com/content/abstract/scopus_id/85072847610,286,1912,,,,6.83,41.0,1,6,,,,85072847610,2-s2.0-85072847610
13,Swaan A.,The First In Vivo Needle-Based Optical Coherence Tomography in Human Prostate: A Safety and Feasibility Study,2019,Lasers in Surgery and Medicine,,https://www.scopus.com/inward/record.uri?partnerID=HzOxMe3b&scp=85067208341&origin=inward,https://www.scopus.com/inward/citedby.uri?partnerID=HzOxMe3b&scp=85067208341&origin=inward,,2026-04-12 18:59:22,Article,10.1002/lsm.23093,01968092,https://api.elsevier.com/content/abstract/scopus_id/85067208341,51,5,,,,2.17,13.0,1,6,,,,85067208341,2-s2.0-85067208341
18,Modha S.,Metaviromics Reveals Unknown Viral Diversity in the Biting Midge Culicoides impunctatus,2019,Viruses,,https://www.scopus.com/inward/record.uri?partnerID=HzOxMe3b&scp=85072374505&origin=inward,https://www.scopus.com/inward/citedby.uri?partnerID=HzOxMe3b&scp=85072374505&origin=inward,,2026-04-12 18:59:22,Article,10.3390/v11090865,,https://api.elsevier.com/content/abstract/scopus_id/85072374505,11,9,,,,3.0,18.0,1,6,,,,85072374505,2-s2.0-85072374505
14,Shimokado A.,Imaging assessment and accuracy in coronary artery autopsy: comparison of frequency-domain optical coherence tomography with intravascular ultrasound and histology,2019,International Journal of Cardiovascular Imaging,,https://www.scopus.com/inward/record.uri?partnerID=HzOxMe3b&scp=85066987701&origin=inward,https://www.scopus.com/inward/citedby.uri?partnerID=HzOxMe3b&scp=85066987701&origin=inward,,2026-04-12 18:59:22,Article,10.1007/s10554-019-01639-0,15695794,https://api.elsevier.com/content/abstract/scopus_id/85066987701,35,10,,,,2.33,14.0,1,6,,,,85066987701,2-s2.0-85066987701
25,Nakamura D.,Different neoatherosclerosis patterns in drug-eluting - and bare-metal stent restenosis: Optical coherence tomography study,2019,Circulation Journal,,https://www.scopus.com/inward/record.uri?partnerID=HzOxMe3b&scp=85060650440&origin=inward,https://www.scopus.com/inward/citedby.uri?partnerID=HzOxMe3b&scp=85060650440&origin=inward,,2026-04-12 18:59:22,Article,10.1253/circj.CJ-18-0701,13469843,https://api.elsevier.com/content/abstract/scopus_id/85060650440,83,2,,,,4.17,25.0,1,6,,,,85060650440,2-s2.0-85060650440
13,Parravani A.,Seasonal abundance of the stable fly Stomoxys calcitrans in southwest England,2019,Medical and Veterinary Entomology,,https://www.scopus.com/inward/record.uri?partnerID=HzOxMe3b&scp=85066615860&origin=inward,https://www.scopus.com/inward/citedby.uri?partnerID=HzOxMe3b&scp=85066615860&origin=inward,,2026-04-12 18:59:22,Article,10.1111/mve.12386,0269283X,https://api.elsevier.com/content/abstract/scopus_id/85066615860,33,4,,,,2.17,13.0,1,6,,,,85066615860,2-s2.0-85066615860
14,Metzbower S.R.,Properties of individual hippocampal synapses influencing NMDA-receptor activation by spontaneous neurotransmission,2019,Eneuro,,https://www.scopus.com/inward/record.uri?partnerID=HzOxMe3b&scp=85067268505&origin=inward,https://www.scopus.com/inward/citedby.uri?partnerID=HzOxMe3b&scp=85067268505&origin=inward,,2026-04-12 18:59:22,Article,10.1523/ENEURO.0419-18.2019,,https://api.elsevier.com/content/abstract/scopus_id/85067268505,6,3,,,,2.33,14.0,1,6,,,,85067268505,2-s2.0-85067268505
7,Hashimoto S.,The impact of tissue characterization for in-stent restenosis with optical coherence tomography during excimer laser coronary angioplasty,2019,Cardiovascular Intervention and Therapeutics,,https://www.scopus.com/inward/record.uri?partnerID=HzOxMe3b&scp=85063617788&origin=inward,https://www.scopus.com/inward/citedby.uri?partnerID=HzOxMe3b&scp=85063617788&origin=inward,,2026-04-12 18:59:22,Article,10.1007/s12928-018-0543-8,18684300,https://api.elsevier.com/content/abstract/scopus_id/85063617788,34,2,,,,1.17,7.0,1,6,,,,85063617788,2-s2.0-85063617788
37,Matsuda Y.,Preliminary outcomes of single antiplatelet therapy for surface-modified flow diverters in an animal model: Analysis of neointimal development and thrombus formation using OCT,2019,Journal of Neurointerventional Surgery,,https://www.scopus.com/inward/record.uri?partnerID=HzOxMe3b&scp=85047933684&origin=inward,https://www.scopus.com/inward/citedby.uri?partnerID=HzOxMe3b&scp=85047933684&origin=inward,,2026-04-12 18:59:22,Article,10.1136/neurintsurg-2018-013935,17598478,https://api.elsevier.com/content/abstract/scopus_id/85047933684,11,1,,,,6.17,37.0,1,6,,,,85047933684,2-s2.0-85047933684
5,Elizalde L.,Immunity of leaf-cutting ants and its role in host-parasitoid relationships,2019,Journal of Insect Physiology,,https://www.scopus.com/inward/record.uri?partnerID=HzOxMe3b&scp=85064624536&origin=inward,https://www.scopus.com/inward/citedby.uri?partnerID=HzOxMe3b&scp=85064624536&origin=inward,,2026-04-12 18:59:22,Article,10.1016/j.jinsphys.2019.04.008,00221910,https://api.elsevier.com/content/abstract/scopus_id/85064624536,116,,,,,0.83,5.0,1,6,,,,85064624536,2-s2.0-85064624536
11,Roleder T.,Short-term stent coverage of second-generation zotarolimus-eluting durable polymer stents: Onyx one-month optical coherence tomography study,2019,Postepy W Kardiologii Interwencyjnej,,https://www.scopus.com/inward/record.uri?partnerID=HzOxMe3b&scp=85068735763&origin=inward,https://www.scopus.com/inward/citedby.uri?partnerID=HzOxMe3b&scp=85068735763&origin=inward,,2026-04-12 18:59:22,Article,10.5114/aic.2019.86009,17349338,https://api.elsevier.com/content/abstract/scopus_id/85068735763,15,2,,,,1.83,11.0,1,6,,,,85068735763,2-s2.0-85068735763
4,Leftwich P.T.,Contribution of maternal effects to dietary selection in Mediterranean fruit flies,2019,Evolution,,https://www.scopus.com/inward/record.uri?partnerID=HzOxMe3b&scp=85059650505&origin=inward,https://www.scopus.com/inward/citedby.uri?partnerID=HzOxMe3b&scp=85059650505&origin=inward,,2026-04-12 18:59:22,Article,10.1111/evo.13664,00143820,https://api.elsevier.com/content/abstract/scopus_id/85059650505,73,2,,,,0.67,4.0,1,6,,,,85059650505,2-s2.0-85059650505
110,Gessert N.,Automatic Plaque Detection in IVOCT Pullbacks Using Convolutional Neural Networks,2019,IEEE Transactions on Medical Imaging,,https://www.scopus.com/inward/record.uri?partnerID=HzOxMe3b&scp=85051816185&origin=inward,https://www.scopus.com/inward/citedby.uri?partnerID=HzOxMe3b&scp=85051816185&origin=inward,,2026-04-12 18:59:22,Article,10.1109/TMI.2018.2865659,02780062,https://api.elsevier.com/content/abstract/scopus_id/85051816185,38,2,,,,18.33,110.0,1,6,,,,85051816185,2-s2.0-85051816185
8,Ye Z.,Optical coherence tomography and intravascular ultrasound assessment of the anatomic size and wall thickness of a muscle bridge segment,2019,Catheterization and Cardiovascular Interventions,,https://www.scopus.com/inward/record.uri?partnerID=HzOxMe3b&scp=85063084594&origin=inward,https://www.scopus.com/inward/citedby.uri?partnerID=HzOxMe3b&scp=85063084594&origin=inward,,2026-04-12 18:59:22,Article,10.1002/ccd.28094,15221946,https://api.elsevier.com/content/abstract/scopus_id/85063084594,93,S1,,,,1.33,8.0,1,6,,,,85063084594,2-s2.0-85063084594
7,Ramasamy A.,Efficacy and reproducibility of attenuation-compensated optical coherence tomography for assessing external elastic membrane border and plaque composition in native and stented segments,2019,Circulation Journal,,https://www.scopus.com/inward/record.uri?partnerID=HzOxMe3b&scp=85077223372&origin=inward,https://www.scopus.com/inward/citedby.uri?partnerID=HzOxMe3b&scp=85077223372&origin=inward,,2026-04-12 18:59:22,Article,10.1253/circj.CJ-19-0630,13469843,https://api.elsevier.com/content/abstract/scopus_id/85077223372,84,1,,,,1.17,7.0,1,6,,,,85077223372,2-s2.0-85077223372
15,Ohashi H.,Diagnostic performance of high-resolution intravascular ultrasound for the detection of plaque rupture in patients with acute coronary syndrome,2019,Circulation Journal,,https://www.scopus.com/inward/record.uri?partnerID=HzOxMe3b&scp=85075782148&origin=inward,https://www.scopus.com/inward/citedby.uri?partnerID=HzOxMe3b&scp=85075782148&origin=inward,,2026-04-12 18:59:22,Article,10.1253/circj.CJ-19-0644,13469843,https://api.elsevier.com/content/abstract/scopus_id/85075782148,83,12,,,,2.5,15.0,1,6,,,,85075782148,2-s2.0-85075782148
3,Asano T.,"Serial optical coherence tomography at baseline, 7 days, and 1, 3, 6 and 12 months after bioresorbable scaffold implantation in a growing porcine model",2019,Circulation Journal,,https://www.scopus.com/inward/record.uri?partnerID=HzOxMe3b&scp=85062098918&origin=inward,https://www.scopus.com/inward/citedby.uri?partnerID=HzOxMe3b&scp=85062098918&origin=inward,,2026-04-12 18:59:22,Article,10.1253/circj.CJ-18-0855,13469843,https://api.elsevier.com/content/abstract/scopus_id/85062098918,83,3,,,,0.5,3.0,1,6,,,,85062098918,2-s2.0-85062098918
22,Tian J.,Gender differences in plaque characteristics of nonculprit lesions in patients with coronary artery disease,2019,BMC Cardiovascular Disorders,,https://www.scopus.com/inward/record.uri?partnerID=HzOxMe3b&scp=85062471444&origin=inward,https://www.scopus.com/inward/citedby.uri?partnerID=HzOxMe3b&scp=85062471444&origin=inward,,2026-04-12 18:59:22,Article,10.1186/s12872-019-1023-5,,https://api.elsevier.com/content/abstract/scopus_id/85062471444,19,1,,,,3.67,22.0,1,6,,,,85062471444,2-s2.0-85062471444
3,Asano T.,"Serial optical coherence tomography at baseline, 7 days, and 1, 3, 6 and 12 months after bioresorbable scaffold implantation in a growing porcine model",2019,Circulation Journal,,https://www.scopus.com/inward/record.uri?partnerID=HzOxMe3b&scp=85062098918&origin=inward,https://www.scopus.com/inward/citedby.uri?partnerID=HzOxMe3b&scp=85062098918&origin=inward,,2026-04-12 18:59:22,Article,10.1253/circj.CJ-18-0855,13469843,https://api.elsevier.com/content/abstract/scopus_id/85062098918,83,3,,,,0.5,3.0,1,6,,,,85062098918,2-s2.0-85062098918
4,Tomaniak M.,A serial 3- and 9-year optical coherence tomography assessment of vascular healing response to sirolimus- and paclitaxel-eluting stents,2019,International Journal of Cardiovascular Imaging,,https://www.scopus.com/inward/record.uri?partnerID=HzOxMe3b&scp=85052814804&origin=inward,https://www.scopus.com/inward/citedby.uri?partnerID=HzOxMe3b&scp=85052814804&origin=inward,,2026-04-12 18:59:22,Article,10.1007/s10554-018-1437-7,15695794,https://api.elsevier.com/content/abstract/scopus_id/85052814804,35,1,,,,0.67,4.0,1,6,,,,85052814804,2-s2.0-85052814804
9,Liu X.,Shrinkage as a potential mechanism of recurrent clinical events in patients with a large vulnerable plaque,2019,Journal of Cardiovascular Medicine,,https://www.scopus.com/inward/record.uri?partnerID=HzOxMe3b&scp=85069237791&origin=inward,https://www.scopus.com/inward/citedby.uri?partnerID=HzOxMe3b&scp=85069237791&origin=inward,,2026-04-12 18:59:22,Article,10.2459/JCM.0000000000000783,15582027,https://api.elsevier.com/content/abstract/scopus_id/85069237791,20,8,,,,1.5,9.0,1,6,,,,85069237791,2-s2.0-85069237791
4,Huang T.H.W.,In vivo morphologic comparison of saphenous vein grafts and native coronary arteries following non-ST elevation myocardial infarction,2019,Cardiovascular Revascularization Medicine,,https://www.scopus.com/inward/record.uri?partnerID=HzOxMe3b&scp=85047098687&origin=inward,https://www.scopus.com/inward/citedby.uri?partnerID=HzOxMe3b&scp=85047098687&origin=inward,,2026-04-12 18:59:22,Article,10.1016/j.carrev.2018.04.010,15538389,https://api.elsevier.com/content/abstract/scopus_id/85047098687,20,1,,,,0.67,4.0,1,6,,,,85047098687,2-s2.0-85047098687
9,Blachutzik F.,Effect of non-compliant balloon postdilatation on magnesium-based bioresorbable vascular scaffolds,2019,Catheterization and Cardiovascular Interventions,,https://www.scopus.com/inward/record.uri?partnerID=HzOxMe3b&scp=85053290608&origin=inward,https://www.scopus.com/inward/citedby.uri?partnerID=HzOxMe3b&scp=85053290608&origin=inward,,2026-04-12 18:59:22,Article,10.1002/ccd.27794,15221946,https://api.elsevier.com/content/abstract/scopus_id/85053290608,93,2,,,,1.5,9.0,1,6,,,,85053290608,2-s2.0-85053290608
5,Amano H.,Plaque characteristics and slow flow during percutaneous coronary intervention of irregular protrusion by optical coherence tomography,2019,Heart and Vessels,,https://www.scopus.com/inward/record.uri?partnerID=HzOxMe3b&scp=85059584659&origin=inward,https://www.scopus.com/inward/citedby.uri?partnerID=HzOxMe3b&scp=85059584659&origin=inward,,2026-04-12 18:59:22,Article,10.1007/s00380-018-01335-4,09108327,https://api.elsevier.com/content/abstract/scopus_id/85059584659,34,7,,,,0.83,5.0,1,6,,,,85059584659,2-s2.0-85059584659
2,Blachutzik F.,OCT-assessment of scaffold resorption: Analysis of strut intensity by a new resorption index for poly-l-lactic acid bioresorbable vascular scaffolds,2019,Catheterization and Cardiovascular Interventions,,https://www.scopus.com/inward/record.uri?partnerID=HzOxMe3b&scp=85063875897&origin=inward,https://www.scopus.com/inward/citedby.uri?partnerID=HzOxMe3b&scp=85063875897&origin=inward,,2026-04-12 18:59:22,Article,10.1002/ccd.28223,15221946,https://api.elsevier.com/content/abstract/scopus_id/85063875897,94,7,,,,0.33,2.0,1,6,,,,85063875897,2-s2.0-85063875897
3,Li Y.Q.,"The genus Conocephalus (Orthoptera: Tettigoniidae: Conocephalinae) from Guangdong and Nanling region, China with description of two new species",2019,Zootaxa,,https://www.scopus.com/inward/record.uri?partnerID=HzOxMe3b&scp=85062873614&origin=inward,https://www.scopus.com/inward/citedby.uri?partnerID=HzOxMe3b&scp=85062873614&origin=inward,,2026-04-12 18:59:22,Article,10.11646/zootaxa.4565.4.12,11755326,https://api.elsevier.com/content/abstract/scopus_id/85062873614,4565,4,,,,0.5,3.0,1,6,,,,85062873614,2-s2.0-85062873614
12,Huang W.C.,Association between asymmetric dimethylarginine and in-stent restenosis tissue characteristics assessed by optical coherence tomography,2019,International Journal of Cardiology,,https://www.scopus.com/inward/record.uri?partnerID=HzOxMe3b&scp=85065223233&origin=inward,https://www.scopus.com/inward/citedby.uri?partnerID=HzOxMe3b&scp=85065223233&origin=inward,,2026-04-12 18:59:22,Article,10.1016/j.ijcard.2019.05.003,01675273,https://api.elsevier.com/content/abstract/scopus_id/85065223233,289,,,,,2.0,12.0,1,6,,,,85065223233,2-s2.0-85065223233
6,Pinho L.,Some notes on taxonomy and distribution of Neotropical Aedokritus Roback and Axarus Roback (Diptera: Chironomidae: Chironominae),2019,Zootaxa,,https://www.scopus.com/inward/record.uri?partnerID=HzOxMe3b&scp=85072183259&origin=inward,https://www.scopus.com/inward/citedby.uri?partnerID=HzOxMe3b&scp=85072183259&origin=inward,,2026-04-12 18:59:22,Article,10.11646/zootaxa.4668.4.6,11755326,https://api.elsevier.com/content/abstract/scopus_id/85072183259,4668,4,,,,1.0,6.0,1,6,,,,85072183259,2-s2.0-85072183259
15,Kobayashi N.,Impact of accumulated serum uric acid on coronary culprit lesion morphology determined by optical coherence tomography and cardiac outcomes in patients with acute coronary syndrome,2019,Cardiology Switzerland,,https://www.scopus.com/inward/record.uri?partnerID=HzOxMe3b&scp=85061623894&origin=inward,https://www.scopus.com/inward/citedby.uri?partnerID=HzOxMe3b&scp=85061623894&origin=inward,,2026-04-12 18:59:22,Article,10.1159/000496053,00086312,https://api.elsevier.com/content/abstract/scopus_id/85061623894,141,4,,,,2.5,15.0,1,6,,,,85061623894,2-s2.0-85061623894
14,Jelvehgaran P.,Evaluation of acute esophageal radiation-induced damage using magnetic resonance imaging: a feasibility study in mice,2019,Radiation Oncology,,https://www.scopus.com/inward/record.uri?partnerID=HzOxMe3b&scp=85074373433&origin=inward,https://www.scopus.com/inward/citedby.uri?partnerID=HzOxMe3b&scp=85074373433&origin=inward,,2026-04-12 18:59:22,Article,10.1186/s13014-019-1396-8,,https://api.elsevier.com/content/abstract/scopus_id/85074373433,14,,,,,2.33,14.0,1,6,,,,85074373433,2-s2.0-85074373433
1,Graziani F.,"New records of selysiothemis nigra (Vander linden, 1825) and erythromma viridulum (charpentier, 1840) from cephalonia island (greece) with an updated checklist of the odonatofauna of the island",2019,Graellsia,,https://www.scopus.com/inward/record.uri?partnerID=HzOxMe3b&scp=85077360188&origin=inward,https://www.scopus.com/inward/citedby.uri?partnerID=HzOxMe3b&scp=85077360188&origin=inward,,2026-04-12 18:59:22,Article,10.3989/graellsia.2019.v75.242,03675041,https://api.elsevier.com/content/abstract/scopus_id/85077360188,75,2,,,,0.17,1.0,1,6,,,,85077360188,2-s2.0-85077360188
17,Fitt R.N.L.,"Towards an interactive, process-based approach to understanding range shifts: developmental and environmental dependencies matter",2019,Ecography,,https://www.scopus.com/inward/record.uri?partnerID=HzOxMe3b&scp=85056749686&origin=inward,https://www.scopus.com/inward/citedby.uri?partnerID=HzOxMe3b&scp=85056749686&origin=inward,,2026-04-12 18:59:22,Article,10.1111/ecog.03975,09067590,https://api.elsevier.com/content/abstract/scopus_id/85056749686,42,1,,,,2.83,17.0,1,6,,,,85056749686,2-s2.0-85056749686
3,Yano H.,Comparison of the vessel healing process after everolimus-eluting stent and bare metal stent implantations in patients with ST-elevation myocardial infarction,2019,Heart and Vessels,,https://www.scopus.com/inward/record.uri?partnerID=HzOxMe3b&scp=85055983938&origin=inward,https://www.scopus.com/inward/citedby.uri?partnerID=HzOxMe3b&scp=85055983938&origin=inward,,2026-04-12 18:59:22,Article,10.1007/s00380-018-1287-1,09108327,https://api.elsevier.com/content/abstract/scopus_id/85055983938,34,4,,,,0.5,3.0,1,6,,,,85055983938,2-s2.0-85055983938
4,Dietzgen R.G.,ICTV virus taxonomy profile: Artoviridae,2019,Journal of General Virology,,https://www.scopus.com/inward/record.uri?partnerID=HzOxMe3b&scp=85070852091&origin=inward,https://www.scopus.com/inward/citedby.uri?partnerID=HzOxMe3b&scp=85070852091&origin=inward,,2026-04-12 18:59:22,Article,10.1099/jgv.0.001292,00221317,https://api.elsevier.com/content/abstract/scopus_id/85070852091,100,8,,,,0.67,4.0,1,6,,,,85070852091,2-s2.0-85070852091
65,Jourdan J.,Reintroduction of freshwater macroinvertebrates: challenges and opportunities,2019,Biological Reviews,,https://www.scopus.com/inward/record.uri?partnerID=HzOxMe3b&scp=85052568935&origin=inward,https://www.scopus.com/inward/citedby.uri?partnerID=HzOxMe3b&scp=85052568935&origin=inward,,2026-04-12 18:59:22,Article,10.1111/brv.12458,14647931,https://api.elsevier.com/content/abstract/scopus_id/85052568935,94,2,,,,10.83,65.0,1,6,,,,85052568935,2-s2.0-85052568935
10,Guzman L.M.,Prey body mass and richness underlie the persistence of a top predator,2019,Proceedings of the Royal Society B Biological Sciences,,https://www.scopus.com/inward/record.uri?partnerID=HzOxMe3b&scp=85065788228&origin=inward,https://www.scopus.com/inward/citedby.uri?partnerID=HzOxMe3b&scp=85065788228&origin=inward,,2026-04-12 18:59:22,Article,10.1098/rspb.2019.0622,09628452,https://api.elsevier.com/content/abstract/scopus_id/85065788228,286,1902,,,,1.67,10.0,1,6,,,,85065788228,2-s2.0-85065788228
6,Sandhanam S.D.,"Effect of tiliamosine, a bis, benzylisoquinoline alkaloid isolated from Tiliacora acuminata (Lam.) Hook. f. & Thom on the immature stages of filarial mosquito Culex quinquefasciatus say (Diptera: Culicidae)",2019,Experimental Parasitology,,https://www.scopus.com/inward/record.uri?partnerID=HzOxMe3b&scp=85068194983&origin=inward,https://www.scopus.com/inward/citedby.uri?partnerID=HzOxMe3b&scp=85068194983&origin=inward,,2026-04-12 18:59:22,Article,10.1016/j.exppara.2019.107719,00144894,https://api.elsevier.com/content/abstract/scopus_id/85068194983,204,,,,,1.0,6.0,1,6,,,,85068194983,2-s2.0-85068194983
30,Delnat V.,Whether warming magnifies the toxicity of a pesticide is strongly dependent on the concentration and the null model,2019,Aquatic Toxicology,,https://www.scopus.com/inward/record.uri?partnerID=HzOxMe3b&scp=85063342470&origin=inward,https://www.scopus.com/inward/citedby.uri?partnerID=HzOxMe3b&scp=85063342470&origin=inward,,2026-04-12 18:59:22,Article,10.1016/j.aquatox.2019.03.010,0166445X,https://api.elsevier.com/content/abstract/scopus_id/85063342470,211,,,,,5.0,30.0,1,6,,,,85063342470,2-s2.0-85063342470
43,Beentjes K.K.,Increased performance of DNA metabarcoding of macroinvertebrates by taxonomic sorting,2019,Plos One,,https://www.scopus.com/inward/record.uri?partnerID=HzOxMe3b&scp=85076692406&origin=inward,https://www.scopus.com/inward/citedby.uri?partnerID=HzOxMe3b&scp=85076692406&origin=inward,,2026-04-12 18:59:22,Article,10.1371/journal.pone.0226527,,https://api.elsevier.com/content/abstract/scopus_id/85076692406,14,12,,,,7.17,43.0,1,6,,,,85076692406,2-s2.0-85076692406
