Cites,Authors,Title,Year,Source,Publisher,ArticleURL,CitesURL,GSRank,QueryDate,Type,DOI,ISSN,CitationURL,Volume,Issue,StartPage,EndPage,ECC,CitesPerYear,CitesPerAuthor,AuthorCount,Age,Abstract,FullTextURL,RelatedURL
91,"BO Andrade, W Dröse, CA Aguiar, ET Aires…","12,500+ and counting: biodiversity of the Brazilian Pampa",2023,"Frontiers of …","escholarship.org","https://escholarship.org/uc/item/7tp2k884","https://scholar.google.com/scholar?cites=14032164388951180030&as_sdt=2005&sciodt=0,5&hl=en",904,"2026-04-12 17:51:05","","","",,,,,,91,30.33,18,5,3,"Knowledge on biodiversity is fundamental for conservation strategies. The Brazilian Pampa region, located in subtropical southern Brazil, is neglected in terms of conservation, and …","https://escholarship.org/content/qt7tp2k884/qt7tp2k884_noSplash_2efc86ba27fea775ef04f49a8ec58904.pdf","https://scholar.google.com/scholar?q=related:_kJSiSpDvMIJ:scholar.google.com/&scioq=plecoptera%7Cstonefly%7Cstoneflies&hl=en&as_sdt=0,5&as_ylo=2023&as_yhi=2023"
0,"J Dietrich","2023 Annual Report: The Ecological Monitoring of Barrier Mitigation Projects in the New York State Portion of the Great Lakes Watershed",2023,"","ecommons.cornell.edu","https://ecommons.cornell.edu/bitstreams/c89eb17c-8d37-42d6-9a16-2debebc1d608/download","",375,"2026-04-12 17:51:05","PDF","","",,,,,,0,0.00,0,1,3,"… Stoneflies, the taxa least tolerant of disturbance and pollution comprised 5.4% at both locations, right at the ideal 5% level as identified by the NY DEC’s %-Model Affinity model …","https://ecommons.cornell.edu/bitstreams/c89eb17c-8d37-42d6-9a16-2debebc1d608/download","https://scholar.google.com/scholar?q=related:-DkGl08t6WMJ:scholar.google.com/&scioq=plecoptera%7Cstonefly%7Cstoneflies&hl=en&as_sdt=0,5&as_ylo=2023&as_yhi=2023"
0,"K Dej Vignesh, R Babu…","28. Stoneflies (Insecta: Plecoptera) of Tamil Nadu",2023,"Proceedings qf the 2nd …","researchgate.net","https://www.researchgate.net/profile/Dej-Vignesh-K/publication/375692113_Stoneflies_InsectaPlecoptera_of_Tamil_Nadu/links/65564de43fa26f66f4073b1f/Stoneflies-InsectaPlecoptera-of-Tamil-Nadu.pdf","",43,"2026-04-12 17:51:05","PDF","","",,,,,,0,0.00,0,3,3,"ABSTRACT"" The Stoneflies (Order: Plecoptera) are an … The Plecoptera fauna of Tamil Nadu comprise of 15 species … quality and water temperature, stoneflies could be used to monitor …","https://www.researchgate.net/profile/Dej-Vignesh-K/publication/375692113_Stoneflies_InsectaPlecoptera_of_Tamil_Nadu/links/65564de43fa26f66f4073b1f/Stoneflies-InsectaPlecoptera-of-Tamil-Nadu.pdf","https://scholar.google.com/scholar?q=related:gJGC-LqilK0J:scholar.google.com/&scioq=plecoptera%7Cstonefly%7Cstoneflies&hl=en&as_sdt=0,5&as_ylo=2023&as_yhi=2023"
0,"SJ Papp","A Bükk hegység álkérészfaunája (plecoptera)",2023,"Acta Universitatis de Carolo Eszterházy Nominatae …","real.mtak.hu","https://real.mtak.hu/187966/1/147_Papp.pdf","",134,"2026-04-12 17:51:05","","","",,,,,,0,0.00,0,1,3,"Az álkérészek a szárnyas rovarok egyik ősi, többnyire gyors folyóvizekhez kötődő csoportját alkotják. Határozott környezeti igényeik miatt érzékeny indikátorszervezetek, így faunisztikai …","","https://scholar.google.com/scholar?q=related:uZMuQEyop_UJ:scholar.google.com/&scioq=plecoptera%7Cstonefly%7Cstoneflies&hl=en&as_sdt=0,5&as_ylo=2023&as_yhi=2023"
1,"X Ge, Z Peng, L Peng, X Jia, K Chen, C Sun, B Wang","A checklist of the caddisflies (Insecta: Trichoptera) from the middle and lower basins of Jinsha river, southwestern China; including one new species and nine …",2023,"Diversity","mdpi.com","https://www.mdpi.com/1424-2818/15/2/181","https://scholar.google.com/scholar?cites=5225104678599514811&as_sdt=2005&sciodt=0,5&hl=en",630,"2026-04-12 17:51:05","HTML","","",,,,,,1,0.33,0,7,3,"… The situation limits the application of Ephemeroptera, Plecoptera, and Trichoptera (EPT) taxa in water quality monitoring. Moreover, with this continuous process of habitat loss, it is …","https://www.mdpi.com/1424-2818/15/2/181","https://scholar.google.com/scholar?q=related:u9onegVNg0gJ:scholar.google.com/&scioq=plecoptera%7Cstonefly%7Cstoneflies&hl=en&as_sdt=0,5&as_ylo=2023&as_yhi=2023"
28,"F Keck, J Brantschen, F Altermatt","A combination of machine‐learning and eDNA reveals the genetic signature of environmental change at the landscape levels",2023,"Molecular Ecology","Wiley Online Library","https://onlinelibrary.wiley.com/doi/abs/10.1111/mec.17073","https://scholar.google.com/scholar?cites=6170329478899472329&as_sdt=2005&sciodt=0,5&hl=en",523,"2026-04-12 17:51:05","","10.1111/mec.17073","",,,,,,28,9.33,9,3,3,"… Some major arthropod groups like Diptera, Coleoptera, Plecoptera and Ephemeroptera were found by both methods, although in different proportions. However, Amphipoda and …","https://onlinelibrary.wiley.com/doi/pdfdirect/10.1111/mec.17073","https://scholar.google.com/scholar?q=related:yZfsIPhpoVUJ:scholar.google.com/&scioq=plecoptera%7Cstonefly%7Cstoneflies&hl=en&as_sdt=0,5&as_ylo=2023&as_yhi=2023"
5,"CEO González","A comparative analysis of sampling methods for aquatic macroinvertebrates",2023,"","preprints.org","https://www.preprints.org/frontend/manuscript/23b02cd99ed71f147af7f75e1fe6592f/download_pub","https://scholar.google.com/scholar?cites=16800298697577930901&as_sdt=2005&sciodt=0,5&hl=en",244,"2026-04-12 17:51:05","PDF","","",,,,,,5,1.67,5,1,3,"… [4] demonstrated the sensitivity of mayflies (Ephemeroptera) and stoneflies (Plecoptera) to sediment pollution in a stream ecosystem. Sampling aquatic macroinvertebrates is a …","https://www.preprints.org/frontend/manuscript/23b02cd99ed71f147af7f75e1fe6592f/download_pub","https://scholar.google.com/scholar?q=related:lSCXVaemJukJ:scholar.google.com/&scioq=plecoptera%7Cstonefly%7Cstoneflies&hl=en&as_sdt=0,5&as_ylo=2023&as_yhi=2023"
15,"N Gil-Rodas, M Guevara-Mora, G Rivas…","A comparative study of several types of indices for river quality assessment",2023,"Water Quality …","iwaponline.com","https://iwaponline.com/wqrj/article/58/3/169/96108","https://scholar.google.com/scholar?cites=6723543258250683149&as_sdt=2005&sciodt=0,5&hl=en",766,"2026-04-12 17:51:05","HTML","","",,,,,,15,5.00,4,4,3,"Water is vital for humans, plants, and animals; unfortunately, some anthropogenic activities adversely alter water quality (WQ). Many indicators can be used for WQ assessment; …","https://iwaponline.com/wqrj/article/58/3/169/96108","https://scholar.google.com/scholar?q=related:DSMBdPjSTl0J:scholar.google.com/&scioq=plecoptera%7Cstonefly%7Cstoneflies&hl=en&as_sdt=0,5&as_ylo=2023&as_yhi=2023"
0,"R Yeardley, B Duffy, K Kimbrough…","A Comparison of Two Macroinvertebrate Multi-Plate Sampling Methods to Inform Great Lakes Monitoring and Remediation Efforts",2023,"Journal of …","pmc.ncbi.nlm.nih.gov","https://pmc.ncbi.nlm.nih.gov/articles/PMC10802910/","",855,"2026-04-12 17:51:05","HTML","","",,,,,,0,0.00,0,4,3,"Hester-Dendy (HD) multi-plate samplers have been widely used by state and federal government agencies for bioassessment of water quality through use of macroinvertebrate …","https://pmc.ncbi.nlm.nih.gov/articles/PMC10802910/","https://scholar.google.com/scholar?q=related:nsxj1OPQ7FYJ:scholar.google.com/&scioq=plecoptera%7Cstonefly%7Cstoneflies&hl=en&as_sdt=0,5&as_ylo=2023&as_yhi=2023"
2,"S Chaudhary","A digital database of trichomycete fungi and an investigation of seasonal effects on insect-trichomycetes networks",2023,"","search.proquest.com","https://search.proquest.com/openview/973c0139e5807958c0d9d41ec0c9967a/1?pq-origsite=gscholar&cbl=18750&diss=y","https://scholar.google.com/scholar?cites=16365498719768919628&as_sdt=2005&sciodt=0,5&hl=en",824,"2026-04-12 17:51:05","","","",,,,,,2,0.67,2,1,3,"Trichomycete fungi are gut symbionts of arthropods living in aquatic habitats. The lack of a central platform with accessible collection records and associated ecological metadata has …","https://utoronto.scholaris.ca/bitstreams/6c33c2fe-9bab-401a-825e-95aaebd0e8d7/download","https://scholar.google.com/scholar?q=related:TL7vo2DuHeMJ:scholar.google.com/&scioq=plecoptera%7Cstonefly%7Cstoneflies&hl=en&as_sdt=0,5&as_ylo=2023&as_yhi=2023"
1,"S Hanada, E Yamamoto","A gynandromorph of the stonefly Amphinemura zonata (Okamoto, 1922)(Plecoptera: Nemouridae) from Japan.",2023,"Zootaxa","europepmc.org","https://europepmc.org/article/med/38221127","https://scholar.google.com/scholar?cites=7170067189439937469&as_sdt=2005&sciodt=0,5&hl=en",48,"2026-04-12 17:51:05","","","",,,,,,1,0.33,1,2,3,"A gynandromorph of Amphinemura zonata (Okamoto, 1922) collected from Matsubara-izumi Pond in Japan is described and illustrated as the first report in the genus. The specimen …","","https://scholar.google.com/scholar?q=related:vTtAwh4ygWMJ:scholar.google.com/&scioq=plecoptera%7Cstonefly%7Cstoneflies&hl=en&as_sdt=0,5&as_ylo=2023&as_yhi=2023"
0,"KRS Hale, JD Curlis, GG Auteri, S Bishop…","A highly resolved multiplex network reveals the structural role of insects and plants in terrestrial food webs",2023,"…","storage.prod.researchhub.com","https://storage.prod.researchhub.com/uploads/papers/2023/10/11/2023.10.05.560934.full.pdf","",831,"2026-04-12 17:51:05","PDF","","",,,,,,0,0.00,0,5,3,"… Plecoptera (stoneflies, 2 319 species), Mecoptera (scorpionflies, 4 species), and Zygentoma (silverfish, 1 species). Some of 320 these do not feed in aboveground terrestrial habits (or at …","https://storage.prod.researchhub.com/uploads/papers/2023/10/11/2023.10.05.560934.full.pdf","https://scholar.google.com/scholar?q=related:p2-UnkLEwQcJ:scholar.google.com/&scioq=plecoptera%7Cstonefly%7Cstoneflies&hl=en&as_sdt=0,5&as_ylo=2023&as_yhi=2023"
2,"WD Bovill, BJ Downes, NR Bond, P Reich, R Coleman…","A large-scale field experiment across six rivers illustrates how the effects of resource enrichment are context dependent",2023,"Oecologia","Springer","https://link.springer.com/article/10.1007/s00442-023-05368-z","https://scholar.google.com/scholar?cites=4041445133773962908&as_sdt=2005&sciodt=0,5&hl=en",731,"2026-04-12 17:51:05","HTML","10.1007/s00442-023-05368-z","",,,,,,2,0.67,0,6,3,"… Some common taxa appeared at manipulation sites only after treatment (eg several stoneflies and beetles), with Hughes Ck having the highest number of such new colonists. A few …","https://link.springer.com/article/10.1007/s00442-023-05368-z","https://scholar.google.com/scholar?q=related:nP7Tye8YFjgJ:scholar.google.com/&scioq=plecoptera%7Cstonefly%7Cstoneflies&hl=en&as_sdt=0,5&as_ylo=2023&as_yhi=2023"
1,"A Marino, F Mina, D Ricaldone, F Bona, I Conrado…","A little story about river pollution, predation, and leg regeneration in Serratella ignita (Poda, 1761) (Ephemeroptera: Ephemerellidae)",2023,"AquAtic …","Taylor &Francis","https://www.tandfonline.com/doi/abs/10.1080/01650424.2023.2211972","https://scholar.google.com/scholar?cites=16826402712921076449&as_sdt=2005&sciodt=0,5&hl=en",958,"2026-04-12 17:51:05","","10.1080/01650424.2023.2211972","",,,,,,1,0.33,0,6,3,"We found significantly different percentages of malformed nymphs in two contiguous populations of Serratella ignita (Poda, 1761 ) in a stream in the northwestern Italy. We suggest that …","https://iris.unito.it/bitstream/2318/1907596/1/Editor-2023-0004.R1-A-littel-story-about-river-pollution%20with%20responses%20SF.pdf","https://scholar.google.com/scholar?q=related:4XJUBx5kg-kJ:scholar.google.com/&scioq=plecoptera%7Cstonefly%7Cstoneflies&hl=en&as_sdt=0,5&as_ylo=2023&as_yhi=2023"
4,"M Mahmud, DC Lahti, B Habig","A longitudinal assessment of benthic macroinvertebrate diversity and water quality along the Bronx River",2023,"Northeastern Naturalist","BioOne","https://bioone.org/journals/northeastern-naturalist/volume-29/issue-4/045.029.0403/A-Longitudinal-Assessment-of-Benthic-Macroinvertebrate-Diversity-and-Water-Quality/10.1656/045.029.0403.short","https://scholar.google.com/scholar?cites=11797220474237147985&as_sdt=2005&sciodt=0,5&hl=en",859,"2026-04-12 17:51:05","","10.1656/045.029.0403.short","",,,,,,4,1.33,1,3,3,"The Bronx River is an urban waterway with a long history of anthropogenic disturbance. We conducted a longitudinal assessment of the Bronx River's water quality by measuring …","https://www.qc.cuny.edu/academics/bio/wp-content/uploads/sites/117/2022/03/Mahmud21_MastersThesis-1.pdf","https://scholar.google.com/scholar?q=related:UdveV4QluKMJ:scholar.google.com/&scioq=plecoptera%7Cstonefly%7Cstoneflies&hl=en&as_sdt=0,5&as_ylo=2023&as_yhi=2023"
0,"STMC Pertoldi","A macroinvertebrate multi-metric index for Ethiopian highland streams",,"academia.edu","","https://www.academia.edu/download/96899302/s10750-019-04042-x20230106-1-9adf3h.pdf","",877,"2026-04-12 17:51:05","PDF","","",,,,,,0,0.00,0,1,,"… However, in this study, the frequency of occurrence of Stoneflies (order Plecoptera) was very low due to high habitat disturbances in most Ethiopian highland regions; instead order …","https://www.academia.edu/download/96899302/s10750-019-04042-x20230106-1-9adf3h.pdf","https://scholar.google.com/scholar?q=related:S2CuBqc1EtoJ:scholar.google.com/&scioq=plecoptera%7Cstonefly%7Cstoneflies&hl=en&as_sdt=0,5&as_ylo=2023&as_yhi=2023"
16,"V Ferreira, MAS Graça, A Elosegi","A meta-analysis of drought effects on litter decomposition in streams",2023,"Hydrobiologia","Springer","https://link.springer.com/article/10.1007/s10750-023-05181-y","https://scholar.google.com/scholar?cites=9838284472807104332&as_sdt=2005&sciodt=0,5&hl=en",788,"2026-04-12 17:51:05","HTML","10.1007/s10750-023-05181-y","",,,,,,16,5.33,5,3,3,"… Because invertebrate shredder species mostly belong to orders Plecoptera (stoneflies) and … Abundances of sensitive stonefly and caddisfly shredders also decrease with deterioration …","https://link.springer.com/article/10.1007/s10750-023-05181-y","https://scholar.google.com/scholar?q=related:TJ_oQJqbiIgJ:scholar.google.com/&scioq=plecoptera%7Cstonefly%7Cstoneflies&hl=en&as_sdt=0,5&as_ylo=2023&as_yhi=2023"
19,"JC Santiago-González, DL Kerns…","A Modified F2 Screen for Estimating Cry1Ac and Cry2Ab Resistance Allele Frequencies in Helicoverpa zea (Lepidoptera: Noctuidae)",2023,"Journal of economic …","academic.oup.com","https://academic.oup.com/jee/article-abstract/116/2/289/6968924","https://scholar.google.com/scholar?cites=17580204758180611264&as_sdt=2005&sciodt=0,5&hl=en",800,"2026-04-12 17:51:05","","","",,,,,,19,6.33,6,3,3,"Evaluating the frequency of resistance alleles is important for resistance management and sustainable use of transgenic crops that produce insecticidal proteins from Bacillus …","https://www.academia.edu/download/119184568/toac181.pdf","https://scholar.google.com/scholar?q=related:wMT8aRVv-fMJ:scholar.google.com/&scioq=plecoptera%7Cstonefly%7Cstoneflies&hl=en&as_sdt=0,5&as_ylo=2023&as_yhi=2023"
3,"JRA Abejo, JH Jumawan","A Multifaceted Study of Wawa River, Esperanza, Agusan Del Sur, Philippines-Aquatic Macroinvertebrates, Water Quality, and Soil Particle Size Analysis",2023,"American Journal of Interdisciplinary …","academia.edu","https://www.academia.edu/download/125119999/1012.pdf","https://scholar.google.com/scholar?cites=15480872840344239532&as_sdt=2005&sciodt=0,5&hl=en",330,"2026-04-12 17:51:05","PDF","","",,,,,,3,1.00,2,2,3,"… Mayfly nymphs and Stonefly also show a higher abundance in the midstream and upstream … The discovery of pollution-sensitive macroinvertebrates like Damselfly, Mayfly, and Stonefly …","https://www.academia.edu/download/125119999/1012.pdf","https://scholar.google.com/scholar?q=related:rP21vdMb19YJ:scholar.google.com/&scioq=plecoptera%7Cstonefly%7Cstoneflies&hl=en&as_sdt=0,5&as_ylo=2023&as_yhi=2023"
1,"H Sato","A new association between Harpellales, insect-gut inhabiting fungi, and Chironomidae in Japan with an updated list of Harpellales documented from Chironomidae",2023,"CHIRONOMUS Journal of Chironomidae Research","ntnu.no","https://www.ntnu.no/ojs/index.php/chironomus/article/view/5050","https://scholar.google.com/scholar?cites=5532909748003568931&as_sdt=2005&sciodt=0,5&hl=en",636,"2026-04-12 17:51:05","","","",,,,,,1,0.33,1,1,3,"Harpellales (Zoopagomycotina) is a fungal order of which species inhabit the intestine of aquatic arthropods by attaching their thalli to the host’s gut lining. Harpellales consists of 270 …","https://www.ntnu.no/ojs/index.php/chironomus/article/download/5050/5244","https://scholar.google.com/scholar?q=related:I30M6BnYyEwJ:scholar.google.com/&scioq=plecoptera%7Cstonefly%7Cstoneflies&hl=en&as_sdt=0,5&as_ylo=2023&as_yhi=2023"
23,"P Zwick","A new classification of genus Neoperla and systematic studies of other Perlinae (Plecoptera: Perlidae).",2023,"Zootaxa","europepmc.org","https://europepmc.org/article/med/38221062","https://scholar.google.com/scholar?cites=7351582835276971964&as_sdt=2005&sciodt=0,5&hl=en",6,"2026-04-12 17:51:05","","","",,,,,,23,7.67,23,1,3,"A new formal classification for the largest genus of Perlinae, Neoperla, is introduced to replace the artificial split of the genus into two informal groups. Globally, there are close to 300 …","","https://scholar.google.com/scholar?q=related:vP-KaaMRBmYJ:scholar.google.com/&scioq=plecoptera%7Cstonefly%7Cstoneflies&hl=en&as_sdt=0,5&as_ylo=2023&as_yhi=2023"
0,"D Muranyi, JM Hwang","A new genus and species of Perlodinae (Plecoptera: Perlodidae) from Korea",2023,"Zootaxa","pubmed.ncbi.nlm.nih.gov","https://pubmed.ncbi.nlm.nih.gov/37044429/","",65,"2026-04-12 17:51:05","","","",,,,,,0,0.00,0,2,3,"Habaek koreanus gen. n., sp. n., a remarkable new Perlodinae is described from adults of both sexes, collected by Malaise traps in South Korea. On the basis of male characters, it is …","","https://scholar.google.com/scholar?q=related:jN-xiJCNK9AJ:scholar.google.com/&scioq=plecoptera%7Cstonefly%7Cstoneflies&hl=en&as_sdt=0,5&as_ylo=2023&as_yhi=2023"
8,"S Guo, W Ma, Y Tang, L Chen, Y Wang, Y Cui…","A new method for examining the co-occurrence network of fossil assemblages",2023,"Communications …","nature.com","https://www.nature.com/articles/s42003-023-05417-6","https://scholar.google.com/scholar?cites=4891828739926604090&as_sdt=2005&sciodt=0,5&hl=en",198,"2026-04-12 17:51:05","HTML","","",,,,,,8,2.67,1,7,3,"… Diptera (true flies), Mecoptera (scorpionflies) and Plecoptera (stoneflies) account for most of the abundance in plots where habitats are adjacent to water bodies, settings favorable for …","https://www.nature.com/articles/s42003-023-05417-6","https://scholar.google.com/scholar?q=related:OjlfKVJE40MJ:scholar.google.com/&scioq=plecoptera%7Cstonefly%7Cstoneflies&hl=en&as_sdt=0,5&as_ylo=2023&as_yhi=2023"
7,"ND Hettige, R Hashim, AA Kutty, ZH Ashaari","A new model for organic contamination assessments using benthic macroinvertebrates as biological indicators",2023,"Turkish Journal of Fisheries …","trjfas.org","https://www.trjfas.org/abstract.php?lang=en&id=14966","https://scholar.google.com/scholar?cites=8955559576580800426&as_sdt=2005&sciodt=0,5&hl=en",752,"2026-04-12 17:51:05","","","",,,,,,7,2.33,2,4,3,"The main goal of this study was to develop a model for organic pollution assessment. Seven sampling sites in six rivers in the Rawang sub-basin, Selangor River, Malaysia, were …","https://www.trjfas.org/pdf.php?id=14966","https://scholar.google.com/scholar?q=related:qj_yfvyJSHwJ:scholar.google.com/&scioq=plecoptera%7Cstonefly%7Cstoneflies&hl=en&as_sdt=0,5&as_ylo=2023&as_yhi=2023"
7,"ZT Chen","A new peltoperlid stonefly from mid-Cretaceous amber of northern Myanmar (Plecoptera: Peltoperlidae)",2023,"Cretaceous Research","Elsevier","https://www.sciencedirect.com/science/article/pii/S0195667123001246","https://scholar.google.com/scholar?cites=1256129434953859219&as_sdt=2005&sciodt=0,5&hl=en",8,"2026-04-12 17:51:05","","","",,,,,,7,2.33,7,1,3,"… Peltoperlidae is a small stonefly family comprising 10 extant genera in two extant … The discovery presents the third fossil stonefly of Peltoperlidae, and more importantly, the first fossil …","","https://scholar.google.com/scholar?q=related:k0BW2hCrbhEJ:scholar.google.com/&scioq=plecoptera%7Cstonefly%7Cstoneflies&hl=en&as_sdt=0,5&as_ylo=2023&as_yhi=2023"
4,"BC Chessman","A new salinity index for the invertebrate fauna of Australian inland waters",2023,"Hydrobiologia","Springer","https://link.springer.com/article/10.1007/s10750-023-05252-0","https://scholar.google.com/scholar?cites=15137240452157938474&as_sdt=2005&sciodt=0,5&hl=en",722,"2026-04-12 17:51:05","HTML","10.1007/s10750-023-05252-0","",,,,,,4,1.33,4,1,3,"… salinity in relation to variation in EC in Victorian streams was equivalent to proportional variation in SIGNAL and less than proportional variation in EPT (Ephemeroptera, Plecoptera and …","https://link.springer.com/article/10.1007/s10750-023-05252-0","https://scholar.google.com/scholar?q=related:KhuMnv1HEtIJ:scholar.google.com/&scioq=plecoptera%7Cstonefly%7Cstoneflies&hl=en&as_sdt=0,5&as_ylo=2023&as_yhi=2023"
0,"S AV","A new species of Gripopterygidae (Insecta: Plecoptera) from Patagonia: Antarctoperla aonikenk sp. n.",2023,"Zootaxa","europepmc.org","https://europepmc.org/article/med/38221395","",96,"2026-04-12 17:51:05","","","",,,,,,0,0.00,0,1,3,"A new species of Gripopterygidae from Chilean Patagonia, Antarctoperla aonikenk sp. n., is described. This species shows wing dimorphism, with brachypterous males and …","","https://scholar.google.com/scholar?q=related:C0lUa7PHORAJ:scholar.google.com/&scioq=plecoptera%7Cstonefly%7Cstoneflies&hl=en&as_sdt=0,5&as_ylo=2023&as_yhi=2023"
6,"D Murányi, KI Arkhipova, RJ Godunko","A new species of Nemoura (Plecoptera: Nemouridae) from the Eastern Carpathians",2023,"Acta Phytopathologica et …","akjournals.com","https://akjournals.com/view/journals/038/58/1/article-p51.xml","https://scholar.google.com/scholar?cites=14271109093960896533&as_sdt=2005&sciodt=0,5&hl=en",23,"2026-04-12 17:51:05","HTML","","",,,,,,6,2.00,2,3,3,"Nemoura kozari sp. n. is described on the basis of morphology of male adults collected in the Eastern Carpathians. The new species is classified as a member of the Nemoura …","https://akjournals.com/view/journals/038/58/1/article-p51.xml","https://scholar.google.com/scholar?q=related:FdBiABwqDcYJ:scholar.google.com/&scioq=plecoptera%7Cstonefly%7Cstoneflies&hl=en&as_sdt=0,5&as_ylo=2023&as_yhi=2023"
6,"CP Xu, A Nel, J Millet","A new species of stonefly from the Miocene amber of China (Plecoptera: Arctoperlaria: Nemouridae)",2023,"Palaeoworld","Elsevier","https://www.sciencedirect.com/science/article/pii/S1871174X2200018X","https://scholar.google.com/scholar?cites=15089252197856960756&as_sdt=2005&sciodt=0,5&hl=en",31,"2026-04-12 17:51:05","","","",,,,,,6,2.00,2,3,3,"Amphinemura himberii n. sp., first known fossil species of the nemourid subfamily Amphinemurinae, is described from the Miocene Zhangpu amber of (Fujian Province, southeastern …","https://www.sciencedirect.com/science/article/am/pii/S1871174X2200018X","https://scholar.google.com/scholar?q=related:9OCLe-3KZ9EJ:scholar.google.com/&scioq=plecoptera%7Cstonefly%7Cstoneflies&hl=en&as_sdt=0,5&as_ylo=2023&as_yhi=2023"
2,"AM Rahim, S Ab Hamid","A Note on Diversity of Aquatic Insects in Rivers of Royal Belum State Park, Perak",2023,"Journal of Tropical Resources and …","academia.edu","https://www.academia.edu/download/124337426/696.pdf","https://scholar.google.com/scholar?cites=5293211682825161288&as_sdt=2005&sciodt=0,5&hl=en",149,"2026-04-12 17:51:05","PDF","","",,,,,,2,0.67,1,2,3,"… Etrocorema, a stonefly species that belongs to the family Perlidae, was the most prevalent plecopteran family reported globally. According to Amiruddin and Suhaila (2020), Perlidae …","https://www.academia.edu/download/124337426/696.pdf","https://scholar.google.com/scholar?q=related:SMq9G_tDdUkJ:scholar.google.com/&scioq=plecoptera%7Cstonefly%7Cstoneflies&hl=en&as_sdt=0,5&as_ylo=2023&as_yhi=2023"
4,"VA Gupta, MV Padmavati…","A novel insect and pest identification model based on a weighted multipath convolutional neural network and generative adversarial network",2023,"… Journal of Modern …","kijoms.uokerbala.edu.iq","https://kijoms.uokerbala.edu.iq/home/vol9/iss1/14/","https://scholar.google.com/scholar?cites=4874238172285900254&as_sdt=2005&sciodt=0,5&hl=en",306,"2026-04-12 17:51:05","","","",,,,,,4,1.33,1,3,3,"… stonefly larvae, the studies conducted in [17] proposed a computer vision approach. Images of stonefly … approach can be used to differentiate some stonefly taxa, two of which, Cal…","https://kijoms.uokerbala.edu.iq/cgi/viewcontent.cgi?article=3280&context=home","https://scholar.google.com/scholar?q=related:3hXA-crFpEMJ:scholar.google.com/&scioq=plecoptera%7Cstonefly%7Cstoneflies&hl=en&as_sdt=0,5&as_ylo=2023&as_yhi=2023"
0,"M Layer","A Phylogenetic Analysis of the Leuctra Ferruginea (Walker 1852) Species Group (Plecoptera: Leuctridae)",2023,"","digitalcommons.wku.edu","https://digitalcommons.wku.edu/theses/3663/","",119,"2026-04-12 17:51:05","","","",,,,,,0,0.00,0,1,3,"Leuctra Stephens, 1836 is a genus of Plecoptera (Leuctridae) distributed widely across the Northern Hemisphere, with approximately 210 species reported from eastern North America, …","","https://scholar.google.com/scholar?q=related:nM1Q68ofXZsJ:scholar.google.com/&scioq=plecoptera%7Cstonefly%7Cstoneflies&hl=en&as_sdt=0,5&as_ylo=2023&as_yhi=2023"
2,"WD Shepard, R Kundrata","A Review of Araeopidius monachus (LeConte, 1874) (Coleoptera: Dryopoidea: Ptilodactylidae), with Main Emphasis on Its Biology and Ecology",2023,"Diversity","mdpi.com","https://www.mdpi.com/1424-2818/15/2/131","https://scholar.google.com/scholar?cites=5525693026968014770&as_sdt=2005&sciodt=0,5&hl=en",379,"2026-04-12 17:51:05","HTML","","",,,,,,2,0.67,1,2,3,"… monachus larvae included the following: two genera of nemourid stoneflies (Plecoptera), … The few predators found included one chloroperlid stonefly (Plecoptera), several corydalid …","https://www.mdpi.com/1424-2818/15/2/131","https://scholar.google.com/scholar?q=related:sg9IGog0r0wJ:scholar.google.com/&scioq=plecoptera%7Cstonefly%7Cstoneflies&hl=en&as_sdt=0,5&as_ylo=2023&as_yhi=2023"
40,"G Ndatimana, D Nantege, FO Arimoro","A review of the application of the macroinvertebrate-based multimetric indices (MMIs) for water quality monitoring in lakes",2023,"Environmental Science and …","Springer","https://link.springer.com/article/10.1007/s11356-023-27559-0","https://scholar.google.com/scholar?cites=12332797313163767920&as_sdt=2005&sciodt=0,5&hl=en",366,"2026-04-12 17:51:05","","10.1007/s11356-023-27559-0","",,,,,,40,13.33,13,3,3,"The increasing stress on lake ecosystems is affecting their functioning such as providing goods and services to inhabiting organisms and riparian communities. Monitoring of water …","https://www.researchsquare.com/article/rs-2180188/latest.pdf","https://scholar.google.com/scholar?q=related:cLAEetDlJqsJ:scholar.google.com/&scioq=plecoptera%7Cstonefly%7Cstoneflies&hl=en&as_sdt=0,5&as_ylo=2023&as_yhi=2023"
2,"ND Sinitshenkova","A review of the Triassic stoneflies (Insecta: Perlida= Plecoptera) with a description of a new genus and species of the family Perlariopseidae from the Dzhayloucho …",2023,"Paleontological Journal","Springer","https://link.springer.com/article/10.1134/S0031030123040123","https://scholar.google.com/scholar?cites=10299915513920183847&as_sdt=2005&sciodt=0,5&hl=en",7,"2026-04-12 17:51:05","","10.1134/S0031030123040123","",,,,,,2,0.67,2,1,3,"… and stoneflies in particular, there are still much fewer studied Triassic localities than Permian, Jurassic, or Cretaceous. Stoneflies … in which the diversity of stoneflies is low, since they are …","","https://scholar.google.com/scholar?q=related:J16_r5am8I4J:scholar.google.com/&scioq=plecoptera%7Cstonefly%7Cstoneflies&hl=en&as_sdt=0,5&as_ylo=2023&as_yhi=2023"
0,"ND Sinichenkova","A Review of the Triassic Stoneflies (Insecta: Perlida= Plecoptera) with a Description of a New Genus and Species of the Family Perlariopseidae from the Dzhayloucho …",2023,"Paleontologičeskij žurnal","innoscience.ru","https://innoscience.ru/0031-031X/article/view/673483","",89,"2026-04-12 17:51:05","","","",,,,,,0,0.00,0,1,3,"To date, the Triassic stoneflies have been described from both the Southern (Australia, … Early Triassic stoneflies have not been found yet, and 28 species of 16 genera from six families …","","https://scholar.google.com/scholar?q=related:RmGTPM08pGIJ:scholar.google.com/&scioq=plecoptera%7Cstonefly%7Cstoneflies&hl=en&as_sdt=0,5&as_ylo=2023&as_yhi=2023"
0,"VV Shimpi, SU Pagar","A Review: Experimental Investigation on Self-Curing Concrete Incorporated with Rice Husk Ash and PEG-400",,"ijirse.com","","https://ijirse.com/ADMIN/admin/postimages/images/fullpdf/K7050.pdf","",961,"2026-04-12 17:51:05","PDF","","",,,,,,0,0.00,0,2,,"The necessity of concrete increasing year by year. In present, cement is now becoming a non-renewable material because of lack of limestone deposits. Also, while the production of …","https://ijirse.com/ADMIN/admin/postimages/images/fullpdf/K7050.pdf","https://scholar.google.com/scholar?q=related:0I9h8XxmYEkJ:scholar.google.com/&scioq=plecoptera%7Cstonefly%7Cstoneflies&hl=en&as_sdt=0,5&as_ylo=2023&as_yhi=2023"
518,"L Crowley, H Allen, I Barnes, D Boyes…","A sampling strategy for genome sequencing the British terrestrial arthropod fauna",2023,"Wellcome open …","pmc.ncbi.nlm.nih.gov","https://pmc.ncbi.nlm.nih.gov/articles/PMC10318377/","https://scholar.google.com/scholar?cites=7808607572129450876&as_sdt=2005&sciodt=0,5&hl=en",609,"2026-04-12 17:51:05","HTML","","",,,,,,518,172.67,104,5,3,"The Darwin Tree of Life (DToL) project aims to sequence and assemble high-quality genomes from all eukaryote species in Britain and Ireland, with the first phase of the project …","https://pmc.ncbi.nlm.nih.gov/articles/PMC10318377/","https://scholar.google.com/scholar?q=related:fIszDze_XWwJ:scholar.google.com/&scioq=plecoptera%7Cstonefly%7Cstoneflies&hl=en&as_sdt=0,5&as_ylo=2023&as_yhi=2023"
2,"P Karmakar, A Mishra, C Borah, A Hamid…","A Scientific Report on Infestation and Biology of Orange Drinker, Euthrix laeta (Walker, 1855) (Lepidoptera: Lasiocampidae) on Shisham (Dalbergia sissoo Roxb.) …",2023,"National Academy …","Springer","https://link.springer.com/article/10.1007/s40009-022-01189-5","https://scholar.google.com/scholar?cites=15038925391408998673&as_sdt=2005&sciodt=0,5&hl=en",634,"2026-04-12 17:51:05","","10.1007/s40009-022-01189-5","",,,,,,2,0.67,0,5,3,"… sissoo due to the infestation of major insect pests, namely Ascotis infixaria Walk, Dichomeris eridantis Mayer and Plecoptera reflexa Gunee [1]. …","","https://scholar.google.com/scholar?q=related:ESmJvvb-tNAJ:scholar.google.com/&scioq=plecoptera%7Cstonefly%7Cstoneflies&hl=en&as_sdt=0,5&as_ylo=2023&as_yhi=2023"
1,"RSB da Silva, WL Lázaro…","A Scientometric Analysis of the Use Indices for Water Quality Biomonitoring",2023,"… Journal of Social …","revistas.unievangelica.edu.br","https://revistas.unievangelica.edu.br/index.php/fronteiras/article/view/6450","https://scholar.google.com/scholar?cites=10860989166492466485&as_sdt=2005&sciodt=0,5&hl=en",287,"2026-04-12 17:51:05","HTML","","",,,,,,1,0.33,0,3,3,"… Os resultados mostraram que o índice EPT (Ephemeroptera, Plecoptera e Trichoptera) foi o mais utilizado entre todas as bases investigadas (20%) e entre os periódicos, obteve-se o …","https://revistas.unievangelica.edu.br/index.php/fronteiras/article/view/6450","https://scholar.google.com/scholar?q=related:NT0mWhr8uZYJ:scholar.google.com/&scioq=plecoptera%7Cstonefly%7Cstoneflies&hl=en&as_sdt=0,5&as_ylo=2023&as_yhi=2023"
17,"T Duarte, LS Lecci","A scientometric approach to the taxonomy of Brazilian Plecoptera: an overview of data",2023,"Revista Brasileira de Entomologia","SciELO Brasil","https://www.scielo.br/j/rbent/a/53bmrDPDp4PGm9kXf97g9Gv/?lang=en","https://scholar.google.com/scholar?cites=3061767464911534917&as_sdt=2005&sciodt=0,5&hl=en",2,"2026-04-12 17:51:05","HTML","","",,,,,,17,5.67,9,2,3,"The order Plecoptera comprises nearly 4,400 species of freshwater insects known for their specific temperature requirements. In Brazil, there are 207 valid extant species, with 172 (83%…","https://www.scielo.br/j/rbent/a/53bmrDPDp4PGm9kXf97g9Gv/?lang=en","https://scholar.google.com/scholar?q=related:RXvmkkmVfSoJ:scholar.google.com/&scioq=plecoptera%7Cstonefly%7Cstoneflies&hl=en&as_sdt=0,5&as_ylo=2023&as_yhi=2023"
2,"A ABEDI, H RAHMANI, S HAGHPARAST…","A seasonal survey on feeding diet, breadth and feeding niche overlap of the native brown trout (Salmo trutta) and the exotic rainbow trout (Oncorhynchus mykiss) in …",2023,"Iranian Journal of …","ijichthyol.org","http://ijichthyol.org/index.php/iji/article/view/957","https://scholar.google.com/scholar?cites=8552573593495285274&as_sdt=2005&sciodt=0,5&hl=en",308,"2026-04-12 17:51:05","","","",,,,,,2,0.67,1,4,3,"… By contrast, rainbow trout samples studied here hunted Plecoptera, Gammarus and tresstrail insects as main and selective preys but Chironomids and Simulidae were hunted as …","http://ijichthyol.org/index.php/iji/article/download/957/636","https://scholar.google.com/scholar?q=related:Gi6sq17YsHYJ:scholar.google.com/&scioq=plecoptera%7Cstonefly%7Cstoneflies&hl=en&as_sdt=0,5&as_ylo=2023&as_yhi=2023"
0,"H Brazier","A Secret Habitat Under the Snow.",2023,"Legacy Magazine","go.gale.com","https://go.gale.com/ps/i.do?id=GALE%7CA791708573&sid=googleScholar&v=2.1&it=r&linkaccess=abs&issn=10523774&p=AONE&sw=w","",787,"2026-04-12 17:51:05","","","",,,,,,0,0.00,0,1,3,"… Kosma's animated graphics depict wildlife moving as they would in the wild: The red fox jumps into the snow to catch her prey while a winter stonefly scurries on the surface of the snow. …","","https://scholar.google.com/scholar?q=related:ZUwEixXaC9wJ:scholar.google.com/&scioq=plecoptera%7Cstonefly%7Cstoneflies&hl=en&as_sdt=0,5&as_ylo=2023&as_yhi=2023"
4,"AA Petrov, EV Soldatenko","A simple and low‐cost method to visualize musculature and other aspects of anatomy by confocal microscopy",2023,"Microscopy Research and …","Wiley Online Library","https://analyticalsciencejournals.onlinelibrary.wiley.com/doi/abs/10.1002/jemt.24295","https://scholar.google.com/scholar?cites=5585565979213378927&as_sdt=2005&sciodt=0,5&hl=en",780,"2026-04-12 17:51:05","","10.1002/jemt.24295","",,,,,,4,1.33,2,2,3,"Confocal microscopy study of musculature and other anatomical structures in whole‐mount preparations of arthropods and some other cuticle‐bearing animals often presents a …","","https://scholar.google.com/scholar?q=related:bzWFHKrqg00J:scholar.google.com/&scioq=plecoptera%7Cstonefly%7Cstoneflies&hl=en&as_sdt=0,5&as_ylo=2023&as_yhi=2023"
4,"R Gerber, L de Necker, JHJ van Vuren…","A stable isotope analysis of the dietary patterns of the aquatic apex predator, the African tigerfish (Hydrocynus vittatus)",2023,"Journal of Fish …","Wiley Online Library","https://onlinelibrary.wiley.com/doi/abs/10.1111/jfb.15516","https://scholar.google.com/scholar?cites=13217125750057796171&as_sdt=2005&sciodt=0,5&hl=en",805,"2026-04-12 17:51:05","","10.1111/jfb.15516","",,,,,,4,1.33,1,4,3,"… secondary assessment from the Luvuvhu River indicated that macroinvertebrates from the order Coleoptera made the largest contribution to their diet, followed by plankton, Plecoptera, …","https://onlinelibrary.wiley.com/doi/pdf/10.1111/jfb.15516","https://scholar.google.com/scholar?q=related:SwLdo9epbLcJ:scholar.google.com/&scioq=plecoptera%7Cstonefly%7Cstoneflies&hl=en&as_sdt=0,5&as_ylo=2023&as_yhi=2023"
0,"MJ Islam, A Hasnat, ASM Sayem, F Tousif","A STUDY OF LIGHTWEIGHT GREEN CONCRTE USING WASTE PLASTIC",,"academia.edu","","https://www.academia.edu/download/97348484/C_4_A_STUDY_OF_LIGHTWEIGHT_GREEN_CONCRTE_USING_WASTE_PLASTIC.pdf","",967,"2026-04-12 17:51:05","PDF","","",,,,,,0,0.00,0,4,,"In this study, polypropylene (PP) plastics have been used as the partial replacement for the conventional coarse aggregate. Polypropylene, a waste polymeric material, is produced …","https://www.academia.edu/download/97348484/C_4_A_STUDY_OF_LIGHTWEIGHT_GREEN_CONCRTE_USING_WASTE_PLASTIC.pdf","https://scholar.google.com/scholar?q=related:bZ_2-LQ8lrEJ:scholar.google.com/&scioq=plecoptera%7Cstonefly%7Cstoneflies&hl=en&as_sdt=0,5&as_ylo=2023&as_yhi=2023"
9,"VA Gupta, MV Padmavati, RR Saxena…","A study on image processing techniques and deep learning techniques for insect identification",2023,"… Journal of Modern …","kijoms.uokerbala.edu.iq","https://kijoms.uokerbala.edu.iq/home/vol9/iss2/16/","https://scholar.google.com/scholar?cites=5795233725625318684&as_sdt=2005&sciodt=0,5&hl=en",204,"2026-04-12 17:51:05","","","",,,,,,9,3.00,2,4,3,"… Images of stonefly larvae are captured through a semi-automated mechanical manipulation … stonefly taxa that are known to be tough to discern, even by specialists, is a testament to its …","https://kijoms.uokerbala.edu.iq/cgi/viewcontent.cgi?article=3289&context=home","https://scholar.google.com/scholar?q=related:HL1Cdl7ObFAJ:scholar.google.com/&scioq=plecoptera%7Cstonefly%7Cstoneflies&hl=en&as_sdt=0,5&as_ylo=2023&as_yhi=2023"
0,"MC Gonçalves","A study on phylogeny, reproductive system, and spermatozoa in Plecoptera (Insecta)",2023,"","Universidade Federal de Viçosa","","",109,"2026-04-12 17:51:05","CITATION","","",,,,,,0,0.00,0,1,3,"","","https://scholar.google.com/scholar?q=related:GfSyPeVGy3EJ:scholar.google.com/&scioq=plecoptera%7Cstonefly%7Cstoneflies&hl=en&as_sdt=0,5&as_ylo=2023&as_yhi=2023"
2,"N Nath","A study on: Aquatic ecosystem, its features, functions and threats",2023,"Jamshedpur Research Review","jamshedpurresearchreview.com","https://jamshedpurresearchreview.com/wp-content/uploads/2023/07/Jamshedpur-Research-Review-Year-11-Volume-3-Issue-59-May-June-2023-2.pdf#page=58","https://scholar.google.com/scholar?cites=10836214518500773694&as_sdt=2005&sciodt=0,5&hl=en",974,"2026-04-12 17:51:05","PDF","","",,,,,,2,0.67,2,1,3,"An ecosystem is a natural unit of living and non-living parts that interact to produce a stable system. Ecology is the study of ecosystems, or how living things relate to the environment …","https://jamshedpurresearchreview.com/wp-content/uploads/2023/07/Jamshedpur-Research-Review-Year-11-Volume-3-Issue-59-May-June-2023-2.pdf#page=58","https://scholar.google.com/scholar?q=related:Pk8rHbH3YZYJ:scholar.google.com/&scioq=plecoptera%7Cstonefly%7Cstoneflies&hl=en&as_sdt=0,5&as_ylo=2023&as_yhi=2023"
47,"TB Bambaradeniya, PA Magni, IR Dadour","A summary of concepts, procedures and techniques used by forensic entomologists and proxies",2023,"Insects","mdpi.com","https://www.mdpi.com/2075-4450/14/6/536?trk=public_post_comment-text","https://scholar.google.com/scholar?cites=13521703559761639080&as_sdt=2005&sciodt=0,5&hl=en",597,"2026-04-12 17:51:05","HTML","","",,,,,,47,15.67,16,3,3,"Forensic entomology is a branch of forensic science that incorporates insects as a part of solving crime. Insect-based evidence recovered at a crime scene can be used to estimate the …","https://www.mdpi.com/2075-4450/14/6/536?trk=public_post_comment-text","https://scholar.google.com/scholar?q=related:qDa6Hb-9prsJ:scholar.google.com/&scioq=plecoptera%7Cstonefly%7Cstoneflies&hl=en&as_sdt=0,5&as_ylo=2023&as_yhi=2023"
13,"KJ Wight, DG McNicholl, KM Dunmall","A systematic review of the trophic ecology of eight ecologically and culturally important fish species in the North American Arctic",2023,"Polar Biology","Springer","https://link.springer.com/article/10.1007/s00300-023-03133-9","https://scholar.google.com/scholar?cites=12009064139637296120&as_sdt=2005&sciodt=0,5&hl=en",517,"2026-04-12 17:51:05","HTML","10.1007/s00300-023-03133-9","",,,,,,13,4.33,4,3,3,"Rapid climate change occurring in the Arctic may affect the diet of ecologically and culturally important northern fish species. Here, a systematic literature review was completed for eight …","https://link.springer.com/article/10.1007/s00300-023-03133-9","https://scholar.google.com/scholar?q=related:-Iv2TzXEqKYJ:scholar.google.com/&scioq=plecoptera%7Cstonefly%7Cstoneflies&hl=en&as_sdt=0,5&as_ylo=2023&as_yhi=2023"
0,"JH Lee, SK Kim","A taxonomic study on the genus Stichillus (Diptera: Phoridae) from South Korea",2023,"한국응용곤충학회 학술대회논문집","","","",214,"2026-04-12 17:51:05","CITATION","","",,,,,,0,0.00,0,2,3,"","","https://scholar.google.com/scholar?q=related:-lXvIbpuXvQJ:scholar.google.com/&scioq=plecoptera%7Cstonefly%7Cstoneflies&hl=en&as_sdt=0,5&as_ylo=2023&as_yhi=2023"
0,"RM Conway","A Trait-Based Predictive Framework for Community Assembly in River Networks",2023,"","search.proquest.com","https://search.proquest.com/openview/1428badf45e0170e13ab4ce08af9c370/1?pq-origsite=gscholar&cbl=18750&diss=y","",938,"2026-04-12 17:51:05","","","",,,,,,0,0.00,0,1,3,"Climate change and human-driven landscape alterations pose critical threats to riverine organisms. In California, aquatic taxa have evolved to cope with stream intermittency, but novel …","https://escholarship.org/content/qt2hg282kb/qt2hg282kb.pdf","https://scholar.google.com/scholar?q=related:RnkCe1VlXiMJ:scholar.google.com/&scioq=plecoptera%7Cstonefly%7Cstoneflies&hl=en&as_sdt=0,5&as_ylo=2023&as_yhi=2023"
0,"CM Suárez-Tovar, AS Ensaldo-Cárdenas…","Abordando las respuestas de odonatos ante cambios ambientales del Antropoceno desde el Laboratorio de Ecología de la Conducta de Artrópodos (LECA)",,"Hetaerina. Boletín de la …","researchgate.net","https://www.researchgate.net/profile/Emmy-Medina-Espinoza/publication/373360255_HETAERINA_Boletin_de_la_Sociedad_de_Odonatologia_Latinoamericana_V5_No_2_2023-2/links/64e785b70acf2e2b520dc0eb/HETAERINA-Boletin-de-la-Sociedad-de-Odonatologia-Latinoamericana-V5-No-2-2023-2.pdf#page=6","",889,"2026-04-12 17:51:05","PDF","","",,,,,,0,0.00,0,3,,"Algo que caracteriza a nuestra época es la pérdida o modificación de los entornos naturales y, en consecuencia, la pérdida de la biodiversidad y la alteración del clima a escalas …","https://www.researchgate.net/profile/Emmy-Medina-Espinoza/publication/373360255_HETAERINA_Boletin_de_la_Sociedad_de_Odonatologia_Latinoamericana_V5_No_2_2023-2/links/64e785b70acf2e2b520dc0eb/HETAERINA-Boletin-de-la-Sociedad-de-Odonatologia-Latinoamericana-V5-No-2-2023-2.pdf#page=6","https://scholar.google.com/scholar?q=related:yTj8AnB9qt8J:scholar.google.com/&scioq=plecoptera%7Cstonefly%7Cstoneflies&hl=en&as_sdt=0,5&as_ylo=2023&as_yhi=2023"
0,"WE Davis Jr","About the Cover: Harlequin Duck",2023,"Bird Observer","digitalcommons.usf.edu","https://digitalcommons.usf.edu/cgi/viewcontent.cgi?article=2727&context=bird_observer","",884,"2026-04-12 17:51:05","PDF","","",,,,,,0,0.00,0,1,3,"… In the freshwater streams they take crustaceans and aquatic insects such as caddis and stone fly larvae and midges; they may take a few fish. Harlequin Ducks are very tame and …","https://digitalcommons.usf.edu/cgi/viewcontent.cgi?article=2727&context=bird_observer","https://scholar.google.com/scholar?q=related:9iBy9-nsDWkJ:scholar.google.com/&scioq=plecoptera%7Cstonefly%7Cstoneflies&hl=en&as_sdt=0,5&as_ylo=2023&as_yhi=2023"
0,"AA Muhammad, ORF Ph","ABUNDANCE AND COMPOSITION OF AQUATIC INSECTSOF OWENA RIVER, ONDO STATE, SOUTHWESTERN NIGERIA.",2023,"GSJ","researchgate.net","https://www.researchgate.net/profile/Abubakar-Muhammad-57/publication/374910986_ABUNDANCE_AND_COMPOSITION_OF_AQUATIC_INSECTSOF_OWENA_RIVER_ONDO_STATE_SOUTHWESTERN_NIGERIA/links/65359e8a5d51a8012b63bf12/ABUNDANCE-AND-COMPOSITION-OF-AQUATIC-INSECTSOF-OWENA-RIVER-ONDO-STATE-SOUTHWESTERN-NIGERIA.pdf","",155,"2026-04-12 17:51:05","PDF","","",,,,,,0,0.00,0,2,3,"… study Ephemeroptera and Plecoptera are recorded in station 1 this indicate that the station 1 is of good water quality.While the absence of Ephemeroptera and Plecoptera at station 2 is …","https://www.researchgate.net/profile/Abubakar-Muhammad-57/publication/374910986_ABUNDANCE_AND_COMPOSITION_OF_AQUATIC_INSECTSOF_OWENA_RIVER_ONDO_STATE_SOUTHWESTERN_NIGERIA/links/65359e8a5d51a8012b63bf12/ABUNDANCE-AND-COMPOSITION-OF-AQUATIC-INSECTSOF-OWENA-RIVER-ONDO-STATE-SOUTHWESTERN-NIGERIA.pdf","https://scholar.google.com/scholar?q=related:ZxCPSUckDpYJ:scholar.google.com/&scioq=plecoptera%7Cstonefly%7Cstoneflies&hl=en&as_sdt=0,5&as_ylo=2023&as_yhi=2023"
43,"KE Powell, TH Oliver, T Johns…","Abundance trends for river macroinvertebrates vary across taxa, trophic group and river typology",2023,"Global Change …","Wiley Online Library","https://onlinelibrary.wiley.com/doi/abs/10.1111/gcb.16549","https://scholar.google.com/scholar?cites=7260389427215899054&as_sdt=2005&sciodt=0,5&hl=en",276,"2026-04-12 17:51:05","","10.1111/gcb.16549","",,,,,,43,14.33,11,4,3,"… By contrast, we found other macroinvertebrate groups generally associated with better water quality due to higher sensitivity, such as some families of Plecoptera and Trichoptera, to …","https://onlinelibrary.wiley.com/doi/pdfdirect/10.1111/gcb.16549","https://scholar.google.com/scholar?q=related:rpk0hLcVwmQJ:scholar.google.com/&scioq=plecoptera%7Cstonefly%7Cstoneflies&hl=en&as_sdt=0,5&as_ylo=2023&as_yhi=2023"
0,"A Rousseve","Abundance, Biodiversity, and Community Structure Monitoring of Freshwater and Estuarine Communities in Hālawa Stream, O 'ahu, Hawai 'i",2023,"","scholarspace.manoa.hawaii.edu","https://scholarspace.manoa.hawaii.edu/items/2a54e668-b9b1-4237-ba5b-711bef973b2c","",754,"2026-04-12 17:51:05","","","",,,,,,0,0.00,0,1,3,"In November 2021, it was reported that the US Navy inadvertently contaminated an aquifer that supplied potable water to southern O ‘ahu with jet fuel. This initiated the ‘Red Hill Shaft …","https://scholarspace.manoa.hawaii.edu/bitstreams/fa1bc957-1325-4c49-abfc-f31ae3236ba3/download","https://scholar.google.com/scholar?q=related:DccwckDri3oJ:scholar.google.com/&scioq=plecoptera%7Cstonefly%7Cstoneflies&hl=en&as_sdt=0,5&as_ylo=2023&as_yhi=2023"
7,"Y Fu, H Qiao, T Hakuzweyezu, G Qiao…","Accelerated deterioration mechanism and reliability evaluation of concrete in saline soil area",2023,"Journal of Wuhan …","Springer","https://link.springer.com/article/10.1007/s11595-023-2734-0","https://scholar.google.com/scholar?cites=6816688767796553778&as_sdt=2005&sciodt=0,5&hl=en",945,"2026-04-12 17:51:05","","10.1007/s11595-023-2734-0","",,,,,,7,2.33,1,5,3,"To reveal the deterioration mechanism and service life of concrete durability in the western saline soil area, the indoor accelerated test of the concrete specimen was simulated in the …","","https://scholar.google.com/scholar?q=related:MqjoZFG-mV4J:scholar.google.com/&scioq=plecoptera%7Cstonefly%7Cstoneflies&hl=en&as_sdt=0,5&as_ylo=2023&as_yhi=2023"
11,"J Petruželová, J Bojková, J Sychra…","Accelerated recovery of lake macroinvertebrates in the third decade since the reversal of acidification",2023,"Science of the Total …","Elsevier","https://www.sciencedirect.com/science/article/pii/S0048969723031741","https://scholar.google.com/scholar?cites=2570765761480389334&as_sdt=2005&sciodt=0,5&hl=en",684,"2026-04-12 17:51:05","","","",,,,,,11,3.67,3,4,3,"Chemical reversal from acidification has been progressing in European freshwaters since the late 1980s, responding to successful control of atmospheric pollution by acidifying …","https://papers.ssrn.com/sol3/Delivery.cfm?abstractid=4400938","https://scholar.google.com/scholar?q=related:1nLG7dYxrSMJ:scholar.google.com/&scioq=plecoptera%7Cstonefly%7Cstoneflies&hl=en&as_sdt=0,5&as_ylo=2023&as_yhi=2023"
1,"M Doering, D Tonolla, M Antonetti","Adaptive management and restoration of a complex floodplain system using artificial flooding (Sarine floodplain, Western Switzerland)",2023,"Slovenian Water Days, Rimske …","sdzv-drustvo.si","https://sdzv-drustvo.si/wp-content/uploads/2023/06/10-vd-2023-michael-doering-31.5.2023.pdf","https://scholar.google.com/scholar?cites=8544700013527553006&as_sdt=2005&sciodt=0,5&hl=en",820,"2026-04-12 17:51:05","PDF","","",,,,,,1,0.33,0,3,3,"… Considering macrozoobenthos orders, the relative proportion of the more rheophilic taxa (adapted to fast moving water) of Ephemeroptera, Plecoptera and Trichoptera (EPT) was …","https://sdzv-drustvo.si/wp-content/uploads/2023/06/10-vd-2023-michael-doering-31.5.2023.pdf","https://scholar.google.com/scholar?q=related:7tOV-mPflHYJ:scholar.google.com/&scioq=plecoptera%7Cstonefly%7Cstoneflies&hl=en&as_sdt=0,5&as_ylo=2023&as_yhi=2023"
0,"CC Council","Addington Brook Baseline Aquatic Ecology Survey",2023,"","southerncentre.com","https://southerncentre.com/assets/Documents/Environment/Water/Monitoring-Reports/2023/Instream.2023_Addington-Baseline.pdf","",765,"2026-04-12 17:51:05","PDF","","",,,,,,0,0.00,0,1,3,"Christchurch City Council is proposing to undertake two major projects aimed at improving water quality and physical habitat in Addington Brook. This report describes results of a …","https://southerncentre.com/assets/Documents/Environment/Water/Monitoring-Reports/2023/Instream.2023_Addington-Baseline.pdf","https://scholar.google.com/scholar?q=related:cUFWk6H58xoJ:scholar.google.com/&scioq=plecoptera%7Cstonefly%7Cstoneflies&hl=en&as_sdt=0,5&as_ylo=2023&as_yhi=2023"
3,"K Li, B Wang, H Bozdoan, W Li","Additional records and poorly known species of Kamimuria Klaplek, 1907 (Plecoptera, Perlidae) from southern China.",2023,"Zootaxa","europepmc.org","https://europepmc.org/article/med/38221351","https://scholar.google.com/scholar?cites=1725100036881268376&as_sdt=2005&sciodt=0,5&hl=en",37,"2026-04-12 17:51:05","","","",,,,,,3,1.00,1,4,3,"Two poorly known species of Kamimuria Klaplek, 1907 originally known from southern China, K. melli Wu, 1935 and K. taoi Wu, 1936, are rediscovered and amended with …","","https://scholar.google.com/scholar?q=related:mD5S9FfJ8BcJ:scholar.google.com/&scioq=plecoptera%7Cstonefly%7Cstoneflies&hl=en&as_sdt=0,5&as_ylo=2023&as_yhi=2023"
3,"HB Feeley, B Kennedy, R Mitchell…","Adult stonefly (Plecoptera) records from Ireland in 2022",2023,"Bulletin No …","irishbiogeographicalsociety.com","https://www.irishbiogeographicalsociety.com/pdf/BulletinIrishBiogeographicalSociety46-2023.pdf#page=54","https://scholar.google.com/scholar?cites=15886970503787934941&as_sdt=2005&sciodt=0,5&hl=en",21,"2026-04-12 17:51:05","PDF","","",,,,,,3,1.00,1,4,3,"Adult distribution records for 17 species of stoneflies (Plecoptera) taken randomly on lakes and rivers across 12 counties from March to November 2022. Included are records of the first …","https://www.irishbiogeographicalsociety.com/pdf/BulletinIrishBiogeographicalSociety46-2023.pdf#page=54","https://scholar.google.com/scholar?q=related:3XRjG4DbedwJ:scholar.google.com/&scioq=plecoptera%7Cstonefly%7Cstoneflies&hl=en&as_sdt=0,5&as_ylo=2023&as_yhi=2023"
0,"T Senguttuvan, G Gajendran, N Raju","AEN 201 APPLIED ENTOMOLOGY (2+ 1)",,"","","","",955,"2026-04-12 17:51:05","CITATION","","",,,,,,0,0.00,0,3,,"","","https://scholar.google.com/scholar?q=related:AXHd1uj5r8gJ:scholar.google.com/&scioq=plecoptera%7Cstonefly%7Cstoneflies&hl=en&as_sdt=0,5&as_ylo=2023&as_yhi=2023"
16,"B Martay, DI Leech, CR Shortall, JR Bell, SJ Thackeray…","Aerial insect biomass, but not phenological mismatch, is associated with chick survival of an insectivorous bird",2023,"Ibis","Wiley Online Library","https://onlinelibrary.wiley.com/doi/abs/10.1111/ibi.13190","https://scholar.google.com/scholar?cites=10662703569383695713&as_sdt=2005&sciodt=0,5&hl=en",748,"2026-04-12 17:51:05","","10.1111/ibi.13190","",,,,,,16,5.33,3,6,3,"Recent insect abundance declines may have affected populations of insectivorous bird species but evidence for this is limited. Here, we use spatially overlapping 29‐year time‐series of …","https://nora.nerc.ac.uk/id/eprint/534082/7/N534082PP.pdf","https://scholar.google.com/scholar?q=related:YaVnJmeI-ZMJ:scholar.google.com/&scioq=plecoptera%7Cstonefly%7Cstoneflies&hl=en&as_sdt=0,5&as_ylo=2023&as_yhi=2023"
0,"A Gardner","AGM 2023: The AGM speaker will be Prof Seirian Sumner presenting 'The Secret World of Wasps'. This year the AGM will be via Zoom with a plan for hybrid meeting …",2023,"Victorian Entomologist","search.ebscohost.com","https://search.ebscohost.com/login.aspx?direct=true&profile=ehost&scope=site&authtype=crawler&jrnl=03106780&asa=N&AN=162928189&h=mcl02r3kCAq5%2BajwAp0NOkhoeNFa4Hb7pSWRtMNRyw%2FKIwNP2XpUZshvOoLWRFxEhVCaccgskgMws5UkfQ4eyg%3D%3D&crl=c","",261,"2026-04-12 17:51:05","","","",,,,,,0,0.00,0,1,3,"… Conservation Officer Report: The Society has been pursuing its campaign to protect the species Riekoperla darlingtoni Mt Donna Buang Wingless Stonefly. This species has, for more …","","https://scholar.google.com/scholar?q=related:YG7u57JLNIgJ:scholar.google.com/&scioq=plecoptera%7Cstonefly%7Cstoneflies&hl=en&as_sdt=0,5&as_ylo=2023&as_yhi=2023"
0,"LU Hepp, SV Milesi, RC Picolotto, VS Decian…","Agricultura afeta a diversidade funcional de insetos aquáticos em riachos Subtropicais de Mata Atlântica",2023,"Acta Limnologica …","SciELO Brasil","https://www.scielo.br/j/alb/a/sVCJ6qrbFZt4XsqXZYdYdsg/abstract/?format=html&lang=pt","",710,"2026-04-12 17:51:05","","","",,,,,,0,0.00,0,5,3,"Aim We evaluated the effects of native vegetation and agricultural activities on functional characteristics of aquatic insects’ assemblages in Atlantic Forest streams southern Brazil. …","","https://scholar.google.com/scholar?q=related:bU5JBNAUVcoJ:scholar.google.com/&scioq=plecoptera%7Cstonefly%7Cstoneflies&hl=en&as_sdt=0,5&as_ylo=2023&as_yhi=2023"
3,"LU Hepp, SV Milesi, RC Picolotto, VS Decian…","Agriculture affects functional diversity of aquatic insects in Subtropical Atlantic Forest streams",2023,"Acta Limnologica …","SciELO Brasil","https://www.scielo.br/j/alb/a/sVCJ6qrbFZt4XsqXZYdYdsg/?lang=en","https://scholar.google.com/scholar?cites=6636005023186461483&as_sdt=2005&sciodt=0,5&hl=en",211,"2026-04-12 17:51:05","HTML","","",,,,,,3,1.00,1,5,3,"… Nos mesmos riachos coletamos insetos aquáticos (Ephemeroptera, Plecoptera e Trichoptera) e determinamos as características funcionais (eg, hábitos alimentares, mobilidade, forma, …","https://www.scielo.br/j/alb/a/sVCJ6qrbFZt4XsqXZYdYdsg/?lang=en","https://scholar.google.com/scholar?q=related:K6O81mjTF1wJ:scholar.google.com/&scioq=plecoptera%7Cstonefly%7Cstoneflies&hl=en&as_sdt=0,5&as_ylo=2023&as_yhi=2023"
0,"S Nicholls","Alien Worlds: How Insects Conquered the Earth, and Why Their Fate Will Determine Our Future",2023,"","books.google.com","https://books.google.com/books?hl=en&lr=&id=k4SrEAAAQBAJ&oi=fnd&pg=PA19&dq=plecoptera%7Cstonefly%7Cstoneflies&ots=7XjG_hDx6w&sig=YMsI6FOmC2PXP5j863cb4nfRU28","",880,"2026-04-12 17:51:05","BOOK","","",,,,,,0,0.00,0,1,3,"… They are the larvae of glacier stoneflies, Andiperla willinki,15 somewhat aggrandized by their local name ‘Patagonian Dragon’. If they are dragons, then they are ice dragons, which …","","https://scholar.google.com/scholar?q=related:SRuZzXXxfZIJ:scholar.google.com/&scioq=plecoptera%7Cstonefly%7Cstoneflies&hl=en&as_sdt=0,5&as_ylo=2023&as_yhi=2023"
1,"A Scotti, A Balzarini, W Gostner","Alpine Kleinwasserkraft: Gewässerökologie und Mehrwert für die Region",2023,"WasserWirtschaft","Springer","https://link.springer.com/article/10.1007/s35147-023-1815-5","https://scholar.google.com/scholar?cites=9002325546485168792&as_sdt=2005&sciodt=0,5&hl=en",940,"2026-04-12 17:51:05","","10.1007/s35147-023-1815-5","",,,,,,1,0.33,0,3,3,"1 Ausgangslage Als Beitrag zur nachhaltigen Energieversorgung werden Kleinwasserkraftanlagen (KWKA) erhalten, ausgebaut und an geeigneten Standorten auch neu erstellt. …","","https://scholar.google.com/scholar?q=related:mDqsXmOv7nwJ:scholar.google.com/&scioq=plecoptera%7Cstonefly%7Cstoneflies&hl=en&as_sdt=0,5&as_ylo=2023&as_yhi=2023"
7,"BK Das, A Kunui, SK Nandy, AK Sahoo…","Altitudinal and seasonal distribution of benthic macroinvertebrates in River Tons—a tributary of Yamuna River, Uttarakhand, India",2023,"Environmental …","Springer","https://link.springer.com/article/10.1007/s10661-023-11488-z","https://scholar.google.com/scholar?cites=8222182489513866999&as_sdt=2005&sciodt=0,5&hl=en",234,"2026-04-12 17:51:05","","10.1007/s10661-023-11488-z","",,,,,,7,2.33,1,5,3,"… under Plecoptera order was dominant in premonsoon season. In site-II, species abundance … under Plecoptera order was the most dominant species in site-II during premonsoon season…","https://www.academia.edu/download/112922279/Macroinvertebrates_Paper.pdf","https://scholar.google.com/scholar?q=related:9zbpRWkPG3IJ:scholar.google.com/&scioq=plecoptera%7Cstonefly%7Cstoneflies&hl=en&as_sdt=0,5&as_ylo=2023&as_yhi=2023"
1,"SP Sullivan, RW Wisseman, J Pfeiffer","An argument in support of the development of regionalized standard taxonomic efforts for benthic macroinvertebrate-based monitoring",2023,"Ecological Indicators","Elsevier","https://www.sciencedirect.com/science/article/pii/S1470160X23003266","https://scholar.google.com/scholar?cites=1334277477469518990&as_sdt=2005&sciodt=0,5&hl=en",794,"2026-04-12 17:51:05","HTML","","",,,,,,1,0.33,0,3,3,"Taxonomic harmonization for benthic macroinvertebrate abundance data is time consuming. If undertaken lightly it can lead to erroneous inferences regarding taxon-specific responses …","https://www.sciencedirect.com/science/article/pii/S1470160X23003266","https://scholar.google.com/scholar?q=related:jvxf5EtOhBIJ:scholar.google.com/&scioq=plecoptera%7Cstonefly%7Cstoneflies&hl=en&as_sdt=0,5&as_ylo=2023&as_yhi=2023"
1,"M Rahayu, N Arifa, M Nikmatullah…","An ethnobotany study on the plants utilized as pesticides by communities in Cianjur, West Java and East Lombok, West Nusa Tenggara",2023,"AIP Conference …","pubs.aip.org","https://pubs.aip.org/aip/acp/article-abstract/2606/1/050003/2870483","https://scholar.google.com/scholar?cites=314193888430570756&as_sdt=2005&sciodt=0,5&hl=en",906,"2026-04-12 17:51:05","","10.1063/5.0118568/16692407/050003_1_online","",,,,,,1,0.33,0,4,3,"The use of plants as pesticides is one of the local knowledge possessed by Indonesian farmers. The use of pesticides has received widespread attention along with the negative …","https://pubs.aip.org/aip/acp/article-pdf/doi/10.1063/5.0118568/16692407/050003_1_online.pdf","https://scholar.google.com/scholar?q=related:BL2ARq09XAQJ:scholar.google.com/&scioq=plecoptera%7Cstonefly%7Cstoneflies&hl=en&as_sdt=0,5&as_ylo=2023&as_yhi=2023"
1,"E Taghinejhad, M Ahmadi, A Kamali…","AN INTEGRATED WATER QUALITY ASSESSMENT OF THE IRANIAN PART OF THE ZAB RIVER USING CHEMICAL AND BIOLOGICAL INDICES.",2023,"Environmental …","researchgate.net","https://www.researchgate.net/profile/Houman-Rajabi-Islami/publication/376255149_AN_INTEGRATED_WATER_QUALITY_ASSESSMENT_OF_THE_IRANIAN_PART_OF_THE_ZAB_RIVER_USING_CHEMICAL_AND_BIOLOGICAL_INDICES/links/65b1e3656c7ad06ab427aae4/AN-INTEGRATED-WATER-QUALITY-ASSESSMENT-OF-THE-IRANIAN-PART-OF-THE-ZAB-RIVER-USING-CHEMICAL-AND-BIOLOGICAL-INDICES.pdf","https://scholar.google.com/scholar?cites=15567510835082336721&as_sdt=2005&sciodt=0,5&hl=en",848,"2026-04-12 17:51:05","PDF","","",,,,,,1,0.33,0,4,3,"… The research showed that the orders Hemiptera and Plecoptera were observed in station 1, and the Ephemeroptera order presented the highest diversity and richness. …","https://www.researchgate.net/profile/Houman-Rajabi-Islami/publication/376255149_AN_INTEGRATED_WATER_QUALITY_ASSESSMENT_OF_THE_IRANIAN_PART_OF_THE_ZAB_RIVER_USING_CHEMICAL_AND_BIOLOGICAL_INDICES/links/65b1e3656c7ad06ab427aae4/AN-INTEGRATED-WATER-QUALITY-ASSESSMENT-OF-THE-IRANIAN-PART-OF-THE-ZAB-RIVER-USING-CHEMICAL-AND-BIOLOGICAL-INDICES.pdf","https://scholar.google.com/scholar?q=related:0Zkg0p_oCtgJ:scholar.google.com/&scioq=plecoptera%7Cstonefly%7Cstoneflies&hl=en&as_sdt=0,5&as_ylo=2023&as_yhi=2023"
21,"DA Yee","An introduction to the Dytiscidae: Their diversity, historical importance, cultural significance, and other musings",2023,"Ecology, systematics, and the natural history of …","Springer","https://link.springer.com/chapter/10.1007/978-3-031-01245-7_1","https://scholar.google.com/scholar?cites=14711301791132170156&as_sdt=2005&sciodt=0,5&hl=en",439,"2026-04-12 17:51:05","","10.1007/978-3-031-01245-7_1","",,,,,,21,7.00,21,1,3,"Predaceous diving beetles (Family Dytiscidae) are one of the most fearsome predators in freshwater environments, however, most of their biology and ecology remain to be measured. …","http://ndl.ethernet.edu.et/bitstream/123456789/73741/1/409.pdf.pdf#page=20","https://scholar.google.com/scholar?q=related:rDcABAkLKcwJ:scholar.google.com/&scioq=plecoptera%7Cstonefly%7Cstoneflies&hl=en&as_sdt=0,5&as_ylo=2023&as_yhi=2023"
0,"P Saldivia, DA Nicol","An overview of Celmisiinae (Astereae)",,"researchgate.net","","https://www.researchgate.net/profile/Patricio-Saldivia/publication/373692275_An_overview_of_Celmisiinae_Astereae_A_diverse_endemic_Australasian_lineage/links/64f86d15f160f748d6d15592/An-overview-of-Celmisiinae-Astereae-A-diverse-endemic-Australasian-lineage.pdf","",854,"2026-04-12 17:51:05","PDF","","",,,,,,0,0.00,0,2,,"… centralis feed on the flowers of Celmisia and the adults are involved in pollination; and the nymph and adult of the wingless stonefly Vesicaperla celmisia (Plecoptera) feed on the …","https://www.researchgate.net/profile/Patricio-Saldivia/publication/373692275_An_overview_of_Celmisiinae_Astereae_A_diverse_endemic_Australasian_lineage/links/64f86d15f160f748d6d15592/An-overview-of-Celmisiinae-Astereae-A-diverse-endemic-Australasian-lineage.pdf","https://scholar.google.com/scholar?q=related:fMqBPpMbDgYJ:scholar.google.com/&scioq=plecoptera%7Cstonefly%7Cstoneflies&hl=en&as_sdt=0,5&as_ylo=2023&as_yhi=2023"
5,"Y Sheng, Y He, Z Cheng, W Zhang, S Xue","Analysis of dumbbell-shaped CFST members subjected to combined compression and torsion loadings",2023,"Journal of Constructional Steel …","Elsevier","https://www.sciencedirect.com/science/article/pii/S0143974X23002432","https://scholar.google.com/scholar?cites=14932227904046617544&as_sdt=2005&sciodt=0,5&hl=en",925,"2026-04-12 17:51:05","","","",,,,,,5,1.67,1,5,3,"In a study examining the mechanical behavior of dumbbell-shaped concrete-filled steel tubes (CFST) under combined compression and torsion, four concrete-filled steel tubes were …","","https://scholar.google.com/scholar?q=related:yNPfFSruOc8J:scholar.google.com/&scioq=plecoptera%7Cstonefly%7Cstoneflies&hl=en&as_sdt=0,5&as_ylo=2023&as_yhi=2023"
2,"MC Kim, JW Kim, TG Lee, JW Kim…","Analysis of environmental factors in sediment based on benthic macroinvertebrates in streams, Korea",2023,"Entomological …","Wiley Online Library","https://onlinelibrary.wiley.com/doi/abs/10.1111/1748-5967.12694","https://scholar.google.com/scholar?cites=10226581859540010148&as_sdt=2005&sciodt=0,5&hl=en",497,"2026-04-12 17:51:05","","10.1111/1748-5967.12694","",,,,,,2,0.67,0,5,3,"This research summarizes the data on benthic macroinvertebrates collected in the 15 streams during spring (June) and fall (September–October) of 2022. The objectives of this study …","","https://scholar.google.com/scholar?q=related:pARWvAQe7I0J:scholar.google.com/&scioq=plecoptera%7Cstonefly%7Cstoneflies&hl=en&as_sdt=0,5&as_ylo=2023&as_yhi=2023"
0,"BT Halliday, N Kerr, B Goodman, C Bloink","Anglesea Borefield Ecological",2023,"","… -yoursay-files.s3.ap-southeast-2 …","https://hdp-au-prod-app-barwonwater-yoursay-files.s3.ap-southeast-2.amazonaws.com/7716/9345/5904/Anglesea_borefield_-_Ecological_Monitoring_Report_2023_Optimized.pdf","",775,"2026-04-12 17:51:05","PDF","","",,,,,,0,0.00,0,4,3,"… EPT — number of genera from the orders of Ephemeroptera, Plecoptera and Trichoptera (EPT). These taxa are typically considered more sensitive to pollution and disturbance and …","https://hdp-au-prod-app-barwonwater-yoursay-files.s3.ap-southeast-2.amazonaws.com/7716/9345/5904/Anglesea_borefield_-_Ecological_Monitoring_Report_2023_Optimized.pdf","https://scholar.google.com/scholar?q=related:DUhwP0FI-vcJ:scholar.google.com/&scioq=plecoptera%7Cstonefly%7Cstoneflies&hl=en&as_sdt=0,5&as_ylo=2023&as_yhi=2023"
2,"KA Johanson, TH Pham, J Oláh","Annotated catalog of Vietnamese Trichoptera (Insecta)",2023,"OPUSCULA ZOOLOGICA …","real.mtak.hu","https://real.mtak.hu/164980/","https://scholar.google.com/scholar?cites=16917309562328454674&as_sdt=2005&sciodt=0,5&hl=en",463,"2026-04-12 17:51:05","","","",,,,,,2,0.67,1,3,3,"All 835 valid species of caddis flies recorded from Vietnam by the end of 2021 are cataloged. The catalog is annotated with in for mation about reference to original description where …","https://real.mtak.hu/164980/1/Op_Johanson_Vietnam.pdf","https://scholar.google.com/scholar?q=related:EhboSWpbxuoJ:scholar.google.com/&scioq=plecoptera%7Cstonefly%7Cstoneflies&hl=en&as_sdt=0,5&as_ylo=2023&as_yhi=2023"
0,"S Piersanti, M Rebora, G Salerno, S Vitecek…","Antennal Sensilla and Brain Morphology in Stoneflies: Sensory Pathway in Aquatic Basal Polyneoptera",,"Available at SSRN …","papers.ssrn.com","https://papers.ssrn.com/sol3/papers.cfm?abstract_id=4640128","",85,"2026-04-12 17:51:05","","","",,,,,,0,0.00,0,5,,"… to describe the antennal sensilla of nymphs of the stonefly 6 … Plecoptera antennal sensilla have been investigated in … In contrast, most stonefly adults do not feed and only in some …","https://papers.ssrn.com/sol3/Delivery.cfm?abstractid=4640128","https://scholar.google.com/scholar?q=related:wGc4oYpVKXQJ:scholar.google.com/&scioq=plecoptera%7Cstonefly%7Cstoneflies&hl=en&as_sdt=0,5&as_ylo=2023&as_yhi=2023"
0,"H Mohammed, KM Adamu, AK Adamu…","Anthropogenic impact on macroinvertebrates distribution and physicochemical characteristics of a tropical stream in north-central Nigeria",2023,"Tropical Freshwater …","ajol.info","https://www.ajol.info/index.php/tfb/article/view/260641","",235,"2026-04-12 17:51:05","","","",,,,,,0,0.00,0,4,3,"Emu is a tropical stream in Northcentral Nigeria that serves as the water source for drinking and other domestic activities for Kusotachin communities, Niger State, Nigeria. This study …","","https://scholar.google.com/scholar?q=related:RuR0ICgyCcQJ:scholar.google.com/&scioq=plecoptera%7Cstonefly%7Cstoneflies&hl=en&as_sdt=0,5&as_ylo=2023&as_yhi=2023"
13,"MR Calderon, SP Gonzalez, JM Perez-Iglesias…","Anthropogenic impacts on rivers: Use of multiple indicators to assess environmental quality status",2023,"Hydrobiologia","Springer","https://link.springer.com/article/10.1007/s10750-022-05090-6","https://scholar.google.com/scholar?cites=12511665741558364162&as_sdt=2005&sciodt=0,5&hl=en",252,"2026-04-12 17:51:05","","10.1007/s10750-022-05090-6","",,,,,,13,4.33,3,4,3,"The effects of urban growth are multidimensional and therefore they cannot be assessed using only one indicator. The objective of this study was to assess the environmental quality of …","","https://scholar.google.com/scholar?q=related:ArgCyrNdoq0J:scholar.google.com/&scioq=plecoptera%7Cstonefly%7Cstoneflies&hl=en&as_sdt=0,5&as_ylo=2023&as_yhi=2023"
12,"IM Ezenwa, N Ekechukwu, C Ukwueze, G Okafor…","Anthropogenic induced physicochemical gradients and associated macroinvertebrate community changes in derived savannah stream in Nigeria: Implication for biotic …",2023,"Acta Ecologica …","Elsevier","https://www.sciencedirect.com/science/article/pii/S1872203222000397","https://scholar.google.com/scholar?cites=8923056680597499480&as_sdt=2005&sciodt=0,5&hl=en",683,"2026-04-12 17:51:05","","","",,,,,,12,4.00,2,5,3,"Understanding the impact of anthropogenic activities on various ecosystem matrices is fundamental to the application of biotic assessment. Here we explored the spatial changes of …","https://www.researchgate.net/profile/Christopher-Nwani/publication/216721184_ASPECTS_OF_MINERAL_COMPOSITION_OF_MALE_AND_FEMALE_HETEROBRANCHUS_BIDORSALIS_ADULTS_EXPOSED_TO_DIFFERENT_CONCENTRATIONS_OF_BONNY-_LIGHT_CRUDE_Oil/links/62fa2dfaeb7b135a0e398296/ASPECTS-OF-MINERAL-COMPOSITION-OF-MALE-AND-FEMALE-HETEROBRANCHUS-BIDORSALIS-ADULTS-EXPOSED-TO-DIFFERENT-CONCENTRATIONS-OF-BONNY-LIGHT-CRUDE-Oil.pdf","https://scholar.google.com/scholar?q=related:WK6wTcYQ1XsJ:scholar.google.com/&scioq=plecoptera%7Cstonefly%7Cstoneflies&hl=en&as_sdt=0,5&as_ylo=2023&as_yhi=2023"
26,"S Nolan, AA Frazao, JD Hosen, CM Febria","Anthropogenic land uses influence stream dissolved organic matter quality more than decomposition rates and macroinvertebrate diversity",2023,"Ecological Indicators","Elsevier","https://www.sciencedirect.com/science/article/pii/S1470160X23011330","https://scholar.google.com/scholar?cites=7138458169430394576&as_sdt=2005&sciodt=0,5&hl=en",657,"2026-04-12 17:51:05","HTML","","",,,,,,26,8.67,7,4,3,"In the era of the Anthropocene, streams and rivers are among the most heavily impacted ecosystems due to the influence of catchment land use on stream water quality and ecological …","https://www.sciencedirect.com/science/article/pii/S1470160X23011330","https://scholar.google.com/scholar?q=related:0EbiSOLlEGMJ:scholar.google.com/&scioq=plecoptera%7Cstonefly%7Cstoneflies&hl=en&as_sdt=0,5&as_ylo=2023&as_yhi=2023"
7,"C Sánchez‐Campaña, C Múrria…","Anticipating where are unknown aquatic insects in Europe to improve biodiversity conservation",2023,"Diversity and …","Wiley Online Library","https://onlinelibrary.wiley.com/doi/abs/10.1111/ddi.13714","https://scholar.google.com/scholar?cites=12807777979450604964&as_sdt=2005&sciodt=0,5&hl=en",237,"2026-04-12 17:51:05","","10.1111/ddi.13714","",,,,,,7,2.33,2,3,3,"… The GBIF datasets included some fossil families such as Perlariopseidae (Plecoptera) that were disregarded. The final list of socioeconomic, environmental, sampling effort, …","https://onlinelibrary.wiley.com/doi/pdfdirect/10.1111/ddi.13714","https://scholar.google.com/scholar?q=related:pD05uzZevrEJ:scholar.google.com/&scioq=plecoptera%7Cstonefly%7Cstoneflies&hl=en&as_sdt=0,5&as_ylo=2023&as_yhi=2023"
1,"L Cuaical","Análisis del crecimiento y mortalidad del frailejón (Espeletia pycnophylla) en los bordes de cuencas hidrográficas en el municipio de Cumbal, Nariño …",2023,"Ingeniare","academia.edu","https://www.academia.edu/download/117495774/Revista_Ingeniare_34-2-13-30.pdf_filename_UTF-8Revista_Ingeniare_34-2-13-30.pdf","https://scholar.google.com/scholar?cites=4924128353705907852&as_sdt=2005&sciodt=0,5&hl=en",977,"2026-04-12 17:51:05","HTML","","",,,,,,1,0.33,1,1,3,"… The Ephemeroptera, Trichoptera, and Plecoptera orders, known for their low tolerance to habitat perturbation, had high abundance in cropland and forested streams, whereas Diptera …","https://www.academia.edu/download/117495774/Revista_Ingeniare_34-2-13-30.pdf_filename_UTF-8Revista_Ingeniare_34-2-13-30.pdf","https://scholar.google.com/scholar?q=related:jNYRB6YEVkQJ:scholar.google.com/&scioq=plecoptera%7Cstonefly%7Cstoneflies&hl=en&as_sdt=0,5&as_ylo=2023&as_yhi=2023"
0,"JP Valencia Vargas","Análisis del estado de diversidad de la comunidad de macroinvertebrados bentónicos dentro de la provincia de Esmeraldas",2023,"","repositorio.puce.edu.ec","https://repositorio.puce.edu.ec/bitstreams/83289719-cf36-47f9-9b5d-f0e76dcf4c4e/download","",913,"2026-04-12 17:51:05","PDF","","",,,,,,0,0.00,0,1,3,"Los macroinvertebrados bentónicos actualmente son considerados como bioindicadores de evaluación de calidad del agua, debido a su tolerancia a ambientes contaminados. La …","https://repositorio.puce.edu.ec/bitstreams/83289719-cf36-47f9-9b5d-f0e76dcf4c4e/download","https://scholar.google.com/scholar?q=related:G8CBFIfcgZAJ:scholar.google.com/&scioq=plecoptera%7Cstonefly%7Cstoneflies&hl=en&as_sdt=0,5&as_ylo=2023&as_yhi=2023"
0,"JM Hernández Hernández, DM Marulanda Cardona","Análisis sobre el uso de Macroinvertebrados más sensibles a los contaminantes como bioindicadores de la calidad del agua, del Cañon Combeima",2023,"","agris.fao.org","https://agris.fao.org/search/en/providers/124652/records/691db1c749e41686f792b728","",242,"2026-04-12 17:51:05","","","",,,,,,0,0.00,0,2,3,"… poner a la luz del conocimiento ambiental que al articular el uso de macroinvertebrados más sensibles a los contaminantes como el índice EPT (Ephemeroptera, Plecoptera, …","","https://scholar.google.com/scholar?q=related:Kxxg89uWJKgJ:scholar.google.com/&scioq=plecoptera%7Cstonefly%7Cstoneflies&hl=en&as_sdt=0,5&as_ylo=2023&as_yhi=2023"
0,"BA Odar Rojas","Aplicación y comparación de índices biológicos de macroinvertebrados para determinar la calidad ecológica del agua en la microcuenca del río San Lorenzo, región …",2023,"","repositorio.untrm.edu.pe","https://repositorio.untrm.edu.pe/handle/20.500.14077/3728","",360,"2026-04-12 17:51:05","","","",,,,,,0,0.00,0,1,3,"… Esta distinción podría aplicarse al río San Lorenzo debido a que se halló una mayor abundancia de individuos de este orden con respecto a Plecoptera en ambas épocas. En este …","https://repositorio.untrm.edu.pe/bitstream/handle/20.500.14077/3728/Bertin%20Alexander%20Odar%20Rojas%20-%20EPG.pdf?sequence=3","https://scholar.google.com/scholar?q=related:he61jCQpSa0J:scholar.google.com/&scioq=plecoptera%7Cstonefly%7Cstoneflies&hl=en&as_sdt=0,5&as_ylo=2023&as_yhi=2023"
0,"KM Fritz, RO Kashuba, GJ Pond, JR Christensen…","Appendix S2 Identifying invertebrate indicators for streamflow duration assessments in forested headwater streams",,"researchgate.net","","https://www.researchgate.net/profile/Ken-Fritz/publication/385621032_Fritz_etal2023_AppendixS2pdf/data/672cbc582326b47637cf7dac/Fritz-etal2023-AppendixS2.pdf","",730,"2026-04-12 17:51:05","PDF","","",,,,,,0,0.00,0,5,,"Table S1. Invertebrate families and higher-level taxonomic groups identified in this study as important perennial (P) or intermittent (I) indicators based on random forest (RF) and …","https://www.researchgate.net/profile/Ken-Fritz/publication/385621032_Fritz_etal2023_AppendixS2pdf/data/672cbc582326b47637cf7dac/Fritz-etal2023-AppendixS2.pdf","https://scholar.google.com/scholar?q=related:gU6C587vRIMJ:scholar.google.com/&scioq=plecoptera%7Cstonefly%7Cstoneflies&hl=en&as_sdt=0,5&as_ylo=2023&as_yhi=2023"
1,"A Tanaka, I Katano, H Doi, M Iguchi…","Applicability of environmental DNA metabarcoding for the hyporheic zone of a stream bed",2023,"Environmental …","Wiley Online Library","https://onlinelibrary.wiley.com/doi/abs/10.1002/edn3.484","https://scholar.google.com/scholar?cites=9226755663588620099&as_sdt=2005&sciodt=0,5&hl=en",434,"2026-04-12 17:51:05","","10.1002/edn3.484","",,,,,,1,0.33,0,5,3,"… In this study, the abundance of Ephemeroptera and Plecoptera was extremely low. This suggested the likelihood of a filter effect by the pump method. However, small-sized taxa (such …","https://onlinelibrary.wiley.com/doi/pdfdirect/10.1002/edn3.484","https://scholar.google.com/scholar?q=related:Q_eF_WMFDIAJ:scholar.google.com/&scioq=plecoptera%7Cstonefly%7Cstoneflies&hl=en&as_sdt=0,5&as_ylo=2023&as_yhi=2023"
0,"K Anand","Applied Entomology And Concepts In Pest Management",2023,"","books.google.com","https://books.google.com/books?hl=en&lr=&id=C-XzEAAAQBAJ&oi=fnd&pg=PA1&dq=plecoptera%7Cstonefly%7Cstoneflies&ots=wIES1xH_Ke&sig=Ap6h3u_DS3cgQ3swEA5crmLaoco","",678,"2026-04-12 17:51:05","BOOK","","",,,,,,0,0.00,0,1,3,"… Fly fishermen frequently utilise stonefly nymphs as inspiration when designing lures for flyfishing. In contrast to mayflies, the adult specimens are distinguished by the presence of paired …","","https://scholar.google.com/scholar?q=related:xudNJg54dPgJ:scholar.google.com/&scioq=plecoptera%7Cstonefly%7Cstoneflies&hl=en&as_sdt=0,5&as_ylo=2023&as_yhi=2023"
0,"PM Rehsen, AJ Beermann, F Leese","Applying image-based approaches for biomass and biodiversity assessment of macroinvertebrates",,"Ergebnisse der Jahrestagung 2022","fh-kaernten.at","https://www.fh-kaernten.at/fileadmin/documents/studienbereiche/weiterbildungszentrum/unesco-chair/DGL-TB_Konstanz_2022_komplett_WEB.pdf#page=18","",745,"2026-04-12 17:51:05","PDF","","",,,,,,0,0.00,0,3,,"Biodiversity loss is proceeding at an alarming pace. To counteract it, we need effective measures as well as fast and reliable methods to identify and monitor taxa of interest and thereby …","https://www.fh-kaernten.at/fileadmin/documents/studienbereiche/weiterbildungszentrum/unesco-chair/DGL-TB_Konstanz_2022_komplett_WEB.pdf#page=18","https://scholar.google.com/scholar?q=related:Jqj_uzRD3fEJ:scholar.google.com/&scioq=plecoptera%7Cstonefly%7Cstoneflies&hl=en&as_sdt=0,5&as_ylo=2023&as_yhi=2023"
1,"SL Konyak","Aquatic fauna biodiversity in Dzuna River, Jotsoma, Nagaland, India",2023,"","researchgate.net","https://www.researchgate.net/profile/Shekhumcha-Y/publication/371576913_Aquatic_fauna_biodiversity_in_Dzuna_River_Jotsoma_Nagaland_India/links/648e6617c41fb852dd0da277/Aquatic-fauna-biodiversity-in-Dzuna-River-Jotsoma-Nagaland-India.pdf","https://scholar.google.com/scholar?cites=17836362906640204285&as_sdt=2005&sciodt=0,5&hl=en",147,"2026-04-12 17:51:05","PDF","","",,,,,,1,0.33,1,1,3,"The present investigation was conducted in Dzuna river of Jotsoma village under Kohima district of Nagaland, India to study the aquatic fauna biodiversity in between 2020 to 2021. …","https://www.researchgate.net/profile/Shekhumcha-Y/publication/371576913_Aquatic_fauna_biodiversity_in_Dzuna_River_Jotsoma_Nagaland_India/links/648e6617c41fb852dd0da277/Aquatic-fauna-biodiversity-in-Dzuna-River-Jotsoma-Nagaland-India.pdf","https://scholar.google.com/scholar?q=related:_UE-_499h_cJ:scholar.google.com/&scioq=plecoptera%7Cstonefly%7Cstoneflies&hl=en&as_sdt=0,5&as_ylo=2023&as_yhi=2023"
0,"J Meek, J Birrell, T Mulford, DK Shiozawa…","Aquatic insect communities remain impaired following large-scale river restoration",2023,"Western North American …","BioOne","https://bioone.org/journals/western-north-american-naturalist/volume-83/issue-2/064.083.0206/Aquatic-Insect-Communities-Remain-Impaired-Following-Large-Scale-River-Restoration/10.3398/064.083.0206.short","",286,"2026-04-12 17:51:05","","10.3398/064.083.0206.short","",,,,,,0,0.00,0,5,3,"… munities (Olsen 2009), may limit food availability for detritivores and could explain the sharp decline in shredders we report here, as well as the extirpation of a once-abundant stonefly, …","https://www.researchgate.net/profile/Teagan-Mulford/publication/374504383_Aquatic_insect_communities_remain_impaired_following_large-scale_river_restoration/links/6551d62d3fa26f66f4fbf318/Aquatic-Insect-Communities-Remain-Impaired-Following-Large-Scale-River-Restoration.pdf","https://scholar.google.com/scholar?q=related:ErY3nqSJadQJ:scholar.google.com/&scioq=plecoptera%7Cstonefly%7Cstoneflies&hl=en&as_sdt=0,5&as_ylo=2023&as_yhi=2023"
1,"AB Orfinger, DC Houghton…","Aquatic insect ecology in a changing world",2023,"Frontiers in ecology and …","frontiersin.org","https://www.frontiersin.org/journals/ecology-and-evolution/articles/10.3389/fevo.2023.1282196/full","https://scholar.google.com/scholar?cites=9013734050180719173&as_sdt=2005&sciodt=0,5&hl=en",173,"2026-04-12 17:51:05","HTML","10.3389/fevo.2023.1282196","",,,,,,1,0.33,0,3,3,"… A second paper also dealt with mayflies and simultaneously treated stoneflies (Plecoptera), evaluating morphological changes along an elevation gradient. Rendoll-Cárcamo et al. …","https://www.frontiersin.org/journals/ecology-and-evolution/articles/10.3389/fevo.2023.1282196/full","https://scholar.google.com/scholar?q=related:RWLdoFw3F30J:scholar.google.com/&scioq=plecoptera%7Cstonefly%7Cstoneflies&hl=en&as_sdt=0,5&as_ylo=2023&as_yhi=2023"
0,"KA Subramanian","Aquatic Insects",2023,"Insect Predators in Pest Management","api.taylorfrancis.com","https://api.taylorfrancis.com/content/chapters/edit/download?identifierName=doi&identifierValue=10.1201/9781003370864-11&type=chapterpdf","",202,"2026-04-12 17:51:05","","","",,,,,,0,0.00,0,1,3,"… The dorsoventral flattening of body found in many mayflies, stonefly nymphs, naucorid bugs, Psephenidae, etc. are adaptations for surviving fast currents, which provide least resistance …","","https://scholar.google.com/scholar?q=related:vmOfZC9QuHgJ:scholar.google.com/&scioq=plecoptera%7Cstonefly%7Cstoneflies&hl=en&as_sdt=0,5&as_ylo=2023&as_yhi=2023"
3,"W Graf, E Bauernfeind, M Ivković, LP Kolcsár","Aquatic insects (Ephemeroptera, Plecoptera, Trichoptera and Diptera: Tipuloidea) from the upper Neretva in Bosnia-Herzegovina",2023,"Natura Sloveniae","journals.uni-lj.si","https://journals.uni-lj.si/NaturaSloveniae/article/view/17224","https://scholar.google.com/scholar?cites=70014810465644952&as_sdt=2005&sciodt=0,5&hl=en",38,"2026-04-12 17:51:05","","","",,,,,,3,1.00,1,4,3,"Within the upper Neretva catchment in Bosnia several hydropower plants are projected. Between 28.6. and 1.7.2022 a baseline survey was initiated to screen the area regarding the …","https://journals.uni-lj.si/NaturaSloveniae/article/download/17224/15290","https://scholar.google.com/scholar?q=related:mDHSYhm--AAJ:scholar.google.com/&scioq=plecoptera%7Cstonefly%7Cstoneflies&hl=en&as_sdt=0,5&as_ylo=2023&as_yhi=2023"
0,"MA Favretto, EB dos Santos…","Aquatic insects in plateau streams in Southern Brazil: a functional feeding group analysis",2023,"Acta Biológica …","univille.emnuvens.com.br","https://univille.emnuvens.com.br/ABC/article/view/2054","",625,"2026-04-12 17:51:05","","","",,,,,,0,0.00,0,3,3,"Aquatic insects are bioindicators regarding the quality of streams environments. The present study aimed to analyze the community of aquatic insects in streams from the Santa Catarina …","https://univille.emnuvens.com.br/ABC/article/download/2054/1636","https://scholar.google.com/scholar?q=related:L_AJ2P-F4cgJ:scholar.google.com/&scioq=plecoptera%7Cstonefly%7Cstoneflies&hl=en&as_sdt=0,5&as_ylo=2023&as_yhi=2023"
7,"M Ivković, V Baranov, V Dorić, V Mičetić Stanković…","Aquatic Insects of Plitvice Lakes",2023,"Plitvice Lakes","Springer","https://link.springer.com/chapter/10.1007/978-3-031-20378-7_11","https://scholar.google.com/scholar?cites=4705363704279610832&as_sdt=2005&sciodt=0,5&hl=en",159,"2026-04-12 17:51:05","","10.1007/978-3-031-20378-7_11","",,,,,,7,2.33,1,5,3,"… Mayflies, stoneflies and caddisflies are among the most commonly used indicators, but … , followed by Trichoptera with 91 species, and Plecoptera with 31 species. All other aquatic insect …","","https://scholar.google.com/scholar?q=related:0DWa5FvPTEEJ:scholar.google.com/&scioq=plecoptera%7Cstonefly%7Cstoneflies&hl=en&as_sdt=0,5&as_ylo=2023&as_yhi=2023"
0,"L Wenfei","Aquatic invertebrates in Mätäjoki in the Tali area 2023",2023,"","tuhat.helsinki.fi","https://tuhat.helsinki.fi/ws/portalfiles/portal/298524749/Liao_2023-M_t_joki_Report.pdf","",383,"2026-04-12 17:51:05","PDF","","",,,,,,0,0.00,0,1,3,"… Ephemeroptera and Plecoptera larvae as environmental indicators in running waters of Estonia. Ephemeroptera &Plecoptera Biology-Ecology-Systematics, 247-253. Viner, I., &…","https://tuhat.helsinki.fi/ws/portalfiles/portal/298524749/Liao_2023-M_t_joki_Report.pdf","https://scholar.google.com/scholar?q=related:deJGpBGsiTUJ:scholar.google.com/&scioq=plecoptera%7Cstonefly%7Cstoneflies&hl=en&as_sdt=0,5&as_ylo=2023&as_yhi=2023"
1,"DK Kumar, A Dobriyal, A Rana","Aquatic Invertebrates Serve As An Effective Tool For Monitoring and Assessing Water Quality",2023,"no. May","researchgate.net","https://www.researchgate.net/profile/Dr-Koshal-Kumar-2/publication/371539015_Aquatic_Invertebrates_Serve_As_An_Effective_Tool_For_Monitoring_and_Assessing_Water_Quality/links/648957d5712bd8296221bce2/Aquatic-Invertebrates-Serve-As-An-Effective-Tool-For-Monitoring-and-Assessing-Water-Quality.pdf","https://scholar.google.com/scholar?cites=4907783447413225518&as_sdt=2005&sciodt=0,5&hl=en",682,"2026-04-12 17:51:05","PDF","","",,,,,,1,0.33,0,3,3,"… Group 1:- The first group comprises organisms that are highly sensitive to pollution and require high-quality water to survive include stoneflies, mayflies, and caddisflies. It is commonly …","https://www.researchgate.net/profile/Dr-Koshal-Kumar-2/publication/371539015_Aquatic_Invertebrates_Serve_As_An_Effective_Tool_For_Monitoring_and_Assessing_Water_Quality/links/648957d5712bd8296221bce2/Aquatic-Invertebrates-Serve-As-An-Effective-Tool-For-Monitoring-and-Assessing-Water-Quality.pdf","https://scholar.google.com/scholar?q=related:Lnib-QrzG0QJ:scholar.google.com/&scioq=plecoptera%7Cstonefly%7Cstoneflies&hl=en&as_sdt=0,5&as_ylo=2023&as_yhi=2023"
1,"BNC Silva, JJ Corbi","Aquatic macroinvertebrate community structure affected by chromium contamination in the Monte Alegre Stream (SP): A historical comparative case study",2023,"Brazilian Archives of Biology and Technology","SciELO Brasil","https://www.scielo.br/j/babt/a/DBPCKt8NnQd83CQPqnMfv4d/","https://scholar.google.com/scholar?cites=5978355238147698448&as_sdt=2005&sciodt=0,5&hl=en",819,"2026-04-12 17:51:05","HTML","","",,,,,,1,0.33,1,2,3,"In 2001, 150 tons of tannery waste was incorporated in the soil as a source of organic matter on the Monte Alegre Farm. This waste, which originates from the tannery industry and …","https://www.scielo.br/j/babt/a/DBPCKt8NnQd83CQPqnMfv4d/","https://scholar.google.com/scholar?q=related:EK_jFmpi91IJ:scholar.google.com/&scioq=plecoptera%7Cstonefly%7Cstoneflies&hl=en&as_sdt=0,5&as_ylo=2023&as_yhi=2023"
56,"CE Orozco-González, ME Ocasio-Torres","Aquatic macroinvertebrates as bioindicators of water quality: A study of an ecosystem regulation service in a tropical river",2023,"Ecologies","mdpi.com","https://www.mdpi.com/2673-4133/4/2/15","https://scholar.google.com/scholar?cites=6513684717155328040&as_sdt=2005&sciodt=0,5&hl=en",623,"2026-04-12 17:51:05","HTML","","",,,,,,56,18.67,28,2,3,"In this study, aquatic macroinvertebrates were used as bioindicators to determine the ecological conditions of the Lapa River, located between the municipalities of Cayey and Salinas, …","https://www.mdpi.com/2673-4133/4/2/15","https://scholar.google.com/scholar?q=related:KCDvQL1BZVoJ:scholar.google.com/&scioq=plecoptera%7Cstonefly%7Cstoneflies&hl=en&as_sdt=0,5&as_ylo=2023&as_yhi=2023"
0,"JA Barrera-Herrera, CA Díaz-Rojas, N Prat…","Aquatic macroinvertebrates in an altitudinal gradient of the Garagoa river, eastern Andes of Colombia",2023,"Revista de Biología …","scielo.sa.cr","https://www.scielo.sa.cr/scielo.php?pid=S0034-77442023000100030&script=sci_arttext&tlng=en","",689,"2026-04-12 17:51:05","HTML","","",,,,,,0,0.00,0,4,3,"Introduction: The taxonomic identification of aquatic macroinvertebrates allows characterizing biodiversity in aquatic ecosystems, but in many cases some groups (eg Diptera) are not …","https://www.scielo.sa.cr/scielo.php?pid=S0034-77442023000100030&script=sci_arttext&tlng=en","https://scholar.google.com/scholar?q=related:A6NAZlxw-PoJ:scholar.google.com/&scioq=plecoptera%7Cstonefly%7Cstoneflies&hl=en&as_sdt=0,5&as_ylo=2023&as_yhi=2023"
0,"I Kokotović, M Veseli, V Kolar, S Vitecek…","Aquatic Macroinvertebrates Under Multiple Stress: Insights from a Mesocosm Experiment",2023,"Abstract book SETAC …","croris.hr","https://www.croris.hr/crosbi/publikacija/resolve/croris/735624","",392,"2026-04-12 17:51:05","","","",,,,,,0,0.00,0,5,3,"Freshwaters are frequently subject to a complex mixture of stressors like pollution and climate change. Moreover, wastewater effluents are one of the main sources of chemical …","","https://scholar.google.com/scholar?q=related:tCB85-MWkYsJ:scholar.google.com/&scioq=plecoptera%7Cstonefly%7Cstoneflies&hl=en&as_sdt=0,5&as_ylo=2023&as_yhi=2023"
0,"L Nash","Aquatic-terrestrial linkages in tropical and temperate riparian ecosystems",2023,"","qmro.qmul.ac.uk","https://qmro.qmul.ac.uk/jspui/handle/123456789/92286","",980,"2026-04-12 17:51:05","","","",,,,,,0,0.00,0,1,3,"Aquatic ecosystems influence adjacent terrestrial ecosystems through the export of emerging aquatic insects. These insects transition from an aquatic-larva to a terrestrial adult and …","https://qmro.qmul.ac.uk/xmlui/bitstream/handle/123456789/92286/SBBS_Thesis_LiamNash_170917979_Final_Signature%20Redacted.pdf?sequence=5","https://scholar.google.com/scholar?q=related:tf6TCSUxFrgJ:scholar.google.com/&scioq=plecoptera%7Cstonefly%7Cstoneflies&hl=en&as_sdt=0,5&as_ylo=2023&as_yhi=2023"
8,"EJ Rosi, JB Fick, BA Han","Are animal disease reservoirs at risk of human antiviral exposure?",2023,"Environmental Science &Technology …","ACS Publications","https://pubs.acs.org/doi/abs/10.1021/acs.estlett.3c00201","https://scholar.google.com/scholar?cites=16739157423778110911&as_sdt=2005&sciodt=0,5&hl=en",795,"2026-04-12 17:51:05","","10.1021/acs.estlett.3c00201","",,,,,,8,2.67,3,3,3,"Novel viral pathogens are causing diseases to emerge in humans, a challenge to which society has responded with technological innovations such as antiviral therapies. Antivirals can …","https://par.nsf.gov/servlets/purl/10509770","https://scholar.google.com/scholar?q=related:vx2jM_1uTegJ:scholar.google.com/&scioq=plecoptera%7Cstonefly%7Cstoneflies&hl=en&as_sdt=0,5&as_ylo=2023&as_yhi=2023"
7,"F Bona, T Bo, A Doretto, E Falasco…","Are protected areas effective in preserving Alpine stream morphology and biodiversity? A field study in the oldest Italian National Park",2023,"River Research and …","Wiley Online Library","https://onlinelibrary.wiley.com/doi/abs/10.1002/rra.4124","https://scholar.google.com/scholar?cites=1154381727888848356&as_sdt=2005&sciodt=0,5&hl=en",574,"2026-04-12 17:51:05","","10.1002/rra.4124","",,,,,,7,2.33,1,5,3,"Global changes and local pressures related to the exploitation of water resources are significantly reducing streams' biodiversity and threatening their ecological balance. This trend …","https://onlinelibrary.wiley.com/doi/pdf/10.1002/rra.4124","https://scholar.google.com/scholar?q=related:5DUEuhAwBRAJ:scholar.google.com/&scioq=plecoptera%7Cstonefly%7Cstoneflies&hl=en&as_sdt=0,5&as_ylo=2023&as_yhi=2023"
0,"R Godbold, WD Crow, J Gore, F Musser, AL Catchot…","ARTHROPOD MANAGEMENT &APPLIED ECOLOGY",,"cotton.org","","https://www.cotton.org/journal/2023-27/1/upload/JCS27-028.pdf","",344,"2026-04-12 17:51:05","PDF","","",,,,,,0,0.00,0,6,,"… Larvae were then placed individually in 59.2mL cups containing Stonefly Heliothis diet. After 8 d, weights of surviving larvae were recorded to determine weight gain after 3 d of …","https://www.cotton.org/journal/2023-27/1/upload/JCS27-028.pdf","https://scholar.google.com/scholar?q=related:UFbTsAN1lWEJ:scholar.google.com/&scioq=plecoptera%7Cstonefly%7Cstoneflies&hl=en&as_sdt=0,5&as_ylo=2023&as_yhi=2023"
0,"D MURÁNYI, JMI HWANG","Article ZOOTAXA",2023,"Zootaxa","researchgate.net","https://www.researchgate.net/profile/Jeong-Hwang-3/publication/368870765_A_new_genus_and_species_of_Perlodinae_Plecoptera_Perlodidae_from_Korea/links/655d5de03fa26f66f41bf39d/A-new-genus-and-species-of-Perlodinae-Plecoptera-Perlodidae-from-Korea.pdf","",746,"2026-04-12 17:51:05","PDF","","",,,,,,0,0.00,0,2,3,"… The unbranched Radial vein of the female is unique among the Plecoptera. Etymology: The new genus is named after the Korean water god Habaek. Used as a noun, gender masculine…","https://www.researchgate.net/profile/Jeong-Hwang-3/publication/368870765_A_new_genus_and_species_of_Perlodinae_Plecoptera_Perlodidae_from_Korea/links/655d5de03fa26f66f41bf39d/A-new-genus-and-species-of-Perlodinae-Plecoptera-Perlodidae-from-Korea.pdf","https://scholar.google.com/scholar?q=related:RRexTUzLU_oJ:scholar.google.com/&scioq=plecoptera%7Cstonefly%7Cstoneflies&hl=en&as_sdt=0,5&as_ylo=2023&as_yhi=2023"
0,"MPVS Amorim","AS ORDENS EPHEMEROPTERA, TRICHOPTERA, PLECOPTERA E COLEOPTERA (INSECTA) DA REGIÃO CANTAREIRA",2023,"… E TECNOLÓGICA E 14º SIMPÓSIO DE …","josif.ifsuldeminas.edu.br","https://josif.ifsuldeminas.edu.br/ojs/index.php/anais/article/view/1140","",122,"2026-04-12 17:51:05","","","",,,,,,0,0.00,0,1,3,"Riachos, ainda que preservados por Unidades de Conservação, podem sofrer influência de áreas não preservadas de sua vizinhança, que estão sujeitas a ação antrópica. Este relato …","https://josif.ifsuldeminas.edu.br/ojs/index.php/anais/article/download/1140/1281","https://scholar.google.com/scholar?q=related:p2mSMk1iCO0J:scholar.google.com/&scioq=plecoptera%7Cstonefly%7Cstoneflies&hl=en&as_sdt=0,5&as_ylo=2023&as_yhi=2023"
11,"AA Aunins, SJ Mueller, JA Fike, RS Cornman","Assessing arthropod diversity metrics derived from stream environmental DNA: spatiotemporal variation and paired comparisons with manual sampling",2023,"PeerJ","peerj.com","https://peerj.com/articles/15163/","https://scholar.google.com/scholar?cites=1178735723518571202&as_sdt=2005&sciodt=0,5&hl=en",339,"2026-04-12 17:51:05","HTML","","",,,,,,11,3.67,3,4,3,"Background Benthic invertebrate (BI) surveys have been widely used to characterize freshwater environmental quality but can be challenging to implement at desired spatial scales and …","https://peerj.com/articles/15163/","https://scholar.google.com/scholar?q=related:wjJjNOW1WxAJ:scholar.google.com/&scioq=plecoptera%7Cstonefly%7Cstoneflies&hl=en&as_sdt=0,5&as_ylo=2023&as_yhi=2023"
1,"TL Alexander","Assessing Biota and Environmental Characteristics Above and Below a Low-Head Dam",2023,"","search.proquest.com","https://search.proquest.com/openview/638a9b68fc423cf6a0fe42a90ac78d07/1?pq-origsite=gscholar&cbl=18750&diss=y","https://scholar.google.com/scholar?cites=7729540701708920647&as_sdt=2005&sciodt=0,5&hl=en",920,"2026-04-12 17:51:05","BOOK","","",,,,,,1,0.33,1,1,3,"Dams are a form of anthropogenic alteration to aquatic ecosystems that can affect natural conditions and influence aquatic fauna assemblages. Depending on the size and type of a dam…","","https://scholar.google.com/scholar?q=related:R6dIulDYRGsJ:scholar.google.com/&scioq=plecoptera%7Cstonefly%7Cstoneflies&hl=en&as_sdt=0,5&as_ylo=2023&as_yhi=2023"
0,"A Pott, M Bundschuh, M Otto, R Schulz","Assessing Effects of Genetically Modified Plant Material on the Aquatic Environment Using higher-tier Studies",2023,"Bulletin of Environmental …","Springer","https://link.springer.com/article/10.1007/s00128-022-03678-1","",934,"2026-04-12 17:51:05","","10.1007/s00128-022-03678-1","",,,,,,0,0.00,0,4,3,"Genetically modified organisms are used extensively in agriculture. To assess potential side effects of genetically modified (GM) plant material on aquatic ecosystems, only a very small …","","https://scholar.google.com/scholar?q=related:OSIl4JLy8DcJ:scholar.google.com/&scioq=plecoptera%7Cstonefly%7Cstoneflies&hl=en&as_sdt=0,5&as_ylo=2023&as_yhi=2023"
0,"L Tronstad, BP Tronstad","Assessing methods to monitor aquatic invertebrates in large rivers: comparing rock baskets and Hess samplers in the Snake River, Wyoming",2023,"Authorea Preprints","authorea.com","https://www.authorea.com/doi/full/10.22541/au.169724056.62940252","",188,"2026-04-12 17:51:05","","10.22541/au.169724056.62940252","",,,,,,0,0.00,0,2,3,"… We collected a higher proportion of Plecoptera in Hess samples. Bold lines are median, black circles are means, the lower edge of the box is the 25th percentile, the upper edge of the …","https://www.authorea.com/doi/pdf/10.22541/au.169724056.62940252","https://scholar.google.com/scholar?q=related:coyj-r1MF2MJ:scholar.google.com/&scioq=plecoptera%7Cstonefly%7Cstoneflies&hl=en&as_sdt=0,5&as_ylo=2023&as_yhi=2023"
20,"JVA da Silva Santos, M Lima, JS Monteles…","Assessing physical habitat structure and biological condition in eastern Amazonia stream sites",2023,"Water Biology and …","Elsevier","https://www.sciencedirect.com/science/article/pii/S277273512200172X","https://scholar.google.com/scholar?cites=268062090761469530&as_sdt=2005&sciodt=0,5&hl=en",176,"2026-04-12 17:51:05","HTML","","",,,,,,20,6.67,5,4,3,"The advance of agricultural frontiers and industrialization in Amazonia has increased natural resource deterioration, resulting in degraded physical habitat structure and reduced local …","https://www.sciencedirect.com/science/article/pii/S277273512200172X","https://scholar.google.com/scholar?q=related:Wv6VIQ1ZuAMJ:scholar.google.com/&scioq=plecoptera%7Cstonefly%7Cstoneflies&hl=en&as_sdt=0,5&as_ylo=2023&as_yhi=2023"
0,"J Vasquez-Nicholas","Assessing the Carmel River's Biotic Conditions After River Reroute and Dam Removal Using the California Stream Condition Index",2023,"","digitalcommons.csumb.edu","https://digitalcommons.csumb.edu/aes_theses/13/","",622,"2026-04-12 17:51:05","","","",,,,,,0,0.00,0,1,3,"Dam removals are becoming necessary as the costs of maintenance, safety, and environmental concerns persist. However, understanding how a river responds ecologically to dam …","https://digitalcommons.csumb.edu/cgi/viewcontent.cgi?article=1012&context=aes_theses","https://scholar.google.com/scholar?q=related:fXqa4yGZtJoJ:scholar.google.com/&scioq=plecoptera%7Cstonefly%7Cstoneflies&hl=en&as_sdt=0,5&as_ylo=2023&as_yhi=2023"
5,"AO Edegbene, A Jazuli, IM Ayuba…","Assessing the ecological health of River Ringim, Northwestern, Nigeria using macroinvertebrate-based Chanchaga multimetric index",2023,"Water …","Taylor &Francis","https://www.tandfonline.com/doi/abs/10.1080/23570008.2023.2215571","https://scholar.google.com/scholar?cites=4387714196633405201&as_sdt=2005&sciodt=0,5&hl=en",422,"2026-04-12 17:51:05","","10.1080/23570008.2023.2215571","",,,,,,5,1.67,1,4,3,"The ecological health of River Ringim, Jigawa State, northwestern Nigeria was assessed between November 2018 and March 2019. Key physico-chemical variables alongside …","https://www.tandfonline.com/doi/pdf/10.1080/23570008.2023.2215571","https://scholar.google.com/scholar?q=related:EcdFktBK5DwJ:scholar.google.com/&scioq=plecoptera%7Cstonefly%7Cstoneflies&hl=en&as_sdt=0,5&as_ylo=2023&as_yhi=2023"
31,"H Zhu, YZ Zhang, YC Peng, BC Shi, T Liu, HB Dong…","Assessing the ecological health of the Qingyi River Basin using multi-community indices of biotic integrity",2023,"Ecological …","Elsevier","https://www.sciencedirect.com/science/article/pii/S1470160X2301302X","https://scholar.google.com/scholar?cites=725619676740530655&as_sdt=2005&sciodt=0,5&hl=en",843,"2026-04-12 17:51:05","HTML","","",,,,,,31,10.33,4,7,3,"Biological integrity refers to the capacity to sustain a healthy ecosystem comprising multiple biological communities within a region. Robust assessments of biological integrity thus …","https://www.sciencedirect.com/science/article/pii/S1470160X2301302X","https://scholar.google.com/scholar?q=related:3zEnYkDrEQoJ:scholar.google.com/&scioq=plecoptera%7Cstonefly%7Cstoneflies&hl=en&as_sdt=0,5&as_ylo=2023&as_yhi=2023"
0,"EV Lobunicheva, NN Makarenkova…","Assessing the ecological state of a small river in the urbanized area in terms of phytoplankton, zooplankton and zoobenthos characteristics (the Sodema River …",2023,"Ecosystem …","cyberleninka.ru","https://cyberleninka.ru/article/n/assessing-the-ecological-state-of-a-small-river-in-the-urbanized-area-in-terms-of-phytoplankton-zooplankton-and-zoobenthos","",628,"2026-04-12 17:51:05","HTML","","",,,,,,0,0.00,0,3,3,"… The reduction in species diversity of the community in the upper reaches was due to predominance of stoneflies, midges and bivalves. High species diversity along with low species …","https://cyberleninka.ru/article/n/assessing-the-ecological-state-of-a-small-river-in-the-urbanized-area-in-terms-of-phytoplankton-zooplankton-and-zoobenthos","https://scholar.google.com/scholar?q=related:oe_s8R5NFZMJ:scholar.google.com/&scioq=plecoptera%7Cstonefly%7Cstoneflies&hl=en&as_sdt=0,5&as_ylo=2023&as_yhi=2023"
9,"EO Olatunji, LA Elakhame, EC Osimen, AO Edegbene","Assessing the effect of environmental stressors on the community structure of macroinvertebrates and water quality of River Ugbalo, Nigeria",2023,"Pollution","researchgate.net","https://www.researchgate.net/profile/Ovie-Edegbene/publication/375748054_Assessing_the_Effect_of_Environmental_Stressors_on_the_Community_Structure_of_Macroinvertebrates_and_Water_Quality_of_River_Ugbalo_Nigeria/links/6559e26eb86a1d521bf70c12/Assessing-the-Effect-of-Environmental-Stressors-on-the-Community-Structure-of-Macroinvertebrates-and-Water-Quality-of-River-Ugbalo-Nigeria.pdf","https://scholar.google.com/scholar?cites=14727980343361594134&as_sdt=2005&sciodt=0,5&hl=en",296,"2026-04-12 17:51:05","PDF","","",,,,,,9,3.00,2,4,3,"… Ephemeroptera, Plecoptera and Tricoptera have been used globally to indicate good ecological health integrity of freshwater systems, because of their sensitivity to environmental …","https://www.researchgate.net/profile/Ovie-Edegbene/publication/375748054_Assessing_the_Effect_of_Environmental_Stressors_on_the_Community_Structure_of_Macroinvertebrates_and_Water_Quality_of_River_Ugbalo_Nigeria/links/6559e26eb86a1d521bf70c12/Assessing-the-Effect-of-Environmental-Stressors-on-the-Community-Structure-of-Macroinvertebrates-and-Water-Quality-of-River-Ugbalo-Nigeria.pdf","https://scholar.google.com/scholar?q=related:FuMAERdMZMwJ:scholar.google.com/&scioq=plecoptera%7Cstonefly%7Cstoneflies&hl=en&as_sdt=0,5&as_ylo=2023&as_yhi=2023"
0,"MV Sirotina, LV Muradova, AS Dyukova…","Assessing the environmental status of the Zeya River by the state of aquatic communities at the construction site of the Amur Gas Chemical Complex",2023,"Ecosystem …","cyberleninka.ru","https://cyberleninka.ru/article/n/assessing-the-environmental-status-of-the-zeya-river-by-the-state-of-aquatic-communities-at-the-construction-site-of-the-amur-gas","",883,"2026-04-12 17:51:05","HTML","","",,,,,,0,0.00,0,4,3,"Environmental engineering survey performed at the construction site of the Amur Gas Chemical Complex in 2018 in order to assess the state of aquatic communities of the Zeya River …","https://cyberleninka.ru/article/n/assessing-the-environmental-status-of-the-zeya-river-by-the-state-of-aquatic-communities-at-the-construction-site-of-the-amur-gas","https://scholar.google.com/scholar?q=related:b5JNA8QVtXYJ:scholar.google.com/&scioq=plecoptera%7Cstonefly%7Cstoneflies&hl=en&as_sdt=0,5&as_ylo=2023&as_yhi=2023"
1,"SA Atindana, FKE Nunoo, S Addo","Assessing the food habits of Crassostrea tulipa (L. 1819) in a commercial fishery of a Ramsar site in Ghana",2023,"","West African Journal of Applied …","","https://scholar.google.com/scholar?cites=4717398571130871546&as_sdt=2005&sciodt=0,5&hl=en",551,"2026-04-12 17:51:05","CITATION","","",,,,,,1,0.33,0,3,3,"","https://journals.ug.edu.gh/index.php/wajae/article/download/2647/1458","https://scholar.google.com/scholar?q=related:-t4wsAGRd0EJ:scholar.google.com/&scioq=plecoptera%7Cstonefly%7Cstoneflies&hl=en&as_sdt=0,5&as_ylo=2023&as_yhi=2023"
7,"F Liu, F Zi, X Wang, H Zeng, B Huo, C Wang, J Ge…","Assessing the impact of anthropic pressures on aquatic macroinvertebrates: a functional trait Approach in the Irtysh River Watershed",2023,"Biology","mdpi.com","https://www.mdpi.com/2079-7737/12/10/1315","https://scholar.google.com/scholar?cites=15232445256101000644&as_sdt=2005&sciodt=0,5&hl=en",253,"2026-04-12 17:51:05","HTML","","",,,,,,7,2.33,1,8,3,"Simple Summary This study investigates the evolutionary dynamics of macroinvertebrate functional traits within the Irtysh River Basin under the influence of urbanization. Through …","https://www.mdpi.com/2079-7737/12/10/1315","https://scholar.google.com/scholar?q=related:xPV7ZkGEZNMJ:scholar.google.com/&scioq=plecoptera%7Cstonefly%7Cstoneflies&hl=en&as_sdt=0,5&as_ylo=2023&as_yhi=2023"
0,"R Satish","Assessing the impact of disturbance on macroinvertebrate structure in the hill streams of the Nilgiris",2023,"","archives.atree.org","http://archives.atree.org/id/eprint/254/","",154,"2026-04-12 17:51:05","","","",,,,,,0,0.00,0,1,3,"… Parasites and high tolerance families were seen to be higher in disturbed sites, while sensitive families such as Ephemeroptera, Plecoptera and Trichoptera were seen to have high …","","https://scholar.google.com/scholar?q=related:u7dtWXpuYLUJ:scholar.google.com/&scioq=plecoptera%7Cstonefly%7Cstoneflies&hl=en&as_sdt=0,5&as_ylo=2023&as_yhi=2023"
4,"T Hachi, M Hachi, H Essabiri, D Belghyti…","Assessment and relationship between organic pollution parameters and aquatic bio-indicators (Wadi Tighza. Morocco)",2023,"Materials Today …","Elsevier","https://www.sciencedirect.com/science/article/pii/S2214785322063519","https://scholar.google.com/scholar?cites=12393056037737906788&as_sdt=2005&sciodt=0,5&hl=en",350,"2026-04-12 17:51:05","","","",,,,,,4,1.33,1,5,3,"The aim of this study is to evaluate the relationship between pollution organic of wastewater and aquatic macroinvertebrates assemblages at the wadi of Tighza in the Bouregreg basin …","https://www.researchgate.net/profile/Mhamed-Khaffou/publication/364207013_Assessment_and_relationship_between_organic_pollution_parameters_and_aquatic_bio-indicators_Wadi_Tighza_Morocco/links/6354785412cbac6a3ee7812c/Assessment-and-relationship-between-organic-pollution-parameters-and-aquatic-bio-indicators-Wadi-Tighza-Morocco.pdf","https://scholar.google.com/scholar?q=related:ZMLgGs76_KsJ:scholar.google.com/&scioq=plecoptera%7Cstonefly%7Cstoneflies&hl=en&as_sdt=0,5&as_ylo=2023&as_yhi=2023"
0,"Q DOU, H WANG, D SONG, W Le DU Xue, X HUANG…","Assessment of a cold temperate mountain river based on the benthic macroinvertebrate-based index of biotic integrity: A case of Huma River.",2023,"Chinese Journal of Ecology","","","",126,"2026-04-12 17:51:05","CITATION","","",,,,,,0,0.00,0,6,3,"","","https://scholar.google.com/scholar?q=related:FxX0AdvclJ0J:scholar.google.com/&scioq=plecoptera%7Cstonefly%7Cstoneflies&hl=en&as_sdt=0,5&as_ylo=2023&as_yhi=2023"
0,"SB Benfield, S Unger","Assessment of Lotic Macroinvertebrate Assemblage in the Oconaluftee River Basin in Cherokee, North Carolina",2023,"Aquatic Sciences and Engineering","dergipark.org.tr","https://dergipark.org.tr/en/pub/ase/article/1285476","",163,"2026-04-12 17:51:05","","","",,,,,,0,0.00,0,2,3,"… or percentage of Ephemeroptera, Plecoptera, and Trichoptera, … of sixty-nine Ephemeroptera, Plecoptera, and Trichoptera, which … between Ephemeroptera, Plecoptera, and Trichoptera …","https://dergipark.org.tr/en/download/article-file/3093574","https://scholar.google.com/scholar?q=related:up4ygNRc2UUJ:scholar.google.com/&scioq=plecoptera%7Cstonefly%7Cstoneflies&hl=en&as_sdt=0,5&as_ylo=2023&as_yhi=2023"
6,"AS Schneider, M Knüsel, F Altermatt","Assessment of occurrence, diversity, and biomass of macroinvertebrates in Swiss groundwater systems using citizen science data",2023,"Subterranean Biology","subtbiol.pensoft.net","https://subtbiol.pensoft.net/article/112569/download/pdf/","https://scholar.google.com/scholar?cites=1457476179889648253&as_sdt=2005&sciodt=0,5&hl=en",472,"2026-04-12 17:51:05","PDF","","",,,,,,6,2.00,2,3,3,"… The high abundances and widespread occurrences of macroinvertebrates from surface waters such as Plecoptera, Trichoptera, and Ephemeroptera larvae (EPT taxa), Gammarus, as …","https://subtbiol.pensoft.net/article/112569/download/pdf/","https://scholar.google.com/scholar?q=related:fXLqEt3-ORQJ:scholar.google.com/&scioq=plecoptera%7Cstonefly%7Cstoneflies&hl=en&as_sdt=0,5&as_ylo=2023&as_yhi=2023"
4,"MB Kekana, A Addo-Bediako, A Jooste…","Assessment of river health using benthic macroinvertebrates in the Groot Letaba River, South Africa.",2023,"Applied Ecology & …","aloki.hu","https://aloki.hu/pdf/2103_19311943.pdf","https://scholar.google.com/scholar?cites=8673324783872890100&as_sdt=2005&sciodt=0,5&hl=en",860,"2026-04-12 17:51:05","PDF","","",,,,,,4,1.33,1,4,3,"… Generally, the absence of Plecoptera in any of the sites is a sign that the water quality throughout the river is deteriorating from organic pollution. Organic pollution has been reported to …","https://aloki.hu/pdf/2103_19311943.pdf","https://scholar.google.com/scholar?q=related:9NRVDPDWXXgJ:scholar.google.com/&scioq=plecoptera%7Cstonefly%7Cstoneflies&hl=en&as_sdt=0,5&as_ylo=2023&as_yhi=2023"
20,"A Goodman, E Tolman, R Uche-Dike…","Assessment of targeted enrichment locus capture across time and museums using odonate specimens",2023,"Insect Systematics …","academic.oup.com","https://academic.oup.com/isd/article-abstract/7/3/5/7205312","https://scholar.google.com/scholar?cites=15662760929279127845&as_sdt=2005&sciodt=0,5&hl=en",174,"2026-04-12 17:51:05","","","",,,,,,20,6.67,5,4,3,"… acetone submersion (most common for odonate adults), or pinned (seen commonly for Hemiptera adults but often also for older collections of Ephemeroptera adults, and Plecoptera …","https://academic.oup.com/isd/article-pdf/7/3/5/50767738/ixad011.pdf","https://scholar.google.com/scholar?q=related:JbGMjxROXdkJ:scholar.google.com/&scioq=plecoptera%7Cstonefly%7Cstoneflies&hl=en&as_sdt=0,5&as_ylo=2023&as_yhi=2023"
8,"IR Fagbohun, EO Akindele, AM Adedapo…","Assessment of the biological water quality and response of freshwater macroinvertebrates to thermal stress in an Afrotropical warm spring",2023,"… Science and Pollution …","Springer","https://link.springer.com/article/10.1007/s11356-023-25670-w","https://scholar.google.com/scholar?cites=3469388156916651249&as_sdt=2005&sciodt=0,5&hl=en",481,"2026-04-12 17:51:05","","10.1007/s11356-023-25670-w","",,,,,,8,2.67,2,4,3,"… were both exclusively recorded at the cold spring, while the stonefly Neoperla spio was recorded at the cold spring and towards the exit of the protected area. This buttresses the …","","https://scholar.google.com/scholar?q=related:8dT2qCW-JTAJ:scholar.google.com/&scioq=plecoptera%7Cstonefly%7Cstoneflies&hl=en&as_sdt=0,5&as_ylo=2023&as_yhi=2023"
49,"W Begum, L Goswami, BB Sharma…","Assessment of urban river pollution using the water quality index and macro-invertebrate community index: W. Begum et al.",2023,"Environment …","Springer","https://link.springer.com/article/10.1007/s10668-022-02369-5","https://scholar.google.com/scholar?cites=1772812983836660400&as_sdt=2005&sciodt=0,5&hl=en",532,"2026-04-12 17:51:05","","10.1007/s10668-022-02369-5","",,,,,,49,16.33,12,4,3,"Water quality assessment is among the most important approaches for understanding the environmental status of rivers and streams. In India, the Bharalu River, a tributary of the …","","https://scholar.google.com/scholar?q=related:sNLIGgRMmhgJ:scholar.google.com/&scioq=plecoptera%7Cstonefly%7Cstoneflies&hl=en&as_sdt=0,5&as_ylo=2023&as_yhi=2023"
0,"S Halder, D Bhattacharjee","Assessment of Water Quality and Pollution Risk of Nowai River in West Bengal",,"Society, Economy and Development …","researchgate.net","https://www.researchgate.net/profile/Syed-Munawar-5/publication/382657310_Society_Economy_and_Development_Challenges_and_Opportunities/links/66a88619de060e4c7e6792df/Society-Economy-and-Development-Challenges-and-Opportunities.pdf#page=256","",650,"2026-04-12 17:51:05","PDF","","",,,,,,0,0.00,0,2,,"… 25 to 29.9 Temperatures between 25 and 30 C are likely to be stressful to fish, stoneflies, mayflies and some caddis flies. Such high temperatures may be a result of lack of shading and …","https://www.researchgate.net/profile/Syed-Munawar-5/publication/382657310_Society_Economy_and_Development_Challenges_and_Opportunities/links/66a88619de060e4c7e6792df/Society-Economy-and-Development-Challenges-and-Opportunities.pdf#page=256","https://scholar.google.com/scholar?q=related:OmmpG8X-kA4J:scholar.google.com/&scioq=plecoptera%7Cstonefly%7Cstoneflies&hl=en&as_sdt=0,5&as_ylo=2023&as_yhi=2023"
0,"A Sund","Associations between body size polymorphism in Arctic charr and benthic invertebrate communities–clues to mechanisms for population differentiation?",2023,"","stud.epsilon.slu.se","https://stud.epsilon.slu.se/18528/","",665,"2026-04-12 17:51:05","","","",,,,,,0,0.00,0,1,3,"Many fish populations in the north have divided into coexisting ecotypes that differ in body size. While such polymorphic fish populations have been studied for many years, the …","https://stud.epsilon.slu.se/18528/1/sund_a_230529.pdf","https://scholar.google.com/scholar?q=related:vFwpxyYZM6EJ:scholar.google.com/&scioq=plecoptera%7Cstonefly%7Cstoneflies&hl=en&as_sdt=0,5&as_ylo=2023&as_yhi=2023"
0,"PO Auckland, PO Hamilton, PO Tauranga…","Attention: Campbell McMath Company: KeaX Limited CC: Claire Kelly, Senior Planner| Senior Principal, Boffa Miskell Date: 7 July 2023 From: Dr Jaz Morris …",2023,"","selwyn.govt.nz","https://www.selwyn.govt.nz/property-And-building/resource-consent/limited-notified-resource-consents/rc235464-keax-limited-solar-farm/Appendix_12_Ecological_Memo.pdf","",903,"2026-04-12 17:51:05","PDF","","",,,,,,0,0.00,0,4,3,"3. Methods Boffa Miskell undertook a desktop study to obtain existing information on ecological values in the vicinity of the proposed solar farm site. This study was informed primarily by …","https://www.selwyn.govt.nz/property-And-building/resource-consent/limited-notified-resource-consents/rc235464-keax-limited-solar-farm/Appendix_12_Ecological_Memo.pdf","https://scholar.google.com/scholar?q=related:RUaX5WDRAPkJ:scholar.google.com/&scioq=plecoptera%7Cstonefly%7Cstoneflies&hl=en&as_sdt=0,5&as_ylo=2023&as_yhi=2023"
2,"VM Navaneethakrishnan, CM anoj Lara…","Automated Pest Classification and Infestation Detection using CNN and Transfer Learning Techniques",2023,"2023 International …","ieeexplore.ieee.org","https://ieeexplore.ieee.org/abstract/document/10395084/","https://scholar.google.com/scholar?cites=5197669532882677599&as_sdt=2005&sciodt=0,5&hl=en",772,"2026-04-12 17:51:05","","","",,,,,,2,0.67,1,3,3,"… [6] pioneered an automated method for rapid and precise taxonomic identification of stonefly larvae using SIFT learning techniques, reaching an 82% classifier accuracy across four …","","https://scholar.google.com/scholar?q=related:X69X1-bUIUgJ:scholar.google.com/&scioq=plecoptera%7Cstonefly%7Cstoneflies&hl=en&as_sdt=0,5&as_ylo=2023&as_yhi=2023"
0,"MSG Moura e Silva, AJB Luiz, ME Losekann…","Avaliação da comunidade de macroinvertebrados em viveiros escavados na presença e ausência de peixes",2023,"Acta Limnologica …","SciELO Brasil","https://www.scielo.br/j/alb/a/5dtV3HDcbV8qSRhKSpLQwhd/abstract/?lang=pt","",758,"2026-04-12 17:51:05","","","",,,,,,0,0.00,0,4,3,"Aim In the present study, the structure of the benthic invertebrates in ponds in the presence and absence of Nile tilapia was evaluated. Methods The benthic macroinvertebrates and …","","https://scholar.google.com/scholar?q=related:IgmM9wnUWl0J:scholar.google.com/&scioq=plecoptera%7Cstonefly%7Cstoneflies&hl=en&as_sdt=0,5&as_ylo=2023&as_yhi=2023"
2,"R Patricio, R Wilson, J Norambuena…","Benthic macroinvertebrate communities in Salado and Loa Rivers, Antofagasta Region, Chile",2023,"International Journal of …","ij-aquaticbiology.com","http://ij-aquaticbiology.com/index.php/ijab/article/view/1795","https://scholar.google.com/scholar?cites=2663300047574146895&as_sdt=2005&sciodt=0,5&hl=en",756,"2026-04-12 17:51:05","","","",,,,,,2,0.67,1,4,3,"The Loa River is the longest Chilean river with 440 km, located in the Atacama Desert. It has three tributaries’ rivers, and its fauna has been poorly studied, due to mainly access …","http://ij-aquaticbiology.com/index.php/ijab/article/download/1795/784","https://scholar.google.com/scholar?q=related:Tx_wUUjx9SQJ:scholar.google.com/&scioq=plecoptera%7Cstonefly%7Cstoneflies&hl=en&as_sdt=0,5&as_ylo=2023&as_yhi=2023"
18,"J Sripanya, C Vongsombath, V Vannachak…","Benthic macroinvertebrate communities in Wadeable Rivers and streams of Lao PDR as a useful tool for biomonitoring water quality: A multimetric index …",2023,"Water","mdpi.com","https://www.mdpi.com/2073-4441/15/4/625?utm_source=releaseissue&utm_medium=email&utm_campaign=releaseissue_water&utm_term=titlelink179&recipient=aguadoc@live.com&subject=Water%2C%20Volume%2015%2C%20Issue%204%20%28February-2%202023%29%20Table%20of%20Contents&campaign=ReleaseIssue","https://scholar.google.com/scholar?cites=2921666427280276230&as_sdt=2005&sciodt=0,5&hl=en",246,"2026-04-12 17:51:05","HTML","","",,,,,,18,6.00,5,4,3,"… Since they like clean, cold running water, Plecoptera (stoneflies) are … stoneflies will inevitably respond to changes in the quality of the water [80,82]. Therefore, the existence of stoneflies …","https://www.mdpi.com/2073-4441/15/4/625?utm_source=releaseissue&utm_medium=email&utm_campaign=releaseissue_water&utm_term=titlelink179&recipient=aguadoc@live.com&subject=Water%2C%20Volume%2015%2C%20Issue%204%20%28February-2%202023%29%20Table%20of%20Contents&campaign=ReleaseIssue","https://scholar.google.com/scholar?q=related:Brs5ziLYiygJ:scholar.google.com/&scioq=plecoptera%7Cstonefly%7Cstoneflies&hl=en&as_sdt=0,5&as_ylo=2023&as_yhi=2023"
0,"JP Morales Corozo","Benthic macroinvertebrates as biological indicators of water quality in the Lombaryo River in Ecuador",2023,"","en.front-sci.com","https://en.front-sci.com/index.php/rwc/article/view/1285/1457","",141,"2026-04-12 17:51:05","PDF","","",,,,,,0,0.00,0,1,3,"… This study finds strong evidence of the presence of Ephemeroptera, Plecoptera, and Trichoptera in the aquatic ecosystem of the Lombaryo River, and insect diversity indicates a clear …","https://en.front-sci.com/index.php/rwc/article/view/1285/1457","https://scholar.google.com/scholar?q=related:Kor4lCijSfwJ:scholar.google.com/&scioq=plecoptera%7Cstonefly%7Cstoneflies&hl=en&as_sdt=0,5&as_ylo=2023&as_yhi=2023"
0,"L Croijmans, JF De Jong, HHT Prins, NH Idris…","Benthic Macroinvertebrates Assemblages in the Fish Pond",,"academia.edu","","https://www.academia.edu/download/104109889/pdf.pdf","",644,"2026-04-12 17:51:05","PDF","","",,,,,,0,0.00,0,5,,"Overall, small holder of fish farmers in Kelantan in particular does not monitor their pond water quality to maintain fish health due to tedious and expensive work. Hence, this study was …","https://www.academia.edu/download/104109889/pdf.pdf","https://scholar.google.com/scholar?q=related:5Ky2JdBDvKgJ:scholar.google.com/&scioq=plecoptera%7Cstonefly%7Cstoneflies&hl=en&as_sdt=0,5&as_ylo=2023&as_yhi=2023"
4,"L Santiago, CR Beasley","Benthic macroinvertebrates associated with riparian habitat structural diversity in an eastern amazon stream urbanization gradient",2023,"Floresta e Ambiente","SciELO Brasil","https://www.scielo.br/j/floram/a/Lwf47DtjNDTSrdSwGyBLQGb/?lang=en","https://scholar.google.com/scholar?cites=12597505201998887045&as_sdt=2005&sciodt=0,5&hl=en",839,"2026-04-12 17:51:05","HTML","","",,,,,,4,1.33,2,2,3,"Rich freshwater biodiversity is threatened by increasing deforestation and disorderly urbanization throughout the Brazilian Amazon, especially in streams and creeks, leading to loss of …","https://www.scielo.br/j/floram/a/Lwf47DtjNDTSrdSwGyBLQGb/?lang=en","https://scholar.google.com/scholar?q=related:hXhHnTxU064J:scholar.google.com/&scioq=plecoptera%7Cstonefly%7Cstoneflies&hl=en&as_sdt=0,5&as_ylo=2023&as_yhi=2023"
0,"JH PARK, SH LEE, JS BYEON","Benthic Macroinvertebrates Fauna of Mt. Gwangdeok",2023,"Korean Journal of Nature Conservation","kjnc.org","https://www.kjnc.org/archive/view_article?pid=kjnc-22-1-99","",343,"2026-04-12 17:51:05","HTML","","",,,,,,0,0.00,0,3,3,"… Insecta was 52 species composed of 19 species in Ephemeroptera, six species in Odonata, four species in Plecoptera, one species in Megaloptera, one species in Coleoptera, eight …","https://www.kjnc.org/archive/view_article?pid=kjnc-22-1-99","https://scholar.google.com/scholar?q=related:3XQBHCKjbnIJ:scholar.google.com/&scioq=plecoptera%7Cstonefly%7Cstoneflies&hl=en&as_sdt=0,5&as_ylo=2023&as_yhi=2023"
0,"J Corsini, J Zakrajsek, R Hassmiller","Benthic Macroinvertebrates of Bull Run Creek: A Pre-Restoration Baseline",2023,"","academia.edu","https://www.academia.edu/download/107382337/PaperDownload.pdf","",216,"2026-04-12 17:51:05","PDF","","",,,,,,0,0.00,0,3,3,"… Rhyacophilidae), the Roachlike Stoneflies (Peltoperlidae), and the Green Stoneflies (Chloroperlidae). In this work, Rhyacophilid caddisfly and Chloroperlid stonefly were observed in all …","https://www.academia.edu/download/107382337/PaperDownload.pdf","https://scholar.google.com/scholar?q=related:qAorAi-32gcJ:scholar.google.com/&scioq=plecoptera%7Cstonefly%7Cstoneflies&hl=en&as_sdt=0,5&as_ylo=2023&as_yhi=2023"
8,"S Aras, O Findik","Benthic macroinvertebrates of the Kızılırmak River (Nevşehir, Turkey) and their relation with environmental variables",2023,"Inland Water Biology","Springer","https://link.springer.com/article/10.1134/s1995082923040028","https://scholar.google.com/scholar?cites=17754249504196330521&as_sdt=2005&sciodt=0,5&hl=en",915,"2026-04-12 17:51:05","","10.1134/s1995082923040028","",,,,,,8,2.67,4,2,3,"Turkey has many ecological characteristics due to its geographical location, allowing it to have a rich biodiversity in freshwater ecosystems. This study was carried out on the Kızılırmak …","https://www.researchgate.net/profile/Seval-Aras/publication/371468570_Benthic_Macroinvertebrates_of_the_Kizilirmak_River_Nevsehir_Turkey_and_Their_Relation_with_Environmental_Variables/links/648820c22cad460a1b118913/Benthic-Macroinvertebrates-of-the-Kizilirmak-River-Nevsehir-Turkey-and-Their-Relation-with-Environmental-Variables.pdf","https://scholar.google.com/scholar?q=related:GQRHp9vDY_YJ:scholar.google.com/&scioq=plecoptera%7Cstonefly%7Cstoneflies&hl=en&as_sdt=0,5&as_ylo=2023&as_yhi=2023"
0,"B Tubić, K Zorić, A Atanacković, M Ilić…","Benthic macroinvertebrates of the upper stretch of the Neretva River",2023,"Book of Abstracts …","radar.ibiss.bg.ac.rs","https://radar.ibiss.bg.ac.rs/handle/123456789/5699","",893,"2026-04-12 17:51:05","","","",,,,,,0,0.00,0,5,3,"The aim of this study was to identify taxa richness of benthic macroinvertebrates region of the Neretva River, which is under the potential impact of human activities. The ""Neretva …","https://radar.ibiss.bg.ac.rs/bitstream/handle/123456789/5699/bitstream_12944.pdf?sequence=1","https://scholar.google.com/scholar?q=related:GPEHLL1JVFkJ:scholar.google.com/&scioq=plecoptera%7Cstonefly%7Cstoneflies&hl=en&as_sdt=0,5&as_ylo=2023&as_yhi=2023"
0,"T Moser, B Geowissenschaften","Besiedlung von Quellen im Val Müstair unter besonderer Berücksichtigung der Wassermilben",,"parcs.ch","","https://www.parcs.ch/bvm/pdf_public/2024/53853_20240125_165039_BA_TinaMoser_Besiedlung_Wassermilben_VMuestair.pdf","",697,"2026-04-12 17:51:05","PDF","","",,,,,,0,0.00,0,2,,"… Mithilfe von Fallen konnten emergierende Insekten, hauptsächlich der Ordnungen Diptera und Plecoptera gefangen, bestimmt und auf Milben geprüft werden. Die Resultate haben …","https://www.parcs.ch/bvm/pdf_public/2024/53853_20240125_165039_BA_TinaMoser_Besiedlung_Wassermilben_VMuestair.pdf","https://scholar.google.com/scholar?q=related:xSSlhS2XG9cJ:scholar.google.com/&scioq=plecoptera%7Cstonefly%7Cstoneflies&hl=en&as_sdt=0,5&as_ylo=2023&as_yhi=2023"
2,"NM Barreiros, T Giarrizzo, BS Godoy","Beta diversity of Ephemeroptera, Plecoptera and Trichoptera on multiples spatial extents in Xingu River rapids",2023,"Acta Limnologica Brasiliensia","SciELO Brasil","https://www.scielo.br/j/alb/a/kN3rrDxpbZfG7Gj3cv4jG3L/?lang=en","https://scholar.google.com/scholar?cites=15592349588462922628&as_sdt=2005&sciodt=0,5&hl=en",45,"2026-04-12 17:51:05","HTML","","",,,,,,2,0.67,1,3,3,"Aim Additive diversity partitioning has been used to explain the accumulation of diversity at different spatial scales with relative success. In lotic ecosystems, the spatial extent is …","https://www.scielo.br/j/alb/a/kN3rrDxpbZfG7Gj3cv4jG3L/?lang=en","https://scholar.google.com/scholar?q=related:hGsKwlYnY9gJ:scholar.google.com/&scioq=plecoptera%7Cstonefly%7Cstoneflies&hl=en&as_sdt=0,5&as_ylo=2023&as_yhi=2023"
0,"M Irwin","Between the Edge and Center",2023,"Conjunctions","JSTOR","https://www.jstor.org/stable/27308759","",195,"2026-04-12 17:51:05","","","",,,,,,0,0.00,0,1,3,"… Keeping its sound alive in these words, and the imago of stonefly and caddis swarming, each one having burst its naiad shell, after all of the instars.—These things that live by perishing …","","https://scholar.google.com/scholar?q=related:rpR89xK5zhkJ:scholar.google.com/&scioq=plecoptera%7Cstonefly%7Cstoneflies&hl=en&as_sdt=0,5&as_ylo=2023&as_yhi=2023"
14,"JC Cantlay, GR Martin…","Binocular vision and foraging in ducks, geese and swans (Anatidae)",2023,"… of the Royal …","royalsocietypublishing.org","https://royalsocietypublishing.org/rspb/article/290/2006/20231213/104252","https://scholar.google.com/scholar?cites=8674408089823395045&as_sdt=2005&sciodt=0,5&hl=en",863,"2026-04-12 17:51:05","HTML","","",,,,,,14,4.67,5,3,3,"Wide variation in visual field configuration across avian species is hypothesized to be driven primarily by foraging ecology and predator detection. While some studies of selected taxa …","https://royalsocietypublishing.org/rspb/article/290/2006/20231213/104252","https://scholar.google.com/scholar?q=related:5byy3jKwYXgJ:scholar.google.com/&scioq=plecoptera%7Cstonefly%7Cstoneflies&hl=en&as_sdt=0,5&as_ylo=2023&as_yhi=2023"
3,"S Sulastri, S Sundari","Bioasessment Sistem Scorring Dengan Kelimpahan Makroinvertebrata Dan Rasio Famili Ephemenoptera, Plecoptera, Trichoptera (Ept) Dan Pada Sungai …",2023,"COMSERVA: Jurnal Penelitian Dan Pengabdian …","","","https://scholar.google.com/scholar?cites=14537951691446163902&as_sdt=2005&sciodt=0,5&hl=en",59,"2026-04-12 17:51:05","CITATION","","",,,,,,3,1.00,2,2,3,"","","https://scholar.google.com/scholar?q=related:vhlwugkuwckJ:scholar.google.com/&scioq=plecoptera%7Cstonefly%7Cstoneflies&hl=en&as_sdt=0,5&as_ylo=2023&as_yhi=2023"
1,"D Puppe, PG Dimitrakopoulos, B Lu","Biodiversity and Ecosystem Functioning in Naturally and Experimentally Assembled Communities",2023,"Biology","pmc.ncbi.nlm.nih.gov","https://pmc.ncbi.nlm.nih.gov/articles/PMC10295414/","https://scholar.google.com/scholar?cites=17580298067155981212&as_sdt=2005&sciodt=0,5&hl=en",167,"2026-04-12 17:51:05","","","",,,,,,1,0.33,0,3,3,"… Effects of trace metals and municipal wastewater on the Ephemeroptera, Plecoptera, and Trichoptera of a stream community. Biology 2022, 11, 648. [CrossRef] [PubMed] 8. …","https://pmc.ncbi.nlm.nih.gov/articles/PMC10295414/pdf/biology-12-00835.pdf","https://scholar.google.com/scholar?q=related:nJNRmvLD-fMJ:scholar.google.com/&scioq=plecoptera%7Cstonefly%7Cstoneflies&hl=en&as_sdt=0,5&as_ylo=2023&as_yhi=2023"
2,"R Sammoudi, A Chahlaoui, M Khaffou, A Elouahli…","Biodiversity assessment and ecotypology of the Taanzoult plain running water (Aguelmam Sidi Ali, Morocco)",2023,"Scientific African","Elsevier","https://www.sciencedirect.com/science/article/pii/S2468227623000881","https://scholar.google.com/scholar?cites=16796661671780518384&as_sdt=2005&sciodt=0,5&hl=en",356,"2026-04-12 17:51:05","HTML","","",,,,,,2,0.67,0,5,3,"… Moreover, the bioindicator species of the good quality of water resources and the surrounding terrestrial ecosystem (Odonata and Plecoptera) are less present despite the absence of …","https://www.sciencedirect.com/science/article/pii/S2468227623000881","https://scholar.google.com/scholar?q=related:8InlRsy6GekJ:scholar.google.com/&scioq=plecoptera%7Cstonefly%7Cstoneflies&hl=en&as_sdt=0,5&as_ylo=2023&as_yhi=2023"
6,"CJ Kotalik, BA Wolff, JPF Pomeranz…","Bioenergetic responses of a stream food web to habitat restoration: interactions between Brown trout and invertebrate prey resources",2023,"Restoration …","Wiley Online Library","https://onlinelibrary.wiley.com/doi/abs/10.1111/rec.13908","https://scholar.google.com/scholar?cites=7145916671640467997&as_sdt=2005&sciodt=0,5&hl=en",280,"2026-04-12 17:51:05","","10.1111/rec.13908","",,,,,,6,2.00,2,4,3,"… The grouping “other” was comprised of a diversity of non-chironomid Diptera (true flies) and Plecoptera (stonefly) taxa that were combined to obtain sufficient weights for biomass …","https://onlinelibrary.wiley.com/doi/pdfdirect/10.1111/rec.13908","https://scholar.google.com/scholar?q=related:HfqrJ1plK2MJ:scholar.google.com/&scioq=plecoptera%7Cstonefly%7Cstoneflies&hl=en&as_sdt=0,5&as_ylo=2023&as_yhi=2023"
0,"ES Ushakova, NN Pankov, PA Belkin","BIOINDICATION IN THE ASSESSMENT OF THE ENVIRONMENTAL STATUS OF SMALL RIVERS",2023,"… редакторы: АБ Китаев, ОВ Ларченко, ВГ …","","","",798,"2026-04-12 17:51:05","CITATION","","",,,,,,0,0.00,0,3,3,"","","https://scholar.google.com/scholar?q=related:HVignU3rCOsJ:scholar.google.com/&scioq=plecoptera%7Cstonefly%7Cstoneflies&hl=en&as_sdt=0,5&as_ylo=2023&as_yhi=2023"
0,"M Sostmeyer Jung…","Bioindicators for monitoring spring water quality.",2023,"… Ibero-Americana de …","search.ebscohost.com","https://search.ebscohost.com/login.aspx?direct=true&profile=ehost&scope=site&authtype=crawler&jrnl=21796858&AN=178104833&h=rtBOzyMQU4amvSDOC%2FifeCyTSu2MfxFIBYIS%2B3gN8WJ779SVj8FiRWXq%2By7nWGdCbBOn3Zc5FTRj%2BROgRjLtRQ%3D%3D&crl=c","",513,"2026-04-12 17:51:05","","","",,,,,,0,0.00,0,2,3,"Conservation and preservation of water resources are essential for the sustainability of life and maintenance of ecosystems. Among the water resources, water springs are responsible …","","https://scholar.google.com/scholar?q=related:x28ECo_2wakJ:scholar.google.com/&scioq=plecoptera%7Cstonefly%7Cstoneflies&hl=en&as_sdt=0,5&as_ylo=2023&as_yhi=2023"
0,"LY Caicedo-Chacón, HJ Barón-González…","BiolCol: Technological Platform for the Dissemination of the Biological Reference Collection of Aquatic Macroinvertebrates",2023,"Revista Facultad de …","scielo.org.co","http://www.scielo.org.co/scielo.php?pid=S0121-11292023000200002&script=sci_arttext","",878,"2026-04-12 17:51:05","HTML","","",,,,,,0,0.00,0,3,3,"UNISANGIL has one of Colombia's five collections of aquatic macroinvertebrates, being the only one in the Department of Santander. The bioinformatics platform"" Biological Collection-…","http://www.scielo.org.co/scielo.php?pid=S0121-11292023000200002&script=sci_arttext","https://scholar.google.com/scholar?q=related:v0eOgT4-Dq8J:scholar.google.com/&scioq=plecoptera%7Cstonefly%7Cstoneflies&hl=en&as_sdt=0,5&as_ylo=2023&as_yhi=2023"
8,"A Ertaş, S Öztürk, M Yaşartürk, B Yorulmaz","Biological assessment of Demirci Stream in Gediz River Basin (West Anatolia of Turkey) and comparative performance of benthic macroinvertebrate-based metrics",2023,"Biologia","Springer","https://link.springer.com/article/10.1007/s11756-023-01329-2","https://scholar.google.com/scholar?cites=1424646817029412733&as_sdt=2005&sciodt=0,5&hl=en",178,"2026-04-12 17:51:05","","10.1007/s11756-023-01329-2","",,,,,,8,2.67,2,4,3,"… On summer, Isopoda was the most dominant group (44.4%) and 0 Plecoptera was the second … In winter, Plecoptera was the most dominant group (44.4%) and Diptera was the second …","","https://scholar.google.com/scholar?q=related:fddtY7tcxRMJ:scholar.google.com/&scioq=plecoptera%7Cstonefly%7Cstoneflies&hl=en&as_sdt=0,5&as_ylo=2023&as_yhi=2023"
1,"S Ghosh, S Akhtar, K Kumari","Biological Assessment of Major Water Bodies of Metropolitan Region Kolkata",2023,"… Records of the Zoological Survey of …","researchgate.net","https://www.researchgate.net/profile/Garima-Hore/publication/372051911_ATS_2023-_Records_of_the_Zoological_Survey_of_India/links/64a31cbc95bbbe0c6e0e0101/ATS-2023-Records-of-the-Zoological-Survey-of-India.pdf#page=539","https://scholar.google.com/scholar?cites=17539160111064173085&as_sdt=2005&sciodt=0,5&hl=en",531,"2026-04-12 17:51:05","PDF","","",,,,,,1,0.33,0,3,3,"… invertebrates in the animal kingdom, benthic macroinvertebrates, which are small aquatic invertebrate animals and the aquatic larval stages of insects (including dragonfly and stonefly …","https://www.researchgate.net/profile/Garima-Hore/publication/372051911_ATS_2023-_Records_of_the_Zoological_Survey_of_India/links/64a31cbc95bbbe0c6e0e0101/ATS-2023-Records-of-the-Zoological-Survey-of-India.pdf#page=539","https://scholar.google.com/scholar?q=related:HUquzjGdZ_MJ:scholar.google.com/&scioq=plecoptera%7Cstonefly%7Cstoneflies&hl=en&as_sdt=0,5&as_ylo=2023&as_yhi=2023"
0,"S Ghosh, S Akhtar, K Kumari","Biological Assessment of Major Water Bodies of The City of Kolkata",2023,"Records of the Zoological Survey of …","recordsofzsi.com","https://recordsofzsi.com/index.php/zsoi/article/view/172543","",589,"2026-04-12 17:51:05","","","",,,,,,0,0.00,0,3,3,"… invertebrates in the animal kingdom, benthic macroinvertebrates, which are small aquatic invertebrate animals and the aquatic larval stages of insects (including dragonfly and stonefly …","https://recordsofzsi.com/index.php/zsoi/article/download/172543/116866","https://scholar.google.com/scholar?q=related:lT363cTQGqgJ:scholar.google.com/&scioq=plecoptera%7Cstonefly%7Cstoneflies&hl=en&as_sdt=0,5&as_ylo=2023&as_yhi=2023"
1,"BE Utrup, JM Hessenauer, AS Briggs…","Biological investigation of the endangered northern madtom in the North Channel St. Clair River",2023,"… American Journal of …","academic.oup.com","https://academic.oup.com/najfm/article-abstract/43/3/730/7811764","https://scholar.google.com/scholar?cites=8575567328716325575&as_sdt=2005&sciodt=0,5&hl=en",488,"2026-04-12 17:51:05","","","",,,,,,1,0.33,0,4,3,"Aquatic organisms and the habitats they live in are declining globally, yet managers often lack even basic biological information for individual imperiled species. This makes assessment …","","https://scholar.google.com/scholar?q=related:xwKV1wyJAncJ:scholar.google.com/&scioq=plecoptera%7Cstonefly%7Cstoneflies&hl=en&as_sdt=0,5&as_ylo=2023&as_yhi=2023"
2,"TVH Tran, MV Nguyen","Biomimetic superhydrophobic materials for environmental applications",2023,"… -Inspired Self-Cleaning Surfaces in the …","intechopen.com","https://www.intechopen.com/chapters/86863","https://scholar.google.com/scholar?cites=8494122932765084361&as_sdt=2005&sciodt=0,5&hl=en",979,"2026-04-12 17:51:05","HTML","","",,,,,,2,0.67,1,2,3,"Environmental pollution has been one of the people’s most significant concerns for decades. In today’s industrialized and modernized society, the problem of environmental pollution …","https://www.intechopen.com/chapters/86863","https://scholar.google.com/scholar?q=related:yUr2tc0v4XUJ:scholar.google.com/&scioq=plecoptera%7Cstonefly%7Cstoneflies&hl=en&as_sdt=0,5&as_ylo=2023&as_yhi=2023"
0,"AE Alubadi, RN Ajmi","Biomonitoring for pollution assessment: A case study in Kasibeh Reserve in Al-Madain/East of Baghdad",,"researchgate.net","","https://www.researchgate.net/profile/Abdalkader-Latif/publication/382023891_Texas_Journal_of_Agriculture_and_Biological_Sciences_Biomonitoring_for_pollution_assessment_A_case_study_in_Kasibeh_Reserve_in_Al-Madain_East_of_Baghdad/links/66885b85f3b61c4e2cb2fb8d/Texas-Journal-of-Agriculture-and-Biological-Sciences-Biomonitoring-for-pollution-assessment-A-case-study-in-Kasibeh-Reserve-in-Al-Madain-East-of-Baghdad.pdf","",791,"2026-04-12 17:51:05","PDF","","",,,,,,0,0.00,0,2,,"In the context of an ecological approach of assessing pollution in Reserve, biomonitoring renders a strategic method for estimating ecosystem health. Rapid bioassessment method …","https://www.researchgate.net/profile/Abdalkader-Latif/publication/382023891_Texas_Journal_of_Agriculture_and_Biological_Sciences_Biomonitoring_for_pollution_assessment_A_case_study_in_Kasibeh_Reserve_in_Al-Madain_East_of_Baghdad/links/66885b85f3b61c4e2cb2fb8d/Texas-Journal-of-Agriculture-and-Biological-Sciences-Biomonitoring-for-pollution-assessment-A-case-study-in-Kasibeh-Reserve-in-Al-Madain-East-of-Baghdad.pdf","https://scholar.google.com/scholar?q=related:HDHe9UA-HfQJ:scholar.google.com/&scioq=plecoptera%7Cstonefly%7Cstoneflies&hl=en&as_sdt=0,5&as_ylo=2023&as_yhi=2023"
0,"M Sa'adah","BIOMONITORING KESEHATAN AIR SUNGAI BERDASARKAN KEBERADAAN MAKROZOOBENTOS DI KAWASAN WISATA BODY RAFTING SUNGAI CITUMANG …",2023,"","digilib.uin-suka.ac.id","https://digilib.uin-suka.ac.id/id/eprint/63537/","",719,"2026-04-12 17:51:05","","","",,,,,,0,0.00,0,1,3,"Sungai Citumang merupakan sungai yang dimanfaatkan penduduk untuk kegiatan body rafting. Banyaknya aktivitas wisata seperti body rafting di kawasan Citumang berpotensi terjadi …","","https://scholar.google.com/scholar?q=related:FmyhYjyvcoMJ:scholar.google.com/&scioq=plecoptera%7Cstonefly%7Cstoneflies&hl=en&as_sdt=0,5&as_ylo=2023&as_yhi=2023"
3,"J Jayawardana, W Gunawardana, EPN Udayakumara…","Biomonitoring of pesticides in agricultural river catchments: A case study from two river catchments in tropical Sri Lanka",2023,"Aquatic Ecology","Springer","https://link.springer.com/article/10.1007/s10452-023-10013-1","https://scholar.google.com/scholar?cites=13604680076848861725&as_sdt=2005&sciodt=0,5&hl=en",336,"2026-04-12 17:51:05","","10.1007/s10452-023-10013-1","",,,,,,3,1.00,1,4,3,"Monitoring of pesticide pollution in aquatic systems is a complex process and often constrained by high costs and methodical complexities associated with pesticide measurements in …","","https://scholar.google.com/scholar?q=related:HRJp_3KIzbwJ:scholar.google.com/&scioq=plecoptera%7Cstonefly%7Cstoneflies&hl=en&as_sdt=0,5&as_ylo=2023&as_yhi=2023"
0,"M Taheriyoun","Biomonitoring, simulation, and evaluation of anthropogenic pollution in Disam River, Iran: use of macro-invertebrates based biotic indices and Qual2kw model",2023,"Research Square (Research Square)","academia.edu","https://www.academia.edu/download/110308097/latest.pdf","",916,"2026-04-12 17:51:05","HTML","","",,,,,,0,0.00,0,1,3,"This study evaluates the water quality and self-puri cation status of the Disam River through biotic indices of macro-invertebrates and mathematical modeling (Qual2kw). A total of …","https://www.academia.edu/download/110308097/latest.pdf","https://scholar.google.com/scholar?q=related:MyU0-jta9ZsJ:scholar.google.com/&scioq=plecoptera%7Cstonefly%7Cstoneflies&hl=en&as_sdt=0,5&as_ylo=2023&as_yhi=2023"
6,"LF Gudiño-Sosa, R Moncayo-Estrada…","Biotic integrity, water quality, and landscape characteristics of a subtropical river",2023,"Water","mdpi.com","https://www.mdpi.com/2073-4441/15/9/1748","https://scholar.google.com/scholar?cites=12841619227038893575&as_sdt=2005&sciodt=0,5&hl=en",838,"2026-04-12 17:51:05","HTML","","",,,,,,6,2.00,2,3,3,"The integrity of rivers is affected by anthropogenic activities at different spatial scales, from basin and landscape levels to the direct effects on the river and aquatic life. Our objective was …","https://www.mdpi.com/2073-4441/15/9/1748","https://scholar.google.com/scholar?q=related:B8Z6MKaYNrIJ:scholar.google.com/&scioq=plecoptera%7Cstonefly%7Cstoneflies&hl=en&as_sdt=0,5&as_ylo=2023&as_yhi=2023"
4,"D López-Peña, R Cheke","Blackflies (Diptera: Simuliidae) of the United Kingdom with comments on species of public health and veterinary importance, their parasites and predators",2023,"The Simuliid Bulletin","gala.gre.ac.uk","https://gala.gre.ac.uk/id/eprint/43744/7/43744_CHEKE_Blackflies_Diptera_Simuliidae_of_the_United_Kingdom_with_comments_on_species_of_public_health.pdf","https://scholar.google.com/scholar?cites=9293367421601888922&as_sdt=2005&sciodt=0,5&hl=en",732,"2026-04-12 17:51:05","PDF","","",,,,,,4,1.33,2,2,3,"In many cases the biting habits of blackflies (Diptera: Simuliidae) are associated with transmission of pathogens such as the protozoan Leucocytozoon spp. to birds and Onchocerca spp…","https://gala.gre.ac.uk/id/eprint/43744/7/43744_CHEKE_Blackflies_Diptera_Simuliidae_of_the_United_Kingdom_with_comments_on_species_of_public_health.pdf","https://scholar.google.com/scholar?q=related:mrrEe26s-IAJ:scholar.google.com/&scioq=plecoptera%7Cstonefly%7Cstoneflies&hl=en&as_sdt=0,5&as_ylo=2023&as_yhi=2023"
2,"S Zafeiriou, G Agapakis","Blattodea, Dermaptera and Mantodea of Lesvos Island, Greece",2023,"Parnassiana Archives","researchgate.net","https://www.researchgate.net/profile/Savvas-Zafeiriou/publication/370872480_BLATTODEA_DERMAPTERA_AND_MANTODEA_OF_LESVOS_ISLAND_GREECE/links/646736e17020266316596a48/BLATTODEA-DERMAPTERA-AND-MANTODEA-OF-LESVOS-ISLAND-GREECE.pdf","https://scholar.google.com/scholar?cites=1839866650825294375&as_sdt=2005&sciodt=0,5&hl=en",500,"2026-04-12 17:51:05","PDF","","",,,,,,2,0.67,1,2,3,"… Despite its size, however, it remains rather understudied, with only 58 ‘orthopteroid’ species recorded so far, from which 50 belong to Orthoptera, 6 to Plecoptera and 1 to each of …","https://www.researchgate.net/profile/Savvas-Zafeiriou/publication/370872480_BLATTODEA_DERMAPTERA_AND_MANTODEA_OF_LESVOS_ISLAND_GREECE/links/646736e17020266316596a48/BLATTODEA-DERMAPTERA-AND-MANTODEA-OF-LESVOS-ISLAND-GREECE.pdf","https://scholar.google.com/scholar?q=related:J4KHjPiEiBkJ:scholar.google.com/&scioq=plecoptera%7Cstonefly%7Cstoneflies&hl=en&as_sdt=0,5&as_ylo=2023&as_yhi=2023"
1,"RE DEWALT","Boris Carl Kondratieff, a lifetime of scholarship and service to aquatic entomology",2023,"Zoosymposia","biotaxa.org","https://www.biotaxa.org/Zoosymposia/article/view/zoosymposia.24.1.4","https://scholar.google.com/scholar?cites=7433242474743736564&as_sdt=2005&sciodt=0,5&hl=en",256,"2026-04-12 17:51:05","","","",,,,,,1,0.33,1,1,3,"… he described at least 26 stonefly species. Early in his stonefly career he also worked with … in these notoriously difficult stoneflies, already having resulted in several more descriptions. …","https://www.biotaxa.org/Zoosymposia/article/download/zoosymposia.24.1.4/77604","https://scholar.google.com/scholar?q=related:9Chy1KUuKGcJ:scholar.google.com/&scioq=plecoptera%7Cstonefly%7Cstoneflies&hl=en&as_sdt=0,5&as_ylo=2023&as_yhi=2023"
0,"ZT Chen","Borisnia gen. nov., a new genus of Capniidae (Insecta: Plecoptera) from China",2023,"Faunitaxys","hal.science","https://hal.science/hal-04236499/","",90,"2026-04-12 17:51:05","","","",,,,,,0,0.00,0,1,3,"A remarkable new winter stonefly (Plecoptera: Capniidae) genus and species, Borisnia kondratieffi gen. et sp. nov., are described from Tibet, China. The new winter stonefly is …","https://hal.science/hal-04236499v1/file/Faunitaxys_f260.pdf","https://scholar.google.com/scholar?q=related:-08oyz9DAzYJ:scholar.google.com/&scioq=plecoptera%7Cstonefly%7Cstoneflies&hl=en&as_sdt=0,5&as_ylo=2023&as_yhi=2023"
2,"ZT Chen","Borisnia gen. nov., a new genus of Capniidae (Insecta: Plecoptera) from China. Faunitaxys, 11 (68), 1–5",2023,"","","","https://scholar.google.com/scholar?cites=7986475405110139905&as_sdt=2005&sciodt=0,5&hl=en",131,"2026-04-12 17:51:05","CITATION","","",,,,,,2,0.67,2,1,3,"","","https://scholar.google.com/scholar?q=related:Adz7GBGp1W4J:scholar.google.com/&scioq=plecoptera%7Cstonefly%7Cstoneflies&hl=en&as_sdt=0,5&as_ylo=2023&as_yhi=2023"
4,"X Ni, H Li, Y Xia, Y Lin, C Wang, C Li, J Liu, G Zhou","Breeding of Highly Virulent Beauveria bassiana Strains for Biological Control of the Leaf-Eating Pests of Dalbergia odorifera",2023,"Forests","mdpi.com","https://www.mdpi.com/1999-4907/14/2/316","https://scholar.google.com/scholar?cites=13626115942113142759&as_sdt=2005&sciodt=0,5&hl=en",347,"2026-04-12 17:51:05","HTML","","",,,,,,4,1.33,1,8,3,"… bassiana that we screened and mutated showed a good killing effect on Plecoptera bilinealis (P. bilinealis), and the wettable powder produced by it showed a good control effect on the …","https://www.mdpi.com/1999-4907/14/2/316","https://scholar.google.com/scholar?q=related:5-fwTUGwGb0J:scholar.google.com/&scioq=plecoptera%7Cstonefly%7Cstoneflies&hl=en&as_sdt=0,5&as_ylo=2023&as_yhi=2023"
1,"A López-de Sancha, R Roig, M Aranyó, A Vila-Gispert…","Brown trout density effects on the macroinvertebrate and biofilm communities of headwater streams: a cage experiment",2023,"Limnetica","researchgate.net","https://www.researchgate.net/profile/Alejandro-Lopez-De-Sancha-2/publication/361912315_Brown_trout_density_effects_on_the_macroinvertebrate_and_biofilm_communities_of_headwater_streams_a_cage_experiment/links/62cc5f263bbe636e0c54e040/Brown-trout-density-effects-on-the-macroinvertebrate-and-biofilm-communities-of-headwater-streams-a-cage-experiment.pdf","https://scholar.google.com/scholar?cites=3441051258660551267&as_sdt=2005&sciodt=0,5&hl=en",584,"2026-04-12 17:51:05","PDF","","",,,,,,1,0.33,0,5,3,"Salmo trutta is a key species of headwater streams that is able to influence the structure of these ecosystems through predation. Populations of this species are being threatened by …","https://www.researchgate.net/profile/Alejandro-Lopez-De-Sancha-2/publication/361912315_Brown_trout_density_effects_on_the_macroinvertebrate_and_biofilm_communities_of_headwater_streams_a_cage_experiment/links/62cc5f263bbe636e0c54e040/Brown-trout-density-effects-on-the-macroinvertebrate-and-biofilm-communities-of-headwater-streams-a-cage-experiment.pdf","https://scholar.google.com/scholar?q=related:Y3pfZuMRwS8J:scholar.google.com/&scioq=plecoptera%7Cstonefly%7Cstoneflies&hl=en&as_sdt=0,5&as_ylo=2023&as_yhi=2023"
5,"HJ Priest, DS Finn","Bucketloads of aquatic invertebrates in a dry intermittent stream",2023,"Ecology","JSTOR","https://www.jstor.org/stable/27256054","https://scholar.google.com/scholar?cites=18265949555800646458&as_sdt=2005&sciodt=0,5&hl=en",143,"2026-04-12 17:51:05","","","",,,,,,5,1.67,3,2,3,"… Dormancy in stoneflies was not surprising, but the stonefly richness we recovered from a single small stream was impressive (four genera in four families). As above, the relative dearth …","","https://scholar.google.com/scholar?q=related:OqOzBliwff0J:scholar.google.com/&scioq=plecoptera%7Cstonefly%7Cstoneflies&hl=en&as_sdt=0,5&as_ylo=2023&as_yhi=2023"
0,"JP O'Connor","Bulletin of the Irish Biogeographical Society.",2023,"","cabidigitallibrary.org","https://www.cabidigitallibrary.org/doi/full/10.5555/20230346122","",172,"2026-04-12 17:51:05","","10.5555/20230346122","",,,,,,0,0.00,0,1,3,"… It also presents adult stonefly (Plecoptera) records from Ireland in 2022 and intriguing insights into the potential feeding habits of slow worms (Anguis fragilis Linnaeus, 1758) involving …","","https://scholar.google.com/scholar?q=related:arvwBVwHsAQJ:scholar.google.com/&scioq=plecoptera%7Cstonefly%7Cstoneflies&hl=en&as_sdt=0,5&as_ylo=2023&as_yhi=2023"
0,"PA Keddy","Burial",2023,"Causal Factors for Wetland Management and …","Springer","https://link.springer.com/chapter/10.1007/978-3-031-21788-3_9","",759,"2026-04-12 17:51:05","","10.1007/978-3-031-21788-3_9","",,,,,,0,0.00,0,1,3,"… Stream invertebrates such as mayflies, stoneflies, and caddisflies are an important source of … number of species and the abundance of stoneflies (Plecoptera), caddisflies (Trichoptera), …","","https://scholar.google.com/scholar?q=related:13pRn-g5yPcJ:scholar.google.com/&scioq=plecoptera%7Cstonefly%7Cstoneflies&hl=en&as_sdt=0,5&as_ylo=2023&as_yhi=2023"
0,"M KAPLAN","BÖCEKLERİN IŞIĞA YÖNELİM DAVRANIŞLARI ÜZERİNE BİR DEĞERLENDİRME",2023,"CONFERENCE BOOK","avesis.atauni.edu.tr","https://avesis.atauni.edu.tr/yayin/3d6c6b12-e865-411b-9ba9-708a95dd7fb0/assessment-of-antioxidant-and-antidiabetic-properties-of-extracts-from-datura-innoxia-mill-seeds-with-varied-polarities/document.pdf#page=241","",779,"2026-04-12 17:51:05","PDF","","",,,,,,0,0.00,0,1,3,"The most important features of insect behavior and the situation that can be most benefited from in their fights are called tropism movements. Accordingly, insects either approach the …","https://avesis.atauni.edu.tr/yayin/3d6c6b12-e865-411b-9ba9-708a95dd7fb0/assessment-of-antioxidant-and-antidiabetic-properties-of-extracts-from-datura-innoxia-mill-seeds-with-varied-polarities/document.pdf#page=241","https://scholar.google.com/scholar?q=related:U5R20N72OY4J:scholar.google.com/&scioq=plecoptera%7Cstonefly%7Cstoneflies&hl=en&as_sdt=0,5&as_ylo=2023&as_yhi=2023"
0,"IE Lencina, LB Salas","Calidad biológica del agua de los arroyos Los Pinos y El Arbolito, evaluada a través de insectos bentónicos como bioindicadores",2023,"Lhawet","portalderevistas.unsa.edu.ar","https://portalderevistas.unsa.edu.ar/index.php/Lhawet/article/view/4725","",340,"2026-04-12 17:51:05","","","",,,,,,0,0.00,0,2,3,"… el número de taxa de algunos grupos de organismos acuáticos (determinados a nivel de género o familia), como por ejemplo el total de familias de Ephemeroptera, Plecoptera o …","https://portalderevistas.unsa.edu.ar/index.php/Lhawet/article/download/4725/5199","https://scholar.google.com/scholar?q=related:wXfP13Jwo7gJ:scholar.google.com/&scioq=plecoptera%7Cstonefly%7Cstoneflies&hl=en&as_sdt=0,5&as_ylo=2023&as_yhi=2023"
6,"CYR Torres","Calidad del agua según variables fisicoquímicas y macroinvertebrados bentónicos en la microcuenca del rio Chucchun",2023,"Rev. del Inst. Investig. la Fac. minas, Metal. y ciencias …","academia.edu","https://www.academia.edu/download/102679692/Calidad_del_agua_segun_variables_fisicoquimicas_y_macroinvertebrados_bentonicos_en_la_microcuenca_del_rio.pdf","https://scholar.google.com/scholar?cites=16916824607331549645&as_sdt=2005&sciodt=0,5&hl=en",970,"2026-04-12 17:51:05","PDF","","",,,,,,6,2.00,6,1,3,"La presente investigación tiene como objetivo comparar la calidad del agua entre las variables fisicoquímicas y la comunidad de macroinvertebrados bentónicos en la microcuenca del …","https://www.academia.edu/download/102679692/Calidad_del_agua_segun_variables_fisicoquimicas_y_macroinvertebrados_bentonicos_en_la_microcuenca_del_rio.pdf","https://scholar.google.com/scholar?q=related:zYGV51mixOoJ:scholar.google.com/&scioq=plecoptera%7Cstonefly%7Cstoneflies&hl=en&as_sdt=0,5&as_ylo=2023&as_yhi=2023"
2,"F Martínez, C Prieto, P Martínez…","Calidad Ecológica de las Cuencas Abastecedoras de Agua en la Ciudad de Loja–Ecuador",2023,"Revista …","revistapolitecnica.epn.edu.ec","https://revistapolitecnica.epn.edu.ec/ojs2/index.php/revista_politecnica2/article/view/1499","https://scholar.google.com/scholar?cites=1502453122274231791&as_sdt=2005&sciodt=0,5&hl=en",494,"2026-04-12 17:51:05","","","",,,,,,2,0.67,1,4,3,"… Para calcular el índice de EPT se tomó en cuenta el total de individuos de los órdenes Ephemeroptera, Plecoptera y Trichoptera, dividido para la abundancia poblacional total de cada …","https://revistapolitecnica.epn.edu.ec/ojs2/index.php/revista_politecnica2/article/download/1499/643","https://scholar.google.com/scholar?q=related:7wXVhCfJ2RQJ:scholar.google.com/&scioq=plecoptera%7Cstonefly%7Cstoneflies&hl=en&as_sdt=0,5&as_ylo=2023&as_yhi=2023"
0,"I Martens","Can environmental DNA Solve the Braided River",,"ir.canterbury.ac.nz","","https://ir.canterbury.ac.nz/server/api/core/bitstreams/cee7adc2-b8b9-4414-99a1-1da348e9747a/content","",663,"2026-04-12 17:51:05","PDF","","",,,,,,0,0.00,0,1,,"… Three macroinvertebrates, Ephemeroptera, Plecoptera and Trichoptera, commonly used for biomonitoring in freshwater ecosystems, were used to generate biodiversity estimates. The …","https://ir.canterbury.ac.nz/server/api/core/bitstreams/cee7adc2-b8b9-4414-99a1-1da348e9747a/content","https://scholar.google.com/scholar?q=related:7df7axgq1YoJ:scholar.google.com/&scioq=plecoptera%7Cstonefly%7Cstoneflies&hl=en&as_sdt=0,5&as_ylo=2023&as_yhi=2023"
0,"I Martens","Can environmental DNA solve the braided river sampling conundrum?",2023,"","ir.canterbury.ac.nz","https://ir.canterbury.ac.nz/items/f3cabf91-d705-41d6-a5d7-aa8ccb6fb3fb","",789,"2026-04-12 17:51:05","","","",,,,,,0,0.00,0,1,3,"… Three macroinvertebrates, Ephemeroptera, Plecoptera and Trichoptera, commonly used for biomonitoring in freshwater ecosystems, were used to generate biodiversity estimates. The …","","https://scholar.google.com/scholar?q=related:Z730PEoeVE4J:scholar.google.com/&scioq=plecoptera%7Cstonefly%7Cstoneflies&hl=en&as_sdt=0,5&as_ylo=2023&as_yhi=2023"
0,"C Rubino","Can larger body sizes allow for higher thermal limits of aquatic insects in streams of Monteverde, Costa Rica?",2023,"Tropical Ecology and Conservation","cieetropicalecologyandconservation …","https://cieetropicalecologyandconservation.wordpress.com/wp-content/uploads/2023/07/2023_spring_research-projects-booklet.pdf#page=72","",137,"2026-04-12 17:51:05","PDF","","",,,,,,0,0.00,0,1,3,"… For example, our data support these previous findings because stoneflies and mayflies both had no correlation with body size increasing thermal limit. Although there is little data on this …","https://cieetropicalecologyandconservation.wordpress.com/wp-content/uploads/2023/07/2023_spring_research-projects-booklet.pdf#page=72","https://scholar.google.com/scholar?q=related:6V_NcWMbxs4J:scholar.google.com/&scioq=plecoptera%7Cstonefly%7Cstoneflies&hl=en&as_sdt=0,5&as_ylo=2023&as_yhi=2023"
0,"MI Fernandez","Can Rapid Assessments Predict the Biotic Condition of Restored Streams?",2023,"Water","academia.edu","https://www.academia.edu/download/100921120/pdf.pdf","",424,"2026-04-12 17:51:05","HTML","","",,,,,,0,0.00,0,1,3,"… Wisconsin's macroinvertebrate index of biotic integrity, Ephemeroptera-Plecoptera-Trichoptera taxa and erosional taxa corresponded with forest streams, whereas organic pollution …","https://www.academia.edu/download/100921120/pdf.pdf","https://scholar.google.com/scholar?q=related:2I9xkN2tTVMJ:scholar.google.com/&scioq=plecoptera%7Cstonefly%7Cstoneflies&hl=en&as_sdt=0,5&as_ylo=2023&as_yhi=2023"
7,"CJ LeRoy, SM Claeson, IJ Garthwaite, MA Thompson…","Canopy development influences early successional stream ecosystem function but not biotic assemblages",2023,"Aquatic Sciences","Springer","https://link.springer.com/article/10.1007/s00027-023-00972-w","https://scholar.google.com/scholar?cites=10043899265671875932&as_sdt=2005&sciodt=0,5&hl=en",939,"2026-04-12 17:51:05","HTML","10.1007/s00027-023-00972-w","",,,,,,7,2.33,1,5,3,"Determining how streams develop naturally, particularly the ecological role of newly developed riparian canopy cover, is essential to understanding the factors that structure new stream …","https://link.springer.com/article/10.1007/s00027-023-00972-w","https://scholar.google.com/scholar?q=related:XM0t0ioZY4sJ:scholar.google.com/&scioq=plecoptera%7Cstonefly%7Cstoneflies&hl=en&as_sdt=0,5&as_ylo=2023&as_yhi=2023"
0,"JMT de Figueroa, R Fochetti, JML Rodriguez","Cap. X. Plecoptera.",2023,"","dspace.unitus.it","https://dspace.unitus.it/handle/2067/50852","",87,"2026-04-12 17:51:05","","","",,,,,,0,0.00,0,3,3,"Identification and Ecology of Freshwater Arthropods in the Mediterranean Basin covers the entire Mediterranean basin, including parts of Europe, Asia, Africa and the Mediterranean …","","https://scholar.google.com/scholar?q=related:GpRGnvmcXxoJ:scholar.google.com/&scioq=plecoptera%7Cstonefly%7Cstoneflies&hl=en&as_sdt=0,5&as_ylo=2023&as_yhi=2023"
0,"A Buitrago-Guacaneme, MC Reynaga…","Caracterización de hábitats fluviales en estratos superiores de las Yungas mediante el análisis de los rasgos biológicos del grupo EPT",2023,"Biología …","SciELO Argentina","https://www.scielo.org.ar/scielo.php?pid=S1668-48692023000100004&script=sci_arttext","",263,"2026-04-12 17:51:05","HTML","","",,,,,,0,0.00,0,3,3,"… Los taxones incluidos en los órdenes de insectos Ephemeroptera, Plecoptera y Trichoptera (grupo EPT) han sido reconocidos por su sensibilidad ante la variación ambiental, …","https://www.scielo.org.ar/scielo.php?pid=S1668-48692023000100004&script=sci_arttext","https://scholar.google.com/scholar?q=related:_isEhLnTVkUJ:scholar.google.com/&scioq=plecoptera%7Cstonefly%7Cstoneflies&hl=en&as_sdt=0,5&as_ylo=2023&as_yhi=2023"
25,"SE Osakpolor, A Manfrin, SJ Leroux, RB Schäfer","Cascading impacts of changes in subsidy quality on recipient ecosystem functioning",2023,"Ecology","Wiley Online Library","https://esajournals.onlinelibrary.wiley.com/doi/abs/10.1002/ecy.4023","https://scholar.google.com/scholar?cites=10782768732422244759&as_sdt=2005&sciodt=0,5&hl=en",598,"2026-04-12 17:51:05","","10.1002/ecy.4023","",,,,,,25,8.33,6,4,3,"Resource quantity and quality can differ between adjacent ecosystems, and these differences can impact subsidies exchanged between ecosystems. The quantity and quality of …","https://esajournals.onlinelibrary.wiley.com/doi/pdf/10.1002/ecy.4023","https://scholar.google.com/scholar?q=related:l4k3VwgXpJUJ:scholar.google.com/&scioq=plecoptera%7Cstonefly%7Cstoneflies&hl=en&as_sdt=0,5&as_ylo=2023&as_yhi=2023"
3,"ZT Chen","Cavoperlidae, a new stonefly family (Insecta: Plecoptera) from mid-Cretaceous Kachin amber of northern Myanmar",2023,"Cretaceous Research","Elsevier","https://www.sciencedirect.com/science/article/pii/S0195667123001891","https://scholar.google.com/scholar?cites=3891956150109043628&as_sdt=2005&sciodt=0,5&hl=en",24,"2026-04-12 17:51:05","","","",,,,,,3,1.00,3,1,3,"… Furthermore, the fossil stonefly is compared to both extant and related fossil stonefly taxa to … the knowledge on Plecoptera evolution, the paleobiology of mid-Cretaceous stoneflies, and …","","https://scholar.google.com/scholar?q=related:rHulgH8BAzYJ:scholar.google.com/&scioq=plecoptera%7Cstonefly%7Cstoneflies&hl=en&as_sdt=0,5&as_ylo=2023&as_yhi=2023"
0,"P CADMUS, H GUASCH, AT HERDRICH, B BONET…","ccep",,"academia.edu","","https://www.academia.edu/download/108868116/etc.407020231213-1-ykz3mo.pdf","",403,"2026-04-12 17:51:05","PDF","","",,,,,,0,0.00,0,5,,"… Total abundance of the 4 major macroinvertebrate orders (Ephemeroptera, Plecoptera, Trichoptera and Diptera) followed similar trends and showed strong concentration-response …","https://www.academia.edu/download/108868116/etc.407020231213-1-ykz3mo.pdf","https://scholar.google.com/scholar?q=related:T2yuYAywJW0J:scholar.google.com/&scioq=plecoptera%7Cstonefly%7Cstoneflies&hl=en&as_sdt=0,5&as_ylo=2023&as_yhi=2023"
0,"L Lisdari Hotifah","Cek Plagiat Trent Biotic Index (TBI) Makrozoobentos Pada Perairan Lotik Di Sekitar Talaga Remis Kabupaten Kuningan",,"rama.uniku.ac.id","","https://rama.uniku.ac.id/id/eprint/261/1/Cek%20Plagiat%20Trent%20Biotic%20Index%20(TBI)%20Makrozoobentos%20Pada%20Perairan%20Lotik%20Di%20Sekitar%20Talaga%20Remis%20Kabupaten%20Kuning.pdf","",812,"2026-04-12 17:51:05","PDF","","",,,,,,0,0.00,0,1,,"Penelitian ini berjudul “Trent Biotic Index (TBI) Makrozoobentos pada Perairan Lotik di Sekitar Talaga Remis Kabupaten Kuningan”. Latar belakang penelitian ini adalah untuk …","https://rama.uniku.ac.id/id/eprint/261/1/Cek%20Plagiat%20Trent%20Biotic%20Index%20(TBI)%20Makrozoobentos%20Pada%20Perairan%20Lotik%20Di%20Sekitar%20Talaga%20Remis%20Kabupaten%20Kuning.pdf","https://scholar.google.com/scholar?q=related:xA497I-bYRsJ:scholar.google.com/&scioq=plecoptera%7Cstonefly%7Cstoneflies&hl=en&as_sdt=0,5&as_ylo=2023&as_yhi=2023"
1,"U Ghani, A Nawaz, T Mustafa, S Muneer…","Challenges and Threats for Pollinator Conservation",2023,"Advances in Insect …","books.google.com","https://books.google.com/books?hl=en&lr=&id=X5HeEAAAQBAJ&oi=fnd&pg=PA2096&dq=plecoptera%7Cstonefly%7Cstoneflies&ots=2exW0u-dZs&sig=t1SAxPAUukCHxHIwIyYziIKRBgw","https://scholar.google.com/scholar?cites=7175226354482608654&as_sdt=2005&sciodt=0,5&hl=en",871,"2026-04-12 17:51:05","","","",,,,,,1,0.33,0,5,3,"Pollinators include bees, wasps, moths, butterflies, birds, flies, and small mammals. They help to pass on pollen from the male part of the flower (stamen) to the female part of the same …","","https://scholar.google.com/scholar?q=related:Dvr0eVqGk2MJ:scholar.google.com/&scioq=plecoptera%7Cstonefly%7Cstoneflies&hl=en&as_sdt=0,5&as_ylo=2023&as_yhi=2023"
5,"H Kalita, K Das","Chapter-4 Exploring the Ecological Role of Insects in Biodiversity and Ecosystems",2023,"Advances in Entomology","researchgate.net","https://www.researchgate.net/profile/Keerthana-Balusamy/publication/377624976_Harnessing_Biotechnology_in_Insect_Control/links/65afc5bc7fe0d83cb5621900/Harnessing-Biotechnology-in-Insect-Control.pdf#page=68","https://scholar.google.com/scholar?cites=9790859919084689029&as_sdt=2005&sciodt=0,5&hl=en",950,"2026-04-12 17:51:05","PDF","","",,,,,,5,1.67,3,2,3,"Insects are a diverse and abundant group of organisms that play a crucial role in shaping the Earth's biodiversity and functioning of ecosystems. This immense insect diversity …","https://www.researchgate.net/profile/Keerthana-Balusamy/publication/377624976_Harnessing_Biotechnology_in_Insect_Control/links/65afc5bc7fe0d83cb5621900/Harnessing-Biotechnology-in-Insect-Control.pdf#page=68","https://scholar.google.com/scholar?q=related:hRan4jgf4IcJ:scholar.google.com/&scioq=plecoptera%7Cstonefly%7Cstoneflies&hl=en&as_sdt=0,5&as_ylo=2023&as_yhi=2023"
0,"K Pujar, BR Archana","Chapter-8 Acoustic Courtship Cues in Insects",2023,"ENTOMOLOGY","researchgate.net","https://www.researchgate.net/profile/Kasturi-Sarmah-2/publication/377657840_Latest_Trends_in_ENTOMOLOGY_AGRICULTURE/links/65b13c466c7ad06ab4265a38/Latest-Trends-in-ENTOMOLOGY-AGRICULTURE.pdf#page=109","",157,"2026-04-12 17:51:05","PDF","","",,,,,,0,0.00,0,2,3,"Insects are highly diversified and adopted to all kind of ecology in the world. There are many factors viz. adaptation to wide range of climatic factors, their morphological along with …","https://www.researchgate.net/profile/Kasturi-Sarmah-2/publication/377657840_Latest_Trends_in_ENTOMOLOGY_AGRICULTURE/links/65b13c466c7ad06ab4265a38/Latest-Trends-in-ENTOMOLOGY-AGRICULTURE.pdf#page=109","https://scholar.google.com/scholar?q=related:hbELGJrkgFcJ:scholar.google.com/&scioq=plecoptera%7Cstonefly%7Cstoneflies&hl=en&as_sdt=0,5&as_ylo=2023&as_yhi=2023"
6,"J Smith, WD Crow, AL Catchot, DR Cook, J Gore","Chlorantraniliprole residual control and concentration determination in cotton",2023,"Insects","mdpi.com","https://www.mdpi.com/2075-4450/14/2/176","https://scholar.google.com/scholar?cites=6325257557949949095&as_sdt=2005&sciodt=0,5&hl=en",293,"2026-04-12 17:51:05","HTML","","",,,,,,6,2.00,1,5,3,"Simple Summary Data collected from studies in 2020 and 2021 determined that concentrations of chlorantriliprole were detected in the leaves up to 28 days after treatment, were …","https://www.mdpi.com/2075-4450/14/2/176","https://scholar.google.com/scholar?q=related:pyR2fjzUx1cJ:scholar.google.com/&scioq=plecoptera%7Cstonefly%7Cstoneflies&hl=en&as_sdt=0,5&as_ylo=2023&as_yhi=2023"
9,"BG Perrotta, M Simonin, BP Colman…","Chronic engineered nanoparticle additions alter insect emergence and result in metal flux from aquatic ecosystems into riparian food webs",2023,"Environmental …","ACS Publications","https://pubs.acs.org/doi/abs/10.1021/acs.est.3c00620","https://scholar.google.com/scholar?cites=4567885892662576698&as_sdt=2005&sciodt=0,5&hl=en",715,"2026-04-12 17:51:05","","10.1021/acs.est.3c00620","",,,,,,9,3.00,2,4,3,"Freshwater ecosystems are exposed to engineered nanoparticles (NPs) through discharge from wastewater and agricultural runoff. We conducted a 9-month mesocosm experiment to …","https://par.nsf.gov/servlets/purl/10485205","https://scholar.google.com/scholar?q=related:OsarhgRkZD8J:scholar.google.com/&scioq=plecoptera%7Cstonefly%7Cstoneflies&hl=en&as_sdt=0,5&as_ylo=2023&as_yhi=2023"
4,"K Germing, SU Ayobahan, H Reinwald, M Vogt…","Chronic toxicity testing including transcriptomics-based molecular profiling in Cloeon dipterum",2023,"Environmental Sciences …","Springer","https://link.springer.com/article/10.1186/s12302-023-00806-4","https://scholar.google.com/scholar?cites=1405414727522016143&as_sdt=2005&sciodt=0,5&hl=en",484,"2026-04-12 17:51:05","HTML","10.1186/s12302-023-00806-4","",,,,,,4,1.33,1,5,3,"The so-called EPT taxa have been shown to be highly sensitive to various environmental pollutants. However, there are only few published studies on toxicity testing with EPT …","https://link.springer.com/article/10.1186/s12302-023-00806-4","https://scholar.google.com/scholar?q=related:j1sNnD8JgRMJ:scholar.google.com/&scioq=plecoptera%7Cstonefly%7Cstoneflies&hl=en&as_sdt=0,5&as_ylo=2023&as_yhi=2023"
4,"S Chaudhary, Y Wu, D Strongman, Y Wang","CIGAF—a database and interactive platform for insect-associated trichomycete fungi",2023,"Database","academic.oup.com","https://academic.oup.com/database/article-abstract/doi/10.1093/database/baad038/7176385","https://scholar.google.com/scholar?cites=3145600501568380250&as_sdt=2005&sciodt=0,5&hl=en",782,"2026-04-12 17:51:05","","10.1093/database/baad038/7176385","",,,,,,4,1.33,1,4,3,"Trichomycete fungi are gut symbionts of arthropods living in aquatic habitats. The lack of a central platform with accessible collection records and associated ecological metadata has …","https://academic.oup.com/database/article/doi/10.1093/database/baad038/7176385","https://scholar.google.com/scholar?q=related:Wh1Gdf1qpysJ:scholar.google.com/&scioq=plecoptera%7Cstonefly%7Cstoneflies&hl=en&as_sdt=0,5&as_ylo=2023&as_yhi=2023"
5,"D Bućan, M Miliša","Circadian (re) colonisation dynamics of macroinvertebrates in an isolated karst spring",2023,"Science progress","journals.sagepub.com","https://journals.sagepub.com/doi/abs/10.1177/00368504231166956","https://scholar.google.com/scholar?cites=12436288556667198181&as_sdt=2005&sciodt=0,5&hl=en",341,"2026-04-12 17:51:05","","10.1177/00368504231166956","",,,,,,5,1.67,3,2,3,"… Protonemura was the dominant genus representative of Plecoptera, though specimens of the genera Isoperla and Leuctra were also present. Juvenile larval stages of the family …","https://journals.sagepub.com/doi/full/10.1177/00368504231166956","https://scholar.google.com/scholar?q=related:5VpnUI2SlqwJ:scholar.google.com/&scioq=plecoptera%7Cstonefly%7Cstoneflies&hl=en&as_sdt=0,5&as_ylo=2023&as_yhi=2023"
9,"M Zhai, J Bojková, D Němejcová, M Polášek…","Climatically promoted taxonomic homogenization of macroinvertebrates in unaffected streams varies along the river continuum",2023,"Scientific Reports","nature.com","https://www.nature.com/articles/s41598-023-32806-y","https://scholar.google.com/scholar?cites=6233669801944419559&as_sdt=2005&sciodt=0,5&hl=en",735,"2026-04-12 17:51:05","HTML","","",,,,,,9,3.00,2,5,3,"… This concerned some species groups of Ephemeroptera, Plecoptera, Trichoptera and Oligochaeta, with unclear reliability of identification in the 1990s. Chironomidae were excluded …","https://www.nature.com/articles/s41598-023-32806-y","https://scholar.google.com/scholar?q=related:5wz6T6hxglYJ:scholar.google.com/&scioq=plecoptera%7Cstonefly%7Cstoneflies&hl=en&as_sdt=0,5&as_ylo=2023&as_yhi=2023"
4,"L Kergoat, A Dabrin, M Masson, T Datry, C Bonnineau","Clogging modulates the copper effects on microbial communities of streambed sediments",2023,"Ecotoxicology","Springer","https://link.springer.com/article/10.1007/s10646-023-02641-y","https://scholar.google.com/scholar?cites=3612513102536749817&as_sdt=2005&sciodt=0,5&hl=en",614,"2026-04-12 17:51:05","","10.1007/s10646-023-02641-y","",,,,,,4,1.33,1,5,3,"The hyporheic zone, ie the water-saturated sediment beneath and alongside the riverbed, is exposed to multiple stressors. Agricultural-watershed rivers are frequently exposed to two …","","https://scholar.google.com/scholar?q=related:-bIl34Y5IjIJ:scholar.google.com/&scioq=plecoptera%7Cstonefly%7Cstoneflies&hl=en&as_sdt=0,5&as_ylo=2023&as_yhi=2023"
0,"C Schmitt","Coastal Companion: A Year in the Gulf of Maine, from Cape Cod to Canada",2023,"","books.google.com","https://books.google.com/books?hl=en&lr=&id=f_7JEAAAQBAJ&oi=fnd&pg=PP5&dq=plecoptera%7Cstonefly%7Cstoneflies&ots=fHxn5NRVB9&sig=073Gu-Uoa2wgH6ShMW5ZLnsd57k","",391,"2026-04-12 17:51:05","BOOK","","",,,,,,0,0.00,0,1,3,"… Stoneflies and other insects like mayflies and dragonflies are primitive creatures, originating during the era of the dinosaurs. They are some of the few animals and plants that survived …","","https://scholar.google.com/scholar?q=related:UK_mlCpfaSsJ:scholar.google.com/&scioq=plecoptera%7Cstonefly%7Cstoneflies&hl=en&as_sdt=0,5&as_ylo=2023&as_yhi=2023"
49,"E Meglécz","COInr and mkCOInr: Building and customizing a nonredundant barcoding reference database from BOLD and NCBI using a semi‐automated pipeline",2023,"Molecular Ecology Resources","Wiley Online Library","https://onlinelibrary.wiley.com/doi/abs/10.1111/1755-0998.13756","https://scholar.google.com/scholar?cites=13199068197210058904&as_sdt=2005&sciodt=0,5&hl=en",534,"2026-04-12 17:51:05","","10.1111/1755-0998.13756","",,,,,,49,16.33,49,1,3,"… This step is not trivial due to the presence of homonyms (eg, Plecoptera is both an insect order and a moth genus), synonyms and misspellings. Therefore, the only clean solution to deal …","https://onlinelibrary.wiley.com/doi/pdf/10.1111%2F1755-0998.13756","https://scholar.google.com/scholar?q=related:mHDc_JeCLLcJ:scholar.google.com/&scioq=plecoptera%7Cstonefly%7Cstoneflies&hl=en&as_sdt=0,5&as_ylo=2023&as_yhi=2023"
0,"S Hotaling, AA Shah, ME Dillon, JJ Giersch…","Cold Tolerance of Mountain Stone 昀氀 ies (Plecoptera: Nemouridae) from the High Rocky Mountains",,"storage.prod.researchhub.com","","https://storage.prod.researchhub.com/uploads/papers/2023/10/25/viewcontent.cgiarticle4395contextarticles-cnas.pdf","",125,"2026-04-12 17:51:05","PDF","","",,,,,,0,0.00,0,5,,"… of several alpine stoneflies (… stoneflies at greater risk of freezing may have correspondingly lower SCPs, and despite their common association with glacial meltwater, these stoneflies …","https://storage.prod.researchhub.com/uploads/papers/2023/10/25/viewcontent.cgiarticle4395contextarticles-cnas.pdf","https://scholar.google.com/scholar?q=related:B9uTbabo6FwJ:scholar.google.com/&scioq=plecoptera%7Cstonefly%7Cstoneflies&hl=en&as_sdt=0,5&as_ylo=2023&as_yhi=2023"
11,"K Tremblay","Collaborative worldbuilding for video games",2023,"","api.taylorfrancis.com","https://api.taylorfrancis.com/content/books/mono/download?identifierName=doi&identifierValue=10.1201/9781003345619&type=googlepdf","https://scholar.google.com/scholar?cites=16101056288522710363&as_sdt=2005&sciodt=0,5&hl=en",840,"2026-04-12 17:51:05","BOOK","","",,,,,,11,3.67,11,1,3,"This book is a theoretical and practical deep dive into the craft of worldbuilding for video games, with an explicit focus on how different job disciplines contribute to worldbuilding. In …","","https://scholar.google.com/scholar?q=related:Wy33KWNxct8J:scholar.google.com/&scioq=plecoptera%7Cstonefly%7Cstoneflies&hl=en&as_sdt=0,5&as_ylo=2023&as_yhi=2023"
0,"DA Rotaru, PCLD Silva, AMVM Soares","Collector Hydropsychids feeding rate",,"academia.edu","","https://www.academia.edu/download/104105885/pdf24_merged_1.pdf","",555,"2026-04-12 17:51:05","PDF","","",,,,,,0,0.00,0,3,,"The inpact waste storage on aquatic systems is an regulatory requirement in Europe, but it is nowdays onh considered to a limited extent. The assessment of the effects of inorganic …","https://www.academia.edu/download/104105885/pdf24_merged_1.pdf","https://scholar.google.com/scholar?q=related:AfdGsttu_0IJ:scholar.google.com/&scioq=plecoptera%7Cstonefly%7Cstoneflies&hl=en&as_sdt=0,5&as_ylo=2023&as_yhi=2023"
6,"A Bartkowska, T Mieczan, W Płaska","Colonization of Artificial Substrates by Invertebrate Macrofauna in a River Ecosystem—Implications for Forensic Entomology",2023,"International Journal of …","mdpi.com","https://www.mdpi.com/1660-4601/20/4/2834","https://scholar.google.com/scholar?cites=8504046583671828329&as_sdt=2005&sciodt=0,5&hl=en",250,"2026-04-12 17:51:05","HTML","","",,,,,,6,2.00,2,3,3,"Forensic entomology includes the analysis of organisms colonizing various parts of the body in order to determine the circumstances of an incident, mainly the time, place, and cause of …","https://www.mdpi.com/1660-4601/20/4/2834","https://scholar.google.com/scholar?q=related:aS8ivU9xBHYJ:scholar.google.com/&scioq=plecoptera%7Cstonefly%7Cstoneflies&hl=en&as_sdt=0,5&as_ylo=2023&as_yhi=2023"
2,"MSG Moura e Silva, AJB Luiz, ME Losekann…","Community assessment of benthic macroinvertebrates in fishponds in the presence and absence of fish",2023,"Acta Limnologica …","SciELO Brasil","https://www.scielo.br/j/alb/a/5dtV3HDcbV8qSRhKSpLQwhd/?lang=en","https://scholar.google.com/scholar?cites=15802648364459144618&as_sdt=2005&sciodt=0,5&hl=en",257,"2026-04-12 17:51:05","HTML","","",,,,,,2,0.67,1,4,3,"Aim In the present study, the structure of the benthic invertebrates in ponds in the presence and absence of Nile tilapia was evaluated. Methods The benthic macroinvertebrates and …","https://www.scielo.br/j/alb/a/5dtV3HDcbV8qSRhKSpLQwhd/?lang=en","https://scholar.google.com/scholar?q=related:qrX-IfZITtsJ:scholar.google.com/&scioq=plecoptera%7Cstonefly%7Cstoneflies&hl=en&as_sdt=0,5&as_ylo=2023&as_yhi=2023"
1,"M SILVA, AJB LUIZ, ME LOSEKANN, H HISANO","Community assessment of benthic macroinvertebrates in fishponds in the presence and absence of fish.",2023,"","sidalc.net","https://www.sidalc.net/search/Record/dig-alice-doc-1160146/Description","https://scholar.google.com/scholar?cites=6035545303675691298&as_sdt=2005&sciodt=0,5&hl=en",247,"2026-04-12 17:51:05","","","",,,,,,1,0.33,0,4,3,"Aim In the present study, the structure of the benthic invertebrates in ponds in the presence and absence of Nile tilapia was evaluated. Methods The benthic macroinvertebrates and …","","https://scholar.google.com/scholar?q=related:IuFd23mQwlMJ:scholar.google.com/&scioq=plecoptera%7Cstonefly%7Cstoneflies&hl=en&as_sdt=0,5&as_ylo=2023&as_yhi=2023"
4,"Y Li, X Li, Q Liu, Z Xu, M Wang","Community characteristics of macroinvertebrates and ecosystem health assessment in Qin River, a main tributary of the Yellow River in China",2023,"Environmental Science and Pollution …","Springer","https://link.springer.com/article/10.1007/s11356-023-26314-9","https://scholar.google.com/scholar?cites=1344670714683520568&as_sdt=2005&sciodt=0,5&hl=en",412,"2026-04-12 17:51:05","","10.1007/s11356-023-26314-9","",,,,,,4,1.33,1,5,3,"To know well the ecosystem health status of Qin River, a main tributary of the Yellow River and the largest river in Jincheng region, macroinvertebrates from 49 sampling sites in the Qin …","","https://scholar.google.com/scholar?q=related:OPaUAOQ6qRIJ:scholar.google.com/&scioq=plecoptera%7Cstonefly%7Cstoneflies&hl=en&as_sdt=0,5&as_ylo=2023&as_yhi=2023"
4,"C Retnaningdyah, E Arisoesilaningsih…","Community structure and diversity of benthic macroinvertebrates as bioindicators of water quality in some waterfall ecosystems, Bawean Island, Indonesia.",2023,"Biodiversitas …","search.ebscohost.com","https://search.ebscohost.com/login.aspx?direct=true&profile=ehost&scope=site&authtype=crawler&jrnl=1412033X&AN=161982113&h=ZNsekKJcX5K4shjCaWXT8gdwwZWoME9050EPW%2BUTvs07Vk0kV%2BToEDPq0WHI1X8n3ICZxJId1w1RjFkAQyFf0Q%3D%3D&crl=c","https://scholar.google.com/scholar?cites=678807227581820707&as_sdt=2005&sciodt=0,5&hl=en",390,"2026-04-12 17:51:05","","","",,,,,,4,1.33,1,3,3,"… Application of aquatic insects (Ephemeroptera, Plecoptera and Trichoptera) in water quality assessment of Malaysian headwater. Trop Life Sci Res 28 (2): 143162. DOI: 10.21315/…","","https://scholar.google.com/scholar?q=related:I2_7tpObawkJ:scholar.google.com/&scioq=plecoptera%7Cstonefly%7Cstoneflies&hl=en&as_sdt=0,5&as_ylo=2023&as_yhi=2023"
0,"S Sujitha, R Sreejai","Community Structure of Macrobenthic Fauna in Achenkovil River, Southern-Western Ghats, Kerala, India",2023,"Indian Journal of Ecology","indianjournals.com","https://indianjournals.com/api/article-view/ije1-50-4-053","",209,"2026-04-12 17:51:05","","","",,,,,,0,0.00,0,2,3,"… 2 The pollution-sensitive taxa such as Ephemeroptera, Plecoptera, and Trichoptera were the dominant members of the community structure in S1. Their presence is an indication of …","https://indianecologicalsociety.com/wp-content/themes/ecology/volume_pdfs/1692428590.pdf","https://scholar.google.com/scholar?q=related:Si7eRyx5d8IJ:scholar.google.com/&scioq=plecoptera%7Cstonefly%7Cstoneflies&hl=en&as_sdt=0,5&as_ylo=2023&as_yhi=2023"
1,"B Pepa, A Paparisto, H Kicaj","Community structure of the EPT group (Insecta) in the main Albanian rivers.",2023,"Journal of Hygienic Engineering & …","keypublishing.org","https://keypublishing.org/jhed/wp-content/uploads/2023/08/11.-Full-paper-Bledar-Pepa.pdf","https://scholar.google.com/scholar?cites=14003608012899439490&as_sdt=2005&sciodt=0,5&hl=en",309,"2026-04-12 17:51:05","PDF","","",,,,,,1,0.33,0,3,3,"… Among the EPT, Plecoptera (stonefly) is the most sensitive to changes in water quality [17]. Apart from Plecoptera, Trichoptera larvae and Ephemeroptera (mayflies) nymphs are also …","https://keypublishing.org/jhed/wp-content/uploads/2023/08/11.-Full-paper-Bledar-Pepa.pdf","https://scholar.google.com/scholar?q=related:glOvHkvPVsIJ:scholar.google.com/&scioq=plecoptera%7Cstonefly%7Cstoneflies&hl=en&as_sdt=0,5&as_ylo=2023&as_yhi=2023"
11,"IC Barrett, AR McIntosh, HJ Warburton","Community type and disturbance type interact to determine disturbance response: implications for extending the environmental filter metaphor",2023,"Community Ecology","Springer","https://link.springer.com/article/10.1007/s42974-023-00149-3","https://scholar.google.com/scholar?cites=9946710813876286205&as_sdt=2005&sciodt=0,5&hl=en",238,"2026-04-12 17:51:05","HTML","10.1007/s42974-023-00149-3","",,,,,,11,3.67,4,3,3,"… Significant three-way interactions were identified for total invertebrate drift, drift of typically sensitive taxa (Ephemeroptera, Plecoptera and Trichoptera) and drift of cased organisms …","https://link.springer.com/article/10.1007/s42974-023-00149-3","https://scholar.google.com/scholar?q=related:_fKhCMnQCYoJ:scholar.google.com/&scioq=plecoptera%7Cstonefly%7Cstoneflies&hl=en&as_sdt=0,5&as_ylo=2023&as_yhi=2023"
1,"J Park, LG Sakelarieva, ED Varadinova","Comparative Analysis of the Structure of Benthic Macroinvertebrate Communities in Maritsa River (Bulgaria) and Han River (South Korea)",2023,"","preprints.org","https://www.preprints.org/frontend/manuscript/aecf6c4396f43cb046c54f341c7d3ee7/download_pub","https://scholar.google.com/scholar?cites=273346527301282034&as_sdt=2005&sciodt=0,5&hl=en",713,"2026-04-12 17:51:05","PDF","","",,,,,,1,0.33,0,3,3,"The aim of this paper is to compare the taxonomic composition and species diversity of the macrozoobenthos in Maritsa River (Bulgaria) and Han River (South Korea). Samples were …","https://www.preprints.org/frontend/manuscript/aecf6c4396f43cb046c54f341c7d3ee7/download_pub","https://scholar.google.com/scholar?q=related:8ihh5DcfywMJ:scholar.google.com/&scioq=plecoptera%7Cstonefly%7Cstoneflies&hl=en&as_sdt=0,5&as_ylo=2023&as_yhi=2023"
0,"WCN Betsi, SF Menbohan, NL Lactio, Y Laure…","Comparative approach of the fauna diversity of benthic macroinvertebrates in a stream on ferralitic soil and equatorial climate at 2 seasons in Cameroon …",2023,"","researchgate.net","https://www.researchgate.net/profile/Donald-Lor-Nyame-Mbia/publication/372761824_Comparative_approach_of_the_fauna_diversity_of_benthic_macroinvertebrates_in_a_stream_on_ferralitic_soil_and_equatorial_climate_at_2_seasons_in_Cameroon_Central_Africa/links/6527ca613fa934104b19b495/Comparative-approach-of-the-fauna-diversity-of-benthic-macroinvertebrates-in-a-stream-on-ferralitic-soil-and-equatorial-climate-at-2-seasons-in-Cameroon-Central-Africa.pdf","",278,"2026-04-12 17:51:05","PDF","","",,,,,,0,0.00,0,5,3,"… On the other hand, the Esoa 1 station, with low relative abundance (25.56%), was more diversified and dominated by polluosensitive taxa, including Ephemeroptera, Plecoptera and …","https://www.researchgate.net/profile/Donald-Lor-Nyame-Mbia/publication/372761824_Comparative_approach_of_the_fauna_diversity_of_benthic_macroinvertebrates_in_a_stream_on_ferralitic_soil_and_equatorial_climate_at_2_seasons_in_Cameroon_Central_Africa/links/6527ca613fa934104b19b495/Comparative-approach-of-the-fauna-diversity-of-benthic-macroinvertebrates-in-a-stream-on-ferralitic-soil-and-equatorial-climate-at-2-seasons-in-Cameroon-Central-Africa.pdf","https://scholar.google.com/scholar?q=related:66oQMIaYVuIJ:scholar.google.com/&scioq=plecoptera%7Cstonefly%7Cstoneflies&hl=en&as_sdt=0,5&as_ylo=2023&as_yhi=2023"
3,"I Munfarida, M Munir","Comparative assessment of river water quality based on macro-invertebrate community structures as biological indicators in three rivers of East Java",2023,"AIP Conference Proceedings","pubs.aip.org","https://pubs.aip.org/aip/acp/article-abstract/2913/1/040001/2931852","https://scholar.google.com/scholar?cites=13460488367071063695&as_sdt=2005&sciodt=0,5&hl=en",353,"2026-04-12 17:51:05","","10.1063/5.0171654/18279624/040001_1_5.0171654","",,,,,,3,1.00,2,2,3,"… Application of aquatic insects (Ephemeroptera, plecoptera and trichoptera) in water quality assessment of Malaysian headwater. Tropical Life Sciences Research, 28(2), 143–162. https:/…","https://pubs.aip.org/aip/acp/article-pdf/doi/10.1063/5.0171654/18279624/040001_1_5.0171654.pdf","https://scholar.google.com/scholar?q=related:j26MZtpCzboJ:scholar.google.com/&scioq=plecoptera%7Cstonefly%7Cstoneflies&hl=en&as_sdt=0,5&as_ylo=2023&as_yhi=2023"
5,"HMM El-Khayat, HS Gaber, NS Helal, KM Zayed…","Comparative study on Lake Manzala in Egypt after and before development and purifications: Ecosystem and biomarkers; biochemical, histopathological and …",2023,"Environmental …","Elsevier","https://www.sciencedirect.com/science/article/pii/S0269749123017438","https://scholar.google.com/scholar?cites=16339067634411535377&as_sdt=2005&sciodt=0,5&hl=en",919,"2026-04-12 17:51:05","","","",,,,,,5,1.67,1,5,3,"The present work aims to evaluate the impact of Lake Manzala development, started in 2017, on lake water quality and biomarkers of Lake Oreochromis niloticus and Biomphalaria …","","https://scholar.google.com/scholar?q=related:EXwuBnIHwOIJ:scholar.google.com/&scioq=plecoptera%7Cstonefly%7Cstoneflies&hl=en&as_sdt=0,5&as_ylo=2023&as_yhi=2023"
4,"WK Gibbs, SB Cook, MA Kulp","Comparing passive and active macroinvertebrate sampling gear efficacy during biomonitoring in Southern Appalachian mountain streams",2023,"River Research and …","Wiley Online Library","https://onlinelibrary.wiley.com/doi/abs/10.1002/rra.4202","https://scholar.google.com/scholar?cites=17316717462415210750&as_sdt=2005&sciodt=0,5&hl=en",432,"2026-04-12 17:51:05","","10.1002/rra.4202","",,,,,,4,1.33,1,3,3,"… Diptera (flies) and Plecoptera (stoneflies) were most abundant in kick and drift samples, whereas dipterans dominated both Hess and H–D samples. Most other taxa were distributed …","https://onlinelibrary.wiley.com/doi/pdf/10.1002/rra.4202","https://scholar.google.com/scholar?q=related:_vgPv8hWUfAJ:scholar.google.com/&scioq=plecoptera%7Cstonefly%7Cstoneflies&hl=en&as_sdt=0,5&as_ylo=2023&as_yhi=2023"
3,"E Kazila, C Ntislidou, C Voreadou","Comparison of quantitative and semi-quantitative sampling methodologies for biomonitoring of Mediterranean streams using benthic macroinvertebrates: A …",2023,"Environmental Monitoring and …","Springer","https://link.springer.com/article/10.1007/s10661-022-10620-9","https://scholar.google.com/scholar?cites=9235320428802643879&as_sdt=2005&sciodt=0,5&hl=en",316,"2026-04-12 17:51:05","HTML","10.1007/s10661-022-10620-9","",,,,,,3,1.00,1,3,3,"… However, there were statistically significant differences in the relative abundance of Ephemeroptera, Plecoptera, and Trichoptera, passive filterers’ and the (semi) sessil groups, and …","https://link.springer.com/article/10.1007/s10661-022-10620-9","https://scholar.google.com/scholar?q=related:p5ewyf9yKoAJ:scholar.google.com/&scioq=plecoptera%7Cstonefly%7Cstoneflies&hl=en&as_sdt=0,5&as_ylo=2023&as_yhi=2023"
8,"MM Kindree, NE Jones…","Competitive interactions between invasive round goby and native white sucker in streams",2023,"Canadian Journal of …","cdnsciencepub.com","https://cdnsciencepub.com/doi/abs/10.1139/cjfas-2022-0022","https://scholar.google.com/scholar?cites=16545316057324408375&as_sdt=2005&sciodt=0,5&hl=en",790,"2026-04-12 17:51:05","","10.1139/cjfas-2022-0022","",,,,,,8,2.67,3,3,3,"The secondary invasion of the round goby (Neogobius melanostomus) into tributaries of the Laurentian Great Lakes has resulted in ecological impacts on many native benthic species. …","","https://scholar.google.com/scholar?q=related:N05jFUvFnOUJ:scholar.google.com/&scioq=plecoptera%7Cstonefly%7Cstoneflies&hl=en&as_sdt=0,5&as_ylo=2023&as_yhi=2023"
2,"C Lijuan, LIU Rilin, LI Mengfei…","Composition and diversity of insect in Wangdongyang alpine wetland nature reserve and Dayanghu wetlands nature reserve",2023,"Journal of Zhejiang …","zjlykj.xml-journal.net","https://zjlykj.xml-journal.net/en/article/doi/10.3969/j.issn.1001-3776.2023.06.012","https://scholar.google.com/scholar?cites=17115354196247361093&as_sdt=2005&sciodt=0,5&hl=en",723,"2026-04-12 17:51:05","","10.3969/j.issn.1001-3776.2023.06.012","",,,,,,2,0.67,1,4,3,"During August 2017 to July 2019, investigation of insect resources was conducted by different methods in Jingning Wangdongyang Alpine Wetland Nature Reserve and Dayanghu …","https://zjlykj.xml-journal.net/en/article/pdf/preview/10.3969/j.issn.1001-3776.2023.06.012.pdf","https://scholar.google.com/scholar?q=related:RbZQ4PXzhe0J:scholar.google.com/&scioq=plecoptera%7Cstonefly%7Cstoneflies&hl=en&as_sdt=0,5&as_ylo=2023&as_yhi=2023"
7,"N Ebm, F Guo, MT Brett, SE Bunn, B Fry…","Compound‐specific stable isotopes resolve sources and fate of polyunsaturated fatty acids in biota of headwater streams",2023,"Freshwater …","Wiley Online Library","https://onlinelibrary.wiley.com/doi/abs/10.1111/fwb.14088","https://scholar.google.com/scholar?cites=2633470092394144503&as_sdt=2005&sciodt=0,5&hl=en",901,"2026-04-12 17:51:05","","10.1111/fwb.14088","",,,,,,7,2.33,1,6,3,"Organisms at the base of stream food webs are typically poor in long‐chain polyunsaturated fatty acids (LC‐PUFA), especially in docosahexaenoic acid (DHA), whereas consumers at …","https://onlinelibrary.wiley.com/doi/pdf/10.1111/fwb.14088","https://scholar.google.com/scholar?q=related:96LEpxj3iyQJ:scholar.google.com/&scioq=plecoptera%7Cstonefly%7Cstoneflies&hl=en&as_sdt=0,5&as_ylo=2023&as_yhi=2023"
1,"SR Tobias, G Molina-Bolívar…","Comprehensive analysis of water quality in the middle and lower basin of the Marquesote River Colombian",2023,"Data and …","pdfs.semanticscholar.org","https://pdfs.semanticscholar.org/556e/0f2af8ab58ad0c9df50e453c3a8b3d350c31.pdf","https://scholar.google.com/scholar?cites=246935024930208715&as_sdt=2005&sciodt=0,5&hl=en",197,"2026-04-12 17:51:05","PDF","","",,,,,,1,0.33,0,3,3,"… comprehensive analysis of water quality was performed in the low Marquesote river basin, using benthic macroinvertebrates and the ETP index (Ephemeroptera-Trichoptera-Plecoptera…","https://pdfs.semanticscholar.org/556e/0f2af8ab58ad0c9df50e453c3a8b3d350c31.pdf","https://scholar.google.com/scholar?q=related:yzuRyxhKbQMJ:scholar.google.com/&scioq=plecoptera%7Cstonefly%7Cstoneflies&hl=en&as_sdt=0,5&as_ylo=2023&as_yhi=2023"
0,"SD George, BP Baldigo, SM Collins, DB Clarke…","Comprehensive assessment of macroinvertebrate community condition and sediment toxicity in the Eighteenmile Creek Area of Concern, New York, 2021",2023,"Journal of Great Lakes …","Elsevier","https://www.sciencedirect.com/science/article/pii/S0380133023002034","",674,"2026-04-12 17:51:05","HTML","","",,,,,,0,0.00,0,5,3,"The degradation of benthic communities (benthos) is one of four remaining beneficial use impairments (BUIs) in the Eighteenmile Creek Area of Concern (AOC), located on the south …","https://www.sciencedirect.com/science/article/pii/S0380133023002034","https://scholar.google.com/scholar?q=related:hIIzhOF7l7AJ:scholar.google.com/&scioq=plecoptera%7Cstonefly%7Cstoneflies&hl=en&as_sdt=0,5&as_ylo=2023&as_yhi=2023"
0,"C Xu, J Lei, J Zhang, P Li, H Zhang, X Meng","Comprehensive Ecological Health Assessment of the Qinghe River Basin: Towards Sustainable Management and Environmental Protection",2023,"","assets-eu.researchsquare.com","https://assets-eu.researchsquare.com/files/rs-3236498/v1/bb8b7c22-3da1-4017-a650-d4cb0710248f.pdf","",804,"2026-04-12 17:51:05","PDF","","",,,,,,0,0.00,0,6,3,"… (b) EPT family-level taxonomic unit ratio (EPTr-F): the proportion of the total number of family-level units of the may y, Plecoptera and Trichoptera in the samples collected at a certain …","https://assets-eu.researchsquare.com/files/rs-3236498/v1/bb8b7c22-3da1-4017-a650-d4cb0710248f.pdf","https://scholar.google.com/scholar?q=related:r0SHEqpPt_oJ:scholar.google.com/&scioq=plecoptera%7Cstonefly%7Cstoneflies&hl=en&as_sdt=0,5&as_ylo=2023&as_yhi=2023"
0,"TL Gorbunova, NK Gudkova, NI Rubanova…","Comprehensive study of the Tobias Creek valley following the development of the Krasnaya Polyana mountain resort",2023,"Ecosystem …","cyberleninka.ru","https://cyberleninka.ru/article/n/comprehensive-study-of-the-tobias-creek-valley-following-the-development-of-the-krasnaya-polyana-mountain-resort","",706,"2026-04-12 17:51:05","HTML","","",,,,,,0,0.00,0,4,3,"… In the samples obtained at the upper reaches, caddisflies are the dominant group of aquatic animals, with a small share of mayflies and stoneflies (Leuctra sp.) in the EPT population. …","https://cyberleninka.ru/article/n/comprehensive-study-of-the-tobias-creek-valley-following-the-development-of-the-krasnaya-polyana-mountain-resort","https://scholar.google.com/scholar?q=related:Jpq9_sOFpA8J:scholar.google.com/&scioq=plecoptera%7Cstonefly%7Cstoneflies&hl=en&as_sdt=0,5&as_ylo=2023&as_yhi=2023"
0,"RK McKee, M Atkinson","Conservation Action Plan",2023,"","researchgate.net","https://www.researchgate.net/profile/John-Groves-4/publication/381011314_Conservation_Action_Plan_Eastern_Hellbender_Cryptobranchus_alleganiensis_alleganiensis_Southeast_Partners_in_Amphibian_and_Reptile_Conservation/links/67bce702207c0c20fa959a3b/Conservation-Action-Plan-Eastern-Hellbender-Cryptobranchus-alleganiensis-alleganiensis-Southeast-Partners-in-Amphibian-and-Reptile-Conservation.pdf","",654,"2026-04-12 17:51:05","PDF","","",,,,,,0,0.00,0,2,3,"This document summarizes biological background, demographic studies, population trends, gaps in knowledge, priority areas of future research, conservation, and management of the …","https://www.researchgate.net/profile/John-Groves-4/publication/381011314_Conservation_Action_Plan_Eastern_Hellbender_Cryptobranchus_alleganiensis_alleganiensis_Southeast_Partners_in_Amphibian_and_Reptile_Conservation/links/67bce702207c0c20fa959a3b/Conservation-Action-Plan-Eastern-Hellbender-Cryptobranchus-alleganiensis-alleganiensis-Southeast-Partners-in-Amphibian-and-Reptile-Conservation.pdf","https://scholar.google.com/scholar?q=related:C3IrfRgdpfQJ:scholar.google.com/&scioq=plecoptera%7Cstonefly%7Cstoneflies&hl=en&as_sdt=0,5&as_ylo=2023&as_yhi=2023"
22,"P Rodríguez‐Lozano, G Lobera, I Pardo…","Conservation of temporary streams: The relevance of spatiotemporal variation in beta diversity",2023,"Aquatic …","Wiley Online Library","https://onlinelibrary.wiley.com/doi/abs/10.1002/aqc.4005","https://scholar.google.com/scholar?cites=3855364076620354091&as_sdt=2005&sciodt=0,5&hl=en",405,"2026-04-12 17:51:05","","10.1002/aqc.4005","",,,,,,22,7.33,6,4,3,"… Total richness and the richness of specific groups (Ephemeroptera–Plecoptera–Trichoptera (EPT), Diptera) were examined. The EPT taxa have been shown to be particularly sensitive …","https://onlinelibrary.wiley.com/doi/pdf/10.1002/aqc.4005","https://scholar.google.com/scholar?q=related:KxLCejMBgTUJ:scholar.google.com/&scioq=plecoptera%7Cstonefly%7Cstoneflies&hl=en&as_sdt=0,5&as_ylo=2023&as_yhi=2023"
0,"LE Claps, JJ Morrone, S Roig-Juñent","CONSIDERACIONES SOBRE “BIODIVERSIDAD DE ARTRÓPODOS ARGENTINOS”",,"Biodiversidad de artrópodos …","researchgate.net","https://www.researchgate.net/profile/Hernan-Beccacece-2/publication/374952267_ORUGAS_DE_LEPIDOPTEROS_DE_IMPORTANCIA_AGRICOLA_DE_LA_ARGENTINA_2023/links/653961271d6e8a70704e4bb5/ORUGAS-DE-LEPIDOPTEROS-DE-IMPORTANCIA-AGRICOLA-DE-LA-ARGENTINA-2023.pdf#page=527","",777,"2026-04-12 17:51:05","PDF","","",,,,,,0,0.00,0,3,,"… en la cantidad de especies a nivel mundial, como Plecoptera o Curculionoidea, entre otros. … 169 5, 63 Odonata 6000 261 4, 35 6000 285 4, 75 Plecoptera 2000 42 2, 10 4000 81 2, 03 …","https://www.researchgate.net/profile/Hernan-Beccacece-2/publication/374952267_ORUGAS_DE_LEPIDOPTEROS_DE_IMPORTANCIA_AGRICOLA_DE_LA_ARGENTINA_2023/links/653961271d6e8a70704e4bb5/ORUGAS-DE-LEPIDOPTEROS-DE-IMPORTANCIA-AGRICOLA-DE-LA-ARGENTINA-2023.pdf#page=527","https://scholar.google.com/scholar?q=related:lQ1iEYqYoVMJ:scholar.google.com/&scioq=plecoptera%7Cstonefly%7Cstoneflies&hl=en&as_sdt=0,5&as_ylo=2023&as_yhi=2023"
0,"A NEGREA, T NEGREA","CONSIDÉRATIONS SUR LES ÉCOSYSTÈMES DES GROTTES 0OMARNI0 ET POPOV. A+(BANAT, ROUMANIE)",,"travaux-racovitza.com","","https://www.travaux-racovitza.com/journals/downloads/83/art06.pdf","",698,"2026-04-12 17:51:05","PDF","","",,,,,,0,0.00,0,2,,"Les auteurs essaient de faire une synthèse des données concernant la faune des grottes Comarnic et Po· po-vaç-..::·· rêserves spéologiques importantes ouvertes· a11 tourisme-en …","https://www.travaux-racovitza.com/journals/downloads/83/art06.pdf","https://scholar.google.com/scholar?q=related:nQtOxJIVQzYJ:scholar.google.com/&scioq=plecoptera%7Cstonefly%7Cstoneflies&hl=en&as_sdt=0,5&as_ylo=2023&as_yhi=2023"
2,"JH Birrell, WCEP Verberk, HA Woods","Consistent Differences in Tissue Oxygen Levels Across 15 Insect Species Reflect a Balance between Toxicity and Asphyxiation",2023,"Available at SSRN …","papers.ssrn.com","https://papers.ssrn.com/sol3/papers.cfm?abstract_id=4592225","https://scholar.google.com/scholar?cites=10447385232847020118&as_sdt=2005&sciodt=0,5&hl=en",283,"2026-04-12 17:51:05","","","",,,,,,2,0.67,1,3,3,"… in which internal oxygen levels of juvenile stoneflies (Pteronarcys californica) remained low … oxygen levels of dead juvenile stoneflies had elevated internal oxygen levels (~ 18 kPa) in …","https://papers.ssrn.com/sol3/Delivery.cfm?abstractid=4592225","https://scholar.google.com/scholar?q=related:ViCCQ4SR_JAJ:scholar.google.com/&scioq=plecoptera%7Cstonefly%7Cstoneflies&hl=en&as_sdt=0,5&as_ylo=2023&as_yhi=2023"
3,"CJ Walsh, JA Webb, DC Gwinn, PF Breen","Constructed rock riffles increase habitat heterogeneity but not biodiversity in streams constrained by urban impacts",2023,"Ecosphere","Wiley Online Library","https://esajournals.onlinelibrary.wiley.com/doi/abs/10.1002/ecs2.4723","https://scholar.google.com/scholar?cites=14511364496482001313&as_sdt=2005&sciodt=0,5&hl=en",514,"2026-04-12 17:51:05","","10.1002/ecs2.4723","",,,,,,3,1.00,1,4,3,"… We collected one or a few individuals of several sensitive taxa that could colonize riffles (Plecoptera, the hydrobiosid Taschorema and Leptoceridae) in our study sites post-riffle …","https://esajournals.onlinelibrary.wiley.com/doi/pdfdirect/10.1002/ecs2.4723","https://scholar.google.com/scholar?q=related:oWEGAyC5YskJ:scholar.google.com/&scioq=plecoptera%7Cstonefly%7Cstoneflies&hl=en&as_sdt=0,5&as_ylo=2023&as_yhi=2023"
10,"B Yarkwan","Contamination of african water resources: impacts on biodiversity and strategies for conservation and restoration",2023,"Sustainable utilization and conservation of africa's …","Springer","https://link.springer.com/chapter/10.1007/978-981-19-6974-4_17","https://scholar.google.com/scholar?cites=16821355551680109555&as_sdt=2005&sciodt=0,5&hl=en",908,"2026-04-12 17:51:05","","10.1007/978-981-19-6974-4_17","",,,,,,10,3.33,10,1,3,"The interplay of factors militating against water resources has created complicated situations with far-reaching ecological consequences. Increase in human population around the world…","https://www.academia.edu/download/103367567/Climate_Change_and_Other_Environmental_Factors_as_Drivers_of_Fauna_and_Flora_Biodiversity_in_Africa.pdf#page=472","https://scholar.google.com/scholar?q=related:8xtwOsB1cekJ:scholar.google.com/&scioq=plecoptera%7Cstonefly%7Cstoneflies&hl=en&as_sdt=0,5&as_ylo=2023&as_yhi=2023"
8,"Y Ishii, M Nakagawa, SM Shin-ichiro, J Jo…","Contrasting radiocesium transfer in the river and lake food webs: Importance of trophic level and food source",2023,"Journal of Environmental …","Elsevier","https://www.sciencedirect.com/science/article/pii/S0265931X23000772","https://scholar.google.com/scholar?cites=15580899104613100973&as_sdt=2005&sciodt=0,5&hl=en",870,"2026-04-12 17:51:05","HTML","","",,,,,,8,2.67,2,5,3,"Radiocesium ( 137 Cs) contamination of the freshwater ecosystems adjacent to the Fukushima Daiichi Nuclear Power Plant (FDNPP) in Japan has persisted long after the accident that …","https://www.sciencedirect.com/science/article/pii/S0265931X23000772","https://scholar.google.com/scholar?q=related:rW2qOy95OtgJ:scholar.google.com/&scioq=plecoptera%7Cstonefly%7Cstoneflies&hl=en&as_sdt=0,5&as_ylo=2023&as_yhi=2023"
11,"A Luiza-Andrade, RR Da Silva, L Juen","Contribution of rare genera of aquatic insects to functional diversity in streams with multiple land use in the Amazon",2023,"Hydrobiologia","Springer","https://link.springer.com/article/10.1007/s10750-022-05035-z","https://scholar.google.com/scholar?cites=16468942582928927371&as_sdt=2005&sciodt=0,5&hl=en",406,"2026-04-12 17:51:05","","10.1007/s10750-022-05035-z","",,,,,,11,3.67,4,3,3,"… We used an entomological net with 18 cm in diameter and 250 µm mesh to collect Ephemeroptera, Plecoptera and Trichoptera, with a random portion of the substrate being sampled …","","https://scholar.google.com/scholar?q=related:i2rI4QVwjeQJ:scholar.google.com/&scioq=plecoptera%7Cstonefly%7Cstoneflies&hl=en&as_sdt=0,5&as_ylo=2023&as_yhi=2023"
2,"D Murányi, P Manko, T Kovács, G Vinçon…","Contribution to the Protonemura Kempny, 1898 (Plecoptera: Nemouridae) of the Caucasus",2023,"Zoosymposium, XX, p …","researchgate.net","https://www.researchgate.net/profile/Tibor-Kovacs-2/publication/372778995_Contribution_to_the_Protonemura_Kempny_1898_Plecoptera_Nemouridae_of_the_Caucasus/links/64db636f78e40b48bd4c78f9/Contribution-to-the-Protonemura-Kempny-1898-Plecoptera-Nemouridae-of-the-Caucasus.pdf","https://scholar.google.com/scholar?cites=8785775868976404425&as_sdt=2005&sciodt=0,5&hl=en",35,"2026-04-12 17:51:05","PDF","","",,,,,,2,0.67,0,5,3,"New records of Protonemura species are enumerated on the basis of specimens collected between 2015 and 2019 in the Greater and Lesser Caucasus. Three new species are …","https://www.researchgate.net/profile/Tibor-Kovacs-2/publication/372778995_Contribution_to_the_Protonemura_Kempny_1898_Plecoptera_Nemouridae_of_the_Caucasus/links/64db636f78e40b48bd4c78f9/Contribution-to-the-Protonemura-Kempny-1898-Plecoptera-Nemouridae-of-the-Caucasus.pdf","https://scholar.google.com/scholar?q=related:yZeJkppY7XkJ:scholar.google.com/&scioq=plecoptera%7Cstonefly%7Cstoneflies&hl=en&as_sdt=0,5&as_ylo=2023&as_yhi=2023"
0,"D Dmitrović, M Rudić, G Šukalo","CONTRIBUTIONS TO THE BIOLOGY OF DINA SKETI GROSSER &PEŠIĆ, 2014 (HIRUDINEA: ERPOBDELLIDAE)",2023,"Acta Scientifica Balcanica","asb.pmf.unibl.org","https://asb.pmf.unibl.org/index.php/asb/article/view/12","",311,"2026-04-12 17:51:05","","","",,,,,,0,0.00,0,3,3,"The known range of the species Dina sketi Grosser &Pešić, 2014 (Hirudinea: Erpobdellidae) includes several springs in the Cvrcka and Crna Rijeka basins (Republic of Srpska, Bosnia …","https://asb.pmf.unibl.org/index.php/asb/article/download/12/11","https://scholar.google.com/scholar?q=related:-nepDu_vfZ0J:scholar.google.com/&scioq=plecoptera%7Cstonefly%7Cstoneflies&hl=en&as_sdt=0,5&as_ylo=2023&as_yhi=2023"
9,"TH Büscher, SN Gorb","Convergent evolution of animal adhesive pads",2023,"Convergent evolution: animal form and function","Springer","https://link.springer.com/chapter/10.1007/978-3-031-11441-0_10","https://scholar.google.com/scholar?cites=3425944135360136130&as_sdt=2005&sciodt=0,5&hl=en",496,"2026-04-12 17:51:05","","10.1007/978-3-031-11441-0_10","",,,,,,9,3.00,5,2,3,"Functional systems that evolve as a response to specific environmental challenges often exhibit convergent traits. Organs adapted for attachment to a surface are tuned to a general …","","https://scholar.google.com/scholar?q=related:wkN5KApmiy8J:scholar.google.com/&scioq=plecoptera%7Cstonefly%7Cstoneflies&hl=en&as_sdt=0,5&as_ylo=2023&as_yhi=2023"
45,"L Guo, X Qiao, D Haji, T Zhou, Z Liu…","Convergent resistance to GABA receptor neurotoxins through plant–insect coevolution",2023,"Nature ecology & …","nature.com","https://www.nature.com/articles/s41559-023-02127-4","https://scholar.google.com/scholar?cites=12600161243315587094&as_sdt=2005&sciodt=0,5&hl=en",763,"2026-04-12 17:51:05","HTML","","",,,,,,45,15.00,8,6,3,"The molecular mechanisms of coevolution between plants and insects remain elusive. GABA receptors are targets of many neurotoxic terpenoids, which represent the most diverse …","https://www.nature.com/articles/s41559-023-02127-4","https://scholar.google.com/scholar?q=related:Fkh4bOTD3K4J:scholar.google.com/&scioq=plecoptera%7Cstonefly%7Cstoneflies&hl=en&as_sdt=0,5&as_ylo=2023&as_yhi=2023"
3,"AK Atwell, MS Schorr","Correlations of catchment landscape features with instream environmental conditions and benthic macroinvertebrate assemblages in the lookout creek system …",2023,"Southeastern Naturalist","BioOne","https://bioone.org/journals/southeastern-naturalist/volume-22/issue-4/058.022.0401/Correlations-of-Catchment-Landscape-Features-with-Instream-Environmental-Conditions-and/10.1656/058.022.0401.short","https://scholar.google.com/scholar?cites=1944497590951546063&as_sdt=2005&sciodt=0,5&hl=en",318,"2026-04-12 17:51:05","","10.1656/058.022.0401.short","",,,,,,3,1.00,2,2,3,"We sampled benthic macroinvertebrates and structural habitat characteristics in Ridge and Valley streams of the Lookout Creek watershed (Tennessee River drainage) and evaluated …","","https://scholar.google.com/scholar?q=related:zwxFr0E-_BoJ:scholar.google.com/&scioq=plecoptera%7Cstonefly%7Cstoneflies&hl=en&as_sdt=0,5&as_ylo=2023&as_yhi=2023"
0,"K Ohler, VC Schreiner, M Link…","Corrigendum to: Land use changes biomass and temporal patterns of insect cross-ecosystem flows (Glob Chang Biol.,(2023), 29, 1,(81-96), 10.1111/gcb. 16462)",2023,"Global Change …","bibliographie.ub.uni-due.de","https://bibliographie.ub.uni-due.de/servlets/DozBibEntryServlet?mode=show&id=ubo_mods_00220956&lang=en","",124,"2026-04-12 17:51:05","","","",,,,,,0,0.00,0,4,3,"… but a negative one with stonefly biomass. Phosphate concentration was … stonefly biomass. Shading was negatively associated with fly biomass but positively associated with stonefly …","","https://scholar.google.com/scholar?q=related:IPqE7KsHvu0J:scholar.google.com/&scioq=plecoptera%7Cstonefly%7Cstoneflies&hl=en&as_sdt=0,5&as_ylo=2023&as_yhi=2023"
0,"M County","Cranberry Creek",2023,"","files.dep.state.pa.us","https://files.dep.state.pa.us/Water/Drinking%20Water%20and%20Facility%20Regulation/WaterQualityPortalFiles/Stream_Packages/Dunbar_Creek/Cranberry_Creek_Report.pdf","",591,"2026-04-12 17:51:05","PDF","","",,,,,,0,0.00,0,1,3,"The Cranberry Creek basin is currently designated High Quality-Cold Water Fishes, Migratory Fishes (HQ-CWF, MF) and was evaluated for a redesignation to Exceptional Value (EV) in …","https://files.dep.state.pa.us/Water/Drinking%20Water%20and%20Facility%20Regulation/WaterQualityPortalFiles/Stream_Packages/Dunbar_Creek/Cranberry_Creek_Report.pdf","https://scholar.google.com/scholar?q=related:JfvsaLWTlqAJ:scholar.google.com/&scioq=plecoptera%7Cstonefly%7Cstoneflies&hl=en&as_sdt=0,5&as_ylo=2023&as_yhi=2023"
2,"JN Negishi, MK Alam, K Tojo, F Nakamura","Cryptic connectivity between hyporheic and riparian zones via winged aquatic insects revealed by DNA barcoding",2023,"bioRxiv","biorxiv.org","https://www.biorxiv.org/content/10.1101/2023.11.07.565981.abstract","https://scholar.google.com/scholar?cites=2615812805638652354&as_sdt=2005&sciodt=0,5&hl=en",123,"2026-04-12 17:51:05","","10.1101/2023.11.07.565981.abstract","",,,,,,2,0.67,1,4,3,"… In addition to the previously known stonefly Alloperla ishikariana, three species of stonefly … the total aquatic insects in the family of stoneflies (Plecoptera), caddisflies (Trichoptera), and …","https://www.biorxiv.org/content/10.1101/2023.11.07.565981.full.pdf","https://scholar.google.com/scholar?q=related:woECN-M7TSQJ:scholar.google.com/&scioq=plecoptera%7Cstonefly%7Cstoneflies&hl=en&as_sdt=0,5&as_ylo=2023&as_yhi=2023"
1,"R NÚÑEZ-BAZÁN¹, JC ESTRADA-ÁLVAREZ","Cucarachas (Blattodea) y tijerillas (Dermaptera) del estado de Morelos, retos y perspectivas para su estudio en México",,"Boletín de la","amxsa.org","https://amxsa.org/wp-content/uploads/2023/01/Boletin-AMXSA-62-DICIEMBRE-2022.pdf#page=9","https://scholar.google.com/scholar?cites=14397316248574666458&as_sdt=2005&sciodt=0,5&hl=en",807,"2026-04-12 17:51:05","PDF","","",,,,,,1,0.00,1,2,,"… tos que comprende a los órdenes Blattodea, Dermaptera, Isoptera, Mantodea, Orthoptera, Plecoptera y Phasmatodea. Estos artrópodos aparecen en el carbonífero, constituyendo uno …","https://amxsa.org/wp-content/uploads/2023/01/Boletin-AMXSA-62-DICIEMBRE-2022.pdf#page=9","https://scholar.google.com/scholar?q=related:2qZAC9mKzccJ:scholar.google.com/&scioq=plecoptera%7Cstonefly%7Cstoneflies&hl=en&as_sdt=0,5&as_ylo=2023&as_yhi=2023"
0,"RJC Cannon","Cues, signals and advertising.",2023,"","cabidigitallibrary.org","https://www.cabidigitallibrary.org/doi/full/10.5555/20230270994","",425,"2026-04-12 17:51:05","","10.5555/20230270994","",,,,,,0,0.00,0,1,3,"This book chapter explores sexual signaling and its role in sexual selection. It covers cues, signals, and advertising in sexual communication, focusing on visual, auditory, and olfactory …","","https://scholar.google.com/scholar?q=related:5Z2hRnboLnQJ:scholar.google.com/&scioq=plecoptera%7Cstonefly%7Cstoneflies&hl=en&as_sdt=0,5&as_ylo=2023&as_yhi=2023"
3,"L Pawar, T Das, KK Yadav, M Nag","Culture and breeding of Ompok bimaculatus, pabda (Indian butter catfish), seed production in North-East, India",2023,"International Journal of …","researchgate.net","https://www.researchgate.net/profile/Lokesh-Pawar-4/publication/368235203_Culture_and_breeding_of_Ompok_bimaculatus_Pabda_Indian_Butter_catfish_seed_production_in_North-East_India/links/640613370d98a97717e2f6b1/Culture-and-breeding-of-Ompok-bimaculatus-Pabda-Indian-Butter-catfish-seed-production-in-North-East-India.pdf","https://scholar.google.com/scholar?cites=947571177797789242&as_sdt=2005&sciodt=0,5&hl=en",627,"2026-04-12 17:51:05","PDF","","",,,,,,3,1.00,1,4,3,"A significant freshwater fish species that is raised in subtropical and tropical regions of the world is the India butter catfish (Ompok bimaculatus) also known as pabda. The fish is known …","https://www.researchgate.net/profile/Lokesh-Pawar-4/publication/368235203_Culture_and_breeding_of_Ompok_bimaculatus_Pabda_Indian_Butter_catfish_seed_production_in_North-East_India/links/640613370d98a97717e2f6b1/Culture-and-breeding-of-Ompok-bimaculatus-Pabda-Indian-Butter-catfish-seed-production-in-North-East-India.pdf","https://scholar.google.com/scholar?q=related:OiYJPPdyJg0J:scholar.google.com/&scioq=plecoptera%7Cstonefly%7Cstoneflies&hl=en&as_sdt=0,5&as_ylo=2023&as_yhi=2023"
0,"D Escobar-Camacho, N Moya","D2. 5: Meta-community and trait database at the focal DRN scale for CELAC",,"dryver.s3.eu-central-1.amazonaws …","","https://dryver.s3.eu-central-1.amazonaws.com/assets/documents/D2.5+Meta-community+and+trait+database+at+the+focal+DRN+scale+for+CELAC+PU.pdf","",538,"2026-04-12 17:51:05","PDF","","",,,,,,0,0.00,0,2,,"… , Diptera had the higher diversity with 15 families, followed by Coleoptera (10) and Trichoptera (8), Ephemeroptera and Odonata were orders with only three families, and Plecoptera …","https://dryver.s3.eu-central-1.amazonaws.com/assets/documents/D2.5+Meta-community+and+trait+database+at+the+focal+DRN+scale+for+CELAC+PU.pdf","https://scholar.google.com/scholar?q=related:aEGomXrUF7QJ:scholar.google.com/&scioq=plecoptera%7Cstonefly%7Cstoneflies&hl=en&as_sdt=0,5&as_ylo=2023&as_yhi=2023"
0,"A Allard, A Brown, C Hurford, C Isendahl…","Data collected in situ: unique details or integrated components of monitoring schemes",2023,"Monitoring …","taylorfrancis.com","https://www.taylorfrancis.com/chapters/oa-edit/10.4324/9781003179245-5/data-collected-situ-unique-details-integrated-components-monitoring-schemes-anna-allard-alan-brown-clive-hurford-christian-isendahl-andreas-hilpold-ulrike-tappeiner-julia-strobl-henrik-heden%C3%A5s","",907,"2026-04-12 17:51:05","","10.4324/9781003179245-5/data-collected-situ-unique-details-integrated-components-monitoring-schemes-anna-allard-alan-brown-clive-hurford-christian-isendahl-andreas-hilpold-ulrike-tappeiner-julia-strobl-henrik-heden%C3%A5s","",,,,,,0,0.00,0,5,3,"Although many more types of in situ data collection exist, notably in oceans and freshwater, this chapter leans towards the vegetation inventories in terrestrial biodiversity monitoring: …","https://api.taylorfrancis.com/content/chapters/oa-edit/download?identifierName=doi&identifierValue=10.4324/9781003179245-5&type=chapterpdf","https://scholar.google.com/scholar?q=related:4qoUofJgCw0J:scholar.google.com/&scioq=plecoptera%7Cstonefly%7Cstoneflies&hl=en&as_sdt=0,5&as_ylo=2023&as_yhi=2023"
1,"T Kovács, D Murányi","Data to the distribution of Helenoperla malickyi Sivec, 1997 (Plecoptera: Perlidae)",2023,"Folia historico-naturalia Musei Matraensis","researchgate.net","https://www.researchgate.net/profile/Tibor-Kovacs-2/publication/376758894_Data_to_the_distribution_of_Helenoperla_malickyi_Sivec_1997_Plecoptera_Perlidae/links/6586c94f0bb2c7472b07fb54/Data-to-the-distribution-of-Helenoperla-malickyi-Sivec-1997-Plecoptera-Perlidae.pdf","https://scholar.google.com/scholar?cites=17855945663608360276&as_sdt=2005&sciodt=0,5&hl=en",44,"2026-04-12 17:51:05","PDF","","",,,,,,1,0.33,1,2,3,"We present six new localities of the rare perlid Helenoperla malickyi: one in Greece and five in Albania, in addition to the two Greek localities hitherto known. The distribution of the …","https://www.researchgate.net/profile/Tibor-Kovacs-2/publication/376758894_Data_to_the_distribution_of_Helenoperla_malickyi_Sivec_1997_Plecoptera_Perlidae/links/6586c94f0bb2c7472b07fb54/Data-to-the-distribution-of-Helenoperla-malickyi-Sivec-1997-Plecoptera-Perlidae.pdf","https://scholar.google.com/scholar?q=related:VI0N6PkPzfcJ:scholar.google.com/&scioq=plecoptera%7Cstonefly%7Cstoneflies&hl=en&as_sdt=0,5&as_ylo=2023&as_yhi=2023"
0,"K Málnás, S Lengyel, Z Müller…","Data to the Ephemeroptera, Plecoptera, and Trichoptera fauna of the Hungarian section of river Tisza and adjacent water courses",,"TARTALOM–CONTENTS …","matramuzeum.nhmus.hu","https://matramuzeum.nhmus.hu/sites/default/files/nhmusfiles/kiadvanyok/folia/vol47/03_Malnas_Tisza_47.pdf","",101,"2026-04-12 17:51:05","PDF","","",,,,,,0,0.00,0,4,,"The paper presents 641 records of 29 mayfly, 2 stonefly and 50 caddisfly species collected in various surveys in the Hungarian section of river Tisza and the surrounding standing …","https://matramuzeum.nhmus.hu/sites/default/files/nhmusfiles/kiadvanyok/folia/vol47/03_Malnas_Tisza_47.pdf","https://scholar.google.com/scholar?q=related:85SLmdwtoH4J:scholar.google.com/&scioq=plecoptera%7Cstonefly%7Cstoneflies&hl=en&as_sdt=0,5&as_ylo=2023&as_yhi=2023"
0,"T Kovács, D Murányi","Data to the Hungarian distribution of Plecoptera III",,"TARTALOM–CONTENTS–INHALT","real-j.mtak.hu","http://real-j.mtak.hu/26561/2/folia-vol47.pdf#page=55","",79,"2026-04-12 17:51:05","PDF","","",,,,,,0,0.00,0,2,,"… Abstract: This paper provides 422 data of 43 Plecoptera species from 114 sampling sites, collected between 29.05. 1997 and 03.12. 2023. … The checklist of Andrikovics &Murányi (2001) …","http://real-j.mtak.hu/26561/2/folia-vol47.pdf#page=55","https://scholar.google.com/scholar?q=related:1FQ_kfx7YtIJ:scholar.google.com/&scioq=plecoptera%7Cstonefly%7Cstoneflies&hl=en&as_sdt=0,5&as_ylo=2023&as_yhi=2023"
0,"S Kalafutová","DATABÁZA HRÚBKY MÄKKÝCH TKANÍV NA TVÁRI POMOCOU ULTRASONOGRAFIE PRE ÚČELY HISTORICKEJ ANTROPOLÓGIE",2023,"Archeologie&Antropologie V","academia.edu","https://www.academia.edu/download/108016440/POSTER.pdf","",408,"2026-04-12 17:51:05","HTML","","",,,,,,0,0.00,0,1,3,"The structure of macrozoobenthic assemblages of littoral, inlet and outlet of oligotrophic alpine lake Nižné Terianske pleso in High Tatras Mts.(Slovakia) with emphasis on temporal …","https://www.academia.edu/download/108016440/POSTER.pdf","https://scholar.google.com/scholar?q=related:MugBmwtmTh8J:scholar.google.com/&scioq=plecoptera%7Cstonefly%7Cstoneflies&hl=en&as_sdt=0,5&as_ylo=2023&as_yhi=2023"
0,"M Merlo, ADC Fajardo…","Dataset of Plecoptera, Trichoptera and Coleoptera from Sierra Nevada",2023,"… of Plecoptera …","produccioncientifica.ugr.es","https://produccioncientifica.ugr.es/documentos/668fc489b9e7c03b01be0599","",99,"2026-04-12 17:51:05","","","",,,,,,0,0.00,0,3,3,"This dataset collects the available information on abundances of stoneflies, caddisflies and aquatic beetles present in the streams and rivers of the Sierra Nevada (southern Spain) from …","","https://scholar.google.com/scholar?q=related:GOrNVJOZ0lUJ:scholar.google.com/&scioq=plecoptera%7Cstonefly%7Cstoneflies&hl=en&as_sdt=0,5&as_ylo=2023&as_yhi=2023"
0,"E Domínguez, A Giorgi, ML Miserendino, MR Marchese…","de cuencas en la Argentina",,"academia.edu","","https://www.academia.edu/download/99555380/363914716.pdf","",595,"2026-04-12 17:51:05","PDF","","",,,,,,0,0.00,0,5,,"… la presencia de géneros de Ephemeroptera, Plecoptera y Trichoptera (tres grupos diferentes … otros órdenes de insectos como Megaloptera, Plecoptera, Trichoptera y Elmidae tomando …","https://www.academia.edu/download/99555380/363914716.pdf","https://scholar.google.com/scholar?q=related:Z5Sz3OQTr6kJ:scholar.google.com/&scioq=plecoptera%7Cstonefly%7Cstoneflies&hl=en&as_sdt=0,5&as_ylo=2023&as_yhi=2023"
36,"MP Nessel, T Konnovitch, GQ Romero, AL González","Decline of insects and arachnids driven by nutrient enrichment: A meta‐analysis",2023,"Ecology","Wiley Online Library","https://esajournals.onlinelibrary.wiley.com/doi/abs/10.1002/ecy.3897","https://scholar.google.com/scholar?cites=17883102392275948390&as_sdt=2005&sciodt=0,5&hl=en",182,"2026-04-12 17:51:05","","10.1002/ecy.3897","",,,,,,36,12.00,9,4,3,"Recent studies have documented global declines in insects and their relatives, but the exact mechanisms explaining these patterns are not fully understood. A potential driver …","https://esajournals.onlinelibrary.wiley.com/doi/pdfdirect/10.1002/ecy.3897","https://scholar.google.com/scholar?q=related:ZtOLheCKLfgJ:scholar.google.com/&scioq=plecoptera%7Cstonefly%7Cstoneflies&hl=en&as_sdt=0,5&as_ylo=2023&as_yhi=2023"
1,"MJ Bishoff, L Peng, H Zang…","Defensive phragmosis and cathaptosis in Trichoptera larvae",2023,"Contributions …","contributions-to-entomology …","https://contributions-to-entomology.arphahub.com/article/110394/download/pdf/","https://scholar.google.com/scholar?cites=4953273828430647980&as_sdt=2005&sciodt=0,5&hl=en",586,"2026-04-12 17:51:05","PDF","","",,,,,,1,0.33,0,4,3,"… For the experiment to test for phragmosis when disturbed by a stonefly or hellgrammite predator, each of the larvae of F. pele and G. calcarata quickly withdrew into its case to expose …","https://contributions-to-entomology.arphahub.com/article/110394/download/pdf/","https://scholar.google.com/scholar?q=related:rBLZqk2QvUQJ:scholar.google.com/&scioq=plecoptera%7Cstonefly%7Cstoneflies&hl=en&as_sdt=0,5&as_ylo=2023&as_yhi=2023"
1,"MJ Bishoff, L Peng, HM Zang, JC Morse","Defensive phragmosis and cathaptosis in Trichoptera larvae. Contributions to Entomology, 73 (2), 209–218",2023,"","contributions-to-entomology …","https://contributions-to-entomology.arphahub.com/article_preview.php?id=110394","https://scholar.google.com/scholar?cites=3979198385082041161&as_sdt=2005&sciodt=0,5&hl=en",629,"2026-04-12 17:51:05","HTML","","",,,,,,1,0.33,0,4,3,"… For the experiment to test for phragmosis when disturbed by a stonefly or hellgrammite predator, each of the larvae of F. pele and G. calcarata quickly withdrew into its case to expose …","https://contributions-to-entomology.arphahub.com/article_preview.php?id=110394","https://scholar.google.com/scholar?q=related:SYOfOdnzODcJ:scholar.google.com/&scioq=plecoptera%7Cstonefly%7Cstoneflies&hl=en&as_sdt=0,5&as_ylo=2023&as_yhi=2023"
0,"M Takenaka, Y Hasebe, K Yano, S Okamoto, K Tojo","Definitive environmental DNA research on aquatic insects: Analysis optimization using the recently developed MtInsects-16S primers set",2023,"bioRxiv","biorxiv.org","https://www.biorxiv.org/content/10.1101/2023.06.29.547017.abstract","",255,"2026-04-12 17:51:05","","10.1101/2023.06.29.547017.abstract","",,,,,,0,0.00,0,5,3,"… In this analysis, we targeted aquatic insects of Ephemeroptera, Plecoptera, and Trichoptera for comparison with the actual capture surveys because these orders are major organisms in …","https://www.biorxiv.org/content/biorxiv/early/2023/07/01/2023.06.29.547017.full.pdf","https://scholar.google.com/scholar?q=related:_Ro-Znr6Ya0J:scholar.google.com/&scioq=plecoptera%7Cstonefly%7Cstoneflies&hl=en&as_sdt=0,5&as_ylo=2023&as_yhi=2023"
86,"SL Rumschlag, MB Mahon, DK Jones, W Battaglin…","Density declines, richness increases, and composition shifts in stream macroinvertebrates",2023,"Science …","science.org","https://www.science.org/doi/abs/10.1126/sciadv.adf4896","https://scholar.google.com/scholar?cites=17219195199764017732&as_sdt=2005&sciodt=0,5&hl=en",520,"2026-04-12 17:51:05","","10.1126/sciadv.adf4896","",,,,,,86,28.67,17,5,3,"Documenting trends of stream macroinvertebrate biodiversity is challenging because biomonitoring often has limited spatial, temporal, and taxonomic scopes. We analyzed biodiversity …","https://www.science.org/doi/full/10.1126/sciadv.adf4896","https://scholar.google.com/scholar?q=related:RLILkM3e9u4J:scholar.google.com/&scioq=plecoptera%7Cstonefly%7Cstoneflies&hl=en&as_sdt=0,5&as_ylo=2023&as_yhi=2023"
0,"CA Pennock, GP Thiede, P Budy","Density‐dependent processes and population dynamics of native sculpin in a mountain river",2023,"Ecology of Freshwater Fish","Wiley Online Library","https://onlinelibrary.wiley.com/doi/abs/10.1111/eff.12710","",438,"2026-04-12 17:51:05","","10.1111/eff.12710","",,,,,,0,0.00,0,3,3,"… Diet composition varied spatially and temporally, and we observed a higher occurrence of Plecoptera and Diptera prey in sculpin diets in both years with relatively higher flows. We lack …","https://www.researchgate.net/profile/Casey-Pennock/publication/369605556_Density-dependent_processes_and_population_dynamics_of_native_sculpin_in_a_mountain_river/links/66ce300af84dd1716c6e4d4b/Density-dependent-processes-and-population-dynamics-of-native-sculpin-in-a-mountain-river.pdf","https://scholar.google.com/scholar?q=related:9a9yweICLiMJ:scholar.google.com/&scioq=plecoptera%7Cstonefly%7Cstoneflies&hl=en&as_sdt=0,5&as_ylo=2023&as_yhi=2023"
0,"L Wolany, AJ Beermann, J Hunn, M Weiss…","Der Einfluss von Klimawandel und Landwirtschaft auf Fließgewässer: Untersuchung der Einflüsse multipler Stressoren auf Süßwasser-Makroinvertebraten …",,"… der Jahrestagung 2022","fh-kaernten.at","https://www.fh-kaernten.at/fileadmin/documents/studienbereiche/weiterbildungszentrum/unesco-chair/DGL-TB_Konstanz_2022_komplett_WEB.pdf#page=22","",832,"2026-04-12 17:51:05","PDF","","",,,,,,0,0.00,0,5,,"In dieser Studie wurde die Wirkung von Hitzewellen, erhöhtem CO2-Gehalt im Gewässer, Schwankung der Fließgeschwindigkeit sowie erhöhtem Feinsediment im Gewässer in einem …","https://www.fh-kaernten.at/fileadmin/documents/studienbereiche/weiterbildungszentrum/unesco-chair/DGL-TB_Konstanz_2022_komplett_WEB.pdf#page=22","https://scholar.google.com/scholar?q=related:LCRZi4KPfVoJ:scholar.google.com/&scioq=plecoptera%7Cstonefly%7Cstoneflies&hl=en&as_sdt=0,5&as_ylo=2023&as_yhi=2023"
1,"A Ruffoni, JM Tierno de Figueroa","Description of drumming signals of two species of Nemoura Latreille, 1796 from France (Plecoptera, Nemouridae)",2023,"Aquatic Insects","Taylor &Francis","https://www.tandfonline.com/doi/abs/10.1080/01650424.2022.2108845","https://scholar.google.com/scholar?cites=6111957982906839992&as_sdt=2005&sciodt=0,5&hl=en",54,"2026-04-12 17:51:05","","10.1080/01650424.2022.2108845","",,,,,,1,0.33,1,2,3,"The vibrational duets of Nemoura lacustris Pictet, 1865 and N. flexuosa Aubert, 1949 are described from France. Nemoura lacustris communicates with a two-way duet having an …","https://www.researchgate.net/profile/Alexandre-Ruffoni/publication/363173008_Description_of_drumming_signals_of_two_species_of_Nemoura_Latreille_1796_from_France_Plecoptera_Nemouridae/links/66aa28f34433ad480e89dd77/Description-of-drumming-signals-of-two-species-of-Nemoura-Latreille-1796-from-France-Plecoptera-Nemouridae.pdf","https://scholar.google.com/scholar?q=related:uHNGJWcJ0lQJ:scholar.google.com/&scioq=plecoptera%7Cstonefly%7Cstoneflies&hl=en&as_sdt=0,5&as_ylo=2023&as_yhi=2023"
2,"V Lubini-Ferlin, P Teufl, C Novotny…","Description of the larva of Isoperla orobica Ravizza, 1975 (Plecoptera, Perlodidae), with notes on ecology and distribution in Switzerland",2023,"Alpine …","alpineentomology.pensoft.net","https://alpineentomology.pensoft.net/article/109021/download/pdf/","https://scholar.google.com/scholar?cites=9254115702455276337&as_sdt=2005&sciodt=0,5&hl=en",64,"2026-04-12 17:51:05","PDF","","",,,,,,2,0.67,1,4,3,"The larva of Isoperla orobica Ravizza, 1975, an endemic Alpine species, is described with information about the distribution and ecology in Switzerland. New barcodes were generated …","https://alpineentomology.pensoft.net/article/109021/download/pdf/","https://scholar.google.com/scholar?q=related:MRM2czM5bYAJ:scholar.google.com/&scioq=plecoptera%7Cstonefly%7Cstoneflies&hl=en&as_sdt=0,5&as_ylo=2023&as_yhi=2023"
0,"SV Baranovski, MT Zin","Design of a structurally optimized bioinspired structural arrangement of a polymer composite wing",2023,"E3S Web of Conferences","e3s-conferences.org","https://www.e3s-conferences.org/articles/e3sconf/abs/2023/50/e3sconf_interagromash2023_02004/e3sconf_interagromash2023_02004.html","",700,"2026-04-12 17:51:05","","","",,,,,,0,0.00,0,2,3,"Developing trends in designing and manufacturing products made of polymer composite materials allow us to create previously unattainable structures. These include bioinspired …","https://www.e3s-conferences.org/articles/e3sconf/pdf/2023/50/e3sconf_interagromash2023_02004.pdf","https://scholar.google.com/scholar?q=related:Z8r4q0yxiyYJ:scholar.google.com/&scioq=plecoptera%7Cstonefly%7Cstoneflies&hl=en&as_sdt=0,5&as_ylo=2023&as_yhi=2023"
0,"G Gentry","Detecting Global Declines of Stoneflies at a Local Scale: Measuring Changes in Stonefly Diversity in a Tributary of the Cahaba River of Central Alabama",2023,"","digitalcommons.jsu.edu","https://digitalcommons.jsu.edu/ce_jsustudentsymp_2023/42/","",88,"2026-04-12 17:51:05","","","",,,,,,0,0.00,0,1,3,"… are particularly worrisome for stonefly (Plecoptera) diversity. This … species in nine genera of stoneflies in the US of which 107 … is likely causing reduced stonefly diversity in the river as it …","","https://scholar.google.com/scholar?q=related:lcAxng5zDYYJ:scholar.google.com/&scioq=plecoptera%7Cstonefly%7Cstoneflies&hl=en&as_sdt=0,5&as_ylo=2023&as_yhi=2023"
3,"JA Ordoñez Fernandez","Determinación de la calidad de agua por bioindicadores (Macroinvertebrados)–en el río Illuchi–para el planteamiento de una propuesta de manejo de recurso hídrico …",2023,"","repositorio.utc.edu.ec","https://repositorio.utc.edu.ec/items/e64cbb87-e4ef-443b-988a-e70ef7b80775","https://scholar.google.com/scholar?cites=11532291653398665209&as_sdt=2005&sciodt=0,5&hl=en",888,"2026-04-12 17:51:05","","","",,,,,,3,1.00,3,1,3,"El presente trabajo de investigación tiene como objetivo evaluar la calidad ambiental del agua del río Illuchi mediante bioindicadores en la parte alta, media y baja. Para ello se …","https://repositorio.utc.edu.ec/bitstreams/e34889e0-c4a8-4e3f-80c9-27bb13c21f9e/download","https://scholar.google.com/scholar?q=related:-ZcHdyjuCqAJ:scholar.google.com/&scioq=plecoptera%7Cstonefly%7Cstoneflies&hl=en&as_sdt=0,5&as_ylo=2023&as_yhi=2023"
0,"H Harkness","Determinants of Macroinvertebrate Diversity in Karst Springs",2023,"","search.proquest.com","https://search.proquest.com/openview/42b79d591030c0c8c94a7597721df60a/1?pq-origsite=gscholar&cbl=18750&diss=y","",440,"2026-04-12 17:51:05","BOOK","","",,,,,,0,0.00,0,1,3,"… The compositions of insects contributing to taxon richness were similar in both groups, except that springs with fish contained members of the order Plecoptera while springs without fish …","https://aura.american.edu/articles/thesis/Determinants_of_Macroinvertebrate_Diversity_in_Karst_Springs/23504145/3/files/41551602.pdf","https://scholar.google.com/scholar?q=related:PtiXPgwUEywJ:scholar.google.com/&scioq=plecoptera%7Cstonefly%7Cstoneflies&hl=en&as_sdt=0,5&as_ylo=2023&as_yhi=2023"
2,"J Smith, WD Crow, AL Catchot, D Cook…","Determination of residual control and concentration of chlorantraniliprole in soybean",2023,"Journal of Economic …","academic.oup.com","https://academic.oup.com/jee/article-abstract/116/2/472/7031355","https://scholar.google.com/scholar?cites=7913097079127010247&as_sdt=2005&sciodt=0,5&hl=en",461,"2026-04-12 17:51:05","","","",,,,,,2,0.67,0,5,3,"… Upon hatching, approximately 100 larvae were transferred into 473 ml plastic deli containers (Fabr-Kai Corp, Kalamazoo, MI) filled with Stonefly Heliothis diet and covered. Transferred …","","https://scholar.google.com/scholar?q=related:x-uLOt730G0J:scholar.google.com/&scioq=plecoptera%7Cstonefly%7Cstoneflies&hl=en&as_sdt=0,5&as_ylo=2023&as_yhi=2023"
0,"M Smets","Determining the value of the Citizen Science Stream Index in assessing water quality",2023,"","cora.ucc.ie","https://cora.ucc.ie/items/8d2f5550-78a9-44ce-a6af-8625efb213cc","",487,"2026-04-12 17:51:05","","","",,,,,,0,0.00,0,1,3,"… Three of these taxa are sensitive to pollution, namely stoneflies (Plecoptera), flattened mayflies (Heptageniidae), and green caddisflies (Rhyacophilidae). The other three taxa in the …","https://cora.ucc.ie/bitstreams/bf13eaec-c80a-4756-914b-531c94a88786/download","https://scholar.google.com/scholar?q=related:Qkv3S-pZv-kJ:scholar.google.com/&scioq=plecoptera%7Cstonefly%7Cstoneflies&hl=en&as_sdt=0,5&as_ylo=2023&as_yhi=2023"
2,"TK Vats, V Rawal, AK Singh, S Mullick","Deterrent effect of Calotropis procera R. Br. on feeding, oviposition and egg hatchability of Plutella xylostella (L.)(Lepidoptera: Plutellidae)",2023,"Journal of Asia-Pacific Entomology","Elsevier","https://www.sciencedirect.com/science/article/pii/S1226861523000456","https://scholar.google.com/scholar?cites=13692077601525576892&as_sdt=2005&sciodt=0,5&hl=en",666,"2026-04-12 17:51:05","","","",,,,,,2,0.67,1,4,3,"Deterrent effect of aqueous, methanol and hexane extracts of Calotropis procera leaves was evaluated on the feeding and ovipositional response of diamondback moth (DBM), Plutella …","","https://scholar.google.com/scholar?q=related:vLQD7AgIBL4J:scholar.google.com/&scioq=plecoptera%7Cstonefly%7Cstoneflies&hl=en&as_sdt=0,5&as_ylo=2023&as_yhi=2023"
12,"B Wegscheider, WA Monk, J Lento, K Haralampides…","Developing environmental flow targets for benthic macroinvertebrates in large rivers using hydraulic habitat associations and taxa thresholds",2023,"Ecological …","Elsevier","https://www.sciencedirect.com/science/article/pii/S1470160X22012948","https://scholar.google.com/scholar?cites=3656404484118090869&as_sdt=2005&sciodt=0,5&hl=en",385,"2026-04-12 17:51:05","HTML","","",,,,,,12,4.00,2,5,3,"Holistic environmental flows frameworks are built on our understanding of key flow-ecology relationships that support sensitive taxa and critical ecosystem functions under different flow …","https://www.sciencedirect.com/science/article/pii/S1470160X22012948","https://scholar.google.com/scholar?q=related:dRQBf4EovjIJ:scholar.google.com/&scioq=plecoptera%7Cstonefly%7Cstoneflies&hl=en&as_sdt=0,5&as_ylo=2023&as_yhi=2023"
18,"S Hillinger, J Saeckler, KJ Domig, S Dobrovolny…","Development of a DNA Metabarcoding Method for the Identification of Insects in Food",2023,"Foods","mdpi.com","https://www.mdpi.com/2304-8158/12/5/1086","https://scholar.google.com/scholar?cites=1507449351190134647&as_sdt=2005&sciodt=0,5&hl=en",847,"2026-04-12 17:51:05","HTML","","",,,,,,18,6.00,4,5,3,"Insects have the potential to become an efficient and reliable food source for humans in the future and could contribute to solving problems with the current food chain. Analytical …","https://www.mdpi.com/2304-8158/12/5/1086","https://scholar.google.com/scholar?q=related:d7-UtjKJ6xQJ:scholar.google.com/&scioq=plecoptera%7Cstonefly%7Cstoneflies&hl=en&as_sdt=0,5&as_ylo=2023&as_yhi=2023"
21,"WW Assefa, BG Eneyew, A Wondie","Development of a multi-metric index based on macroinvertebrates for wetland ecosystem health assessment in predominantly agricultural landscapes, Upper …",2023,"Frontiers in Environmental …","frontiersin.org","https://www.frontiersin.org/journals/environmental-science/articles/10.3389/fenvs.2023.1117190/full","https://scholar.google.com/scholar?cites=3419165468852094187&as_sdt=2005&sciodt=0,5&hl=en",642,"2026-04-12 17:51:05","HTML","10.3389/fenvs.2023.1117190","",,,,,,21,7.00,7,3,3,"… , Plecoptera was absent may be due to the ecological disturbance of our study wetlands (Assefa et al., 2022). Thus, we selected EOT as one of six core metrics by replacing Plecoptera …","https://www.frontiersin.org/journals/environmental-science/articles/10.3389/fenvs.2023.1117190/full","https://scholar.google.com/scholar?q=related:6wQ23-BQcy8J:scholar.google.com/&scioq=plecoptera%7Cstonefly%7Cstoneflies&hl=en&as_sdt=0,5&as_ylo=2023&as_yhi=2023"
7,"L Liu, Z Xu, X Yin, F Li, M Wang","Development of an index based on fish, macroinvertebrates, phytoplankton, and physicochemical properties to assess urban aquatic ecosystems in Jinan, China",2023,"River Research and …","Wiley Online Library","https://onlinelibrary.wiley.com/doi/abs/10.1002/rra.4062","https://scholar.google.com/scholar?cites=15023484313349116063&as_sdt=2005&sciodt=0,5&hl=en",694,"2026-04-12 17:51:05","","10.1002/rra.4062","",,,,,,7,2.33,1,5,3,"Because of the rapid growth in urbanization over recent decades, urban aquatic ecosystems have been subjected to unprecedented threats and challenges. In this study, we visited 48 …","","https://scholar.google.com/scholar?q=related:n9DTmWIjftAJ:scholar.google.com/&scioq=plecoptera%7Cstonefly%7Cstoneflies&hl=en&as_sdt=0,5&as_ylo=2023&as_yhi=2023"
0,"M Gard","Development of habitat suitability criteria for macroinvertebrate community metrics for use in habitat restoration projects",2023,"California Fish and Wildlife Journal","journal.wildlife.ca.gov","https://journal.wildlife.ca.gov/2023/11/21/development-of-habitat-suitability-criteria-for-macroinvertebrate-community-metrics-for-use-in-habitat-restoration-projects/","",317,"2026-04-12 17:51:05","HTML","","",,,,,,0,0.00,0,1,3,"Community-based macroinvertebrate habitat suitability criteria are needed for two reasons:(1) community-based criteria, such as with macroinvertebrates, are a better measure of …","https://journal.wildlife.ca.gov/2023/11/21/development-of-habitat-suitability-criteria-for-macroinvertebrate-community-metrics-for-use-in-habitat-restoration-projects/","https://scholar.google.com/scholar?q=related:nvilSlXnx-MJ:scholar.google.com/&scioq=plecoptera%7Cstonefly%7Cstoneflies&hl=en&as_sdt=0,5&as_ylo=2023&as_yhi=2023"
33,"M Takenaka, K Yano, T Suzuki, K Tojo","Development of novel PCR primer sets for DNA barcoding of aquatic insects, and the discovery of some cryptic species",2023,"Limnology","Springer","https://link.springer.com/article/10.1007/s10201-022-00710-5","https://scholar.google.com/scholar?cites=13558493204540793956&as_sdt=2005&sciodt=0,5&hl=en",567,"2026-04-12 17:51:05","","10.1007/s10201-022-00710-5","",,,,,,33,11.00,8,4,3,"DNA barcoding is a powerful tool that provides rapid, accurate, and automatable species identification using standardized genetic region(s), such as for revealing the existence of …","","https://scholar.google.com/scholar?q=related:ZKQzyrtxKbwJ:scholar.google.com/&scioq=plecoptera%7Cstonefly%7Cstoneflies&hl=en&as_sdt=0,5&as_ylo=2023&as_yhi=2023"
71,"H Numata, Y Shintani","Diapause in univoltine and semivoltine life cycles",2023,"Annual Review of Entomology","annualreviews.org","https://www.annualreviews.org/content/journals/10.1146/annurev-ento-120220-101047","https://scholar.google.com/scholar?cites=8040438451931914743&as_sdt=2005&sciodt=0,5&hl=en",709,"2026-04-12 17:51:05","HTML","10.1146/annurev-ento-120220-101047","",,,,,,71,23.67,36,2,3,"… Examples of such insects include stoneflies growing in the short summer of subarctic regions in Alaska (121) and the Far East (136), although it is unclear whether they have diapause …","https://www.annualreviews.org/content/journals/10.1146/annurev-ento-120220-101047","https://scholar.google.com/scholar?q=related:9yHLBSxglW8J:scholar.google.com/&scioq=plecoptera%7Cstonefly%7Cstoneflies&hl=en&as_sdt=0,5&as_ylo=2023&as_yhi=2023"
0,"EE King¹, JH Stillman","Dicosmoecus gilvipes in",2023,"Abiotic stress and physiological adaptive …","books.google.com","https://books.google.com/books?hl=en&lr=&id=9Q7CEAAAQBAJ&oi=fnd&pg=PA57&dq=plecoptera%7Cstonefly%7Cstoneflies&ots=L0ilb26Kg2&sig=FaRwWr6uhOqwtLmeLbp9U5YSaHs","",511,"2026-04-12 17:51:05","","","",,,,,,0,0.00,0,2,3,"… Protein expression of aquatic stonefly species in Japan differs along stream temperature … Differences in protein expression among five species of stream stonefly (Plecoptera) along …","","https://scholar.google.com/scholar?q=related:QOseeep19hgJ:scholar.google.com/&scioq=plecoptera%7Cstonefly%7Cstoneflies&hl=en&as_sdt=0,5&as_ylo=2023&as_yhi=2023"
0,"B Plesky, R Küttner, G Hellwig","Die Eintags-, Stein-und Köcherfliegen (Ephemeroptera, Plecoptera, Trichoptera) der Lausitzer Neiße in Sachsen-Eine Zusammenfas-sung der Erfassungsjahre …",,"researchgate.net","","https://www.researchgate.net/profile/Ralf-Kuettner/publication/378138977_Die_Eintags-_Stein-_und_Kocherfliegen_Ephemeroptera_Plecoptera_Trichoptera_der_Lausitzer_Neisse_in_Sachsen_-_Eine_Zusammenfassung_der_Erfassungsjahre_2001_bis_2021_The_Mayflies_Stoneflies_and_Caddisfl/links/65c8cd39790074549771daed/Die-Eintags-Stein-und-Koecherfliegen-Ephemeroptera-Plecoptera-Trichoptera-der-Lausitzer-Neisse-in-Sachsen-Eine-Zusammenfassung-der-Erfassungsjahre-2001-bis-2021-The-Mayflies-Stoneflies-and-Cad.pdf","",112,"2026-04-12 17:51:05","PDF","","",,,,,,0,0.00,0,3,,"… data of Mayflies, Stoneflies and Caddisflies of the last 20 years were evaluated. A total of 131 species were identified, divided into 40 species of mayflies, 11 species of stoneflies and 80 …","https://www.researchgate.net/profile/Ralf-Kuettner/publication/378138977_Die_Eintags-_Stein-_und_Kocherfliegen_Ephemeroptera_Plecoptera_Trichoptera_der_Lausitzer_Neisse_in_Sachsen_-_Eine_Zusammenfassung_der_Erfassungsjahre_2001_bis_2021_The_Mayflies_Stoneflies_and_Caddisfl/links/65c8cd39790074549771daed/Die-Eintags-Stein-und-Koecherfliegen-Ephemeroptera-Plecoptera-Trichoptera-der-Lausitzer-Neisse-in-Sachsen-Eine-Zusammenfassung-der-Erfassungsjahre-2001-bis-2021-The-Mayflies-Stoneflies-and-Cad.pdf","https://scholar.google.com/scholar?q=related:2d36cm3C0uMJ:scholar.google.com/&scioq=plecoptera%7Cstonefly%7Cstoneflies&hl=en&as_sdt=0,5&as_ylo=2023&as_yhi=2023"
3,"V Djikanović, S Skorić, B Mićković, D Nikolić","Diet Analysis of the Amur Sleeper (Perccottus glenii) from the Danube River Drainage Channel (Serbia)",2023,"Turkish Journal of Fisheries …","trjfas.org","https://www.trjfas.org/abstract.php?id=14990","https://scholar.google.com/scholar?cites=17715080954691392148&as_sdt=2005&sciodt=0,5&hl=en",292,"2026-04-12 17:51:05","","","",,,,,,3,1.00,1,4,3,"… Insect component represented by Trichoptera and Ephemeroptera, followed by Plecoptera and Odonata as well as mollusk component represented by gastropods were the most …","https://www.trjfas.org/pdf.php?id=14990","https://scholar.google.com/scholar?q=related:lBKrD0Wc2PUJ:scholar.google.com/&scioq=plecoptera%7Cstonefly%7Cstoneflies&hl=en&as_sdt=0,5&as_ylo=2023&as_yhi=2023"
13,"G Saç","Diet and Feeding Ecology of the Invasive Gambusia holbrooki (Teleostei: Poeciliidae) in Lotic and Lentic Habitats (Northwestern Part of Turkey)",2023,"Inland Water Biology","Springer","https://link.springer.com/article/10.1134/S1995082923020086","https://scholar.google.com/scholar?cites=16825593301094626103&as_sdt=2005&sciodt=0,5&hl=en",498,"2026-04-12 17:51:05","","10.1134/S1995082923020086","",,,,,,13,4.33,13,1,3,"In order to understand the success of the invasion of a non-native fish, it is important to determine its fundamental competition characteristics such as its tolerance to habitat differences …","","https://scholar.google.com/scholar?q=related:N_PvJvaDgOkJ:scholar.google.com/&scioq=plecoptera%7Cstonefly%7Cstoneflies&hl=en&as_sdt=0,5&as_ylo=2023&as_yhi=2023"
4,"JK Tembo, CM Kihia, NK Kitaka, G O'Brien…","Diet and trophic interactions between catadromous eels and sympatric fish in Kenyan east flowing river systems",2023,"Western Indian Ocean …","ajol.info","https://www.ajol.info/index.php/wiojms/article/view/247318","https://scholar.google.com/scholar?cites=1696884721330366093&as_sdt=2005&sciodt=0,5&hl=en",814,"2026-04-12 17:51:05","","","",,,,,,4,1.33,1,5,3,"… in the Athi consumed a similar number of items (14), beetles, caddisflies, chironomids and prawn were only encountered upstream while penaeid, crab, damselfly and stoneflies were …","https://www.ajol.info/index.php/wiojms/article/download/247318/245602","https://scholar.google.com/scholar?q=related:jSav36mLjBcJ:scholar.google.com/&scioq=plecoptera%7Cstonefly%7Cstoneflies&hl=en&as_sdt=0,5&as_ylo=2023&as_yhi=2023"
5,"TL Cox, MJ Lance, LK Albertson, MA Briggs, AJ Dutton…","Diet composition and resource overlap of sympatric native and introduced salmonids across neighboring streams during a peak discharge event",2023,"Plos one","journals.plos.org","https://journals.plos.org/plosone/article?id=10.1371/journal.pone.0280833","https://scholar.google.com/scholar?cites=5010373581616391341&as_sdt=2005&sciodt=0,5&hl=en",569,"2026-04-12 17:51:05","HTML","","",,,,,,5,1.67,1,6,3,"Species assemblages composed of non-native and native fishes are found in freshwater systems throughout the world, and interactions such as interspecific competition that may …","https://journals.plos.org/plosone/article?id=10.1371/journal.pone.0280833","https://scholar.google.com/scholar?q=related:rSQ_9DlsiEUJ:scholar.google.com/&scioq=plecoptera%7Cstonefly%7Cstoneflies&hl=en&as_sdt=0,5&as_ylo=2023&as_yhi=2023"
4,"O George, SF Collins","Diet habits and trophic ecology of Rio Grande Sucker and Rio Grande Chub",2023,"Environmental Biology of Fishes","Springer","https://link.springer.com/article/10.1007/s10641-023-01443-9","https://scholar.google.com/scholar?cites=4988208802775590743&as_sdt=2005&sciodt=0,5&hl=en",357,"2026-04-12 17:51:05","","10.1007/s10641-023-01443-9","",,,,,,4,1.33,2,2,3,"… Our field results show that both RGS and RGC exhibited a preference for some macroinvertebrates (eg, Coleoptera larvae) and an avoidance of others (eg, Ephemeroptera, …","","https://scholar.google.com/scholar?q=related:V2fqOnqtOUUJ:scholar.google.com/&scioq=plecoptera%7Cstonefly%7Cstoneflies&hl=en&as_sdt=0,5&as_ylo=2023&as_yhi=2023"
3,"M Minder, ER Arsenault, M Pyron…","Dietary overlap and selectivity among mountain steppe river fish in the United States and Mongolia",2023,"Ecology and …","Wiley Online Library","https://onlinelibrary.wiley.com/doi/abs/10.1002/ece3.10132","https://scholar.google.com/scholar?cites=10109914731563515560&as_sdt=2005&sciodt=0,5&hl=en",219,"2026-04-12 17:51:05","","10.1002/ece3.10132","",,,,,,3,1.00,1,4,3,"… Fish species separated on the first NMDS axis by variation in gut contents of Trichoptera, Plecoptera, and Diptera. Fish species separated on the second NMDS axis based on variation …","https://onlinelibrary.wiley.com/doi/pdf/10.1002/ece3.10132","https://scholar.google.com/scholar?q=related:qP5UPOKhTYwJ:scholar.google.com/&scioq=plecoptera%7Cstonefly%7Cstoneflies&hl=en&as_sdt=0,5&as_ylo=2023&as_yhi=2023"
1,"J Frantz, D Houghton","Differences in the critical thermal maximum between two size classes of Stenonema femoratum (Ephemeroptera: Heptageniidae)",2023,"The Great Lakes Entomologist","scholar.valpo.edu","https://scholar.valpo.edu/tgle/vol56/iss1/9/","https://scholar.google.com/scholar?cites=4992022727181359303&as_sdt=2005&sciodt=0,5&hl=en",381,"2026-04-12 17:51:05","","","",,,,,,1,0.33,1,2,3,"Temperature is an important variable affecting the behavior and survival of aquatic organisms; however, little is known about the effects of size and corresponding developmental …","https://scholar.valpo.edu/cgi/viewcontent.cgi?article=2441&context=tgle","https://scholar.google.com/scholar?q=related:x1hStDg6R0UJ:scholar.google.com/&scioq=plecoptera%7Cstonefly%7Cstoneflies&hl=en&as_sdt=0,5&as_ylo=2023&as_yhi=2023"
6,"Y Thakur, A Grover, R Sinha","Differential distribution of macroinvertebrate associated with water quality",2023,"World Water Policy","Wiley Online Library","https://onlinelibrary.wiley.com/doi/abs/10.1002/wwp2.12089","https://scholar.google.com/scholar?cites=4981430575245051366&as_sdt=2005&sciodt=0,5&hl=en",266,"2026-04-12 17:51:05","","10.1002/wwp2.12089","",,,,,,6,2.00,2,3,3,"Streams and rivers are the major source of drinking water and irrigation in many developing countries. Stream health is a major criterion and regulator of the health of its dependents (…","","https://scholar.google.com/scholar?q=related:5kXAJreYIUUJ:scholar.google.com/&scioq=plecoptera%7Cstonefly%7Cstoneflies&hl=en&as_sdt=0,5&as_ylo=2023&as_yhi=2023"
2,"NB Pattinson, C Russell, J Taylor, CWS Dickens…","Digital innovation with miniSASS, a citizen science biomonitoring tool",2023,"","cgspace.cgiar.org","https://cgspace.cgiar.org/items/f79bf5cf-6512-4b78-918c-7557f2a4eb18","https://scholar.google.com/scholar?cites=14198908284592606522&as_sdt=2005&sciodt=0,5&hl=en",164,"2026-04-12 17:51:05","","","",,,,,,2,0.67,0,5,3,"The mini stream assessment scoring system (miniSASS) was developed as a citizen science biomonitoring tool for assessing the water quality and health of stream and river systems. A …","https://cgspace.cgiar.org/bitstreams/e030764d-2751-4f2e-83e7-e780e9ad1fdc/download","https://scholar.google.com/scholar?q=related:Ok1-FdunDMUJ:scholar.google.com/&scioq=plecoptera%7Cstonefly%7Cstoneflies&hl=en&as_sdt=0,5&as_ylo=2023&as_yhi=2023"
0,"RCJ Koen, FJ Koen, NB Pattinson, CWS Dickens…","Digitally improving the identification of aquatic macroinvertebrates for indices used in biomonitoring",2023,"","books.google.com","https://books.google.com/books?hl=en&lr=&id=A1MgEQAAQBAJ&oi=fnd&pg=PA3&dq=plecoptera%7Cstonefly%7Cstoneflies&ots=YrfIrNNWAz&sig=XC1mHw0FttJI8__uxLx3oqvIvMM","",813,"2026-04-12 17:51:05","BOOK","","",,,,,,0,0.00,0,5,3,"This report provides an overview of the mini Stream Assessment Scoring System (miniSASS) and South African Scoring System Version 5 (SASS5) as biomonitoring techniques for …","https://books.google.com/books?hl=en&lr=&id=A1MgEQAAQBAJ&oi=fnd&pg=PA3&dq=plecoptera%7Cstonefly%7Cstoneflies&ots=YrfIrNNWAz&sig=XC1mHw0FttJI8__uxLx3oqvIvMM","https://scholar.google.com/scholar?q=related:h2y2PwmLLowJ:scholar.google.com/&scioq=plecoptera%7Cstonefly%7Cstoneflies&hl=en&as_sdt=0,5&as_ylo=2023&as_yhi=2023"
14,"CK Feld, AW Lorenz, M Peise, M Fink, CJ Schulz","Direct and indirect effects of salinisation on riverine biota: a case study from river Wipper, Germany",2023,"Hydrobiologia","Springer","https://link.springer.com/article/10.1007/s10750-023-05229-z","https://scholar.google.com/scholar?cites=16803357269756904669&as_sdt=2005&sciodt=0,5&hl=en",251,"2026-04-12 17:51:05","HTML","10.1007/s10750-023-05229-z","",,,,,,14,4.67,3,5,3,"Salinisation has direct and detrimental physiological effects on freshwater organisms, yet little is known about its indirect effects. Here, we present a study that investigated the primary …","https://link.springer.com/article/10.1007/s10750-023-05229-z","https://scholar.google.com/scholar?q=related:3YTWqWiEMekJ:scholar.google.com/&scioq=plecoptera%7Cstonefly%7Cstoneflies&hl=en&as_sdt=0,5&as_ylo=2023&as_yhi=2023"
12,"CE Fergus, JR Brooks, PR Kaufmann, AT Herlihy…","Disentangling natural and anthropogenic effects on benthic macroinvertebrate assemblages in western US streams",2023,"…","Wiley Online Library","https://esajournals.onlinelibrary.wiley.com/doi/abs/10.1002/ecs2.4688","https://scholar.google.com/scholar?cites=13666091032156654820&as_sdt=2005&sciodt=0,5&hl=en",295,"2026-04-12 17:51:05","","10.1002/ecs2.4688","",,,,,,12,4.00,2,5,3,"Stream macroinvertebrate assemblages are shaped by natural and human‐related factors that operate through complex hierarchical pathways. Quantifying these relationships can …","https://esajournals.onlinelibrary.wiley.com/doi/pdfdirect/10.1002/ecs2.4688","https://scholar.google.com/scholar?q=related:5EzZP2O1p70J:scholar.google.com/&scioq=plecoptera%7Cstonefly%7Cstoneflies&hl=en&as_sdt=0,5&as_ylo=2023&as_yhi=2023"
0,"E Estévez, D Dietrich, S Sahler, F Vassanelli, S Widera…","Diskontinuum Gornje Neretve: gradienti taksonomske in funkcionalne raznolikosti bentoških nevretenčarjev v divji balkanski reki",2023,"","agris.fao.org","https://agris.fao.org/search/en/providers/122615/records/6878f2595d9ad5f58d6093bf","",189,"2026-04-12 17:51:05","","","",,,,,,0,0.00,0,6,3,"English. Free-flowing rivers are highly valuable to understand the taxonomic and functional community structure of organisms that inhabit fluvial ecosystems. We investigated patterns of …","","https://scholar.google.com/scholar?q=related:5zHWn2ykbgEJ:scholar.google.com/&scioq=plecoptera%7Cstonefly%7Cstoneflies&hl=en&as_sdt=0,5&as_ylo=2023&as_yhi=2023"
11,"Y Ge, J García‐Girón, J Heino, Z Liu…","Dispersal syndromes mediate phylogenetic distance decay relationships in a dendritic stream network",2023,"Journal of …","Wiley Online Library","https://onlinelibrary.wiley.com/doi/abs/10.1111/jbi.14583","https://scholar.google.com/scholar?cites=12606112333222340737&as_sdt=2005&sciodt=0,5&hl=en",388,"2026-04-12 17:51:05","","10.1111/jbi.14583","",,,,,,11,3.67,2,5,3,"Aim Understanding the mechanisms underlying the structure and connectivity of ecological communities is a central issue in biogeography. Dispersal syndromes are tightly woven into …","https://oulurepo.oulu.fi/bitstream/handle/10024/43417/nbnfi-fe2023031331335.pdf?sequence=1","https://scholar.google.com/scholar?q=related:gWhjhGDo8a4J:scholar.google.com/&scioq=plecoptera%7Cstonefly%7Cstoneflies&hl=en&as_sdt=0,5&as_ylo=2023&as_yhi=2023"
19,"GH Niedrist, L Füreder","Disproportional vulnerability of mountain aquatic invertebrates to climate change effects",2023,"Arctic, Antarctic, and Alpine Research","Taylor &Francis","https://www.tandfonline.com/doi/abs/10.1080/15230430.2023.2181298","https://scholar.google.com/scholar?cites=8809010700781372372&as_sdt=2005&sciodt=0,5&hl=en",114,"2026-04-12 17:51:05","","10.1080/15230430.2023.2181298","",,,,,,19,6.33,10,2,3,"… We revealed fifty alpine Plecoptera and Trichoptera species that are categorized highly … that Ephemeroptera may be better prepared than Plecoptera and Trichoptera. Thus, this trait-…","https://www.tandfonline.com/doi/full/10.1080/15230430.2023.2181298","https://scholar.google.com/scholar?q=related:1EOwao_kP3oJ:scholar.google.com/&scioq=plecoptera%7Cstonefly%7Cstoneflies&hl=en&as_sdt=0,5&as_ylo=2023&as_yhi=2023"
6,"A Laini, R Stubbington, AJ Beermann…","Dissecting biodiversity: assessing the taxonomic, functional and phylogenetic structure of an insect metacommunity in a river network using morphological and …",2023,"The European …","Taylor &Francis","https://www.tandfonline.com/doi/abs/10.1080/24750263.2023.2197924","https://scholar.google.com/scholar?cites=15972202828977359155&as_sdt=2005&sciodt=0,5&hl=en",470,"2026-04-12 17:51:05","","10.1080/24750263.2023.2197924","",,,,,,6,2.00,2,4,3,"… most families, OTUs and haplotypes, whereas Plecoptera and Diptera had the most mixed-level … of OTUs and haplotypes, and Plecoptera for the trait richness of haplotypes ( Figure 3 ). …","https://www.tandfonline.com/doi/pdf/10.1080/24750263.2023.2197924","https://scholar.google.com/scholar?q=related:M0mvPdmpqN0J:scholar.google.com/&scioq=plecoptera%7Cstonefly%7Cstoneflies&hl=en&as_sdt=0,5&as_ylo=2023&as_yhi=2023"
11,"C Doumanidis, Y Xie, PHN Rajput…","Dissecting the industrial control systems software supply chain",2023,"IEEE Security & …","ieeexplore.ieee.org","https://ieeexplore.ieee.org/abstract/document/10136825/","https://scholar.google.com/scholar?cites=8197453239463930530&as_sdt=2005&sciodt=0,5&hl=en",717,"2026-04-12 17:51:05","","","",,,,,,11,3.67,3,4,3,"Industrial control system (ICS) platforms are increasingly relying on third-party software components forming an untrusted supply chain. In this work, we investigate components and …","","https://scholar.google.com/scholar?q=related:omofEUo0w3EJ:scholar.google.com/&scioq=plecoptera%7Cstonefly%7Cstoneflies&hl=en&as_sdt=0,5&as_ylo=2023&as_yhi=2023"
0,"R Pickren, B Sahin, S Zonouz","Dissecting the Industrial Control Systems Software Supply Chain",,"","","","",946,"2026-04-12 17:51:05","CITATION","","",,,,,,0,0.00,0,3,,"","","https://scholar.google.com/scholar?q=related:UdJG88ADRGcJ:scholar.google.com/&scioq=plecoptera%7Cstonefly%7Cstoneflies&hl=en&as_sdt=0,5&as_ylo=2023&as_yhi=2023"
0,"D Burton","Distribution of the genus Paraleuctra (Plecoptera: Leuctridae) in Canada",2023,"Journal of the Entomological Society of British …","journal.entsocbc.ca","https://journal.entsocbc.ca/index.php/journal/article/view/2579","",83,"2026-04-12 17:51:05","","","",,,,,,0,0.00,0,1,3,"… Thanks are due to the late WE Ricker, whose vast collection of stoneflies from western Canada were donated to the CNC. The author also thanks Allison Brown at the UOG and to …","https://journal.entsocbc.ca/index.php/journal/article/download/2579/2805","https://scholar.google.com/scholar?q=related:DL11MFrohpMJ:scholar.google.com/&scioq=plecoptera%7Cstonefly%7Cstoneflies&hl=en&as_sdt=0,5&as_ylo=2023&as_yhi=2023"
2,"V Jerez","Diversidad de Coleoptera (Insecta) registrada en las cuencas de los ríos Pascua y Bravo, Región de Aysén, Chile",2023,"Revista chilena de entomología","SciELO Chile","https://www.scielo.cl/scielo.php?pid=S0718-89942023000200355&script=sci_arttext","https://scholar.google.com/scholar?cites=9367369961034074422&as_sdt=2005&sciodt=0,5&hl=en",778,"2026-04-12 17:51:05","HTML","","",,,,,,2,0.67,2,1,3,"En este trabajo se entrega la composición taxonómica, riqueza y abundancia de coleópteros muestreados mediante trampas de intercepción entre 2006 y 2008 en las cuencas de los …","https://www.scielo.cl/scielo.php?pid=S0718-89942023000200355&script=sci_arttext","https://scholar.google.com/scholar?q=related:NskZX1mV_4EJ:scholar.google.com/&scioq=plecoptera%7Cstonefly%7Cstoneflies&hl=en&as_sdt=0,5&as_ylo=2023&as_yhi=2023"
3,"S Gil-González, N Alvis-Zapata…","Diversidad de macroinvertebrados acuáticos y calidad de hábitat en afluentes del Parque Nacional Natural Selva Florencia",2023,"Acta Biológica …","scielo.org.co","http://www.scielo.org.co/scielo.php?pid=S0120-548X2023000200319&script=sci_arttext","https://scholar.google.com/scholar?cites=931738834817118063&as_sdt=2005&sciodt=0,5&hl=en",947,"2026-04-12 17:51:05","HTML","","",,,,,,3,1.00,1,3,3,"Los ecosistemas de agua dulce son una fuente primaria de servicios ecosistémicos esenciales para sustentar la vida y albergan una importante diversidad de especies acuáticas. El …","http://www.scielo.org.co/scielo.php?pid=S0120-548X2023000200319&script=sci_arttext","https://scholar.google.com/scholar?q=related:b--1oIgz7gwJ:scholar.google.com/&scioq=plecoptera%7Cstonefly%7Cstoneflies&hl=en&as_sdt=0,5&as_ylo=2023&as_yhi=2023"
2,"JJ Romero-Lizcano, JM Vásquez-Ramos…","Diversidad funcional y taxonómica de insectos acuáticos (EPT) en un río urbano del piedemonte llanero colombiano",2023,"Acta Biológica …","scielo.org.co","http://www.scielo.org.co/scielo.php?pid=S0120-548X2023000200251&script=sci_arttext","https://scholar.google.com/scholar?cites=16349162449786704673&as_sdt=2005&sciodt=0,5&hl=en",679,"2026-04-12 17:51:05","HTML","","",,,,,,2,0.67,1,3,3,"… Plecoptera fue el menos abundante (0,31 %), con Perlidae (Anacroneuria). … natural y ganadería se registraron organismos del orden Plecoptera, sensible a la contaminación orgánica. …","http://www.scielo.org.co/scielo.php?pid=S0120-548X2023000200251&script=sci_arttext","https://scholar.google.com/scholar?q=related:IROxYqDk4-IJ:scholar.google.com/&scioq=plecoptera%7Cstonefly%7Cstoneflies&hl=en&as_sdt=0,5&as_ylo=2023&as_yhi=2023"
0,"NM Barreiros, T Giarrizzo, BS Godoy","Diversidade beta de Ephemeroptera, Plecoptera e Trichoptera ao longo de múltiplas escalas espaciais nas corredeiras do rio Xingu",2023,"Acta Limnologica Brasiliensia","SciELO Brasil","https://www.scielo.br/j/alb/a/kN3rrDxpbZfG7Gj3cv4jG3L/abstract/?format=html&lang=pt","",140,"2026-04-12 17:51:05","","","",,,,,,0,0.00,0,3,3,"Aim Additive diversity partitioning has been used to explain the accumulation of diversity at different spatial scales with relative success. In lotic ecosystems, the spatial extent is …","","https://scholar.google.com/scholar?q=related:-jzb91HIIl0J:scholar.google.com/&scioq=plecoptera%7Cstonefly%7Cstoneflies&hl=en&as_sdt=0,5&as_ylo=2023&as_yhi=2023"
0,"JS Santos","Diversidade beta e fatores atuantes sobre a distribuição das comunidades de EPT (Ephemeroptera, Plecoptera e Trichoptera) no contexto de paisagem fluvial",2023,"","dspace.unila.edu.br","https://dspace.unila.edu.br/items/fedb049a-42aa-43a5-b912-1b81b73132ab","",117,"2026-04-12 17:51:05","","","",,,,,,0,0.00,0,1,3,"Ambientes aquáticos podem ser caracterizados como um contínuo gradiente de condições dinâmicas e heterogêneas, incluindo um mosaico de micro-habitats. Ephemeroptera, …","https://dspace.unila.edu.br/bitstreams/12adb0a4-1116-48a1-88a2-cf5c5d05b7cb/download","https://scholar.google.com/scholar?q=related:ARy3rEwJHHcJ:scholar.google.com/&scioq=plecoptera%7Cstonefly%7Cstoneflies&hl=en&as_sdt=0,5&as_ylo=2023&as_yhi=2023"
1,"RL de Carvalho, GNGC da Silva, RM Biazatti…","Diversidade da macrofauna epígea em área cultivada com Panicum maximum cv. Mombaça em zona de cerrado ea mata dos cocais no nordeste brasileiro",2023,"Editora …","editoralicuri.com.br","http://editoralicuri.com.br/index.php/ojs/article/view/290","https://scholar.google.com/scholar?cites=16863300935758465048&as_sdt=2005&sciodt=0,5&hl=en",911,"2026-04-12 17:51:05","","","",,,,,,1,0.33,0,4,3,"A macrofauna tem diferentes efeitos nos processos que condicionam a qualidade do solo. Esses organismos são utilizados como bioindicadores do funcionamento dos ecossistemas. …","http://editoralicuri.com.br/index.php/ojs/article/download/290/219","https://scholar.google.com/scholar?q=related:GEhlANt6BuoJ:scholar.google.com/&scioq=plecoptera%7Cstonefly%7Cstoneflies&hl=en&as_sdt=0,5&as_ylo=2023&as_yhi=2023"
0,"RM Castillo Velásquez","Diversidade e distribuição de Plecoptera de Minas Gerais, Brasil",2023,"","bdtd.ibict.br","https://bdtd.ibict.br/vufind/Record/UFV_a9834fe4773070d2fdc3bb415373058d","",103,"2026-04-12 17:51:05","","","",,,,,,0,0.00,0,1,3,"… Plecoptera é uma pequena … de Plecoptera dentro do estado mineiro. O principal objetivo do presente estudo é complementar e integrar o conhecimento a respeito da ordem Plecoptera …","","https://scholar.google.com/scholar?q=related:8LBbESCkeosJ:scholar.google.com/&scioq=plecoptera%7Cstonefly%7Cstoneflies&hl=en&as_sdt=0,5&as_ylo=2023&as_yhi=2023"
0,"LI Faly, VV Brygadyrenko, A Orzekauskaite…","Diversity",2023,"","ceeol.com","https://www.ceeol.com/search/article-detail?id=1207473","",797,"2026-04-12 17:51:05","","","",,,,,,0,0.00,0,4,3,"Agrogenic pollution with pyrethroid insecticides has been impacting the structure of populations of terrestrial invertebrates, causing decline in their taxonomic diversity and tolerance to …","https://www.researchgate.net/profile/Viktor-Brygadyrenko/publication/375613724_Sensitivity_of_non-target_groups_of_invertebrates_to_cypermethrin/links/65a1554ec77ed94047736806/Sensitivity-of-non-target-groups-of-invertebrates-to-cypermethrin.pdf","https://scholar.google.com/scholar?q=related:-ac1PXs0vrcJ:scholar.google.com/&scioq=plecoptera%7Cstonefly%7Cstoneflies&hl=en&as_sdt=0,5&as_ylo=2023&as_yhi=2023"
0,"NS Chauhan, J Upadhaya, S Bharadwaj, L Chaudhary","Diversity and Distribution of Aquatic Insects in Water Bodies of Bhuwasa and Lasada Pond, Banswara",,"researchgate.net","","https://www.researchgate.net/profile/Lalit-Choudhary/publication/393340426_Diversity_and_Distribution_of_Aquatic_Insects_in_Water_Bodies_of_Bhuwasa_and_Lasada_Pond_Banswara/links/68662c6492697d42903cc384/Diversity-and-Distribution-of-Aquatic-Insects-in-Water-Bodies-of-Bhuwasa-and-Lasada-Pond-Banswara.pdf","",573,"2026-04-12 17:51:05","PDF","","",,,,,,0,0.00,0,4,,"… Ephemeroptera, Plecoptera and Trichoptera are the most sensitive to natural disturbance, anthropogenic influences and pollution and are considered an important component of …","https://www.researchgate.net/profile/Lalit-Choudhary/publication/393340426_Diversity_and_Distribution_of_Aquatic_Insects_in_Water_Bodies_of_Bhuwasa_and_Lasada_Pond_Banswara/links/68662c6492697d42903cc384/Diversity-and-Distribution-of-Aquatic-Insects-in-Water-Bodies-of-Bhuwasa-and-Lasada-Pond-Banswara.pdf","https://scholar.google.com/scholar?q=related:zUXE21kOoo0J:scholar.google.com/&scioq=plecoptera%7Cstonefly%7Cstoneflies&hl=en&as_sdt=0,5&as_ylo=2023&as_yhi=2023"
4,"J Xie, Y Zhang","Diversity and Distribution of Mites (ACARI) Revealed by Contamination Survey in Public Genomic Databases",2023,"Animals","mdpi.com","https://www.mdpi.com/2076-2615/13/20/3172","https://scholar.google.com/scholar?cites=9276165882533972211&as_sdt=2005&sciodt=0,5&hl=en",427,"2026-04-12 17:51:05","HTML","","",,,,,,4,1.33,2,2,3,"… In the Hydracarina (Water mites) clade, there are four contigs from stoneflies (Plecoptera): … The three orders Plecoptera, Odonata and Trichoptera are three major aquatic insect taxa […","https://www.mdpi.com/2076-2615/13/20/3172","https://scholar.google.com/scholar?q=related:8wgJErmPu4AJ:scholar.google.com/&scioq=plecoptera%7Cstonefly%7Cstoneflies&hl=en&as_sdt=0,5&as_ylo=2023&as_yhi=2023"
6,"B Rimcheska, Y Vidinova","Diversity and structure of macroinvertebrate communities in permanent small streams and rivers in Eastern Balkans",2023,"Hydrobiologia","Springer","https://link.springer.com/article/10.1007/s10750-022-05004-6","https://scholar.google.com/scholar?cites=13494570334896499173&as_sdt=2005&sciodt=0,5&hl=en",321,"2026-04-12 17:51:05","","10.1007/s10750-022-05004-6","",,,,,,6,2.00,3,2,3,"We present data on the taxonomic diversity and structure of macroinvertebrate communities in small, mostly 1st and 2nd order permanent streams from Struma, Mesta and Vardar …","","https://scholar.google.com/scholar?q=related:5akH6DhYRrsJ:scholar.google.com/&scioq=plecoptera%7Cstonefly%7Cstoneflies&hl=en&as_sdt=0,5&as_ylo=2023&as_yhi=2023"
0,"R Kaur, A Saxena, S Kaur, R Kaur, R Sheoran","Diversity of Aquatic Insects in Relation to the Physico-chemical Parameters of the Selected Water Bodies from Punjab, India",,"envirobiotechjournals.com","","https://www.envirobiotechjournals.com/EEC/Vol%2029,%20April%20Supplement%20Issue%20,%202023/EEC-18.pdf","",464,"2026-04-12 17:51:05","PDF","","",,,,,,0,0.00,0,5,,"… These tiny forms belonging to the order Ephemeroptera, Odonata, Plecoptera and Trichoptera are restricted tothe aquatic ecosystem in their immature form. The huge number of water in…","https://www.envirobiotechjournals.com/EEC/Vol%2029,%20April%20Supplement%20Issue%20,%202023/EEC-18.pdf","https://scholar.google.com/scholar?q=related:gexs4BRe1lYJ:scholar.google.com/&scioq=plecoptera%7Cstonefly%7Cstoneflies&hl=en&as_sdt=0,5&as_ylo=2023&as_yhi=2023"
4,"CE Tamaris-Turizo, GA Pinilla-A…","Diversity of aquatic macroinvertebrates along altitudinal gradients in Colombia",2023,"… gradients and their …","Springer","https://link.springer.com/chapter/10.1007/978-3-031-22848-3_5","https://scholar.google.com/scholar?cites=10039085902350554750&as_sdt=2005&sciodt=0,5&hl=en",437,"2026-04-12 17:51:05","","10.1007/978-3-031-22848-3_5","",,,,,,4,1.33,1,3,3,"… stoneflies present a variable richness along the altitudinal gradient. In the SNSM, the stoneflies … In the abundance and distribution of stoneflies, the focus in the altitudinal gradient might …","https://www.researchgate.net/profile/Randall-Myster/publication/378491182_Neotropical_gradients_and_their_analysis/links/65dcd872e7670d36abe2821c/Neotropical-gradients-and-their-analysis.pdf#page=162","https://scholar.google.com/scholar?q=related:fpY8V3D_UYsJ:scholar.google.com/&scioq=plecoptera%7Cstonefly%7Cstoneflies&hl=en&as_sdt=0,5&as_ylo=2023&as_yhi=2023"
2,"L Lungten, IP Acharja, T Tobgay…","Diversity of benthic macroinvertebrates in White-bellied heron landscape Punatsangchhu and Mangdechhu river, Bhutan",2023,"… Journal of Fauna and …","researchgate.net","https://www.researchgate.net/profile/Lungten-Lungten-3/publication/373638682_Diversity_of_benthic_macroinvertebrates_in_White-bellied_Heron_landscape_Punatsangchhu_and_Mangdechhu_River_Bhutan/links/64f4a4b44c70687b8ecc1fea/Diversity-of-benthic-macroinvertebrates-in-White-bellied-Heron-landscape-Punatsangchhu-and-Mangdechhu-River-Bhutan.pdf","https://scholar.google.com/scholar?cites=696734023402589224&as_sdt=2005&sciodt=0,5&hl=en",460,"2026-04-12 17:51:05","PDF","","",,,,,,2,0.67,1,4,3,"Freshwater biodiversity contributes diverse ecosystem services. However, it is also the most vulnerable to degradation and extinction due to anthropogenic activities and climate change…","https://www.researchgate.net/profile/Lungten-Lungten-3/publication/373638682_Diversity_of_benthic_macroinvertebrates_in_White-bellied_Heron_landscape_Punatsangchhu_and_Mangdechhu_River_Bhutan/links/64f4a4b44c70687b8ecc1fea/Diversity-of-benthic-macroinvertebrates-in-White-bellied-Heron-landscape-Punatsangchhu-and-Mangdechhu-River-Bhutan.pdf","https://scholar.google.com/scholar?q=related:KAzXH-dLqwkJ:scholar.google.com/&scioq=plecoptera%7Cstonefly%7Cstoneflies&hl=en&as_sdt=0,5&as_ylo=2023&as_yhi=2023"
7,"W Maneechan, TO Prommi","Diversity of edible aquatic insects inhabiting rice fields in Central Thailand",2023,"Inland Water Biology","Springer","https://link.springer.com/article/10.1134/S199508292301008X","https://scholar.google.com/scholar?cites=15572782797282294016&as_sdt=2005&sciodt=0,5&hl=en",447,"2026-04-12 17:51:05","","10.1134/S199508292301008X","",,,,,,7,2.33,4,2,3,"Rice fields occupy great biodiversity and support a variety of living organisms, including edible aquatic insects. The goal of this study was to assess the richness and diversity of edible …","","https://scholar.google.com/scholar?q=related:ADlTLHKjHdgJ:scholar.google.com/&scioq=plecoptera%7Cstonefly%7Cstoneflies&hl=en&as_sdt=0,5&as_ylo=2023&as_yhi=2023"
32,"J Prokop, A Nel, MS Engel","Diversity, form, and postembryonic development of Paleozoic insects",2023,"Annual Review of entomology","annualreviews.org","https://www.annualreviews.org/content/journals/10.1146/annurev-ento-120220-022637","https://scholar.google.com/scholar?cites=7323327239273629330&as_sdt=2005&sciodt=0,5&hl=en",458,"2026-04-12 17:51:05","HTML","10.1146/annurev-ento-120220-022637","",,,,,,32,10.67,11,3,3,"… , in all developmental stages and indicated that it was likely that wings did not evolve in species living in an aquatic environment, particularly given the derived position of Plecoptera (…","https://www.annualreviews.org/content/journals/10.1146/annurev-ento-120220-022637","https://scholar.google.com/scholar?q=related:ksbYzlKvoWUJ:scholar.google.com/&scioq=plecoptera%7Cstonefly%7Cstoneflies&hl=en&as_sdt=0,5&as_ylo=2023&as_yhi=2023"
19,"SC Emmons, ZG Compson, MC Malish…","DNA metabarcoding captures different macroinvertebrate biodiversity than morphological identification approaches across a continental scale",2023,"Environmental …","Wiley Online Library","https://onlinelibrary.wiley.com/doi/abs/10.1002/edn3.453","https://scholar.google.com/scholar?cites=14492032067951736757&as_sdt=2005&sciodt=0,5&hl=en",399,"2026-04-12 17:51:05","","10.1002/edn3.453","",,,,,,19,6.33,5,4,3,"… detected by each approach, we examined two biotic integrity metrics commonly used in biomonitoring: percent of total taxa in the community from the orders Ephemeroptera, Plecoptera, …","https://onlinelibrary.wiley.com/doi/pdf/10.1002/edn3.453","https://scholar.google.com/scholar?q=related:tTfVO2IKHskJ:scholar.google.com/&scioq=plecoptera%7Cstonefly%7Cstoneflies&hl=en&as_sdt=0,5&as_ylo=2023&as_yhi=2023"
4,"Z Zhan, C Zhang, M Chen, J Wang, A Fu, Y Fan…","DNA metabarcoding-based winter diet analysis of Eurasian otter (Lutra lutra) in the northern Greater Khingan Mountains.",2023,"","cabidigitallibrary.org","https://www.cabidigitallibrary.org/doi/full/10.5555/20230450354","https://scholar.google.com/scholar?cites=4414532281814986362&as_sdt=2005&sciodt=0,5&hl=en",226,"2026-04-12 17:51:05","","10.5555/20230450354","",,,,,,4,1.33,1,7,3,"… In addition, some aquatic insects such as Odonata, Trichoptera and Plecoptera are found in a small amount of otter feces, which might come from otter prey. This research provides …","","https://scholar.google.com/scholar?q=related:eq4Tm7iRQz0J:scholar.google.com/&scioq=plecoptera%7Cstonefly%7Cstoneflies&hl=en&as_sdt=0,5&as_ylo=2023&as_yhi=2023"
6,"E Mavromati, D Kemitzoglou, V Tsiaoussi","Does littoral substrate affect macroinvertebrate assemblages in Mediterranean lakes?",2023,"Aquatic Ecology","Springer","https://link.springer.com/article/10.1007/s10452-023-10037-7","https://scholar.google.com/scholar?cites=5470689807396888992&as_sdt=2005&sciodt=0,5&hl=en",386,"2026-04-12 17:51:05","HTML","10.1007/s10452-023-10037-7","",,,,,,6,2.00,2,3,3,"The objective of this study was to investigate the effects of substrate type in macroinvertebrate assemblages in Mediterranean lakes. Samplings have taken place in the littoral zone of …","https://link.springer.com/article/10.1007/s10452-023-10037-7","https://scholar.google.com/scholar?q=related:oOE9FmXL60sJ:scholar.google.com/&scioq=plecoptera%7Cstonefly%7Cstoneflies&hl=en&as_sdt=0,5&as_ylo=2023&as_yhi=2023"
21,"I Koivunen, T Muotka, M Jokikokko, R Virtanen…","Downstream impacts of peatland drainage on headwater stream biodiversity and ecosystem functioning",2023,"Forest Ecology and …","Elsevier","https://www.sciencedirect.com/science/article/pii/S0378112723003778","https://scholar.google.com/scholar?cites=13451256512185977287&as_sdt=2005&sciodt=0,5&hl=en",409,"2026-04-12 17:51:05","HTML","","",,,,,,21,7.00,4,5,3,"Intensive peatland drainage alters the physico-chemical status of the recipient streams, potentially leading to the loss of biodiversity and impaired ecosystem functioning. However, the …","https://www.sciencedirect.com/science/article/pii/S0378112723003778","https://scholar.google.com/scholar?q=related:x0mBr4d2rLoJ:scholar.google.com/&scioq=plecoptera%7Cstonefly%7Cstoneflies&hl=en&as_sdt=0,5&as_ylo=2023&as_yhi=2023"
17,"J Brüsecke, T Muotka, KL Huttunen…","Drainage‐induced browning causes both loss and change of benthic biodiversity in headwater streams",2023,"Limnology and …","Wiley Online Library","https://aslopubs.onlinelibrary.wiley.com/doi/abs/10.1002/lol2.10302","https://scholar.google.com/scholar?cites=16607171641429416649&as_sdt=2005&sciodt=0,5&hl=en",570,"2026-04-12 17:51:05","","10.1002/lol2.10302","",,,,,,17,5.67,4,4,3,"Concentrations of dissolved organic carbon (DOC) have increased over the past few decades, causing freshwater browning. Impacts of browning on biodiversity have been little studied…","https://aslopubs.onlinelibrary.wiley.com/doi/pdf/10.1002/lol2.10302","https://scholar.google.com/scholar?q=related:yVpXi56GeOYJ:scholar.google.com/&scioq=plecoptera%7Cstonefly%7Cstoneflies&hl=en&as_sdt=0,5&as_ylo=2023&as_yhi=2023"
1,"KK Rana, R Rayal, P Bahuguna…","Drifting behaviour of aquatic mites along River Ganga near Deoprayag, Tehri district, Uttarakhand, India.",2023,"Journal of …","search.ebscohost.com","https://search.ebscohost.com/login.aspx?direct=true&profile=ehost&scope=site&authtype=crawler&jrnl=09720030&AN=164887460&h=MK8g4C%2BdiYmoboAmED8R%2FSNLcy3Gd4lWBjRYj4%2BYtFpJCHkACkKBOLMFdrx1S3rPa8hj8wgCrmUvYsJmcZQ0BQ%3D%3D&crl=c","https://scholar.google.com/scholar?cites=476889306117352154&as_sdt=2005&sciodt=0,5&hl=en",578,"2026-04-12 17:51:05","","","",,,,,,1,0.33,0,4,3,"Drift is a phenomenon of dispersion of invertebrates in freshwater lotic systems such as rivers and streams resulting from its water currents. The aquatic organisms living in the stream …","","https://scholar.google.com/scholar?q=related:2qpOGExAngYJ:scholar.google.com/&scioq=plecoptera%7Cstonefly%7Cstoneflies&hl=en&as_sdt=0,5&as_ylo=2023&as_yhi=2023"
19,"K Leathers, D Herbst, M Safeeq…","Dynamic, downstream‐propagating thermal vulnerability in a mountain stream network: Implications for biodiversity in the face of climate change",2023,"Limnology and …","Wiley Online Library","https://aslopubs.onlinelibrary.wiley.com/doi/abs/10.1002/lno.12264","https://scholar.google.com/scholar?cites=9245458405178082588&as_sdt=2005&sciodt=0,5&hl=en",389,"2026-04-12 17:51:05","","10.1002/lno.12264","",,,,,,19,6.33,5,4,3,"… We examined the entire community as well as a subset of orders commonly considered sensitive (Ephemeroptera, Plecoptera, and Trichoptera) and used taxa-specific CD75 values (ie, …","https://aslopubs.onlinelibrary.wiley.com/doi/pdf/10.1002%2Flno.12264","https://scholar.google.com/scholar?q=related:HAVKWm93ToAJ:scholar.google.com/&scioq=plecoptera%7Cstonefly%7Cstoneflies&hl=en&as_sdt=0,5&as_ylo=2023&as_yhi=2023"
33,"HH Nguyen, M Venohr, A Gericke…","Dynamics in impervious urban and non-urban areas and their effects on run-off, nutrient emissions, and macroinvertebrate communities",2023,"Landscape and Urban …","Elsevier","https://www.sciencedirect.com/science/article/pii/S0169204622002882","https://scholar.google.com/scholar?cites=11768674906353206123&as_sdt=2005&sciodt=0,5&hl=en",565,"2026-04-12 17:51:05","","","",,,,,,33,11.00,8,4,3,"Urbanization is a key factor driving water quality and biological communities in freshwater systems. While urbanization impacts on water resources were well-studied in urban areas, few …","https://drive.google.com/file/d/1bg8jprvx8l5HUF1v-QRIR1iBRAuMLVPP/view","https://scholar.google.com/scholar?q=related:a4M8Znm7UqMJ:scholar.google.com/&scioq=plecoptera%7Cstonefly%7Cstoneflies&hl=en&as_sdt=0,5&as_ylo=2023&as_yhi=2023"
0,"J Fisher","Early life history interactions of White Sturgeon (Acipenser transmontanus) with substrates and predaceous invertebrates",2023,"","open.library.ubc.ca","https://open.library.ubc.ca/soa/cIRcle/collections/ubctheses/24/items/1.0438324","",170,"2026-04-12 17:51:05","","","",,,,,,0,0.00,0,1,3,"… Predation and Substrate Size Experiment I aimed to determine whether larval stoneflies were predators of White Sturgeon YSL and whether this level of predation would be influenced …","https://open.library.ubc.ca/media/download/pdf/24/1.0438324/4","https://scholar.google.com/scholar?q=related:bcxaIVN6JDsJ:scholar.google.com/&scioq=plecoptera%7Cstonefly%7Cstoneflies&hl=en&as_sdt=0,5&as_ylo=2023&as_yhi=2023"
4,"BJ Foster, GA McCulloch, Y Foster, GC Kroos…","ebony underpins Batesian mimicry in melanic stoneflies",2023,"Molecular …","Wiley Online Library","https://onlinelibrary.wiley.com/doi/abs/10.1111/mec.17085","https://scholar.google.com/scholar?cites=6136514705703158578&as_sdt=2005&sciodt=0,5&hl=en",16,"2026-04-12 17:51:05","","10.1111/mec.17085","",,,,,,4,1.33,1,5,3,"… within a widespread New Zealand stonefly, wherein highly melanized individuals of Zelandoperla closely resemble a chemically defended aposematic stonefly, Austroperla cyrene. We …","https://onlinelibrary.wiley.com/doi/pdf/10.1111/mec.17085","https://scholar.google.com/scholar?q=related:MsNluJxHKVUJ:scholar.google.com/&scioq=plecoptera%7Cstonefly%7Cstoneflies&hl=en&as_sdt=0,5&as_ylo=2023&as_yhi=2023"
14,"DC Culver, T Pipan, Ž Fišer","Ecological and evolutionary jargon in subterranean biology",2023,"Groundwater ecology and evolution","Elsevier","https://www.sciencedirect.com/science/article/pii/B9780128191194000172","https://scholar.google.com/scholar?cites=13773879504183009445&as_sdt=2005&sciodt=0,5&hl=en",533,"2026-04-12 17:51:05","","","",,,,,,14,4.67,5,3,3,"Subterranean biology has a rich history of a special terminology used to describe the ecological distribution of subterranean species, their mode of colonization and speciation, and their …","","https://scholar.google.com/scholar?q=related:paDckW6mJr8J:scholar.google.com/&scioq=plecoptera%7Cstonefly%7Cstoneflies&hl=en&as_sdt=0,5&as_ylo=2023&as_yhi=2023"
3,"C Olivia, C Carmen-Mădălina…","ECOLOGICAL AND TECHNOLOGICAL IMPLICATIONS OF THE BIODIVERSITY SPECIFIC TO LACUSTRINE ECOSYSTEMS FROM THE OLTENIA SECTOR …",2023,"Oltenia, Studii …","…","http://olteniastudiisicomunicaristiintelenaturii.ro/cont/39_1/IV.%20ECOLOGY%20-%20THE%20ENVIRONMENT%20PROTECTION/26.Cioboiu.pdf","https://scholar.google.com/scholar?cites=17118443143878202309&as_sdt=2005&sciodt=0,5&hl=en",337,"2026-04-12 17:51:05","PDF","","",,,,,,3,1.00,1,3,3,"… The main groups of benthic invertebrates are Oligochaeta, Chironomidae, Plecoptera, Bivalves. Gastropods represent the dominant group of the benthic production with 37 species. …","http://olteniastudiisicomunicaristiintelenaturii.ro/cont/39_1/IV.%20ECOLOGY%20-%20THE%20ENVIRONMENT%20PROTECTION/26.Cioboiu.pdf","https://scholar.google.com/scholar?q=related:xdOUilftkO0J:scholar.google.com/&scioq=plecoptera%7Cstonefly%7Cstoneflies&hl=en&as_sdt=0,5&as_ylo=2023&as_yhi=2023"
1,"V Castillo, J Swanson, CG Montaña","Ecological Aspects of the Pirate Perch (Aphredoderus Sayanus) in East Texas Streams",2023,"Southeastern Naturalist","BioOne","https://bioone.org/journals/southeastern-naturalist/volume-21/issue-4/058.021.0407/Ecological-Aspects-of-the-Pirate-Perch-iAphredoderus-Sayanus-i-in/10.1656/058.021.0407.short","https://scholar.google.com/scholar?cites=105058943393915656&as_sdt=2005&sciodt=0,5&hl=en",741,"2026-04-12 17:51:05","","10.1656/058.021.0407.short","",,,,,,1,0.33,0,3,3,"Aphredoderus sayanus (Pirate Perch) is a cryptic fish species inhabiting rivers throughout the eastern United States. We sampled Pirate Perch across 16 streams in 4 river basins (Trinity…","https://www.researchgate.net/profile/Carmen-Montana/publication/366933152_Ecological_Aspects_of_the_Pirate_Perch_Aphredoderus_Sayanus_in_East_Texas_Streams/links/644bb5744af788735245708f/Ecological-Aspects-of-the-Pirate-Perch-Aphredoderus-Sayanus-in-East-Texas-Streams.pdf","https://scholar.google.com/scholar?q=related:CON4aY0-dQEJ:scholar.google.com/&scioq=plecoptera%7Cstonefly%7Cstoneflies&hl=en&as_sdt=0,5&as_ylo=2023&as_yhi=2023"
1,"AB Omokunle","Ecological Assessment of a Tropical River Using Aquatic Insects Assemblage and Water Quality as Indicators",2023,"Entomology and Applied Science Letters","easletters.com","https://easletters.com/article/ecological-assessment-of-a-tropical-river-using-aquatic-insects-assemblage-and-water-quality-as-indi-hbqm3mw4qxpy6tr","https://scholar.google.com/scholar?cites=8671022364714802206&as_sdt=2005&sciodt=0,5&hl=en",521,"2026-04-12 17:51:05","HTML","","",,,,,,1,0.33,1,1,3,"Ara River is the largest waterbody in Ara, Southwestern Nigeria. The ecological status of the river was investigated using aquatic insect assemblage and some environmental variables …","https://easletters.com/article/ecological-assessment-of-a-tropical-river-using-aquatic-insects-assemblage-and-water-quality-as-indi-hbqm3mw4qxpy6tr","https://scholar.google.com/scholar?q=related:HhxLUOaoVXgJ:scholar.google.com/&scioq=plecoptera%7Cstonefly%7Cstoneflies&hl=en&as_sdt=0,5&as_ylo=2023&as_yhi=2023"
15,"P Leitner, W Graf, C Hauer","Ecological assessment of high sediment loads based on macroinvertebrate communities in the Bohemian Massif in Austria–A sensitivity analysis",2023,"Limnologica","Elsevier","https://www.sciencedirect.com/science/article/pii/S0075951121000943","https://scholar.google.com/scholar?cites=1215272210026625985&as_sdt=2005&sciodt=0,5&hl=en",810,"2026-04-12 17:51:05","HTML","","",,,,,,15,5.00,5,3,3,"Sediment dynamics and composition in streams are key factors influencing the habitat quality of aquatic organisms, consequently playing an important role in terms of river restoration. …","https://www.sciencedirect.com/science/article/pii/S0075951121000943","https://scholar.google.com/scholar?q=related:wXsK4KKD3RAJ:scholar.google.com/&scioq=plecoptera%7Cstonefly%7Cstoneflies&hl=en&as_sdt=0,5&as_ylo=2023&as_yhi=2023"
0,"D Winters","Ecological effects of the Hayman Fire-Part 6: Fire-induced changes in aquatic ecosystems",2023,"… it to the printout of the…","academia.edu","https://www.academia.edu/download/99005338/rmrs_gtr114_232_243.pdf","",969,"2026-04-12 17:51:05","HTML","","",,,,,,0,0.00,0,1,3,"… We observed late instar incised rills and headwater channels should be rela- mayflies (Ephemeroptera), stoneflies (Plecoptera), and tively rapid once vegetation or organic debris …","https://www.academia.edu/download/99005338/rmrs_gtr114_232_243.pdf","https://scholar.google.com/scholar?q=related:j0CnakJX1fEJ:scholar.google.com/&scioq=plecoptera%7Cstonefly%7Cstoneflies&hl=en&as_sdt=0,5&as_ylo=2023&as_yhi=2023"
1,"D Ahmad","Ecological Health Monitoring Used for River Ecosystems in Jammu and Kashmir India: Challenges and Prospects",2023,"International Journal of Science and Research (IJSR)","academia.edu","https://www.academia.edu/download/100394405/SR23222112349.pdf","https://scholar.google.com/scholar?cites=8735970966946634612&as_sdt=2005&sciodt=0,5&hl=en",518,"2026-04-12 17:51:05","HTML","","",,,,,,1,0.33,1,1,3,"… Either, the authors reported there was groups, similar as mayflies (Ephemeroptera), stoneflies a significant relation between phytoplankton cornucopia and (Plecoptera) and caddisflies (…","https://www.academia.edu/download/100394405/SR23222112349.pdf","https://scholar.google.com/scholar?q=related:dNv6LE9nPHkJ:scholar.google.com/&scioq=plecoptera%7Cstonefly%7Cstoneflies&hl=en&as_sdt=0,5&as_ylo=2023&as_yhi=2023"
4,"S Quadroni, G Crosa, G Gentili, A Doretto, N Talluto…","Ecological impact of hydraulic dredging from an alpine reservoir on the downstream river",2023,"Sustainability","mdpi.com","https://www.mdpi.com/2071-1050/15/24/16626","https://scholar.google.com/scholar?cites=10000861280565498352&as_sdt=2005&sciodt=0,5&hl=en",845,"2026-04-12 17:51:05","HTML","","",,,,,,4,1.33,1,6,3,"… sediment releases determine drastic reductions of macroinvertebrate taxa more sensitive to physical stress, such as the insects belonging to the orders of Ephemeroptera, Plecoptera …","https://www.mdpi.com/2071-1050/15/24/16626","https://scholar.google.com/scholar?q=related:8JEQDFkyyooJ:scholar.google.com/&scioq=plecoptera%7Cstonefly%7Cstoneflies&hl=en&as_sdt=0,5&as_ylo=2023&as_yhi=2023"
7,"A Mobasher, A Bayrami, E Asadi‐Sharif…","Ecological indicators for qualitative assessment of Ojarud River: A case study",2023,"Ecology and …","Wiley Online Library","https://onlinelibrary.wiley.com/doi/abs/10.1002/ece3.10310","https://scholar.google.com/scholar?cites=9103981731195423940&as_sdt=2005&sciodt=0,5&hl=en",215,"2026-04-12 17:51:05","","10.1002/ece3.10310","",,,,,,7,2.33,2,4,3,"… Literature is replete with the reduction in the diversity and abundance of sensitive taxa such as Ephemeroptera, Plecoptera, and Trichoptera under contamination stress. Meantime, the …","https://onlinelibrary.wiley.com/doi/pdf/10.1002/ece3.10310","https://scholar.google.com/scholar?q=related:xIyMSSbXV34J:scholar.google.com/&scioq=plecoptera%7Cstonefly%7Cstoneflies&hl=en&as_sdt=0,5&as_ylo=2023&as_yhi=2023"
4,"M Fabiola, P Cristhian, M Paulina…","Ecological Quality of the Water Supply Basins in the City of Loja-Ecuador",2023,"Revista …","scielo.senescyt.gob.ec","http://scielo.senescyt.gob.ec/scielo.php?pid=S1390-01292023000400077&script=sci_abstract&tlng=en","https://scholar.google.com/scholar?cites=1405114897074685290&as_sdt=2005&sciodt=0,5&hl=en",313,"2026-04-12 17:51:05","","","",,,,,,4,1.33,1,4,3,"… Para calcular el índice de EPT se tomó en cuenta el total de individuos de los órdenes Ephemeroptera, Plecoptera y Trichoptera, dividido para la abundancia poblacional total de cada …","http://scielo.senescyt.gob.ec/pdf/rpolit/v52n2/2477-8990-rpolit-52-02-00077.pdf","https://scholar.google.com/scholar?q=related:agW_5I34fxMJ:scholar.google.com/&scioq=plecoptera%7Cstonefly%7Cstoneflies&hl=en&as_sdt=0,5&as_ylo=2023&as_yhi=2023"
5,"KSS Atapaththu","Ecological significance of aquatic macroinvertebrates in headwater streams",2023,"Journal of Tropical Forestry and Environment","journals.sjp.ac.lk","http://journals.sjp.ac.lk/index.php/JTFE/article/view/6840","https://scholar.google.com/scholar?cites=3879720901903687609&as_sdt=2005&sciodt=0,5&hl=en",279,"2026-04-12 17:51:05","","","",,,,,,5,1.67,5,1,3,"… Macroinvertebrates live in fast-flowing water, including stoneflies and mayflies, and often use either claws or hooks as adaptations for holding onto rocky surfaces. Certain species are …","https://www.researchgate.net/profile/Keerthi-Atapaththu/publication/379320287_Ecological_Significance_of_Aquatic_Macroinvertebrates_in_Headwater_Streams/links/6667f1f3a54c5f0b945d9ccb/Ecological-Significance-of-Aquatic-Macroinvertebrates-in-Headwater-Streams.pdf","https://scholar.google.com/scholar?q=related:uZ-gyZqJ1zUJ:scholar.google.com/&scioq=plecoptera%7Cstonefly%7Cstoneflies&hl=en&as_sdt=0,5&as_ylo=2023&as_yhi=2023"
2,"SK CHERCHESOVA, MI SHAPOVALOV, VI MAMAEV…","Ecology and phenology of stoneflies (Plecoptera) in the northern slopes of the Central Caucasus in winter and spring seasons",2023,"Zoosymposia","mapress.com","https://www.mapress.com/zs/article/view/50053","https://scholar.google.com/scholar?cites=5004158389344485542&as_sdt=2005&sciodt=0,5&hl=en",47,"2026-04-12 17:51:05","","","",,,,,,2,0.67,1,4,3,"The species of winter-and spring emerging plecopterans inhabiting the northern slopes of the Central Caucasus (territory of the Republic of North Ossetia-Alania, Russia) were …","","https://scholar.google.com/scholar?q=related:pkCrvIpXckUJ:scholar.google.com/&scioq=plecoptera%7Cstonefly%7Cstoneflies&hl=en&as_sdt=0,5&as_ylo=2023&as_yhi=2023"
0,"DE Bowles, WH Nowlin","Ecology of Aquatic Invertebrates in Springs and Headwater Streams: Imperiled Habitats in a Changing World. Hydrobiology 2023, 2, 463–466",2023,"","researchgate.net","https://www.researchgate.net/profile/David-Bowles-8/publication/372411485_Ecology_of_Aquatic_Invertebrates_in_Springs_and_Headwater_Streams_Imperiled_Habitats_in_a_Changing_World/links/64b572b9c41fb852dd7d8171/Ecology-of-Aquatic-Invertebrates-in-Springs-and-Headwater-Streams-Imperiled-Habitats-in-a-Changing-World.pdf","",351,"2026-04-12 17:51:05","PDF","","",,,,,,0,0.00,0,2,3,"… [4] modeled the distribution of an endemic winter stonefly (Allocapnia mohri) in the Ozarks and … Because stoneflies are especially sensitive to habitat disturbance, the habitat-specific …","https://www.researchgate.net/profile/David-Bowles-8/publication/372411485_Ecology_of_Aquatic_Invertebrates_in_Springs_and_Headwater_Streams_Imperiled_Habitats_in_a_Changing_World/links/64b572b9c41fb852dd7d8171/Ecology-of-Aquatic-Invertebrates-in-Springs-and-Headwater-Streams-Imperiled-Habitats-in-a-Changing-World.pdf","https://scholar.google.com/scholar?q=related:njFk5x5WG50J:scholar.google.com/&scioq=plecoptera%7Cstonefly%7Cstoneflies&hl=en&as_sdt=0,5&as_ylo=2023&as_yhi=2023"
3,"M Sultan, DS Pei","Ecotoxicology methods of reservoir water using invertebrates",2023,"Reservoir Ecotoxicology","Springer","https://link.springer.com/chapter/10.1007/978-3-031-26344-6_9","https://scholar.google.com/scholar?cites=4890945941106781484&as_sdt=2005&sciodt=0,5&hl=en",690,"2026-04-12 17:51:05","","10.1007/978-3-031-26344-6_9","",,,,,,3,1.00,2,2,3,"This chapter explains different ecotoxicological methods utilizing invertebrates for the assessment of water quality of reservoirs and provides information on species of invertebrates that …","","https://scholar.google.com/scholar?q=related:LO1Oi2sh4EMJ:scholar.google.com/&scioq=plecoptera%7Cstonefly%7Cstoneflies&hl=en&as_sdt=0,5&as_ylo=2023&as_yhi=2023"
5,"AK Saha","Editorial for the special issue on aquatic ecosystems and water resources",2023,"Hydrology","mdpi.com","https://www.mdpi.com/2306-5338/10/6/119","https://scholar.google.com/scholar?cites=2963300407557027141&as_sdt=2005&sciodt=0,5&hl=en",962,"2026-04-12 17:51:05","HTML","","",,,,,,5,1.67,5,1,3,"… Other widely used indicators of aquatic ecosystem and watershed health are based on aquatic macroinvertebrates such as mayflies, stoneflies and caddisflies (EPT taxa), whose …","https://www.mdpi.com/2306-5338/10/6/119","https://scholar.google.com/scholar?q=related:RfU0OwXCHykJ:scholar.google.com/&scioq=plecoptera%7Cstonefly%7Cstoneflies&hl=en&as_sdt=0,5&as_ylo=2023&as_yhi=2023"
0,"K Vooro","Eesti Keskkonnauuringute Keskus OÜ",,"infovaramu.ekuk.ee","","https://infovaramu.ekuk.ee/wp-content/uploads/2025/04/Rakendatud-meetme-tohususe-hindamine-2022.pdf","",972,"2026-04-12 17:51:05","PDF","","",,,,,,0,0.00,0,1,,"Operatiivseire toimub kõigil sellistel veekogudel, mille kohta on keskkonnamõju hindamise või ülevaateseire põhjal kindlaks tehtud, et nad võivad mitte vastata keskkonnaalastele …","https://infovaramu.ekuk.ee/wp-content/uploads/2025/04/Rakendatud-meetme-tohususe-hindamine-2022.pdf","https://scholar.google.com/scholar?q=related:3TJtYNhal6QJ:scholar.google.com/&scioq=plecoptera%7Cstonefly%7Cstoneflies&hl=en&as_sdt=0,5&as_ylo=2023&as_yhi=2023"
0,"A Abel, S Biswas, C Lu, S Vasquez","Effect of abiotic microhabitat conditions on the coastal giant salamander Dicamptodon tenebrosus body size and density across and within streams",,"ucnrs.org","","https://ucnrs.org/wp-content/uploads/2023/09/Effect-of-abiotic-microhabitat-conditions-on-the-coastal-giant-salamander-Dicamptodon-tenebrosus-body-size-and-density-across-and-within-streams.pdf","",809,"2026-04-12 17:51:05","PDF","","",,,,,,0,0.00,0,4,,"… These conditions allow for a wide range of aquatic larval organisms such as mayflies, stoneflies, hellgrammites, caddisflies, and damselflies; all of which are included in the diet of D. …","https://ucnrs.org/wp-content/uploads/2023/09/Effect-of-abiotic-microhabitat-conditions-on-the-coastal-giant-salamander-Dicamptodon-tenebrosus-body-size-and-density-across-and-within-streams.pdf","https://scholar.google.com/scholar?q=related:8b2pqq-UGjEJ:scholar.google.com/&scioq=plecoptera%7Cstonefly%7Cstoneflies&hl=en&as_sdt=0,5&as_ylo=2023&as_yhi=2023"
9,"A Rani, A Rajlaxmi, M Kumar","Effect of Air Pollutants on the Carbon Sequestration Rate and Other Physiological Processes in Different Vegetation Types: A Review: A. Rani et al.",2023,"Mapan","Springer","https://link.springer.com/article/10.1007/s12647-023-00643-z","https://scholar.google.com/scholar?cites=4617751282082810876&as_sdt=2005&sciodt=0,5&hl=en",937,"2026-04-12 17:51:05","","10.1007/s12647-023-00643-z","",,,,,,9,3.00,3,3,3,"Globally, with rapid urbanization, industrialization, and excessive use of transportation, various types of air pollutants released into the environment; are responsible for deteriorating air …","https://www.researchgate.net/profile/Archana-Rani-5/publication/370079793_Effect_of_Air_Pollutants_on_the_Carbon_Sequestration_Rate_and_Other_Physiological_Processes_in_Different_Vegetation_Types_A_Review/links/65c31d6b1e1ec12eff78f17c/Effect-of-Air-Pollutants-on-the-Carbon-Sequestration-Rate-and-Other-Physiological-Processes-in-Different-Vegetation-Types-A-Review.pdf","https://scholar.google.com/scholar?q=related:_IumPVOMFUAJ:scholar.google.com/&scioq=plecoptera%7Cstonefly%7Cstoneflies&hl=en&as_sdt=0,5&as_ylo=2023&as_yhi=2023"
5,"RCC Cabral, G Appel, LQ de Oliveira…","Effect of environmental gradients on community structuring of aerial insectivorous bats in a continuous forest in Central Amazon",2023,"Mammalian …","Springer","https://link.springer.com/article/10.1007/s42991-022-00343-2","https://scholar.google.com/scholar?cites=8854421420523143471&as_sdt=2005&sciodt=0,5&hl=en",827,"2026-04-12 17:51:05","","10.1007/s42991-022-00343-2","",,,,,,5,1.67,1,4,3,"Biotic and abiotic environmental factors influence the abundance and spatial distribution of species and the structuring of communities along environmental gradients. Topography, …","https://ppbio.inpa.gov.br/sites/default/files/Cabral_et_al_2023_Mammalian_Biology.pdf","https://scholar.google.com/scholar?q=related:L0HkhV454XoJ:scholar.google.com/&scioq=plecoptera%7Cstonefly%7Cstoneflies&hl=en&as_sdt=0,5&as_ylo=2023&as_yhi=2023"
4,"P Henrique Monteiro do Amaral…","Effect of eucalyptus plantations on the taxonomic and functional structure of aquatic insect assemblages in Neotropical springs",2023,"… on Neotropical Fauna …","Taylor &Francis","https://www.tandfonline.com/doi/abs/10.1080/01650521.2021.1895512","https://scholar.google.com/scholar?cites=9019720075615285643&as_sdt=2005&sciodt=0,5&hl=en",264,"2026-04-12 17:51:05","","10.1080/01650521.2021.1895512","",,,,,,4,1.33,2,2,3,"… For this reason, researchers, use the taxonomic and functional structure of the Ephemeroptera, Plecoptera, and Trichoptera (EPT) assemblages for the evaluation of environmental …","https://www.researchgate.net/profile/Roberto-Alves-4/publication/350070247_Effect_of_eucalyptus_plantations_on_the_taxonomic_and_functional_structure_of_aquatic_insect_assemblages_in_Neotropical_springs/links/6122e2aa232f955865a3c315/Effect-of-eucalyptus-plantations-on-the-taxonomic-and-functional-structure-of-aquatic-insect-assemblages-in-Neotropical-springs.pdf?origin=journalDetail&_tp=eyJwYWdlIjoiam91cm5hbERldGFpbCJ9","https://scholar.google.com/scholar?q=related:izGCyJ57LH0J:scholar.google.com/&scioq=plecoptera%7Cstonefly%7Cstoneflies&hl=en&as_sdt=0,5&as_ylo=2023&as_yhi=2023"
5,"A Rajurkar, N Darshane, G Dengale…","Effect of laser process parameters on contact angle for linear and square grid micro-textured surfaces",2023,"Materials Today …","Elsevier","https://www.sciencedirect.com/science/article/pii/S2214785323045030","https://scholar.google.com/scholar?cites=15417798038178995070&as_sdt=2005&sciodt=0,5&hl=en",803,"2026-04-12 17:51:05","","","",,,,,,5,1.67,1,4,3,"Bio-mimicking of self-cleaning surfaces is presently being regarded as a promising area of research, especially in bio-implants. Self-cleaning properties of surfaces are mostly evaluated …","https://www.academia.edu/download/118636155/J_Effect_of_laser_process_parameters_on_contact_angle_for_linear_and_square_grid_micro_textured_surfaces.pdf","https://scholar.google.com/scholar?q=related:fptf9KAF99UJ:scholar.google.com/&scioq=plecoptera%7Cstonefly%7Cstoneflies&hl=en&as_sdt=0,5&as_ylo=2023&as_yhi=2023"
5,"F Vallefuoco, M Vanek, A Scotti, R Bottarin","Effect of management strategies and substrate composition on functional and taxonomic macroinvertebrate communities in lowland ditches of Alto Adige/Südtirol",2023,"Gredleriana","bia.unibz.it","https://bia.unibz.it/esploro/outputs/journalArticle/Effect-of-management-strategies-and-substrate/991006703997101241?institution=39UBZ_INST","https://scholar.google.com/scholar?cites=11487536627960478441&as_sdt=2005&sciodt=0,5&hl=en",835,"2026-04-12 17:51:05","","","",,,,,,5,1.67,1,4,3,"… In sites of the low intensity managed category, EPTs contributed with about 90 % to the total taxa pool in fine sediments, where Plecoptera were dominant, and almost 45 % in big …","https://bia.unibz.it/esploro/fulltext/journalArticle/Effect-of-management-strategies-and-substrate/991006703997101241?repId=12312228320001241&mId=13312228310001241&institution=39UBZ_INST","https://scholar.google.com/scholar?q=related:6XrfFbPta58J:scholar.google.com/&scioq=plecoptera%7Cstonefly%7Cstoneflies&hl=en&as_sdt=0,5&as_ylo=2023&as_yhi=2023"
25,"JM Rivera-Pérez, Y Shimano, A Luiza-Andrade…","Effect of mining on the EPT (Ephemeroptera, Plecoptera and Trichoptera) assemblage of Amazonian streams based on their environmental specificity",2023,"Hydrobiologia","Springer","https://link.springer.com/article/10.1007/s10750-022-05111-4","https://scholar.google.com/scholar?cites=10236172683634590617&as_sdt=2005&sciodt=0,5&hl=en",11,"2026-04-12 17:51:05","","10.1007/s10750-022-05111-4","",,,,,,25,8.33,6,4,3,"The way species respond to environmental changes depends on several factors, but mainly on their niche breadth in the face of habitat variability and changes. Our study evaluated, …","","https://scholar.google.com/scholar?q=related:mcOYe9IwDo4J:scholar.google.com/&scioq=plecoptera%7Cstonefly%7Cstoneflies&hl=en&as_sdt=0,5&as_ylo=2023&as_yhi=2023"
10,"J Liu, T Jiang, Y Yang, Y Zhou","Effect of PVA fiber on the dynamic and static mechanical properties of concrete under freeze-thaw cycles at extremely low temperature (− 70 C)",2023,"… of Wuhan University of Technology-Mater …","Springer","https://link.springer.com/article/10.1007/s11595-023-2705-5","https://scholar.google.com/scholar?cites=7797715997913038431&as_sdt=2005&sciodt=0,5&hl=en",918,"2026-04-12 17:51:05","","10.1007/s11595-023-2705-5","",,,,,,10,3.33,3,4,3,"In order to study the effect of PVA fiber on the dynamic and static mechanical properties of low-temperature freeze-thaw concrete under the saturated surface dry state, different contents …","","https://scholar.google.com/scholar?q=related:X7780mINN2wJ:scholar.google.com/&scioq=plecoptera%7Cstonefly%7Cstoneflies&hl=en&as_sdt=0,5&as_ylo=2023&as_yhi=2023"
3,"MS Hamzah, MW Wildan, Kusmono…","Effect of sintering temperature on physical, mechanical, and electrical properties of nano silica particles synthesized from Indonesia local sand for piezoelectric …",2023,"Journal of Asian …","Taylor &Francis","https://www.tandfonline.com/doi/abs/10.1080/21870764.2023.2173851","https://scholar.google.com/scholar?cites=14140946696487453586&as_sdt=2005&sciodt=0,5&hl=en",837,"2026-04-12 17:51:05","","10.1080/21870764.2023.2173851","",,,,,,3,1.00,1,4,3,"This study aims to determine the effect of the sintering temperature of nanosilica on physical, mechanical, dielectric, and output voltage properties. The nanosilica particles used in this …","https://www.tandfonline.com/doi/full/10.1080/21870764.2023.2173851","https://scholar.google.com/scholar?q=related:kkPeNxm8PsQJ:scholar.google.com/&scioq=plecoptera%7Cstonefly%7Cstoneflies&hl=en&as_sdt=0,5&as_ylo=2023&as_yhi=2023"
14,"Z Wang, E Bai, H Huang, B Ren","Effect of strength grade on mechanical properties of concrete under dynamic load",2023,"Structural Concrete","Wiley Online Library","https://onlinelibrary.wiley.com/doi/abs/10.1002/suco.202200654","https://scholar.google.com/scholar?cites=16489009075724825381&as_sdt=2005&sciodt=0,5&hl=en",931,"2026-04-12 17:51:05","","10.1002/suco.202200654","",,,,,,14,4.67,4,4,3,"The uniaxial compression test and dynamic compression test of C30, C50, and C80 concrete were carried out. The effects of strength grade and strain rate ( ε ′ ) on dynamic …","","https://scholar.google.com/scholar?q=related:JTPFUGS61OQJ:scholar.google.com/&scioq=plecoptera%7Cstonefly%7Cstoneflies&hl=en&as_sdt=0,5&as_ylo=2023&as_yhi=2023"
0,"S Sukumaran, S Raghavan, BS Kurup","Effect of water quality on macrobenthic fauna in Achenkovil River, Southern-Western Ghats, Kerala, India",2023,"Acta Limnologica Brasiliensia","SciELO Brasil","https://www.scielo.br/j/alb/a/4mDFtbj7scQHVmjq7KG5KgL/?lang=en","",455,"2026-04-12 17:51:05","HTML","","",,,,,,0,0.00,0,3,3,"Aim The present study investigated the influence of environmental variables on macrobenthic fauna in the Achenkovil River, Southern Western Ghats, Kerala. The knowledge of aquatic …","https://www.scielo.br/j/alb/a/4mDFtbj7scQHVmjq7KG5KgL/?lang=en","https://scholar.google.com/scholar?q=related:TF3jVbiEAnkJ:scholar.google.com/&scioq=plecoptera%7Cstonefly%7Cstoneflies&hl=en&as_sdt=0,5&as_ylo=2023&as_yhi=2023"
15,"J Huang, SE Gergel","Effectiveness of landscape indicators for explaining the variability of benthic macro-invertebrates in urban streams",2023,"Journal of Environmental Management","Elsevier","https://www.sciencedirect.com/science/article/pii/S0301479723009180","https://scholar.google.com/scholar?cites=2052508338102202864&as_sdt=2005&sciodt=0,5&hl=en",213,"2026-04-12 17:51:05","HTML","","",,,,,,15,5.00,8,2,3,"Landscape indicators – measures of land use and land cover – are widely used as proxies for monitoring urban stream conditions, particularly for benthic invertebrates which are often …","https://www.sciencedirect.com/science/article/pii/S0301479723009180","https://scholar.google.com/scholar?q=related:8PEbd3X5exwJ:scholar.google.com/&scioq=plecoptera%7Cstonefly%7Cstoneflies&hl=en&as_sdt=0,5&as_ylo=2023&as_yhi=2023"
1,"EC Corrêa, RM Utz","Effects of agricultural expansion on lotic benthic macroinvertebrate communities: A review and case study from Brazil",2023,"Neotropical Gradients and Their Analysis","Springer","https://link.springer.com/chapter/10.1007/978-3-031-22848-3_3","https://scholar.google.com/scholar?cites=6050566824319857883&as_sdt=2005&sciodt=0,5&hl=en",716,"2026-04-12 17:51:05","","10.1007/978-3-031-22848-3_3","",,,,,,1,0.33,1,2,3,"… published studies that quantified entire communities, multimetric indices, and/or those with a focus on focal taxa, most commonly aquatic insects such as Ephemeroptera, Plecoptera, …","https://www.researchgate.net/profile/Randall-Myster/publication/378491182_Neotropical_gradients_and_their_analysis/links/65dcd872e7670d36abe2821c/Neotropical-gradients-and-their-analysis.pdf#page=129","https://scholar.google.com/scholar?q=related:2zRZLXju91MJ:scholar.google.com/&scioq=plecoptera%7Cstonefly%7Cstoneflies&hl=en&as_sdt=0,5&as_ylo=2023&as_yhi=2023"
5,"S Banad, Y Wei, CT Dhanya…","Effects of altered streamflow on macroinvertebrate taxonomic richness and composition in the Goulburn River, Australia",2023,"Frontiers in Environmental …","frontiersin.org","https://www.frontiersin.org/journals/environmental-science/articles/10.3389/fenvs.2023.1134108/full","https://scholar.google.com/scholar?cites=9091791175469817808&as_sdt=2005&sciodt=0,5&hl=en",338,"2026-04-12 17:51:05","HTML","10.3389/fenvs.2023.1134108","",,,,,,5,1.67,1,4,3,"… Because Ephemeroptera, Plecoptera, and Trichoptera include many families that are sensitive to poor water quality and habitat disturbance, the EPT indicator is used to express overall …","https://www.frontiersin.org/journals/environmental-science/articles/10.3389/fenvs.2023.1134108/full","https://scholar.google.com/scholar?q=related:0N_oWeeHLH4J:scholar.google.com/&scioq=plecoptera%7Cstonefly%7Cstoneflies&hl=en&as_sdt=0,5&as_ylo=2023&as_yhi=2023"
2,"JM Zigann, RM Gersberg, V Lüderitz","Effects of Deadwood on Macroinvertebrate Assemblages in Three Sand-Type Lowland Streams",2023,"Ecologies","mdpi.com","https://www.mdpi.com/2673-4133/4/1/8","https://scholar.google.com/scholar?cites=862243774915135137&as_sdt=2005&sciodt=0,5&hl=en",456,"2026-04-12 17:51:05","HTML","","",,,,,,2,0.67,1,3,3,"The objective of the manuscript was to study the effects of dead wood on macroinvertebrates (MI) assemblages occupying different habitat patches. Three streams were studied, with …","https://www.mdpi.com/2673-4133/4/1/8","https://scholar.google.com/scholar?q=related:ocabGSVO9wsJ:scholar.google.com/&scioq=plecoptera%7Cstonefly%7Cstoneflies&hl=en&as_sdt=0,5&as_ylo=2023&as_yhi=2023"
0,"D Stoianova","Effects of Different Types of Agricultural Land Use on the Occurrence of Common Aquatic Bugs (Nepomorpha, Heteroptera) in Habitats with Slow Flowing …",2023,"Diversity","mdpi.com","https://www.mdpi.com/1424-2818/15/2/292","",509,"2026-04-12 17:51:05","HTML","","",,,,,,0,0.00,0,1,3,"Agricultural activities can have a significant impact on aquatic organisms, including aquatic insects. Most of the aquatic Heteroptera are known as moderately tolerant to low oxygen and …","https://www.mdpi.com/1424-2818/15/2/292","https://scholar.google.com/scholar?q=related:2MUGAtopFvIJ:scholar.google.com/&scioq=plecoptera%7Cstonefly%7Cstoneflies&hl=en&as_sdt=0,5&as_ylo=2023&as_yhi=2023"
3,"MI Ríos-Pulgarín, V Henao-Lopera…","Effects of environmental stability and phycoperiphyton structure on the macroinvertebrate community of regulated Andean rivers",2023,"Revista de Biología …","scielo.sa.cr","https://www.scielo.sa.cr/scielo.php?pid=S0034-77442023000100029&script=sci_arttext&tlng=en","https://scholar.google.com/scholar?cites=12951911757962462552&as_sdt=2005&sciodt=0,5&hl=en",687,"2026-04-12 17:51:05","HTML","","",,,,,,3,1.00,1,3,3,"… The RSC1 site was characterized by a greater abundance of the orders Ephemeroptera, Trichoptera, Plecoptera and others of Arthropoda, favored by physicochemical and habitat …","https://www.scielo.sa.cr/scielo.php?pid=S0034-77442023000100029&script=sci_arttext&tlng=en","https://scholar.google.com/scholar?q=related:WMWOJx9vvrMJ:scholar.google.com/&scioq=plecoptera%7Cstonefly%7Cstoneflies&hl=en&as_sdt=0,5&as_ylo=2023&as_yhi=2023"
16,"M Krall, P Roni","Effects of livestock exclusion on stream habitat and aquatic biota: A review and recommendations for implementation and monitoring",2023,"North American Journal of Fisheries …","academic.oup.com","https://academic.oup.com/najfm/article-abstract/43/2/476/7811664","https://scholar.google.com/scholar?cites=10838769791922341928&as_sdt=2005&sciodt=0,5&hl=en",776,"2026-04-12 17:51:05","","","",,,,,,16,5.33,8,2,3,"To inform riparian restoration, research, and monitoring and to provide management recommendations, we reviewed published studies evaluating the physical and biological …","https://academic.oup.com/najfm/article/43/2/476/7811664","https://scholar.google.com/scholar?q=related:KAjEEbMLa5YJ:scholar.google.com/&scioq=plecoptera%7Cstonefly%7Cstoneflies&hl=en&as_sdt=0,5&as_ylo=2023&as_yhi=2023"
1,"J Dailey","Effects of Recreation in the Niobrara National Scenic River on Aquatic Macroinvertebrates",2023,"","search.proquest.com","https://search.proquest.com/openview/7f0e2701977eb5fe28def13e3bc8ad4d/1?pq-origsite=gscholar&cbl=18750&diss=y","https://scholar.google.com/scholar?cites=2012127015055159873&as_sdt=2005&sciodt=0,5&hl=en",433,"2026-04-12 17:51:05","","","",,,,,,1,0.33,1,1,3,"… how the macroinvertebrate community of the Niobrara River near Agate, NE has changed significantly from being dominated by insects of the orders Ephemeroptera, Plecoptera, …","https://digitalcommons.unomaha.edu/cgi/viewcontent.cgi?article=1000&context=biostudent","https://scholar.google.com/scholar?q=related:QXJUB9yC7BsJ:scholar.google.com/&scioq=plecoptera%7Cstonefly%7Cstoneflies&hl=en&as_sdt=0,5&as_ylo=2023&as_yhi=2023"
0,"SK Kringel","Effects of the surface discharge of coalbed methane produced water on water quality and macroinvertebrate community structure in headwater streams of the …",2023,"","search.proquest.com","https://search.proquest.com/openview/90561789383bdeedeae92a1cd2df28c1/1?pq-origsite=gscholar&cbl=18750&diss=y","",645,"2026-04-12 17:51:05","BOOK","","",,,,,,0,0.00,0,1,3,"… Among the findings of the study were that mayflies, stoneflies, and caddisflies had reduced species richness at metalpolluted sites. Clements (2004) went on to provide causative …","https://www.researchgate.net/profile/Keli-Kringel/publication/371868283_Effects_of_the_surface_discharge_of_coalbed_methane_produced_water_on_water_quality_and_macroinvertebrate_community_structure_in_headwater_streams_of_the_Raton_Basin_Colorado_USA/links/6499fb54b9ed6874a5dce4df/Effects-of-the-surface-discharge-of-coalbed-methane-produced-water-on-water-quality-and-macroinvertebrate-community-structure-in-headwater-streams-of-the-Raton-Basin-Colorado-USA.pdf","https://scholar.google.com/scholar?q=related:979tygKo4D4J:scholar.google.com/&scioq=plecoptera%7Cstonefly%7Cstoneflies&hl=en&as_sdt=0,5&as_ylo=2023&as_yhi=2023"
32,"A Bohus, B Gál, B Barta, I Szivák, K Karadi-Kovacs…","Effects of urbanization-induced local alterations on the diversity and assemblage structure of macroinvertebrates in low-order streams",2023,"Hydrobiologia","Springer","https://link.springer.com/article/10.1007/s10750-022-05130-1","https://scholar.google.com/scholar?cites=11112744873497744749&as_sdt=2005&sciodt=0,5&hl=en",529,"2026-04-12 17:51:05","HTML","10.1007/s10750-022-05130-1","",,,,,,32,10.67,5,6,3,"… The syndrome causes alterations in species composition, resulting in sensitive groups (eg Ephemeroptera, Plecoptera, Trichoptera) becoming less abundant or even absent in urban …","https://link.springer.com/article/10.1007/s10750-022-05130-1","https://scholar.google.com/scholar?q=related:bVVgqJVmOJoJ:scholar.google.com/&scioq=plecoptera%7Cstonefly%7Cstoneflies&hl=en&as_sdt=0,5&as_ylo=2023&as_yhi=2023"
317,"L Bonacina, F Fasano, V Mezzanotte…","Effects of water temperature on freshwater macroinvertebrates: a systematic review",2023,"Biological …","Wiley Online Library","https://onlinelibrary.wiley.com/doi/abs/10.1111/brv.12903","https://scholar.google.com/scholar?cites=6400619598075042630&as_sdt=2005&sciodt=0,5&hl=en",314,"2026-04-12 17:51:05","","10.1111/brv.12903","",,,,,,317,105.67,79,4,3,"… Among the different orders, Ephemeroptera and Plecoptera were mainly associated with studies on growth, time and length of emergence, fecundity, time and length of hatching, total …","https://onlinelibrary.wiley.com/doi/pdf/10.1111/brv.12903","https://scholar.google.com/scholar?q=related:RpuqzZyR01gJ:scholar.google.com/&scioq=plecoptera%7Cstonefly%7Cstoneflies&hl=en&as_sdt=0,5&as_ylo=2023&as_yhi=2023"
0,"D Jelić, M Vucić, R Sandodden, S Sevatdal","Elaborate for experimental rotenone introduction in Croatia",,"researchgate.net","","https://www.researchgate.net/profile/Dusan-Jelic/publication/370528017_Rotenone_-_Elaborate_for_experimental_rotenone_introduction_in_Croatia/links/6454cd235762c95ac374eefe/Rotenone-Elaborate-for-experimental-rotenone-introduction-in-Croatia.pdf","",566,"2026-04-12 17:51:05","PDF","","",,,,,,0,0.00,0,4,,"… Most vulnerable groups were mayflies, stoneflies and caddis flies. Along with some species not recovering even after five years, new species showed up, which weren’t present before …","https://www.researchgate.net/profile/Dusan-Jelic/publication/370528017_Rotenone_-_Elaborate_for_experimental_rotenone_introduction_in_Croatia/links/6454cd235762c95ac374eefe/Rotenone-Elaborate-for-experimental-rotenone-introduction-in-Croatia.pdf","https://scholar.google.com/scholar?q=related:anSAw1Z1AnIJ:scholar.google.com/&scioq=plecoptera%7Cstonefly%7Cstoneflies&hl=en&as_sdt=0,5&as_ylo=2023&as_yhi=2023"
5,"AE Silina, NN Sushchik, MI Gladyshev…","Emergence of amphibious insects from an old beaver pond in the upper Khoper Valley under conditions of the forest steppe",2023,"… Problems of Ecology","Springer","https://link.springer.com/article/10.1134/S1995425523060197","https://scholar.google.com/scholar?cites=12919290877069617099&as_sdt=2005&sciodt=0,5&hl=en",626,"2026-04-12 17:51:05","","10.1134/S1995425523060197","",,,,,,5,1.67,1,4,3,"This work presents the results of studies of the emergence of amphibiotic insects from the old beaver pond on the Yuzhnaya River of the Privolzhskaya Lesostep Nature Reserve in the …","","https://scholar.google.com/scholar?q=related:y-etdZqKSrMJ:scholar.google.com/&scioq=plecoptera%7Cstonefly%7Cstoneflies&hl=en&as_sdt=0,5&as_ylo=2023&as_yhi=2023"
0,"T Malmqvist","En studie av fyra trädslag angående kolonisering av akvatisk bottenfauna",2023,"","stud.epsilon.slu.se","https://stud.epsilon.slu.se/18561/","",196,"2026-04-12 17:51:05","HTML","","",,,,,,0,0.00,0,1,3,"… specimen of stoneflies and mayflies. As far as the tree species goes it seems that spruce (picea abies) and larch (larix spp.) is the tree species favoured by caddisflies, stoneflies and …","https://stud.epsilon.slu.se/18561/","https://scholar.google.com/scholar?q=related:4Tdw7RbCWVUJ:scholar.google.com/&scioq=plecoptera%7Cstonefly%7Cstoneflies&hl=en&as_sdt=0,5&as_ylo=2023&as_yhi=2023"
3,"T Shahady, JJ Montero-Ramírez","End-point predictors of water quality in tropical rivers",2023,"Pollutants","mdpi.com","https://www.mdpi.com/2673-4672/3/4/32","https://scholar.google.com/scholar?cites=10418488556956430993&as_sdt=2005&sciodt=0,5&hl=en",232,"2026-04-12 17:51:05","HTML","","",,,,,,3,1.00,2,2,3,"… Further, less complex insect MMIs such as compilations of family diversity using Ephemeroptera, Plecoptera and Trichoptera (EPT) orders were equally as predictive as the more …","https://www.mdpi.com/2673-4672/3/4/32","https://scholar.google.com/scholar?q=related:kTLcnSTolZAJ:scholar.google.com/&scioq=plecoptera%7Cstonefly%7Cstoneflies&hl=en&as_sdt=0,5&as_ylo=2023&as_yhi=2023"
0,"T Shahady, JJ Montero-Ramírez","End-Point Predictors of Water Quality in Tropical Rivers. Pollutants 2023, 3, 461–476",2023,"","researchgate.net","https://www.researchgate.net/profile/Jose-Montero-Ramirez/publication/374693971_End-Point_Predictors_of_Water_Quality_in_Tropical_Rivers/links/6529c0ad2e1ba453041ea3b6/End-Point-Predictors-of-Water-Quality-in-Tropical-Rivers.pdf","",303,"2026-04-12 17:51:05","PDF","","",,,,,,0,0.00,0,2,3,"… Further, less complex insect MMIs such as compilations of family diversity using Ephemeroptera, Plecoptera and Trichoptera (EPT) orders were equally as predictive as the more …","https://www.researchgate.net/profile/Jose-Montero-Ramirez/publication/374693971_End-Point_Predictors_of_Water_Quality_in_Tropical_Rivers/links/6529c0ad2e1ba453041ea3b6/End-Point-Predictors-of-Water-Quality-in-Tropical-Rivers.pdf","https://scholar.google.com/scholar?q=related:tq0eVa_-MhcJ:scholar.google.com/&scioq=plecoptera%7Cstonefly%7Cstoneflies&hl=en&as_sdt=0,5&as_ylo=2023&as_yhi=2023"
12,"BF Santos, ME Miller, M Miklasevskaja…","Enhancing DNA barcode reference libraries by harvesting terrestrial arthropods at the Smithsonian's National Museum of Natural History",2023,"Biodiversity Data …","pmc.ncbi.nlm.nih.gov","https://pmc.ncbi.nlm.nih.gov/articles/PMC10848724/","https://scholar.google.com/scholar?cites=15215104634370876149&as_sdt=2005&sciodt=0,5&hl=en",691,"2026-04-12 17:51:05","HTML","","",,,,,,12,4.00,3,4,3,"The use of DNA barcoding has revolutionised biodiversity science, but its application depends on the existence of comprehensive and reliable reference libraries. For many poorly …","https://pmc.ncbi.nlm.nih.gov/articles/PMC10848724/","https://scholar.google.com/scholar?q=related:9WITSA3pJtMJ:scholar.google.com/&scioq=plecoptera%7Cstonefly%7Cstoneflies&hl=en&as_sdt=0,5&as_ylo=2023&as_yhi=2023"
23,"MM Abdelfattah, R Géber, I Kocserha","Enhancing the properties of lightweight aggregates using volcanic rock additive materials",2023,"Journal of Building Engineering","Elsevier","https://www.sciencedirect.com/science/article/pii/S2352710222014322","https://scholar.google.com/scholar?cites=10210066760487578234&as_sdt=2005&sciodt=0,5&hl=en",527,"2026-04-12 17:51:05","HTML","","",,,,,,23,7.67,8,3,3,"The aim of the research was to investigate the applicability of different volcanic rocks as additives materials in lightweight aggregates (LWA) production. This study explains how the …","https://www.sciencedirect.com/science/article/pii/S2352710222014322","https://scholar.google.com/scholar?q=related:eqril59xsY0J:scholar.google.com/&scioq=plecoptera%7Cstonefly%7Cstoneflies&hl=en&as_sdt=0,5&as_ylo=2023&as_yhi=2023"
0,"F Nadira Nurul","Entomological Inventory and Its Ecological Aspect in The Area of Silokek Geopark Ecotourism, Sijunjung Regency",2023,"","scholar.unand.ac.id","http://scholar.unand.ac.id/462215/","",868,"2026-04-12 17:51:05","","","",,,,,,0,0.00,0,1,3,"The Ecotourism Area of Silokek Geopark in Sijunjung Regency is a new ecotourism location in West Sumatra with its main characteristic being karst rock hills that have not been …","http://scholar.unand.ac.id/462215/2/REFERENCES.pdf","https://scholar.google.com/scholar?q=related:CyGAMrG0cPkJ:scholar.google.com/&scioq=plecoptera%7Cstonefly%7Cstoneflies&hl=en&as_sdt=0,5&as_ylo=2023&as_yhi=2023"
7,"U Strandberg, G Arhonditsis, P Kesti, J Vesterinen…","Environmental drivers alter PUFA content in littoral macroinvertebrate assemblages via changes in richness and abundance",2023,"Aquatic Sciences","Springer","https://link.springer.com/article/10.1007/s00027-023-00996-2","https://scholar.google.com/scholar?cites=6275550442119705716&as_sdt=2005&sciodt=0,5&hl=en",793,"2026-04-12 17:51:05","HTML","10.1007/s00027-023-00996-2","",,,,,,7,2.33,1,5,3,"Shallow littoral areas in lakes are productive and highly diverse ecotonal zones, providing habitats for both invertebrate and vertebrate species. We developed a Bayesian modeling …","https://link.springer.com/article/10.1007/s00027-023-00996-2","https://scholar.google.com/scholar?q=related:dDSXuOA7F1cJ:scholar.google.com/&scioq=plecoptera%7Cstonefly%7Cstoneflies&hl=en&as_sdt=0,5&as_ylo=2023&as_yhi=2023"
5,"EO Akindele, SA Olaniyan…","Environmental stressors influence the biological water quality of a lotic system in southwestern Nigeria",2023,"African Journal of Aquatic …","Taylor &Francis","https://www.tandfonline.com/doi/abs/10.2989/16085914.2023.2215267","https://scholar.google.com/scholar?cites=15929184595430566088&as_sdt=2005&sciodt=0,5&hl=en",547,"2026-04-12 17:51:05","","10.2989/16085914.2023.2215267","",,,,,,5,1.67,2,3,3,"Deforestation in the Afrotropical realm is extensively encroaching on riparian corridors, causing increasingly negative impacts on freshwater biota. This study aimed to assess the …","","https://scholar.google.com/scholar?q=related:yGhDPP7UD90J:scholar.google.com/&scioq=plecoptera%7Cstonefly%7Cstoneflies&hl=en&as_sdt=0,5&as_ylo=2023&as_yhi=2023"
3,"MC Abajue","Environmental sustainability: Relevance of forensic insects and other ecosystem services in Africa",2023,"Sustainable Utilization and Conservation of Africa's …","Springer","https://link.springer.com/chapter/10.1007/978-981-19-6974-4_22","https://scholar.google.com/scholar?cites=16170951531726610814&as_sdt=2005&sciodt=0,5&hl=en",557,"2026-04-12 17:51:05","","10.1007/978-981-19-6974-4_22","",,,,,,3,1.00,3,1,3,"Greater percentage of African people depend on exploring the natural resources for agriculture, herding, fishing, and hunting as a means of livelihood. The manner and rate that these …","https://www.researchgate.net/profile/Simon-Okweche/publication/370085598_Climate_Change_and_Other_Environmental_Factors_as_Drivers_of_Fauna_and_Flora_Biodiversity_in_Africa/links/64623d1dfbaf5b27a4cb4181/Climate-Change-and-Other-Environmental-Factors-as-Drivers-of-Fauna-and-Flora-Biodiversity-in-Africa.pdf#page=602","https://scholar.google.com/scholar?q=related:fqGfoL3CauAJ:scholar.google.com/&scioq=plecoptera%7Cstonefly%7Cstoneflies&hl=en&as_sdt=0,5&as_ylo=2023&as_yhi=2023"
0,"MZ Shahraki, EE Dorche, P Fathi, J Flotemersch…","EPA Public Access",,"academia.edu","","https://www.academia.edu/download/99349491/pdf.pdf","",478,"2026-04-12 17:51:05","PDF","","",,,,,,0,0.00,0,5,,"… The metric Ephemeroptera, Plecoptera and Trichoptera (EPT) taxa was used for validation of … A key to adult and nymphs of the british stoneflies (Plecoptera) with notes on the ecology …","https://www.academia.edu/download/99349491/pdf.pdf","https://scholar.google.com/scholar?q=related:FZH9dyW5aXcJ:scholar.google.com/&scioq=plecoptera%7Cstonefly%7Cstoneflies&hl=en&as_sdt=0,5&as_ylo=2023&as_yhi=2023"
0,"MA Solis","Ephemeral Wings",2023,"","academic.oup.com","https://academic.oup.com/ae/article-abstract/69/3/54/7262889","",633,"2026-04-12 17:51:05","","","",,,,,,0,0.00,0,1,3,"… But first, Maggie meets Teresa, an aquatic sponge called Driftless, then Rensaleer the midge, Rudy the stonefly, Jacob the whirligig (who lives at the boundary between the aquatic …","https://academic.oup.com/ae/article-pdf/69/3/54/51409881/tmad049.pdf","https://scholar.google.com/scholar?q=related:Yta4zsraiJQJ:scholar.google.com/&scioq=plecoptera%7Cstonefly%7Cstoneflies&hl=en&as_sdt=0,5&as_ylo=2023&as_yhi=2023"
0,"Y Zhang, B Wang, W Li, W Li","Erratum: YAO ZHANG, BINGLI WANG, WENLIANG LI &WEIHAI LI (2023) Two new species of the genus Sweltsa (Plecoptera: Chloroperlidae) from China. Zootaxa …",2023,"Zootaxa","biotaxa.org","https://www.biotaxa.org/Zootaxa/article/view/zootaxa.5389.5.7/79715","",108,"2026-04-12 17:51:05","","","",,,,,,0,0.00,0,4,3,"YING WANG, JINJUN CAO, WEIHAI LI, The complete mitochondrial genome of the styloperlid stonefly species Styloperla spinicercia Wu (Insecta: Plecoptera) with family-level …","","https://scholar.google.com/scholar?q=related:OhzLY6DL2WAJ:scholar.google.com/&scioq=plecoptera%7Cstonefly%7Cstoneflies&hl=en&as_sdt=0,5&as_ylo=2023&as_yhi=2023"
1,"M Hohmann","Erstnachweis von Zwicknia westermanni Boumans &Murányi, 2014 (Plecoptera: Capniidae) in Sachsen-Anhalt",2023,"Entomol. Mitt. Sachsen-Anhalt","researchgate.net","https://www.researchgate.net/profile/Mathias-Hohmann-2/publication/373438820_Erstnachweis_von_Zwicknia_westermanni_Boumans_Muranyi_2014_Plecoptera_Capniidae_in_Sachsen-Anhalt-/links/64ec3cc90453074fbdb8209e/Erstnachweis-von-Zwicknia-westermanni-Boumans-Muranyi-2014-Plecoptera-Capniidae-in-Sachsen-Anhalt.pdf","https://scholar.google.com/scholar?cites=11629715635522509494&as_sdt=2005&sciodt=0,5&hl=en",77,"2026-04-12 17:51:05","PDF","","",,,,,,1,0.33,1,1,3,"… The rare stonefly species Zwicknia westermanni Boumans &Murányi, 2014 has been recorded in … Die angetroffene Biozönose erwies sich als vergleichsweise artenarm (nachgewiesene …","https://www.researchgate.net/profile/Mathias-Hohmann-2/publication/373438820_Erstnachweis_von_Zwicknia_westermanni_Boumans_Muranyi_2014_Plecoptera_Capniidae_in_Sachsen-Anhalt-/links/64ec3cc90453074fbdb8209e/Erstnachweis-von-Zwicknia-westermanni-Boumans-Muranyi-2014-Plecoptera-Capniidae-in-Sachsen-Anhalt.pdf","https://scholar.google.com/scholar?q=related:thog7sAMZaEJ:scholar.google.com/&scioq=plecoptera%7Cstonefly%7Cstoneflies&hl=en&as_sdt=0,5&as_ylo=2023&as_yhi=2023"
2,"SL Smith","Estimating embeddedness from bankfull shear velocity in gravel streambeds to assess sediment impacts on aquatic biota",2023,"","vtechworks.lib.vt.edu","https://vtechworks.lib.vt.edu/items/09377de2-a603-4980-9d92-b5a21018ea96","https://scholar.google.com/scholar?cites=6453329163449788883&as_sdt=2005&sciodt=0,5&hl=en",502,"2026-04-12 17:51:05","","","",,,,,,2,0.67,2,1,3,"… Burrowing macroinvertebrate taxa, which may use increased sand to escape predation, increased with increasing embeddedness while the number of Ephemeroptera, Plecoptera, …","https://vtechworks.lib.vt.edu/bitstreams/9d345d53-7004-4a77-a804-fb47b3304bb7/download","https://scholar.google.com/scholar?q=related:0-kX1q7UjlkJ:scholar.google.com/&scioq=plecoptera%7Cstonefly%7Cstoneflies&hl=en&as_sdt=0,5&as_ylo=2023&as_yhi=2023"
12,"D Kong, B Kang","Estimation on altitudinal spectrum of suitability for four species of the Mayfly Genus Ephemera (Ephemeroptera: Ephemeridae) using probability …",2023,"Journal of Korean Society on …","Korean Society on Water …","","https://scholar.google.com/scholar?cites=6685666608637900665&as_sdt=2005&sciodt=0,5&hl=en",599,"2026-04-12 17:51:05","CITATION","","",,,,,,12,4.00,6,2,3,"","","https://scholar.google.com/scholar?q=related:eXeNvltCyFwJ:scholar.google.com/&scioq=plecoptera%7Cstonefly%7Cstoneflies&hl=en&as_sdt=0,5&as_ylo=2023&as_yhi=2023"
1,"DVM Lima, KTA Kinpara…","Estrutura de macroinvertebrados bentônicos em uma área de manejo florestal na Amazônia sul-ocidental",2023,"Revista Conexão na …","periodicos.ifac.edu.br","https://periodicos.ifac.edu.br/index.php/revistarca/article/view/124","https://scholar.google.com/scholar?cites=16760179022980976378&as_sdt=2005&sciodt=0,5&hl=en",635,"2026-04-12 17:51:05","","","",,,,,,1,0.33,0,3,3,"… Outro grupo abundante nesta pesquisa foi a ordem Plecoptera. Junto com as ordens … Entre essas três ordens, os Plecoptera são os mais exigentes quanto à qualidade ambiental…","https://periodicos.ifac.edu.br/index.php/revistarca/article/download/124/120","https://scholar.google.com/scholar?q=related:-g68rAUemOgJ:scholar.google.com/&scioq=plecoptera%7Cstonefly%7Cstoneflies&hl=en&as_sdt=0,5&as_ylo=2023&as_yhi=2023"
4,"IP Vaughan","European river recovery might have run out of steam",2023,"","nature.com","https://www.nature.com/articles/d41586-023-02488-7","https://scholar.google.com/scholar?cites=13589105774546079989&as_sdt=2005&sciodt=0,5&hl=en",191,"2026-04-12 17:51:05","","","",,,,,,4,1.33,4,1,3,"How has river quality in Europe changed over time? A detailed analysis of invertebrate data provides a picture of biological recovery from past problems, but also points to remaining …","https://orca.cardiff.ac.uk/id/eprint/162589/1/News%20%26%20Views%20post%20print.pdf","https://scholar.google.com/scholar?q=related:9VAHK7QzlrwJ:scholar.google.com/&scioq=plecoptera%7Cstonefly%7Cstoneflies&hl=en&as_sdt=0,5&as_ylo=2023&as_yhi=2023"
0,"NYV Venegas, LCS Noroña…","Evaluación de calidad del agua en dos puntos de muestreo del Río Blanco a través de indicadores biológicos (macro invertebrados), ubicado en el Cantón Lago …",2023,"Polo del Conocimiento …","dialnet.unirioja.es","https://dialnet.unirioja.es/servlet/articulo?codigo=9285440","",881,"2026-04-12 17:51:05","","","",,,,,,0,0.00,0,3,3,"… Plecoptera: Las ninfas de los Plecóptera viven en aguas rápidas, bien oxigenadas, debajo de piedras, troncos, ramas y hojas. Se ha observado en ciertos casos que son …","https://dialnet.unirioja.es/descarga/articulo/9285440.pdf","https://scholar.google.com/scholar?q=related:7Akp_QClxN8J:scholar.google.com/&scioq=plecoptera%7Cstonefly%7Cstoneflies&hl=en&as_sdt=0,5&as_ylo=2023&as_yhi=2023"
0,"C Lara-Basantes, JC Andrade","Evaluación de la calidad del agua del río Chibunga por medio del Índice EPT Water quality assessment of the Chibunga River by means of the EPT Index",,"researchgate.net","","https://www.researchgate.net/profile/Jean-Andrade-5/publication/370651722_Water_quality_assessment_of_the_Chibunga_River_by_means_of_the_EPT_Index/links/645bbc0e434e26474fd9a420/Water-quality-assessment-of-the-Chibunga-River-by-means-of-the-EPT-Index.pdf","",358,"2026-04-12 17:51:05","PDF","","",,,,,,0,0.00,0,2,,"… El análisis EPT es un método de evaluación de la calidad de agua, mediante la utilización de las órdenes de macroinvertebrados Ephemeroptera, Plecoptera y Trichoptera, que sirven …","https://www.researchgate.net/profile/Jean-Andrade-5/publication/370651722_Water_quality_assessment_of_the_Chibunga_River_by_means_of_the_EPT_Index/links/645bbc0e434e26474fd9a420/Water-quality-assessment-of-the-Chibunga-River-by-means-of-the-EPT-Index.pdf","https://scholar.google.com/scholar?q=related:BSwkJTNLstkJ:scholar.google.com/&scioq=plecoptera%7Cstonefly%7Cstoneflies&hl=en&as_sdt=0,5&as_ylo=2023&as_yhi=2023"
2,"JN Idrogo Uriarte","Evaluación de la calidad del agua del río Chotano mediante macroinvertebrados bentónicos y parámetros fisicoquímicos en los distritos de Lajas y …",2023,"","repositorio.unc.edu.pe","https://repositorio.unc.edu.pe/bitstream/handle/20.500.14074/6149/TESIS%20NEYSER%20IDROGO.pdf?sequence=5","https://scholar.google.com/scholar?cites=5342988209563919421&as_sdt=2005&sciodt=0,5&hl=en",770,"2026-04-12 17:51:05","PDF","","",,,,,,2,0.67,2,1,3,"Se evaluó la calidad del agua del río Chotano en el tramo Lajas – Cochabamba mediante la caracterización biológica y fisicoquímica, durante los meses de febrero del 2020 y octubre …","https://repositorio.unc.edu.pe/bitstream/handle/20.500.14074/6149/TESIS%20NEYSER%20IDROGO.pdf?sequence=5","https://scholar.google.com/scholar?q=related:PWQo3ncbJkoJ:scholar.google.com/&scioq=plecoptera%7Cstonefly%7Cstoneflies&hl=en&as_sdt=0,5&as_ylo=2023&as_yhi=2023"
0,"MM Angeles Torrejón","Evaluación de la calidad ecológica del río Jucusbamba tras su recorrido por los distritos de Luya y Lámud analizando parámetros bióticos y abióticos.",2023,"","repositorio.untrm.edu.pe","https://repositorio.untrm.edu.pe/handle/20.500.14077/3532","",708,"2026-04-12 17:51:05","","","",,,,,,0,0.00,0,1,3,"… La mayor riqueza de familias de macroinvertebrados se encontró en los puntos 1 y 2, predominando individuos de Trichoptera, Ephemeroptera y Plecoptera. De acuerdo al ABI e IBF …","https://repositorio.untrm.edu.pe/bitstream/handle/20.500.14077/3532/Mileydi%20Milagritos%20Angeles%20Torrej%C3%B3n%20-%20FICIAM.pdf","https://scholar.google.com/scholar?q=related:UkjpnLcGxLwJ:scholar.google.com/&scioq=plecoptera%7Cstonefly%7Cstoneflies&hl=en&as_sdt=0,5&as_ylo=2023&as_yhi=2023"
21,"MJ Amirkhani, M Fakhri, A Amirkhani","Evaluating the use of different fillers and Kaowax additive in warm mix asphalt mixtures",2023,"Case Studies in Construction …","Elsevier","https://www.sciencedirect.com/science/article/pii/S2214509523006691","https://scholar.google.com/scholar?cites=9075629646097622150&as_sdt=2005&sciodt=0,5&hl=en",953,"2026-04-12 17:51:05","HTML","","",,,,,,21,7.00,7,3,3,"The existing concerns about the global warming have prompted many researchers to study the warm mix asphalt (WMA) mixtures. Although WMA enjoys several advantages over the …","https://www.sciencedirect.com/science/article/pii/S2214509523006691","https://scholar.google.com/scholar?q=related:hiSnEBQd830J:scholar.google.com/&scioq=plecoptera%7Cstonefly%7Cstoneflies&hl=en&as_sdt=0,5&as_ylo=2023&as_yhi=2023"
1,"Y Pastor-Ortiz, B Salazar-Chavez…","Evaluation of the ecological and environmental quality of the water from the Jequetepeque river in the San Juan-Chilete section of the department of Cajamarca …",2023,"LACCEI","proceedings.laccei.org","https://proceedings.laccei.org/index.php/laccei/article/download/3276/3271","https://scholar.google.com/scholar?cites=13903264327411128111&as_sdt=2005&sciodt=0,5&hl=en",468,"2026-04-12 17:51:05","PDF","","",,,,,,1,0.33,0,3,3,"The present research was focused on the analysis of the water quality of the Jequetepeque river in the department of Cajamarca, Peru. The analysis included the evaluation of the …","https://proceedings.laccei.org/index.php/laccei/article/download/3276/3271","https://scholar.google.com/scholar?q=related:L1ezPT5R8sAJ:scholar.google.com/&scioq=plecoptera%7Cstonefly%7Cstoneflies&hl=en&as_sdt=0,5&as_ylo=2023&as_yhi=2023"
2,"W Hu, Z Wu, Y Mu, Z Liu, W Chen","Evaluation of the upper lakes of the Erhai watershed in China based on water quality, land cover, and macrobenthic invertebrates",2023,"Environmental Science and Pollution …","Springer","https://link.springer.com/article/10.1007/s11356-023-29773-2","https://scholar.google.com/scholar?cites=10310077049002665356&as_sdt=2005&sciodt=0,5&hl=en",613,"2026-04-12 17:51:05","","10.1007/s11356-023-29773-2","",,,,,,2,0.67,0,5,3,"In this study, three lakes, Cibi Hu, Haixi Hai, and Xi Hu, in the upper reaches of the main inflow rivers in the northern part of Erhai Lake were selected as the research objects. Based on …","","https://scholar.google.com/scholar?q=related:jCW2cHPAFI8J:scholar.google.com/&scioq=plecoptera%7Cstonefly%7Cstoneflies&hl=en&as_sdt=0,5&as_ylo=2023&as_yhi=2023"
3,"MK Huh, HY Lee","Evaluation of Water Quality by Benthic Macroinvertebrate at the Jukjeon Stream in Korea",2023,"European Journal of Environment and Earth …","mail.ej-geo.org","https://mail.ej-geo.org/index.php/ejgeo/article/view/370","https://scholar.google.com/scholar?cites=17641959790376151917&as_sdt=2005&sciodt=0,5&hl=en",262,"2026-04-12 17:51:05","","","",,,,,,3,1.00,2,2,3,"This work was studied to investigate the water quality of the Jukjeon stream in Korea based on benthic macroinvertebrates. Several ecological score of benthic macroinvertebrate …","https://mail.ej-geo.org/index.php/ejgeo/article/download/370/205","https://scholar.google.com/scholar?q=related:bWsYT_XU1PQJ:scholar.google.com/&scioq=plecoptera%7Cstonefly%7Cstoneflies&hl=en&as_sdt=0,5&as_ylo=2023&as_yhi=2023"
6,"OF Rylskyi, K Dombrovskiy, Y Masikevych…","Evaluation of water quality of the Siret River by zooperiphyton organisms",2023,"Journal of Ecological …","bibliotekanauki.pl","https://bibliotekanauki.pl/articles/24202907.pdf","https://scholar.google.com/scholar?cites=1527856212871719573&as_sdt=2005&sciodt=0,5&hl=en",376,"2026-04-12 17:51:05","PDF","","",,,,,,6,2.00,2,4,3,"… The trophic structure of zooperiphyton communities in the «polluted» sections of the Siret River is dominated by ostracods (soil consumers) with a small proportion of mayflies, stoneflies …","https://bibliotekanauki.pl/articles/24202907.pdf","https://scholar.google.com/scholar?q=related:laoXdCEJNBUJ:scholar.google.com/&scioq=plecoptera%7Cstonefly%7Cstoneflies&hl=en&as_sdt=0,5&as_ylo=2023&as_yhi=2023"
0,"H Baytaşoğlu","Evaluatıon of The Water Qualıty of Kura-Aras Rıver Basıns, Transboundary Rıvers of Türkiye, Accordıng to Some Bıotıc Indıces",2023,"Journal of Anatolian Environmental and Animal …","dergipark.org.tr","https://dergipark.org.tr/en/pub/jaes/article/1331904","",593,"2026-04-12 17:51:05","","","",,,,,,0,0.00,0,1,3,"This study aimed in the Kura-Aras river basin, which is the transbourdary system of Türkiye, to determine water quality by using some physicochemical parameters and …","https://dergipark.org.tr/en/download/article-file/3283400","https://scholar.google.com/scholar?q=related:ymswgRZ-qWgJ:scholar.google.com/&scioq=plecoptera%7Cstonefly%7Cstoneflies&hl=en&as_sdt=0,5&as_ylo=2023&as_yhi=2023"
0,"JF Shea, A Sniezek, J Marchant","Evidence that flatheaded mayflies (Heptageniidae) serve as the likely paratenic host for Chordodes morgani (Nematomorpha) in Nebraska",2023,"Invertebrate Biology","Wiley Online Library","https://onlinelibrary.wiley.com/doi/abs/10.1111/ivb.12406","",297,"2026-04-12 17:51:05","","10.1111/ivb.12406","",,,,,,0,0.00,0,3,3,"… of two species of stoneflies and found that over half of them were infected with gordioid cysts, and identical cysts were also found in the nymph stage of one of these stoneflies, a mayfly, …","https://www.researchgate.net/profile/John-Shea-7/publication/371233835_Evidence_that_flatheaded_mayflies_Heptageniidae_serve_as_the_likely_paratenic_host_for_Chordodes_morgani_Nematomorpha_in_Nebraska/links/677d95b279d6d00f5f5b5684/Evidence-that-flatheaded-mayflies-Heptageniidae-serve-as-the-likely-paratenic-host-for-Chordodes-morgani-Nematomorpha-in-Nebraska.pdf","https://scholar.google.com/scholar?q=related:FRq2-BjR9HkJ:scholar.google.com/&scioq=plecoptera%7Cstonefly%7Cstoneflies&hl=en&as_sdt=0,5&as_ylo=2023&as_yhi=2023"
9,"S Macháček, M Tupec, N Horáček…","Evolution of linoleic acid biosynthesis paved the way for ecological success of termites",2023,"Molecular Biology …","academic.oup.com","https://academic.oup.com/mbe/article-abstract/40/4/msad087/7116159","https://scholar.google.com/scholar?cites=15179986392451496345&as_sdt=2005&sciodt=0,5&hl=en",792,"2026-04-12 17:51:05","","","",,,,,,9,3.00,2,4,3,"Termites are dominant animals of tropical terrestrial ecosystems. Their success is due to their eusocial organization as well as their ability to digest dead plant tissues. While being …","https://academic.oup.com/mbe/article-pdf/40/4/msad087/50114947/msad087.pdf","https://scholar.google.com/scholar?q=related:mblVaTIlqtIJ:scholar.google.com/&scioq=plecoptera%7Cstonefly%7Cstoneflies&hl=en&as_sdt=0,5&as_ylo=2023&as_yhi=2023"
36,"V Smykal, D Dolezel","Evolution of proteins involved in the final steps of juvenile hormone synthesis",2023,"Journal of Insect Physiology","Elsevier","https://www.sciencedirect.com/science/article/pii/S0022191023000136","https://scholar.google.com/scholar?cites=617906865381977599&as_sdt=2005&sciodt=0,5&hl=en",864,"2026-04-12 17:51:05","HTML","","",,,,,,36,12.00,18,2,3,"Juvenile hormone (JH), a sesquiterpenoid produced by the insect corpus allatum gland (CA), is a key regulator of insect metamorphosis, reproduction, caste differentiation, and …","https://www.sciencedirect.com/science/article/pii/S0022191023000136","https://scholar.google.com/scholar?q=related:_y1eLwU_kwgJ:scholar.google.com/&scioq=plecoptera%7Cstonefly%7Cstoneflies&hl=en&as_sdt=0,5&as_ylo=2023&as_yhi=2023"
0,"GC Kroos","Exploring candidate genes for wing polymorphism and evidence for anthropogenic evolution in a native stonefly",2023,"","ourarchive.otago.ac.nz","https://ourarchive.otago.ac.nz/esploro/outputs/graduate/Exploring-candidate-genes-for-wing-polymorphism/9926478408401891","",66,"2026-04-12 17:51:05","","","",,,,,,0,0.00,0,1,3,"… Low-lying tributaries of the Clutha River host populations of Zelandoperla fenestrata, a widespread native stonefly that naturally displays wing polymorphism driven by the …","https://ourarchive.otago.ac.nz/esploro/fulltext/graduate/Exploring-candidate-genes-for-wing-polymorphism/9926478408401891?repId=12396485300001891&mId=13397150510001891&institution=64OTAGO_INST","https://scholar.google.com/scholar?q=related:lF8l9mvggiYJ:scholar.google.com/&scioq=plecoptera%7Cstonefly%7Cstoneflies&hl=en&as_sdt=0,5&as_ylo=2023&as_yhi=2023"
8,"MV Brasseur, J Martini, O Wilfling, R Wüthrich…","Exploring macroinvertebrate biodiversity in the dynamic southern Balkan stream network of the Vjosa using preservative-based DNA metabarcoding",2023,"Aquatic Sciences","Springer","https://link.springer.com/article/10.1007/s00027-023-00948-w","https://scholar.google.com/scholar?cites=3077201888412091342&as_sdt=2005&sciodt=0,5&hl=en",395,"2026-04-12 17:51:05","HTML","10.1007/s00027-023-00948-w","",,,,,,8,2.67,2,5,3,"Reliable biodiversity data are crucial for environmental research and management. Unfortunately, data paucity prevails for many regions and organismal groups such as aquatic …","https://link.springer.com/article/10.1007/s00027-023-00948-w","https://scholar.google.com/scholar?q=related:zsP2VNBqtCoJ:scholar.google.com/&scioq=plecoptera%7Cstonefly%7Cstoneflies&hl=en&as_sdt=0,5&as_ylo=2023&as_yhi=2023"
1,"A S'Khifa, A Pereira, MA Samlali, T Slimani…","Exploring the dietary niche of Atlantolacerta andreanskyi (Lacertidae) using DNA metabarcoding",2023,"…","herpetozoa.pensoft.net","https://herpetozoa.pensoft.net/article_preview.php?id=103198&skip_redirect=1&","https://scholar.google.com/scholar?cites=5812808604503338546&as_sdt=2005&sciodt=0,5&hl=en",415,"2026-04-12 17:51:05","HTML","","",,,,,,1,0.33,0,5,3,"Determining the dietary niche is an essential part of any conservation strategy, and for modeling the community responses to climate change. DNA metabarcoding methods are …","https://herpetozoa.pensoft.net/article_preview.php?id=103198&skip_redirect=1&","https://scholar.google.com/scholar?q=related:Mm7B0qA-q1AJ:scholar.google.com/&scioq=plecoptera%7Cstonefly%7Cstoneflies&hl=en&as_sdt=0,5&as_ylo=2023&as_yhi=2023"
4,"H Kalita, K Das","Exploring the Ecological Role of Insects in Biodiversity and Ecosystems",2023,"Biodivers. Conserv.","researchgate.net","https://www.researchgate.net/profile/Hia-Kalita/publication/373101994_Exploring_the_Ecological_Role_of_Insects_in_Biodiversity_and_Ecosystems/links/64d8f5c5ad846e28828d24bb/Exploring-the-Ecological-Role-of-Insects-in-Biodiversity-and-Ecosystems.pdf","https://scholar.google.com/scholar?cites=2426325011053352919&as_sdt=2005&sciodt=0,5&hl=en",927,"2026-04-12 17:51:05","PDF","","",,,,,,4,1.33,2,2,3,"Insects are a diverse and abundant group of organisms that play a crucial role in shaping the Earth's biodiversity and functioning of ecosystems. This immense insect diversity …","https://www.researchgate.net/profile/Hia-Kalita/publication/373101994_Exploring_the_Ecological_Role_of_Insects_in_Biodiversity_and_Ecosystems/links/64d8f5c5ad846e28828d24bb/Exploring-the-Ecological-Role-of-Insects-in-Biodiversity-and-Ecosystems.pdf","https://scholar.google.com/scholar?q=related:1xd7Cb4JrCEJ:scholar.google.com/&scioq=plecoptera%7Cstonefly%7Cstoneflies&hl=en&as_sdt=0,5&as_ylo=2023&as_yhi=2023"
9,"YM Mohammed, KM Adamu, BU Ibrahim…","Exploring the Impact of Human Activities on Water Quality Characteristics of a Rural River in North-Central Nigeria using Macro invertebrates Structural Assemblage",2023,"West African Journal …","journal.wajls.com","https://journal.wajls.com/index.php/home/article/view/31","https://scholar.google.com/scholar?cites=5246566848982260239&as_sdt=2005&sciodt=0,5&hl=en",483,"2026-04-12 17:51:05","","","",,,,,,9,3.00,2,4,3,"… In Wanzum River pollution sensitive group such as Ephemeroptera, Trichopterans and Plecoptera were underrepresented by just few taxa. The low abundance of this groups in all the …","https://journal.wajls.com/index.php/home/article/download/31/18","https://scholar.google.com/scholar?q=related:D5rta8CMz0gJ:scholar.google.com/&scioq=plecoptera%7Cstonefly%7Cstoneflies&hl=en&as_sdt=0,5&as_ylo=2023&as_yhi=2023"
16,"JS Dietrich, EAR Welti, P Haase","Extreme climatic events alter the aquatic insect community in a pristine German stream",2023,"Climatic Change","Springer","https://link.springer.com/article/10.1007/s10584-023-03546-9","https://scholar.google.com/scholar?cites=10563099903397471706&as_sdt=2005&sciodt=0,5&hl=en",208,"2026-04-12 17:51:05","HTML","10.1007/s10584-023-03546-9","",,,,,,16,5.33,5,3,3,"… In this study, we examined the effects of ECEs on an aquatic insect community (Ephemeroptera, Trichoptera, Plecoptera: EPT). We quantified the responses of emerging EPT abundance…","https://link.springer.com/article/10.1007/s10584-023-03546-9","https://scholar.google.com/scholar?q=related:2iX4fGWrl5IJ:scholar.google.com/&scioq=plecoptera%7Cstonefly%7Cstoneflies&hl=en&as_sdt=0,5&as_ylo=2023&as_yhi=2023"
41,"G Xue, H Zhu, S Xu, W Dong","Fatigue performance and fatigue equation of crumb rubber concrete under freeze–thaw cycles",2023,"International Journal of Fatigue","Elsevier","https://www.sciencedirect.com/science/article/pii/S014211232200706X","https://scholar.google.com/scholar?cites=15409546313751317942&as_sdt=2005&sciodt=0,5&hl=en",890,"2026-04-12 17:51:05","","","",,,,,,41,13.67,10,4,3,"To prepare crumb rubber concrete (CRC) by grinding rubber particles is one of the most efficient ways to recycle waste tires. In cold regions, the concrete is simultaneously subjected to …","","https://scholar.google.com/scholar?q=related:ts0Tpbq02dUJ:scholar.google.com/&scioq=plecoptera%7Cstonefly%7Cstoneflies&hl=en&as_sdt=0,5&as_ylo=2023&as_yhi=2023"
0,"M Bishoff","Fattigia 1. avi= Insecta: Trichoptera: Fattigia pele larval response to a stonefly predator",2023,"","open.clemson.edu","https://open.clemson.edu/bio_pubs/124/","",153,"2026-04-12 17:51:05","CITATION","","",,,,,,0,0.00,0,1,3,"… Fattigia 1.avi = Insecta: Trichoptera: Fattigia pele larval response to a stonefly predator … Bishoff, MJ (2023a) ""Fattigia 1.avi = Insecta: Trichoptera: Fattigia pele larval response to a …","","https://scholar.google.com/scholar?q=related:bcwUz0TwkCEJ:scholar.google.com/&scioq=plecoptera%7Cstonefly%7Cstoneflies&hl=en&as_sdt=0,5&as_ylo=2023&as_yhi=2023"
2,"B MJ","Fattigia 1. avi= Insecta: Trichoptera: Fattigia pele larval response to a stonefly predator. Publications 124",2023,"","","","https://scholar.google.com/scholar?cites=1171856235456188447&as_sdt=2005&sciodt=0,5&hl=en",139,"2026-04-12 17:51:05","CITATION","","",,,,,,2,0.67,2,1,3,"","","https://scholar.google.com/scholar?q=related:H1AxkglFQxAJ:scholar.google.com/&scioq=plecoptera%7Cstonefly%7Cstoneflies&hl=en&as_sdt=0,5&as_ylo=2023&as_yhi=2023"
0,"M Bishoff","Fattigia 2. mp4= Insecta: Trichoptera: Fattigia pele larval response to a stonefly predator",2023,"","open.clemson.edu","https://open.clemson.edu/bio_pubs/123/","",152,"2026-04-12 17:51:05","CITATION","","",,,,,,0,0.00,0,1,3,"… Fattigia 2.mp4 = Insecta: Trichoptera: Fattigia pele larval response to a stonefly predator … Bishoff, MJ (2023b) Fattigia 2.mp4 = Insecta: Trichoptera: Fattigia pele larval response to a …","","https://scholar.google.com/scholar?q=related:JQTW5H1Ip9oJ:scholar.google.com/&scioq=plecoptera%7Cstonefly%7Cstoneflies&hl=en&as_sdt=0,5&as_ylo=2023&as_yhi=2023"
2,"B MJ","Fattigia 2. mp4= Insecta: Trichoptera: Fattigia pele larval response to a stonefly predator. Publications 123",2023,"","","","https://scholar.google.com/scholar?cites=11416262532373874385&as_sdt=2005&sciodt=0,5&hl=en",130,"2026-04-12 17:51:05","CITATION","","",,,,,,2,0.67,2,1,3,"","","https://scholar.google.com/scholar?q=related:0Qa_iEm2bp4J:scholar.google.com/&scioq=plecoptera%7Cstonefly%7Cstoneflies&hl=en&as_sdt=0,5&as_ylo=2023&as_yhi=2023"
7,"DCP Lau, RB Brua, W Goedkoop, JM Culp","Fatty-acid based assessment of benthic food-web responses to multiple stressors in a large river system",2023,"Environmental Pollution","Elsevier","https://www.sciencedirect.com/science/article/pii/S0269749123016007","https://scholar.google.com/scholar?cites=9794719154269485075&as_sdt=2005&sciodt=0,5&hl=en",277,"2026-04-12 17:51:05","HTML","","",,,,,,7,2.33,2,4,3,"Rivers are often exposed to multiple stressors, such as nutrients and contaminants, whose impacts on the river food webs may not be distinguished by sole assessment of biological …","https://www.sciencedirect.com/science/article/pii/S0269749123016007","https://scholar.google.com/scholar?q=related:E3jyGC3V7YcJ:scholar.google.com/&scioq=plecoptera%7Cstonefly%7Cstoneflies&hl=en&as_sdt=0,5&as_ylo=2023&as_yhi=2023"
0,"TS Krajneva, NN Pan'Kov","FAUNA AND BENTHIC COMMUNITIES OF INVERTEBRATES OF THE SPRINGS AND STREAMS WITHIN THE AITUAR STEPPE (ORENBURG STATE …",2023,"Вестник Пермского университета …","cyberleninka.ru","https://cyberleninka.ru/article/n/fauna-and-benthic-communities-of-invertebrates-of-the-springs-and-streams-within-the-aituar-steppe-orenburg-state-nature-reserve","",161,"2026-04-12 17:51:05","HTML","","",,,,,,0,0.00,0,2,3,"… Along with them, mayflies and stoneflies significantly … Stoneflies A. borealis were found there among other invertebrates… dominated by stoneflies N. flexuosa and A. borealis, mayflies E. …","https://cyberleninka.ru/article/n/fauna-and-benthic-communities-of-invertebrates-of-the-springs-and-streams-within-the-aituar-steppe-orenburg-state-nature-reserve","https://scholar.google.com/scholar?q=related:8LJkoPRsxvIJ:scholar.google.com/&scioq=plecoptera%7Cstonefly%7Cstoneflies&hl=en&as_sdt=0,5&as_ylo=2023&as_yhi=2023"
0,"TL Modesto, UP Souza","Fauna de Macroinvertebrados Aquáticos em um Riacho de Mata Atlântica na Serra do Mar, Praia Grande, SP",2023,"Anais do Encontro Nacional de Pós …","periodicos.unisanta.br","https://periodicos.unisanta.br/ENPG/article/view/2008","",352,"2026-04-12 17:51:05","","","",,,,,,0,0.00,0,2,3,"A fauna de macroinvertebrados aquáticos no riacho Guariúma, situado no Parque Estadual da Serra do Mar, base Guariúma, município de Praia Grande, foi inventariada. As coletas …","https://periodicos.unisanta.br/ENPG/article/download/2008/2001","https://scholar.google.com/scholar?q=related:3Jk0HeF8Ku0J:scholar.google.com/&scioq=plecoptera%7Cstonefly%7Cstoneflies&hl=en&as_sdt=0,5&as_ylo=2023&as_yhi=2023"
22,"W Huang, C Zhang, T Zhang, Y Xu, S Xu, L Tian…","Features and evolution of control regions in leafroller moths (Lepidoptera: Tortricidae) inferred from mitochondrial genomes and phylogeny",2023,"International Journal of …","Elsevier","https://www.sciencedirect.com/science/article/pii/S014181302300822X","https://scholar.google.com/scholar?cites=3407955046763623606&as_sdt=2005&sciodt=0,5&hl=en",751,"2026-04-12 17:51:05","HTML","","",,,,,,22,7.33,3,7,3,"The control region (CR) of the mitochondrial genome (mitogenome) represents a major noncoding fragment with several special structural features that are thought to be responsible for …","https://www.sciencedirect.com/science/article/pii/S014181302300822X","https://scholar.google.com/scholar?q=related:tnTYFA99Sy8J:scholar.google.com/&scioq=plecoptera%7Cstonefly%7Cstoneflies&hl=en&as_sdt=0,5&as_ylo=2023&as_yhi=2023"
0,"LV Yanygina","Features of structural changes in communities of aquatic macroinvertebrates in low-mountain watercourses of Altai under the influence of residential areas",2023,"Ecosystem Transformation","cyberleninka.ru","https://cyberleninka.ru/article/n/features-of-structural-changes-in-communities-of-aquatic-macroinvertebrates-in-low-mountain-watercourses-of-altai-under-the","",582,"2026-04-12 17:51:05","HTML","","",,,,,,0,0.00,0,1,3,"… In total, 64 taxa of macroinvertebrates were found in the benthic communities of the studied rivers, including 27 species of mayflies, 20 species of caddisflies, and 17 species of stoneflies…","https://cyberleninka.ru/article/n/features-of-structural-changes-in-communities-of-aquatic-macroinvertebrates-in-low-mountain-watercourses-of-altai-under-the","https://scholar.google.com/scholar?q=related:zjqQl5aRdV0J:scholar.google.com/&scioq=plecoptera%7Cstonefly%7Cstoneflies&hl=en&as_sdt=0,5&as_ylo=2023&as_yhi=2023"
2,"HK Byeon","Feeding habits of Korean dark sleeper, Odontobutis interrupta in the Keumdang Cheon (Stream), Korea",2023,"Korean Journal of Environment and …","Korean Society of Environment and …","","https://scholar.google.com/scholar?cites=3481608401700745471&as_sdt=2005&sciodt=0,5&hl=en",281,"2026-04-12 17:51:05","CITATION","","",,,,,,2,0.67,2,1,3,"","","https://scholar.google.com/scholar?q=related:_3BjHmUoUTAJ:scholar.google.com/&scioq=plecoptera%7Cstonefly%7Cstoneflies&hl=en&as_sdt=0,5&as_ylo=2023&as_yhi=2023"
3,"K Ozaki, K Nishikawa","Feeding Habits of the Japanese Fire-belly Newt (Ampbihia: Urodela: Salamandridae) in Central Honshu, Japan",2023,"Current Herpetology","jstage.jst.go.jp","https://www.jstage.jst.go.jp/article/hsj/42/2/42_22-017/_article/-char/ja/","https://scholar.google.com/scholar?cites=12385056354442990530&as_sdt=2005&sciodt=0,5&hl=en",168,"2026-04-12 17:51:05","","10.5358/hsj.42.162","",,,,,,3,1.00,2,2,3,"… not differ significantly between the sexes except for stoneflies (Plecoptera) (Fisher’s exact … , stoneflies’ P value= 0.0013<0.05/27). In June 2020, males ate many more stoneflies than …","https://bioone.org/journals/current-herpetology/volume-42/issue-2/hsj.42.162/Feeding-Habits-of-the-Japanese-Fire-belly-Newt-Ampbihia/10.5358/hsj.42.162.pdf","https://scholar.google.com/scholar?q=related:wtPEsSKP4KsJ:scholar.google.com/&scioq=plecoptera%7Cstonefly%7Cstoneflies&hl=en&as_sdt=0,5&as_ylo=2023&as_yhi=2023"
10,"JL Brubacher","Female germline cysts in animals: Evolution and function",2023,"Syncytia: Origin, Structure, and Functions","Springer","https://link.springer.com/chapter/10.1007/978-3-031-37936-9_2","https://scholar.google.com/scholar?cites=7624027149953715878&as_sdt=2005&sciodt=0,5&hl=en",608,"2026-04-12 17:51:05","","10.1007/978-3-031-37936-9_2","",,,,,,10,3.33,10,1,3,"… The stoneflies (Plecoptera) produce branched cysts that … As with the dermapteran cysts then, those of the stoneflies are distinctive … orders, as the Plecoptera are a sister to that clade. …","","https://scholar.google.com/scholar?q=related:ps7sjkz8zWkJ:scholar.google.com/&scioq=plecoptera%7Cstonefly%7Cstoneflies&hl=en&as_sdt=0,5&as_ylo=2023&as_yhi=2023"
2,"R Yang, X Gan, L Liu, L Sun, J Yuan","Field measurement and analysis on the mechanical response of asphalt pavement using large-particle-size crushed stone base treated with fly ash and slag …",2023,"Materials","mdpi.com","https://www.mdpi.com/1996-1944/16/23/7277","https://scholar.google.com/scholar?cites=14820958488681808010&as_sdt=2005&sciodt=0,5&hl=en",896,"2026-04-12 17:51:05","HTML","","",,,,,,2,0.67,0,5,3,"The mechanical response of asphalt pavement under vehicular loading is an essential reference for crack-resistant pavement design. However, limited research focuses on the …","https://www.mdpi.com/1996-1944/16/23/7277","https://scholar.google.com/scholar?q=related:ioCwfDifrs0J:scholar.google.com/&scioq=plecoptera%7Cstonefly%7Cstoneflies&hl=en&as_sdt=0,5&as_ylo=2023&as_yhi=2023"
4,"GR Desidério, L Moreno, BL Carvalho…","Filling distribution gaps and honoring great taxonomist mentors: three new species of the microcaddisfly Ochrotrichia Mosely, 1934 (Trichoptera …",2023,"Revista Brasileira de …","SciELO Brasil","https://www.scielo.br/j/rbent/a/WcFmnWq53PHdsHWyqVvgqYf/?lang=en","https://scholar.google.com/scholar?cites=8056266337971250969&as_sdt=2005&sciodt=0,5&hl=en",370,"2026-04-12 17:51:05","HTML","","",,,,,,4,1.33,1,4,3,"… Claudio Gilberto Froehlich (Universidade de São Paulo, Brazil) in recognition of his contributions to the study of the Neotropical aquatic insects, especially stoneflies (Plecoptera). …","https://www.scielo.br/j/rbent/a/WcFmnWq53PHdsHWyqVvgqYf/?lang=en","https://scholar.google.com/scholar?q=related:Gae26oybzW8J:scholar.google.com/&scioq=plecoptera%7Cstonefly%7Cstoneflies&hl=en&as_sdt=0,5&as_ylo=2023&as_yhi=2023"
1,"R Matallah, K Rabhi, M Boumaaza…","First checklist of benthic macroinvertebrate communities from Chrea National Park, Blida province, Northern Algeria",2023,"Ukrainian Journal of …","cyberleninka.ru","https://cyberleninka.ru/article/n/first-checklist-of-benthic-macroinvertebrate-communities-from-chrea-national-park-blida-province-northern-algeria","https://scholar.google.com/scholar?cites=58560700816056459&as_sdt=2005&sciodt=0,5&hl=en",537,"2026-04-12 17:51:05","HTML","","",,,,,,1,0.33,0,4,3,"Aquatic macroinvertebrates are an important component of biodiversity in stream Ecosystems. Conserving and enhancing freshwater biodiversity is important for maintaining ecosystem …","https://cyberleninka.ru/article/n/first-checklist-of-benthic-macroinvertebrate-communities-from-chrea-national-park-blida-province-northern-algeria","https://scholar.google.com/scholar?q=related:i2DwqaUM0AAJ:scholar.google.com/&scioq=plecoptera%7Cstonefly%7Cstoneflies&hl=en&as_sdt=0,5&as_ylo=2023&as_yhi=2023"
2,"S Casali, M Pagliarani, M Cofani, F Cianferoni…","First data on the consumed prey by Speleomantes italicus from the Republic of San Marino",2023,"Acta …","oaj.fupress.net","https://oaj.fupress.net/index.php/ah/article/view/14748","https://scholar.google.com/scholar?cites=1085096997604265738&as_sdt=2005&sciodt=0,5&hl=en",769,"2026-04-12 17:51:05","","","",,,,,,2,0.67,0,5,3,"We here present the first study on the consumed prey by an epigean population of the Italian cave salamander (Speleomantes italicus) from the Republic of San Marino. Using the …","https://oaj.fupress.net/index.php/ah/article/download/14748/12417","https://scholar.google.com/scholar?q=related:Co8LYfgJDw8J:scholar.google.com/&scioq=plecoptera%7Cstonefly%7Cstoneflies&hl=en&as_sdt=0,5&as_ylo=2023&as_yhi=2023"
1,"ZT Chen","First fossil record of Brachyptera (Plecoptera: Taeniopterygidae) in Eocene Baltic amber",2023,"Palaeoworld","Elsevier","https://www.sciencedirect.com/science/article/pii/S1871174X22000427","https://scholar.google.com/scholar?cites=15836711226010858289&as_sdt=2005&sciodt=0,5&hl=en",58,"2026-04-12 17:51:05","","","",,,,,,1,0.33,1,1,3,"… The new stonefly B. dewalti is assigned to the family Taeniopterygidae due to the presence of three tarsal segments equal in length (Stewart and Stark, 2008, Teslenko and Zhiltzova, …","","https://scholar.google.com/scholar?q=related:MXPRHPRMx9sJ:scholar.google.com/&scioq=plecoptera%7Cstonefly%7Cstoneflies&hl=en&as_sdt=0,5&as_ylo=2023&as_yhi=2023"
0,"R Kudoh, K Nishikawa","First record of anurophagy by the Wrinkled Frog, Glandirana rugosa (Anura: Ranidae)",2023,"Herpetology Notes","biotaxa.org","https://www.biotaxa.org/hn/article/view/77120/77732","",590,"2026-04-12 17:51:05","PDF","","",,,,,,0,0.00,0,2,3,"… 4.2 mm), a juvenile stonefly (SVL ca. 10.6 mm) from the Perlodidae family … (B) Ground-beetle (a: Bembidion chloreum), juvenile stonefly (b: Megarcys), and ants (c: Camponotus …","https://www.biotaxa.org/hn/article/view/77120/77732","https://scholar.google.com/scholar?q=related:2TXpG_ARE-8J:scholar.google.com/&scioq=plecoptera%7Cstonefly%7Cstoneflies&hl=en&as_sdt=0,5&as_ylo=2023&as_yhi=2023"
15,"A Nishimura, K Takayama","First record of potential bird pollination in the holoparasitic genus Orobanche L.",2023,"Plant Species Biology","Wiley Online Library","https://esj-journals.onlinelibrary.wiley.com/doi/abs/10.1111/1442-1984.12389","https://scholar.google.com/scholar?cites=798018929530830754&as_sdt=2005&sciodt=0,5&hl=en",508,"2026-04-12 17:51:05","","10.1111/1442-1984.12389","",,,,,,15,5.00,8,2,3,"Pollinators play an important role in the reproduction of zoophilous plants. A shift in pollinators has often been observed for oceanic island plants, probably because of the differences in …","","https://scholar.google.com/scholar?q=related:ov-4Av0hEwsJ:scholar.google.com/&scioq=plecoptera%7Cstonefly%7Cstoneflies&hl=en&as_sdt=0,5&as_ylo=2023&as_yhi=2023"
2,"LR Virgilio, HPS De Melo, F da Silva Lima…","Fish endoparasite metacommunity in environments with different degrees of conservation in the western Brazilian Amazon",2023,"Parasitology …","Springer","https://link.springer.com/article/10.1007/s00436-023-08013-z","https://scholar.google.com/scholar?cites=3775183284771863091&as_sdt=2005&sciodt=0,5&hl=en",658,"2026-04-12 17:51:05","HTML","10.1007/s00436-023-08013-z","",,,,,,2,0.67,1,4,3,"Parasite communities correspond to the definition of metacommunity, as species interact and disperse within hosts. The present study evaluated parasite metacommunities in a tropical …","https://link.springer.com/article/10.1007/s00436-023-08013-z","https://scholar.google.com/scholar?q=related:M7rRGjIlZDQJ:scholar.google.com/&scioq=plecoptera%7Cstonefly%7Cstoneflies&hl=en&as_sdt=0,5&as_ylo=2023&as_yhi=2023"
6,"YE Anteneh, SW Mamo, MA Tilahun","Fisheries in Lake Tinishu Abaya (Ethiopia) could be managed using dietary nature of Nile tilapia (Oreochromis niloticus L. 1757)",2023,"Fisheries and Aquatic Sciences","e-fas.org","https://www.e-fas.org/archive/view_article?doi=10.47853/FAS.2023.e42","https://scholar.google.com/scholar?cites=6995128672788093842&as_sdt=2005&sciodt=0,5&hl=en",436,"2026-04-12 17:51:05","HTML","10.47853/FAS.2023.e42","",,,,,,6,2.00,2,3,3,"Lake Tinisu Abaya is home to some fish species. The lake’s native fish species include Barbus and Tilapia zilli. Tilapia fish (Oreochromis niloticus L.) were stocked in Lake Tinishu …","https://www.e-fas.org/archive/view_article?doi=10.47853/FAS.2023.e42","https://scholar.google.com/scholar?q=related:khuvU3ewE2EJ:scholar.google.com/&scioq=plecoptera%7Cstonefly%7Cstoneflies&hl=en&as_sdt=0,5&as_ylo=2023&as_yhi=2023"
0,"IV Region","FISHERIES REPORT: Warmwater Streams and Rivers",,"Fisheries","digitalcommons.memphis.edu","https://digitalcommons.memphis.edu/cgi/viewcontent.cgi?article=1007&context=govpubs-tn-wra-region-iv-stream-reports","",711,"2026-04-12 17:51:05","PDF","","",,,,,,0,0.00,0,1,,"… data collected for the 2015 surveys were subjected to a biotic index that rates stream condition based on the overall taxa tolerance values and the number of Ephemeroptera, Plecoptera…","https://digitalcommons.memphis.edu/cgi/viewcontent.cgi?article=1007&context=govpubs-tn-wra-region-iv-stream-reports","https://scholar.google.com/scholar?q=related:nqDJcQ5dEEMJ:scholar.google.com/&scioq=plecoptera%7Cstonefly%7Cstoneflies&hl=en&as_sdt=0,5&as_ylo=2023&as_yhi=2023"
0,"R Baird","Fishing Colorado: an angler's complete guide to more than 125 top fishing spots",2023,"","books.google.com","https://books.google.com/books?hl=en&lr=&id=4xi8EAAAQBAJ&oi=fnd&pg=PR3&dq=plecoptera%7Cstonefly%7Cstoneflies&ots=3g1Ja7RR9s&sig=k7LH3zHDpkWKvk8B3fxwxYQf3hQ","",922,"2026-04-12 17:51:05","BOOK","","",,,,,,0,0.00,0,1,3,"Updated and revised, this guide to the great angling state of Colorado features maps and detailed directions to the state's best fishing locations as well as information on the best times …","","https://scholar.google.com/scholar?q=related:3N7MSb4vS84J:scholar.google.com/&scioq=plecoptera%7Cstonefly%7Cstoneflies&hl=en&as_sdt=0,5&as_ylo=2023&as_yhi=2023"
15,"L Schülting, F Dossi, W Graf…","Flow amplitude or up‐ramping rate? Quantifying single and combined effects on macroinvertebrate drift during hydropeaking simulations, considering sensitive traits",2023,"River Research and …","Wiley Online Library","https://onlinelibrary.wiley.com/doi/abs/10.1002/rra.3963","https://scholar.google.com/scholar?cites=10806200202848669278&as_sdt=2005&sciodt=0,5&hl=en",475,"2026-04-12 17:51:05","","10.1002/rra.3963","",,,,,,15,5.00,4,4,3,"… Ephemeroptera, Plecoptera, and Trichoptera were identified to the lowest possible level. Most other groups were identified to family level. The different systematic units were then …","https://onlinelibrary.wiley.com/doi/pdf/10.1002/rra.3963","https://scholar.google.com/scholar?q=related:Xo6MrtRV95UJ:scholar.google.com/&scioq=plecoptera%7Cstonefly%7Cstoneflies&hl=en&as_sdt=0,5&as_ylo=2023&as_yhi=2023"
18,"P Sroka, RJ Godunko, J Prokop","Fluctuation in the diversity of mayflies (Insecta, Ephemerida) as documented in the fossil record",2023,"Scientific Reports","nature.com","https://www.nature.com/articles/s41598-023-42571-7","https://scholar.google.com/scholar?cites=7303190868506018484&as_sdt=2005&sciodt=0,5&hl=en",181,"2026-04-12 17:51:05","HTML","","",,,,,,18,6.00,6,3,3,"… for stoneflies (Plecoptera) 16 . Mayflies represent a group with a similar ecology to stoneflies, … of mayflies followed a similar scenario as in stoneflies, or if differences in ecology caused a …","https://www.nature.com/articles/s41598-023-42571-7","https://scholar.google.com/scholar?q=related:tIItpGYlWmUJ:scholar.google.com/&scioq=plecoptera%7Cstonefly%7Cstoneflies&hl=en&as_sdt=0,5&as_ylo=2023&as_yhi=2023"
53,"D Enns, S Cunze, NJ Baker, J Oehlmann, J Jourdan","Flushing away the future: the effects of wastewater treatment plants on aquatic invertebrates",2023,"Water Research","Elsevier","https://www.sciencedirect.com/science/article/pii/S0043135423008242","https://scholar.google.com/scholar?cites=1860501346115734019&as_sdt=2005&sciodt=0,5&hl=en",282,"2026-04-12 17:51:05","","","",,,,,,53,17.67,11,5,3,"Wastewater treatment plants (WWTP) are essential infrastructure in our developing world. However, with the development and release of novel entities and without modern upgrades, …","","https://scholar.google.com/scholar?q=related:A0pd7x3U0RkJ:scholar.google.com/&scioq=plecoptera%7Cstonefly%7Cstoneflies&hl=en&as_sdt=0,5&as_ylo=2023&as_yhi=2023"
5,"S Tripathi, A Gopesh, AC Dwivedi","Food and feeding habit of commercially important catfish, Clupisoma garua (Hamilton, 1822) from the middle stretch of subtropical the Ganga river, India",2023,"Journal of Nehru Gram …","researchgate.net","https://www.researchgate.net/profile/Sarita-Tripathi-4/publication/380970839_Food_and_feeding_habit_of_commercially_important_catfish_Clupisoma_garua_Hamilton_1822_from_the_middle_stretch_of_subtropical_the_Ganga_river_India/links/6657667b22a7f16b4f56093b/Food-and-feeding-habit-of-commercially-important-catfish-Clupisoma-garua-Hamilton-1822-from-the-middle-stretch-of-subtropical-the-Ganga-river-India.pdf","https://scholar.google.com/scholar?cites=4553926825112702452&as_sdt=2005&sciodt=0,5&hl=en",749,"2026-04-12 17:51:05","PDF","","",,,,,,5,1.67,2,3,3,"Study on food and feeding biology of commercially important catfish, Clupisoma garua were performed between the periods from July 2014 to June 2016 from the middle stretch of the …","https://www.researchgate.net/profile/Sarita-Tripathi-4/publication/380970839_Food_and_feeding_habit_of_commercially_important_catfish_Clupisoma_garua_Hamilton_1822_from_the_middle_stretch_of_subtropical_the_Ganga_river_India/links/6657667b22a7f16b4f56093b/Food-and-feeding-habit-of-commercially-important-catfish-Clupisoma-garua-Hamilton-1822-from-the-middle-stretch-of-subtropical-the-Ganga-river-India.pdf","https://scholar.google.com/scholar?q=related:9A3311HMMj8J:scholar.google.com/&scioq=plecoptera%7Cstonefly%7Cstoneflies&hl=en&as_sdt=0,5&as_ylo=2023&as_yhi=2023"
1,"M Mingist, A Dessie, D Mequanent, D Aemro","Food and feeding habits of Labeobarbus intermedius in the recently built Ribb Reservoir, Northwest Ethiopia",2023,"Fisheries and Aquatic …","e-fas.org","https://www.e-fas.org/archive/view_article?doi=10.47853/FAS.2023.e41","https://scholar.google.com/scholar?cites=771040145431462188&as_sdt=2005&sciodt=0,5&hl=en",761,"2026-04-12 17:51:05","HTML","10.47853/FAS.2023.e41","",,,,,,1,0.33,0,4,3,"Food and feeding habits of Labeobarbus intermedius were studied from the newly constructed Ribb Reservoir, Ethiopia during the dry (December–March) season and wet season (June…","https://www.e-fas.org/archive/view_article?doi=10.47853/FAS.2023.e41","https://scholar.google.com/scholar?q=related:LAECWO1IswoJ:scholar.google.com/&scioq=plecoptera%7Cstonefly%7Cstoneflies&hl=en&as_sdt=0,5&as_ylo=2023&as_yhi=2023"
6,"M Teshome, M Mingist, E Dadebo, D Aemro","Food and feeding habits of the large cyprinid fishes in the upper Blue Nile River, Ethiopia",2023,"Fisheries and Aquatic …","e-fas.org","https://www.e-fas.org/archive/view_article?doi=10.47853/FAS.2023.e29","https://scholar.google.com/scholar?cites=4352906210364076261&as_sdt=2005&sciodt=0,5&hl=en",364,"2026-04-12 17:51:05","HTML","10.47853/FAS.2023.e29","",,,,,,6,2.00,2,4,3,"… Except for Plecoptera, all groups of insects were more important during the post-rainy months in volumetric contributions. Ephemeroptera was more important followed by Chironomid …","https://www.e-fas.org/archive/view_article?doi=10.47853/FAS.2023.e29","https://scholar.google.com/scholar?q=related:5bBXuSKhaDwJ:scholar.google.com/&scioq=plecoptera%7Cstonefly%7Cstoneflies&hl=en&as_sdt=0,5&as_ylo=2023&as_yhi=2023"
0,"S Assylbekova, L Kushnikova…","Food base and nutrition of endemic lenok (Brachymystax savinovi) in Lake Markakol and in the reservoir of the river Uidene",2023,"Aquaculture …","search.proquest.com","https://search.proquest.com/openview/938a6581de70daa3043f62d8278b5041/1?pq-origsite=gscholar&cbl=2046424","",611,"2026-04-12 17:51:05","","","",,,,,,0,0.00,0,3,3,"… of 2021-2022, 12 taxa of benthic invertebrates were noted in the composition of the macrozoobenthos of the reservoir on the river Uidene, including the larvae of mayflies, stoneflies, …","","https://scholar.google.com/scholar?q=related:LbfYbSZA8-kJ:scholar.google.com/&scioq=plecoptera%7Cstonefly%7Cstoneflies&hl=en&as_sdt=0,5&as_ylo=2023&as_yhi=2023"
2,"P Bonfá Neto, FF Salles, A Vilarino","Four New Caddisfly Species of Marilia Müller, 1880 (Trichoptera: Odontoceridae) from a Tailings Dam Disaster Area, Rio Doce basin, Brazil",2023,"Taxonomy","mdpi.com","https://www.mdpi.com/2673-6500/3/3/22","https://scholar.google.com/scholar?cites=13019125105798840915&as_sdt=2005&sciodt=0,5&hl=en",265,"2026-04-12 17:51:05","HTML","","",,,,,,2,0.67,1,3,3,"Marilia is the most diverse genus of the caddisfly family Odontoceridae, being distributed throughout the Oriental, Australasian and Neotropical regions. Herein, we describe four new …","https://www.mdpi.com/2673-6500/3/3/22","https://scholar.google.com/scholar?q=related:U4KCMU45rbQJ:scholar.google.com/&scioq=plecoptera%7Cstonefly%7Cstoneflies&hl=en&as_sdt=0,5&as_ylo=2023&as_yhi=2023"
6,"EG Martins, SJ Déry, DA Patterson","Fraser River Basin",2023,"Rivers of north America","Elsevier","https://www.sciencedirect.com/science/article/pii/B9780128188477000069","https://scholar.google.com/scholar?cites=6477052469231205824&as_sdt=2005&sciodt=0,5&hl=en",739,"2026-04-12 17:51:05","","","",,,,,,6,2.00,2,3,3,"The Fraser River, with its headwaters at Fraser Pass in the Rocky Mountains, flows across the Fraser Plateau through coastal mountain ranges to the Pacific Ocean. In this chapter, four …","","https://scholar.google.com/scholar?q=related:wL0XZOcc41kJ:scholar.google.com/&scioq=plecoptera%7Cstonefly%7Cstoneflies&hl=en&as_sdt=0,5&as_ylo=2023&as_yhi=2023"
2,"R Kędzior, E Dacewicz…","Freshwater biodiversity crisis: macroinvertebrates' response along the downstream gradient to receiving effluent from a wastewater treatment plant",2023,"Journal of …","bibliotekanauki.pl","https://bibliotekanauki.pl/articles/53639055.pdf","https://scholar.google.com/scholar?cites=977459789405694284&as_sdt=2005&sciodt=0,5&hl=en",714,"2026-04-12 17:51:05","PDF","","",,,,,,2,0.67,1,3,3,"… Moreover, no taxa of the orders Ephemeroptera, Plecoptera or Trichoptera were noted in the assemblages at the WTTP discharge site (%EPT = 0), but with the increasing distance from …","https://bibliotekanauki.pl/articles/53639055.pdf","https://scholar.google.com/scholar?q=related:TCnB6X-ikA0J:scholar.google.com/&scioq=plecoptera%7Cstonefly%7Cstoneflies&hl=en&as_sdt=0,5&as_ylo=2023&as_yhi=2023"
2,"AC Engman, AH Roy","Freshwater Biodiversity in Urban Ecosystems",2023,"Routledge Handbook of Urban Biodiversity","taylorfrancis.com","https://www.taylorfrancis.com/chapters/edit/10.4324/9781003016120-23/freshwater-biodiversity-urban-ecosystems-augustin-engman-allison-roy","https://scholar.google.com/scholar?cites=10964155654406096004&as_sdt=2005&sciodt=0,5&hl=en",576,"2026-04-12 17:51:05","","10.4324/9781003016120-23","",,,,,,2,0.67,1,2,3,"… Taxa in the sensitive orders Ephemeroptera (mayflies), Plecoptera (stoneflies), and Trichoptera (caddisflies) are rare in urban streams, although some families of mayflies (eg Baetidae) …","","https://scholar.google.com/scholar?q=related:hET3InqBKJgJ:scholar.google.com/&scioq=plecoptera%7Cstonefly%7Cstoneflies&hl=en&as_sdt=0,5&as_ylo=2023&as_yhi=2023"
10,"D Gutiérrez-Rial, BS González, DG Vázquez…","Freshwater biodiversity loss in urbanised rivers",2023,"Ecological …","Elsevier","https://www.sciencedirect.com/science/article/pii/S1470160X2301292X","https://scholar.google.com/scholar?cites=14942240823982591975&as_sdt=2005&sciodt=0,5&hl=en",243,"2026-04-12 17:51:05","HTML","","",,,,,,10,3.33,3,4,3,"Since the second half of the 20th century, when monitoring programmes were implemented as a measure to improve the water quality of rivers, numerous advantages have been …","https://www.sciencedirect.com/science/article/pii/S1470160X2301292X","https://scholar.google.com/scholar?q=related:54_SrdyAXc8J:scholar.google.com/&scioq=plecoptera%7Cstonefly%7Cstoneflies&hl=en&as_sdt=0,5&as_ylo=2023&as_yhi=2023"
0,"SK Cherchesova, MI Shapovalov…","Freshwater Fauna of Invertebrates of the Northern Slopes of the Central Caucasus",2023,"BIO Web of …","bio-conferences.org","https://www.bio-conferences.org/articles/bioconf/abs/2023/08/bioconf_ase2023_07011/bioconf_ase2023_07011.html","",128,"2026-04-12 17:51:05","","","",,,,,,0,0.00,0,3,3,"… It is shown that the best known groups are mayflies, stoneflies, odonates and caddisflies. … It is shown that the most studied groups are mayflies, stoneflies, dragonflies and caddisflies. …","https://www.bio-conferences.org/articles/bioconf/pdf/2023/08/bioconf_ase2023_07011.pdf","https://scholar.google.com/scholar?q=related:vuUkpgn0sdcJ:scholar.google.com/&scioq=plecoptera%7Cstonefly%7Cstoneflies&hl=en&as_sdt=0,5&as_ylo=2023&as_yhi=2023"
16,"IMC Ferzoco, KM Murray-Stoker, LS Hasan…","Freshwater insect communities in urban environments around the globe: a review of the state of the field",2023,"Frontiers in Ecology …","frontiersin.org","https://www.frontiersin.org/journals/ecology-and-evolution/articles/10.3389/fevo.2023.1174166/full","https://scholar.google.com/scholar?cites=2647379510636904332&as_sdt=2005&sciodt=0,5&hl=en",274,"2026-04-12 17:51:05","HTML","10.3389/fevo.2023.1174166","",,,,,,16,5.33,4,4,3,"… of Ephemeroptera, Plecoptera, and Trichoptera (EPT; mayflies, stoneflies, and caddisflies) was a … EPT metrics are restricted to lotic systems, as stoneflies typically do not occur in lentic …","https://www.frontiersin.org/journals/ecology-and-evolution/articles/10.3389/fevo.2023.1174166/full","https://scholar.google.com/scholar?q=related:jP8odaNhvSQJ:scholar.google.com/&scioq=plecoptera%7Cstonefly%7Cstoneflies&hl=en&as_sdt=0,5&as_ylo=2023&as_yhi=2023"
111,"G Kriska","Freshwater invertebrates in Central Europe: a field guide",2023,"","books.google.com","https://books.google.com/books?hl=en&lr=&id=pdakEAAAQBAJ&oi=fnd&pg=PP5&dq=plecoptera%7Cstonefly%7Cstoneflies&ots=fdA_1F7JWU&sig=Aam9JgCbmOjqF6UoQObModHWMfo","https://scholar.google.com/scholar?cites=1482655603038370845&as_sdt=2005&sciodt=0,5&hl=en",660,"2026-04-12 17:51:05","BOOK","","",,,,,,111,37.00,111,1,3,"This up-to-date guidebook on freshwater invertebrates of the central European region is a richly illustrated work, providing an excellent source of systematic information on freshwater …","","https://scholar.google.com/scholar?q=related:HTxYX2pzkxQJ:scholar.google.com/&scioq=plecoptera%7Cstonefly%7Cstoneflies&hl=en&as_sdt=0,5&as_ylo=2023&as_yhi=2023"
0,"HM Ghioto, MK Murdock…","FRESHWATER MACROINVERTEBRATE COMMUNITIES IN BALDWIN COUNTY, GEORGIA",2023,"Georgia Journal …","digitalcommons.gaacademy.org","https://digitalcommons.gaacademy.org/gjs/vol81/iss2/13/","",304,"2026-04-12 17:51:05","","","",,,,,,0,0.00,0,3,3,"Freshwater ecosystems are critical habitats for maintaining biodiversity, often providing refuge for organisms especially in urban settings. Baldwin County, GA is home to many …","https://digitalcommons.gaacademy.org/cgi/viewcontent.cgi?article=2596&context=gjs","https://scholar.google.com/scholar?q=related:4RwMUniI4KcJ:scholar.google.com/&scioq=plecoptera%7Cstonefly%7Cstoneflies&hl=en&as_sdt=0,5&as_ylo=2023&as_yhi=2023"
8,"I Peralta-Maraver, W Traunspurger…","Freshwater Meiofauna—A biota with different rules?",2023,"New horizons in …","Springer","https://link.springer.com/chapter/10.1007/978-3-031-21622-0_6","https://scholar.google.com/scholar?cites=12424388653408345468&as_sdt=2005&sciodt=0,5&hl=en",384,"2026-04-12 17:51:05","","10.1007/978-3-031-21622-0_6","",,,,,,8,2.67,3,3,3,"Great divergences arise when comparing the ecology of meiofauna in freshwater and marine ecosystems. Emphasizing the main differences between freshwater meiofauna and their …","https://epic.awi.de/id/eprint/58180/1/Giere_&_Schratzberger_2023_New_Horizons_in_Meiobenthos_Research_Profiles_Patterns_and_Potentials.pdf#page=161","https://scholar.google.com/scholar?q=related:fF3MLadLbKwJ:scholar.google.com/&scioq=plecoptera%7Cstonefly%7Cstoneflies&hl=en&as_sdt=0,5&as_ylo=2023&as_yhi=2023"
0,"U Dorji, K Wangchuk, S Moktan, U Tenzin","Freshwater Metacommunity Structure of Suchhu River, Haa District, Bhutan",2023,"Bhutan Journal of Natural …","bjnrd.org","https://www.bjnrd.org/index.php/bjnrd/article/view/124","",411,"2026-04-12 17:51:05","","","",,,,,,0,0.00,0,4,3,"… Together with caddisflies and stoneflies, they form the core trio of indices frequently employed in assessing the health of aquatic ecosystems. Their broad habitat range and high …","https://www.bjnrd.org/index.php/bjnrd/article/download/124/94","https://scholar.google.com/scholar?q=related:xcG9ezqaTygJ:scholar.google.com/&scioq=plecoptera%7Cstonefly%7Cstoneflies&hl=en&as_sdt=0,5&as_ylo=2023&as_yhi=2023"
72,"P Batz, T Will, S Thiel, TM Ziesche…","From identification to forecasting: the potential of image recognition and artificial intelligence for aphid pest monitoring",2023,"Frontiers in Plant …","frontiersin.org","https://www.frontiersin.org/journals/plant-science/articles/10.3389/fpls.2023.1150748/full","https://scholar.google.com/scholar?cites=16883981623043730605&as_sdt=2005&sciodt=0,5&hl=en",737,"2026-04-12 17:51:05","HTML","10.3389/fpls.2023.1150748","",,,,,,72,24.00,14,5,3,"… ), the second example involved nine species of Plecoptera larvae (3,845 images). For both … Oxythyrea data set and 98.6% on the Plecoptera data. The images of both datasets were …","https://www.frontiersin.org/journals/plant-science/articles/10.3389/fpls.2023.1150748/full","https://scholar.google.com/scholar?q=related:ray-u9TzT-oJ:scholar.google.com/&scioq=plecoptera%7Cstonefly%7Cstoneflies&hl=en&as_sdt=0,5&as_ylo=2023&as_yhi=2023"
51,"E Garcia‐Rosello, J Gonzalez‐Dacosta…","GBIF falls short of providing a representative picture of the global distribution of insects",2023,"Systematic …","Wiley Online Library","https://resjournals.onlinelibrary.wiley.com/doi/abs/10.1111/syen.12589","https://scholar.google.com/scholar?cites=11138371482082999679&as_sdt=2005&sciodt=0,5&hl=en",651,"2026-04-12 17:51:05","","10.1111/syen.12589","",,,,,,51,17.00,17,3,3,"The Global Biodiversity Information Facility (GBIF) is the largest databank on primary biodiversity data. We examined the completeness and geographical biases for all insect data on …","https://resjournals.onlinelibrary.wiley.com/doi/pdfdirect/10.1111/syen.12589","https://scholar.google.com/scholar?q=related:f_3lbdlxk5oJ:scholar.google.com/&scioq=plecoptera%7Cstonefly%7Cstoneflies&hl=en&as_sdt=0,5&as_ylo=2023&as_yhi=2023"
6,"B Cabrita, RG Martinho","Genetic and Epigenetic Regulation of Drosophila Oocyte Determination",2023,"Journal of Developmental Biology","mdpi.com","https://www.mdpi.com/2221-3759/11/2/21","https://scholar.google.com/scholar?cites=11369659746142713578&as_sdt=2005&sciodt=0,5&hl=en",664,"2026-04-12 17:51:05","HTML","","",,,,,,6,2.00,3,2,3,"Primary oocyte determination occurs in many organisms within a germ line cyst, a multicellular structure composed of interconnected germ cells. However, the structure of the cyst is …","https://www.mdpi.com/2221-3759/11/2/21","https://scholar.google.com/scholar?q=related:6vbk0UwlyZ0J:scholar.google.com/&scioq=plecoptera%7Cstonefly%7Cstoneflies&hl=en&as_sdt=0,5&as_ylo=2023&as_yhi=2023"
6,"J Olivares, M Siegwart, M Gautier, S Maugin…","Genetic basis of codling moth (Cydia pomonella) resistance to the original isolate of C. pomonella Granulovirus (CpGV-M)",2023,"Entomologia …","hal.science","https://hal.science/hal-04224150/","https://scholar.google.com/scholar?cites=6123970058374641443&as_sdt=2005&sciodt=0,5&hl=en",760,"2026-04-12 17:51:05","","","",,,,,,6,2.00,1,5,3,"… They were individually deposited in 96 microwell plates, each microwell containing approximately 150 µL of artificial diet (Stonefly diet Industries Ltd, Rochester, NY) and treated on the …","https://hal.science/hal-04224150v1/file/entomologia_Volume_43_Number_3_p649-658_Genetic_basis_of_codling_moth_Cydia_pomonella_resistance_to_the_original_isolate_of_C_pomonella_Granulovirus_CpGV_M_103134.pdf","https://scholar.google.com/scholar?q=related:I3eMaFK2_FQJ:scholar.google.com/&scioq=plecoptera%7Cstonefly%7Cstoneflies&hl=en&as_sdt=0,5&as_ylo=2023&as_yhi=2023"
0,"Š Hajšmanová","Genetická variabilita populací pošvatky Diura bicaudata (Plecoptera) z horských oblastí",2023,"","Jihočeská univerzita","","",105,"2026-04-12 17:51:05","CITATION","","",,,,,,0,0.00,0,1,3,"","","https://scholar.google.com/scholar?q=related:dJGN_Ctq1P8J:scholar.google.com/&scioq=plecoptera%7Cstonefly%7Cstoneflies&hl=en&as_sdt=0,5&as_ylo=2023&as_yhi=2023"
5,"JL Robinson","Genus-level macroinvertebrate methods limit the conservation coverage afforded aquatic species",2023,"Frontiers in Ecology and Evolution","frontiersin.org","https://www.frontiersin.org/journals/ecology-and-evolution/articles/10.3389/fevo.2023.1148516/full","https://scholar.google.com/scholar?cites=6286244135821273656&as_sdt=2005&sciodt=0,5&hl=en",459,"2026-04-12 17:51:05","HTML","10.3389/fevo.2023.1148516","",,,,,,5,1.67,5,1,3,"… Caddisflies (Trichoptera) have an average of 4.8 species per genus in this inventory, stoneflies (Plecoptera) have 3.2 species per genus, and mayflies (Ephemeroptera) have 2.9 …","https://www.frontiersin.org/journals/ecology-and-evolution/articles/10.3389/fevo.2023.1148516/full","https://scholar.google.com/scholar?q=related:OGoCT7w5PVcJ:scholar.google.com/&scioq=plecoptera%7Cstonefly%7Cstoneflies&hl=en&as_sdt=0,5&as_ylo=2023&as_yhi=2023"
7,"K Stefanidis, I Karaouzas, A Oikonomou, E Smeti…","Geodiversity as a potential indicator of stream health in ecological quality assessment systems",2023,"…","Wiley Online Library","https://onlinelibrary.wiley.com/doi/abs/10.1002/eco.2551","https://scholar.google.com/scholar?cites=16020921659600490699&as_sdt=2005&sciodt=0,5&hl=en",638,"2026-04-12 17:51:05","","10.1002/eco.2551","",,,,,,7,2.33,1,5,3,"Stream geodiversity is a novel concept that is used to describe the variety of geological, geomorphological and hydrological features at a reach‐scale level. In this study, we investigated …","https://onlinelibrary.wiley.com/doi/pdfdirect/10.1002/eco.2551","https://scholar.google.com/scholar?q=related:y1DZ7l2_Vd4J:scholar.google.com/&scioq=plecoptera%7Cstonefly%7Cstoneflies&hl=en&as_sdt=0,5&as_ylo=2023&as_yhi=2023"
4,"SU Pauls, W Graf…","Gill structure linked to ecological and species diversification in a clade of caddisflies",2023,"Arthropod …","arthropod-systematics.arphahub …","https://arthropod-systematics.arphahub.com/article/110014/download/pdf/","https://scholar.google.com/scholar?cites=6641789441495806391&as_sdt=2005&sciodt=0,5&hl=en",702,"2026-04-12 17:51:05","PDF","","",,,,,,4,1.33,1,3,3,"… organisms with high oxygen demand, eg stoneflies, or salmonids, because increased water … In contrast to salmonids or stoneflies, caddisflies have evolved to occupy virtually all types …","https://arthropod-systematics.arphahub.com/article/110014/download/pdf/","https://scholar.google.com/scholar?q=related:tzFMrU5gLFwJ:scholar.google.com/&scioq=plecoptera%7Cstonefly%7Cstoneflies&hl=en&as_sdt=0,5&as_ylo=2023&as_yhi=2023"
47,"MA Wilkes, JL Carrivick, E Castella, C Ilg…","Glacier retreat reorganizes river habitats leaving refugia for Alpine invertebrate biodiversity poorly protected",2023,"Nature Ecology & …","nature.com","https://www.nature.com/articles/s41559-023-02061-5","https://scholar.google.com/scholar?cites=13316268941764255598&as_sdt=2005&sciodt=0,5&hl=en",349,"2026-04-12 17:51:05","","","",,,,,,47,15.67,9,5,3,"… steinboecki and Diamesa bertrami, the stonefly Rhabdiopteryx alpina, and the mayfly … such as stoneflies (for example, the endangered North American glacial stonefly Lednia tumana 29 …","https://eprints.whiterose.ac.uk/198271/3/AAM%20Wilkes_etal_Main%20text_final%2Bfigs.pdf","https://scholar.google.com/scholar?q=related:bt9sxwzkzLgJ:scholar.google.com/&scioq=plecoptera%7Cstonefly%7Cstoneflies&hl=en&as_sdt=0,5&as_ylo=2023&as_yhi=2023"
13,"JB Fellman, JR Bellmore, C Johnson…","Glacier runoff influences biogeochemistry and resource availability in coastal temperate rainforest streams: Implications for juvenile salmon growth",2023,"Limnology and …","Wiley Online Library","https://aslopubs.onlinelibrary.wiley.com/doi/abs/10.1002/lno.12251","https://scholar.google.com/scholar?cites=2083252884228831751&as_sdt=2005&sciodt=0,5&hl=en",452,"2026-04-12 17:51:05","","10.1002/lno.12251","",,,,,,13,4.33,3,4,3,"… The predominant taxa in the drift were also similar, with Plecoptera, Ephemeroptera, and … Seasonal patterns of Plecoptera and Ephemeroptera abundance were largely responsible …","https://scholarworks.alaska.edu/bitstream/handle/11122/13163/2022%20Fellman,%20Hood%202022%20_Limnology%20Oceanography_Glacier%20runoff%20influences%20biogeochemistry%20and%20resource%20availability%20in%20coastal.pdf?sequence=1","https://scholar.google.com/scholar?q=related:B3rE7XUz6RwJ:scholar.google.com/&scioq=plecoptera%7Cstonefly%7Cstoneflies&hl=en&as_sdt=0,5&as_ylo=2023&as_yhi=2023"
55,"S Vaz, S Manes, G Khattar, M Mendes, L Silveira…","Global meta-analysis of urbanization stressors on insect abundance, richness, and traits",2023,"Science of the Total …","Elsevier","https://www.sciencedirect.com/science/article/pii/S0048969723045928","https://scholar.google.com/scholar?cites=10375540004563470871&as_sdt=2005&sciodt=0,5&hl=en",228,"2026-04-12 17:51:05","","","",,,,,,55,18.33,9,6,3,"Anthropic stressors are among the greatest concerns in nature conservation. Among these, deforestation and urban expansion are major drivers of habitat loss, which is a major threat …","","https://scholar.google.com/scholar?q=related:F0rchKlS_Y8J:scholar.google.com/&scioq=plecoptera%7Cstonefly%7Cstoneflies&hl=en&as_sdt=0,5&as_ylo=2023&as_yhi=2023"
6,"JH Birrell, HA Woods","Going with the flow – how a stream insect, Pteronarcys californica, exploits local flows to increase oxygen availability",2023,"Journal of Experimental Biology","journals.biologists.com","https://journals.biologists.com/jeb/article-abstract/226/3/jeb244609/286914","https://scholar.google.com/scholar?cites=4083756337656849209&as_sdt=2005&sciodt=0,5&hl=en",294,"2026-04-12 17:51:05","","","",,,,,,6,2.00,3,2,3,"… In the lab, we then examined preferences of nymphs of the stonefly Pteronarcys californica to experimental gradients based on field-measured values. Temperature and oxygen level …","https://www.biorxiv.org/content/biorxiv/early/2022/06/09/2022.06.06.495063.full.pdf","https://scholar.google.com/scholar?q=related:OWNJn8BqrDgJ:scholar.google.com/&scioq=plecoptera%7Cstonefly%7Cstoneflies&hl=en&as_sdt=0,5&as_ylo=2023&as_yhi=2023"
26,"EO Akindele, TA Oladeji, ED Kowobari…","Gold mining impairs the biological water quality of a culturally important river and UNESCO World Heritage Site in Nigeria",2023,"Environmental …","Elsevier","https://www.sciencedirect.com/science/article/pii/S0269749123004724","https://scholar.google.com/scholar?cites=4330075072289176168&as_sdt=2005&sciodt=0,5&hl=en",206,"2026-04-12 17:51:05","","","",,,,,,26,8.67,7,4,3,"… The composition of the river's macroinvertebrate fauna suggests that it has been severely impacted because there was almost no stress-sensitive Ephemeroptera-Plecoptera-…","","https://scholar.google.com/scholar?q=related:aPqRJlaEFzwJ:scholar.google.com/&scioq=plecoptera%7Cstonefly%7Cstoneflies&hl=en&as_sdt=0,5&as_ylo=2023&as_yhi=2023"
28,"P Marmonier, DMP Galassi, K Korbel, M Close…","Groundwater biodiversity and constraints to biological distribution",2023,"… ecology and evolution","Elsevier","https://www.sciencedirect.com/science/article/pii/B9780128191194000032","https://scholar.google.com/scholar?cites=2383694404726943936&as_sdt=2005&sciodt=0,5&hl=en",368,"2026-04-12 17:51:05","","","",,,,,,28,9.33,6,5,3,"Groundwater hosts a high diversity of living forms including viruses, prokaryotes (bacteria and archaea), microeukaryotes (fungi and protozoans), and metazoans, along with …","","https://scholar.google.com/scholar?q=related:wPDVhm6VFCEJ:scholar.google.com/&scioq=plecoptera%7Cstonefly%7Cstoneflies&hl=en&as_sdt=0,5&as_ylo=2023&as_yhi=2023"
3,"RE Stuart, T Ingram, GP Closs","Growth and diet of inanga (Galaxias maculatus) within a small New Zealand coastal pond system",2023,"New Zealand journal of marine …","Taylor &Francis","https://www.tandfonline.com/doi/abs/10.1080/00288330.2021.1968009","https://scholar.google.com/scholar?cites=13449628114293088271&as_sdt=2005&sciodt=0,5&hl=en",846,"2026-04-12 17:51:05","","10.1080/00288330.2021.1968009","",,,,,,3,1.00,1,3,3,"Inanga (Galaxias maculatus) are found in a range of freshwater habitats around much of the Southern Hemisphere. Although they are reasonably well studied within New Zealand, little …","","https://scholar.google.com/scholar?q=related:D-CLwYKtproJ:scholar.google.com/&scioq=plecoptera%7Cstonefly%7Cstoneflies&hl=en&as_sdt=0,5&as_ylo=2023&as_yhi=2023"
3,"BL Jensen, RC Johnson, JJ Duda…","Growth performance of rainbow trout in reservoir tributaries and implications for steelhead growth potential above Skagit River dams",2023,"… American Journal of …","academic.oup.com","https://academic.oup.com/najfm/article-abstract/43/5/1427/7811739","https://scholar.google.com/scholar?cites=14978527353021587951&as_sdt=2005&sciodt=0,5&hl=en",849,"2026-04-12 17:51:05","","","",,,,,,3,1.00,1,4,3,"… and identified to the following prey categories: aquatic larvae soft body (Diptera), aquatic larvae rigid body (Coleoptera and Trichoptera), aquatic nymphs (Ephemeroptera, Plecoptera, …","https://www.researchgate.net/profile/David-Beauchamp/publication/374709227_Growth_performance_of_Rainbow_Trout_in_reservoir_tributaries_and_implications_for_steelhead_growth_potential_above_Skagit_River_dams/links/6580a8560bb2c7472bf3e487/Growth-performance-of-Rainbow-Trout-in-reservoir-tributaries-and-implications-for-steelhead-growth-potential-above-Skagit-River-dams.pdf","https://scholar.google.com/scholar?q=related:7-FSl0Rr3s8J:scholar.google.com/&scioq=plecoptera%7Cstonefly%7Cstoneflies&hl=en&as_sdt=0,5&as_ylo=2023&as_yhi=2023"
4,"G Monnet, JS Rosenfeld…","Growth variation along a dispersal gradient in juvenile rainbow trout",2023,"Ecology of Freshwater …","Wiley Online Library","https://onlinelibrary.wiley.com/doi/abs/10.1111/eff.12682","https://scholar.google.com/scholar?cites=9946314134638115764&as_sdt=2005&sciodt=0,5&hl=en",912,"2026-04-12 17:51:05","","10.1111/eff.12682","",,,,,,4,1.33,1,3,3,"… were preserved in 70% ethanol, before prey abundance was determined by counting the total number of macroinvertebrate larvae (primarily orders Diptera, Ephemeroptera, Plecoptera …","","https://scholar.google.com/scholar?q=related:tDuN8wFoCIoJ:scholar.google.com/&scioq=plecoptera%7Cstonefly%7Cstoneflies&hl=en&as_sdt=0,5&as_ylo=2023&as_yhi=2023"
1,"DJ Soucek, AM Farag, JM Besser, JA Steevens","Guide for benthic invertebrate studies in support of Natural Resource Damage Assessment and Restoration",2023,"","pubs.usgs.gov","https://pubs.usgs.gov/publication/ofr20221110","https://scholar.google.com/scholar?cites=4290574929735419736&as_sdt=2005&sciodt=0,5&hl=en",821,"2026-04-12 17:51:05","","","",,,,,,1,0.33,0,4,3,"This guide is intended to assist with characterizing injury to freshwater benthic macroinvertebrates (BMIs) in Natural Resource Damage Assessment and Restoration (NRDAR) cases. …","https://pubs.usgs.gov/of/2022/1110/ofr20221110.pdf","https://scholar.google.com/scholar?q=related:WIcTiSovizsJ:scholar.google.com/&scioq=plecoptera%7Cstonefly%7Cstoneflies&hl=en&as_sdt=0,5&as_ylo=2023&as_yhi=2023"
0,"A No","Guidelines for the management and conservation of Biodiversity of Kazakhtelecom JSC",,"sustainability.telecom.kz","","http://sustainability.telecom.kz/wp-content/uploads/2024/04/%D1%80%D1%83%D0%BA%D0%BE%D0%B2%D0%BE%D0%B4%D1%81%D1%82%D0%B2%D0%BE-%D0%BF%D0%BE-%D1%83%D0%BF%D1%80%D0%B0%D0%B2%D0%BB%D0%B5%D0%BD%D0%B8%D1%8E-%D0%B8-%D1%81%D0%BE%D1%85%D1%80%D0%B0%D0%BD%D0%B5%D0%BD%D0%B8%D1%8E-%D0%B1%D0%B8%D0%BE%D1%80%D0%B0%D0%B7%D0%BD%D0%BE%D0%BE%D0%B1%D1%80%D0%B0%D0%B7%D0%B8%D1%8F-1.pdf","",930,"2026-04-12 17:51:05","PDF","","",,,,,,0,0.00,0,1,,"… As indicator groups were selected groups of stoneflies, mayflies, copepods, two crustacean genera (Gammarus, Asellus), as well as oligochaetes of family Tubificidae and chironomids …","http://sustainability.telecom.kz/wp-content/uploads/2024/04/%D1%80%D1%83%D0%BA%D0%BE%D0%B2%D0%BE%D0%B4%D1%81%D1%82%D0%B2%D0%BE-%D0%BF%D0%BE-%D1%83%D0%BF%D1%80%D0%B0%D0%B2%D0%BB%D0%B5%D0%BD%D0%B8%D1%8E-%D0%B8-%D1%81%D0%BE%D1%85%D1%80%D0%B0%D0%BD%D0%B5%D0%BD%D0%B8%D1%8E-%D0%B1%D0%B8%D0%BE%D1%80%D0%B0%D0%B7%D0%BD%D0%BE%D0%BE%D0%B1%D1%80%D0%B0%D0%B7%D0%B8%D1%8F-1.pdf","https://scholar.google.com/scholar?q=related:5XcDUWBwDe8J:scholar.google.com/&scioq=plecoptera%7Cstonefly%7Cstoneflies&hl=en&as_sdt=0,5&as_ylo=2023&as_yhi=2023"
10,"ZS Zhao, LY Yang, FX Li, W Cun, XY Wang, CQ Cao…","Gut flora alterations among aquatic firefly Aquatica leii inhabiting various dissolved oxygen in fresh water",2023,"Iscience","cell.com","https://www.cell.com/iscience/fulltext/S2589-0042(23)01886-2","https://scholar.google.com/scholar?cites=7573222611256165563&as_sdt=2005&sciodt=0,5&hl=en",560,"2026-04-12 17:51:05","HTML","","",,,,,,10,3.33,1,7,3,"Knowledge about the impact of different dissolved oxygen (DO) on the composition and function of gut bacteria of aquatic insects is largely unknown. Herein, we constructed freshwater …","https://www.cell.com/iscience/fulltext/S2589-0042(23)01886-2","https://scholar.google.com/scholar?q=related:u0ThHNd9GWkJ:scholar.google.com/&scioq=plecoptera%7Cstonefly%7Cstoneflies&hl=en&as_sdt=0,5&as_ylo=2023&as_yhi=2023"
2,"I Sabha, ST Islam, A Hamid, SU Bhat","Habitat preferences and biomonitoring of aquatic macroinvertebrates along the longitudinal gradient of Jhelum River, Kashmir Himalaya",2023,"International Journal of …","Springer","https://link.springer.com/article/10.1007/s13762-022-04523-y","https://scholar.google.com/scholar?cites=2507420747814876247&as_sdt=2005&sciodt=0,5&hl=en",742,"2026-04-12 17:51:05","","10.1007/s13762-022-04523-y","",,,,,,2,0.67,1,4,3,"Understanding the habitat preferences and requirements of the aquatic invertebrates is important for effective biomonitoring. We explored habitat preference and β -diversity of …","","https://scholar.google.com/scholar?q=related:VzTzn-IlzCIJ:scholar.google.com/&scioq=plecoptera%7Cstonefly%7Cstoneflies&hl=en&as_sdt=0,5&as_ylo=2023&as_yhi=2023"
2,"L Woretaw, M Dagne, A Gizeyatu…","Habitat quality–physicochemical water quality–littoral macroinvertebrate community nexus in Lugo Lake (Ethiopia): priorities for sustainable water resources …",2023,"Water and …","Wiley Online Library","https://onlinelibrary.wiley.com/doi/abs/10.1111/wej.12840","https://scholar.google.com/scholar?cites=13493168443047255039&as_sdt=2005&sciodt=0,5&hl=en",695,"2026-04-12 17:51:05","","10.1111/wej.12840","",,,,,,2,0.67,1,4,3,"The integration of water quality characteristics with habplot‐based habitat quality assessment score (HabQA) has received little attention in ecological quality assessment studies. This …","","https://scholar.google.com/scholar?q=related:_5tXhjVdQbsJ:scholar.google.com/&scioq=plecoptera%7Cstonefly%7Cstoneflies&hl=en&as_sdt=0,5&as_ylo=2023&as_yhi=2023"
10,"FO Masese, A Sitati, MJ Yegon…","Habitat scale and seasonality influence macroinvertebrate functional feeding groups in a tropical Kenyan montane stream",2023,"African Journal of …","Taylor &Francis","https://www.tandfonline.com/doi/abs/10.2989/16085914.2023.2249507","https://scholar.google.com/scholar?cites=482018960256525308&as_sdt=2005&sciodt=0,5&hl=en",675,"2026-04-12 17:51:05","","10.2989/16085914.2023.2249507","",,,,,,10,3.33,3,4,3,"Habitat quality and diversity strongly influence the composition of macroinvertebrate communities in lotic ecosystems. We evaluated the functional organization of macroinvertebrates in …","https://drive.google.com/file/d/122ARiUAtnH7VIUhKiWD4kZn1u51vA0Bx/view","https://scholar.google.com/scholar?q=related:_OMXxbB5sAYJ:scholar.google.com/&scioq=plecoptera%7Cstonefly%7Cstoneflies&hl=en&as_sdt=0,5&as_ylo=2023&as_yhi=2023"
15,"FN Trau, K Fisch, S Lorenz","Habitat type strongly influences the structural benthic invertebrate community composition in a landscape characterized by ubiquitous, long-term agricultural stress",2023,"Inland Waters","Taylor &Francis","https://www.tandfonline.com/doi/abs/10.1080/20442041.2023.2242084","https://scholar.google.com/scholar?cites=6282811449352213718&as_sdt=2005&sciodt=0,5&hl=en",417,"2026-04-12 17:51:05","","10.1080/20442041.2023.2242084","",,,,,,15,5.00,5,3,3,"The importance of small waterbodies for biodiversity and ecosystem processes has long been neglected in research and policy development. However, because of their heterogeneous …","https://www.tandfonline.com/doi/pdf/10.1080/20442041.2023.2242084","https://scholar.google.com/scholar?q=related:1lRltbkHMVcJ:scholar.google.com/&scioq=plecoptera%7Cstonefly%7Cstoneflies&hl=en&as_sdt=0,5&as_ylo=2023&as_yhi=2023"
0,"H Tolkamp, B van Maanen…","Haften, steenvliegen en kokerjuffers in het Vlootbeekgebied",2023,"Natuurhistorisch …","natuurtijdschriften.nl","https://natuurtijdschriften.nl/pub/1023341/NAHM2023112001006.pdf","",876,"2026-04-12 17:51:05","PDF","","",,,,,,0,0.00,0,3,3,"… In the catchment area of the Vlootbeek, only one species of stonefly was found, the Small dull brown (Nemoura cinerea), which is the most common stonefly species in the Netherlands. …","https://natuurtijdschriften.nl/pub/1023341/NAHM2023112001006.pdf","https://scholar.google.com/scholar?q=related:Et5TMELT4ZIJ:scholar.google.com/&scioq=plecoptera%7Cstonefly%7Cstoneflies&hl=en&as_sdt=0,5&as_ylo=2023&as_yhi=2023"
14,"AP Arce, M Palt, M Schletterer, J Kail","Has riparian woody vegetation a positive effect on dispersal and distribution of mayfly, stonefly and caddisfly species?",2023,"Science of the Total Environment","Elsevier","https://www.sciencedirect.com/science/article/pii/S0048969723017564","https://scholar.google.com/scholar?cites=16422196151273468450&as_sdt=2005&sciodt=0,5&hl=en",15,"2026-04-12 17:51:05","","","",,,,,,14,4.67,4,4,3,"During their adult life stage most EPTs (Ephemeroptera, Plecoptera and Trichoptera) disperse by flying following the riparian corridor. Although it is likely that riparian forest fosters EPT …","","https://scholar.google.com/scholar?q=related:IjJxHGRc5-MJ:scholar.google.com/&scioq=plecoptera%7Cstonefly%7Cstoneflies&hl=en&as_sdt=0,5&as_ylo=2023&as_yhi=2023"
1,"MD Kvam","Have Rusty Crayfish Affected the Diets of Yellow Perch?",2023,"","pines.bemidjistate.edu","https://pines.bemidjistate.edu/j-earth-life-sci/2/","https://scholar.google.com/scholar?cites=6236545577019551202&as_sdt=2005&sciodt=0,5&hl=en",879,"2026-04-12 17:51:05","","","",,,,,,1,0.33,1,1,3,"Freshwater ecosystems are some of the most susceptible to invasive species. It is one of the reasons they face the highest levels of species endangerment. Rusty crayfish Faxonius …","https://pines.bemidjistate.edu/cgi/viewcontent.cgi?article=1001&context=j-earth-life-sci","https://scholar.google.com/scholar?q=related:4q3I3yipjFYJ:scholar.google.com/&scioq=plecoptera%7Cstonefly%7Cstoneflies&hl=en&as_sdt=0,5&as_ylo=2023&as_yhi=2023"
20,"K Kobayashi, N Takeuchi, M Kagami","High prevalence of parasitic chytrids infection of glacier algae in cryoconite holes in Alaska",2023,"Scientific Reports","nature.com","https://www.nature.com/articles/s41598-023-30721-w","https://scholar.google.com/scholar?cites=801764270682791304&as_sdt=2005&sciodt=0,5&hl=en",493,"2026-04-12 17:51:05","HTML","","",,,,,,20,6.67,7,3,3,"… Diverse photosynthetic microbes including algae and cyanobacteria, grow on snow and ice surfaces 1 , sustaining the heterotrophic organisms, including insects such as Plecoptera …","https://www.nature.com/articles/s41598-023-30721-w","https://scholar.google.com/scholar?q=related:iN2lM1twIAsJ:scholar.google.com/&scioq=plecoptera%7Cstonefly%7Cstoneflies&hl=en&as_sdt=0,5&as_ylo=2023&as_yhi=2023"
1,"HR Rahbari, A Arabkoohsar","High-temperature heat and power storage",2023,"Future Grid-Scale Energy Storage Solutions","Elsevier","https://www.sciencedirect.com/science/article/pii/B9780323907866000029","https://scholar.google.com/scholar?cites=13231322750272297813&as_sdt=2005&sciodt=0,5&hl=en",944,"2026-04-12 17:51:05","","","",,,,,,1,0.33,1,2,3,"This chapter introduces the concept of high-temperature heat and power storage. This technology is on the use of renewable surplus electricity for high-temperature heat storage via …","","https://scholar.google.com/scholar?q=related:VVuGVvAZn7cJ:scholar.google.com/&scioq=plecoptera%7Cstonefly%7Cstoneflies&hl=en&as_sdt=0,5&as_ylo=2023&as_yhi=2023"
0,"A Zone, B Zone, C Zone","Higher level Paper",2023,"","brilliantlearning.in","https://brilliantlearning.in/wp-content/uploads/2025/05/N23-Biology-HL-TZ2-P3.pdf","",677,"2026-04-12 17:51:05","PDF","","",,,,,,0,0.00,0,3,3,"… Stonefly nymphs (Plecoptera) are good indicators of unpolluted streams and rivers. Graph I shows the effect of a sewage outfall on oxygen concentration and biochemical oxygen …","https://brilliantlearning.in/wp-content/uploads/2025/05/N23-Biology-HL-TZ2-P3.pdf","https://scholar.google.com/scholar?q=related:YrTQF_pUELcJ:scholar.google.com/&scioq=plecoptera%7Cstonefly%7Cstoneflies&hl=en&as_sdt=0,5&as_ylo=2023&as_yhi=2023"
3,"LM Atmore, DL Buss","Historical land use patterns provide insight into contemporary insect diversity loss",2023,"Molecular Ecology","Wiley Online Library","https://onlinelibrary.wiley.com/doi/abs/10.1111/mec.17044","https://scholar.google.com/scholar?cites=3800379120362932239&as_sdt=2005&sciodt=0,5&hl=en",199,"2026-04-12 17:51:05","","10.1111/mec.17044","",,,,,,3,1.00,2,2,3,"Healthy insect populations are vital for maintaining natural ecosystems and essential to global food security. The ongoing dramatic loss of insect species and biomass is thus a global …","https://onlinelibrary.wiley.com/doi/pdf/10.1111/mec.17044","https://scholar.google.com/scholar?q=related:D0gLuayovTQJ:scholar.google.com/&scioq=plecoptera%7Cstonefly%7Cstoneflies&hl=en&as_sdt=0,5&as_ylo=2023&as_yhi=2023"
3,"S Warburg, Y Zvik, E Gavish-Regev","Hitching a ride on a scorpion: the first record of phoresy of a myrmecophile pseudoscorpion on a myrmecophile scorpion",2023,"… Mitteilungen: Arachnology Letters","BioOne","https://bioone.org/journals/arachnologische-mitteilungen/volume-66/issue-1/aramit6605/Hitching-a-ride-on-a-scorpion--the-first-record/10.30963/aramit6605.short","https://scholar.google.com/scholar?cites=12916580528638451973&as_sdt=2005&sciodt=0,5&hl=en",692,"2026-04-12 17:51:05","","10.30963/aramit6605.short","",,,,,,3,1.00,1,3,3,". An observation of phoresy by pseudoscorpions on a scorpion host is recorded for the first time worldwide. Pseudoscorpions of the endemic species Nannowithius wahrmani ( Beier, …","https://bioone.org/journals/arachnologische-mitteilungen/volume-66/issue-1/aramit6605/Hitching-a-ride-on-a-scorpion--the-first-record/10.30963/aramit6605.pdf","https://scholar.google.com/scholar?q=related:BeE4So7pQLMJ:scholar.google.com/&scioq=plecoptera%7Cstonefly%7Cstoneflies&hl=en&as_sdt=0,5&as_ylo=2023&as_yhi=2023"
4,"V Dernov","Horseshoe crab trace fossils Arborichnus ROMANO et MELÉNDEZ, 1985 from the Bashkirian (Carboniferous) of the Donets Basin, Ukraine",2023,"Fossil Imprint","biotaxa.org","https://www.biotaxa.org/AMNPSBHN/article/view/84143","https://scholar.google.com/scholar?cites=7517333036078971328&as_sdt=2005&sciodt=0,5&hl=en",973,"2026-04-12 17:51:05","","","",,,,,,4,1.33,4,1,3,"… Insecta: Ephemeroptera or Plecoptera …","https://www.biotaxa.org/AMNPSBHN/article/view/84143/79099","https://scholar.google.com/scholar?q=related:wLnLWZHuUmgJ:scholar.google.com/&scioq=plecoptera%7Cstonefly%7Cstoneflies&hl=en&as_sdt=0,5&as_ylo=2023&as_yhi=2023"
0,"L Dewey","How Beaver Recolonization Influences Insect Emergence",2023,"","search.proquest.com","https://search.proquest.com/openview/767b77655dfa697d6c107ede4b431c39/1?pq-origsite=gscholar&cbl=18750&diss=y","",655,"2026-04-12 17:51:05","","","",,,,,,0,0.00,0,1,3,"Emerging aquatic insects from a stream are an important aquatic to terrestrial subsidy that can make up a large portion of the diet of riparian predators. The biomass and abundance of …","","https://scholar.google.com/scholar?q=related:s3jP7VmOC7cJ:scholar.google.com/&scioq=plecoptera%7Cstonefly%7Cstoneflies&hl=en&as_sdt=0,5&as_ylo=2023&as_yhi=2023"
0,"O Tournayre, H Tian, DR Lougheed, MJS Windle…","How to barcode (almost all) freshwater biodiversity",2023,"bioRxiv","biorxiv.org","https://www.biorxiv.org/content/10.1101/2023.12.13.571596.abstract","",923,"2026-04-12 17:51:05","","10.1101/2023.12.13.571596.abstract","",,,,,,0,0.00,0,5,3,"Freshwater ecosystems are complex, diverse and face a variety of imminent threats that have led to changes in both ecosystem structure and function. It is urgent that we develop and …","https://www.biorxiv.org/content/biorxiv/early/2023/12/14/2023.12.13.571596.full.pdf","https://scholar.google.com/scholar?q=related:QdmSLUKHq6kJ:scholar.google.com/&scioq=plecoptera%7Cstonefly%7Cstoneflies&hl=en&as_sdt=0,5&as_ylo=2023&as_yhi=2023"
29,"DA Moi, M Barrios, G Tesitore…","Human land‐uses homogenize stream assemblages and reduce animal biomass production",2023,"Journal of Animal …","Wiley Online Library","https://besjournals.onlinelibrary.wiley.com/doi/abs/10.1111/1365-2656.13924","https://scholar.google.com/scholar?cites=16133637534846475067&as_sdt=2005&sciodt=0,5&hl=en",802,"2026-04-12 17:51:05","","10.1111/1365-2656.13924","",,,,,,29,9.67,7,4,3,"… Importantly, the data cover all insect families in grasslands streams, but only rainforest Ephemeroptera, Plecoptera, Trichoptera and Odonata families in rainforest streams. Consequently…","https://besjournals.onlinelibrary.wiley.com/doi/pdfdirect/10.1111/1365-2656.13924","https://scholar.google.com/scholar?q=related:O9tut9sx5t8J:scholar.google.com/&scioq=plecoptera%7Cstonefly%7Cstoneflies&hl=en&as_sdt=0,5&as_ylo=2023&as_yhi=2023"
5,"G Cesarini, L Gallitelli, L Traversetti, T Bandini…","Hydromorphological discontinuities deeply modify the benthic multi-species assemblage diversity in a Mediterranean running river",2023,"… Lincei. Scienze Fisiche …","Springer","https://link.springer.com/article/10.1007/s12210-022-01124-2","https://scholar.google.com/scholar?cites=5232896981374640280&as_sdt=2005&sciodt=0,5&hl=en",302,"2026-04-12 17:51:05","","10.1007/s12210-022-01124-2","",,,,,,5,1.67,1,5,3,"The aim of the study was to investigate the modifications of the macroinvertebrate multi-species assemblage in relation to hydromorphological discontinues, since macroinvertebrates …","","https://scholar.google.com/scholar?q=related:mKAMWRT8nkgJ:scholar.google.com/&scioq=plecoptera%7Cstonefly%7Cstoneflies&hl=en&as_sdt=0,5&as_ylo=2023&as_yhi=2023"
3,"M Yoshimura","Hypothesised life cycle adaptation of stonefly (Plecoptera) in response to increased water temperatures",2023,"Journal of Thermal Biology","Elsevier","https://www.sciencedirect.com/science/article/pii/S0306456523000748","https://scholar.google.com/scholar?cites=14649830154905249741&as_sdt=2005&sciodt=0,5&hl=en",5,"2026-04-12 17:51:05","","","",,,,,,3,1.00,3,1,3,"Water temperature is the most important and critical factor for freshwater invertebrates and it fluctuates with an increase in air temperature. In this study, the effect of water temperature …","","https://scholar.google.com/scholar?q=related:zefuYuimTssJ:scholar.google.com/&scioq=plecoptera%7Cstonefly%7Cstoneflies&hl=en&as_sdt=0,5&as_ylo=2023&as_yhi=2023"
1,"R Beamish","I think that I will just sit here and wait",2023,"ICES Journal of Marine Science","academic.oup.com","https://academic.oup.com/icesjms/article-abstract/80/4/710/7085489","https://scholar.google.com/scholar?cites=13692587107685276206&as_sdt=2005&sciodt=0,5&hl=en",726,"2026-04-12 17:51:05","","","",,,,,,1,0.33,1,1,3,"Fisheries research has always been an opportunity of discovery for me and never really a job. Finding a new species of fish, discovering that fish can outlive humans, or that …","https://academic.oup.com/icesjms/article-pdf/80/4/710/50384699/fsad036.pdf","https://scholar.google.com/scholar?q=related:LpqskW3XBb4J:scholar.google.com/&scioq=plecoptera%7Cstonefly%7Cstoneflies&hl=en&as_sdt=0,5&as_ylo=2023&as_yhi=2023"
0,"KD Montoya Pauca, KD Alvarado Quiroz","Identificación de aproximaciones teóricas para el uso de macro invertebrados ephemenoptera, plecoptera y trichoptera, en la determinación de calidad de agua en …",2023,"","agris.fao.org","https://agris.fao.org/search/en/providers/125037/records/67659dc9c0e94e3bc291b363","",146,"2026-04-12 17:51:05","","","",,,,,,0,0.00,0,2,3,"Ante la necesidad de contar con metodologías alternativas para la determinación de calidad de agua, se propone identificar aproximaciones teóricas que permitan aplicar el uso de …","","https://scholar.google.com/scholar?q=related:AJ4j67v2iQYJ:scholar.google.com/&scioq=plecoptera%7Cstonefly%7Cstoneflies&hl=en&as_sdt=0,5&as_ylo=2023&as_yhi=2023"
9,"A Maasri, JH Thorp","Identification and ecology of freshwater arthropods in the Mediterranean Basin",2023,"","books.google.com","https://books.google.com/books?hl=en&lr=&id=dC2gEAAAQBAJ&oi=fnd&pg=PP1&dq=plecoptera%7Cstonefly%7Cstoneflies&ots=44D3T_3mjX&sig=w4YfwqpRvn6Rtf2UBDAsn-WqcKk","https://scholar.google.com/scholar?cites=14522456002620629825&as_sdt=2005&sciodt=0,5&hl=en",669,"2026-04-12 17:51:05","BOOK","","",,,,,,9,3.00,5,2,3,"Identification and Ecology of Freshwater Arthropods in the Mediterranean Basin covers the entire Mediterranean basin, including parts of Europe, Asia, Africa and the Mediterranean …","https://www.researchgate.net/profile/Alain-Maasri/publication/375090603_Identification_and_Ecology_of_Freshwater_Arthropods_in_the_Mediterranean_Basin/links/6540d93d3cc79d48c5bd6c0f/Identification-and-Ecology-of-Freshwater-Arthropods-in-the-Mediterranean-Basin.pdf","https://scholar.google.com/scholar?q=related:QSNxhsogiskJ:scholar.google.com/&scioq=plecoptera%7Cstonefly%7Cstoneflies&hl=en&as_sdt=0,5&as_ylo=2023&as_yhi=2023"
0,"G Kriska","Identification Key: Freshwater Invertebrates",2023,"Freshwater Invertebrates in Central Europe: A Field …","Springer","https://link.springer.com/content/pdf/10.1007/978-3-030-95323-2_1.pdf","",524,"2026-04-12 17:51:05","","10.1007/978-3-030-95323-2_1","",,,,,,0,0.00,0,1,3,"… Stonefly larvae—Plecoptera (Fig. 1.9d) … (d) Nemoura cinerea/Plecoptera larva— 8 mm …","","https://scholar.google.com/scholar?q=related:8T7j5nFLNUYJ:scholar.google.com/&scioq=plecoptera%7Cstonefly%7Cstoneflies&hl=en&as_sdt=0,5&as_ylo=2023&as_yhi=2023"
0,"CT Adella","IDENTIFICATION OF MACROZOOBENTHOS IN THE UPSTREAM OF THE BRANTAS RIVER, BLITAR IDENTIFIKASI MAKROZOOBENTOS PADA HULU …",,"vliz.be","","https://www.vliz.be/imisdocs/publications/392862.pdf","",506,"2026-04-12 17:51:05","PDF","","",,,,,,0,0.00,0,1,,"Makrozoobentos adalah biota yang menetap di dasar perairan dengan gerakan yang terbatas dan sensitif terhadap perubahan kualitas air sehingga dapat digunakan sebagai …","https://www.vliz.be/imisdocs/publications/392862.pdf","https://scholar.google.com/scholar?q=related:MqR_GgQUdKAJ:scholar.google.com/&scioq=plecoptera%7Cstonefly%7Cstoneflies&hl=en&as_sdt=0,5&as_ylo=2023&as_yhi=2023"
2,"CT Adella","Identification of Macrozoobentos in the Upstream of the Brantas River, Blitar",2023,"Jurnal Perikanan Pantura (JPP)","journal.umg.ac.id","https://journal.umg.ac.id/index.php/jpp/article/view/5539","https://scholar.google.com/scholar?cites=15316985583066510894&as_sdt=2005&sciodt=0,5&hl=en",448,"2026-04-12 17:51:05","","","",,,,,,2,0.67,2,1,3,"Makrozoobentos adalah biota yang menetap di dasar perairan dengan gerakan yang terbatas dan sensitif terhadap perubahan kualitas air sehingga dapat digunakan sebagai …","https://journal.umg.ac.id/index.php/jpp/article/download/5539/3472","https://scholar.google.com/scholar?q=related:LnZ1JDzdkNQJ:scholar.google.com/&scioq=plecoptera%7Cstonefly%7Cstoneflies&hl=en&as_sdt=0,5&as_ylo=2023&as_yhi=2023"
2,"H Hariani","Identifikasi Keanekaragaman Serangga Akuatik di Sungai Pattunuang, Kabupaten Maros sebagai Bioindikator Kualitas Air= Identification of Aquatic Insect Diversity in …",2023,"","repository.unhas.ac.id","https://repository.unhas.ac.id/id/eprint/30132/","https://scholar.google.com/scholar?cites=8731159657869734828&as_sdt=2005&sciodt=0,5&hl=en",453,"2026-04-12 17:51:05","","","",,,,,,2,0.67,2,1,3,"Sungai Pattunuang terletak di Kabupaten Maros. Lokasinya berada tepat di dalam Wisata Alam Perkemahan dan Edukasi sehingga warga di sekitar sungai memanfaatkan Sungai …","https://repository.unhas.ac.id/id/eprint/30132/2/M011181373_skripsi_17-10-2023%20bab%201-2.pdf","https://scholar.google.com/scholar?q=related:rPOL_HJPK3kJ:scholar.google.com/&scioq=plecoptera%7Cstonefly%7Cstoneflies&hl=en&as_sdt=0,5&as_ylo=2023&as_yhi=2023"
5,"NS Nugraha, DP Putra, MP Bimantio, A Ferhat…","Identifikasi Kesehatan Sungai Menggunakan Pemantauan Biologis Makroinvertebrata Di Sungai Pusur, Provinsi Jawa Tengah, Indonesia: River Health …",2023,"Hutan …","researchgate.net","https://www.researchgate.net/profile/Dian-Putra-3/publication/378077436_Identifikasi_Kesehatan_Sungai_Menggunakan_Pemantauan_Biologis_Makroinvertebrata_di_Sungai_Pusur_Provinsi_Jawa_Tengah_Indonesia/links/65c5dbed1e1ec12eff7c4663/Identifikasi-Kesehatan-Sungai-Menggunakan-Pemantauan-Biologis-Makroinvertebrata-di-Sungai-Pusur-Provinsi-Jawa-Tengah-Indonesia.pdf","https://scholar.google.com/scholar?cites=14881343158800290309&as_sdt=2005&sciodt=0,5&hl=en",345,"2026-04-12 17:51:05","PDF","","",,,,,,5,1.67,1,5,3,"Biological assessment has become one of the options in determining river quality, particularly concerning river health. Biological assessment indicators use aquatic macroinvertebrates, …","https://www.researchgate.net/profile/Dian-Putra-3/publication/378077436_Identifikasi_Kesehatan_Sungai_Menggunakan_Pemantauan_Biologis_Makroinvertebrata_di_Sungai_Pusur_Provinsi_Jawa_Tengah_Indonesia/links/65c5dbed1e1ec12eff7c4663/Identifikasi-Kesehatan-Sungai-Menggunakan-Pemantauan-Biologis-Makroinvertebrata-di-Sungai-Pusur-Provinsi-Jawa-Tengah-Indonesia.pdf","https://scholar.google.com/scholar?q=related:BRL7GMImhc4J:scholar.google.com/&scioq=plecoptera%7Cstonefly%7Cstoneflies&hl=en&as_sdt=0,5&as_ylo=2023&as_yhi=2023"
2,"SB Chinche, C Piscart, PM Medjo…","Impact of altitude on spring macroinvertebrates and water quality in South West region of Cameroon",2023,"International …","limnology-journal.org","https://www.limnology-journal.org/articles/limn/abs/2023/01/limn220046/limn220046.html","https://scholar.google.com/scholar?cites=8009193346382748504&as_sdt=2005&sciodt=0,5&hl=en",646,"2026-04-12 17:51:05","","","",,,,,,2,0.67,1,4,3,"We evaluated the impact of altitude on the biodiversity and water quality of 13 springs located from 82 to 1,189 m asl on Mount Cameroon. The springs were of good chemical and …","https://www.limnology-journal.org/articles/limn/pdf/2023/01/limn220046.pdf","https://scholar.google.com/scholar?q=related:WNuQ_OleJm8J:scholar.google.com/&scioq=plecoptera%7Cstonefly%7Cstoneflies&hl=en&as_sdt=0,5&as_ylo=2023&as_yhi=2023"
0,"R Taj","Impact of Global Warming on Aquaculture: A Comprehensive",,"ijcms2015.co","","http://www.ijcms2015.co/file/2020/vol-5-issue-1/aijra-vol-5-issue-1-27.pdf","",744,"2026-04-12 17:51:05","PDF","","",,,,,,0,0.00,0,1,,"A crucial issue that needs research is how global warming affects the welfare and production of aquaculture. Understanding how global warming affects aquatic ecosystems is urgent …","http://www.ijcms2015.co/file/2020/vol-5-issue-1/aijra-vol-5-issue-1-27.pdf","https://scholar.google.com/scholar?q=related:2czXfIYxQvoJ:scholar.google.com/&scioq=plecoptera%7Cstonefly%7Cstoneflies&hl=en&as_sdt=0,5&as_ylo=2023&as_yhi=2023"
5,"K Ma, H Zhang, M Zhang, X Qu, N Wu","Impact of land use on macroinvertebrates from a multiscale perspective: enhancing structural equation models with inverse distance-weighted metrics",2023,"Frontiers in Ecology and …","frontiersin.org","https://www.frontiersin.org/journals/ecology-and-evolution/articles/10.3389/fevo.2023.1292721/full","https://scholar.google.com/scholar?cites=2093485809616647099&as_sdt=2005&sciodt=0,5&hl=en",423,"2026-04-12 17:51:05","HTML","10.3389/fevo.2023.1292721","",,,,,,5,1.67,1,5,3,"Effective riverine ecosystem management and restoration are predicated upon comprehending the relationship between land use patterns, the aquatic environment, and …","https://www.frontiersin.org/journals/ecology-and-evolution/articles/10.3389/fevo.2023.1292721/full","https://scholar.google.com/scholar?q=related:u3OFiECODR0J:scholar.google.com/&scioq=plecoptera%7Cstonefly%7Cstoneflies&hl=en&as_sdt=0,5&as_ylo=2023&as_yhi=2023"
9,"SB Prakoso, Y Miyake, W Ueda, H Suryatmojo","Impact of land use on water quality and invertebrate assemblages in Indonesian streams",2023,"Limnologica","Elsevier","https://www.sciencedirect.com/science/article/pii/S0075951123000312","https://scholar.google.com/scholar?cites=8926326763247853188&as_sdt=2005&sciodt=0,5&hl=en",285,"2026-04-12 17:51:05","","","",,,,,,9,3.00,2,4,3,"Catchment land use of streams can cause deterioration of the stream ecosystems. Studies on the impact of land use on water quality and invertebrate assemblages in tropical streams …","","https://scholar.google.com/scholar?q=related:hF5zwOWu4HsJ:scholar.google.com/&scioq=plecoptera%7Cstonefly%7Cstoneflies&hl=en&as_sdt=0,5&as_ylo=2023&as_yhi=2023"
0,"J Ahn, E Yu, D Jeon, MH Lee","Impact of Stormwater Runoff on the Spatio-temporal Distribution of Benthic Macroinvertebrates in River Basin with Interrupted Continuity",2023,"AGU Fall Meeting Abstracts","ui.adsabs.harvard.edu","https://ui.adsabs.harvard.edu/abs/2023AGUFM.H31T1762A/abstract","",192,"2026-04-12 17:51:05","","","",,,,,,0,0.00,0,4,3,"Benthic macroinvertebrates are used as one of the most representative indicators to determine the state of aquatic ecosystems for they are sedentary, species rich, and ubiquitous, …","","https://scholar.google.com/scholar?q=related:LIsQfECgdAsJ:scholar.google.com/&scioq=plecoptera%7Cstonefly%7Cstoneflies&hl=en&as_sdt=0,5&as_ylo=2023&as_yhi=2023"
1,"EK Kipnusu, JG Mbaka","Impact of Weirs on Decomposition Rates of Dombeya goetzenii (K. Schum) Leaf Litter in the River Njoro, Kenya",2023,"African Journal of Pure and Applied …","journal.ku.ac.ke","https://journal.ku.ac.ke/index.php/AJPAS/article/view/424","https://scholar.google.com/scholar?cites=17890559566839976597&as_sdt=2005&sciodt=0,5&hl=en",705,"2026-04-12 17:51:05","","","",,,,,,1,0.33,1,2,3,"… The author further found that water temperature change resulting from weirs can affect the growth and development of certain families of stoneflies below the dams. …","https://journal.ku.ac.ke/index.php/AJPAS/article/download/424/209","https://scholar.google.com/scholar?q=related:lZJ2RiMJSPgJ:scholar.google.com/&scioq=plecoptera%7Cstonefly%7Cstoneflies&hl=en&as_sdt=0,5&as_ylo=2023&as_yhi=2023"
0,"AP Pitt","Impacts of Prescribed Fire Management on Bat and Insect Communities in the Southern Appalachians",2023,"","search.proquest.com","https://search.proquest.com/openview/1d617f1254de7b7f25f6614520c50395/1?pq-origsite=gscholar&cbl=18750&diss=y","",836,"2026-04-12 17:51:05","","","",,,,,,0,0.00,0,1,3,"Prescribed fire is widely used throughout the southeastern US to manage the composition and structure of forest lands. Frequent, low-severity prescribed fire reduces forest canopy and …","","https://scholar.google.com/scholar?q=related:-CUkzK-7YIsJ:scholar.google.com/&scioq=plecoptera%7Cstonefly%7Cstoneflies&hl=en&as_sdt=0,5&as_ylo=2023&as_yhi=2023"
0,"K Elliott","Impacts of Rainfall Distributions and Land Cover on the Effectiveness of Stormwater Best Management Practices",2023,"","dukespace.lib.duke.edu","https://dukespace.lib.duke.edu/server/api/core/bitstreams/9993aa34-42ca-424b-9666-70a2d3598d3b/content","",289,"2026-04-12 17:51:05","PDF","","",,,,,,0,0.00,0,1,3,"Anthropogenic climate change and other human impacts on landscapes necessitate human interventions such as the implementation of stormwater best management practices and …","https://dukespace.lib.duke.edu/server/api/core/bitstreams/9993aa34-42ca-424b-9666-70a2d3598d3b/content","https://scholar.google.com/scholar?q=related:TtBRBtjeT5EJ:scholar.google.com/&scioq=plecoptera%7Cstonefly%7Cstoneflies&hl=en&as_sdt=0,5&as_ylo=2023&as_yhi=2023"
4,"TJ da Silva Pinto, W Senteio Smith","Impacts of sedimentation and dam failure on the macroinvertebrate community in a tropical stream",2023,"Limnetica","limnetica.org","https://limnetica.org/documentos/limnetica/limnetica-42-1-03.pdf","https://scholar.google.com/scholar?cites=13438392078956225549&as_sdt=2005&sciodt=0,5&hl=en",750,"2026-04-12 17:51:05","PDF","","",,,,,,4,1.33,2,2,3,"… The EPT (Ephemeroptera, Plecoptera and Trichoptera) index and indexes related to community composition (percentages of Coleoptera, Gastropoda, Trichoptera, Diptera and Odonata…","https://limnetica.org/documentos/limnetica/limnetica-42-1-03.pdf","https://scholar.google.com/scholar?q=related:DeSbamXCfroJ:scholar.google.com/&scioq=plecoptera%7Cstonefly%7Cstoneflies&hl=en&as_sdt=0,5&as_ylo=2023&as_yhi=2023"
2,"M Getachew, ST Mereta, GS Gebrie, WL Mulat…","Impacts of the Koka hydropower dam on macroinvertebrate assemblages in the Awash River Basin in Ethiopia",2023,"Journal of …","researchgate.net","https://www.researchgate.net/profile/Melaku-Getachew/publication/359880010_Impacts_of_Koka_Hydropower_Dam_on_Benthic_Macroinvertebrate_Assemblages_in_the_Awash_River_Ethiopia/links/65f83f021f0aec67e2a65a22/Impacts-of-Koka-Hydropower-Dam-on-Benthic-Macroinvertebrate-Assemblages-in-the-Awash-River-Ethiopia.pdf","https://scholar.google.com/scholar?cites=451313760157495662&as_sdt=2005&sciodt=0,5&hl=en",659,"2026-04-12 17:51:05","PDF","","",,,,,,2,0.67,0,5,3,"The Koka hydropower dam is one of the oldest large dams in Ethiopia. Damming is one of the anthropogenic activities impacting the distribution of aquatic life forms. However, to date, …","https://www.researchgate.net/profile/Melaku-Getachew/publication/359880010_Impacts_of_Koka_Hydropower_Dam_on_Benthic_Macroinvertebrate_Assemblages_in_the_Awash_River_Ethiopia/links/65f83f021f0aec67e2a65a22/Impacts-of-Koka-Hydropower-Dam-on-Benthic-Macroinvertebrate-Assemblages-in-the-Awash-River-Ethiopia.pdf","https://scholar.google.com/scholar?q=related:bvFuRHljQwYJ:scholar.google.com/&scioq=plecoptera%7Cstonefly%7Cstoneflies&hl=en&as_sdt=0,5&as_ylo=2023&as_yhi=2023"
18,"CT Robinson, G Consoli, J Ortlepp","Importance of artificial high flows in maintaining the ecological integrity of a regulated river",2023,"Science of the Total Environment","Elsevier","https://www.sciencedirect.com/science/article/pii/S0048969723021885","https://scholar.google.com/scholar?cites=1142763618053580399&as_sdt=2005&sciodt=0,5&hl=en",312,"2026-04-12 17:51:05","HTML","","",,,,,,18,6.00,6,3,3,"… fossarum densities have increased substantially while other taxa, especially some stoneflies, remained low in abundance. Notably, community assembly returned to a pre-flood …","https://www.sciencedirect.com/science/article/pii/S0048969723021885","https://scholar.google.com/scholar?q=related:b-ZSvHTp2w8J:scholar.google.com/&scioq=plecoptera%7Cstonefly%7Cstoneflies&hl=en&as_sdt=0,5&as_ylo=2023&as_yhi=2023"
8,"RC Varella, ÂP Pinto","In honor of the Claudio Gilberto Froehlich's career: Tupiperla claudius sp. nov. (Plecoptera: Gripopterygidae), a new stonefly from Pico do Marumbi State Park …",2023,"Revista Brasileira de Entomologia","SciELO Brasil","https://www.scielo.br/j/rbent/a/GM8q5PyHDzjybb7nYByn9Gh/?lang=en","https://scholar.google.com/scholar?cites=13806093180603447243&as_sdt=2005&sciodt=0,5&hl=en",22,"2026-04-12 17:51:05","HTML","","",,,,,,8,2.67,4,2,3,"… Such as most gripopterygid stoneflies, the ultimate coloration raging from light brown to dark brown. Male terminalia shows a protruded T10 extension (T10e) that displays variable …","https://www.scielo.br/j/rbent/a/GM8q5PyHDzjybb7nYByn9Gh/?lang=en","https://scholar.google.com/scholar?q=related:y7fPlZkYmb8J:scholar.google.com/&scioq=plecoptera%7Cstonefly%7Cstoneflies&hl=en&as_sdt=0,5&as_ylo=2023&as_yhi=2023"
0,"ZC Stephenson","In-Stream Videography Reveals Temporal and Spatial Variation in Resource Exploitation by Stream-Dwelling Bull Trout (Salvelinus confluentus)",2023,"","search.proquest.com","https://search.proquest.com/openview/05553f0ac76cb426219073c9a9e4b3cc/1?pq-origsite=gscholar&cbl=18750&diss=y","",875,"2026-04-12 17:51:05","","","",,,,,,0,0.00,0,1,3,"In presenting this thesis in partial fulfillment of the requirements for an advanced degree at Idaho State University, I agree t Page 1 In presenting this thesis in partial fulfillment of the …","","https://scholar.google.com/scholar?q=related:y3VwuQrgZygJ:scholar.google.com/&scioq=plecoptera%7Cstonefly%7Cstoneflies&hl=en&as_sdt=0,5&as_ylo=2023&as_yhi=2023"
0,"N Marinković, B Tubić, A Atanacković…","Indicative ecological status assessment of Ribnica River (Kolubara basin) based on aquatic macroinvertebrates",2023,"… Ecological Truth and …","radar.ibiss.bg.ac.rs","https://radar.ibiss.bg.ac.rs/handle/123456789/6486","",564,"2026-04-12 17:51:05","","","",,,,,,0,0.00,0,4,3,"This paper aims to present indicative ecological status of the Ribnica River, a tributary to the Kolubara River, based on aquatic macroinvertebrate community. On 7 selected localities a …","https://radar.ibiss.bg.ac.rs/bitstream/handle/123456789/6486/bitstream_16325.pdf?sequence=1&isAllowed=y","https://scholar.google.com/scholar?q=related:KK2l2Pi7Tb4J:scholar.google.com/&scioq=plecoptera%7Cstonefly%7Cstoneflies&hl=en&as_sdt=0,5&as_ylo=2023&as_yhi=2023"
1,"ML Reed, GE Jones, WW Hoback","Inexpensive substrate sampler for macroinvertebrates",2023,"Environmental Quality …","Wiley Online Library","https://onlinelibrary.wiley.com/doi/abs/10.1002/tqem.21937","https://scholar.google.com/scholar?cites=11773001187997776684&as_sdt=2005&sciodt=0,5&hl=en",505,"2026-04-12 17:51:05","","10.1002/tqem.21937","",,,,,,1,0.33,0,3,3,"Assessment of aquatic macroinvertebrates is a critical component of many watershed monitoring programs and passive samplers are often used to collect long‐term site data, especially …","","https://scholar.google.com/scholar?q=related:LPvbVjQaYqMJ:scholar.google.com/&scioq=plecoptera%7Cstonefly%7Cstoneflies&hl=en&as_sdt=0,5&as_ylo=2023&as_yhi=2023"
8,"F Cianferoni, E Lunghi","Inferring on Speleomantes Foraging Behavior from Gut Contents Examination",2023,"Animals","mdpi.com","https://www.mdpi.com/2076-2615/13/17/2782","https://scholar.google.com/scholar?cites=8048009103331990198&as_sdt=2005&sciodt=0,5&hl=en",536,"2026-04-12 17:51:05","HTML","","",,,,,,8,2.67,4,2,3,"Simple Summary The foraging behavior of European cave salamanders (genus Speleomantes) is discussed through more detailed considerations starting from published datasets …","https://www.mdpi.com/2076-2615/13/17/2782","https://scholar.google.com/scholar?q=related:tpo2qaNFsG8J:scholar.google.com/&scioq=plecoptera%7Cstonefly%7Cstoneflies&hl=en&as_sdt=0,5&as_ylo=2023&as_yhi=2023"
3,"J Reiners","Influence of the Physical and Chemical Properties of Hardened Cement Paste on the Fire-Induced Spalling of Concrete",2023,"","d-nb.info","https://d-nb.info/128902393X/34","https://scholar.google.com/scholar?cites=11395106194362890348&as_sdt=2005&sciodt=0,5&hl=en",975,"2026-04-12 17:51:05","PDF","","",,,,,,3,1.00,3,1,3,"A number of major fire incidents in recent decades, particularly in tunnels and indoor car parks, have increased the awareness among construction designers towards the potential …","https://d-nb.info/128902393X/34","https://scholar.google.com/scholar?q=related:bHjavLWMI54J:scholar.google.com/&scioq=plecoptera%7Cstonefly%7Cstoneflies&hl=en&as_sdt=0,5&as_ylo=2023&as_yhi=2023"
8,"AS Kolath, S Egemose","Influences of urban discharges and urban heat effects on stream temperature",2023,"Hydrology","mdpi.com","https://www.mdpi.com/2306-5338/10/2/30","https://scholar.google.com/scholar?cites=4312805668145195231&as_sdt=2005&sciodt=0,5&hl=en",542,"2026-04-12 17:51:05","HTML","","",,,,,,8,2.67,4,2,3,"… for stoneflies, caddisflies, and mayflies, this temperature limit lies in the range of 22.3–30.1 C. However, the summer temperatures might have negatively impacted stonefly-… as stoneflies, …","https://www.mdpi.com/2306-5338/10/2/30","https://scholar.google.com/scholar?q=related:3-gVq-cp2jsJ:scholar.google.com/&scioq=plecoptera%7Cstonefly%7Cstoneflies&hl=en&as_sdt=0,5&as_ylo=2023&as_yhi=2023"
0,"MMJS SILVA","INFORME MONITOREO ESTACIONAL DE MACROINVERTEBRADOS HUMEDALES RÍO QUEULE MAYO 2023",2023,"","gefhumedales.mma.gob.cl","https://gefhumedales.mma.gob.cl/wp-content/uploads/2023/05/Informe-MIB-Queule-Otono-2023_VF.pdf","",882,"2026-04-12 17:51:05","PDF","","",,,,,,0,0.00,0,1,3,"Los Macroinvertebrados bentónicos corresponden a invertebrados que habitan sobre el fondo de los sistemas acuáticos durante todo el ciclo o parte de éste (Alba-Tercedor, 2005). …","https://gefhumedales.mma.gob.cl/wp-content/uploads/2023/05/Informe-MIB-Queule-Otono-2023_VF.pdf","https://scholar.google.com/scholar?q=related:uSoAmIC_nIwJ:scholar.google.com/&scioq=plecoptera%7Cstonefly%7Cstoneflies&hl=en&as_sdt=0,5&as_ylo=2023&as_yhi=2023"
0,"O Yadamsuren, N Dashdondog, T Pintsag…","Initial Development of a Benthic Macroinvertebrate Multimetric Index for Northern Mongolian Streams",,"Available at SSRN …","papers.ssrn.com","https://papers.ssrn.com/sol3/papers.cfm?abstract_id=4606168","",419,"2026-04-12 17:51:05","","","",,,,,,0,0.00,0,4,,"… richness, Plecoptera richness, Trichoptera richness and percentage of EPT (r = 0.8, P < 0.001), … belonging to the insect orders Ephemeroptera, Plecoptera, and Trichoptera (EPT) are …","https://papers.ssrn.com/sol3/Delivery.cfm?abstractid=4606168","https://scholar.google.com/scholar?q=related:IMRKTByFouAJ:scholar.google.com/&scioq=plecoptera%7Cstonefly%7Cstoneflies&hl=en&as_sdt=0,5&as_ylo=2023&as_yhi=2023"
43,"SPS Yadav, R Adhikari, D Bhatta, A Poudel…","Initiatives for biodiversity conservation and utilization in crop protection: A strategy for sustainable crop production",2023,"Biodiversity and …","Springer","https://link.springer.com/article/10.1007/s10531-023-02718-4","https://scholar.google.com/scholar?cites=6712898793492839143&as_sdt=2005&sciodt=0,5&hl=en",605,"2026-04-12 17:51:05","","10.1007/s10531-023-02718-4","",,,,,,43,14.33,9,5,3,"A major challenge for mankind is how to increase agricultural productivity while preserving and increasing biodiversity. The competition between humans, weeds, pests, and diseases …","","https://scholar.google.com/scholar?q=related:5_pJ3-IBKV0J:scholar.google.com/&scioq=plecoptera%7Cstonefly%7Cstoneflies&hl=en&as_sdt=0,5&as_ylo=2023&as_yhi=2023"
1,"Reflinaldon, H Hamid","Insect diversity on wheat as a new cultivation crop in West Sumatera",2023,"IOP Conference Series: Earth and …","iopscience.iop.org","https://iopscience.iop.org/article/10.1088/1755-1315/1133/1/012068/meta","https://scholar.google.com/scholar?cites=15063467098358397278&as_sdt=2005&sciodt=0,5&hl=en",620,"2026-04-12 17:51:05","","10.1088/1755-1315/1133/1/012068","",,,,,,1,0.33,1,2,3,"As a new crop is being introduced, wheat will affect the diversity of insects in the highlands, which is usually a vegetable planting area in West Sumatra. This study focuses on collecting, …","https://iopscience.iop.org/article/10.1088/1755-1315/1133/1/012068/pdf","https://scholar.google.com/scholar?q=related:XrlvK4QvDNEJ:scholar.google.com/&scioq=plecoptera%7Cstonefly%7Cstoneflies&hl=en&as_sdt=0,5&as_ylo=2023&as_yhi=2023"
0,"NMR Parrado","Insectos acuáticos en aríbalos incas: aproximación e identificación de nuevas especies-iconografía inca",2023,"Historia Revista de la Carrera de Historia","ojs.umsa.bo","https://ojs.umsa.bo/index.php/revistahistoria/article/view/622","",647,"2026-04-12 17:51:05","","","",,,,,,0,0.00,0,1,3,"… “Un segundo insecto ejemplar adulto del Orden Plecoptera. Las náyades (formas juveniles) de este grupo de insectos se desarrollan en el agua. El dibujo corresponde a un adulto, el …","https://ojs.umsa.bo/index.php/revistahistoria/article/download/622/496","https://scholar.google.com/scholar?q=related:e-6fqIJqi8QJ:scholar.google.com/&scioq=plecoptera%7Cstonefly%7Cstoneflies&hl=en&as_sdt=0,5&as_ylo=2023&as_yhi=2023"
225,"S Chowdhury, VK Dubey, S Choudhury…","Insects as bioindicator: A hidden gem for environmental monitoring",2023,"Frontiers in …","frontiersin.org","https://www.frontiersin.org/journals/environmental-science/articles/10.3389/fenvs.2023.1146052/full","https://scholar.google.com/scholar?cites=11185509917896201850&as_sdt=2005&sciodt=0,5&hl=en",326,"2026-04-12 17:51:05","HTML","10.3389/fenvs.2023.1146052","",,,,,,225,75.00,56,4,3,"… , and Trichoptera (EPT), more commonly referred to as mayflies, stoneflies, and caddisflies are great bioindicators of good water quality. Mayflies are sensitive to oxygen depletion in …","https://www.frontiersin.org/journals/environmental-science/articles/10.3389/fenvs.2023.1146052/full","https://scholar.google.com/scholar?q=related:etbPxwHqOpsJ:scholar.google.com/&scioq=plecoptera%7Cstonefly%7Cstoneflies&hl=en&as_sdt=0,5&as_ylo=2023&as_yhi=2023"
0,"Priya, R Kumar","Insects Nutrition and 3D Printing",2023,"3D Printing of Sustainable Insect Materials","Springer","https://link.springer.com/chapter/10.1007/978-3-031-25994-4_4","",703,"2026-04-12 17:51:05","","10.1007/978-3-031-25994-4_4","",,,,,,0,0.00,0,2,3,"An abundance of edible insect species results in high nutritional variability. Within the identical group of eatable insect species, values may differ depending on the insect’s metamorphic …","","https://scholar.google.com/scholar?q=related:yvEgXfWax6gJ:scholar.google.com/&scioq=plecoptera%7Cstonefly%7Cstoneflies&hl=en&as_sdt=0,5&as_ylo=2023&as_yhi=2023"
1,"I Riba, E Bonnail, MJ Salamanca, M Conradi…","Integrative Assessment of Sediment Quality in the São Francisco River (Mina Gerais, Brazil)",2023,"Applied Sciences","mdpi.com","https://www.mdpi.com/2076-3417/13/6/3465","https://scholar.google.com/scholar?cites=6394697312239995147&as_sdt=2005&sciodt=0,5&hl=en",905,"2026-04-12 17:51:05","HTML","","",,,,,,1,0.33,0,5,3,"… The presence of mayflies or stoneflies indicated the best water quality, with a score of 10, while worms indicated the worse water quality, with a score of 1 [24]. …","https://www.mdpi.com/2076-3417/13/6/3465","https://scholar.google.com/scholar?q=related:C8k1LlOHvlgJ:scholar.google.com/&scioq=plecoptera%7Cstonefly%7Cstoneflies&hl=en&as_sdt=0,5&as_ylo=2023&as_yhi=2023"
0,"D Hlebec","Integrative biodiversity research of pseudoscorpions (Pseudoscorpiones, Arachnida, Chelicerata) and stoneflies (Plecoptera, Insecta, Hexapoda) in Croatia",2023,"","repozitorij.pmf.unizg.hr","https://repozitorij.pmf.unizg.hr/object/pmf:11778","",53,"2026-04-12 17:51:05","","","",,,,,,0,0.00,0,1,3,"Human actions pose a significant threat to biological diversity. Habitat degradation and fragmentation, pollution, overexploitation of species, the introduction of invasive species, and …","https://repozitorij.pmf.unizg.hr/object/pmf:11778/FILE0/download","https://scholar.google.com/scholar?q=related:Ub6EERW5XHoJ:scholar.google.com/&scioq=plecoptera%7Cstonefly%7Cstoneflies&hl=en&as_sdt=0,5&as_ylo=2023&as_yhi=2023"
3,"JM Hutton, SC Richter, SJ Price","Inter-and intra-specific dietary overlap in predacious bi-phasic salamanders",2023,"Hydrobiologia","Springer","https://link.springer.com/article/10.1007/s10750-023-05161-2","https://scholar.google.com/scholar?cites=7154438564727061436&as_sdt=2005&sciodt=0,5&hl=en",299,"2026-04-12 17:51:05","","10.1007/s10750-023-05161-2","",,,,,,3,1.00,1,3,3,"When multiple species with similar trophic niches co-occur in an ecosystem, foraging, refuge, and breeding microhabitats are predicted to be partitioned in order to enable their …","https://drive.google.com/file/d/1_Albs0vCA-fMWxM_hFhlwRHGDRUjiCSW/view","https://scholar.google.com/scholar?q=related:vHvpAfirSWMJ:scholar.google.com/&scioq=plecoptera%7Cstonefly%7Cstoneflies&hl=en&as_sdt=0,5&as_ylo=2023&as_yhi=2023"
1,"A López-de Sancha, A Vila-Gispert, H Guasch","Interacting impacts of damming and metal pollution on the Pyrenean Brook Newt, Calotriton asper (Dugès, 1852)",2023,"Herpetology Notes","biotaxa.org","https://www.biotaxa.org/hn/article/view/71333","https://scholar.google.com/scholar?cites=5344589658965169806&as_sdt=2005&sciodt=0,5&hl=en",640,"2026-04-12 17:51:05","","","",,,,,,1,0.33,0,3,3,"The Pyrenean Brook Newt, Calotriton asper, is a key component of the ecosystem in Pyrenean headwater streams. We here describe the effects of metal pollution and damming on a …","https://www.biotaxa.org/hn/article/download/71333/76703","https://scholar.google.com/scholar?q=related:jlbYXPrLK0oJ:scholar.google.com/&scioq=plecoptera%7Cstonefly%7Cstoneflies&hl=en&as_sdt=0,5&as_ylo=2023&as_yhi=2023"
79,"AANA Rakotomalala, AM Ficiciyan…","Intercropping enhances beneficial arthropods and controls pests: A systematic review and meta-analysis",2023,"Agriculture, Ecosystems & …","Elsevier","https://www.sciencedirect.com/science/article/pii/S0167880923002761","https://scholar.google.com/scholar?cites=4596535773876586379&as_sdt=2005&sciodt=0,5&hl=en",462,"2026-04-12 17:51:05","","","",,,,,,79,26.33,26,3,3,"Agricultural land use is a major driver of biodiversity decline worldwide, but adopting sustainable farming practices can help to restore or maintain biodiversity and associated …","","https://scholar.google.com/scholar?q=related:iwdKz-4syj8J:scholar.google.com/&scioq=plecoptera%7Cstonefly%7Cstoneflies&hl=en&as_sdt=0,5&as_ylo=2023&as_yhi=2023"
0,"R Redak","Introduction to and Importance",2023,"Forest Entomology and Pathology: Volume 1 …","books.google.com","https://books.google.com/books?hl=en&lr=&id=9gzJEAAAQBAJ&oi=fnd&pg=PA1&dq=plecoptera%7Cstonefly%7Cstoneflies&ots=6EnFcKDYRM&sig=ipzVnCgSgBmKDg73Rq_GP0OozbA","",443,"2026-04-12 17:51:05","","","",,,,,,0,0.00,0,1,3,"Insects and closely related arthropods are the dominant and most diverse forms of terrestrial and aquatic (non-marine) animal life on the planet. Other than marine systems, insects …","","https://scholar.google.com/scholar?q=related:ET7wvcWvwT0J:scholar.google.com/&scioq=plecoptera%7Cstonefly%7Cstoneflies&hl=en&as_sdt=0,5&as_ylo=2023&as_yhi=2023"
0,"M Hesek, P Edwards","Invasive Plant Species and Their Impact on Stream Health using Macroinvertebrates in the Willamette Valley, Oregon",2023,"PSU McNair Scholars Online …","pdxscholar.library.pdx.edu","https://pdxscholar.library.pdx.edu/mcnair/vol16/iss1/2/","",290,"2026-04-12 17:51:05","","","",,,,,,0,0.00,0,2,3,"Oregon spends approximately $83 million annually to maintain invasive plant species, which decreases resource availability for the environment and humanity. Their continued spread …","https://pdxscholar.library.pdx.edu/cgi/viewcontent.cgi?article=1235&context=mcnair","https://scholar.google.com/scholar?q=related:NbBw9Etn6boJ:scholar.google.com/&scioq=plecoptera%7Cstonefly%7Cstoneflies&hl=en&as_sdt=0,5&as_ylo=2023&as_yhi=2023"
22,"HC Glassic, CS Guy, LM Tronstad, DR Lujan…","Invasive predator diet plasticity has implications for native fish conservation and invasive species suppression",2023,"PLoS …","journals.plos.org","https://journals.plos.org/plosone/article?id=10.1371/journal.pone.0279099","https://scholar.google.com/scholar?cites=6131944836185316522&as_sdt=2005&sciodt=0,5&hl=en",535,"2026-04-12 17:51:05","HTML","","",,,,,,22,7.33,4,5,3,"Diet plasticity is a common behavior exhibited by piscivores to sustain predator biomass when preferred prey biomass is reduced. Invasive piscivore diet plasticity could complicate …","https://journals.plos.org/plosone/article?id=10.1371/journal.pone.0279099","https://scholar.google.com/scholar?q=related:qtwdD1cLGVUJ:scholar.google.com/&scioq=plecoptera%7Cstonefly%7Cstoneflies&hl=en&as_sdt=0,5&as_ylo=2023&as_yhi=2023"
0,"SHJ Sholehah","INVENTARISASI MAKROINVERTEBRATA DI ANAKAN SUNGAI DESA PERADUAN WARAS LAMPUNG UTARA SEBAGAI SUMBER BELAJAR BIOLOGI BERUPA …",2023,"","eprints.ummetro.ac.id","https://eprints.ummetro.ac.id/2247/","",960,"2026-04-12 17:51:05","","","",,,,,,0,0.00,0,1,3,"Penelitian ini bertujuan untuk (1) Mengidentifikasi jenis-jenis makroinvertebrata yang hidup di Anakan Sungai Desa Peraduan Waras Lampung Utara (2) Mengetahui produk hasil …","https://eprints.ummetro.ac.id/2247/3/BAB%20I.pdf","https://scholar.google.com/scholar?q=related:CFdRdFSqaG8J:scholar.google.com/&scioq=plecoptera%7Cstonefly%7Cstoneflies&hl=en&as_sdt=0,5&as_ylo=2023&as_yhi=2023"
13,"M Hassan, SM Haq, MS Amjad, R Ahmad…","Invertebrates and herptiles for livelihoods—ethnozoological use among different ethnic communities in Jammu and Kashmir (Indian Himalayas)",2023,"Frontiers in …","frontiersin.org","https://www.frontiersin.org/journals/pharmacology/articles/10.3389/fphar.2022.1043155/full","https://scholar.google.com/scholar?cites=16741964175525633818&as_sdt=2005&sciodt=0,5&hl=en",442,"2026-04-12 17:51:05","HTML","10.3389/fphar.2022.1043155","",,,,,,13,4.33,3,5,3,"Background: Ethnic communities have relied on animals and their derived products for ages, and their use is often intricately related to many cultural features. In remote regions across …","https://www.frontiersin.org/journals/pharmacology/articles/10.3389/fphar.2022.1043155/full","https://scholar.google.com/scholar?q=related:Gl-FBLdnV-gJ:scholar.google.com/&scioq=plecoptera%7Cstonefly%7Cstoneflies&hl=en&as_sdt=0,5&as_ylo=2023&as_yhi=2023"
0,"K Espino, U Jiménez, E Deago","Ipeti river's water quality based on the aquatic macroinvertebrates community Calidad del agua del río Ipetí con base en la comunidad de macroinvertebrados …",,"researchgate.net","","https://www.researchgate.net/profile/Jose-Jimenez-84/publication/368598384_Ipeti_River's_Water_Quality_Based_on_the_Aquatic_Macroinvertebrates_Community/links/6478ede2d702370600c77947/Ipeti-Rivers-Water-Quality-Based-on-the-Aquatic-Macroinvertebrates-Community.pdf","",592,"2026-04-12 17:51:05","PDF","","",,,,,,0,0.00,0,3,,"Esta investigación tuvo como objetivo determinar la composición y la abundancia de macroinvertebrados a nivel de orden y familia taxonómica, y la calidad del agua en el río Ipetí con …","https://www.researchgate.net/profile/Jose-Jimenez-84/publication/368598384_Ipeti_River's_Water_Quality_Based_on_the_Aquatic_Macroinvertebrates_Community/links/6478ede2d702370600c77947/Ipeti-Rivers-Water-Quality-Based-on-the-Aquatic-Macroinvertebrates-Community.pdf","https://scholar.google.com/scholar?q=related:pm2FMXM2fn0J:scholar.google.com/&scioq=plecoptera%7Cstonefly%7Cstoneflies&hl=en&as_sdt=0,5&as_ylo=2023&as_yhi=2023"
28,"RJ Fournier, G de Mendoza, R Sarremejane, A Ruhi","Isolation controls reestablishment mechanisms and post‐drying community structure in an intermittent stream",2023,"Ecology","Wiley Online Library","https://esajournals.onlinelibrary.wiley.com/doi/abs/10.1002/ecy.3911","https://scholar.google.com/scholar?cites=16299549468892307643&as_sdt=2005&sciodt=0,5&hl=en",194,"2026-04-12 17:51:05","","10.1002/ecy.3911","",,,,,,28,9.33,7,4,3,"… Plecoptera abundance with downstream sites having higher abundances than less fragmented sites (F 1,28 = 10.231, p = 0.003). Among Plecoptera … In our case, Plecoptera abundance …","https://esajournals.onlinelibrary.wiley.com/doi/pdfdirect/10.1002/ecy.3911","https://scholar.google.com/scholar?q=related:u6A7HOKhM-IJ:scholar.google.com/&scioq=plecoptera%7Cstonefly%7Cstoneflies&hl=en&as_sdt=0,5&as_ylo=2023&as_yhi=2023"
4,"N Shiozuka, I Katano, T Kanzaki, R Kikuchi, N Sato…","Isotopic diet analysis of the Japanese water shrew Chimarrogale platycephala to estimate their feeding habits and the usefulness of body hair samples",2023,"Mammal Study","BioOne","https://bioone.org/journals/mammal-study/volume-48/issue-1/ms2022-0021/Isotopic-Diet-Analysis-of-the-Japanese-Water-Shrew-iChimarrogale-platycephala/10.3106/ms2022-0021.short","https://scholar.google.com/scholar?cites=7883121764386512074&as_sdt=2005&sciodt=0,5&hl=en",704,"2026-04-12 17:51:05","","10.3106/ms2022-0021.short","",,,,,,4,1.33,1,6,3,". The water shrew Chimarrogale platycephala is an endangered species in Japan. Although immediate conservation actions are necessary, detailed information on this species is …","https://bioone.org/journals/mammal-study/volume-48/issue-1/ms2022-0021/Isotopic-Diet-Analysis-of-the-Japanese-Water-Shrew-Chimarrogale-platycephala/10.3106/ms2022-0021.pdf","https://scholar.google.com/scholar?q=related:ypxoZ3p5Zm0J:scholar.google.com/&scioq=plecoptera%7Cstonefly%7Cstoneflies&hl=en&as_sdt=0,5&as_ylo=2023&as_yhi=2023"
0,"M Akar","İsrafil Deresi'nin (Denizli) bentik makroomurgasız faunası ve su kalitesi durumunun belirlenmesİ",2023,"","gcris.pau.edu.tr","https://gcris.pau.edu.tr/entities/publication/37289d69-70ca-47f8-80b0-d6c42ed268eb","",184,"2026-04-12 17:51:05","","","",,,,,,0,0.00,0,1,3,"… Yüksek rakımlı bölgelerde Plecoptera takımına ait olan türler (Chloroperla sp., Nemoura sp.) yoğun olarak görülmüştür ve tüm çay yatağı boyunca sayıları azalır. Ephemeroptera …","https://gcris.pau.edu.tr/server/api/core/bitstreams/64847def-9b81-41e0-bf1f-ff56b55c82d4/content","https://scholar.google.com/scholar?q=related:lCHwHT4eqtcJ:scholar.google.com/&scioq=plecoptera%7Cstonefly%7Cstoneflies&hl=en&as_sdt=0,5&as_ylo=2023&as_yhi=2023"
5,"P Koperski","It is not only data—freshwater invertebrates misused in biological monitoring",2023,"Animals","mdpi.com","https://www.mdpi.com/2076-2615/13/16/2570","https://scholar.google.com/scholar?cites=4345943157319828435&as_sdt=2005&sciodt=0,5&hl=en",615,"2026-04-12 17:51:05","HTML","","",,,,,,5,1.67,5,1,3,"Simple Summary The article explains why using free-living invertebrates in biomonitoring aimed at assessing the ecological status of rivers, lakes, streams and ponds can be …","https://www.mdpi.com/2076-2615/13/16/2570","https://scholar.google.com/scholar?q=related:04MWmkbkTzwJ:scholar.google.com/&scioq=plecoptera%7Cstonefly%7Cstoneflies&hl=en&as_sdt=0,5&as_ylo=2023&as_yhi=2023"
0,"P Koperski","It Is Not Only Data—Freshwater Invertebrates Misused in Biological Monitoring. Animals 2023, 13, 2570",2023,"","academia.edu","https://www.academia.edu/download/105628365/pdf.pdf","",806,"2026-04-12 17:51:05","PDF","","",,,,,,0,0.00,0,1,3,"The article presents and discusses the issues of the use of free-living invertebrates to assess the ecological status of freshwater environments with different methods of biological …","https://www.academia.edu/download/105628365/pdf.pdf","https://scholar.google.com/scholar?q=related:IhDuBBdO2r4J:scholar.google.com/&scioq=plecoptera%7Cstonefly%7Cstoneflies&hl=en&as_sdt=0,5&as_ylo=2023&as_yhi=2023"
0,"I Evelyn","It's Free Real Estate: Benthic Assemblage Composition on Bluehead Chub Nests in Southeastern Streams",2023,"","open.clemson.edu","https://open.clemson.edu/all_theses/3970/","",618,"2026-04-12 17:51:05","","","",,,,,,0,0.00,0,1,3,"… We would expect taxa with lithophil-oriented traits or traits more adapted to gravel to be associated with nests; ie we would expect clingers such as stoneflies (Plecoptera) to be more …","https://open.clemson.edu/cgi/viewcontent.cgi?article=5094&context=all_theses","https://scholar.google.com/scholar?q=related:CmwMFXOm7VsJ:scholar.google.com/&scioq=plecoptera%7Cstonefly%7Cstoneflies&hl=en&as_sdt=0,5&as_ylo=2023&as_yhi=2023"
29,"K Sato, N Ishizuka","Japanese attitude toward insects as food: The role of tradition",2023,"Appetite","Elsevier","https://www.sciencedirect.com/science/article/pii/S0195666322004329","https://scholar.google.com/scholar?cites=7060310191070973020&as_sdt=2005&sciodt=0,5&hl=en",273,"2026-04-12 17:51:05","","","",,,,,,29,9.67,15,2,3,"This study investigated the influence of traditional insect food culture on the acceptance of novel insect foods by comparing a sample from the Kanto area (N = 485) as representative of …","https://www.sciencedirect.com/science/article/am/pii/S0195666322004329","https://scholar.google.com/scholar?q=related:XAzbLrZC-2EJ:scholar.google.com/&scioq=plecoptera%7Cstonefly%7Cstoneflies&hl=en&as_sdt=0,5&as_ylo=2023&as_yhi=2023"
0,"RA Eckert, WO Lamp, G Marbach-Ad","Jigsaw dissection activity enhances student ability to relate morphology and ecology in aquatic insects",2023,"Journal of Biological …","Taylor &Francis","https://www.tandfonline.com/doi/abs/10.1080/00219266.2021.2006268","",210,"2026-04-12 17:51:05","","10.1080/00219266.2021.2006268","",,,,,,0,0.00,0,3,3,"… and a predatory perlid stonefly in order to help students see differences in morphology … perlid stonefly (Plecoptera: Perlidae) and a shredding Pteronarcys sp. stonefly (Plecoptera: …","","https://scholar.google.com/scholar?q=related:p8STI3wpDMYJ:scholar.google.com/&scioq=plecoptera%7Cstonefly%7Cstoneflies&hl=en&as_sdt=0,5&as_ylo=2023&as_yhi=2023"
5,"DA Kopp, JL Stoddard, RA Hill, JM Doyle…","Joint species distribution models reveal taxon-specific sensitivities to potential anthropogenic alteration",2023,"Freshwater …","journals.uchicago.edu","https://www.journals.uchicago.edu/doi/abs/10.1086/726283","https://scholar.google.com/scholar?cites=4708462437812555444&as_sdt=2005&sciodt=0,5&hl=en",610,"2026-04-12 17:51:05","","10.1086/726283","",,,,,,5,1.67,1,5,3,"Taxon–environment relationships can elucidate a taxon’s tolerance or sensitivity to specific environmental conditions. We use a joint species distribution modeling framework to quantify …","https://pmc.ncbi.nlm.nih.gov/articles/PMC12013713/","https://scholar.google.com/scholar?q=related:tE4WBKTRV0EJ:scholar.google.com/&scioq=plecoptera%7Cstonefly%7Cstoneflies&hl=en&as_sdt=0,5&as_ylo=2023&as_yhi=2023"
0,"N Nurman","KEANEKARAGAMAN MAKROINVERTEBRATA SEBAGAI BIOINDIKATOR KUALITAS AIR SUNGAI TANGKA KECAMATAN TMACROINVERTEBRATE DIVERSITY AS …",2023,"","repository.unhas.ac.id","https://repository.unhas.ac.id/id/eprint/30692/","",601,"2026-04-12 17:51:05","","","",,,,,,0,0.00,0,1,3,"Monitoring kualitas air menggunakan makroinvertebrata penting dilakukan untuk melihat kaitan antara aktivitas antropogenik di sekitar daerah aliran sungai dengan kualitas …","https://repository.unhas.ac.id/id/eprint/30692/3/H052192002_tesis_27-10-2023%20dp.pdf","https://scholar.google.com/scholar?q=related:gZgvpjrrWBcJ:scholar.google.com/&scioq=plecoptera%7Cstonefly%7Cstoneflies&hl=en&as_sdt=0,5&as_ylo=2023&as_yhi=2023"
0,"D Satria","KEANEKARAGAMAN SERANGGA AIR YANG TERDAPAT DI SUNGAI PENAGO KECAMATAN ILIR TALO KABUPATEN SELUMA PROVINSI BENGKULU",2023,"","repository.umb.ac.id","https://repository.umb.ac.id/679/1/JURNAL%20SKRIPSI%20DONI%20SATRIA%20-%20PRODI%20BIOLOGI%202024.pdf","",841,"2026-04-12 17:51:05","PDF","","",,,,,,0,0.00,0,1,3,"… Sebagai indikator, serangga tersebut ada yang peka terhadap bahan organik salah satunya Ordo Plecoptera (Lalat Batu), ada yang kurang tahan dan ada pula yang sangat tahan …","https://repository.umb.ac.id/679/1/JURNAL%20SKRIPSI%20DONI%20SATRIA%20-%20PRODI%20BIOLOGI%202024.pdf","https://scholar.google.com/scholar?q=related:gLk8LeZ6AcoJ:scholar.google.com/&scioq=plecoptera%7Cstonefly%7Cstoneflies&hl=en&as_sdt=0,5&as_ylo=2023&as_yhi=2023"
1,"LS Balliesta","Keanekaragaman serangga permukaan tanah di perkebunan jeruk semiorganik dan anorganik desa Kucur Kecamatan Dau Kabupaten Malang",2023,"","etheses.uin-malang.ac.id","http://etheses.uin-malang.ac.id/id/eprint/57181","https://scholar.google.com/scholar?cites=508676988774765221&as_sdt=2005&sciodt=0,5&hl=en",900,"2026-04-12 17:51:05","","","",,,,,,1,0.33,1,1,3,"… Plecoptera adalah serangga dengan sayap terlipat dan biasa disebut lalat batu. Tubuh dari serangga ini memiliki ukuran sedang hingga besar, memiliki antena panjang menyerupai …","http://etheses.uin-malang.ac.id/57181/2/19620044.pdf","https://scholar.google.com/scholar?q=related:pdJVtQYvDwcJ:scholar.google.com/&scioq=plecoptera%7Cstonefly%7Cstoneflies&hl=en&as_sdt=0,5&as_ylo=2023&as_yhi=2023"
0,"JR Downie, RB Weddle…","Kelvin Biodiversity Network: a decade of co-operation and citizen science",2023,"Glasgow …","glasgownaturalhistory.org.uk","https://www.glasgownaturalhistory.org.uk/gn28_2/Downie_etal_KelvinBiodiversityNetwork.pdf","",332,"2026-04-12 17:51:05","PDF","","",,,,,,0,0.00,0,3,3,"… Early signs of improvement in the lower Kelvin were the appearance of stonefly (Plecoptera) larvae in 1999, followed by pollution-sensitive cased caddisflies (Trichoptera) in 2005. …","https://www.glasgownaturalhistory.org.uk/gn28_2/Downie_etal_KelvinBiodiversityNetwork.pdf","https://scholar.google.com/scholar?q=related:6gclhpmzz7YJ:scholar.google.com/&scioq=plecoptera%7Cstonefly%7Cstoneflies&hl=en&as_sdt=0,5&as_ylo=2023&as_yhi=2023"
0,"LH Almeida","Kempnyia Klapálek, 1914 (Plecoptera: Perlidae): delimitação de espécies e associação adulto-ninfa utilizando ferramentas moleculares",2023,"","repositorio.unesp.br","https://repositorio.unesp.br/entities/publication/bcc4cd77-82c7-429b-b8f6-eaccd7b00b94","",57,"2026-04-12 17:51:05","","","",,,,,,0,0.00,0,1,3,"Kempnyia (Plecoptera: Perlidae) is an endemic genus of Brazilian stoneflies that has 36 valid species and is distributed primarily in the Atlantic Forest and the mountainous areas of …","https://repositorio.unesp.br/bitstreams/a1f431e7-da01-4fac-a472-77427392bace/download","https://scholar.google.com/scholar?q=related:0tfau7_RkQIJ:scholar.google.com/&scioq=plecoptera%7Cstonefly%7Cstoneflies&hl=en&as_sdt=0,5&as_ylo=2023&as_yhi=2023"
0,"K Johnson, TU Kiap-TU-Wish Chapter, C Garry…","Kinnickinnic River Macroinvertebrate Monitoring: Past, Present, and Future",2023,"","kiaptuwish.org","https://www.kiaptuwish.org/wp-content/uploads/2023/05/Kinnickinnic-River-Macroinvertebrate-Monitoring_RipRap-Article_0523a.pdf","",480,"2026-04-12 17:51:05","PDF","","",,,,,,0,0.00,0,4,3,"… For example, generic richness, species richness, presence of Ephemeroptera, Plecoptera and Trichoptera, and relative abundance of functional feeding groups, among others, can be …","https://www.kiaptuwish.org/wp-content/uploads/2023/05/Kinnickinnic-River-Macroinvertebrate-Monitoring_RipRap-Article_0523a.pdf","https://scholar.google.com/scholar?q=related:4tFqtungYeYJ:scholar.google.com/&scioq=plecoptera%7Cstonefly%7Cstoneflies&hl=en&as_sdt=0,5&as_ylo=2023&as_yhi=2023"
0,"JM Hwang, JH Kang, D Murányi, YJ Bae","Korean stoneflies (Plecoptera) with four new species and three new Korean records",2023,"한국응용곤충학회 학술대회논문집","","","",144,"2026-04-12 17:51:05","CITATION","","",,,,,,0,0.00,0,4,3,"","","https://scholar.google.com/scholar?q=related:DXoFi3xckM8J:scholar.google.com/&scioq=plecoptera%7Cstonefly%7Cstoneflies&hl=en&as_sdt=0,5&as_ylo=2023&as_yhi=2023"
42,"K Ohler, VC Schreiner, M Link, M Liess…","Land use changes biomass and temporal patterns of insect cross‐ecosystem flows",2023,"Global Change …","Wiley Online Library","https://onlinelibrary.wiley.com/doi/abs/10.1111/gcb.16462","https://scholar.google.com/scholar?cites=10289903740662684470&as_sdt=2005&sciodt=0,5&hl=en",169,"2026-04-12 17:51:05","","10.1111/gcb.16462","",,,,,,42,14.00,8,5,3,"… Except for stoneflies, biomass and abundance of major orders were higher in agriculture, but their phenology differed. For different orders, emergence peaked 30 days earlier to 51 days …","https://onlinelibrary.wiley.com/doi/pdf/10.1111/gcb.16462","https://scholar.google.com/scholar?q=related:NpspE-8UzY4J:scholar.google.com/&scioq=plecoptera%7Cstonefly%7Cstoneflies&hl=en&as_sdt=0,5&as_ylo=2023&as_yhi=2023"
34,"FF Bomfim, ALB Fares, DGL Melo, E Vieira…","Land use increases macrophytes beta diversity in Amazon streams by favoring amphibious life forms species",2023,"Community …","Springer","https://link.springer.com/article/10.1007/s42974-023-00139-5","https://scholar.google.com/scholar?cites=15151508240094805875&as_sdt=2005&sciodt=0,5&hl=en",491,"2026-04-12 17:51:05","","10.1007/s42974-023-00139-5","",,,,,,34,11.33,7,5,3,"Land use has transformed landscapes, altered water and soil physical–chemical parameters, reduced habitat availability, and limited species occurrence. Here, we investigated the …","https://www.researchgate.net/profile/Ana-Fares-2/publication/369100566_Land_use_increases_macrophytes_beta_diversity_in_Amazon_streams_by_favoring_amphibious_life_forms_species/links/6410843892cfd54f84fd4bc2/Land-use-increases-macrophytes-beta-diversity-in-Amazon-streams-by-favoring-amphibious-life-forms-species.pdf","https://scholar.google.com/scholar?q=related:cz9B3nf4RNIJ:scholar.google.com/&scioq=plecoptera%7Cstonefly%7Cstoneflies&hl=en&as_sdt=0,5&as_ylo=2023&as_yhi=2023"
12,"R Gerber, C Piscart, JM Roussel, R Georges…","Landscape models can predict the distribution of aquatic insects across agricultural areas",2023,"Landscape …","Springer","https://link.springer.com/article/10.1007/s10980-023-01761-4","https://scholar.google.com/scholar?cites=11705364747308999638&as_sdt=2005&sciodt=0,5&hl=en",120,"2026-04-12 17:51:05","","10.1007/s10980-023-01761-4","",,,,,,12,4.00,2,5,3,"… Ephemeroptera occurrence was influenced by woodland density, while Plecoptera and … a high probability of occurrence for Plecoptera across terrestrial ecosystems. Predictions were …","https://hal.science/hal-04196316v1/file/Gerber%20et%20al.%202023-Landscape%20models%20can%20predict%20the%20distribution%20.pdf","https://scholar.google.com/scholar?q=related:1qO7UTjPcaIJ:scholar.google.com/&scioq=plecoptera%7Cstonefly%7Cstoneflies&hl=en&as_sdt=0,5&as_ylo=2023&as_yhi=2023"
8,"JM Beadle, J Holden, LE Brown","Landscape-scale peatland rewetting benefits aquatic invertebrate communities",2023,"Biological Conservation","Elsevier","https://www.sciencedirect.com/science/article/pii/S0006320723002173","https://scholar.google.com/scholar?cites=4808094741892355958&as_sdt=2005&sciodt=0,5&hl=en",393,"2026-04-12 17:51:05","","","",,,,,,8,2.67,3,3,3,"Many northern hemisphere peatlands have historically been drained, but restoration has sought to raise water tables to support peat-forming vegetation and enhance carbon sinks. In …","https://eprints.whiterose.ac.uk/id/eprint/200594/1/AAM.pdf","https://scholar.google.com/scholar?q=related:dtfqgLHIuUIJ:scholar.google.com/&scioq=plecoptera%7Cstonefly%7Cstoneflies&hl=en&as_sdt=0,5&as_ylo=2023&as_yhi=2023"
33,"G Collyer, DM Perkins, DK Petsch…","Land‐use intensification systematically alters the size structure of aquatic communities in the Neotropics",2023,"Global Change …","Wiley Online Library","https://onlinelibrary.wiley.com/doi/abs/10.1111/gcb.16720","https://scholar.google.com/scholar?cites=17412962099458651826&as_sdt=2005&sciodt=0,5&hl=en",241,"2026-04-12 17:51:05","","10.1111/gcb.16720","",,,,,,33,11.00,8,4,3,"… We found that all identified families of Trichoptera, Plecoptera and Megaloptera (composed mainly … Furthermore, Perlidae (Plecoptera) was the family with the strongest correlation with …","https://bura.brunel.ac.uk/bitstream/2438/29801/1/FullText.pdf","https://scholar.google.com/scholar?q=related:sraSicVEp_EJ:scholar.google.com/&scioq=plecoptera%7Cstonefly%7Cstoneflies&hl=en&as_sdt=0,5&as_ylo=2023&as_yhi=2023"
5,"R Sigdel, S Praskievicz, D Royall","Large wood loads in an urban stream: The role of recruitment limitation versus transport dominance",2023,"River Research and …","Wiley Online Library","https://onlinelibrary.wiley.com/doi/abs/10.1002/rra.4111","https://scholar.google.com/scholar?cites=14329212390724957849&as_sdt=2005&sciodt=0,5&hl=en",298,"2026-04-12 17:51:05","","10.1002/rra.4111","",,,,,,5,1.67,2,3,3,"… The carbon content then passes into predators, such as Plecoptera (stoneflies) and can further pass into bigger predators of the biotic community. The decay of LW releases …","https://onlinelibrary.wiley.com/doi/pdfdirect/10.1002/rra.4111","https://scholar.google.com/scholar?q=related:mXZJ_L-W28YJ:scholar.google.com/&scioq=plecoptera%7Cstonefly%7Cstoneflies&hl=en&as_sdt=0,5&as_ylo=2023&as_yhi=2023"
3,"F Lozano, J Muzon, A del Palacio, LS Ramos","Larvas de Odonata",2023,"","ri.conicet.gov.ar","https://ri.conicet.gov.ar/handle/11336/256360","https://scholar.google.com/scholar?cites=2800352761226332840&as_sdt=2005&sciodt=0,5&hl=en",585,"2026-04-12 17:51:05","","","",,,,,,3,1.00,1,4,3,"El orden Odonata comprende insectos acuáticos con ciclos hemimetábolos y larvas acuáticas o secundariamente terrestres. El estado larval es exopterigota y se caracteriza por el …","https://ri.conicet.gov.ar/bitstream/handle/11336/256360/CONICET_Digital_Nro.4fac146d-c8cc-4876-9c4d-7ba19ba9a76b_B.pdf?sequence=2","https://scholar.google.com/scholar?q=related:qAqu2v_Z3CYJ:scholar.google.com/&scioq=plecoptera%7Cstonefly%7Cstoneflies&hl=en&as_sdt=0,5&as_ylo=2023&as_yhi=2023"
39,"LN Nash, LW Zorzetti, PAP Antiqueira…","Latitudinal patterns of aquatic insect emergence driven by climate",2023,"Global Ecology and …","Wiley Online Library","https://onlinelibrary.wiley.com/doi/abs/10.1111/geb.13700","https://scholar.google.com/scholar?cites=1255883621418119616&as_sdt=2005&sciodt=0,5&hl=en",374,"2026-04-12 17:51:05","","10.1111/geb.13700","",,,,,,39,13.00,10,4,3,"… Emergence is defined as the final moult which discloses the adult, after complete (eg Diptera, Trichoptera) or incomplete (eg Odonata, Ephemeroptera, Plecoptera) metamorphosis. The …","https://onlinelibrary.wiley.com/doi/pdf/10.1111/geb.13700","https://scholar.google.com/scholar?q=related:wLHb7X_LbREJ:scholar.google.com/&scioq=plecoptera%7Cstonefly%7Cstoneflies&hl=en&as_sdt=0,5&as_ylo=2023&as_yhi=2023"
1,"CJ LeRoy, SA Morley, JJ Duda, AA Zinck…","Leaf litter decomposition and detrital communities following the removal of two large dams on the Elwha River (Washington, USA)",2023,"Frontiers in Ecology …","frontiersin.org","https://www.frontiersin.org/journals/ecology-and-evolution/articles/10.3389/fevo.2023.1231689/full","https://scholar.google.com/scholar?cites=16636264055951313470&as_sdt=2005&sciodt=0,5&hl=en",898,"2026-04-12 17:51:05","HTML","10.3389/fevo.2023.1231689","",,,,,,1,0.33,0,5,3,"… In our study, we found that a Nemouridae stonefly (Zapada sp.) was also an indicator species for the Lower Elwha sites. Given that previous studies have shown Nemouridae …","https://www.frontiersin.org/journals/ecology-and-evolution/articles/10.3389/fevo.2023.1231689/full","https://scholar.google.com/scholar?q=related:PsqTJATi3-YJ:scholar.google.com/&scioq=plecoptera%7Cstonefly%7Cstoneflies&hl=en&as_sdt=0,5&as_ylo=2023&as_yhi=2023"
0,"KA Love","Leaf Litter Decomposition in Restored Stream-Wetland Complexes Compared to Forested Headwater Streams",2023,"","rave.ohiolink.edu","https://rave.ohiolink.edu/etdc/view?acc_num=ohiou1683835545437534","",899,"2026-04-12 17:51:05","","","",,,,,,0,0.00,0,1,3,"… The majority of the macroinvertebrates were Tipulid craneflies, mayflies, stoneflies, and caddisflies. There was a positive correlation between macroinvertebrate richness and leaf litter …","https://etd.ohiolink.edu/acprod/odb_etd/ws/send_file/send?accession=ohiou1683835545437534&disposition=inline","https://scholar.google.com/scholar?q=related:Tn_ZbO7LX8sJ:scholar.google.com/&scioq=plecoptera%7Cstonefly%7Cstoneflies&hl=en&as_sdt=0,5&as_ylo=2023&as_yhi=2023"
4,"MHJ Becu, JS Richardson","Leaf litter decomposition rates in freshwaters differ by ecosystem",2023,"Aquatic Sciences","Springer","https://link.springer.com/article/10.1007/s00027-023-00998-0","https://scholar.google.com/scholar?cites=13116111604561035271&as_sdt=2005&sciodt=0,5&hl=en",267,"2026-04-12 17:51:05","","10.1007/s00027-023-00998-0","",,,,,,4,1.33,2,2,3,"… stoneflies (Plecoptera: note there are a couple of geographically restricted lentic species globally). The lower relative abundance of macroinvertebrate detritivores from leaf litter in many …","","https://scholar.google.com/scholar?q=related:B0A9IAPKBbYJ:scholar.google.com/&scioq=plecoptera%7Cstonefly%7Cstoneflies&hl=en&as_sdt=0,5&as_ylo=2023&as_yhi=2023"
35,"R Oester, PC dos Reis Oliveira, MS Moretti, F Altermatt…","Leaf-associated macroinvertebrate assemblage and leaf litter breakdown in headwater streams depend on local riparian vegetation",2023,"Hydrobiologia","Springer","https://link.springer.com/article/10.1007/s10750-022-05049-7","https://scholar.google.com/scholar?cites=14615123600091602617&as_sdt=2005&sciodt=0,5&hl=en",207,"2026-04-12 17:51:05","HTML","10.1007/s10750-022-05049-7","",,,,,,35,11.67,7,5,3,"… Our results show that sensitive taxa of the invertebrate orders Ephemeroptera, Plecoptera and Trichoptera (EPT) and the functional group of shredders were strongly associated with …","https://link.springer.com/article/10.1007/s10750-022-05049-7","https://scholar.google.com/scholar?q=related:uV7j43pZ08oJ:scholar.google.com/&scioq=plecoptera%7Cstonefly%7Cstoneflies&hl=en&as_sdt=0,5&as_ylo=2023&as_yhi=2023"
8,"AR Calor, R Pereira, LL Queiroz, A Vilarino…","LEAq–Laboratório de Entomologia Aquática “Prof. Claudio Gilberto Froehlich” and the task of facing the biodiversity knowledge deficits on Caddisflies …",2023,"Revista Brasileira de …","SciELO Brasil","https://www.scielo.br/j/rbent/a/VSmBzWvKHXyJ33kmMKzzQmy/?format=html&lang=en","https://scholar.google.com/scholar?cites=8173983926408223927&as_sdt=2005&sciodt=0,5&hl=en",373,"2026-04-12 17:51:05","HTML","","",,,,,,8,2.67,2,5,3,"… Taxa in other insect orders have also received attention and an additional 16 species have been described (eight mayflies, four stoneflies, four neuropteran spongillaflies, and antlions). …","https://www.scielo.br/j/rbent/a/VSmBzWvKHXyJ33kmMKzzQmy/?format=html&lang=en","https://scholar.google.com/scholar?q=related:t5xQzRLTb3EJ:scholar.google.com/&scioq=plecoptera%7Cstonefly%7Cstoneflies&hl=en&as_sdt=0,5&as_ylo=2023&as_yhi=2023"
0,"J LE DOARÉ","Les Plécoptères du bassin versant de la Besbre (Auvergne, France)[Plecoptera]",,"ephemera.insectes.org","","https://ephemera.insectes.org/wp-content/uploads/2023/12/Ephemera-23-2-47-57.pdf","",111,"2026-04-12 17:51:05","PDF","","",,,,,,0,0.00,0,1,,"… stoneflies communities carried out in the Besbre basin as part of the national French metropolitan inventory of stoneflies. … A list of 36 species of Plecoptera, grouped into 15 genera and 7 …","https://ephemera.insectes.org/wp-content/uploads/2023/12/Ephemera-23-2-47-57.pdf","https://scholar.google.com/scholar?q=related:0BrobT1mHHgJ:scholar.google.com/&scioq=plecoptera%7Cstonefly%7Cstoneflies&hl=en&as_sdt=0,5&as_ylo=2023&as_yhi=2023"
39,"MM Gossner, F Menzel, NK Simons","Less overall, but more of the same: drivers of insect population trends lead to community homogenization",2023,"Biology Letters","royalsocietypublishing.org","https://royalsocietypublishing.org/rsbl/article/19/3/20230007/63261","https://scholar.google.com/scholar?cites=9051107173598039024&as_sdt=2005&sciodt=0,5&hl=en",619,"2026-04-12 17:51:05","HTML","","",,,,,,39,13.00,13,3,3,"The continuing decline in the diversity and biomass of insects and other arthropods has caused great concern not only among scientists, but also among society, policymakers and …","https://royalsocietypublishing.org/rsbl/article/19/3/20230007/63261","https://scholar.google.com/scholar?q=related:8AtNAgX-m30J:scholar.google.com/&scioq=plecoptera%7Cstonefly%7Cstoneflies&hl=en&as_sdt=0,5&as_ylo=2023&as_yhi=2023"
2,"M Pavusa","Limiting Factors for Benthic Macroinvertebrate Diversity Among Restored Agricultural Wetlands in Southern Ontario",2023,"","atrium.lib.uoguelph.ca","https://atrium.lib.uoguelph.ca/items/65826b11-528c-4adf-aec7-308f4cf03249","https://scholar.google.com/scholar?cites=11900866422927130566&as_sdt=2005&sciodt=0,5&hl=en",891,"2026-04-12 17:51:05","","","",,,,,,2,0.67,2,1,3,"… Note that the term “EPT” is used for sake of convention, as no Plecoptera (stoneflies) were encountered during sampling. Richness was expressed as the number of unique taxa …","https://atrium.lib.uoguelph.ca/bitstreams/62ec87e8-0a76-4c22-9663-93439c3a2c58/download","https://scholar.google.com/scholar?q=related:xv_xSfVeKKUJ:scholar.google.com/&scioq=plecoptera%7Cstonefly%7Cstoneflies&hl=en&as_sdt=0,5&as_ylo=2023&as_yhi=2023"
2,"J Moubayed, B Lods-Crozet","Limnophyes knispelae sp. n. and L. sartorii sp. n., two new crenophilous species from the Swiss Alps (Chironomidae, Orthocladiinae)",2023,"CHIRONOMUS Journal of Chironomidae …","ntnu.no","https://www.ntnu.no/ojs/index.php/chironomus/article/view/5012","https://scholar.google.com/scholar?cites=6226023620433181153&as_sdt=2005&sciodt=0,5&hl=en",577,"2026-04-12 17:51:05","","","",,,,,,2,0.67,1,2,3,"Limnophyes knispelae sp. n and L. sartorii sp. n. are diagnosed and described based on material collected in the high Alpine valley of the Rhône river and the cirque of Macun in the …","https://www.ntnu.no/ojs/index.php/chironomus/article/download/5012/5245","https://scholar.google.com/scholar?q=related:4Xkc835HZ1YJ:scholar.google.com/&scioq=plecoptera%7Cstonefly%7Cstoneflies&hl=en&as_sdt=0,5&as_ylo=2023&as_yhi=2023"
0,"N Fauzi, NS Subki, NM Zain, V Kumaran…","Limpahan Mikroplastik Ancam Populasi Serangga Petunjuk Biologi Ekosistem Akuatik",2023,"Majalah …","MScience Ent.","","",522,"2026-04-12 17:51:05","CITATION","","",,,,,,0,0.00,0,5,3,"","","https://scholar.google.com/scholar?q=related:WQgXk-4KDZ8J:scholar.google.com/&scioq=plecoptera%7Cstonefly%7Cstoneflies&hl=en&as_sdt=0,5&as_ylo=2023&as_yhi=2023"
5,"A Minelli","Linear listing order and hierarchical classification: history, conflict, and use",2023,"European journal of taxonomy","europeanjournaloftaxonomy.eu","https://europeanjournaloftaxonomy.eu/index.php/ejt/article/view/2331","https://scholar.google.com/scholar?cites=11987390283265596484&as_sdt=2005&sciodt=0,5&hl=en",367,"2026-04-12 17:51:05","","","",,,,,,5,1.67,5,1,3,"Taxonomic criteria alone are not sufficient to determine a linear sequence for the arrangement of collection specimens according to a preferred classification or the linear sequence …","https://europeanjournaloftaxonomy.eu/index.php/ejt/article/download/2331/10147/","https://scholar.google.com/scholar?q=related:RNwDYvPDW6YJ:scholar.google.com/&scioq=plecoptera%7Cstonefly%7Cstoneflies&hl=en&as_sdt=0,5&as_ylo=2023&as_yhi=2023"
17,"RO Anderson, R Tingley, CJ Hoskin…","Linking physiology and climate to infer species distributions in Australian skinks",2023,"Journal of Animal …","Wiley Online Library","https://besjournals.onlinelibrary.wiley.com/doi/abs/10.1111/1365-2656.14000","https://scholar.google.com/scholar?cites=9480130309279592218&as_sdt=2005&sciodt=0,5&hl=en",842,"2026-04-12 17:51:05","","10.1111/1365-2656.14000","",,,,,,17,5.67,4,4,3,"Climate has a key impact on animal physiology, which in turn can have a profound influence on geographic distributions. Yet, the mechanisms linking climate, physiology and …","https://besjournals.onlinelibrary.wiley.com/doi/pdfdirect/10.1111/1365-2656.14000","https://scholar.google.com/scholar?q=related:Gi8G1UkwkIMJ:scholar.google.com/&scioq=plecoptera%7Cstonefly%7Cstoneflies&hl=en&as_sdt=0,5&as_ylo=2023&as_yhi=2023"
3,"S Zaupa, A Boggero, L Kamburska","Littoral chironomids and oligochaetes in the subalpine Lake Maggiore: a first dataset",2023,"J. Limnol","academia.edu","https://www.academia.edu/download/116117966/1901.pdf","https://scholar.google.com/scholar?cites=14551860678394507774&as_sdt=2005&sciodt=0,5&hl=en",721,"2026-04-12 17:51:05","PDF","","",,,,,,3,1.00,1,3,3,"A dataset of 227 oligochaetes and 373 chironomids occurrence records from the subalpine Lake Maggiore, a large and deep temperate lake in Northern-Western Italy and Switzerland …","https://www.academia.edu/download/116117966/1901.pdf","https://scholar.google.com/scholar?q=related:_vGtHDCY8skJ:scholar.google.com/&scioq=plecoptera%7Cstonefly%7Cstoneflies&hl=en&as_sdt=0,5&as_ylo=2023&as_yhi=2023"
2,"P Koperski","Local variability, human factor or vague procedure? Searching for the reasons of excessive mortality in free living aquatic insects, resulting from biological …",2023,"Journal of Insect Conservation","Springer","https://link.springer.com/article/10.1007/s10841-023-00482-y","https://scholar.google.com/scholar?cites=14838662543837559287&as_sdt=2005&sciodt=0,5&hl=en",602,"2026-04-12 17:51:05","HTML","10.1007/s10841-023-00482-y","",,,,,,2,0.67,2,1,3,"During the analysis of the biomonitoring data of Polish watercourses, it was found that the vast majority of aquatic insects (83–95% of more than 8.8 million individuals collected …","https://link.springer.com/article/10.1007/s10841-023-00482-y","https://scholar.google.com/scholar?q=related:9_lUC_eE7c0J:scholar.google.com/&scioq=plecoptera%7Cstonefly%7Cstoneflies&hl=en&as_sdt=0,5&as_ylo=2023&as_yhi=2023"
9,"S Kobayashi, Y Otsubo, T Sumi, Y Takemon","Long-term trajectory of the macroinvertebrate community in the downstream channel of a hydropower dam after the operation of a sediment bypass tunnel",2023,"Ecological Indicators","Elsevier","https://www.sciencedirect.com/science/article/pii/S1470160X23001309","https://scholar.google.com/scholar?cites=14868508573956671085&as_sdt=2005&sciodt=0,5&hl=en",639,"2026-04-12 17:51:05","HTML","","",,,,,,9,3.00,2,4,3,"A sediment bypass tunnel (SBT) is a dam facility used to mitigate reservoir sedimentation and is expected to contribute to river ecosystem restoration by delivering sediment to the …","https://www.sciencedirect.com/science/article/pii/S1470160X23001309","https://scholar.google.com/scholar?q=related:bYaJcsWNV84J:scholar.google.com/&scioq=plecoptera%7Cstonefly%7Cstoneflies&hl=en&as_sdt=0,5&as_ylo=2023&as_yhi=2023"
26,"HH Nguyen, EAR Welti, PJ Haubrock…","Long-term trends in stream benthic macroinvertebrate communities are driven by chemicals",2023,"Environmental Sciences …","Springer","https://link.springer.com/article/10.1186/s12302-023-00820-6","https://scholar.google.com/scholar?cites=18401177395453897112&as_sdt=2005&sciodt=0,5&hl=en",407,"2026-04-12 17:51:05","HTML","10.1186/s12302-023-00820-6","",,,,,,26,8.67,7,4,3,"Background Recent studies indicate a partial recovery of European stream macroinvertebrate diversity. However, the key determinants shaping the overall community trends are only …","https://link.springer.com/article/10.1186/s12302-023-00820-6","https://scholar.google.com/scholar?q=related:mCn6-FgdXv8J:scholar.google.com/&scioq=plecoptera%7Cstonefly%7Cstoneflies&hl=en&as_sdt=0,5&as_ylo=2023&as_yhi=2023"
0,"NM Yavorskaya","Long-Term Variations in Zoobenthos Characteristics in Watercourses on the the Khektsir Ridge",2023,"Water Resources","Springer","https://link.springer.com/article/10.1134/S0097807823010177","",325,"2026-04-12 17:51:05","","10.1134/S0097807823010177","",,,,,,0,0.00,0,1,3,"… Beetles and stoneflies belonged to the secondary ones, they were joined by other Diptera in … , stoneflies with other Diptera and blepharicerids in terms of density. Larvae of stoneflies …","https://journals.eco-vector.com/0321-0596/article/download/660028/175420","https://scholar.google.com/scholar?q=related:u3WUPIwZhB8J:scholar.google.com/&scioq=plecoptera%7Cstonefly%7Cstoneflies&hl=en&as_sdt=0,5&as_ylo=2023&as_yhi=2023"
10,"AM Anderson, C Friedges, L Lozinski, C Nyquist…","Longevity and oviposition of winter-emerging Chironomidae (Insecta: Diptera) at varying low temperatures",2023,"Aquatic …","Taylor &Francis","https://www.tandfonline.com/doi/abs/10.1080/01650424.2022.2076884","https://scholar.google.com/scholar?cites=10849495333067995310&as_sdt=2005&sciodt=0,5&hl=en",512,"2026-04-12 17:51:05","","10.1080/01650424.2022.2076884","",,,,,,10,3.33,2,5,3,"Chironomidae (Diptera) are among the few insects with representatives that emerge during temperate winters; past work shows winter-emerging species are long-lived. We extend …","https://www.researchgate.net/profile/Corrie-Nyquist/publication/361838889_Longevity_and_oviposition_of_winter-emerging_Chironomidae_Insecta_Diptera_at_varying_low_temperatures/links/62d1bc4aa6abd57c6ae7972e/Longevity-and-oviposition-of-winter-emerging-Chironomidae-Insecta-Diptera-at-varying-low-temperatures.pdf?origin=journalDetail&_tp=eyJwYWdlIjoiam91cm5hbERldGFpbCJ9","https://scholar.google.com/scholar?q=related:rrjGt4UmkZYJ:scholar.google.com/&scioq=plecoptera%7Cstonefly%7Cstoneflies&hl=en&as_sdt=0,5&as_ylo=2023&as_yhi=2023"
8,"JM Benjamin, D Abuya, B Omollo…","Longitudinal patterns of abundance, diversity and functional feeding guilds of benthic communities in East African tropical high‐altitude streams",2023,"African Journal of …","Wiley Online Library","https://onlinelibrary.wiley.com/doi/abs/10.1111/aje.13177","https://scholar.google.com/scholar?cites=9914802673292325038&as_sdt=2005&sciodt=0,5&hl=en",288,"2026-04-12 17:51:05","","10.1111/aje.13177","",,,,,,8,2.67,2,4,3,"… this study, our aim is to investigate the spatial distribution and assemblages of macroinvertebrates, with a particular focus on the abundance and diversity of Ephemeroptera, Plecoptera, …","https://www.researchgate.net/profile/Joshua-Benjamin/publication/371172479_Longitudinal_patterns_of_abundance_diversity_and_functional_feeding_guilds_of_benthic_communities_in_East_African_tropical_high-altitude_streams/links/64777eadb3dfd73b7756860f/Longitudinal-patterns-of-abundance-diversity-and-functional-feeding-guilds-of-benthic-communities-in-East-African-tropical-high-altitude-streams.pdf","https://scholar.google.com/scholar?q=related:rrCuH4B0mIkJ:scholar.google.com/&scioq=plecoptera%7Cstonefly%7Cstoneflies&hl=en&as_sdt=0,5&as_ylo=2023&as_yhi=2023"
10,"DD Doychev","Longitudinal recovery gradient of macroinvertebrates during different hydrological scenarios in a downstream river reach.",2023,"Journal of Limnology","researchgate.net","https://www.researchgate.net/profile/Dimitar-Doychev/publication/371349717_Longitudinal_recovery_gradient_of_macroinvertebrates_during_different_hydrological_scenarios_in_a_downstream_river_reach/links/648030b9b3dfd73b7769b150/Longitudinal-recovery-gradient-of-macroinvertebrates-during-different-hydrological-scenarios-in-a-downstream-river-reach.pdf","https://scholar.google.com/scholar?cites=3371252092466270266&as_sdt=2005&sciodt=0,5&hl=en",305,"2026-04-12 17:51:05","PDF","","",,,,,,10,3.33,10,1,3,"… The analysis of the biological data through 7 biological indices showed that hydrologically sensitive taxa (Ephemeroptera, Plecoptera and Trichoptera-EPT) were very good indicators …","https://www.researchgate.net/profile/Dimitar-Doychev/publication/371349717_Longitudinal_recovery_gradient_of_macroinvertebrates_during_different_hydrological_scenarios_in_a_downstream_river_reach/links/648030b9b3dfd73b7769b150/Longitudinal-recovery-gradient-of-macroinvertebrates-during-different-hydrological-scenarios-in-a-downstream-river-reach.pdf","https://scholar.google.com/scholar?q=related:OpC-m-oXyS4J:scholar.google.com/&scioq=plecoptera%7Cstonefly%7Cstoneflies&hl=en&as_sdt=0,5&as_ylo=2023&as_yhi=2023"
19,"AM Milner, EM Loza Vega, TJ Matthews…","Long‐term changes in macroinvertebrate communities across high‐latitude streams",2023,"Global Change …","Wiley Online Library","https://onlinelibrary.wiley.com/doi/abs/10.1111/gcb.16648","https://scholar.google.com/scholar?cites=15630631675492823009&as_sdt=2005&sciodt=0,5&hl=en",301,"2026-04-12 17:51:05","","10.1111/gcb.16648","",,,,,,19,6.33,5,4,3,"… Of the stoneflies, Capnia was dominant followed by the nemourids Podmosta and Ostrocerca. Trichoptera were less numerous by an order of magnitude than mayflies and stoneflies, …","https://onlinelibrary.wiley.com/doi/pdf/10.1111/gcb.16648","https://scholar.google.com/scholar?q=related:4e-3uLEo69gJ:scholar.google.com/&scioq=plecoptera%7Cstonefly%7Cstoneflies&hl=en&as_sdt=0,5&as_ylo=2023&as_yhi=2023"
0,"F Romero, C Molineri, MG Cuezzo, MV Manzo…","Los animales acuáticos: quienes son y cómo viven los invertebrados",2023,"","ri.conicet.gov.ar","https://ri.conicet.gov.ar/handle/11336/250490","",673,"2026-04-12 17:51:05","","","",,,,,,0,0.00,0,5,3,"Los invertebrados constituyen el conjunto de las especies del Reino Animal que no poseen una columna vertebral y en general carecen de un esqueleto interno articulado. En este …","https://ri.conicet.gov.ar/bitstream/handle/11336/250490/CONICET_Digital_Nro.8b4602ae-405d-41c2-8940-608e0b4ac939_E.pdf?sequence=5&isAllowed=y","https://scholar.google.com/scholar?q=related:MKNmPxWUMYQJ:scholar.google.com/&scioq=plecoptera%7Cstonefly%7Cstoneflies&hl=en&as_sdt=0,5&as_ylo=2023&as_yhi=2023"
0,"J Villegas Quesada","Los canales de careo del Parque Nacional Natural de Sierra Nevada: Efectos de las detracciones de caudal en las comunidades de macroinvertebrados fluviales",2023,"","repositorio.ual.es","https://repositorio.ual.es/handle/10835/19188","",818,"2026-04-12 17:51:05","","","",,,,,,0,0.00,0,1,3,"La detracción de agua procedente de los ríos para atender actividades humanas es un problema global para los ecosistemas fluviales que puede acrecentarse en los próximos años …","https://repositorio.ual.es/bitstream/handle/10835/19188/VILLEGAS%20QUESADA,%20JORGE.pdf?sequence=1","https://scholar.google.com/scholar?q=related:ZIsdJBU5nbQJ:scholar.google.com/&scioq=plecoptera%7Cstonefly%7Cstoneflies&hl=en&as_sdt=0,5&as_ylo=2023&as_yhi=2023"
27,"N Carey, ET Chester, BJ Robson","Loss of functionally important and regionally endemic species from streams forced into intermittency by global warming",2023,"Global change biology","Wiley Online Library","https://onlinelibrary.wiley.com/doi/abs/10.1111/gcb.16650","https://scholar.google.com/scholar?cites=1913210059045789566&as_sdt=2005&sciodt=0,5&hl=en",378,"2026-04-12 17:51:05","","10.1111/gcb.16650","",,,,,,27,9.00,9,3,3,"… Species typical of intermittent reaches (that were rare or absent from perennial reaches), included the stonefly Leptoperla australica, the dytiscid beetle Necterosoma darwini and the …","https://onlinelibrary.wiley.com/doi/pdf/10.1111/gcb.16650","https://scholar.google.com/scholar?q=related:ft8gfmkWjRoJ:scholar.google.com/&scioq=plecoptera%7Cstonefly%7Cstoneflies&hl=en&as_sdt=0,5&as_ylo=2023&as_yhi=2023"
1,"J Ilmonen","Lähteikköjen pohjaeläimet",2023,"","doria.fi","https://www.doria.fi/handle/10024/188583","https://scholar.google.com/scholar?cites=13997300477214412041&as_sdt=2005&sciodt=0,5&hl=en",724,"2026-04-12 17:51:05","","","",,,,,,1,0.33,1,1,3,"Hankkeiden yhteydessä lajeja selvitettäessä panostetaan usein uhanalaisiin, suojeltuihin tai muuten huomioon otettaviin lajeihin, kuten luontodirektiivin liitteiden lajeihin. Tällöin …","https://www.doria.fi/bitstream/handle/10024/188583/Opas%209%202023_2_pohjael%C3%A4imet.pdf?sequence=1","https://scholar.google.com/scholar?q=related:CU3Fhp9mQMIJ:scholar.google.com/&scioq=plecoptera%7Cstonefly%7Cstoneflies&hl=en&as_sdt=0,5&as_ylo=2023&as_yhi=2023"
0,"G van der Lee","Macrofauna Knelpuntenanalyse v0. 1: achtergrond document",2023,"","knelpuntanalyse.containers.wur.nl","https://knelpuntanalyse.containers.wur.nl/Achtergrond%20document%20Macrofauna%20knelpuntenanalyse.pdf","",978,"2026-04-12 17:51:05","PDF","","",,,,,,0,0.00,0,1,3,"–Overname, verveelvoudiging of openbaarmaking van deze uitgave is toegestaan mits met duidelijke bronvermelding.–Overname, verveelvoudiging of openbaarmaking is niet …","https://knelpuntanalyse.containers.wur.nl/Achtergrond%20document%20Macrofauna%20knelpuntenanalyse.pdf","https://scholar.google.com/scholar?q=related:2nmNN1VkAFEJ:scholar.google.com/&scioq=plecoptera%7Cstonefly%7Cstoneflies&hl=en&as_sdt=0,5&as_ylo=2023&as_yhi=2023"
0,"R Aggarwal, E Mees, J Flynn, J Folan","Macroinvertabrate and Water Quality Survey of Smelt Brook. Braintree Massachusetts March 27",,"vc.bridgew.edu","","https://vc.bridgew.edu/cgi/viewcontent.cgi?referer=&httpsredir=1&article=1084&context=wal_projects","",136,"2026-04-12 17:51:05","PDF","","",,,,,,0,0.00,0,4,,"• There is three levels of sensitivity with bugs.• Level 3 are tolerant bugs such as the leeches, that wouldn't die of pollution.• Level 2 are somewhat sensitive bugs such as crayfish, or …","https://vc.bridgew.edu/cgi/viewcontent.cgi?referer=&httpsredir=1&article=1084&context=wal_projects","https://scholar.google.com/scholar?q=related:85lj3rFNKMQJ:scholar.google.com/&scioq=plecoptera%7Cstonefly%7Cstoneflies&hl=en&as_sdt=0,5&as_ylo=2023&as_yhi=2023"
9,"JA Barrera-Herrera, CA Díaz-Rojas, N Prat…","Macroinvertebrados acuáticos en un gradiente altitudinal del río Garagoa, Andes orientales de Colombia",2023,"Revista de Biología …","scielo.sa.cr","https://www.scielo.sa.cr/scielo.php?pid=S0034-77442023000100030&script=sci_arttext","https://scholar.google.com/scholar?cites=16676741543604528514&as_sdt=2005&sciodt=0,5&hl=en",755,"2026-04-12 17:51:05","HTML","","",,,,,,9,3.00,2,4,3,"Objetivo: Estudiar la biodiversidad de los macroinvertebrados acuáticos del río Garagoa al nivel taxonómico más bajo posible en un gradiente altitudinal. Métodos: Entre marzo y junio …","https://www.scielo.sa.cr/scielo.php?pid=S0034-77442023000100030&script=sci_arttext","https://scholar.google.com/scholar?q=related:giWMpROwb-cJ:scholar.google.com/&scioq=plecoptera%7Cstonefly%7Cstoneflies&hl=en&as_sdt=0,5&as_ylo=2023&as_yhi=2023"
0,"RA Fuzinato","Macroinvertebrados bentônicos em rios da Bacia Hidrográfica Teles Pires",2023,"","Universidade Federal de Mato …","","",394,"2026-04-12 17:51:05","CITATION","","",,,,,,0,0.00,0,1,3,"","","https://scholar.google.com/scholar?q=related:Ep1QDRoORv4J:scholar.google.com/&scioq=plecoptera%7Cstonefly%7Cstoneflies&hl=en&as_sdt=0,5&as_ylo=2023&as_yhi=2023"
0,"FP Candelario, CLG Pinto","Macroinvertebrados como bioindicadores de la calidad del agua",,"TOMO II","publicaciones.unad.edu.co","https://publicaciones.unad.edu.co/index.php/memorias/article/download/7277/7159#page=43","",894,"2026-04-12 17:51:05","PDF","","",,,,,,0,0.00,0,2,,"… obtenidos en la estación de muestreo en época seca, se colectaron 152 individuos distribuidos en 22 taxas a nivel familia, en donde la familia Perlidae , del orden Plecoptera , …","https://publicaciones.unad.edu.co/index.php/memorias/article/download/7277/7159#page=43","https://scholar.google.com/scholar?q=related:LQARAdcP6hQJ:scholar.google.com/&scioq=plecoptera%7Cstonefly%7Cstoneflies&hl=en&as_sdt=0,5&as_ylo=2023&as_yhi=2023"
0,"MM Wozniak","Macroinvertebrate Assemblage Responses to Land Use, Water Chemistry, and Habitat in Low-Gradient Arkansas Streams",2023,"","search.proquest.com","https://search.proquest.com/openview/4d7ed568811907a8c137810d5cee33c4/1?pq-origsite=gscholar&cbl=18750&diss=y","",525,"2026-04-12 17:51:05","BOOK","","",,,,,,0,0.00,0,1,3,"Anthropogenic land use around aquatic ecosystems can alter water chemistry, habitat availability, and macroinvertebrate assemblages in aquatic ecosystems. Lowgradient streams and …","","https://scholar.google.com/scholar?q=related:XUapb9A3cBwJ:scholar.google.com/&scioq=plecoptera%7Cstonefly%7Cstoneflies&hl=en&as_sdt=0,5&as_ylo=2023&as_yhi=2023"
9,"A Braccia, J Lau, J Robinson, M Croasdaile…","Macroinvertebrate assemblages from a stream-wetland complex: A case study with implications for assessing restored hydrologic functions",2023,"Environmental …","Springer","https://link.springer.com/article/10.1007/s10661-023-10983-7","https://scholar.google.com/scholar?cites=7692934865264418143&as_sdt=2005&sciodt=0,5&hl=en",404,"2026-04-12 17:51:05","HTML","10.1007/s10661-023-10983-7","",,,,,,9,3.00,2,5,3,"… ; 13 taxa (including four Plecoptera taxa and two Trichoptera taxa) were unique to the restored site, and 14 taxa (including two Ephemeroptera, one Plecoptera, and five Trichoptera taxa…","https://link.springer.com/article/10.1007/s10661-023-10983-7","https://scholar.google.com/scholar?q=related:X51NRIDLwmoJ:scholar.google.com/&scioq=plecoptera%7Cstonefly%7Cstoneflies&hl=en&as_sdt=0,5&as_ylo=2023&as_yhi=2023"
8,"JI Santos, C Silva, FJM Goncalves, JL Pereira…","Macroinvertebrate community structure and ecological status in Portuguese streams across climatic and water scarcity gradients",2023,"Hydrobiologia","Springer","https://link.springer.com/article/10.1007/s10750-023-05137-2","https://scholar.google.com/scholar?cites=10246443837671459014&as_sdt=2005&sciodt=0,5&hl=en",652,"2026-04-12 17:51:05","HTML","10.1007/s10750-023-05137-2","",,,,,,8,2.67,2,5,3,"… where S is the number of families (richness); EPT is the number of families from the orders Ephemeroptera, Plecoptera and Trichoptera (sensitive taxa); J’ is Pielou’s equitability index (…","https://link.springer.com/article/10.1007/s10750-023-05137-2","https://scholar.google.com/scholar?q=related:xshl42GuMo4J:scholar.google.com/&scioq=plecoptera%7Cstonefly%7Cstoneflies&hl=en&as_sdt=0,5&as_ylo=2023&as_yhi=2023"
8,"FM Masina, RJ Wasserman, N Wu…","Macroinvertebrate diversity in relation to limnochemistry in an Austral semi–arid transboundary aquifer region pan system",2023,"Science of The Total …","Elsevier","https://www.sciencedirect.com/science/article/pii/S0048969723017801","https://scholar.google.com/scholar?cites=15721744054252216603&as_sdt=2005&sciodt=0,5&hl=en",829,"2026-04-12 17:51:05","","","",,,,,,8,2.67,2,4,3,"Pan–wetland systems are one of the world's essential and productive ecosystems and are considered important, unique and complex ecosystems. Anthropogenic activities around the …","https://www.researchgate.net/profile/Tatenda-Dalu/publication/369729741_Macroinvertebrate_diversity_in_relation_to_limnochemistry_in_an_Austral_semi-arid_transboundary_aquifer_region_pan_system/links/642e6d59ad9b6d17dc3b8b7e/Macroinvertebrate-diversity-in-relation-to-limnochemistry-in-an-Austral-semi-arid-transboundary-aquifer-region-pan-system.pdf","https://scholar.google.com/scholar?q=related:GyFQg-vaLtoJ:scholar.google.com/&scioq=plecoptera%7Cstonefly%7Cstoneflies&hl=en&as_sdt=0,5&as_ylo=2023&as_yhi=2023"
8,"EO Akindele, AM Adedapo, IR Fagbohun, OT Akinpelu…","Macroinvertebrate metric indicators should be juxtaposed with the community conservation index as ecological tools for conservation evaluation of pristine freshwater …",2023,"Biologia","Springer","https://link.springer.com/article/10.1007/s11756-023-01315-8","https://scholar.google.com/scholar?cites=16870504346213591073&as_sdt=2005&sciodt=0,5&hl=en",270,"2026-04-12 17:51:05","","10.1007/s11756-023-01315-8","",,,,,,8,2.67,2,5,3,"… Among the macroinvertebrate metrics often employed for biological water quality assessment of fresh waters are the number of Ephemeroptera-Plecoptera-Trichoptera (EPT) taxa, …","","https://scholar.google.com/scholar?q=related:Iai-sVESIOoJ:scholar.google.com/&scioq=plecoptera%7Cstonefly%7Cstoneflies&hl=en&as_sdt=0,5&as_ylo=2023&as_yhi=2023"
1,"Nasaruddin, L Sabaruddin, K Analuddin…","Macroinvertebrate species richness in oil palm landscape with different anthropogenic pressures: A case study at Lalindu streams, Southeast Sulawesi, Indonesia",2023,"… ON SCIENCES AND …","pubs.aip.org","https://pubs.aip.org/aip/acp/article-abstract/2704/1/020012/2893462","https://scholar.google.com/scholar?cites=7140717417612926178&as_sdt=2005&sciodt=0,5&hl=en",431,"2026-04-12 17:51:05","","10.1063/5.0138786/17904275/020012_1_5.0138786","",,,,,,1,0.33,0,4,3,"This study aims to elucidate the macroinvertebrate species richness in the oil palm landscape with different characteristics of riparian buffer at the Lalindu sub-watershed stream, …","https://pubs.aip.org/aip/acp/article-pdf/doi/10.1063/5.0138786/17904275/020012_1_5.0138786.pdf","https://scholar.google.com/scholar?q=related:4lxDfqjsGGMJ:scholar.google.com/&scioq=plecoptera%7Cstonefly%7Cstoneflies&hl=en&as_sdt=0,5&as_ylo=2023&as_yhi=2023"
4,"J Lento, DCP Lau, JE Brittain, JM Culp…","Macroinvertebrate traits in Arctic streams reveal latitudinal patterns in physiology and habits that are strongly linked to climate",2023,"Frontiers in Ecology …","frontiersin.org","https://www.frontiersin.org/journals/ecology-and-evolution/articles/10.3389/fevo.2023.1209612/full","https://scholar.google.com/scholar?cites=15829397174747961110&as_sdt=2005&sciodt=0,5&hl=en",416,"2026-04-12 17:51:05","HTML","10.3389/fevo.2023.1209612","",,,,,,4,1.33,1,5,3,"… Ephemeroptera, Plecoptera, and Odonata taxa were positively associated with a dorsoventrally flattened shape, shredder habit, partial sclerotization, and single eggs (Figure 4B). …","https://www.frontiersin.org/journals/ecology-and-evolution/articles/10.3389/fevo.2023.1209612/full","https://scholar.google.com/scholar?q=related:Fpds2dxQrdsJ:scholar.google.com/&scioq=plecoptera%7Cstonefly%7Cstoneflies&hl=en&as_sdt=0,5&as_ylo=2023&as_yhi=2023"
0,"H Zou, S Wang, J Wu, W Kong, X Liu","Macroinvertebrates Community Annual Dynamics in Taitema Lake after ecological water transport",2023,"Authorea Preprints","authorea.com","https://www.authorea.com/doi/full/10.22541/au.169327624.48347778","",892,"2026-04-12 17:51:05","","10.22541/au.169327624.48347778","",,,,,,0,0.00,0,5,3,"In lakes, analyses of community structure and relationships of macroinvertebrates with environmental factors are often used to judge the status of watershed ecosystems and for …","https://www.authorea.com/doi/pdf/10.22541/au.169327624.48347778","https://scholar.google.com/scholar?q=related:tJ6cQPXZU08J:scholar.google.com/&scioq=plecoptera%7Cstonefly%7Cstoneflies&hl=en&as_sdt=0,5&as_ylo=2023&as_yhi=2023"
1,"LV Yanygina, OS Burmistrova, DD Volgina…","Macroinvertebrates of Altai mountain rivers: factors of their formation and features of distribution within altitudinal gradient",2023,"Tr. Zool. Inst.","zin.ru","https://www.zin.ru/Journals/trudyzin/eng/publication.html?id=515","https://scholar.google.com/scholar?cites=7525883648126545119&as_sdt=2005&sciodt=0,5&hl=en",450,"2026-04-12 17:51:05","","","",,,,,,1,0.33,0,4,3,"… of spatial distribution of macroinvertebrates as well as to identify the driving factors of this dynamics, the data on species richness, abundance and biomass of EPT taxa (mayfly, stonefly, …","","https://scholar.google.com/scholar?q=related:3-yA201PcWgJ:scholar.google.com/&scioq=plecoptera%7Cstonefly%7Cstoneflies&hl=en&as_sdt=0,5&as_ylo=2023&as_yhi=2023"
1,"NN Zhgareva, AA Prokin","Macroinvertebrates of Thickets of Higher Aquatic Plants in the Mouth Zone of a Tributary of a Plain Reservoir",2023,"Inland Water Biology","Springer","https://link.springer.com/article/10.1134/S1995082923070209","https://scholar.google.com/scholar?cites=9950907757784619925&as_sdt=2005&sciodt=0,5&hl=en",544,"2026-04-12 17:51:05","","10.1134/S1995082923070209","",,,,,,1,0.33,1,2,3,"… aenea, Erythromma najas), some species of Simuliidae, and stoneflies were less common. … , Tanypodinae, and Simuliidae; mayflies; stoneflies; caddisflies from different families; beetles …","","https://scholar.google.com/scholar?q=related:lVtuL-K5GIoJ:scholar.google.com/&scioq=plecoptera%7Cstonefly%7Cstoneflies&hl=en&as_sdt=0,5&as_ylo=2023&as_yhi=2023"
6,"E Varadinova, G Gecheva, V Tyufekchieva, T Milkova","Macrophyte-and macrozoobenthic-based assessment in rivers: specificity of the response to combined physico-chemical stressors",2023,"Water","mdpi.com","https://www.mdpi.com/2073-4441/15/12/2282","https://scholar.google.com/scholar?cites=8843874909899811571&as_sdt=2005&sciodt=0,5&hl=en",561,"2026-04-12 17:51:05","HTML","","",,,,,,6,2.00,2,4,3,"… Benthic taxa belonged to orders Ephemeroptera, Plecoptera, and Trichoptera, which are considered indicators of clean water, prevailed (Figure 5). A predominant presence of more …","https://www.mdpi.com/2073-4441/15/12/2282","https://scholar.google.com/scholar?q=related:82qRql_Bu3oJ:scholar.google.com/&scioq=plecoptera%7Cstonefly%7Cstoneflies&hl=en&as_sdt=0,5&as_ylo=2023&as_yhi=2023"
0,"C Diana, P Bianca, C Daniel…","MACROZOOBENTHIC INVERTEBRATE ASSEMBLAGES IN THE COZLA AREA, IRON GATES NATURAL PARK, ROMANIA.",2023,"Oltenia, Studii …","…","http://olteniastudiisicomunicaristiintelenaturii.ro/cont/39_2/III.%20ANIMAL%20BIOLOGY%20III.a.%20INVERTEBRATES%20VARIOUS/9.%20Cupsa.pdf","",799,"2026-04-12 17:51:05","PDF","","",,,,,,0,0.00,0,4,3,"On 20 June 2020, we sampled eight aquatic habitats from the Iron Gates Natural Park near Cozla to determine the structure of the macrozoobenthic invertebrate assemblages. We …","http://olteniastudiisicomunicaristiintelenaturii.ro/cont/39_2/III.%20ANIMAL%20BIOLOGY%20III.a.%20INVERTEBRATES%20VARIOUS/9.%20Cupsa.pdf","https://scholar.google.com/scholar?q=related:txHIcNdT4bsJ:scholar.google.com/&scioq=plecoptera%7Cstonefly%7Cstoneflies&hl=en&as_sdt=0,5&as_ylo=2023&as_yhi=2023"
0,"W Frost","Malaise Trap Surveying at Hāwea's Mt Grand",2023,"Mt Grand Station–Wildlife Conservation","researcharchive.lincoln.ac.nz","https://researcharchive.lincoln.ac.nz/bitstreams/c3d6aa23-fc31-42f2-87f1-12e1d06c874e/download#page=197","",786,"2026-04-12 17:51:05","PDF","","",,,,,,0,0.00,0,1,3,"New Zealand is home to a diverse and abundant alpine fauna of insects. These insects have evolved numerous adaptations allowing them to thrive in harsh conditions. Despite the …","https://researcharchive.lincoln.ac.nz/bitstreams/c3d6aa23-fc31-42f2-87f1-12e1d06c874e/download#page=197","https://scholar.google.com/scholar?q=related:1fN01qFOif8J:scholar.google.com/&scioq=plecoptera%7Cstonefly%7Cstoneflies&hl=en&as_sdt=0,5&as_ylo=2023&as_yhi=2023"
0,"MCM MARTÍNEZ, GRC MONTES","Maldonado Alarcón Guadalupe Anilú",,"repositorio.xoc.uam.mx","","https://repositorio.xoc.uam.mx/jspui/retrieve/bcbb0a00-8d7f-4ee6-8015-d3fea94bf22b/250447.pdf","",921,"2026-04-12 17:51:05","PDF","","",,,,,,0,0.00,0,2,,"Los insectos son el grupo de organismos más abundante y diverso en el planeta. La mayoría de seres vivos son insectos, y éstos se pueden encontrar casi en cualquier hábitat. Así …","https://repositorio.xoc.uam.mx/jspui/retrieve/bcbb0a00-8d7f-4ee6-8015-d3fea94bf22b/250447.pdf","https://scholar.google.com/scholar?q=related:dckux0hVb6QJ:scholar.google.com/&scioq=plecoptera%7Cstonefly%7Cstoneflies&hl=en&as_sdt=0,5&as_ylo=2023&as_yhi=2023"
0,"JA STOCKAN, D YEATES","MANU E. SAUNDERS, SIMON LEATHER",2023,"The Living Planet: The State of the …","books.google.com","https://books.google.com/books?hl=en&lr=&id=ana3EAAAQBAJ&oi=fnd&pg=PA227&dq=plecoptera%7Cstonefly%7Cstoneflies&ots=aV1PEw7ITy&sig=GrOr8yzEK5WhFzgz2-D1WFn2xig","",667,"2026-04-12 17:51:05","","","",,,,,,0,0.00,0,2,3,"… 3 Stoneflies (Plecoptera) Stoneflies have … stonefly species are known, but only seven of these have been assessed. The Critically Endangered Mount Donna Buang wingless stonefly ( …","","https://scholar.google.com/scholar?q=related:eMGIShrWTKUJ:scholar.google.com/&scioq=plecoptera%7Cstonefly%7Cstoneflies&hl=en&as_sdt=0,5&as_ylo=2023&as_yhi=2023"
58,"X Ge, L Peng, AP Vogler, JC Morse…","Massive gene rearrangements of mitochondrial genomes and implications for the phylogeny of Trichoptera (Insecta)",2023,"Systematic …","Wiley Online Library","https://resjournals.onlinelibrary.wiley.com/doi/abs/10.1111/syen.12575","https://scholar.google.com/scholar?cites=15656821432231876695&as_sdt=2005&sciodt=0,5&hl=en",355,"2026-04-12 17:51:05","","10.1111/syen.12575","",,,,,,58,19.33,12,5,3,"Mitochondrial genomes have been widely used for phylogenetic reconstruction and evolutionary analysis in various groups of Insecta. Gene rearrangements in the mitogenome can be …","https://www.researchgate.net/profile/Xinyu-Ge-4/publication/365243812_Massive_gene_rearrangements_of_mitochondrial_genomes_and_implications_for_the_phylogeny_of_Trichoptera_Insecta/links/636caeb237878b3e8799e2e6/Massive-gene-rearrangements-of-mitochondrial-genomes-and-implications-for-the-phylogeny-of-Trichoptera-Insecta.pdf?origin=journalDetail&_tp=eyJwYWdlIjoiam91cm5hbERldGFpbCJ9","https://scholar.google.com/scholar?q=related:V1jnoyM0SNkJ:scholar.google.com/&scioq=plecoptera%7Cstonefly%7Cstoneflies&hl=en&as_sdt=0,5&as_ylo=2023&as_yhi=2023"
0,"RJC Cannon","Mate-finding strategies II: hilltopping, guarding and excavating.",2023,"","cabidigitallibrary.org","https://www.cabidigitallibrary.org/doi/full/10.5555/20230270996","",377,"2026-04-12 17:51:05","","10.5555/20230270996","",,,,,,0,0.00,0,1,3,"This book chapter explores various mate-finding strategies employed by insects. It covers topics such as hilltopping in butterflies, moths, bees, flies, and beetles; hovering, guarding, and …","","https://scholar.google.com/scholar?q=related:miYcTfjp3WwJ:scholar.google.com/&scioq=plecoptera%7Cstonefly%7Cstoneflies&hl=en&as_sdt=0,5&as_ylo=2023&as_yhi=2023"
0,"SMFNÎN ANII","MATERIALE ȘI METODE",2023,"… ÎN CONTEXTUL IMPACTULUI ANTROPIC ȘI AL …","ibn.idsi.md","https://ibn.idsi.md/sites/default/files/imag_file/culegere_red._Zubcov_et_al_Institutul%2Bde%2BZoologie_2023.pdf#page=69","",539,"2026-04-12 17:51:05","PDF","","",,,,,,0,0.00,0,1,3,"… Speciile din grupul Plecoptera, care sunt rare pentru ecosistemele fl. Nistru, au fost identificate o singură dată în 2012, la Vălcineț, și în primăvara 2021–în lacul Dubăsari anume în …","https://ibn.idsi.md/sites/default/files/imag_file/culegere_red._Zubcov_et_al_Institutul%2Bde%2BZoologie_2023.pdf#page=69","https://scholar.google.com/scholar?q=related:avhMXA6yVwUJ:scholar.google.com/&scioq=plecoptera%7Cstonefly%7Cstoneflies&hl=en&as_sdt=0,5&as_ylo=2023&as_yhi=2023"
0,"A Zinck, A Bailey, P Lamoureux, A Heetderks","Measuring the effects of salmon presence on freshwater macroinvertebrate communities in streams in Thurston County, WA",2023,"Metamorphosis","","","",828,"2026-04-12 17:51:05","CITATION","","",,,,,,0,0.00,0,4,3,"","","https://scholar.google.com/scholar?q=related:jcElPnsP2LwJ:scholar.google.com/&scioq=plecoptera%7Cstonefly%7Cstoneflies&hl=en&as_sdt=0,5&as_ylo=2023&as_yhi=2023"
18,"JH Birrell, JI Frakes, AA Shah, HA Woods","Mechanisms underlying thermal breadth differ by species in insects from adjacent but thermally distinct streams–A test of the climate variability hypothesis",2023,"Journal of Thermal Biology","Elsevier","https://www.sciencedirect.com/science/article/pii/S0306456522002492","https://scholar.google.com/scholar?cites=8384701294717266269&as_sdt=2005&sciodt=0,5&hl=en",113,"2026-04-12 17:51:05","","","",,,,,,18,6.00,5,4,3,"… ) of aquatic mayfly and stonefly nymphs from adjacent streams with … In support of the CVH, we found that mayfly and stonefly … thermal limits, whereas stoneflies achieve broader thermal …","","https://scholar.google.com/scholar?q=related:XWlhS2dxXHQJ:scholar.google.com/&scioq=plecoptera%7Cstonefly%7Cstoneflies&hl=en&as_sdt=0,5&as_ylo=2023&as_yhi=2023"
0,"A Cook","Midging",2023,"Cedarville Review","","","",932,"2026-04-12 17:51:05","CITATION","","",,,,,,0,0.00,0,1,3,"","","https://scholar.google.com/scholar?q=related:mIxbn8b1qpMJ:scholar.google.com/&scioq=plecoptera%7Cstonefly%7Cstoneflies&hl=en&as_sdt=0,5&as_ylo=2023&as_yhi=2023"
0,"JK Brady, JA Mushrush","Mine reclamation does not restore leaf processing in low-order streams",2023,"Hydrobiologia","Springer","https://link.springer.com/article/10.1007/s10750-023-05154-1","",588,"2026-04-12 17:51:05","","10.1007/s10750-023-05154-1","",,,,,,0,0.00,0,2,3,"… = 0.025, respectively); however, Plecoptera abundance did not differ significantly between … Plecoptera families at RML and AML streams precluded statistical comparisons of Plecoptera …","","https://scholar.google.com/scholar?q=related:AmYSkx5rcocJ:scholar.google.com/&scioq=plecoptera%7Cstonefly%7Cstoneflies&hl=en&as_sdt=0,5&as_ylo=2023&as_yhi=2023"
2,"T Nakakubo, M Kawabata, Y Ishikawa, Y Iwasaki","Modeling the effect of improved sewage disposal rates on ecological status for aquatic organisms in Japan",2023,"Heliyon","cell.com","https://www.cell.com/heliyon/fulltext/S2405-8440(23)08151-3","https://scholar.google.com/scholar?cites=4449517266752462323&as_sdt=2005&sciodt=0,5&hl=en",371,"2026-04-12 17:51:05","HTML","","",,,,,,2,0.67,1,4,3,"… The ecological status of rivers was evaluated using taxon richness of Ephemeroptera, Plecoptera, and Trichoptera estimated from its reported relationship to BOD. The number of sites …","https://www.cell.com/heliyon/fulltext/S2405-8440(23)08151-3","https://scholar.google.com/scholar?q=related:812_KmHcvz0J:scholar.google.com/&scioq=plecoptera%7Cstonefly%7Cstoneflies&hl=en&as_sdt=0,5&as_ylo=2023&as_yhi=2023"
43,"L Carraro, RC Blackman, F Altermatt","Modelling environmental DNA transport in rivers reveals highly resolved spatio-temporal biodiversity patterns",2023,"Scientific Reports","nature.com","https://www.nature.com/articles/s41598-023-35614-6","https://scholar.google.com/scholar?cites=15079431236434967117&as_sdt=2005&sciodt=0,5&hl=en",734,"2026-04-12 17:51:05","HTML","","",,,,,,43,14.33,14,3,3,"The ever-increasing threats to riverine ecosystems call for novel approaches for highly resolved biodiversity assessments across taxonomic groups and spatio-temporal scales. Recent …","https://www.nature.com/articles/s41598-023-35614-6","https://scholar.google.com/scholar?q=related:TbqittDmRNEJ:scholar.google.com/&scioq=plecoptera%7Cstonefly%7Cstoneflies&hl=en&as_sdt=0,5&as_ylo=2023&as_yhi=2023"
6,"J Becquet, N Lamouroux, M Forcellini…","Modelling macroinvertebrate hydraulic preferences in alpine streams",2023,"Hydrological …","Wiley Online Library","https://onlinelibrary.wiley.com/doi/abs/10.1002/hyp.14806","https://scholar.google.com/scholar?cites=12347784147659690168&as_sdt=2005&sciodt=0,5&hl=en",575,"2026-04-12 17:51:05","","10.1002/hyp.14806","",,,,,,6,2.00,2,4,3,"Alpine streams face rapid hydrological changes due to the effects of global warming, glacier melting, and increased water uses such as hydropower production. Defining environmental …","","https://scholar.google.com/scholar?q=related:uJB0zEIkXKsJ:scholar.google.com/&scioq=plecoptera%7Cstonefly%7Cstoneflies&hl=en&as_sdt=0,5&as_ylo=2023&as_yhi=2023"
14,"WR Terra, C Ferreira, CP Silva","Molecular physiology and evolution of insect digestive systems",2023,"","Springer","https://link.springer.com/content/pdf/10.1007/978-3-031-39233-7.pdf","https://scholar.google.com/scholar?cites=1315969505696796605&as_sdt=2005&sciodt=0,5&hl=en",948,"2026-04-12 17:51:05","BOOK","10.1007/978-3-031-39233-7","",,,,,,14,4.67,5,3,3,"The whole field of insect midgut studies was covered in a book entitled Biology of the Insect Midgut edited by MJ Lehane and PF Billingsley in 1996 (Chapman &Hall, London). Since …","","https://scholar.google.com/scholar?q=related:vc9NCktDQxIJ:scholar.google.com/&scioq=plecoptera%7Cstonefly%7Cstoneflies&hl=en&as_sdt=0,5&as_ylo=2023&as_yhi=2023"
1,"YGP Alves, BC da Silva, WCM Silva…","MOLUSCOS BENTÔNICOS COMO BIOINDICADORES DA QUALIDADE AMBIENTAL DE UM RESERVATÓRIO NO SEMIÁRIDO DO BRASIL",2023,"Revista de Estudos …","ojsrevista.furb.br","https://ojsrevista.furb.br/ojs/index.php/rea/article/view/11024","https://scholar.google.com/scholar?cites=17705029350456380326&as_sdt=2005&sciodt=0,5&hl=en",924,"2026-04-12 17:51:05","","","",,,,,,1,0.33,0,4,3,"No semiárido brasileiro, os reservatórios foram construídos, historicamente, para reduzir a escassez hídrica causada pelos longos períodos de estiagem. Portanto, o monitoramento …","https://ojsrevista.furb.br/ojs/index.php/rea/article/download/11024/6233","https://scholar.google.com/scholar?q=related:pkvRk2PmtPUJ:scholar.google.com/&scioq=plecoptera%7Cstonefly%7Cstoneflies&hl=en&as_sdt=0,5&as_ylo=2023&as_yhi=2023"
0,"CVP Roschild","Monitoramento de macroinvertebrados bentônicos como ferramenta bioindicadora e de previsão de impactos ambientais em riachos no sul do Brasil",2023,"","lume.ufrgs.br","https://lume.ufrgs.br/handle/10183/262634","",936,"2026-04-12 17:51:05","","","",,,,,,0,0.00,0,1,3,"… Os organismos bentônicos intolerantes, como as larvas das ordens Plecoptera, Ephemeroptera e Trichoptera são frequentemente encontrados em locais onde a água é limpa. Estes …","https://lume.ufrgs.br/bitstream/handle/10183/262634/001173806.pdf?sequence=1","https://scholar.google.com/scholar?q=related:hzZrxkZ2H5EJ:scholar.google.com/&scioq=plecoptera%7Cstonefly%7Cstoneflies&hl=en&as_sdt=0,5&as_ylo=2023&as_yhi=2023"
0,"SA Molinaro, W Nixon, K Ragusa…","Monitoring and Assessment of Aquatic Life in the Illinois and Kaskaskia River Basins for evaluating IDNR Private Lands Programs: Annual Report 2023",2023,"INHS Tehnical REport …","ideals.illinois.edu","https://www.ideals.illinois.edu/items/128887","",773,"2026-04-12 17:51:05","","","",,,,,,0,0.00,0,4,3,"Monitor the status of aquatic communities and assess the progress toward the aquatic-life goals in randomly-selected stream sites associated with Conservation Reserve Enhanced …","https://www.ideals.illinois.edu/items/128887/bitstreams/430360/data.pdf","https://scholar.google.com/scholar?q=related:c2DNyZJx4b4J:scholar.google.com/&scioq=plecoptera%7Cstonefly%7Cstoneflies&hl=en&as_sdt=0,5&as_ylo=2023&as_yhi=2023"
2,"JH Birrell, JI Frakes","Monitoring Aquatic Insect Densities and Environmental Factors on the Upper Snake River, Wyoming–2023 Report",2023,"The Salmonfly Project","salmonflyproject.org","https://www.salmonflyproject.org/s/Upper-Snake-River-SFP-Monitoring-Report-2023-vFINAL1.pdf","https://scholar.google.com/scholar?cites=5969391967253601285&as_sdt=2005&sciodt=0,5&hl=en",271,"2026-04-12 17:51:05","PDF","","",,,,,,2,0.67,1,2,3,"… Nocturnal stonefly densities were significantly affected by mean … temperature suggests that nocturnal stoneflies are warm-water … stoneflies are not of immediate conservation concern. …","https://www.salmonflyproject.org/s/Upper-Snake-River-SFP-Monitoring-Report-2023-vFINAL1.pdf","https://scholar.google.com/scholar?q=related:BZw49V2K11IJ:scholar.google.com/&scioq=plecoptera%7Cstonefly%7Cstoneflies&hl=en&as_sdt=0,5&as_ylo=2023&as_yhi=2023"
0,"A Salachna, D Widuch","Monitoring małych rzek wyżynnych na przykładzie potoku Łękawka (gmina Bestwina, województwo śląskie)",2023,"Polish Journal of Materials and …","bibliotekanauki.pl","https://bibliotekanauki.pl/articles/16539564.pdf","",902,"2026-04-12 17:51:05","PDF","","",,,,,,0,0.00,0,2,3,"The paper presents the assessment of the water condition of the Łękawka stream according Water Framework Directive, carried out on the basis of research on benthic …","https://bibliotekanauki.pl/articles/16539564.pdf","https://scholar.google.com/scholar?q=related:sSpzCd3SEeIJ:scholar.google.com/&scioq=plecoptera%7Cstonefly%7Cstoneflies&hl=en&as_sdt=0,5&as_ylo=2023&as_yhi=2023"
2,"E Katsavou, E Albaz, NS Cagatay…","Monitoring of insecticide resistance in the european grapevine moth, Lobesia botrana (Lepidoptera: Tortricidae)",2023,"Lobesia Botrana …","papers.ssrn.com","https://papers.ssrn.com/sol3/papers.cfm?abstract_id=4327707","https://scholar.google.com/scholar?cites=12028670084268129309&as_sdt=2005&sciodt=0,5&hl=en",490,"2026-04-12 17:51:05","","","",,,,,,2,0.67,1,4,3,"… Briefly, for the standard IRAC017 method, insecticide dilutions were mixed with ready to use stone fly diet mix 136 (38-0600 Stonefly Heliothis Diet) at a ratio of 1 solution: 4 diet, based …","https://papers.ssrn.com/sol3/Delivery.cfm?abstractid=4327707","https://scholar.google.com/scholar?q=related:HXwrBbZr7qYJ:scholar.google.com/&scioq=plecoptera%7Cstonefly%7Cstoneflies&hl=en&as_sdt=0,5&as_ylo=2023&as_yhi=2023"
0,"KR Parker","MONITORING THE EFFECTS OF POULTRY WASTE ON FISHES AND MACROINVERTEBRATES IN THE SABINE RIVER",2023,"","scholarworks.uttyler.edu","https://scholarworks.uttyler.edu/biology_grad/75/","",643,"2026-04-12 17:51:05","","","",,,,,,0,0.00,0,1,3,"… Specifically, aquatic macroinvertebrates such as those in the groups Ephemeroptera, Plecoptera, and Trichoptera (EPT) are sensitive to poor water quality and can be used as …","https://scholarworks.uttyler.edu/cgi/viewcontent.cgi?article=1075&context=biology_grad","https://scholar.google.com/scholar?q=related:wiaIWs9YrNkJ:scholar.google.com/&scioq=plecoptera%7Cstonefly%7Cstoneflies&hl=en&as_sdt=0,5&as_ylo=2023&as_yhi=2023"
0,"GM González","Morfo-ecología alimenticia de machos del género de peces vivíparos Poeciliopsis (Cyprinodontiformes: Poeciliidae)",2023,"","repositorio.xoc.uam.mx","https://repositorio.xoc.uam.mx/jspui/retrieve/04908cc5-15f3-407e-83c4-b9b19d7b17e5/251557.pdf","",942,"2026-04-12 17:51:05","PDF","","",,,,,,0,0.00,0,1,3,"Las especies de género Poeciliopsis tienen una enorme adaptabilidad a diferentes ambientes, lo que le permite colonizar gran variedad de ecosistemas con diferentes características …","https://repositorio.xoc.uam.mx/jspui/retrieve/04908cc5-15f3-407e-83c4-b9b19d7b17e5/251557.pdf","https://scholar.google.com/scholar?q=related:shuTBI2i8OQJ:scholar.google.com/&scioq=plecoptera%7Cstonefly%7Cstoneflies&hl=en&as_sdt=0,5&as_ylo=2023&as_yhi=2023"
3,"ZT Chen, YS Ma","Morphology and DNA barcodes of two sympatric species of Filchneria Klapálek, 1908 (Plecoptera: Perlodidae): intraspecific variation and underestimated biodiversity …",2023,"Aquatic Insects","Taylor &Francis","https://www.tandfonline.com/doi/abs/10.1080/01650424.2022.2093378","https://scholar.google.com/scholar?cites=8666259657138756299&as_sdt=2005&sciodt=0,5&hl=en",81,"2026-04-12 17:51:05","","10.1080/01650424.2022.2093378","",,,,,,3,1.00,2,2,3,"Full article: Morphology and DNA barcodes of two sympatric species of Filchneria Klapálek, 1908 (Plecoptera: Perlodidae): intraspecific variation and underestimated biodiversity of the …","","https://scholar.google.com/scholar?q=related:y9oNCz69RHgJ:scholar.google.com/&scioq=plecoptera%7Cstonefly%7Cstoneflies&hl=en&as_sdt=0,5&as_ylo=2023&as_yhi=2023"
42,"DJ Brettschneider, T Spring, M Blumer, L Welge…","Much effort, little success: causes for the low ecological efficacy of restoration measures in German surface waters",2023,"Environmental Sciences …","Springer","https://link.springer.com/article/10.1186/s12302-023-00736-1","https://scholar.google.com/scholar?cites=18038075116596487650&as_sdt=2005&sciodt=0,5&hl=en",526,"2026-04-12 17:51:05","HTML","10.1186/s12302-023-00736-1","",,,,,,42,14.00,8,5,3,"… [54] demonstrated that some species of Ephemeroptera and Plecoptera do not disperse in substrates with high proportions of fine sediments because they rely on the intact gap system …","https://link.springer.com/article/10.1186/s12302-023-00736-1","https://scholar.google.com/scholar?q=related:4uWLrL8dVPoJ:scholar.google.com/&scioq=plecoptera%7Cstonefly%7Cstoneflies&hl=en&as_sdt=0,5&as_ylo=2023&as_yhi=2023"
11,"PJ Haubrock, F Pilotto, P Haase","Multidecadal data indicate increase of aquatic insects in Central European streams",2023,"Science of the Total Environment","Elsevier","https://www.sciencedirect.com/science/article/pii/S0048969723016352","https://scholar.google.com/scholar?cites=6594190171357266071&as_sdt=2005&sciodt=0,5&hl=en",221,"2026-04-12 17:51:05","","","",,,,,,11,3.67,4,3,3,"In recent years, declining insect biodiversity has sparked interest among scientists and drawn the attention of society and politicians. However, our understanding of the extent of this …","","https://scholar.google.com/scholar?q=related:l0Af-QVFg1sJ:scholar.google.com/&scioq=plecoptera%7Cstonefly%7Cstoneflies&hl=en&as_sdt=0,5&as_ylo=2023&as_yhi=2023"
2,"GM Bucciarelli, SJ Smith, JJ Choe, PD Shin…","Native amphibian toxin reduces invasive crayfish feeding with potential benefits to stream biodiversity",2023,"BMC Ecology and …","Springer","https://link.springer.com/article/10.1186/s12862-023-02162-6","https://scholar.google.com/scholar?cites=8791437828570136323&as_sdt=2005&sciodt=0,5&hl=en",583,"2026-04-12 17:51:05","HTML","10.1186/s12862-023-02162-6","",,,,,,2,0.67,0,5,3,"… We also found that the coexistence site had a greater number of combined sensitive taxa (Ephemeroptera, Plecoptera, and Tricoptera species; EPT taxa) compared to streams with …","https://link.springer.com/article/10.1186/s12862-023-02162-6","https://scholar.google.com/scholar?q=related:A7_aRCB2AXoJ:scholar.google.com/&scioq=plecoptera%7Cstonefly%7Cstoneflies&hl=en&as_sdt=0,5&as_ylo=2023&as_yhi=2023"
0,"D Positeri","Nature Journaling with Insects: A Guide and Journal Template",2023,"","digitalcommons.unl.edu","https://digitalcommons.unl.edu/entodistmasters/113/","",474,"2026-04-12 17:51:05","","","",,,,,,0,0.00,0,1,3,"Nature journaling is a natural history based activity centered on journaling one’s experiences and observations based on surrounding environment and natural lifeforms encountered. A …","https://digitalcommons.unl.edu/cgi/viewcontent.cgi?article=1113&context=entodistmasters","https://scholar.google.com/scholar?q=related:9f1SQkdC3d0J:scholar.google.com/&scioq=plecoptera%7Cstonefly%7Cstoneflies&hl=en&as_sdt=0,5&as_ylo=2023&as_yhi=2023"
5,"TK KROLOW","New and additional records of Anacroneuria Klapálek (Plecoptera: Insecta) from Tocantins state, Brazil",2023,"Zootaxa","researchgate.net","https://www.researchgate.net/profile/Mellis-Rippel/publication/373524617_New_and_additional_records_of_Anacroneuria_Klapalek_Plecoptera_Insecta_from_Tocantins_state_Brazil/links/67894b3975d4ab477e47aa02/New-and-additional-records-of-Anacroneuria-Klaplek-Plecoptera-Insecta-from-Tocantins-state-Brazil.pdf","https://scholar.google.com/scholar?cites=7741106324579536555&as_sdt=2005&sciodt=0,5&hl=en",25,"2026-04-12 17:51:05","PDF","","",,,,,,5,1.67,5,1,3,"… In this study we provide an updated list of Plecoptera based on recent collections covering … Our work raises the number of stoneflies known from Tocantins to 13 species. Despite this …","https://www.researchgate.net/profile/Mellis-Rippel/publication/373524617_New_and_additional_records_of_Anacroneuria_Klapalek_Plecoptera_Insecta_from_Tocantins_state_Brazil/links/67894b3975d4ab477e47aa02/New-and-additional-records-of-Anacroneuria-Klaplek-Plecoptera-Insecta-from-Tocantins-state-Brazil.pdf","https://scholar.google.com/scholar?q=related:q84XJTDvbWsJ:scholar.google.com/&scioq=plecoptera%7Cstonefly%7Cstoneflies&hl=en&as_sdt=0,5&as_ylo=2023&as_yhi=2023"
4,"M Li, B Wang, D Yang, D Murányi, W Li, H Wang","New and little-known stonefly species of the Rhopalopsolevietnamica 'western assemblage'group (Plecoptera, Leuctridae) from China",2023,"ZooKeys","pmc.ncbi.nlm.nih.gov","https://pmc.ncbi.nlm.nih.gov/articles/PMC10646793/","https://scholar.google.com/scholar?cites=18078715290187128109&as_sdt=2005&sciodt=0,5&hl=en",12,"2026-04-12 17:51:05","HTML","","",,,,,,4,1.33,1,6,3,"﻿Abstract We examined Chinese stonefly specimens of the Rhopalopsolevietnamica ‘western assemblage’ group. A new species from Hainan Province, R.bawanglinga Li, Li &Yang, sp. …","https://pmc.ncbi.nlm.nih.gov/articles/PMC10646793/","https://scholar.google.com/scholar?q=related:Ld0Gc8V_5PoJ:scholar.google.com/&scioq=plecoptera%7Cstonefly%7Cstoneflies&hl=en&as_sdt=0,5&as_ylo=2023&as_yhi=2023"
1,"EA Kirillova, PI Kirillov","New Data on Biology of Siberian Stone Loach Barbatula toni (Nemacheilidae) in Langeri River (Sakhalin)",2023,"Journal of Ichthyology","Springer","https://link.springer.com/article/10.1134/S0032945223060073","https://scholar.google.com/scholar?cites=1602941461003138640&as_sdt=2005&sciodt=0,5&hl=en",501,"2026-04-12 17:51:05","","10.1134/S0032945223060073","",,,,,,1,0.33,1,2,3,"New information on size composition, feeding, and spawning of Siberian stone loach Barbatula toni in a large watercourse in the northeast of Sakhalin Island is reported. The recorded …","https://www.researchgate.net/profile/Pavel-Kirillov-2/publication/376530002_New_Data_on_Biology_of_Siberian_Stone_Loach_Barbatula_toni_Nemacheilidae_in_Langeri_River_Sakhalin/links/658bebfb0bb2c7472b132afc/New-Data-on-Biology-of-Siberian-Stone-Loach-Barbatula-toni-Nemacheilidae-in-Langeri-River-Sakhalin.pdf","https://scholar.google.com/scholar?q=related:UHbWGsTKPhYJ:scholar.google.com/&scioq=plecoptera%7Cstonefly%7Cstoneflies&hl=en&as_sdt=0,5&as_ylo=2023&as_yhi=2023"
2,"OV Ryzhkova, Y Yao, DS Kopylov","New fossil Kobdocoridae (Heteroptera: Pentatomomorpha) from the Lower Cretaceous of Transbaikalia, Eastern Russia",2023,"Cretaceous Research","Elsevier","https://www.sciencedirect.com/science/article/pii/S019566712300037X","https://scholar.google.com/scholar?cites=18338400004098423757&as_sdt=2005&sciodt=0,5&hl=en",738,"2026-04-12 17:51:05","","","",,,,,,2,0.67,1,3,3,"Three new genera and four new species of Kobdocoridae (Heteroptera) from the Lower Cretaceous Khasyrty site in Transbaikalia are described: Khasoris yuripopovi gen et sp. nov., …","","https://scholar.google.com/scholar?q=related:zftOiaQVf_4J:scholar.google.com/&scioq=plecoptera%7Cstonefly%7Cstoneflies&hl=en&as_sdt=0,5&as_ylo=2023&as_yhi=2023"
8,"P Sroka, J Prokop","New fossil stoneflies (Plecoptera: Arctoperlaria) from Australia testify ancient dispersal across Pangea",2023,"Arthropod Systematics & …","arthropod-systematics.arphahub …","https://arthropod-systematics.arphahub.com/article/109833/download/pdf/","https://scholar.google.com/scholar?cites=17969818660765339593&as_sdt=2005&sciodt=0,5&hl=en",3,"2026-04-12 17:51:05","PDF","","",,,,,,8,2.67,4,2,3,"… The stonefly suborders Arctoperlaria and Antarctoperlaria … Here we report new fossil stoneflies from the Late Jurassic … stonefly taxa, we consider the attribution of T. australis sp. nov. …","https://arthropod-systematics.arphahub.com/article/109833/download/pdf/","https://scholar.google.com/scholar?q=related:yY8aId2eYfkJ:scholar.google.com/&scioq=plecoptera%7Cstonefly%7Cstoneflies&hl=en&as_sdt=0,5&as_ylo=2023&as_yhi=2023"
2,"P Sroka, J Prokop","New fossil stoneflies (Plecoptera: Arctoperlaria) from Australia testify ancient dispersal across Pangea. Arthropod Syst. Phylogeny 81: 881–888",2023,"","","","https://scholar.google.com/scholar?cites=1249810123515434696&as_sdt=2005&sciodt=0,5&hl=en",138,"2026-04-12 17:51:05","CITATION","","",,,,,,2,0.67,1,2,3,"","","https://scholar.google.com/scholar?q=related:yBbTgK83WBEJ:scholar.google.com/&scioq=plecoptera%7Cstonefly%7Cstoneflies&hl=en&as_sdt=0,5&as_ylo=2023&as_yhi=2023"
7,"A Bilalli, H Ibrahimi, M Musliu, L Grapci-Kotori…","New records and distribution data of stoneflies (Insecta: Plecoptera) from the Western Balkans",2023,"Natura Croatica …","hrcak.srce.hr","https://hrcak.srce.hr/312571","https://scholar.google.com/scholar?cites=4544952882657547147&as_sdt=2005&sciodt=0,5&hl=en",9,"2026-04-12 17:51:05","","","",,,,,,7,2.33,1,5,3,"… During this investigation, we collected adult stonefly specimens … patterns of stoneflies species in the Balkan Peninsula. … distribution patterns of stonefly species in the Balkan Peninsula. …","https://hrcak.srce.hr/file/451543","https://scholar.google.com/scholar?q=related:i9OwC5HqEj8J:scholar.google.com/&scioq=plecoptera%7Cstonefly%7Cstoneflies&hl=en&as_sdt=0,5&as_ylo=2023&as_yhi=2023"
2,"A Kumar, N Rajwar","New records of insect pests infesting Dalbergia latifolia (Roxb.) from Uttarakhand, India",2023,"","researchsquare.com","https://www.researchsquare.com/article/rs-3175489/latest","https://scholar.google.com/scholar?cites=6594025155236097358&as_sdt=2005&sciodt=0,5&hl=en",418,"2026-04-12 17:51:05","","","",,,,,,2,0.67,1,2,3,"The present study conducted in Uttarakhand, India aimed to investigate the insect pests associated with Dalbergia latifolia, commonly known as rosewood. Rosewood is an …","https://www.researchsquare.com/article/rs-3175489/latest.pdf","https://scholar.google.com/scholar?q=related:Tm3WKfGuglsJ:scholar.google.com/&scioq=plecoptera%7Cstonefly%7Cstoneflies&hl=en&as_sdt=0,5&as_ylo=2023&as_yhi=2023"
4,"P Simović, V Simić, D Milošević…","New Records of Species Taeniopteryx hubaulti Aubert, 1946 and Taeniopteryx schoenemundi (Mertense, 1923)(Plecoptera: Taeniopterygidae) in Serbia",2023,"Journal of the …","entomol.org","https://www.entomol.org/journal/index.php/JERS/article/view/2274","https://scholar.google.com/scholar?cites=4798173182377290538&as_sdt=2005&sciodt=0,5&hl=en",55,"2026-04-12 17:51:05","","","",,,,,,4,1.33,1,4,3,"… Taeniopterygidae (early or winter stoneflies), a small family within the order Plecoptera, is an ecologically significant component of the entomofauna of lotic waters worldwide, …","https://www.entomol.org/journal/index.php/JERS/article/download/2274/2426","https://scholar.google.com/scholar?q=related:KmtnahaJlkIJ:scholar.google.com/&scioq=plecoptera%7Cstonefly%7Cstoneflies&hl=en&as_sdt=0,5&as_ylo=2023&as_yhi=2023"
2,"C Molineri, F Romero, JC Gonzalez…","New species and new stages of Anacroneuria (Plecoptera: Perlidae) from Southern Yungas",2023,"Revista de la Sociedad …","SciELO Argentina","https://www.scielo.org.ar/scielo.php?pid=S0373-56802023000400007&script=sci_arttext","https://scholar.google.com/scholar?cites=16606580006943545344&as_sdt=2005&sciodt=0,5&hl=en",41,"2026-04-12 17:51:05","HTML","","",,,,,,2,0.67,1,4,3,"Austral Yungas cloud forest (Southern Bolivia and NW Argentina) is known for its high diversity, steep landscape and low accessibility. Anacroneuria Klapálek (Plecoptera: Perlidae) …","https://www.scielo.org.ar/scielo.php?pid=S0373-56802023000400007&script=sci_arttext","https://scholar.google.com/scholar?q=related:AFj554dsduYJ:scholar.google.com/&scioq=plecoptera%7Cstonefly%7Cstoneflies&hl=en&as_sdt=0,5&as_ylo=2023&as_yhi=2023"
9,"MY Zhao, A Rehman","New species of Illiesonemoura and Nemoura (Plecoptera: Nemouridae) from Yunnan Province of southern China",2023,"Zootaxa","pubmed.ncbi.nlm.nih.gov","https://pubmed.ncbi.nlm.nih.gov/37044751/","https://scholar.google.com/scholar?cites=642958868149495698&as_sdt=2005&sciodt=0,5&hl=en",20,"2026-04-12 17:51:05","","","",,,,,,9,3.00,5,2,3,"Two new species of Nemouridae, Illiesonemoura qianae Du, Zhao, &Rehman sp. nov. and Nemoura longistyla Zhao, Rehman &Du sp. nov., are described and illustrated from Yunnan …","","https://scholar.google.com/scholar?q=related:kuc8Ha8_7AgJ:scholar.google.com/&scioq=plecoptera%7Cstonefly%7Cstoneflies&hl=en&as_sdt=0,5&as_ylo=2023&as_yhi=2023"
5,"AM Onion, AJ Smith, BT Duffy","New York State's WAVE Method-Evaluation of a method for water quality monitoring by citizen scientists using benthic macroinvertebrates",2023,"Environmental Management","Springer","https://link.springer.com/article/10.1007/s00267-022-01753-1","https://scholar.google.com/scholar?cites=16166182840531549823&as_sdt=2005&sciodt=0,5&hl=en",718,"2026-04-12 17:51:05","HTML","10.1007/s00267-022-01753-1","",,,,,,5,1.67,2,3,3,"New York State Department of Environmental Conservation (NYSDEC) has developed a robust citizen science macroinvertebrate sampling method. The metric relies on the presence …","https://link.springer.com/article/10.1007/s00267-022-01753-1","https://scholar.google.com/scholar?q=related:f_7lL6TRWeAJ:scholar.google.com/&scioq=plecoptera%7Cstonefly%7Cstoneflies&hl=en&as_sdt=0,5&as_ylo=2023&as_yhi=2023"
0,"B Nisbet","Nomination for Critical Habitat Determination: Mount Donna Buang Wingless Stonefly",2023,"","<bound method Organization …","","",102,"2026-04-12 17:51:05","CITATION","","",,,,,,0,0.00,0,1,3,"","","https://scholar.google.com/scholar?q=related:lbHKQ_8gWuUJ:scholar.google.com/&scioq=plecoptera%7Cstonefly%7Cstoneflies&hl=en&as_sdt=0,5&as_ylo=2023&as_yhi=2023"
6,"R Mariano, LC Pinho, AR Calor","Not just a taxonomist, but a naturalist! The foundations of “Froehlich's Autonomous Stonefly Republic”",2023,"Revista Brasileira de Entomologia","SciELO Brasil","https://www.scielo.br/j/rbent/a/8ynDHnzGjNhGqcZ6bFmnrMC/?lang=en","https://scholar.google.com/scholar?cites=8513614595770931820&as_sdt=2005&sciodt=0,5&hl=en",33,"2026-04-12 17:51:05","HTML","","",,,,,,6,2.00,2,3,3,"… stonefly taxonomy (Table 1). Considering the current knowledge about the Brazilian stoneflies, 200 stonefly … If we consider only the taxonomy of Brazilian stoneflies after 1969, the year …","https://www.scielo.br/j/rbent/a/8ynDHnzGjNhGqcZ6bFmnrMC/?lang=en","https://scholar.google.com/scholar?q=related:bNqBJ15vJnYJ:scholar.google.com/&scioq=plecoptera%7Cstonefly%7Cstoneflies&hl=en&as_sdt=0,5&as_ylo=2023&as_yhi=2023"
1,"D CUPȘA, D MURGESCU…","Note on macrozoobenthic invertebrate assemblages from Natura 2000 ROSCI0045 Jiu Corridor.",2023,"Present …","pdfs.semanticscholar.org","https://pdfs.semanticscholar.org/d3ab/574f672321d54bea83ef414ec72ef6660909.pdf","https://scholar.google.com/scholar?cites=7346255501045636919&as_sdt=2005&sciodt=0,5&hl=en",549,"2026-04-12 17:51:05","PDF","","",,,,,,1,0.33,0,3,3,"… The only higher taxa identified in the Jiu Gorge that missed from the lower course of the river was represented by Plecoptera. The presence of Plecoptera only in mountain areas was …","https://pdfs.semanticscholar.org/d3ab/574f672321d54bea83ef414ec72ef6660909.pdf","https://scholar.google.com/scholar?q=related:N58VwXQk82UJ:scholar.google.com/&scioq=plecoptera%7Cstonefly%7Cstoneflies&hl=en&as_sdt=0,5&as_ylo=2023&as_yhi=2023"
6,"JG Reding, G Vincon, W Graf","Notes on Leuctra signifera Kempny, 1899 and Leuctra austriaca Aubert, 1954 (Plecoptera: Leuctridae), with the description of a new species.",2023,"Zootaxa","europepmc.org","https://europepmc.org/article/med/37518461","https://scholar.google.com/scholar?cites=18047328539415369963&as_sdt=2005&sciodt=0,5&hl=en",56,"2026-04-12 17:51:05","","","",,,,,,6,2.00,2,3,3,"Leuctra signifera Kempny, 1899 and Leuctra austriaca Aubert, 1954 are re-described and their taxonomical status is discussed. New country records are reported for L. austriaca from …","","https://scholar.google.com/scholar?q=related:61ifELD9dPoJ:scholar.google.com/&scioq=plecoptera%7Cstonefly%7Cstoneflies&hl=en&as_sdt=0,5&as_ylo=2023&as_yhi=2023"
0,"C Molineri, F Romero, JC González…","Nuevas especies y nuevos estadios de Anacroneuria (Plecoptera: Perlidae) de las Yungas Australes (Argentina y Bolivia).",2023,"Revista de la Sociedad …","go.gale.com","https://go.gale.com/ps/i.do?id=GALE%7CA778126749&sid=googleScholar&v=2.1&it=r&linkaccess=abs&issn=03735680&p=AONE&sw=w","",75,"2026-04-12 17:51:05","","","",,,,,,0,0.00,0,4,3,"Las Yungas Australes (sur de Bolivia y noroeste de Argentina) se caracterizan por su alta diversidad, paisaje empinado y baja accesibilidad. Las especies de Anacroneuria Klapálek (…","","https://scholar.google.com/scholar?q=related:cniIYlMX5g8J:scholar.google.com/&scioq=plecoptera%7Cstonefly%7Cstoneflies&hl=en&as_sdt=0,5&as_ylo=2023&as_yhi=2023"
0,"R Patricio, R Wilson, JA Norambuena, C Esse…","Null model for explain benthic macroinvertebrates communities in Salado River,(23ºS, Antofagasta Region, Chile).",2023,"IDESIA (Chile …","researchgate.net","https://www.researchgate.net/profile/Carlos-Esse-2/publication/379726754_Null_model_for_explain_benthic_macroinvertebrates_communities_in_Salado_River_23S_Antofagasta_Region_Chile/links/6616ec5b66ba7e2359bba27d/Null-model-for-explain-benthic-macroinvertebrates-communities-in-Salado-River-23S-Antofagasta-Region-Chile.pdf","",607,"2026-04-12 17:51:05","PDF","","",,,,,,0,0.00,0,5,3,"The invertebrate fauna in Northern Chilean inland waters has poorly studied due the difficult access, and there are only studies on crustacea species based in scarce expeditions. The …","https://www.researchgate.net/profile/Carlos-Esse-2/publication/379726754_Null_model_for_explain_benthic_macroinvertebrates_communities_in_Salado_River_23S_Antofagasta_Region_Chile/links/6616ec5b66ba7e2359bba27d/Null-model-for-explain-benthic-macroinvertebrates-communities-in-Salado-River-23S-Antofagasta-Region-Chile.pdf","https://scholar.google.com/scholar?q=related:gIfQQFl0L4MJ:scholar.google.com/&scioq=plecoptera%7Cstonefly%7Cstoneflies&hl=en&as_sdt=0,5&as_ylo=2023&as_yhi=2023"
0,"TB Leal, RS Oliveira, T Giarrizzo, BS Godoy","O efeito da deriva no aninhamento das ordens Ephemeroptera, Trichoptera e Plecoptera no Rio Xingu",2023,"Biota Neotropica","SciELO Brasil","https://www.scielo.br/j/bn/a/74tymFTsNc7S7QwxBmT36qn/abstract/?format=html&lang=pt","",145,"2026-04-12 17:51:05","","","",,,,,,0,0.00,0,4,3,"The drift movement consists of the displacement of the organisms inside the water column which allows its passive locomotion. This movement will result in a variation of the …","","https://scholar.google.com/scholar?q=related:ZRmhfdv5eUgJ:scholar.google.com/&scioq=plecoptera%7Cstonefly%7Cstoneflies&hl=en&as_sdt=0,5&as_ylo=2023&as_yhi=2023"
0,"A Kumar, N Rajwar","Occurrence of new defoliator insect pests on Dalbergia latifolia (Roxb.) in Uttarakhand, India",2023,"","researchgate.net","https://www.researchgate.net/profile/Arvind-Kumar-13/publication/377171024_Occurrence_of_new_defoliator_insect_pests_on_Dalbergia_latifolia_Roxb_in_Uttarakhand_India/links/67f2598576d4923a1af9eeb2/Occurrence-of-new-defoliator-insect-pests-on-Dalbergia-latifolia-Roxb-in-Uttarakhand-India.pdf","",334,"2026-04-12 17:51:05","PDF","","",,,,,,0,0.00,0,2,3,"… Plecoptera reflexa a well-known defoliator and considered as serious pest of D. sissoo in India … Early epidemic of Plecoptera reflexa on Dalbergia sissoo an indication of Doon valley …","https://www.researchgate.net/profile/Arvind-Kumar-13/publication/377171024_Occurrence_of_new_defoliator_insect_pests_on_Dalbergia_latifolia_Roxb_in_Uttarakhand_India/links/67f2598576d4923a1af9eeb2/Occurrence-of-new-defoliator-insect-pests-on-Dalbergia-latifolia-Roxb-in-Uttarakhand-India.pdf","https://scholar.google.com/scholar?q=related:6LFg73bSYHcJ:scholar.google.com/&scioq=plecoptera%7Cstonefly%7Cstoneflies&hl=en&as_sdt=0,5&as_ylo=2023&as_yhi=2023"
8,"RA Eveleens, TJ Morris, DA Woolnough, CM Febria","One informs the other: Unionid species at risk and benthic macroinvertebrate community monitoring data are complementary",2023,"Facets","facetsjournal.com","https://www.facetsjournal.com/doi/abs/10.1139/facets-2022-0207","https://scholar.google.com/scholar?cites=18332645454803196152&as_sdt=2005&sciodt=0,5&hl=en",354,"2026-04-12 17:51:05","","10.1139/facets-2022-0207","",,,,,,8,2.67,2,4,3,"… Benthic macroinvertebrate metrics (eg, family richness, percent Ephemeroptera, Plecoptera, and Trichoptera taxa) and specific indicator taxa were correlated with mussel species …","https://www.facetsjournal.com/doi/pdf/10.1139/facets-2022-0207","https://scholar.google.com/scholar?q=related:-Fi5Humjav4J:scholar.google.com/&scioq=plecoptera%7Cstonefly%7Cstoneflies&hl=en&as_sdt=0,5&as_ylo=2023&as_yhi=2023"
42,"M Kelly-Quinn, JN Biggs, S Brooks, P Fortuno…","Opportunities, approaches and challenges to the engagement of citizens in filling small water body data gaps",2023,"Hydrobiologia","Springer","https://link.springer.com/article/10.1007/s10750-022-04973-y","https://scholar.google.com/scholar?cites=18151836355924144286&as_sdt=2005&sciodt=0,5&hl=en",446,"2026-04-12 17:51:05","HTML","10.1007/s10750-022-04973-y","",,,,,,42,14.00,8,5,3,"Monitoring the condition (water quality, biodiversity, hydromorphology) of small water bodies presents a challenge for the relevant authorities in terms of time and resources (labour and …","https://link.springer.com/article/10.1007/s10750-022-04973-y","https://scholar.google.com/scholar?q=related:njDhP_5G6PsJ:scholar.google.com/&scioq=plecoptera%7Cstonefly%7Cstoneflies&hl=en&as_sdt=0,5&as_ylo=2023&as_yhi=2023"
3,"LS Lecci, CG Froehlich","Ordem Plecoptera Burmeister 1839 (Arthropoda: Insecta)",2023,"Universidade de São Paulo. Guia on-line …","sites.ffclrp.usp.br","http://sites.ffclrp.usp.br/aguadoce/guia_online/Guia_identifica%C3%A7%C3%A3o_larvas_Plecoptera.pdf","https://scholar.google.com/scholar?cites=16720410584251429411&as_sdt=2005&sciodt=0,5&hl=en",63,"2026-04-12 17:51:05","PDF","","",,,,,,3,1.00,2,2,3,"… A ordem Plecoptera no Brasil ainda é pouco conhecida. A situação do conhecimento sobre os plecópteros no país melhorou após os trabalhos sistemáticos de Froehlich (1969, 1984, …","http://sites.ffclrp.usp.br/aguadoce/guia_online/Guia_identifica%C3%A7%C3%A3o_larvas_Plecoptera.pdf","https://scholar.google.com/scholar?q=related:I_L8fNbUCugJ:scholar.google.com/&scioq=plecoptera%7Cstonefly%7Cstoneflies&hl=en&as_sdt=0,5&as_ylo=2023&as_yhi=2023"
0,"M Nelson","Oregon State Rank Assessment for Wahkeena Falls Flightless Stonefly (Nanonemoura wahkeena)",2023,"","pdxscholar.library.pdx.edu","https://pdxscholar.library.pdx.edu/cgi/viewcontent.cgi?article=1147&context=naturalresources_pub","",91,"2026-04-12 17:51:05","","","",,,,,,0,0.00,0,1,3,"… Wahkeena Falls flightless stonefly … Oregon Biodiversity Information Center Wahkeena Falls flightless stonefly (Nanonemoura wahkeena) … Oregon Biodiversity Information …","","https://scholar.google.com/scholar?q=related:cQL1XQSSF8wJ:scholar.google.com/&scioq=plecoptera%7Cstonefly%7Cstoneflies&hl=en&as_sdt=0,5&as_ylo=2023&as_yhi=2023"
3,"SP Plesh, JR Lovvorn, MWC Miller","Organic matter sources and flows in tundra wetland food webs",2023,"PLos One","journals.plos.org","https://journals.plos.org/plosone/article?id=10.1371/journal.pone.0286368","https://scholar.google.com/scholar?cites=14078457952034625022&as_sdt=2005&sciodt=0,5&hl=en",624,"2026-04-12 17:51:05","HTML","","",,,,,,3,1.00,1,3,3,"… However, in our wetlands, diverse deposit-feeding invertebrates (Crustacea, Plecoptera, Trichoptera) overlapped in δ 13 C values with chironomids (Fig 3), suggesting that the most …","https://journals.plos.org/plosone/article?id=10.1371/journal.pone.0286368","https://scholar.google.com/scholar?q=related:_hVMoOq6YMMJ:scholar.google.com/&scioq=plecoptera%7Cstonefly%7Cstoneflies&hl=en&as_sdt=0,5&as_ylo=2023&as_yhi=2023"
1,"R Bligh Toms","Origin of Insect Wings, Metamorphosis, Pupae and The Major Insect Orders",2023,"Theoretical Biology Forum: 116, 1/2, 2023","torrossa.com","https://www.torrossa.com/gs/resourceProxy?an=5548114&publisher=F34885","https://scholar.google.com/scholar?cites=12857284006025917620&as_sdt=2005&sciodt=0,5&hl=en",183,"2026-04-12 17:51:05","","","",,,,,,1,0.33,1,1,3,"… One of the most primitive orders in the Polyneoptera is the Stoneflies (Plecoptera). In the … in some Stonefly larvae, and this is regarded as a primitive feature. Wingless Stoneflies in New …","","https://scholar.google.com/scholar?q=related:tHR8w64_brIJ:scholar.google.com/&scioq=plecoptera%7Cstonefly%7Cstoneflies&hl=en&as_sdt=0,5&as_ylo=2023&as_yhi=2023"
0,"J Sánchez Hernández","Otros materiales (contenidos prácticos) de la asignatura de Limnología",2023,"","","","",380,"2026-04-12 17:51:05","CITATION","","",,,,,,0,0.00,0,1,3,"","","https://scholar.google.com/scholar?q=related:hLkVzj9MbXQJ:scholar.google.com/&scioq=plecoptera%7Cstonefly%7Cstoneflies&hl=en&as_sdt=0,5&as_ylo=2023&as_yhi=2023"
0,"ACG Petersen","PAPEL DAS MACRÓFITAS AQUÁTICAS NA DISTRIBUIÇÃO ESPACIAL DE MACROINVERTEBRADOS BENTÔNICOS",2023,"REVISTA FOCO","focopublicacoes.com.br","https://focopublicacoes.com.br/foco/article/view/889","",631,"2026-04-12 17:51:05","","","",,,,,,0,0.00,0,1,3,"As principais características para se trabalhar com macroinvertebrados bentônicos estão relacionadas a sensibilidade às variações físicas e químicas em corpos hídricos; …","https://focopublicacoes.com.br/foco/article/download/889/693","https://scholar.google.com/scholar?q=related:M0gzbfQ8XDoJ:scholar.google.com/&scioq=plecoptera%7Cstonefly%7Cstoneflies&hl=en&as_sdt=0,5&as_ylo=2023&as_yhi=2023"
5,"MS Crossley, CE Latimer, CM Kennedy…","Past and recent farming degrades aquatic insect genetic diversity",2023,"Molecular …","Wiley Online Library","https://onlinelibrary.wiley.com/doi/abs/10.1111/mec.16590","https://scholar.google.com/scholar?cites=11198454542723052733&as_sdt=2005&sciodt=0,5&hl=en",300,"2026-04-12 17:51:05","","10.1111/mec.16590","",,,,,,5,1.67,1,4,3,"… , 600 mayfly species, and 601 stonefly species in North America (Merritt &Cummins, 1996). Nearly every species of caddisfly, mayfly, and stonefly represented in our meta-data set (…","https://onlinelibrary.wiley.com/doi/am-pdf/10.1111/mec.16590","https://scholar.google.com/scholar?q=related:vfRdHBPnaJsJ:scholar.google.com/&scioq=plecoptera%7Cstonefly%7Cstoneflies&hl=en&as_sdt=0,5&as_ylo=2023&as_yhi=2023"
0,"Z Tipton","Patterns in Winter Stonefly Distribution Along a River Continuum and Land-Use Gradient in Northwest Arkansas Streams",2023,"","search.proquest.com","https://search.proquest.com/openview/312077ad8b0f1bb178eee3bdb52eeb28/1?pq-origsite=gscholar&cbl=18750&diss=y","",84,"2026-04-12 17:51:05","BOOK","","",,,,,,0,0.00,0,1,3,"Freshwater ecosystems are facing a crisis with extinction rates of aquatic species exceeding those of their terrestrial counterparts by up to fivefold. This decline is predominantly …","https://scholarworks.uark.edu/cgi/viewcontent.cgi?article=6656&context=etd","https://scholar.google.com/scholar?q=related:qtjs_HBs41MJ:scholar.google.com/&scioq=plecoptera%7Cstonefly%7Cstoneflies&hl=en&as_sdt=0,5&as_ylo=2023&as_yhi=2023"
0,"WR Terra, C Ferreira, CP Silva","Patterns of Insect Evolution",2023,"… and Evolution of Insect Digestive Systems","Springer","https://link.springer.com/chapter/10.1007/978-3-031-39233-7_1","",676,"2026-04-12 17:51:05","","10.1007/978-3-031-39233-7_1","",,,,,,0,0.00,0,3,3,"Insects are the most diverse living beings and their ancestors moved from the sea and colonized the land long before the chordates. Phylogenetic and fossil data were combined to …","","https://scholar.google.com/scholar?q=related:7gF5c1XfV2IJ:scholar.google.com/&scioq=plecoptera%7Cstonefly%7Cstoneflies&hl=en&as_sdt=0,5&as_ylo=2023&as_yhi=2023"
2,"P Anggraeni, N Kurnia, H Lodang","Pengembangan Booklet Sebagai Alternatif Sumber Belajar Berdasarkan Data Inventarisasi Serangga Pada Materi Prinsip-prinsip Klasifikasi Makhluk Hidup SMA",2023,"Prosiding Seminar Nasional …","journal.unm.ac.id","https://journal.unm.ac.id/index.php/semnasbio/article/view/1219","https://scholar.google.com/scholar?cites=18386128333712789321&as_sdt=2005&sciodt=0,5&hl=en",867,"2026-04-12 17:51:05","","","",,,,,,2,0.67,1,3,3,"Penelitian ini bertujuan untuk menghasilkan data inventarisasi serangga yang dapat dijadikan sebagai bahan atau data pengembangan booklet yang dapat dijadikan sebagai …","https://journal.unm.ac.id/index.php/semnasbio/article/download/1219/766","https://scholar.google.com/scholar?q=related:SQ-yPU6mKP8J:scholar.google.com/&scioq=plecoptera%7Cstonefly%7Cstoneflies&hl=en&as_sdt=0,5&as_ylo=2023&as_yhi=2023"
4,"S Tokunaga, Y Kawabata, A Takahashi","Penguin-mounted video camera provides new insights into predator–prey interactions with prey fish",2023,"Ecology","JSTOR","https://www.jstor.org/stable/27256128","https://scholar.google.com/scholar?cites=5125197367812839449&as_sdt=2005&sciodt=0,5&hl=en",897,"2026-04-12 17:51:05","","","",,,,,,4,1.33,1,3,3,"… Similar curling behaviors have been observed in various animals: the stonefly (Pteronarcys dorsata) nymph curled its body against fish predators (Moore &Williams, 1990). …","","https://scholar.google.com/scholar?q=related:GVhAANpbIEcJ:scholar.google.com/&scioq=plecoptera%7Cstonefly%7Cstoneflies&hl=en&as_sdt=0,5&as_ylo=2023&as_yhi=2023"
0,"J Cocco","Pennsylvania Department of Environmental Protection Bureau of Abandoned Mine Reclamation Acid Mine Drainage Division Cambria Office Black Creek …",,"friendsofthenescopeck.org","","http://friendsofthenescopeck.org/wp-content/uploads/2023/08/Black-Creek-Bio-Assessment-2016.pdf","",701,"2026-04-12 17:51:05","PDF","","",,,,,,0,0.00,0,1,,"Black Creek is a 36.5-kilometer (km) creek that flows from its source in north Hazleton, PA, Carbon County, west to its confluence with the Nescopeck Creek. Black Creek is a major …","http://friendsofthenescopeck.org/wp-content/uploads/2023/08/Black-Creek-Bio-Assessment-2016.pdf","https://scholar.google.com/scholar?q=related:98TkR6BY3TEJ:scholar.google.com/&scioq=plecoptera%7Cstonefly%7Cstoneflies&hl=en&as_sdt=0,5&as_ylo=2023&as_yhi=2023"
246,"AJ Lynch, SJ Cooke, AH Arthington…","People need freshwater biodiversity",2023,"Wiley …","Wiley Online Library","https://wires.onlinelibrary.wiley.com/doi/abs/10.1002/wat2.1633","https://scholar.google.com/scholar?cites=1486352466183060335&as_sdt=2005&sciodt=0,5&hl=en",451,"2026-04-12 17:51:05","","10.1002/wat2.1633","",,,,,,246,82.00,62,4,3,"… Increasing water temperature may exceed the upper thermal limits (about 21C) of sensitive freshwater fauna, especially cold stenotherms such as Ephemeroptera, Plecoptera, and …","https://wires.onlinelibrary.wiley.com/doi/pdf/10.1002/wat2.1633","https://scholar.google.com/scholar?q=related:b_vdZbGVoBQJ:scholar.google.com/&scioq=plecoptera%7Cstonefly%7Cstoneflies&hl=en&as_sdt=0,5&as_ylo=2023&as_yhi=2023"
2,"PN Taniguti, FRP Sarmento, VM Lopez…","PERLIDAE (PLECOPTERA) DO ESTADO DE SÃO PAULO, BRASIL: LISTA DE ESPÉCIES, PROBLEMAS TAXONÔMICOS E AMOSTRAGEM",2023,"Acta Biologica …","seer.uftm.edu.br","https://seer.uftm.edu.br/revistaeletronica/index.php/acbioabras/article/view/7256","https://scholar.google.com/scholar?cites=17057336764329745049&as_sdt=2005&sciodt=0,5&hl=en",82,"2026-04-12 17:51:05","","","",,,,,,2,0.67,1,4,3,"Os plecópteros são insetos aquáticos que habitam ambientes lóticos, especialmente os de baixas e médias ordens. Por este fator, são insetos amplamente utilizados como indicadores …","https://seer.uftm.edu.br/revistaeletronica/index.php/acbioabras/article/download/7256/7156","https://scholar.google.com/scholar?q=related:mdoV3GnVt-wJ:scholar.google.com/&scioq=plecoptera%7Cstonefly%7Cstoneflies&hl=en&as_sdt=0,5&as_ylo=2023&as_yhi=2023"
160,"RL Carvalho, AF Resende, J Barlow, FM França…","Pervasive gaps in Amazonian ecological research",2023,"Current Biology","cell.com","https://www.cell.com/current-biology/fulltext/S0960-9822(23)00863-1","https://scholar.google.com/scholar?cites=16571258508712645832&as_sdt=2005&sciodt=0,5&hl=en",928,"2026-04-12 17:51:05","HTML","","",,,,,,160,53.33,32,5,3,"Biodiversity loss is one of the main challenges of our time, 1 , 2 and attempts to address it require a clear understanding of how ecological communities respond to environmental …","https://www.cell.com/current-biology/fulltext/S0960-9822(23)00863-1","https://scholar.google.com/scholar?q=related:yJT8vNDv-OUJ:scholar.google.com/&scioq=plecoptera%7Cstonefly%7Cstoneflies&hl=en&as_sdt=0,5&as_ylo=2023&as_yhi=2023"
14,"YS Wang, JW Zhang, N Lo, T Bourguignon, L Guo…","Phylogenetic analysis of Blaberoidea reveals non‐monophyly of taxa and supports the creation of multiple new subfamilies",2023,"…","Wiley Online Library","https://onlinelibrary.wiley.com/doi/abs/10.1111/cla.12535","https://scholar.google.com/scholar?cites=17516110072341525383&as_sdt=2005&sciodt=0,5&hl=en",661,"2026-04-12 17:51:05","","10.1111/cla.12535","",,,,,,14,4.67,2,6,3,"The superfamily Blaberoidea is a highly species‐rich group of cockroaches. High‐level blaberoidean phylogenetics are still under debate owing to variable taxon sampling and …","https://onlinelibrary.wiley.com/doi/pdf/10.1111/cla.12535","https://scholar.google.com/scholar?q=related:h_OOdE65FfMJ:scholar.google.com/&scioq=plecoptera%7Cstonefly%7Cstoneflies&hl=en&as_sdt=0,5&as_ylo=2023&as_yhi=2023"
69,"E Vancaester, M Blaxter","Phylogenomic analysis of Wolbachia genomes from the Darwin Tree of Life biodiversity genomics project",2023,"PLoS Biology","journals.plos.org","https://journals.plos.org/plosbiology/article?id=10.1371/journal.pbio.3001972","https://scholar.google.com/scholar?cites=15859431297153818279&as_sdt=2005&sciodt=0,5&hl=en",553,"2026-04-12 17:51:05","HTML","","",,,,,,69,23.00,35,2,3,"The Darwin Tree of Life (DToL) project aims to sequence all described terrestrial and aquatic eukaryotic species found in Britain and Ireland. Reference genome sequences are …","https://journals.plos.org/plosbiology/article?id=10.1371/journal.pbio.3001972","https://scholar.google.com/scholar?q=related:p96Q5rwEGNwJ:scholar.google.com/&scioq=plecoptera%7Cstonefly%7Cstoneflies&hl=en&as_sdt=0,5&as_ylo=2023&as_yhi=2023"
5,"PB Frandsen, RW Holzenthal, M Espeland, J Breinholt…","Phylogenomics recovers multiple origins of portable case-making in caddisflies (Insecta: Trichoptera), the world's most common underwater architects",2023,"bioRxiv","biorxiv.org","https://www.biorxiv.org/content/10.1101/2023.12.21.572910.abstract","https://scholar.google.com/scholar?cites=1870655513122169235&as_sdt=2005&sciodt=0,5&hl=en",217,"2026-04-12 17:51:05","","10.1101/2023.12.21.572910.abstract","",,,,,,5,1.67,1,5,3,"Caddisflies (Trichoptera) are among the most diverse groups of freshwater animals with more than 16,000 described species. They play an outsized role in freshwater ecology and …","https://www.biorxiv.org/content/10.1101/2023.12.21.572910.full.pdf","https://scholar.google.com/scholar?q=related:k-HFLEfn9RkJ:scholar.google.com/&scioq=plecoptera%7Cstonefly%7Cstoneflies&hl=en&as_sdt=0,5&as_ylo=2023&as_yhi=2023"
4,"JE Marsden, B Marcy-Quay, N Dingledine…","Physical and biological evolution of constructed reefs–long-term assessment and lessons learned",2023,"Journal of Great Lakes …","Elsevier","https://www.sciencedirect.com/science/article/pii/S0380133022002350","https://scholar.google.com/scholar?cites=15740970877548892769&as_sdt=2005&sciodt=0,5&hl=en",910,"2026-04-12 17:51:05","","","",,,,,,4,1.33,1,4,3,"Artificial reefs are widely used to restore lost or damaged habitat, particularly spawning habitat. However, reefs are often designed without consideration for testing design features and …","https://www.sciencedirect.com/science/article/am/pii/S0380133022002350","https://scholar.google.com/scholar?q=related:YRISKJ0pc9oJ:scholar.google.com/&scioq=plecoptera%7Cstonefly%7Cstoneflies&hl=en&as_sdt=0,5&as_ylo=2023&as_yhi=2023"
5,"MS Linares, LB dos Santos, M Callisto…","Physical habitat condition as a key tool to maintain freshwater biodiversity in neotropical artificial ponds",2023,"Water Biology and …","Elsevier","https://www.sciencedirect.com/science/article/pii/S2772735123000690","https://scholar.google.com/scholar?cites=3911034591620775482&as_sdt=2005&sciodt=0,5&hl=en",507,"2026-04-12 17:51:05","HTML","","",,,,,,5,1.67,1,4,3,"In areas highly affected by anthropogenic disturbances, artificial (human-made) freshwater ecosystems can provide habitat for maintaining and conserving regional freshwater …","https://www.sciencedirect.com/science/article/pii/S2772735123000690","https://scholar.google.com/scholar?q=related:Oj7SUT3JRjYJ:scholar.google.com/&scioq=plecoptera%7Cstonefly%7Cstoneflies&hl=en&as_sdt=0,5&as_ylo=2023&as_yhi=2023"
3,"H Kumar, S Verma, D Sagar, RK Behera…","Physiological adaptive mechanisms of insects in different habitats",2023,"Animal diversity …","researchgate.net","https://www.researchgate.net/profile/Hemant-Kumar-213/publication/383846185_PHYSIOLOGICAL_ADAPTIVE_MECHANISMS_OF_INSECTS_IN_DIFFERENT_HABITATS/links/66dc306bb1606e24c2124572/PHYSIOLOGICAL-ADAPTIVE-MECHANISMS-OF-INSECTS-IN-DIFFERENT-HABITATS.pdf","https://scholar.google.com/scholar?cites=9948808126849854039&as_sdt=2005&sciodt=0,5&hl=en",895,"2026-04-12 17:51:05","PDF","","",,,,,,3,1.00,1,5,3,"Insects are a highly diverse group of organisms that have successfully colonized nearly every corner of the Earth. Their remarkable ability to thrive in various habitats can be attributed to …","https://www.researchgate.net/profile/Hemant-Kumar-213/publication/383846185_PHYSIOLOGICAL_ADAPTIVE_MECHANISMS_OF_INSECTS_IN_DIFFERENT_HABITATS/links/66dc306bb1606e24c2124572/PHYSIOLOGICAL-ADAPTIVE-MECHANISMS-OF-INSECTS-IN-DIFFERENT-HABITATS.pdf","https://scholar.google.com/scholar?q=related:V6pnw0dEEYoJ:scholar.google.com/&scioq=plecoptera%7Cstonefly%7Cstoneflies&hl=en&as_sdt=0,5&as_ylo=2023&as_yhi=2023"
1,"SL Marchenko","Pink Salmon Oncorhynchus gorbuscha (Salmoniformes, Salmonidae) from the Continental Coast of the Sea of Okhotsk. Communication 2: Juveniles",2023,"Russian Journal of Marine Biology","Springer","https://link.springer.com/article/10.1134/S1063074023070106","https://scholar.google.com/scholar?cites=16059755606024640819&as_sdt=2005&sciodt=0,5&hl=en",604,"2026-04-12 17:51:05","","10.1134/S1063074023070106","",,,,,,1,0.33,1,1,3,"… In rivers, representatives of orders Diptera (family Chironomidae), Plecoptera, and Ephemeroptera constitute the major part of the diet of migrating juvenile pink salmon. …","","https://scholar.google.com/scholar?q=related:M9mvrKK2394J:scholar.google.com/&scioq=plecoptera%7Cstonefly%7Cstoneflies&hl=en&as_sdt=0,5&as_ylo=2023&as_yhi=2023"
0,"S Sahoo, PP Pradhan…","Plant Biochemicals in Insect Pollination for Crop Improvement",2023,"Advances In Insect …","books.google.com","https://books.google.com/books?hl=en&lr=&id=X5HeEAAAQBAJ&oi=fnd&pg=PA2008&dq=plecoptera%7Cstonefly%7Cstoneflies&ots=2exW0t8gXl&sig=CSde7rR66WRR7Kx0SXw-oMd1vXI","",369,"2026-04-12 17:51:05","","","",,,,,,0,0.00,0,3,3,"… Also, the thrips (Thysanoptera) which are pollen eating species that may be pollinators, some stoneflies (Plecoptera) and true bugs (Hemiptera) visit flowers and eat pollen and nectar, …","","https://scholar.google.com/scholar?q=related:em7bkgcbs9sJ:scholar.google.com/&scioq=plecoptera%7Cstonefly%7Cstoneflies&hl=en&as_sdt=0,5&as_ylo=2023&as_yhi=2023"
1,"MA Flores Barragan, MP Velasco de León…","Plant-Insect Interactions in Central-eastern Mexico during the upper Paleozoic",2023,"Available at SSRN …","papers.ssrn.com","https://papers.ssrn.com/sol3/papers.cfm?abstract_id=4677024","https://scholar.google.com/scholar?cites=8751029675460852093&as_sdt=2005&sciodt=0,5&hl=en",672,"2026-04-12 17:51:05","","","",,,,,,1,0.33,0,3,3,"For the first time, a quantitative and qualitative report of herbivory on foliar elements from the Permian of Mexico is carried out, four functional feeding groups sensu Labandeira with low …","https://papers.ssrn.com/sol3/Delivery.cfm?abstractid=4677024","https://scholar.google.com/scholar?q=related:ffm--B_ncXkJ:scholar.google.com/&scioq=plecoptera%7Cstonefly%7Cstoneflies&hl=en&as_sdt=0,5&as_ylo=2023&as_yhi=2023"
5,"AA Santos, LM Sender, T Wappler, JB Diez","Plant–insect interactions on aquatic and terrestrial angiosperms from the latest Albian (Early Cretaceous) of Estercuel (northeastern Spain) and their …",2023,"Plants","mdpi.com","https://www.mdpi.com/2223-7747/12/3/508","https://scholar.google.com/scholar?cites=1339314398462251711&as_sdt=2005&sciodt=0,5&hl=en",606,"2026-04-12 17:51:05","HTML","","",,,,,,5,1.67,1,4,3,"Fossils of plant–insect interactions are direct evidence of paleoecological relationships between these two dominant groups in terrestrial ecosystems. We present a variety of plant–…","https://www.mdpi.com/2223-7747/12/3/508","https://scholar.google.com/scholar?q=related:v5LoclkzlhIJ:scholar.google.com/&scioq=plecoptera%7Cstonefly%7Cstoneflies&hl=en&as_sdt=0,5&as_ylo=2023&as_yhi=2023"
0,"AA Santos, LM Sender, T Wappler, JB Diez","Plant–Insect Interactions on Aquatic and Terrestrial Angiosperms from the Latest Albian (Early Cretaceous) of Estercuel (Northeastern Spain) and Their …",2023,"","academia.edu","https://www.academia.edu/download/107344821/pdf.pdf","",785,"2026-04-12 17:51:05","PDF","","",,,,,,0,0.00,0,4,3,"Fossils of plant–insect interactions are direct evidence of paleoecological relationships between these two dominant groups in terrestrial ecosystems. We present a variety of plant–…","https://www.academia.edu/download/107344821/pdf.pdf","https://scholar.google.com/scholar?q=related:QA1kh4RzHgcJ:scholar.google.com/&scioq=plecoptera%7Cstonefly%7Cstoneflies&hl=en&as_sdt=0,5&as_ylo=2023&as_yhi=2023"
4,"P Pessacq, TV Duarte Simoes","Plecoptera",2023,"","ri.conicet.gov.ar","https://ri.conicet.gov.ar/handle/11336/253711","https://scholar.google.com/scholar?cites=16844810901830423513&as_sdt=2005&sciodt=0,5&hl=en",18,"2026-04-12 17:51:05","","","",,,,,,4,1.33,2,2,3,"El orden Plecoptera incluye insectos hemimetábolos que poseen un modelo morfológico generalizado. Poseen distribución prácticamente cosmopolita, y sus larvas, en general, viven …","https://ri.conicet.gov.ar/bitstream/handle/11336/253711/CONICET_Digital_Nro.b745bc13-f178-4926-9a30-a956761afc69_B.pdf?sequence=2","https://scholar.google.com/scholar?q=related:2dM6gETKxOkJ:scholar.google.com/&scioq=plecoptera%7Cstonefly%7Cstoneflies&hl=en&as_sdt=0,5&as_ylo=2023&as_yhi=2023"
0,"S Fenoglio, M TIERNO DE FIGUEROA…","PLECOPTERA",2023,"Les Insectes du Monde …","iris.uniupo.it","https://iris.uniupo.it/handle/11579/26646","",185,"2026-04-12 17:51:05","CITATION","","",,,,,,0,0.00,0,3,3,"PLECOPTERA … PLECOPTERA …","","https://scholar.google.com/scholar?q=related:bwFp9aUM5H0J:scholar.google.com/&scioq=plecoptera%7Cstonefly%7Cstoneflies&hl=en&as_sdt=0,5&as_ylo=2023&as_yhi=2023"
2,"L Lecci, T Duarte","Plecoptera in Catálogo Taxonômico da Fauna do Brasil. PNUD",2023,"","","","https://scholar.google.com/scholar?cites=4078758863341629061&as_sdt=2005&sciodt=0,5&hl=en",200,"2026-04-12 17:51:05","CITATION","","",,,,,,2,0.67,1,2,3,"","","https://scholar.google.com/scholar?q=related:hS70dZOpmjgJ:scholar.google.com/&scioq=plecoptera%7Cstonefly%7Cstoneflies&hl=en&as_sdt=0,5&as_ylo=2023&as_yhi=2023"
10,"MH Koski","Pollinators exert selection on floral traits in a pollen‐limited, narrowly endemic spring ephemeral",2023,"American Journal of Botany","Wiley Online Library","https://bsapubs.onlinelibrary.wiley.com/doi/abs/10.1002/ajb2.16101","https://scholar.google.com/scholar?cites=14126572913454178858&as_sdt=2005&sciodt=0,5&hl=en",414,"2026-04-12 17:51:05","","10.1002/ajb2.16101","",,,,,,10,3.33,10,1,3,"Premise Floral traits are frequently under pollinator‐mediated selection, especially in taxa subject to strong pollen‐limitation, such as those reliant on pollinators. However, antagonists …","https://bsapubs.onlinelibrary.wiley.com/doi/pdfdirect/10.1002/ajb2.16101","https://scholar.google.com/scholar?q=related:KmIXEDirC8QJ:scholar.google.com/&scioq=plecoptera%7Cstonefly%7Cstoneflies&hl=en&as_sdt=0,5&as_ylo=2023&as_yhi=2023"
0,"JM Hwang, JH Kang, JM Hur, D Muranyi","Poorly known Chloroperlidae (Plecoptera) from Korea, addressing a certain problem of limits between Alloperla Banks, 1906 and Sweltsa Ricker, 1943",2023,"Journal of species research","dbpia.co.kr","https://www.dbpia.co.kr/Journal/articleDetail?nodeId=NODE12421768","",71,"2026-04-12 17:51:05","","","",,,,,,0,0.00,0,4,3,"Alloperla tiunovae Teslenko, 2009 and Haploperla maritima Zhiltzova &Levanidova, 1978, hitherto known only from the Russian Far East, are reported from South Korea. The male of A…","","https://scholar.google.com/scholar?q=related:S1EzuumrBNgJ:scholar.google.com/&scioq=plecoptera%7Cstonefly%7Cstoneflies&hl=en&as_sdt=0,5&as_ylo=2023&as_yhi=2023"
4,"S Bureš, M Baláž, D Slavkovská, K Weidinger","Post-fledging survival and dispersal of the White-Throated Dipper Cinclus cinclus",2023,"Acta Ornithologica","BioOne","https://bioone.org/journals/acta-ornithologica/volume-57/issue-2/00016454AO2022.57.2.001/Post-Fledging-Survival-and-Dispersal-of-the-White-Throated-Dipper/10.3161/00016454AO2022.57.2.001.short","https://scholar.google.com/scholar?cites=2969832032019831147&as_sdt=2005&sciodt=0,5&hl=en",707,"2026-04-12 17:51:05","","10.3161/00016454AO2022.57.2.001.short","",,,,,,4,1.33,1,4,3,"… We have observed fledglings foraging on emerged Stoneflies (Plecoptera) one day after fledging. Within-population variation in the age of independence depends on individual …","","https://scholar.google.com/scholar?q=related:a1kej3_2NikJ:scholar.google.com/&scioq=plecoptera%7Cstonefly%7Cstoneflies&hl=en&as_sdt=0,5&as_ylo=2023&as_yhi=2023"
1,"MP Lyons, CA Nikiel, OE LeDee, RP Boyles","Potential effects of climate change on Appalachian stoneflies (Remenus kirchneri, Acroneuria kosztarabi, and Tallaperla lobata)",2023,"","pubs.usgs.gov","https://pubs.usgs.gov/publication/ofr20211104B","https://scholar.google.com/scholar?cites=9615437781294025027&as_sdt=2005&sciodt=0,5&hl=en",50,"2026-04-12 17:51:05","","","",,,,,,1,0.33,0,4,3,"Plecoptera (stoneflies) are an order of insects where most species rely on clean, fast-moving freshwater for an aquatic larval stage followed by a short terrestrial adult stage. Most …","","https://scholar.google.com/scholar?q=related:Q4nmobflcIUJ:scholar.google.com/&scioq=plecoptera%7Cstonefly%7Cstoneflies&hl=en&as_sdt=0,5&as_ylo=2023&as_yhi=2023"
0,"AP Gryganskyi, AE Hajek, N Voloshchuk, A Idnurm…","Potential Use of Species in the Erynioideae for Biological Control and Biotechnology",2023,"","preprints.org","https://www.preprints.org/frontend/manuscript/34543226f37b4e8532232b70019eec8f/download_pub","",671,"2026-04-12 17:51:05","PDF","","",,,,,,0,0.00,0,5,3,"The fungal order Entomophthorales in the Zoopagomycotina includes many fungal pathogens of arthropods. This review explores five genera in the Erynioideae subfamily, namely …","https://www.preprints.org/frontend/manuscript/34543226f37b4e8532232b70019eec8f/download_pub","https://scholar.google.com/scholar?q=related:imjFv21ELWoJ:scholar.google.com/&scioq=plecoptera%7Cstonefly%7Cstoneflies&hl=en&as_sdt=0,5&as_ylo=2023&as_yhi=2023"
6,"SD Taylor","Potomac horse fever",2023,"Veterinary Clinics: Equine Practice","vetequine.theclinics.com","https://www.vetequine.theclinics.com/article/S0749-0739(22)00074-8/abstract","https://scholar.google.com/scholar?cites=15740471243034992785&as_sdt=2005&sciodt=0,5&hl=en",449,"2026-04-12 17:51:05","","","",,,,,,6,2.00,6,1,3,"… are intracellular, gram-negative bacteria of trematodes that parasitize aquatic insects (eg, caddisflies, mayflies, dragonflies, stoneflies, and damselflies) and snails. Horses become …","","https://scholar.google.com/scholar?q=related:kSBa7jJjcdoJ:scholar.google.com/&scioq=plecoptera%7Cstonefly%7Cstoneflies&hl=en&as_sdt=0,5&as_ylo=2023&as_yhi=2023"
0,"M Piltz","Prairie Research Institute Illinois Natural History Survey—UIUC—Contractors 1816 South Oak Street Champaign, IL 61820",,"","","","",333,"2026-04-12 17:51:05","CITATION","","",,,,,,0,0.00,0,1,,"","","https://scholar.google.com/scholar?q=related:BdpFSZPzsAMJ:scholar.google.com/&scioq=plecoptera%7Cstonefly%7Cstoneflies&hl=en&as_sdt=0,5&as_ylo=2023&as_yhi=2023"
3,"B Annaratone, C Larson, C Prater, A Dowling…","Predicting Habitat and Distribution of an Interior Highlands Regional Endemic Winter Stonefly (Allocapnia mohri) in Arkansas Using Random Forest Models",2023,"Hydrobiology","mdpi.com","https://www.mdpi.com/2673-9917/2/1/13","https://scholar.google.com/scholar?cites=8893964490176811842&as_sdt=2005&sciodt=0,5&hl=en",28,"2026-04-12 17:51:05","HTML","","",,,,,,3,1.00,1,5,3,"… Stoneflies (Plecoptera) are a highly diverse … of an endemic stonefly species to close the gap in species-specific stonefly … of factors could be affecting spatial distributions of stoneflies. …","https://www.mdpi.com/2673-9917/2/1/13","https://scholar.google.com/scholar?q=related:QlPt4ZS1bXsJ:scholar.google.com/&scioq=plecoptera%7Cstonefly%7Cstoneflies&hl=en&as_sdt=0,5&as_ylo=2023&as_yhi=2023"
0,"RE DEWALT, S BURIAN","Preface: Proceedings of the XVIth International Conference on Ephemeroptera and XXth International Symposium on Plecoptera",2023,"Zoosymposia","biotaxa.org","https://www.biotaxa.org/Zoosymposia/article/view/zoosymposia.24.1.3","",67,"2026-04-12 17:51:05","","","",,,,,,0,0.00,0,2,3,"Because of uncertainty about hosting an international, in-person conference in mid-2021, our meeting was postponed until summer 2022. Uncertainty continued into 2022. We could not …","https://www.biotaxa.org/Zoosymposia/article/view/zoosymposia.24.1.3/77603","https://scholar.google.com/scholar?q=related:-KQEllLITp8J:scholar.google.com/&scioq=plecoptera%7Cstonefly%7Cstoneflies&hl=en&as_sdt=0,5&as_ylo=2023&as_yhi=2023"
0,"B Tubić, A Atanacković, K Zorić…","Preliminarna ocena ekološkog statusa reke Zlošnice na osnovu vodenih makrobeskičmenjaka",2023,"… Conference of the …","radar.ibiss.bg.ac.rs","https://radar.ibiss.bg.ac.rs/handle/123456789/6651","",712,"2026-04-12 17:51:05","","","",,,,,,0,0.00,0,4,3,"… Na osnovu EPT indeksa (učešće Ephemeroptera, Plecoptera i Trichoptera) dostignut je dobar ekološki status na istraživanom lokalitetu tokom sva tri ciklusa istraživanja. Na osnovu …","https://radar.ibiss.bg.ac.rs/bitstream/handle/123456789/6651/bitstream_15797.pdf?sequence=2&isAllowed=y","https://scholar.google.com/scholar?q=related:SgprvyAgAEoJ:scholar.google.com/&scioq=plecoptera%7Cstonefly%7Cstoneflies&hl=en&as_sdt=0,5&as_ylo=2023&as_yhi=2023"
1,"CJ Dey, S Matchett, A Doolittle, J Jung, R Kavanagh…","Preliminary Assessment of the State of Fish and Fish Habitat in Fisheries and Oceans Canada's Ontario and Prairie Region",2023,"","open-science.canada.ca","https://open-science.canada.ca/server/api/core/bitstreams/5a9fd3b1-5119-4834-b9b0-91c6118d269e/content","https://scholar.google.com/scholar?cites=2444668437818913985&as_sdt=2005&sciodt=0,5&hl=en",541,"2026-04-12 17:51:05","BOOK","","",,,,,,1,0.33,0,6,3,"With the modernization of the Fisheries Act, DFO committed to producing ‘State of Fish and Fish Habitat’(SOFFH) reports for Canada’s freshwater ecosystems. As part of this initiative, …","https://open-science.canada.ca/server/api/core/bitstreams/5a9fd3b1-5119-4834-b9b0-91c6118d269e/content","https://scholar.google.com/scholar?q=related:wTTO5f007SEJ:scholar.google.com/&scioq=plecoptera%7Cstonefly%7Cstoneflies&hl=en&as_sdt=0,5&as_ylo=2023&as_yhi=2023"
22,"AO Edegbene, LA Elakhame, FO Arimoro, EC Osimen…","Preliminary studies on macroinvertebrate biomonitoring of freshwater systems in the Afrotropics: a case study of the Chanchaga River in the Lower Niger-Benue …",2023,"Biologia","Springer","https://link.springer.com/article/10.1007/s11756-023-01445-z","https://scholar.google.com/scholar?cites=211375271880601344&as_sdt=2005&sciodt=0,5&hl=en",594,"2026-04-12 17:51:05","","10.1007/s11756-023-01445-z","",,,,,,22,7.33,4,5,3,"In the developing nations like Nigeria, the science of freshwater biomonitoring is still scanty unlike developed countries. In this study, we explored the significance of using …","","https://scholar.google.com/scholar?q=related:AK--mrD07gIJ:scholar.google.com/&scioq=plecoptera%7Cstonefly%7Cstoneflies&hl=en&as_sdt=0,5&as_ylo=2023&as_yhi=2023"
2,"NA Hasmi, NI Taib, R Abdul Aziz, H Alwi…","Preliminary study on abundance of aquatic insects in Sungai Sat, Taman Negara Pahang, Malaysia",2023,"Bioresources and …","ir.uitm.edu.my","https://ir.uitm.edu.my/id/eprint/124930/","https://scholar.google.com/scholar?cites=11155191902709229514&as_sdt=2005&sciodt=0,5&hl=en",310,"2026-04-12 17:51:05","","","",,,,,,2,0.67,0,5,3,"… One family in the order of Plecoptera was recorded in this study, which is similarly low numbers and diversity of Plecoptera are reported in the previous study (Hamid and Rawi, 2011; …","https://ir.uitm.edu.my/id/eprint/124930/1/124930.pdf","https://scholar.google.com/scholar?q=related:yidMyu4zz5oJ:scholar.google.com/&scioq=plecoptera%7Cstonefly%7Cstoneflies&hl=en&as_sdt=0,5&as_ylo=2023&as_yhi=2023"
2,"P LERAUT","Premier inventaire des trichoptères d'Autun (71) et de ses environs (Trichoptera)",2023,"Revue française d'Entomologie générale","researchgate.net","https://www.researchgate.net/profile/Leraut-Patrice/publication/376851787_Premier_inventaire_des_trichopteres_d'Autun_et_de_ses_environs_Trichoptera/links/658c46fb2468df72d3dd5268/Premier-inventaire-des-trichopteres-dAutun-et-de-ses-environs-Trichoptera.pdf","https://scholar.google.com/scholar?cites=6370454120405006804&as_sdt=2005&sciodt=0,5&hl=en",736,"2026-04-12 17:51:05","PDF","","",,,,,,2,0.67,2,1,3,"… à Lucenay-l’Evêque au nord, Mesvres et Marmagnesous-Creusot au sud), et la diversité des trichoptères qu’on y trouve correspond bien par ailleurs à celle des plécoptères (Plecoptera…","https://www.researchgate.net/profile/Leraut-Patrice/publication/376851787_Premier_inventaire_des_trichopteres_d'Autun_et_de_ses_environs_Trichoptera/links/658c46fb2468df72d3dd5268/Premier-inventaire-des-trichopteres-dAutun-et-de-ses-environs-Trichoptera.pdf","https://scholar.google.com/scholar?q=related:1PmpOEVmaFgJ:scholar.google.com/&scioq=plecoptera%7Cstonefly%7Cstoneflies&hl=en&as_sdt=0,5&as_ylo=2023&as_yhi=2023"
11,"A Bange, A Backes, S Garthe, P Schwemmer","Prey choice and ingestion of microplastics by common shelducks and common eiders in the Wadden Sea World Heritage Site",2023,"Marine Biology","Springer","https://link.springer.com/article/10.1007/s00227-023-04201-8","https://scholar.google.com/scholar?cites=1309412677154117470&as_sdt=2005&sciodt=0,5&hl=en",649,"2026-04-12 17:51:05","HTML","10.1007/s00227-023-04201-8","",,,,,,11,3.67,3,4,3,"Top predators such as coastal birds are essential components of marine food webs, and understanding their trophic interactions forms an essential basis of food web models. At the …","https://link.springer.com/article/10.1007/s00227-023-04201-8","https://scholar.google.com/scholar?q=related:XhcqbuT3KxIJ:scholar.google.com/&scioq=plecoptera%7Cstonefly%7Cstoneflies&hl=en&as_sdt=0,5&as_ylo=2023&as_yhi=2023"
0,"M Božanić, K Stojanović, J Krizmanić, V Marković…","Prilog poznavanju faune Ephemeroptera, Plecoptera i Trichoptera Orlove reke (Stara planina)",2023,"","","","",223,"2026-04-12 17:51:05","CITATION","","",,,,,,0,0.00,0,5,3,"","","https://scholar.google.com/scholar?q=related:EGOEQFdbsdQJ:scholar.google.com/&scioq=plecoptera%7Cstonefly%7Cstoneflies&hl=en&as_sdt=0,5&as_ylo=2023&as_yhi=2023"
15,"X Wang, J Du, C Xie, S Wu, X Ma, K Liu…","Prior knowledge auxiliary for few-shot pest detection in the wild",2023,"Frontiers in Plant …","frontiersin.org","https://www.frontiersin.org/journals/plant-science/articles/10.3389/fpls.2022.1033544/full","https://scholar.google.com/scholar?cites=2002454510127755153&as_sdt=2005&sciodt=0,5&hl=en",342,"2026-04-12 17:51:05","HTML","10.3389/fpls.2022.1033544","",,,,,,15,5.00,2,7,3,"One of the main techniques in smart plant protection is pest detection using deep learning technology, which is convenient, cost-effective, and responsive. However, existing deep-…","https://www.frontiersin.org/journals/plant-science/articles/10.3389/fpls.2022.1033544/full","https://scholar.google.com/scholar?q=related:kS8Le8QlyhsJ:scholar.google.com/&scioq=plecoptera%7Cstonefly%7Cstoneflies&hl=en&as_sdt=0,5&as_ylo=2023&as_yhi=2023"
19,"ME Monchamp, ZE Taranu, RE Garner, T Rehill…","Prioritizing taxa for genetic reference database development to advance inland water conservation",2023,"Biological …","Elsevier","https://www.sciencedirect.com/science/article/pii/S0006320723000630","https://scholar.google.com/scholar?cites=10985009720645092037&as_sdt=2005&sciodt=0,5&hl=en",823,"2026-04-12 17:51:05","HTML","","",,,,,,19,6.33,4,5,3,"Biodiversity loss has accelerated over the past century and freshwater species overall are among those experiencing greatest declines. Genetic resources have the potential to help …","https://www.sciencedirect.com/science/article/pii/S0006320723000630","https://scholar.google.com/scholar?q=related:xYJDzSOYcpgJ:scholar.google.com/&scioq=plecoptera%7Cstonefly%7Cstoneflies&hl=en&as_sdt=0,5&as_ylo=2023&as_yhi=2023"
0,"J Golski, W Andrzejewski, M Urbańska, S Runowski…","Pro-ecological and conservation activities are not always beneficial to nature: a case study of two lowland streams in Central Europe",2023,"Scientific Reports","nature.com","https://www.nature.com/articles/s41598-023-42555-7","",479,"2026-04-12 17:51:05","HTML","","",,,,,,0,0.00,0,5,3,"… and oxygen in the summer and the density of Plecoptera and Ephemeroptera. Among invertebrate fauna, stoneflies (Plecoptera) are especially valuable in terms of high environmental …","https://www.nature.com/articles/s41598-023-42555-7","https://scholar.google.com/scholar?q=related:OW7yJ2dEZYsJ:scholar.google.com/&scioq=plecoptera%7Cstonefly%7Cstoneflies&hl=en&as_sdt=0,5&as_ylo=2023&as_yhi=2023"
0,"RE DEWALT, SK BURIAN","Proceedings of the 2022 XVI International Conference On Ephemeroptera and XX International Symposium On Plecoptera (Cover)",2023,"Zoosymposia","biotaxa.org","https://www.biotaxa.org/Zoosymposia/article/view/zoosymposia.24.1.1/77601","",107,"2026-04-12 17:51:05","","","",,,,,,0,0.00,0,2,3,"… Proceedings of the 2022 XVI International Conference On Ephemeroptera and XX International Symposium On Plecoptera … Proceedings of the 2022 XVI International …","","https://scholar.google.com/scholar?q=related:3EFcEDe3z6cJ:scholar.google.com/&scioq=plecoptera%7Cstonefly%7Cstoneflies&hl=en&as_sdt=0,5&as_ylo=2023&as_yhi=2023"
0,"RE DEWALT, SK BuRIaN","Proceedings of the 2022 XVI International Conference On Ephemeroptera and XX International Symposium On Plecoptera (Table of Contents)",2023,"Zoosymposia","mapress.com","https://www.mapress.com/zs/article/view/50046/51457","",110,"2026-04-12 17:51:05","","","",,,,,,0,0.00,0,2,3,"… Stonefly drumming behavior descriptions of three Soliperla Ricker, 1952 species (Plecoptera: Peltoperlidae) … Ecology and phenology of stoneflies (Plecoptera) in the northern slopes of …","","https://scholar.google.com/scholar?q=related:K3HIO8EViEsJ:scholar.google.com/&scioq=plecoptera%7Cstonefly%7Cstoneflies&hl=en&as_sdt=0,5&as_ylo=2023&as_yhi=2023"
0,"Y Hurtado-Borrero, CE TAMARIS-TURIZ","Producción secundaria de dos especies de anacroneuria (perlidae) en un río neotropical",2023,"Acta Biológica Colombiana","scielo.org.co","http://www.scielo.org.co/scielo.php?pid=S0120-548X2023000200263&script=sci_arttext","",587,"2026-04-12 17:51:05","HTML","","",,,,,,0,0.00,0,2,3,"… Plecoptera are one of the most abundant and widely used groups of aquatic insects used in … production of the two dominant species of stoneflies (Anacroneuria marta and A. caraca) in …","http://www.scielo.org.co/scielo.php?pid=S0120-548X2023000200263&script=sci_arttext","https://scholar.google.com/scholar?q=related:HPkDS_enq58J:scholar.google.com/&scioq=plecoptera%7Cstonefly%7Cstoneflies&hl=en&as_sdt=0,5&as_ylo=2023&as_yhi=2023"
1,"AR Calor, FB Quinteiro, LC Pinho…","Prof. Dr. Claudio Gilberto Froehlich, a naturalistic legacy overcoming the biodiversity knowledge shortfalls",2023,"Revista Brasileira de …","SciELO Brasil","https://www.scielo.br/j/rbent/a/C4xDMvqJwX9y9XSzgqxH6VK/?lang=en","https://scholar.google.com/scholar?cites=14448505451460966414&as_sdt=2005&sciodt=0,5&hl=en",177,"2026-04-12 17:51:05","HTML","","",,,,,,1,0.33,0,4,3,"… CGF is responsible for the description of 81% of Neotropical stonefly species. Currently, the taxonomy of Plecoptera in Brazil encompasses two families, 9 genera, and 203 valid species…","https://www.scielo.br/j/rbent/a/C4xDMvqJwX9y9XSzgqxH6VK/?lang=en","https://scholar.google.com/scholar?q=related:DjigGShng8gJ:scholar.google.com/&scioq=plecoptera%7Cstonefly%7Cstoneflies&hl=en&as_sdt=0,5&as_ylo=2023&as_yhi=2023"
0,"M Neumann","Protokoll der Jahresversammlung der Schweizerischen Entomologischen Gesellschaft vom 3., 4. und 27. März 2023 an der ETH Zürich und via Videokonferenz",2023,"Alpine Entomology","alpineentomology.pensoft.net","https://alpineentomology.pensoft.net/article/114602/download/pdf/937123","",670,"2026-04-12 17:51:05","PDF","","",,,,,,0,0.00,0,1,3,"… • DNA barcoding of the stoneflies in Switzerland: an update of the reference database. Laurent Vuataz, Muséum cantonal des sciences naturelles Lausanne …","https://alpineentomology.pensoft.net/article/114602/download/pdf/937123","https://scholar.google.com/scholar?q=related:qYwUvMZ_PF8J:scholar.google.com/&scioq=plecoptera%7Cstonefly%7Cstoneflies&hl=en&as_sdt=0,5&as_ylo=2023&as_yhi=2023"
0,"J Javůrková","Průtoková cytometrie v biosystematice hmyzu",2023,"","dspace.cuni.cz","https://dspace.cuni.cz/handle/20.500.11956/185347","",552,"2026-04-12 17:51:05","","","",,,,,,0,0.00,0,1,3,"… (Mantodea), sedmnácti druhů strašilek (Phasmatodea), čtyřiceti šesti druhů rovnokřídlých (Orthoptera), jednoho druhu termita (Isoptera, Blattodea) a dvou druhů pošvatek (Plecoptera). …","https://dspace.cuni.cz/bitstream/handle/20.500.11956/185347/120459472.pdf?sequence=1","https://scholar.google.com/scholar?q=related:ltZAtSyxbskJ:scholar.google.com/&scioq=plecoptera%7Cstonefly%7Cstoneflies&hl=en&as_sdt=0,5&as_ylo=2023&as_yhi=2023"
0,"A Ishaq, DP Mathuria","Qualitative Profile of Biological Health Status of River Ganga",,"researchgate.net","","https://www.researchgate.net/profile/Ishaq-Ahmad-2/publication/380902541_Qualitative_Profile_of_Biological_Health_Status_of_River_Ganga/links/6654b84f479366623a1ac322/Qualitative-Profile-of-Biological-Health-Status-of-River-Ganga.pdf","",398,"2026-04-12 17:51:05","PDF","","",,,,,,0,0.00,0,2,,"Biological monitoring, is one of the successful pragmatic approaches adopted in biological surveys to determine insitu biological water quality of inland surface waters. Most of the …","https://www.researchgate.net/profile/Ishaq-Ahmad-2/publication/380902541_Qualitative_Profile_of_Biological_Health_Status_of_River_Ganga/links/6654b84f479366623a1ac322/Qualitative-Profile-of-Biological-Health-Status-of-River-Ganga.pdf","https://scholar.google.com/scholar?q=related:hbrySQfTuYQJ:scholar.google.com/&scioq=plecoptera%7Cstonefly%7Cstoneflies&hl=en&as_sdt=0,5&as_ylo=2023&as_yhi=2023"
0,"E Yilmaz, İ Küçükbasmacı","Raising Hydropsyche instabilis Curtis, 1834 and Hydropsyche bulbifera McLachlan, 1878 (Hydropsychidae, Trichoptera) Larvae in the Laboratory: Larval …",2023,"… Sütçü İmam Üniversitesi Tarım ve Doğa …","dergipark.org.tr","https://dergipark.org.tr/en/download/article-file/2493836","",545,"2026-04-12 17:51:05","PDF","","",,,,,,0,0.00,0,2,3,"… It has been revealed that Ephemeroptera, Plecoptera and Trichoptera species are less tolerant to organic and other pollutions in waters than other taxa found in fresh waters. Therefore, …","https://dergipark.org.tr/en/download/article-file/2493836","https://scholar.google.com/scholar?q=related:KRuBNb1fB54J:scholar.google.com/&scioq=plecoptera%7Cstonefly%7Cstoneflies&hl=en&as_sdt=0,5&as_ylo=2023&as_yhi=2023"
84,"GA McCulloch, JM Waters","Rapid adaptation in a fast‐changing world: Emerging insights from insect genomics",2023,"Global Change Biology","Wiley Online Library","https://onlinelibrary.wiley.com/doi/abs/10.1111/gcb.16512","https://scholar.google.com/scholar?cites=2766463269687825162&as_sdt=2005&sciodt=0,5&hl=en",156,"2026-04-12 17:51:05","","10.1111/gcb.16512","",,,,,,84,28.00,42,2,3,"… wing-reduction clines in subalpine Zelandoperla stoneflies. While flight loss is a widespread … This possibility is highlighted by a melanic polymorphism in Zelandoperla stoneflies (Figure …","https://onlinelibrary.wiley.com/doi/pdf/10.1111/gcb.16512","https://scholar.google.com/scholar?q=related:CpPoua9zZCYJ:scholar.google.com/&scioq=plecoptera%7Cstonefly%7Cstoneflies&hl=en&as_sdt=0,5&as_ylo=2023&as_yhi=2023"
3,"VA Teslenko, DM Palatov","Redescription of a few Filchneria Klapálek, 1908 (Plecoptera, Perlodidae) species on the type and fresh material.",2023,"Zootaxa","europepmc.org","https://europepmc.org/article/med/37518318","https://scholar.google.com/scholar?cites=1646656483110361136&as_sdt=2005&sciodt=0,5&hl=en",74,"2026-04-12 17:51:05","","","",,,,,,3,1.00,2,2,3,"Five Filchneria Klapálek, 1908 (Plecoptera, Perlodidae) species known since the last century (F. balcarica Balinsky, F. mesasiatica Zhiltzova, F. irani (Aubert), F. kuenluensis (Šámal), …","","https://scholar.google.com/scholar?q=related:MBjj1lgZ2hYJ:scholar.google.com/&scioq=plecoptera%7Cstonefly%7Cstoneflies&hl=en&as_sdt=0,5&as_ylo=2023&as_yhi=2023"
2,"A Rehman, QB Huo, MY Zhao, YZ Du, ZN Chen","Redescription of two species of Capnia Pictet, 1841 (Capniidae: Plecoptera) and key to males of Capnia species from China",2023,"Aquatic Insects","Taylor &Francis","https://www.tandfonline.com/doi/abs/10.1080/01650424.2022.2051559","https://scholar.google.com/scholar?cites=10190215097483543332&as_sdt=2005&sciodt=0,5&hl=en",68,"2026-04-12 17:51:05","","10.1080/01650424.2022.2051559","",,,,,,2,0.67,0,5,3,"… The family Capniidae is frequently recognised as winter stoneflies or snow flies. This is a remarkable group of mostly winter emerging stoneflies. Currently, Capniidae comprises about …","","https://scholar.google.com/scholar?q=related:JENUHqTqao0J:scholar.google.com/&scioq=plecoptera%7Cstonefly%7Cstoneflies&hl=en&as_sdt=0,5&as_ylo=2023&as_yhi=2023"
0,"MT HAMER, MG TELFER, CR TURNER","REDISCOVERED AFTER 102 YEARS: STRUMIGENYS ROGERI (FORMICIDAE; MYRMICINAE) IS REDISCOVERED IN BRITAIN FROM THE EDEN PROJECT …",,"antwiki.org","","https://www.antwiki.org/w/images/9/9e/Hamer%2C_M.T.%2C_Telfer%2C_M.G._et_al._2023._Rediscovered_after_102_years_-_Strumigenys_rogeri_is_rediscoverd_in_Britain.pdf","",361,"2026-04-12 17:51:05","PDF","","",,,,,,0,0.00,0,3,,"… The section on Collecting Plecoptera is unusual as larvae provide the most important site/habitat data and are far more studied than adults, particularly when monitoring water quality. …","https://www.antwiki.org/w/images/9/9e/Hamer%2C_M.T.%2C_Telfer%2C_M.G._et_al._2023._Rediscovered_after_102_years_-_Strumigenys_rogeri_is_rediscoverd_in_Britain.pdf","https://scholar.google.com/scholar?q=related:9eyiziNSAosJ:scholar.google.com/&scioq=plecoptera%7Cstonefly%7Cstoneflies&hl=en&as_sdt=0,5&as_ylo=2023&as_yhi=2023"
1,"S Liu, B Wang, V Volodymyr, W Li","Rediscovery of two type-lost species of Rhopalopsole Klaplek, 1912 (Plecoptera: Leuctridae)",2023,"Zootaxa","pubmed.ncbi.nlm.nih.gov","https://pubmed.ncbi.nlm.nih.gov/38220594/","https://scholar.google.com/scholar?cites=4303076886131273807&as_sdt=2005&sciodt=0,5&hl=en",95,"2026-04-12 17:51:05","","","",,,,,,1,0.33,0,4,3,"Rediscovery of two type-lost species of Rhopalopsole Klaplek, 1912 (Plecoptera: Leuctridae) Rediscovery of two type-lost species of Rhopalopsole Klaplek, 1912 (Plecoptera: Leuctridae) …","","https://scholar.google.com/scholar?q=related:T3AMF6GZtzsJ:scholar.google.com/&scioq=plecoptera%7Cstonefly%7Cstoneflies&hl=en&as_sdt=0,5&as_ylo=2023&as_yhi=2023"
3,"KR Hopper","Reduced-representation libraries in insect genetics",2023,"Current Opinion in Insect Science","Elsevier","https://www.sciencedirect.com/science/article/pii/S2214574523000810","https://scholar.google.com/scholar?cites=14343447101140247065&as_sdt=2005&sciodt=0,5&hl=en",245,"2026-04-12 17:51:05","","","",,,,,,3,1.00,3,1,3,"Genotyping-by-sequencing of reduced-representation libraries has ushered in an era where genome-wide data can be gotten for any species. Here, I review research on this topic …","https://www.sciencedirect.com/science/article/am/pii/S2214574523000810","https://scholar.google.com/scholar?q=related:GSISxiQpDscJ:scholar.google.com/&scioq=plecoptera%7Cstonefly%7Cstoneflies&hl=en&as_sdt=0,5&as_ylo=2023&as_yhi=2023"
26,"A Fernandez-Nicolas, G Machaj…","Reduction of embryonic E93 expression as a hypothetical driver of the evolution of insect metamorphosis",2023,"Proceedings of the …","pnas.org","https://www.pnas.org/doi/abs/10.1073/pnas.2216640120","https://scholar.google.com/scholar?cites=3262086877283069307&as_sdt=2005&sciodt=0,5&hl=en",218,"2026-04-12 17:51:05","","10.1073/pnas.2216640120","",,,,,,26,8.67,9,3,3,"The early embryo of the cockroach Blattella germanica exhibits high E93 expression. In general, E93 triggers adult morphogenesis during postembryonic development. Here we show …","https://www.pnas.org/doi/full/10.1073/pnas.2216640120","https://scholar.google.com/scholar?q=related:e63rSrtCRS0J:scholar.google.com/&scioq=plecoptera%7Cstonefly%7Cstoneflies&hl=en&as_sdt=0,5&as_ylo=2023&as_yhi=2023"
5,"SA Tela, NN Masayi","Relationships between land use changes and benthic macroinvertebrates' community structure in an East African Riverine Environment",2023,"Journal of Geography, Environment and …","papers.ssrn.com","https://papers.ssrn.com/sol3/Delivery.cfm?abstractid=4503104","https://scholar.google.com/scholar?cites=8573094809105996305&as_sdt=2005&sciodt=0,5&hl=en",869,"2026-04-12 17:51:05","PDF","","",,,,,,5,1.67,3,2,3,"… Plecoptera was uniformly dominant in G and L (32.43%; n = 24 each) while F and T recorded (24.32%; n = 18 and 10.81%; n = 8) respectively. Ephemeroptera was dominant at G (41.92…","https://papers.ssrn.com/sol3/Delivery.cfm?abstractid=4503104","https://scholar.google.com/scholar?q=related:ERqCgk7A-XYJ:scholar.google.com/&scioq=plecoptera%7Cstonefly%7Cstoneflies&hl=en&as_sdt=0,5&as_ylo=2023&as_yhi=2023"
18,"S Yang, A Bieliatynskyi, V Trachevskyi, M Shao…","Research of nano-modified plain cement concrete mixtures and cement-based concrete",2023,"International Journal of …","Springer","https://link.springer.com/article/10.1186/s40069-023-00601-8","https://scholar.google.com/scholar?cites=17438396038281838047&as_sdt=2005&sciodt=0,5&hl=en",952,"2026-04-12 17:51:05","HTML","10.1186/s40069-023-00601-8","",,,,,,18,6.00,4,5,3,"The use of complex modifiers for plain cement concrete mixtures and concrete is becoming increasingly popular in modern materials science. The article presents studies of the …","https://link.springer.com/article/10.1186/s40069-023-00601-8","https://scholar.google.com/scholar?q=related:3z1e4s2gAfIJ:scholar.google.com/&scioq=plecoptera%7Cstonefly%7Cstoneflies&hl=en&as_sdt=0,5&as_ylo=2023&as_yhi=2023"
0,"NWT Plant","Resource Consent Ecological Impact Assessment",,"hdp-au-prod-app-nels-shape-files.s3 …","","https://hdp-au-prod-app-nels-shape-files.s3.ap-southeast-2.amazonaws.com/1917/0527/4343/Appendix_J_Freshwater_and_Terrestrial_Ecological_Assessment.pdf","",413,"2026-04-12 17:51:05","PDF","","",,,,,,0,0.00,0,1,,"The Nelson Wastewater Treatment Plant (NWWTP) located at Boulder Bank Drive, Nelson is owned by Nelson City Council (the Council) and has been operated by Nelmac since 2011. …","https://hdp-au-prod-app-nels-shape-files.s3.ap-southeast-2.amazonaws.com/1917/0527/4343/Appendix_J_Freshwater_and_Terrestrial_Ecological_Assessment.pdf","https://scholar.google.com/scholar?q=related:9zd5Hm3245oJ:scholar.google.com/&scioq=plecoptera%7Cstonefly%7Cstoneflies&hl=en&as_sdt=0,5&as_ylo=2023&as_yhi=2023"
5,"BB Tumolo, SM Collins, Y Guan, AC Krist","Resource quantity and quality differentially control stream invertebrate biodiversity across spatial scales",2023,"Ecology Letters","Wiley Online Library","https://onlinelibrary.wiley.com/doi/abs/10.1111/ele.14317","https://scholar.google.com/scholar?cites=18443666532832860886&as_sdt=2005&sciodt=0,5&hl=en",621,"2026-04-12 17:51:05","","10.1111/ele.14317","",,,,,,5,1.67,1,4,3,"Resource quantity controls biodiversity across spatial scales; however, the importance of resource quality to cross‐scale patterns in species richness has seldom been explored. We …","https://www.researchgate.net/profile/Ben-Tumolo/publication/374415537_Resource_quantity_and_quality_differentially_control_stream_invertebrate_biodiversity_across_spatial_scales/links/651c5e1c3ab6cb4ec6b77235/Resource-quantity-and-quality-differentially-control-stream-invertebrate-biodiversity-across-spatial-scales.pdf","https://scholar.google.com/scholar?q=related:1lpDLf4Q9f8J:scholar.google.com/&scioq=plecoptera%7Cstonefly%7Cstoneflies&hl=en&as_sdt=0,5&as_ylo=2023&as_yhi=2023"
3,"ZC Barnett, J Boggs, G Sun","Response of stream macroinvertebrate communities to forest harvesting in the Piedmont region of North Carolina",2023,"Forest Ecology and Management","Elsevier","https://www.sciencedirect.com/science/article/pii/S0378112723004516","https://scholar.google.com/scholar?cites=9906609470757664394&as_sdt=2005&sciodt=0,5&hl=en",503,"2026-04-12 17:51:05","","","",,,,,,3,1.00,1,3,3,"Forest disturbances have significant effects on water quality and quantity, river geomorphology, and the ecology of receiving waterbodies. Riparian forests provide numerous functions …","https://www.sciencedirect.com/science/article/am/pii/S0378112723004516","https://scholar.google.com/scholar?q=related:ivYHgdNYe4kJ:scholar.google.com/&scioq=plecoptera%7Cstonefly%7Cstoneflies&hl=en&as_sdt=0,5&as_ylo=2023&as_yhi=2023"
3,"Y Meng, H Wu, Q Guan, K Lu, Y Kang, G Dai","Responses of riparian insect communities to flow regulation in riverine wetlands of Northeastern China",2023,"Hydrobiologia","Springer","https://link.springer.com/article/10.1007/s10750-022-04971-0","https://scholar.google.com/scholar?cites=18066654843113300048&as_sdt=2005&sciodt=0,5&hl=en",430,"2026-04-12 17:51:05","","10.1007/s10750-022-04971-0","",,,,,,3,1.00,1,6,3,"… Plecoptera and Ephemeroptera abundances negatively correlated to chlorophyll-a. … Similarly, scholars have found that Plecoptera species in the Gangqu River can indicate the tributary …","","https://scholar.google.com/scholar?q=related:UOBby9umufoJ:scholar.google.com/&scioq=plecoptera%7Cstonefly%7Cstoneflies&hl=en&as_sdt=0,5&as_ylo=2023&as_yhi=2023"
0,"HM dos Santos, LS Lecci…","Respostas da entomofauna aquática em relação às características do substrato e aos impactos do uso antrópico recreativo em um ambiente lótico",2023,"Entomology …","entomologybeginners.org","https://www.entomologybeginners.org/index.php/eb/article/view/65","",858,"2026-04-12 17:51:05","","","",,,,,,0,0.00,0,3,3,"Este trabalho tem como objetivo verificar a resposta da comunidade de insetos aquáticos em relação à intensidade do uso recreativo humano, além da composição em diferentes …","https://www.entomologybeginners.org/index.php/eb/article/download/e065/47","https://scholar.google.com/scholar?q=related:s4AD_pF9fPQJ:scholar.google.com/&scioq=plecoptera%7Cstonefly%7Cstoneflies&hl=en&as_sdt=0,5&as_ylo=2023&as_yhi=2023"
0,"CN Horak, YA Assef, CP Quinteros, WM Dromaz…","Respuestas de las comunidades de macroinvertebrados acuáticos a diferentes prácticas de usos del suelo en cuencas del noroeste de Chubut",2023,"","Asociacion Argentina de Limnología","","",222,"2026-04-12 17:51:05","CITATION","","",,,,,,0,0.00,0,5,3,"","","https://scholar.google.com/scholar?q=related:zEri8DtqNPYJ:scholar.google.com/&scioq=plecoptera%7Cstonefly%7Cstoneflies&hl=en&as_sdt=0,5&as_ylo=2023&as_yhi=2023"
0,"F Laggar","Restoration effects on benthic macroinvertebrate diversity and community composition in a river",2023,"","diva-portal.org","https://www.diva-portal.org/smash/record.jsf?pid=diva2:1742270","",885,"2026-04-12 17:51:05","","","",,,,,,0,0.00,0,1,3,"Physical restoration efforts are common methods to restore running waters containing degraded ecosystems due to anthropogenic activities such as irrigation, ditching, damming and …","https://www.diva-portal.org/smash/get/diva2:1742270/FULLTEXT01.pdf","https://scholar.google.com/scholar?q=related:6PZP11eU3FMJ:scholar.google.com/&scioq=plecoptera%7Cstonefly%7Cstoneflies&hl=en&as_sdt=0,5&as_ylo=2023&as_yhi=2023"
2,"JS Williamshen, AP O'Dowd, K De Juilio…","Restoration pulse flows from a California dam temporarily increase drifting invertebrate biomass concentration",2023,"Journal of …","Elsevier","https://www.sciencedirect.com/science/article/pii/S0301479722022204","https://scholar.google.com/scholar?cites=8397011796826656919&as_sdt=2005&sciodt=0,5&hl=en",725,"2026-04-12 17:51:05","HTML","","",,,,,,2,0.67,1,4,3,"The decline of Pacific salmon (Oncorhynchus spp.) populations over the last few decades has stimulated major restoration efforts across the Pacific Northwest to improve the status of …","https://www.sciencedirect.com/science/article/pii/S0301479722022204","https://scholar.google.com/scholar?q=related:lxCebL0tiHQJ:scholar.google.com/&scioq=plecoptera%7Cstonefly%7Cstoneflies&hl=en&as_sdt=0,5&as_ylo=2023&as_yhi=2023"
11,"D Narangarvuu, T Enkhdul, E Erdenetsetseg…","RETRACTED ARTICLE: Mining and urbanization affect river chemical water quality and macroinvertebrate communities in the upper Selenga River Basin …",2023,"Environmental …","Springer","https://link.springer.com/article/10.1007/s10661-023-12022-x","https://scholar.google.com/scholar?cites=17456483074224093592&as_sdt=2005&sciodt=0,5&hl=en",641,"2026-04-12 17:51:05","HTML","10.1007/s10661-023-12022-x","",,,,,,11,3.67,3,4,3,"… The most sensitive group Plecoptera had a relatively low abundance (2.21%) in all sampling sites and it was only more abundant in the relatively pristine sites, at Sugnugur (Su1) and …","https://link.springer.com/article/10.1007/s10661-023-12022-x","https://scholar.google.com/scholar?q=related:mPm-Gt7iQfIJ:scholar.google.com/&scioq=plecoptera%7Cstonefly%7Cstoneflies&hl=en&as_sdt=0,5&as_ylo=2023&as_yhi=2023"
14,"P Zwick, A Zwick","Revision of the African Neoperla Needham, 1905 (Plecoptera: Perlidae: Perlinae) based on morphological and molecular data",2023,"Zootaxa","mapress.com","https://www.mapress.com/zt/article/view/49804","https://scholar.google.com/scholar?cites=7013194702574575385&as_sdt=2005&sciodt=0,5&hl=en",10,"2026-04-12 17:51:05","HTML","","",,,,,,14,4.67,7,2,3,"Adults of the African species of the genus Neoperla Needham, 1905 (Plecoptera: Perlidae: Perlinae) are revised, and 82 valid species are recognised. Of the original 29 named species, …","https://www.mapress.com/zt/article/view/49804","https://scholar.google.com/scholar?q=related:Gd-bq2zfU2EJ:scholar.google.com/&scioq=plecoptera%7Cstonefly%7Cstoneflies&hl=en&as_sdt=0,5&as_ylo=2023&as_yhi=2023"
5,"SH Parey, T Ali, MS Pandher","Rhyacophilidae of India",2023,"","api.taylorfrancis.com","https://api.taylorfrancis.com/content/books/mono/download?identifierName=doi&identifierValue=10.1201/9781003410959&type=googlepdf","https://scholar.google.com/scholar?cites=15478321309220034776&as_sdt=2005&sciodt=0,5&hl=en",435,"2026-04-12 17:51:05","BOOK","","",,,,,,5,1.67,2,3,3,"The order Trichoptera is one of the sixth largest insect orders with over 16,000 species known globally. In India, this order is represented by about 1400 species only. The literature on …","","https://scholar.google.com/scholar?q=related:2FhrGzkLztYJ:scholar.google.com/&scioq=plecoptera%7Cstonefly%7Cstoneflies&hl=en&as_sdt=0,5&as_ylo=2023&as_yhi=2023"
6,"ML Metzger, SA Grubbs","Richness and elevation patterns of a stonefly (Insecta, Plecoptera) community of a Southern Appalachian Mountains Watershed, USA",2023,"Ecologies","mdpi.com","https://www.mdpi.com/2673-4133/4/3/28","https://scholar.google.com/scholar?cites=19566720741941223&as_sdt=2005&sciodt=0,5&hl=en",4,"2026-04-12 17:51:05","HTML","","",,,,,,6,2.00,3,2,3,"… Stoneflies are model organisms to assess present and future environmental changes. While stoneflies inhabit … This study addressed seasonal and elevation patterns of a stonefly fauna …","https://www.mdpi.com/2673-4133/4/3/28","https://scholar.google.com/scholar?q=related:5x8-L9SDRQAJ:scholar.google.com/&scioq=plecoptera%7Cstonefly%7Cstoneflies&hl=en&as_sdt=0,5&as_ylo=2023&as_yhi=2023"
2,"KE Watson, DM McKnight","Riparian Bird Occupancy in a Mountain Watershed in the Colorado Mineral Belt Appears Resilient to Climate-Change-Driven Increases in Metals and Rare …",2023,"Diversity","mdpi.com","https://www.mdpi.com/1424-2818/15/6/712","https://scholar.google.com/scholar?cites=13685408002799207295&as_sdt=2005&sciodt=0,5&hl=en",554,"2026-04-12 17:51:05","HTML","","",,,,,,2,0.67,1,2,3,"… and Feder [12] found no difference in the benthic invertebrate abundance in an ARD stream compared to a nearby pristine stream, and the community was dominated by the stonefly …","https://www.mdpi.com/1424-2818/15/6/712","https://scholar.google.com/scholar?q=related:f4Mi9RFW7L0J:scholar.google.com/&scioq=plecoptera%7Cstonefly%7Cstoneflies&hl=en&as_sdt=0,5&as_ylo=2023&as_yhi=2023"
0,"A Peredo Arce","Riparian forests as dispersal corridors for adult European mayflies, stoneflies and caddisflies (EPTs)",2023,"","repositorio.ulisboa.pt","https://repositorio.ulisboa.pt/handle/10400.5/31072","",86,"2026-04-12 17:51:05","","","",,,,,,0,0.00,0,1,3,"Meta-community theory is widely applied to study the underlying ecological processes of the landscape. One of the main factors structuring the meta-community is dispersal, this is, the …","","https://scholar.google.com/scholar?q=related:KWYXpneNbVsJ:scholar.google.com/&scioq=plecoptera%7Cstonefly%7Cstoneflies&hl=en&as_sdt=0,5&as_ylo=2023&as_yhi=2023"
0,"AP Arce","Riparian forests as dispersal corridors for adult European mayflies, stoneflies and caddisflies (EPTs)",2023,"","search.proquest.com","https://search.proquest.com/openview/32cbc08f672ebbdc8ab3636658ce3302/1?pq-origsite=gscholar&cbl=2026366&diss=y","",94,"2026-04-12 17:51:05","","","",,,,,,0,0.00,0,1,3,"Meta-community theory is widely applied to study the underlying ecological processes of the landscape. One of the main factors structuring the meta-community is dispersal, this is, the …","https://www.mapress.com/zs/article/view/50058","https://scholar.google.com/scholar?q=related:Xj2RLs46HBIJ:scholar.google.com/&scioq=plecoptera%7Cstonefly%7Cstoneflies&hl=en&as_sdt=0,5&as_ylo=2023&as_yhi=2023"
1,"SV Copaja, G Muñoz, D Véliz…","RISK assessment of trace metal concentrations in sediments of the maipo river basin and its relationhip with bioaccumulation in benthic organims",2023,"Journal of the Chilean …","SciELO Chile","https://www.scielo.cl/scielo.php?pid=S0717-97072023000205827&script=sci_arttext","https://scholar.google.com/scholar?cites=12204059489925192896&as_sdt=2005&sciodt=0,5&hl=en",781,"2026-04-12 17:51:05","HTML","","",,,,,,1,0.33,0,4,3,"… Ephemeroptera, Plecoptera and Trichoptera species have been pointed out as sensitive species, while Oligochaeta and Chironomidae has been indicated as tolerant taxa [ 26 ]. …","https://www.scielo.cl/scielo.php?pid=S0717-97072023000205827&script=sci_arttext","https://scholar.google.com/scholar?q=related:wNy5OnKHXakJ:scholar.google.com/&scioq=plecoptera%7Cstonefly%7Cstoneflies&hl=en&as_sdt=0,5&as_ylo=2023&as_yhi=2023"
0,"CO MONAGHAN","RIVER ECOLOGY ASSESSMENT REPORT",2023,"","leap.epa.ie","https://leap.epa.ie/docs/2b055110-e4da-48c2-b20d-5f47b756d8e3.pdf","",762,"2026-04-12 17:51:05","PDF","","",,,,,,0,0.00,0,1,3,"… The groupings are based on their sensitivity to organic pollution, eg, mayflies and stoneflies are sensitive to pollution and are given a high score, whilst taxa within Group 4 are less …","https://leap.epa.ie/docs/2b055110-e4da-48c2-b20d-5f47b756d8e3.pdf","https://scholar.google.com/scholar?q=related:iUCwS-D7dLMJ:scholar.google.com/&scioq=plecoptera%7Cstonefly%7Cstoneflies&hl=en&as_sdt=0,5&as_ylo=2023&as_yhi=2023"
10,"L Fu, X Dong, H Shen, T Zhu, F Sun","River ecosystem health assessment in rapid urbanization regions (Shenzhen, China) under the guidance of bioremediation objectives",2023,"Water","mdpi.com","https://www.mdpi.com/2073-4441/15/21/3859","https://scholar.google.com/scholar?cites=18160772146178804843&as_sdt=2005&sciodt=0,5&hl=en",933,"2026-04-12 17:51:05","HTML","","",,,,,,10,3.33,2,5,3,"As a coastal city with rapid urbanization and high-intensity human activities, Shenzhen, China has carried out a series of comprehensive treatments for water pollution control and …","https://www.mdpi.com/2073-4441/15/21/3859","https://scholar.google.com/scholar?q=related:a8zLCwwGCPwJ:scholar.google.com/&scioq=plecoptera%7Cstonefly%7Cstoneflies&hl=en&as_sdt=0,5&as_ylo=2023&as_yhi=2023"
4,"S Zerbe","Rivers and floodplains",2023,"Restoration of Ecosystems–Bridging Nature and …","Springer","https://link.springer.com/chapter/10.1007/978-3-662-65658-7_10","https://scholar.google.com/scholar?cites=824693381000834955&as_sdt=2005&sciodt=0,5&hl=en",964,"2026-04-12 17:51:05","","10.1007/978-3-662-65658-7_10","",,,,,,4,1.33,4,1,3,"… developments have occurred, subsequent monitoring has shown numerous positive effects, particularly on bird and fish fauna, on the populations of caddisflies and stoneflies as well as …","","https://scholar.google.com/scholar?q=related:i68rt0LmcQsJ:scholar.google.com/&scioq=plecoptera%7Cstonefly%7Cstoneflies&hl=en&as_sdt=0,5&as_ylo=2023&as_yhi=2023"
0,"DEDDEP DE","RODOLFO MAURICIO CASTILLO VELÁSQUEZ",2023,"","researchgate.net","https://www.researchgate.net/profile/Rodolfo-Castillo-Velasquez-2/publication/370492701_Diversidade_e_distribuicao_de_Plecoptera_de_Minas_Gerais_Brasil/links/650b01e982f01628f03445dd/Diversidade-e-distribuicao-de-Plecoptera-de-Minas-Gerais-Brasil.pdf","",165,"2026-04-12 17:51:05","PDF","","",,,,,,0,0.00,0,1,3,"… O principal objetivo do presente estudo é complementar e integrar o conhecimento a respeito da ordem Plecoptera do estado de Minas Gerais com relação à sua diversidade e …","https://www.researchgate.net/profile/Rodolfo-Castillo-Velasquez-2/publication/370492701_Diversidade_e_distribuicao_de_Plecoptera_de_Minas_Gerais_Brasil/links/650b01e982f01628f03445dd/Diversidade-e-distribuicao-de-Plecoptera-de-Minas-Gerais-Brasil.pdf","https://scholar.google.com/scholar?q=related:c0bUCe1pun0J:scholar.google.com/&scioq=plecoptera%7Cstonefly%7Cstoneflies&hl=en&as_sdt=0,5&as_ylo=2023&as_yhi=2023"
2,"M Baruah, BC Dutta, SR Borah, P Dey","Role of insects in production of biofuel",2023,"Dr Ajay B Jadhao","researchgate.net","https://www.researchgate.net/profile/Mayuri-Baruah-2/publication/373367641_Research_Trends_in_Agriculture_Science_Volume_II_ISBN_978-93-88901-70-3/links/64e87d9c0acf2e2b521593b0/Research-Trends-in-Agriculture-Science-Volume-II-ISBN-978-93-88901-70-3.pdf#page=100","https://scholar.google.com/scholar?cites=12606322612272807965&as_sdt=2005&sciodt=0,5&hl=en",857,"2026-04-12 17:51:05","PDF","","",,,,,,2,0.67,1,4,3,"Biofuels are among the most promising replacement for non-renewable fossil fuel energy and are derived from living organisms or from metabolic by-products. Biomass (organic …","https://www.researchgate.net/profile/Mayuri-Baruah-2/publication/373367641_Research_Trends_in_Agriculture_Science_Volume_II_ISBN_978-93-88901-70-3/links/64e87d9c0acf2e2b521593b0/Research-Trends-in-Agriculture-Science-Volume-II-ISBN-978-93-88901-70-3.pdf#page=100","https://scholar.google.com/scholar?q=related:HcB-7J-n8q4J:scholar.google.com/&scioq=plecoptera%7Cstonefly%7Cstoneflies&hl=en&as_sdt=0,5&as_ylo=2023&as_yhi=2023"
22,"F Mermillod-Blondin, GC Hose, KS Simon…","Role of invertebrates in groundwater ecosystem processes and services",2023,"… ecology and evolution","Elsevier","https://www.sciencedirect.com/science/article/pii/B9780128191194000081","https://scholar.google.com/scholar?cites=8810831534389123843&as_sdt=2005&sciodt=0,5&hl=en",471,"2026-04-12 17:51:05","","","",,,,,,22,7.33,6,4,3,"Invertebrates in groundwater influence ecosystem processes through their trophic interactions with biofilms and nontrophic actions that engineer the physical environment. The relative …","https://rossvandervorste.com/wp-content/uploads/2024/03/mermillod-blondin-et-al-2023-chapter-11-in-groundwater-ecology-and-evolution.pdf","https://scholar.google.com/scholar?q=related:A9sSR5lcRnoJ:scholar.google.com/&scioq=plecoptera%7Cstonefly%7Cstoneflies&hl=en&as_sdt=0,5&as_ylo=2023&as_yhi=2023"
6,"G Jang, W Yeo, M Park, YG Park","RT-CLAD: Artificial intelligence-based real-time chironomid larva detection in drinking water treatment plants",2023,"Sensors","mdpi.com","https://www.mdpi.com/1424-8220/24/1/177","https://scholar.google.com/scholar?cites=13916910197728379634&as_sdt=2005&sciodt=0,5&hl=en",563,"2026-04-12 17:51:05","HTML","","",,,,,,6,2.00,2,4,3,"The presence of chironomid larvae in tap water has sparked public concern regarding the water supply system in South Korea. Despite ongoing efforts to establish a safe water supply …","https://www.mdpi.com/1424-8220/24/1/177","https://scholar.google.com/scholar?q=related:8oKcAhfMIsEJ:scholar.google.com/&scioq=plecoptera%7Cstonefly%7Cstoneflies&hl=en&as_sdt=0,5&as_ylo=2023&as_yhi=2023"
1,"ID Phillips, G McMaster, DP Chivers, MF Bowman","Saskatchewan Condition Assessment of Lotic Ecosystems (SCALE): A multivariate tool for assessing the integrity of Northern Great Plains wadeable rivers and …",2023,"FACETS","facetsjournal.com","https://www.facetsjournal.com/doi/abs/10.1139/facets-2022-0158","https://scholar.google.com/scholar?cites=4390214893960329693&as_sdt=2005&sciodt=0,5&hl=en",580,"2026-04-12 17:51:05","","10.1139/facets-2022-0158","",,,,,,1,0.33,0,4,3,"Human access to surface water resources in the Northern Great Plains (NGP) is challenged by availability and quality, and ecosystem health objectives for these characteristics have …","https://www.facetsjournal.com/doi/pdf/10.1139/facets-2022-0158?download=true","https://scholar.google.com/scholar?q=related:3Xkiii8t7TwJ:scholar.google.com/&scioq=plecoptera%7Cstonefly%7Cstoneflies&hl=en&as_sdt=0,5&as_ylo=2023&as_yhi=2023"
3,"A Polhorský, A Babić, A Stritih","Science Week 2023, Neretva River, Bosnia and Herzegovina",2023,"Preliminary Report for Riverwatch …","researchgate.net","https://www.researchgate.net/profile/Emir-Delic/publication/377463725_Neretva_Science_Week_2023_-_Preliminary_Report/links/65a7d9a5bf5b00662e192fa6/Neretva-Science-Week-2023-Preliminary-Report.pdf","https://scholar.google.com/scholar?cites=14498139901091596059&as_sdt=2005&sciodt=0,5&hl=en",699,"2026-04-12 17:51:05","PDF","","",,,,,,3,1.00,1,3,3,"We would especially like to thank the residents of Ulog, who warmly welcomed us and looked after us. It was a pleasure for us. Last but not least, we thank our BiH co-organisers, Centar …","https://www.researchgate.net/profile/Emir-Delic/publication/377463725_Neretva_Science_Week_2023_-_Preliminary_Report/links/65a7d9a5bf5b00662e192fa6/Neretva-Science-Week-2023-Preliminary-Report.pdf","https://scholar.google.com/scholar?q=related:G0d79Gy9M8kJ:scholar.google.com/&scioq=plecoptera%7Cstonefly%7Cstoneflies&hl=en&as_sdt=0,5&as_ylo=2023&as_yhi=2023"
0,"R Sammoudi, A Chahlaoui, M Khaffou, A Elouahli…","Scientific African",2023,"","researchgate.net","https://www.researchgate.net/profile/Rachid-Sammoudi/publication/369191727_Biodiversity_assessment_and_ecotypology_of_the_Taanzoult_plain_running_water_Aguelmam_Sidi_Ali_Morocco/links/6415777966f8522c38b3d837/Biodiversity-assessment-and-ecotypology-of-the-Taanzoult-plain-running-water-Aguelmam-Sidi-Ali-Morocco.pdf","",548,"2026-04-12 17:51:05","PDF","","",,,,,,0,0.00,0,5,3,"… Moreover, the bioindicator species of the good quality of water resources and the surrounding terrestrial ecosystem (Odonata and Plecoptera) are less present despite the absence of …","https://www.researchgate.net/profile/Rachid-Sammoudi/publication/369191727_Biodiversity_assessment_and_ecotypology_of_the_Taanzoult_plain_running_water_Aguelmam_Sidi_Ali_Morocco/links/6415777966f8522c38b3d837/Biodiversity-assessment-and-ecotypology-of-the-Taanzoult-plain-running-water-Aguelmam-Sidi-Ali-Morocco.pdf","https://scholar.google.com/scholar?q=related:gmqRTkqlarsJ:scholar.google.com/&scioq=plecoptera%7Cstonefly%7Cstoneflies&hl=en&as_sdt=0,5&as_ylo=2023&as_yhi=2023"
0,"B Simpson","Sea of Change",2023,"Celebrating Writers and Writing in our …","digitalcommons.humboldt.edu","https://digitalcommons.humboldt.edu/cgi/viewcontent.cgi?article=1239&context=rwc","",335,"2026-04-12 17:51:05","PDF","","",,,,,,0,0.00,0,1,3,"… I saw what I thought was a stonefly. It had two tails and six legs. It was a weird looking thing. …","https://digitalcommons.humboldt.edu/cgi/viewcontent.cgi?article=1239&context=rwc","https://scholar.google.com/scholar?q=related:DQIklJYfZjgJ:scholar.google.com/&scioq=plecoptera%7Cstonefly%7Cstoneflies&hl=en&as_sdt=0,5&as_ylo=2023&as_yhi=2023"
14,"NJ Baker, EAR Welti, F Pilotto, J Jourdan…","Seasonal and spatial variation of stream macroinvertebrate taxonomic and functional diversity across three boreal regions",2023,"Insect Conservation …","Wiley Online Library","https://resjournals.onlinelibrary.wiley.com/doi/abs/10.1111/icad.12623","https://scholar.google.com/scholar?cites=15752040195582367&as_sdt=2005&sciodt=0,5&hl=en",572,"2026-04-12 17:51:05","","10.1111/icad.12623","",,,,,,14,4.67,3,5,3,"… Along the second axis, the Ephemeroptera, Plecoptera, and Trichoptera ordinated in the bottom right quadrant of the FS (Figure 3b) and were represented by crawling taxa with …","https://resjournals.onlinelibrary.wiley.com/doi/pdfdirect/10.1111/icad.12623","https://scholar.google.com/scholar?q=related:n2lYqGX2NwAJ:scholar.google.com/&scioq=plecoptera%7Cstonefly%7Cstoneflies&hl=en&as_sdt=0,5&as_ylo=2023&as_yhi=2023"
0,"K Drage","Seasonal dynamics of four cryptic species of Crepidostomum spp. in a subarctic lake in Northern Norway",2023,"","agris.fao.org","https://agris.fao.org/search/en/providers/125328/records/6748e1d87625988a37217335","",492,"2026-04-12 17:51:05","","","",,,,,,0,0.00,0,1,3,"… brinkmanni for brown trout is likely due to the trout preying upon the second intermediate hosts mayflies and stoneflies over the summer months. The two rarer species might be more …","","https://scholar.google.com/scholar?q=related:ZWZNvMgRZ3QJ:scholar.google.com/&scioq=plecoptera%7Cstonefly%7Cstoneflies&hl=en&as_sdt=0,5&as_ylo=2023&as_yhi=2023"
0,"S Beganović, A Adrović, H Prcanović…","SEASONAL SUCCESSIONS OF BENTHIC MACROINVERTEBRATE COMMUNITIES IN THE BOSNA RIVER IN THE AREA OF THE CITY OF ZENICA",2023,"Acta Scientifica …","asb.pmf.unibl.org","https://asb.pmf.unibl.org/index.php/asb/article/view/16","",322,"2026-04-12 17:51:05","","","",,,,,,0,0.00,0,4,3,"This research describes seasonal successions of the qualitative-quantitative composition of benthic macroinvertebrate communities in the Bosna River in the area of the city of Zenica. …","https://asb.pmf.unibl.org/index.php/asb/article/download/16/14","https://scholar.google.com/scholar?q=related:5kpsLSVTVaEJ:scholar.google.com/&scioq=plecoptera%7Cstonefly%7Cstoneflies&hl=en&as_sdt=0,5&as_ylo=2023&as_yhi=2023"
0,"TJ Ellens","Seasonal top-down effects of fish on benthic macroinvertebrates and periphyton in a coldwater Michigan stream",2023,"","scholarworks.gvsu.edu","https://scholarworks.gvsu.edu/theses/1097/","",853,"2026-04-12 17:51:05","","","",,,,,,0,0.00,0,1,3,"Fish can have strong top-down effects on their prey through both direct predation and non-consumptive effects in streams. We conducted manipulative field experiments to test the …","https://scholarworks.gvsu.edu/cgi/viewcontent.cgi?article=2120&context=theses","https://scholar.google.com/scholar?q=related:SIEZizq_bM0J:scholar.google.com/&scioq=plecoptera%7Cstonefly%7Cstoneflies&hl=en&as_sdt=0,5&as_ylo=2023&as_yhi=2023"
15,"KL Mathers, PD Armitage, M Hill…","Seasonal variability of lotic macroinvertebrate communities at the habitat scale demonstrates the value of discriminating fine sediment fractions in ecological …",2023,"Ecology and …","Wiley Online Library","https://onlinelibrary.wiley.com/doi/abs/10.1002/ece3.10564","https://scholar.google.com/scholar?cites=4818766470863421252&as_sdt=2005&sciodt=0,5&hl=en",258,"2026-04-12 17:51:05","","10.1002/ece3.10564","",,,,,,15,5.00,4,4,3,"… Silt habitats demonstrated a strong increase in Ephemeroptera, Plecoptera and Trichoptera (EPT) taxa and functional richness from spring into autumn, while vegetation habitats …","https://onlinelibrary.wiley.com/doi/pdfdirect/10.1002/ece3.10564","https://scholar.google.com/scholar?q=related:RH9gB5Oy30IJ:scholar.google.com/&scioq=plecoptera%7Cstonefly%7Cstoneflies&hl=en&as_sdt=0,5&as_ylo=2023&as_yhi=2023"
1,"Y Hurtado-Borrero, CE TAMARIS-TURIZ","Secondary production of two species of Anacroneuria (Perlidae) in a neotropical river",2023,"Acta Biológica Colombiana","scielo.org.co","http://www.scielo.org.co/scielo.php?pid=S0120-548X2023000200263&script=sci_abstract&tlng=en","https://scholar.google.com/scholar?cites=11981867628501359356&as_sdt=2005&sciodt=0,5&hl=en",127,"2026-04-12 17:51:05","","","",,,,,,1,0.33,1,2,3,"… Plecoptera are one of the most abundant and widely used groups of aquatic insects used in … production of the two dominant species of stoneflies (Anacroneuria marta and A. caraca) in …","","https://scholar.google.com/scholar?q=related:_FqTHiAlSKYJ:scholar.google.com/&scioq=plecoptera%7Cstonefly%7Cstoneflies&hl=en&as_sdt=0,5&as_ylo=2023&as_yhi=2023"
19,"LI Faly, VV Brygadyrenko, A Orzekauskaite…","Sensitivity of non-target groups of invertebrates to cypermethrin",2023,"Biosystems …","ecology.dp.ua","http://ecology.dp.ua/index.php/ECO/article/view/1228","https://scholar.google.com/scholar?cites=5079217352066528556&as_sdt=2005&sciodt=0,5&hl=en",469,"2026-04-12 17:51:05","","","",,,,,,19,6.33,5,4,3,"Agrogenic pollution with pyrethroid insecticides has been impacting the structure of populations of terrestrial invertebrates, causing decline in their taxonomic diversity and tolerance to …","http://ecology.dp.ua/index.php/ECO/article/download/1228/1176","https://scholar.google.com/scholar?q=related:LPXsVkUBfUYJ:scholar.google.com/&scioq=plecoptera%7Cstonefly%7Cstoneflies&hl=en&as_sdt=0,5&as_ylo=2023&as_yhi=2023"
0,"QH Nguyen, TTH Nguyen, TLA Ha…","Sequencing Analysis of COI Genes Isolated from Vietnam's Endemic Insect Species (Insecta: Plecoptera) for DNA Barcoding Database",2023,"VNU Journal of …","js.vnu.edu.vn","https://js.vnu.edu.vn/NST/article/view/5513","",97,"2026-04-12 17:51:05","","","",,,,,,0,0.00,0,4,3,"The Insecta are the most diverse group of animals on the planet. The diversity of Plecoptera aquatic insect order is used as an environmental and ecological indicator. The study of …","https://js.vnu.edu.vn/NST/article/download/5513/4631","https://scholar.google.com/scholar?q=related:bDUSf6dmZUsJ:scholar.google.com/&scioq=plecoptera%7Cstonefly%7Cstoneflies&hl=en&as_sdt=0,5&as_ylo=2023&as_yhi=2023"
6,"A Guellaf, J Kassout, VA Boselli, N Bennas, M El Alami…","Short-term responses of aquatic ecosystem and macroinvertebrate assemblages to rehabilitation actions in martil river (North-Western Morocco)",2023,"Hydrobiology","mdpi.com","https://www.mdpi.com/2673-9917/2/3/29","https://scholar.google.com/scholar?cites=5869115975944835687&as_sdt=2005&sciodt=0,5&hl=en",562,"2026-04-12 17:51:05","HTML","","",,,,,,6,2.00,1,6,3,"This study aimed to evaluate the effects of the Martil River rehabilitation project and recently constructed dam infrastructures to reduce flood risks and to promote local socio-economic …","https://www.mdpi.com/2673-9917/2/3/29","https://scholar.google.com/scholar?q=related:ZxLDW-JJc1EJ:scholar.google.com/&scioq=plecoptera%7Cstonefly%7Cstoneflies&hl=en&as_sdt=0,5&as_ylo=2023&as_yhi=2023"
36,"J Garcia-Giron, LM Bini, J Heino","Shortfalls in our understanding of the causes and consequences of functional and phylogenetic variation of freshwater communities across continents",2023,"Biological Conservation","Elsevier","https://www.sciencedirect.com/science/article/pii/S0006320723001830","https://scholar.google.com/scholar?cites=7448496762519171722&as_sdt=2005&sciodt=0,5&hl=en",568,"2026-04-12 17:51:05","HTML","","",,,,,,36,12.00,12,3,3,"Freshwater ecosystems harbour a disproportionately high biodiversity relative to their area, being also one of the most threatened ecosystem types worldwide. However, our capacity to …","https://www.sciencedirect.com/science/article/pii/S0006320723001830","https://scholar.google.com/scholar?q=related:ijKaeFdgXmcJ:scholar.google.com/&scioq=plecoptera%7Cstonefly%7Cstoneflies&hl=en&as_sdt=0,5&as_ylo=2023&as_yhi=2023"
15,"DL Preston, JL Trujillo, MP Fairchild, RR Morrison…","Short‐term effects of wildfire on high elevation stream‐riparian food webs",2023,"Oikos","Wiley Online Library","https://nsojournals.onlinelibrary.wiley.com/doi/abs/10.1111/oik.09828","https://scholar.google.com/scholar?cites=14637082619359407303&as_sdt=2005&sciodt=0,5&hl=en",495,"2026-04-12 17:51:05","","10.1111/oik.09828","",,,,,,15,5.00,3,5,3,"Understanding how wildfires affect food web structure and function remains an important challenge, especially at high elevations that historically have burned infrequently. In particular, …","https://nsojournals.onlinelibrary.wiley.com/doi/pdf/10.1111/oik.09828","https://scholar.google.com/scholar?q=related:xyz2ehddIcsJ:scholar.google.com/&scioq=plecoptera%7Cstonefly%7Cstoneflies&hl=en&as_sdt=0,5&as_ylo=2023&as_yhi=2023"
1,"K Aoya, A Hayakawa, T Iwata…","Shrinking pupal cocoons of Rhyacophila lezeyi (Trichoptera, Rhyacophilidae) in a highly acidic stream during the summer season",2023,"Contributions …","contributions-to-entomology …","https://contributions-to-entomology.arphahub.com/article/107479/download/pdf/","https://scholar.google.com/scholar?cites=16477962284621517901&as_sdt=2005&sciodt=0,5&hl=en",519,"2026-04-12 17:51:05","PDF","","",,,,,,1,0.33,0,4,3,"Shrinking pupal cocoons of Rhyacophila lezeyi were often found during summer in Shibukuro Stream, a highly acidic mountain stream in northern Japan (pH = 2.82 on average). We …","https://contributions-to-entomology.arphahub.com/article/107479/download/pdf/","https://scholar.google.com/scholar?q=related:TVQm1WR7reQJ:scholar.google.com/&scioq=plecoptera%7Cstonefly%7Cstoneflies&hl=en&as_sdt=0,5&as_ylo=2023&as_yhi=2023"
0,"K Aoya, A Hayakawa, T Iwata, K Tanida","Shrinking pupal cocoons of Rhyacophila lezeyi (Trichoptera, Rhyacophilidae) in a highly acidic stream during the summer season. Contributions to …",2023,"","contributions-to-entomology …","https://contributions-to-entomology.arphahub.com/article_preview.php?id=107479&skip_redirect=1","",581,"2026-04-12 17:51:05","HTML","","",,,,,,0,0.00,0,4,3,"﻿ Abstract Shrinking pupal cocoons of Rhyacophila lezeyi were often found during summer in Shibukuro Stream, a highly acidic mountain stream in northern Japan (pH= 2.82 on average…","https://contributions-to-entomology.arphahub.com/article_preview.php?id=107479&skip_redirect=1","https://scholar.google.com/scholar?q=related:y0klidIpOOkJ:scholar.google.com/&scioq=plecoptera%7Cstonefly%7Cstoneflies&hl=en&as_sdt=0,5&as_ylo=2023&as_yhi=2023"
8,"D Li, L Liang, Q Dong, R Wang, T Xu, L Qu, Z Wu…","Significant dynamic disturbance of water environment quality in urban rivers flowing through industrial areas",2023,"Water","mdpi.com","https://www.mdpi.com/2073-4441/15/20/3640","https://scholar.google.com/scholar?cites=3087888128467760467&as_sdt=2005&sciodt=0,5&hl=en",872,"2026-04-12 17:51:05","HTML","","",,,,,,8,2.67,1,8,3,"… have shown that heavy metal content in sediments is significantly correlated with the diversity of the benthic community structure, and the sizes of EPT (Ephemeroptera, Plecoptera, and …","https://www.mdpi.com/2073-4441/15/20/3640","https://scholar.google.com/scholar?q=related:U3V3e-Rh2ioJ:scholar.google.com/&scioq=plecoptera%7Cstonefly%7Cstoneflies&hl=en&as_sdt=0,5&as_ylo=2023&as_yhi=2023"
40,"Y Qu, V Keller, N Bachiller-Jareno, M Eastman…","Significant improvement in freshwater invertebrate biodiversity in all types of English rivers over the past 30 years",2023,"Science of the Total …","Elsevier","https://www.sciencedirect.com/science/article/pii/S0048969723057716","https://scholar.google.com/scholar?cites=3039653997507234540&as_sdt=2005&sciodt=0,5&hl=en",179,"2026-04-12 17:51:05","HTML","","",,,,,,40,13.33,8,5,3,"There remains a persistent concern that freshwater biodiversity is in decline and being threatened by pollution. As the UK, and particularly England, is a densely populated nation with …","https://www.sciencedirect.com/science/article/pii/S0048969723057716","https://scholar.google.com/scholar?q=related:7MqDuTQFLyoJ:scholar.google.com/&scioq=plecoptera%7Cstonefly%7Cstoneflies&hl=en&as_sdt=0,5&as_ylo=2023&as_yhi=2023"
14,"BJ Kefford, RV Hyne, AJ Brooks, JP Bray…","Single‐species acute lethal toxicity tests are not predictive of relative population and community effects of two salinity types",2023,"Limnology and …","Wiley Online Library","https://aslopubs.onlinelibrary.wiley.com/doi/abs/10.1002/lol2.10208","https://scholar.google.com/scholar?cites=627267716308196830&as_sdt=2005&sciodt=0,5&hl=en",402,"2026-04-12 17:51:05","","10.1002/lol2.10208","",,,,,,14,4.67,3,5,3,"… Densities of oligochaete worms, caddisflies, mayflies, stoneflies, and riffle beetles were reduced by high concentrations of both salts compared to control treatments (Table 1; Fig. 3). …","https://aslopubs.onlinelibrary.wiley.com/doi/pdfdirect/10.1002/lol2.10208","https://scholar.google.com/scholar?q=related:3t2eIaqAtAgJ:scholar.google.com/&scioq=plecoptera%7Cstonefly%7Cstoneflies&hl=en&as_sdt=0,5&as_ylo=2023&as_yhi=2023"
0,"KD Hupke","Small Biotopes and Their Importance for Biodiversity and Nature Conservation",2023,"Nature Conservation: A Critical Introduction","Springer","https://link.springer.com/chapter/10.1007/978-3-662-66159-8_21","",559,"2026-04-12 17:51:05","","10.1007/978-3-662-66159-8_21","",,,,,,0,0.00,0,1,3,"In addition to the large-scale habitat units that were the focus of Chap. 20, the small units are also worthy of consideration from a conservation perspective. It is often only from the sum of …","","https://scholar.google.com/scholar?q=related:80CmgS8YcGYJ:scholar.google.com/&scioq=plecoptera%7Cstonefly%7Cstoneflies&hl=en&as_sdt=0,5&as_ylo=2023&as_yhi=2023"
0,"G LOWER, CO NURNEY","SMALL STREAMS RISK SCORE (SSRS) REPORT",2023,"","leap.epa.ie","https://leap.epa.ie/docs/321361ec-8175-42e7-8e5f-87f80d3210bd.pdf","",441,"2026-04-12 17:51:05","PDF","","",,,,,,0,0.00,0,2,3,"… The groupings are based on their sensitivity to organic pollution, eg, mayflies and stoneflies are sensitive to pollution and are given a high score, whilst taxa within Group 4 are less …","https://leap.epa.ie/docs/321361ec-8175-42e7-8e5f-87f80d3210bd.pdf","https://scholar.google.com/scholar?q=related:fZp_3c6IcccJ:scholar.google.com/&scioq=plecoptera%7Cstonefly%7Cstoneflies&hl=en&as_sdt=0,5&as_ylo=2023&as_yhi=2023"
0,"SN WANJALA","SOCIO-ECONOMIC STATUS AND BIOASSESSMENT OF THE ECOLOGICAL INTEGRITY OF KING'WAL WETLAND, NANDI COUNTY, KENYA",2023,"","erepository.uoeld.ac.ke","http://erepository.uoeld.ac.ke/handle/123456789/2103","",767,"2026-04-12 17:51:05","","","",,,,,,0,0.00,0,1,3,"Wetlands play a vital role in maintaining ecological balance, providing valuable ecosystem services, and supporting socio-economic activities for local communities. However, wetlands …","http://erepository.uoeld.ac.ke/bitstream/handle/123456789/2103/STELLA%20NAMUSIA%20WANJALA.pdf?sequence=1&isAllowed=y","https://scholar.google.com/scholar?q=related:VQrcjz2Y8dgJ:scholar.google.com/&scioq=plecoptera%7Cstonefly%7Cstoneflies&hl=en&as_sdt=0,5&as_ylo=2023&as_yhi=2023"
0,"T Khoza, P Maake, B Kirkaldy","South African Animal Checklist for Stoneflies",2023,"","","","",166,"2026-04-12 17:51:05","CITATION","","",,,,,,0,0.00,0,3,3,"","","https://scholar.google.com/scholar?q=related:FpnJ2RFHvwkJ:scholar.google.com/&scioq=plecoptera%7Cstonefly%7Cstoneflies&hl=en&as_sdt=0,5&as_ylo=2023&as_yhi=2023"
3,"AP Novoselov, VA Lukina, NY Matveev…","Spatial and Age-Related Changes in the Food Spectrum of the Common Bream Abramis brama in the Middle and Lower Course of the Northern Dvina River (Russia)",2023,"Inland Water …","Springer","https://link.springer.com/article/10.1134/s199508292301011x","https://scholar.google.com/scholar?cites=10133949171229095140&as_sdt=2005&sciodt=0,5&hl=en",248,"2026-04-12 17:51:05","","10.1134/s199508292301011x","",,,,,,3,1.00,1,4,3,"… The larvae of stoneflies and caddisflies were of secondary importance in the diet of common … mollusks (42.9%), when caddisfly and stonefly larvae, as well as bivalves and gastropods, …","","https://scholar.google.com/scholar?q=related:5HT5ShQFo4wJ:scholar.google.com/&scioq=plecoptera%7Cstonefly%7Cstoneflies&hl=en&as_sdt=0,5&as_ylo=2023&as_yhi=2023"
5,"M Gamboa, J Serrana, Y Takemon, MT Monaghan…","Spatial and phylogenetic structure of Alpine stonefly assemblages across seven habitats using DNA-species",2023,"Oecologia","Springer","https://link.springer.com/article/10.1007/s00442-023-05321-0","https://scholar.google.com/scholar?cites=7449343600195051593&as_sdt=2005&sciodt=0,5&hl=en",32,"2026-04-12 17:51:05","","10.1007/s00442-023-05321-0","",,,,,,5,1.67,1,5,3,"… processes) of benthic stonefly (Plecoptera, Insecta) … the spatial structure of stonefly assemblage possibly due to the … phylogenetic structure of stonefly assemblage and sheds …","","https://scholar.google.com/scholar?q=related:SaB0O4liYWcJ:scholar.google.com/&scioq=plecoptera%7Cstonefly%7Cstoneflies&hl=en&as_sdt=0,5&as_ylo=2023&as_yhi=2023"
4,"L Ji, Y Wang, Q Wang, W Chen, B Zhang…","Spatial and temporal pattern of benthic macroinvertebrate assemblages in two large Chinese freshwater lakes subjected to different degrees of eutrophication",2023,"Journal of Freshwater …","Taylor &Francis","https://www.tandfonline.com/doi/abs/10.1080/02705060.2023.2259229","https://scholar.google.com/scholar?cites=4215104106787314616&as_sdt=2005&sciodt=0,5&hl=en",429,"2026-04-12 17:51:05","","10.1080/02705060.2023.2259229","",,,,,,4,1.33,1,6,3,"… The pollution sensitive species (eg EPT: Ephemeroptera, Plecoptera and Trichoptera) were only distributed in the macrophytic areas of Lake Taihu. Corbicula fluminea, polychaetes …","https://www.tandfonline.com/doi/pdf/10.1080/02705060.2023.2259229","https://scholar.google.com/scholar?q=related:uBtZQNoOfzoJ:scholar.google.com/&scioq=plecoptera%7Cstonefly%7Cstoneflies&hl=en&as_sdt=0,5&as_ylo=2023&as_yhi=2023"
10,"TN Jaroměřská, R Ambrosini, M Mazurkiewicz…","Spatial distribution and stable isotopic composition of invertebrates uncover differences between habitats on the glacier surface in the Alps",2023,"Limnology","Springer","https://link.springer.com/article/10.1007/s10201-023-00713-w","https://scholar.google.com/scholar?cites=12732748239548719735&as_sdt=2005&sciodt=0,5&hl=en",550,"2026-04-12 17:51:05","HTML","10.1007/s10201-023-00713-w","",,,,,,10,3.33,3,4,3,"Glacier surfaces are the most biologically productive parts of glaciers with a variety of organisms and habitats. However, distinctiveness of habitats and communities of dominant …","https://link.springer.com/article/10.1007/s10201-023-00713-w","https://scholar.google.com/scholar?q=related:dyLIGBDPs7AJ:scholar.google.com/&scioq=plecoptera%7Cstonefly%7Cstoneflies&hl=en&as_sdt=0,5&as_ylo=2023&as_yhi=2023"
3,"MA PAUL, JP Villafane","Spatial structure and composition of invertebrates in high altitude rivers of the central Andes (Olaroz Salar, Argentina)",2023,"Anais da Academia Brasileira de Ciências","SciELO Brasil","https://www.scielo.br/j/aabc/a/4wdPH45Y9xN9qSMKJZWmpBm/?format=html&lang=en","https://scholar.google.com/scholar?cites=1877624787660578089&as_sdt=2005&sciodt=0,5&hl=en",637,"2026-04-12 17:51:05","HTML","","",,,,,,3,1.00,2,2,3,"This study aimed to examine the spatial variation in sets of micro and macroinvertebrates and to detect how physicochemical and environmental variables affect community structures in …","https://www.scielo.br/j/aabc/a/4wdPH45Y9xN9qSMKJZWmpBm/?format=html&lang=en","https://scholar.google.com/scholar?q=related:KR362cupDhoJ:scholar.google.com/&scioq=plecoptera%7Cstonefly%7Cstoneflies&hl=en&as_sdt=0,5&as_ylo=2023&as_yhi=2023"
6,"L Bonacina, D Eme, R Fornaroli…","Spatiotemporal patterns of macroinvertebrate assemblages across mountain streams with contrasting thermal regimes",2023,"Freshwater …","journals.uchicago.edu","https://www.journals.uchicago.edu/doi/abs/10.1086/728053","https://scholar.google.com/scholar?cites=17512638993479197034&as_sdt=2005&sciodt=0,5&hl=en",239,"2026-04-12 17:51:05","","10.1086/728053","",,,,,,6,2.00,2,4,3,"… We identified Ephemeroptera and Plecoptera to the lowest taxonomic level possible (genus or species level), whereas we identified other taxa primarily to the family level (see Table S1)…","","https://scholar.google.com/scholar?q=related:amH77WBkCfMJ:scholar.google.com/&scioq=plecoptera%7Cstonefly%7Cstoneflies&hl=en&as_sdt=0,5&as_ylo=2023&as_yhi=2023"
0,"RAA Razi, NJ Imanpour, M Sattari","Species diversity of macrobenthos as live food in the ecosystem of Fusheh River, Northern Iran",2023,"","JOURNAL OF AQUATIC ANIMALS …","","",150,"2026-04-12 17:51:05","CITATION","","",,,,,,0,0.00,0,3,3,"","","https://scholar.google.com/scholar?q=related:Y2HAryPIy_wJ:scholar.google.com/&scioq=plecoptera%7Cstonefly%7Cstoneflies&hl=en&as_sdt=0,5&as_ylo=2023&as_yhi=2023"
0,"ARR Aabadi, JI Namin, M Sattari","Species diversity of macrobenthos as live food in the ecosystem of Fusheh River, Northern Iran.",2023,"Aquatic Animals Nutrition","search.ebscohost.com","https://search.ebscohost.com/login.aspx?direct=true&profile=ehost&scope=site&authtype=crawler&jrnl=23834412&AN=173874181&h=dRIg4bxBvukD1DcYyqkqfi0DqSYoYDGqFJkZqlfOdcMavBGdnOXhUprJwueoVgBZMakyf5sCZFYgmljKV4IEyA%3D%3D&crl=c","",236,"2026-04-12 17:51:05","","","",,,,,,0,0.00,0,3,3,"… belonging to orders Trichoptera, Plecoptera and Ephemeroptera exhibits both the good quality of river water and the desirability of species and genera as natural food for the river fish …","","https://scholar.google.com/scholar?q=related:dBTEdgka8JsJ:scholar.google.com/&scioq=plecoptera%7Cstonefly%7Cstoneflies&hl=en&as_sdt=0,5&as_ylo=2023&as_yhi=2023"
6,"J Gao, Z Peng, H Zang, Y Wang, N Ding…","Species sensitivity and functional uniqueness determine the response of macroinvertebrate functional diversity to species loss in urban streams",2023,"Freshwater …","Wiley Online Library","https://onlinelibrary.wiley.com/doi/abs/10.1111/fwb.14055","https://scholar.google.com/scholar?cites=17036590428169934856&as_sdt=2005&sciodt=0,5&hl=en",477,"2026-04-12 17:51:05","","10.1111/fwb.14055","",,,,,,6,2.00,1,6,3,"… When aggregated into taxonomic groups, Plecoptera, Ephemeroptera, and Trichoptera were more sensitive to urbanisation than other groups (Figure 3; Table S2), with average …","https://www.researchgate.net/profile/Gao-Jin-2/publication/368515749_Species_sensitivity_and_functional_uniqueness_determine_the_response_of_macroinvertebrate_functional_diversity_to_species_loss_in_urban_streams/links/64b2b7628de7ed28ba9f9140/Species-sensitivity-and-functional-uniqueness-determine-the-response-of-macroinvertebrate-functional-diversity-to-species-loss-in-urban-streams.pdf","https://scholar.google.com/scholar?q=related:CJjjDrsgbuwJ:scholar.google.com/&scioq=plecoptera%7Cstonefly%7Cstoneflies&hl=en&as_sdt=0,5&as_ylo=2023&as_yhi=2023"
3,"VH Resh","Species versus generic identifications in water-quality monitoring and ecological studies of Trichoptera in North America: Is this question still unresolved after …",2023,"Contributions to Entomology","contributions-to-entomology …","https://contributions-to-entomology.arphahub.com/article/109330/download/pdf/","https://scholar.google.com/scholar?cites=11270115937962608802&as_sdt=2005&sciodt=0,5&hl=en",426,"2026-04-12 17:51:05","PDF","","",,,,,,3,1.00,3,1,3,"… In California, for example, 100% of the larval stages of Odonata, 77% of Ephemeroptera, and 60% of Plecoptera can be identified to species. The morphological similarity of the hemime…","https://contributions-to-entomology.arphahub.com/article/109330/download/pdf/","https://scholar.google.com/scholar?q=related:osi647t-Z5wJ:scholar.google.com/&scioq=plecoptera%7Cstonefly%7Cstoneflies&hl=en&as_sdt=0,5&as_ylo=2023&as_yhi=2023"
5,"E Tsyrlin, M Carew, AA Hoffmann, S Linke…","Species-level dataset is required for setting biodiversity conservation priorities for freshwater macroinvertebrates in Melbourne streams",2023,"Journal of …","Elsevier","https://www.sciencedirect.com/science/article/pii/S0301479722027591","https://scholar.google.com/scholar?cites=2048141170934804015&as_sdt=2005&sciodt=0,5&hl=en",727,"2026-04-12 17:51:05","","","",,,,,,5,1.67,1,5,3,"Family-level identification of freshwater macroinvertebrates is often used to monitor the health of streams due to the lower cost and higher accuracy of identification compared to …","https://www.researchgate.net/profile/Edward-Tsyrlin/publication/362940501_Species-Level_Dataset_is_Required_for_Setting_Biodiversity_Conservation_Priorities_for_Freshwater_Macroinvertebrates_in_Melbourne_Streams/links/63db08ba64fc86063807372f/Species-Level-Dataset-is-Required-for-Setting-Biodiversity-Conservation-Priorities-for-Freshwater-Macroinvertebrates-in-Melbourne-Streams.pdf","https://scholar.google.com/scholar?q=related:L-5rH4t1bBwJ:scholar.google.com/&scioq=plecoptera%7Cstonefly%7Cstoneflies&hl=en&as_sdt=0,5&as_ylo=2023&as_yhi=2023"
0,"AM Fausto, AR Taddei, MC Belardinelli, M Ceci…","Sperm models in European Plecoptera",2023,"Arthropod Structure & …","Elsevier","https://www.sciencedirect.com/science/article/pii/S1467803923000786","",51,"2026-04-12 17:51:05","HTML","","",,,,,,0,0.00,0,5,3,"Systematic issues regarding Plecoptera are still debated, and the molecular data seem to be unable to definitively clarify the relationships within the order. Spermatozoa are under …","https://www.sciencedirect.com/science/article/pii/S1467803923000786","https://scholar.google.com/scholar?q=related:YyNw66WNda0J:scholar.google.com/&scioq=plecoptera%7Cstonefly%7Cstoneflies&hl=en&as_sdt=0,5&as_ylo=2023&as_yhi=2023"
0,"R Fochetti, AM Fausto, AR Taddei…","Sperm Models in European Plecoptera",,"Available at SSRN …","papers.ssrn.com","https://papers.ssrn.com/sol3/papers.cfm?abstract_id=4536598","",76,"2026-04-12 17:51:05","","","",,,,,,0,0.00,0,4,,"… As can be seen many systematic issues regarding Plecoptera are still debated, and it … of eleven Plecoptera species belonging to all the 82 seven European stoneflies families through …","https://papers.ssrn.com/sol3/Delivery.cfm?abstractid=4536598","https://scholar.google.com/scholar?q=related:Sckf1-OyqxIJ:scholar.google.com/&scioq=plecoptera%7Cstonefly%7Cstoneflies&hl=en&as_sdt=0,5&as_ylo=2023&as_yhi=2023"
0,"M Persoglia","Spremljanje sezonske dinamike bentoških organizmov v dveh visokogorskih jezerih v Julijskih Alpah",2023,"","Univerza v Novi Gorici, Fakulteta za …","","",186,"2026-04-12 17:51:05","CITATION","","",,,,,,0,0.00,0,1,3,"","","https://scholar.google.com/scholar?q=related:TYlIGaSITtsJ:scholar.google.com/&scioq=plecoptera%7Cstonefly%7Cstoneflies&hl=en&as_sdt=0,5&as_ylo=2023&as_yhi=2023"
10,"SM Gugele, J Baer, C Spießl, E Yohannes…","Stable isotope values and trophic analysis of invasive three-spined stickleback in Upper Lake Constance points to significant piscivory",2023,"…","neobiota.pensoft.net","https://neobiota.pensoft.net/article/100355/download/pdf/","https://scholar.google.com/scholar?cites=13925192232277747391&as_sdt=2005&sciodt=0,5&hl=en",771,"2026-04-12 17:51:05","PDF","","",,,,,,10,3.33,2,5,3,"The three-spined stickleback Gasterosteus aculeatus was introduced into Lake Constance in the 1940s and occupied a limited range until late 2012. Since then the species has …","https://neobiota.pensoft.net/article/100355/download/pdf/","https://scholar.google.com/scholar?q=related:v6bxcY44QMEJ:scholar.google.com/&scioq=plecoptera%7Cstonefly%7Cstoneflies&hl=en&as_sdt=0,5&as_ylo=2023&as_yhi=2023"
0,"L Čaldarević","Stanje makrozoobentoskih beskralježnjaka rukavca Drave (Halasz Csarde) i jezera Šoderica",2023,"","repozitorij.agr.unizg.hr","https://repozitorij.agr.unizg.hr/object/agr:2947","",929,"2026-04-12 17:51:05","","","",,,,,,0,0.00,0,1,3,"Poznato je da se putem analize makrozoobentosa može dobiti uvid u ekološko stanje voda. U ovom radu se napravila identifikacija i usporedba organizama koji nastanjuju Halasz …","https://repozitorij.agr.unizg.hr/object/agr:2947/FILE0/download","https://scholar.google.com/scholar?q=related:GbQYhsxwmncJ:scholar.google.com/&scioq=plecoptera%7Cstonefly%7Cstoneflies&hl=en&as_sdt=0,5&as_ylo=2023&as_yhi=2023"
0,"O Munjiu","Starea macrobentosului fluviului Nistru în anii 2020-2023",2023,"Starea ecosistemelor acvatice în contextul impactului …","ibn.idsi.md","https://ibn.idsi.md/sites/default/files/imag_file/69-75_36.pdf","",753,"2026-04-12 17:51:05","PDF","","",,,,,,0,0.00,0,1,3,"… Speciile din grupul Plecoptera, care sunt rare pentru ecosistemele fl. Nistru, au fost identificate o singură dată în 2012, la Vălcineț, și în primăvara 2021 – în lacul Dubăsari anume în …","https://ibn.idsi.md/sites/default/files/imag_file/69-75_36.pdf","https://scholar.google.com/scholar?q=related:jQBlE8kK5boJ:scholar.google.com/&scioq=plecoptera%7Cstonefly%7Cstoneflies&hl=en&as_sdt=0,5&as_ylo=2023&as_yhi=2023"
0,"A Randall","STATUS SURVEY OF EIGHT RARE AQUATIC MACROINVERTEBRATES IN EAST TEXAS",2023,"","scholarworks.uttyler.edu","https://scholarworks.uttyler.edu/biology_grad/78/","",315,"2026-04-12 17:51:05","","","",,,,,,0,0.00,0,1,3,"… The health of each freshwater source is connected to the survival of pollution intolerant species of aquatic macroinvertebrates in the orders Ephemeroptera, Plecoptera, and Trichoptera (…","https://scholarworks.uttyler.edu/cgi/viewcontent.cgi?article=1078&context=biology_grad","https://scholar.google.com/scholar?q=related:niZKh6JHuy8J:scholar.google.com/&scioq=plecoptera%7Cstonefly%7Cstoneflies&hl=en&as_sdt=0,5&as_ylo=2023&as_yhi=2023"
9,"JPG Reding","Steps towards a revision of the Perla bipunctata Pictet, 1833 species complex (Plecoptera: Perlidae).",2023,"Fragmenta entomologica","search.ebscohost.com","https://search.ebscohost.com/login.aspx?direct=true&profile=ehost&scope=site&authtype=crawler&jrnl=0429288X&AN=176505279&h=s2uRd7FwmvlA2Yd3SAv%2F0uu3FZbPrwyHd5hxhNQq9e7Fm2ahjHRPvxLJOSKWbIWNMYtmbXX1LueT37%2F%2F%2BRkzXQ%3D%3D&crl=c","https://scholar.google.com/scholar?cites=9035784719712546685&as_sdt=2005&sciodt=0,5&hl=en",14,"2026-04-12 17:51:05","","","",,,,,,9,3.00,9,1,3,"The traditional view of the species Perla bipunctata Pictet, 1833 and Perla grandis Rambur, 1842 as widely distributed taxa in the West Palaearctic does not stand up to a more …","","https://scholar.google.com/scholar?q=related:fW9eNVSOZX0J:scholar.google.com/&scioq=plecoptera%7Cstonefly%7Cstoneflies&hl=en&as_sdt=0,5&as_ylo=2023&as_yhi=2023"
0,"AF SEGAL","STONEFLIES (ACRONEURIA ABNORMIS) REDUCE PREY ABUNDANCE VIA NON-CONSUMPTIVE EFFECTS",2023,"","JSTOR","https://www.jstor.org/stable/pdf/community.36794802.pdf?acceptTC=true&coverpage=false&addFooter=false","",60,"2026-04-12 17:51:05","","","",,,,,,0,0.00,0,1,3,"… Using a field experiment, I manipulated stonefly … stonefly predators but allowed mobile prey to emigrate. I found that the presence of stoneflies reduced total prey abundance, but stonefly …","","https://scholar.google.com/scholar?q=related:WAv_Ku8880QJ:scholar.google.com/&scioq=plecoptera%7Cstonefly%7Cstoneflies&hl=en&as_sdt=0,5&as_ylo=2023&as_yhi=2023"
4,"RM Castillo-Velsquez, MC Gonalves, MCD Correia…","Stoneflies left over from a mining disaster: new species and records of Perlidae (Plecoptera) from the Doce River basin, southeastern Brazil.",2023,"Zootaxa","europepmc.org","https://europepmc.org/article/med/38220606","https://scholar.google.com/scholar?cites=7616082664338035329&as_sdt=2005&sciodt=0,5&hl=en",27,"2026-04-12 17:51:05","","","",,,,,,4,1.33,1,4,3,"Seven years after a mudflow reached an important area of the Doce River basin, southeastern Brazil, and with the objective of reporting the current Plecoptera fauna, specimens of …","","https://scholar.google.com/scholar?q=related:gRLh29TCsWkJ:scholar.google.com/&scioq=plecoptera%7Cstonefly%7Cstoneflies&hl=en&as_sdt=0,5&as_ylo=2023&as_yhi=2023"
1,"G Kriska","Stoneflies: Plecoptera",2023,"Freshwater invertebrates in Central Europe: a field …","Springer","https://link.springer.com/chapter/10.1007/978-3-030-95323-2_15","https://scholar.google.com/scholar?cites=16858728779631660352&as_sdt=2005&sciodt=0,5&hl=en",1,"2026-04-12 17:51:05","","10.1007/978-3-030-95323-2_15","",,,,,,1,0.33,1,1,3,"… Stoneflies (Plecoptera) comprise a worldwide distributed order of insects. They mostly live in … Stoneflies are winged insects with cylindrical or slightly depressed bodies (Figs. 15.1, 15.6, …","","https://scholar.google.com/scholar?q=related:QI2Z8oA89ukJ:scholar.google.com/&scioq=plecoptera%7Cstonefly%7Cstoneflies&hl=en&as_sdt=0,5&as_ylo=2023&as_yhi=2023"
0,"JB SANDBERG","Stonefly drumming behavior descriptions of three Soliperla Ricker, 1952 species (Plecoptera: Peltoperlidae)",2023,"Zoosymposia","mapress.com","https://www.mapress.com/zs/article/view/50049","",73,"2026-04-12 17:51:05","","","",,,,,,0,0.00,0,1,3,"… Stonefly drumming is a mate finding behavior that involves polygamous males searching for … I consider that most lone stonefly monophasic call descriptions are preliminary and not …","https://www.mapress.com/zs/article/download/zoosymposia.24.1.5/51468","https://scholar.google.com/scholar?q=related:lMFJsT2t8c4J:scholar.google.com/&scioq=plecoptera%7Cstonefly%7Cstoneflies&hl=en&as_sdt=0,5&as_ylo=2023&as_yhi=2023"
19,"C Kowarik, D Martin-Creuzburg, KL Mathers…","Stream degradation affects aquatic resource subsidies to riparian ground-dwelling spiders",2023,"Science of the Total …","Elsevier","https://www.sciencedirect.com/science/article/pii/S0048969722057576","https://scholar.google.com/scholar?cites=5834647274198216675&as_sdt=2005&sciodt=0,5&hl=en",93,"2026-04-12 17:51:05","HTML","","",,,,,,19,6.33,5,4,3,"… total export in spring, with no biomass export by stoneflies at the most degraded sites. The EPA … stonefly biomass, making up only 16.0 ± 6.2 % of total fatty acids at sites with no stonefly …","https://www.sciencedirect.com/science/article/pii/S0048969722057576","https://scholar.google.com/scholar?q=related:4y9JWMjU-FAJ:scholar.google.com/&scioq=plecoptera%7Cstonefly%7Cstoneflies&hl=en&as_sdt=0,5&as_ylo=2023&as_yhi=2023"
1,"CS Cronan","Stream ecosystems",2023,"Ecology and Ecosystems Analysis","Springer","https://link.springer.com/chapter/10.1007/978-3-031-45259-8_9","https://scholar.google.com/scholar?cites=15001936371069572700&as_sdt=2005&sciodt=0,5&hl=en",504,"2026-04-12 17:51:05","","10.1007/978-3-031-45259-8_9","",,,,,,1,0.33,1,1,3,"… into shredders (eg, stonefly nymphs and caddisfly larvae), … , let us compare the caddisfly, stonefly, mayfly, and dragonfly … Stoneflies (Plecoptera) are a final common taxonomic group …","","https://scholar.google.com/scholar?q=related:XFadVKWVMdAJ:scholar.google.com/&scioq=plecoptera%7Cstonefly%7Cstoneflies&hl=en&as_sdt=0,5&as_ylo=2023&as_yhi=2023"
11,"ND Mundahl, WL Varela, C Weaver…","Stream habitats and aquatic communities in an agricultural watershed: Changes related to a mandatory riparian buffer law",2023,"Environmental …","Springer","https://link.springer.com/article/10.1007/s00267-023-01864-3","https://scholar.google.com/scholar?cites=18443992184420310383&as_sdt=2005&sciodt=0,5&hl=en",320,"2026-04-12 17:51:05","","10.1007/s00267-023-01864-3","",,,,,,11,3.67,3,4,3,"… With this B-IBI, ratings of fair to very poor indicate moderate to severe impairment, with degraded conditions producing reduced taxa richness (especially Ephemeroptera, Plecoptera, …","https://www.researchgate.net/profile/Will-Varela/publication/372722173_Stream_Habitats_and_Aquatic_Communities_in_an_Agricultural_Watershed_Changes_Related_to_a_Mandatory_Riparian_Buffer_Law/links/66a123d88be3067b4b156108/Stream-Habitats-and-Aquatic-Communities-in-an-Agricultural-Watershed-Changes-Related-to-a-Mandatory-Riparian-Buffer-Law.pdf","https://scholar.google.com/scholar?q=related:bx102Cs59v8J:scholar.google.com/&scioq=plecoptera%7Cstonefly%7Cstoneflies&hl=en&as_sdt=0,5&as_ylo=2023&as_yhi=2023"
0,"ND Mundahl, WL Varela, C Weaver, ED Mundahl…","Stream Habitats and Aquatic Communities in an Agricultural Watershed: Responses to a Mandatory Riparian Buffer Law",2023,"","academia.edu","https://www.academia.edu/download/108645222/latest.pdf","",482,"2026-04-12 17:51:05","PDF","","",,,,,,0,0.00,0,5,3,"… With this B-IBI, ratings of fair to very poor indicate moderate to severe impairment, with degraded conditions producing reduced taxa richness (especially Ephemeroptera, Plecoptera, …","https://www.academia.edu/download/108645222/latest.pdf","https://scholar.google.com/scholar?q=related:q4Gylzl4jX4J:scholar.google.com/&scioq=plecoptera%7Cstonefly%7Cstoneflies&hl=en&as_sdt=0,5&as_ylo=2023&as_yhi=2023"
2,"MD Numanović, KZ Stojanović…","Structure and function of benthic invertebrate assemblages of the Đerekarska River (southwestern Serbia, Pešter plateau)",2023,"Archives of Biological …","doiserbia.nb.rs","https://doiserbia.nb.rs/Article.aspx?ID=0354-46642300017N","https://scholar.google.com/scholar?cites=7897989838252730986&as_sdt=2005&sciodt=0,5&hl=en",372,"2026-04-12 17:51:05","","","",,,,,,2,0.67,1,3,3,"This study is focused on benthic invertebrate communities in the Đerekarska River in Serbia, sampled from June to December 2016. We examined how different microhabitats with …","https://doiserbia.nb.rs/ft.aspx?id=0354-46642300017N","https://scholar.google.com/scholar?q=related:auqynOlLm20J:scholar.google.com/&scioq=plecoptera%7Cstonefly%7Cstoneflies&hl=en&as_sdt=0,5&as_ylo=2023&as_yhi=2023"
0,"GE Hankel, C Nieto, F Romero…","Structure, biomass, and secondary production of benthic macroinvertebrates in subtropical Andean rivers",2023,"Anais da Academia …","SciELO Brasil","https://www.scielo.br/j/aabc/a/gcW4CVZfJqp93R4vBxMN9Pw/?lang=en","",688,"2026-04-12 17:51:05","HTML","","",,,,,,0,0.00,0,4,3,"Secondary production is the formation of heterotrophic biomass across time, which integrates several important ecological processes that affect the life of organisms, populations, …","https://www.scielo.br/j/aabc/a/gcW4CVZfJqp93R4vBxMN9Pw/?lang=en","https://scholar.google.com/scholar?q=related:B4DCrnvtytQJ:scholar.google.com/&scioq=plecoptera%7Cstonefly%7Cstoneflies&hl=en&as_sdt=0,5&as_ylo=2023&as_yhi=2023"
0,"NIA ARDIANITA","STRUKTUR KOMUNITAS DAN KERAGAMAN MAKROFAUNA TANAH PADA LAHAN REKLAMASI SISTEM TEKNOLOGI MODIFIKASI TERASERING DI …",,"biodiversitysig.com","","https://www.biodiversitysig.com/assets/download/report/501345e49ce1342ec51c8c099cfeca0d.pdf","",866,"2026-04-12 17:51:05","PDF","","",,,,,,0,0.00,0,1,,"… Ordo Plecoptera mempunyai lebih dari 2000 spesies serangga. Serangga ini mempunyai … ordo Plecoptera tidak memiliki sayap (Apterous), tetapi kebanyakan Plecoptera dewasa …","https://www.biodiversitysig.com/assets/download/report/501345e49ce1342ec51c8c099cfeca0d.pdf","https://scholar.google.com/scholar?q=related:kLmw0jlgK1IJ:scholar.google.com/&scioq=plecoptera%7Cstonefly%7Cstoneflies&hl=en&as_sdt=0,5&as_ylo=2023&as_yhi=2023"
0,"HS BANYAL","Studies on Morphological Aspects of Hill Streams of Himachal Pradesh in Relation to the Ichthyofaunal Diversity.",2023,"Journal of Environment &Bio-sciences","search.ebscohost.com","https://search.ebscohost.com/login.aspx?direct=true&profile=ehost&scope=site&authtype=crawler&jrnl=09736913&AN=169696081&h=Fdj298xb8MlGLkDfH7fE%2FU5dbZ%2B%2BuSHjXRZd3aN04OU0v16CYvBzE7soEomnXXAKCixIWyxaifwJFSdulyfimA%3D%3D&crl=c","",852,"2026-04-12 17:51:05","","","",,,,,,0,0.00,0,1,3,"The present research article gives insight into the morphological aspects of Hill Streams of Himachal Pradesh in relation to the ichthyofaunal diversity based on the work done by the …","","https://scholar.google.com/scholar?q=related:s55XY09g6jUJ:scholar.google.com/&scioq=plecoptera%7Cstonefly%7Cstoneflies&hl=en&as_sdt=0,5&as_ylo=2023&as_yhi=2023"
0,"N Mishra","STUDIES ON SPECIES RICHNESS AND ABUNDANCE OF MACROINVERTEBRATES IN ATARITAL DAM, MAUGANJ (MP)",,"ijaur.com","","http://ijaur.com/wp-content/uploads/bsk-pdf-manager/370_IJAUR-NEETA-MISHRA-NOV-2023.PDF","",865,"2026-04-12 17:51:05","PDF","","",,,,,,0,0.00,0,1,,"Aquatic insects and insect larvae offer an excellent way to examine biological aspects of water quality and scientists in many countries are increasingly using water quality criteria based …","http://ijaur.com/wp-content/uploads/bsk-pdf-manager/370_IJAUR-NEETA-MISHRA-NOV-2023.PDF","https://scholar.google.com/scholar?q=related:6sJ_zjaWCV4J:scholar.google.com/&scioq=plecoptera%7Cstonefly%7Cstoneflies&hl=en&as_sdt=0,5&as_ylo=2023&as_yhi=2023"
3,"A Pati, S Kundu, A Sharma, VK Dubey, M Ghosh…","Studies on the diversity of macroinvertebrates in suburban and rural aquatic bodies of West Bengal: Implications of vector control",2023,"Acta Ecologica …","Elsevier","https://www.sciencedirect.com/science/article/pii/S1872203223000240","https://scholar.google.com/scholar?cites=240615928766307677&as_sdt=2005&sciodt=0,5&hl=en",510,"2026-04-12 17:51:05","","","",,,,,,3,1.00,1,6,3,"Biological assessment of the freshwater habitats aims to characterize and monitor the conditions of the aquatic resources. Assessment of species assemblage in these habitats will …","","https://scholar.google.com/scholar?q=related:XZ1qkenWVgMJ:scholar.google.com/&scioq=plecoptera%7Cstonefly%7Cstoneflies&hl=en&as_sdt=0,5&as_ylo=2023&as_yhi=2023"
7,"VH Thaware","Study of aquatic insects, their role in improving biodiversity and balancing the food web of a freshwater ecosystem at Karadkhed Dam in Nanded, Maharashtra",2023,"Journal of Entomology and Zoology Studies","researchgate.net","https://www.researchgate.net/profile/Vivek-Thaware/publication/368471530_Study_of_aquatic_insects_their_role_in_improving_biodiversity_and_balancing_the_food_web_of_a_freshwater_ecosystem_at_Karadkhed_Dam_in_Nanded_Maharashtra/links/653a79ae24bbe32d9a71fa95/Study-of-aquatic-insects-their-role-in-improving-biodiversity-and-balancing-the-food-web-of-a-freshwater-ecosystem-at-Karadkhed-Dam-in-Nanded-Maharashtra.pdf","https://scholar.google.com/scholar?cites=7970688970877577785&as_sdt=2005&sciodt=0,5&hl=en",348,"2026-04-12 17:51:05","PDF","","",,,,,,7,2.33,7,1,3,"… Plecoptera stoneflies Strictly aquatic in their immature stages … Guides to the freshwater invertebrates of Southern Africa, Insecta I-Ephemeroptera, Odonata and Plecoptera. Pretoria: …","https://www.researchgate.net/profile/Vivek-Thaware/publication/368471530_Study_of_aquatic_insects_their_role_in_improving_biodiversity_and_balancing_the_food_web_of_a_freshwater_ecosystem_at_Karadkhed_Dam_in_Nanded_Maharashtra/links/653a79ae24bbe32d9a71fa95/Study-of-aquatic-insects-their-role-in-improving-biodiversity-and-balancing-the-food-web-of-a-freshwater-ecosystem-at-Karadkhed-Dam-in-Nanded-Maharashtra.pdf","https://scholar.google.com/scholar?q=related:OSpIdGOTnW4J:scholar.google.com/&scioq=plecoptera%7Cstonefly%7Cstoneflies&hl=en&as_sdt=0,5&as_ylo=2023&as_yhi=2023"
0,"IK Hidayat, BS Umniati, SNR Anwar","Study of physical and mechanical properties of high-volume fly ash cellular lightweight concrete (HVFA CLC)",2023,"AIP Conference Proceedings","pubs.aip.org","https://pubs.aip.org/aip/acp/article-abstract/2629/1/040007/2905329","",959,"2026-04-12 17:51:05","","10.1063/5.0129033/18070689/040007_1_5.0129033","",,,,,,0,0.00,0,3,3,"In Indonesia, coal is used for the fuel in the cement processing and electric steam power plant that produce waste products in the form of fly ash. CLC which is made from cement, water, …","https://pubs.aip.org/aip/acp/article-pdf/doi/10.1063/5.0129033/18070689/040007_1_5.0129033.pdf","https://scholar.google.com/scholar?q=related:YdBMfsFgD_gJ:scholar.google.com/&scioq=plecoptera%7Cstonefly%7Cstoneflies&hl=en&as_sdt=0,5&as_ylo=2023&as_yhi=2023"
3,"J Yongwei, D Zhenjun, Y Junbin, Z Zheng…","Study on benthic macroinvertebrates community structure and water quality evaluation in main rivers of Liaoning Province",2023,"Ecology and …","jeesci.com","https://www.jeesci.com/EN/10.16258/j.cnki.1674-5906.2023.05.014","https://scholar.google.com/scholar?cites=13678106799391874552&as_sdt=2005&sciodt=0,5&hl=en",229,"2026-04-12 17:51:05","","10.16258/j.cnki.1674-5906.2023.05.014","",,,,,,3,1.00,1,5,3,"… Aquatic insects and crustaceans were dominant groups at the upstream sites; Ephemeroptera, Plecoptera, and Trichoptera (EPT) were dominant groups in 33% of the upstream sites; …","","https://scholar.google.com/scholar?q=related:-J2bEapl0r0J:scholar.google.com/&scioq=plecoptera%7Cstonefly%7Cstoneflies&hl=en&as_sdt=0,5&as_ylo=2023&as_yhi=2023"
5,"SA GRUBBS, RE DeWalt, LV HART, MR LAYER","Systematics and updated range alter the conservation status of the Louisiana Needlefly, Leuctra szczytkoi Stark &Stewart, 1981 (Plecoptera: Leuctridae)",2023,"Zoosymposia","mapress.com","https://www.mapress.com/zs/article/view/50059","https://scholar.google.com/scholar?cites=17451001375201992983&as_sdt=2005&sciodt=0,5&hl=en",52,"2026-04-12 17:51:05","","","",,,,,,5,1.67,1,4,3,"The Louisiana Needlefly, Leuctra szczytkoi Stark &Stewart, 1981, was one of 404 species petitioned in 2010 by the Center for Biological Diversity for inclusion and protection under the …","","https://scholar.google.com/scholar?q=related:F6HEl0ppLvIJ:scholar.google.com/&scioq=plecoptera%7Cstonefly%7Cstoneflies&hl=en&as_sdt=0,5&as_ylo=2023&as_yhi=2023"
0,"ZT Chen, XH Ye","Taenionemasinensis sp. n., the first endemic species of Taenionema Banks, 1905 (Plecoptera, Taeniopterygidae) from China",2023,"Biodiversity Data Journal","pmc.ncbi.nlm.nih.gov","https://pmc.ncbi.nlm.nih.gov/articles/PMC10273012/","",98,"2026-04-12 17:51:05","HTML","","",,,,,,0,0.00,0,2,3,"… The habitat was found to be populated with numerous other stoneflies, including species of Leuctridae, Nemouridae, Peltoperlidae, Perlidae, Perlodidae and Styloperlidae. …","https://pmc.ncbi.nlm.nih.gov/articles/PMC10273012/","https://scholar.google.com/scholar?q=related:sROMQu4d2aUJ:scholar.google.com/&scioq=plecoptera%7Cstonefly%7Cstoneflies&hl=en&as_sdt=0,5&as_ylo=2023&as_yhi=2023"
3,"R Thresher","Tasmanian mayflies: identification, ecology, behaviour and imitation",2023,"","books.google.com","https://books.google.com/books?hl=en&lr=&id=i6nTEAAAQBAJ&oi=fnd&pg=PP1&dq=plecoptera%7Cstonefly%7Cstoneflies&ots=mwlzG8cx_H&sig=6HFNrs5zumGroxm98tbOoRdZneU","https://scholar.google.com/scholar?cites=627572337213726726&as_sdt=2005&sciodt=0,5&hl=en",420,"2026-04-12 17:51:05","BOOK","","",,,,,,3,1.00,3,1,3,"… to be confused with are stoneflies (Order Plecoptera). The latter … to tell stonefly and mayfly nymphs apart is that the stonefly … fringed with gills, whereas stoneflies tend to have a pair of tail-…","","https://scholar.google.com/scholar?q=related:BmB8NreVtQgJ:scholar.google.com/&scioq=plecoptera%7Cstonefly%7Cstoneflies&hl=en&as_sdt=0,5&as_ylo=2023&as_yhi=2023"
0,"M Whiting, HC Soil, WC District","Taunton Bay Tributary Study",2023,"","friendsoftauntonbay.org","https://friendsoftauntonbay.org/wp-content/uploads/2024/02/FoTB-Tributary-Study-Preliminary-Results.pdf","",201,"2026-04-12 17:51:05","PDF","","",,,,,,0,0.00,0,3,3,"In order to establish a water quality baseline for Taunton Bay, the Friends of Taunton Bay began a study of the bay and tributary streams in 2023. This report is a preliminary report on …","https://friendsoftauntonbay.org/wp-content/uploads/2024/02/FoTB-Tributary-Study-Preliminary-Results.pdf","https://scholar.google.com/scholar?q=related:W83eEzwxVy8J:scholar.google.com/&scioq=plecoptera%7Cstonefly%7Cstoneflies&hl=en&as_sdt=0,5&as_ylo=2023&as_yhi=2023"
4,"N NASARUDDIN, L SABARUDDIN…","Taxonomic and functional diversity of aquatic macroinvertebrate from natural forest as reference for streams health indicators in lasolo watershed, southeast Sulawesi …",2023,"Biodiversitas …","search.ebscohost.com","https://search.ebscohost.com/login.aspx?direct=true&profile=ehost&scope=site&authtype=crawler&jrnl=1412033X&AN=187460428&h=3oJdpDqMYLDVf%2B0dmZLgmS%2FZOgnDa6IpqpOU4PrXZALG4ewHy8kYnucMI1lkNfL9pafNOq6epFVXocZuhvzKcA%3D%3D&crl=c","https://scholar.google.com/scholar?cites=8154145128446662208&as_sdt=2005&sciodt=0,5&hl=en",269,"2026-04-12 17:51:05","","","",,,,,,4,1.33,1,3,3,"… of the total 18 orders did not appear in impacted streams, namely Plecoptera, Phasmatidea, … Does land use and land cover affect adult communities of Ephemeroptera, Plecoptera and …","","https://scholar.google.com/scholar?q=related:QJYLtMpXKXEJ:scholar.google.com/&scioq=plecoptera%7Cstonefly%7Cstoneflies&hl=en&as_sdt=0,5&as_ylo=2023&as_yhi=2023"
7,"T Bo, A Doretto, A Marino, A Laini…","Taxonomic and functional responses of macroinvertebrate communities to dam construction in a non-wadeable river",2023,"… & Management of …","kmae-journal.org","https://www.kmae-journal.org/articles/kmae/abs/2023/01/kmae220096/kmae220096.html","https://scholar.google.com/scholar?cites=6472115758172199724&as_sdt=2005&sciodt=0,5&hl=en",396,"2026-04-12 17:51:05","","","",,,,,,7,2.33,1,5,3,"… families; 1-GOLD (ie the relative abundance of Gastropoda, Oligochaeta and Diptera); Shannon index; logarithm of the abundance of selected Ephemeroptera, Plecoptera, Trichoptera …","https://www.kmae-journal.org/articles/kmae/pdf/2023/01/kmae220096.pdf","https://scholar.google.com/scholar?q=related:LNsPx_2S0VkJ:scholar.google.com/&scioq=plecoptera%7Cstonefly%7Cstoneflies&hl=en&as_sdt=0,5&as_ylo=2023&as_yhi=2023"
2,"NM Yavorskaya, VV Bobrovsky","Taxonomic composition of benthic invertebrates of the Komsomolsky Nature Reserve watercourses (Khabarovsky Region)",2023,"Amurian Zoological Journal","biotaxa.org","https://www.biotaxa.org/azj/article/view/84025","https://scholar.google.com/scholar?cites=6374964771408849490&as_sdt=2005&sciodt=0,5&hl=en",129,"2026-04-12 17:51:05","","","",,,,,,2,0.67,1,2,3,"… At the same time, the most interesting were stoneflies Capnia khingana Teslenko, which are distinguished by viviparous reproduction, and the relict species of nymphomiids …","","https://scholar.google.com/scholar?q=related:Uip0_65seFgJ:scholar.google.com/&scioq=plecoptera%7Cstonefly%7Cstoneflies&hl=en&as_sdt=0,5&as_ylo=2023&as_yhi=2023"
8,"LH de Almeida, PN Taniguti, VM Lopez…","Taxonomic Contributions on Macrogynoplax Enderlein and Enderleina Jewett (Plecoptera: Perlidae) from Brazil, Including a New Species Supported by Molecular …",2023,"Neotropical …","Springer","https://link.springer.com/article/10.1007/s13744-023-01084-8","https://scholar.google.com/scholar?cites=6896026860277573268&as_sdt=2005&sciodt=0,5&hl=en",17,"2026-04-12 17:51:05","","10.1007/s13744-023-01084-8","",,,,,,8,2.67,2,4,3,"Stoneflies (Plecoptera) are aquatic insects widely used in ecological and monitoring studies as indicators of environmental quality due to their high sensitivity to pollution. Among …","","https://scholar.google.com/scholar?q=related:lKZliOSbs18J:scholar.google.com/&scioq=plecoptera%7Cstonefly%7Cstoneflies&hl=en&as_sdt=0,5&as_ylo=2023&as_yhi=2023"
2,"J Sharma, S Raina, VH Jwala, Y Yadav…","Taxonomic Diversity and Biological Water Quality Assessment of Rivers Bhagirathi and Yamuna at Gangotri and Yamunotri Using Benthic Macroinvertebrates",2023,"Proceedings of the …","Springer","https://link.springer.com/article/10.1007/s12595-023-00474-5","https://scholar.google.com/scholar?cites=14996297998391297594&as_sdt=2005&sciodt=0,5&hl=en",193,"2026-04-12 17:51:05","","10.1007/s12595-023-00474-5","",,,,,,2,0.67,0,5,3,"… The proportion of Ephemeroptera and Plecoptera to the total number of organisms gives a decent picture of water quality at these locations of rivers. These groups are sensitive to …","https://gyanganga.ai/admin/fileupload/23.%20Rivers%20Bhagirathi%20&%20Yamuna%20at%20Gangotri%20And%20Yamunotri.pdf","https://scholar.google.com/scholar?q=related:OsYDZJONHdAJ:scholar.google.com/&scioq=plecoptera%7Cstonefly%7Cstoneflies&hl=en&as_sdt=0,5&as_ylo=2023&as_yhi=2023"
4,"CL Smith","Taxonomic Diversity, Assemblage Structure, and Biotic Integrity of Benthic Macroinvertebrates in the Guadalupe–San Marcos River System",2023,"","search.proquest.com","https://search.proquest.com/openview/5732a4726babf7cf350c33a5cae54f6f/1?pq-origsite=gscholar&cbl=18750&diss=y","https://scholar.google.com/scholar?cites=6443925081557122246&as_sdt=2005&sciodt=0,5&hl=en",648,"2026-04-12 17:51:05","BOOK","","",,,,,,4,1.33,4,1,3,"… example, the San Marcos River reflected very good water quality by suggesting only slight organic pollution; higher proportions of localized abundance of Ephemeroptera, Plecoptera, …","","https://scholar.google.com/scholar?q=related:xjxxZbhrbVkJ:scholar.google.com/&scioq=plecoptera%7Cstonefly%7Cstoneflies&hl=en&as_sdt=0,5&as_ylo=2023&as_yhi=2023"
2,"A Ganguly, JM Pino, K Nonaka","Taxonomic inventory of the edible insects of India, a review of the current situation and future perspectives",2023,"Journal of Insects as Food and Feed","brill.com","https://brill.com/view/journals/jiff/10/3/article-p369_3.xml","https://scholar.google.com/scholar?cites=2693136250101918933&as_sdt=2005&sciodt=0,5&hl=en",275,"2026-04-12 17:51:05","","","",,,,,,2,0.67,1,3,3,"In this article we present a taxonomic analysis of edible insects from India. Twelve orders of insects are reported with the follow number of families registered: Ephemeroptera (2), …","","https://scholar.google.com/scholar?q=related:1WwNjybxXyUJ:scholar.google.com/&scioq=plecoptera%7Cstonefly%7Cstoneflies&hl=en&as_sdt=0,5&as_ylo=2023&as_yhi=2023"
0,"S Sarikar","Taxonomic Orders, Societal Significance and Threat of Aquatic Insects",,"researchgate.net","","https://www.researchgate.net/profile/Shwetha-Sarikar/publication/379119173_Yashoda_Taxonomic_Orders_Societal_Significance_and_Threat_of_Aquatic_Insects/links/65fbf11ef3b56b5b2d174383/Yashoda-Taxonomic-Orders-Societal-Significance-and-Threat-of-Aquatic-Insects.pdf","",233,"2026-04-12 17:51:05","PDF","","",,,,,,0,0.00,0,1,,"… Plecoptera: The Plecoptera are known as stoneflies, because nymphs are found underneath the stones of streams and rivers. These ancient order present in fast running water (…","https://www.researchgate.net/profile/Shwetha-Sarikar/publication/379119173_Yashoda_Taxonomic_Orders_Societal_Significance_and_Threat_of_Aquatic_Insects/links/65fbf11ef3b56b5b2d174383/Yashoda-Taxonomic-Orders-Societal-Significance-and-Threat-of-Aquatic-Insects.pdf","https://scholar.google.com/scholar?q=related:pM0ErMa7hB4J:scholar.google.com/&scioq=plecoptera%7Cstonefly%7Cstoneflies&hl=en&as_sdt=0,5&as_ylo=2023&as_yhi=2023"
6,"QB Huo","Taxonomy and phylogeny of Systellognatha (Plecoptera: Arctoperlaria) of China",2023,"Doctor degree dissertation, Yangzhou University …","","","https://scholar.google.com/scholar?cites=2320158243489419436&as_sdt=2005&sciodt=0,5&hl=en",135,"2026-04-12 17:51:05","CITATION","","",,,,,,6,2.00,6,1,3,"","","https://scholar.google.com/scholar?q=related:rJDhNaHbMiAJ:scholar.google.com/&scioq=plecoptera%7Cstonefly%7Cstoneflies&hl=en&as_sdt=0,5&as_ylo=2023&as_yhi=2023"
83,"Z Yang, H Feng, Y Ruan, X Weng","Tea tree pest detection algorithm based on improved Yolov7-Tiny",2023,"Agriculture","mdpi.com","https://www.mdpi.com/2077-0472/13/5/1031","https://scholar.google.com/scholar?cites=16623411607153670383&as_sdt=2005&sciodt=0,5&hl=en",466,"2026-04-12 17:51:05","HTML","","",,,,,,83,27.67,21,4,3,"Timely and accurate identification of tea tree pests is critical for effective tea tree pest control. We collected image data sets of eight common tea tree pests to accurately represent the …","https://www.mdpi.com/2077-0472/13/5/1031","https://scholar.google.com/scholar?q=related:7_h_N8g4suYJ:scholar.google.com/&scioq=plecoptera%7Cstonefly%7Cstoneflies&hl=en&as_sdt=0,5&as_ylo=2023&as_yhi=2023"
9,"MM Benavides, AB Ardaya, C Eberle…","Technical Report: Mountain glaciers melting. Interconnected Disaster Risks 2023: Risk Tipping Points",2023,"","bia.unibz.it","https://bia.unibz.it/esploro/fulltext/report/Technical-Report-Mountain-glaciers-melting-Interconnected/991006689398301241?repId=12311178730001241&mId=13311108360001241&institution=39UBZ_INST","https://scholar.google.com/scholar?cites=13780187193606975611&as_sdt=2005&sciodt=0,5&hl=en",485,"2026-04-12 17:51:05","PDF","","",,,,,,9,3.00,2,4,3,"… For example, the stonefly Rhabdiopteryx and three species of non-biting midges in the Alps face the risk of extinction as glaciers retreat. These stoneflies and midges in the Alps are …","https://bia.unibz.it/esploro/fulltext/report/Technical-Report-Mountain-glaciers-melting-Interconnected/991006689398301241?repId=12311178730001241&mId=13311108360001241&institution=39UBZ_INST","https://scholar.google.com/scholar?q=related:e7BU9T0PPb8J:scholar.google.com/&scioq=plecoptera%7Cstonefly%7Cstoneflies&hl=en&as_sdt=0,5&as_ylo=2023&as_yhi=2023"
11,"JM González, I De Guzmán, A Elosegi…","Tertiary wastewater treatment combined with high dilution rates fails to eliminate impacts on receiving stream invertebrate assemblages",2023,"Science of the Total …","Elsevier","https://www.sciencedirect.com/science/article/pii/S0048969722075271","https://scholar.google.com/scholar?cites=11598660751519716241&as_sdt=2005&sciodt=0,5&hl=en",397,"2026-04-12 17:51:05","HTML","","",,,,,,11,3.67,3,4,3,"The amount of wastewater processed in treatment plants is increasing following more strict environmental regulations. Treatment facilities are implementing upgrades to abate the …","https://www.sciencedirect.com/science/article/pii/S0048969722075271","https://scholar.google.com/scholar?q=related:kROZTIC49qAJ:scholar.google.com/&scioq=plecoptera%7Cstonefly%7Cstoneflies&hl=en&as_sdt=0,5&as_ylo=2023&as_yhi=2023"
12,"MP Gomes, MP Dos Santos, PL De Freitas…","The aquatic macrophyte Salvinia molesta mitigates herbicides (glyphosate and aminomethylphosphonic acid) effects to aquatic invertebrates",2023,"… Science and Pollution …","Springer","https://link.springer.com/article/10.1007/s11356-022-23012-w","https://scholar.google.com/scholar?cites=11935806451747038747&as_sdt=2005&sciodt=0,5&hl=en",556,"2026-04-12 17:51:05","","10.1007/s11356-022-23012-w","",,,,,,12,4.00,3,4,3,"We evaluated the individual and combined effects of different environmentally representative concentrations of glyphosate (0, 25, 50, 75, and 100 µg l −1 ) and aminomethylphosphonic …","","https://scholar.google.com/scholar?q=related:G6YysLqApKUJ:scholar.google.com/&scioq=plecoptera%7Cstonefly%7Cstoneflies&hl=en&as_sdt=0,5&as_ylo=2023&as_yhi=2023"
1,"A Caliskan, D Riordan, J Walsh","The Biomonitoring of Ireland's River Network Using a 1D Convolution Neural Network",2023,"2023 IEEE International …","ieeexplore.ieee.org","https://ieeexplore.ieee.org/abstract/document/10305993/","https://scholar.google.com/scholar?cites=11168143748385853653&as_sdt=2005&sciodt=0,5&hl=en",693,"2026-04-12 17:51:05","","","",,,,,,1,0.33,0,3,3,"Cleanliness and continuity of water resources are crucial for humans, the environment, and animals. However, with developing technology and increasing industrialization, water …","","https://scholar.google.com/scholar?q=related:1dAJW5E3_ZoJ:scholar.google.com/&scioq=plecoptera%7Cstonefly%7Cstoneflies&hl=en&as_sdt=0,5&as_ylo=2023&as_yhi=2023"
14,"DC Houghton, RE DeWalt","The caddis aren't alright: modeling Trichoptera richness in streams of the northcentral United States reveals substantial species losses",2023,"Frontiers in Ecology and Evolution","frontiersin.org","https://www.frontiersin.org/journals/ecology-and-evolution/articles/10.3389/fevo.2023.1163922/full","https://scholar.google.com/scholar?cites=598061814607657561&as_sdt=2005&sciodt=0,5&hl=en",728,"2026-04-12 17:51:05","HTML","10.3389/fevo.2023.1163922","",,,,,,14,4.67,7,2,3,"Despite the importance of caddisflies in aquatic ecosystems, few studies have assessed the most important variables affecting their species richness throughout a large region or …","https://www.frontiersin.org/journals/ecology-and-evolution/articles/10.3389/fevo.2023.1163922/full","https://scholar.google.com/scholar?q=related:WTpqPQ2-TAgJ:scholar.google.com/&scioq=plecoptera%7Cstonefly%7Cstoneflies&hl=en&as_sdt=0,5&as_ylo=2023&as_yhi=2023"
1,"JD Ridden, TR Hitchings, TR Hitchings","The Canterbury Museum mayfly collection data resource",2023,"Journal of Limnology","academia.edu","https://www.academia.edu/download/100299989/1896.pdf","https://scholar.google.com/scholar?cites=12831411309770524209&as_sdt=2005&sciodt=0,5&hl=en",530,"2026-04-12 17:51:05","PDF","","",,,,,,1,0.33,0,3,3,"… Water quality can be assessed by documenting mayfly abundance and diversity along with other freshwater insects such as caddisfly (Trichoptera) and stonefly (Pleocoptera), …","https://www.academia.edu/download/100299989/1896.pdf","https://scholar.google.com/scholar?q=related:MUbNPZpUErIJ:scholar.google.com/&scioq=plecoptera%7Cstonefly%7Cstoneflies&hl=en&as_sdt=0,5&as_ylo=2023&as_yhi=2023"
30,"D Albini, L Lester, P Sanders, J Hughes…","The combined effects of treated sewage discharge and land use on rivers",2023,"Global Change …","Wiley Online Library","https://onlinelibrary.wiley.com/doi/abs/10.1111/gcb.16934","https://scholar.google.com/scholar?cites=5797164056757619416&as_sdt=2005&sciodt=0,5&hl=en",158,"2026-04-12 17:51:05","","10.1111/gcb.16934","",,,,,,30,10.00,6,5,3,"… The EPT (Ephemeroptera, Plecoptera and Tricoptera) water quality score was best explained by … We also calculated the Ephemeroptera, Plecoptera and Tricoptera (EPT) score, which …","https://onlinelibrary.wiley.com/doi/pdfdirect/10.1111/gcb.16934","https://scholar.google.com/scholar?q=related:2Eqzs_6pc1AJ:scholar.google.com/&scioq=plecoptera%7Cstonefly%7Cstoneflies&hl=en&as_sdt=0,5&as_ylo=2023&as_yhi=2023"
11,"GN Foster, DT Bilton","The conservation of predaceous diving beetles: knowns, more unknowns and more anecdotes",2023,"Ecology, Systematics, and the natural history of …","Springer","https://link.springer.com/chapter/10.1007/978-3-031-01245-7_12","https://scholar.google.com/scholar?cites=1545546888905044366&as_sdt=2005&sciodt=0,5&hl=en",957,"2026-04-12 17:51:05","","10.1007/978-3-031-01245-7_12","",,,,,,11,3.67,6,2,3,"Aspects of the conservation of Dytiscidae are discussed with particular reference to the benefits, potential and realized, associated with ways of conserving species threatened …","https://www.researchgate.net/profile/Garth-Foster/publication/375239134_The_conservation_of_predaceus_diving_beetles_knowns_more_unknowns_and_more_anecdotes/links/6544cd333fa26f66f4d1b0a2/The-conservation-of-predaceus-diving-beetles-knowns-more-unknowns-and-more-anecdotes.pdf","https://scholar.google.com/scholar?q=related:jjHl8LTichUJ:scholar.google.com/&scioq=plecoptera%7Cstonefly%7Cstoneflies&hl=en&as_sdt=0,5&as_ylo=2023&as_yhi=2023"
40,"BJ Kefford, SJ Nichols, RP Duncan","The cumulative impacts of anthropogenic stressors vary markedly along environmental gradients",2023,"Global Change Biology","Wiley Online Library","https://onlinelibrary.wiley.com/doi/abs/10.1111/gcb.16435","https://scholar.google.com/scholar?cites=8081734152304165206&as_sdt=2005&sciodt=0,5&hl=en",171,"2026-04-12 17:51:05","","10.1111/gcb.16435","",,,,,,40,13.33,13,3,3,"… Here, we analysed variation in the family richness of stream macroinvertebrates in the groups Ephemeroptera, Plecoptera and Trichoptera (EPT) at 4658 sites spanning a 32 latitudinal …","https://onlinelibrary.wiley.com/doi/pdf/10.1111/gcb.16435","https://scholar.google.com/scholar?q=related:VoE7hWQWKHAJ:scholar.google.com/&scioq=plecoptera%7Cstonefly%7Cstoneflies&hl=en&as_sdt=0,5&as_ylo=2023&as_yhi=2023"
0,"LE Smith","The distribution of Ephemeroptera, Odonata, Plecoptera, and Trichoptera in Sandy Creek-Swift Creek, North Carolina",2023,"","thescholarship.ecu.edu","https://thescholarship.ecu.edu/items/ed5e9473-a3ae-4852-886c-a7c68bd068c2","",151,"2026-04-12 17:51:05","CITATION","","",,,,,,0,0.00,0,1,3,"The distribution of Ephemeroptera, Odonata, Plecoptera, and Trichoptera in Sandy Creek-Swift Creek, North Carolina …","","https://scholar.google.com/scholar?q=related:_rePhVp3kwMJ:scholar.google.com/&scioq=plecoptera%7Cstonefly%7Cstoneflies&hl=en&as_sdt=0,5&as_ylo=2023&as_yhi=2023"
3,"TB Leal, RS Oliveira, T Giarrizzo, BS Godoy","The drift effect on nestedness of ephemeroptera, trichoptera and plecoptera orders in the Xingu River",2023,"Biota Neotropica","SciELO Brasil","https://www.scielo.br/j/bn/a/74tymFTsNc7S7QwxBmT36qn/?format=html&lang=en","https://scholar.google.com/scholar?cites=3560929928062353940&as_sdt=2005&sciodt=0,5&hl=en",42,"2026-04-12 17:51:05","HTML","","",,,,,,3,1.00,1,4,3,"The drift movement consists of the displacement of the organisms inside the water column which allows its passive locomotion. This movement will result in a variation of the …","https://www.scielo.br/j/bn/a/74tymFTsNc7S7QwxBmT36qn/?format=html&lang=en","https://scholar.google.com/scholar?q=related:FMI2KOf2ajEJ:scholar.google.com/&scioq=plecoptera%7Cstonefly%7Cstoneflies&hl=en&as_sdt=0,5&as_ylo=2023&as_yhi=2023"
0,"T Belo Leal, R Senna Oliveira…","The drift effect on nestedness of ephemeroptera, trichoptera and plecoptera orders in the Xingu River.",2023,"… (Edição em Iinglês)","search.ebscohost.com","https://search.ebscohost.com/login.aspx?direct=true&profile=ehost&scope=site&authtype=crawler&jrnl=1806129X&AN=163568555&h=%2BvOhfqsP7p%2BhOfV4it96boJGyi0LmUoeg0YfN394FfATZDVX%2BLXhQP98jrB0SlxWGQdVx2y3momsWwDzFCzcbA%3D%3D&crl=c","",118,"2026-04-12 17:51:05","","","",,,,,,0,0.00,0,3,3,"The drift movement consists of the displacement of the organisms inside the water column which allows its passive locomotion. This movement will result in a variation of the …","","https://scholar.google.com/scholar?q=related:bcTn_LcKTEMJ:scholar.google.com/&scioq=plecoptera%7Cstonefly%7Cstoneflies&hl=en&as_sdt=0,5&as_ylo=2023&as_yhi=2023"
2,"TB Leal, RS Oliveira, T Giarrizzo, BS Godoy","The drift effect on nestedness of Ephemeroptera, Trichoptera and Plecoptera orders in the Xingu River. Biota Neotrop., 23 (1), e20221354",2023,"","","","https://scholar.google.com/scholar?cites=2194405973504010476&as_sdt=2005&sciodt=0,5&hl=en",142,"2026-04-12 17:51:05","CITATION","","",,,,,,2,0.67,1,4,3,"","","https://scholar.google.com/scholar?q=related:7KizP5sYdB4J:scholar.google.com/&scioq=plecoptera%7Cstonefly%7Cstoneflies&hl=en&as_sdt=0,5&as_ylo=2023&as_yhi=2023"
17,"AV Khramov, T Foraponova…","The earliest pollen-loaded insects from the Lower Permian of Russia",2023,"Biology Letters","royalsocietypublishing.org","https://royalsocietypublishing.org/rsbl/article/19/3/20220523/63301","https://scholar.google.com/scholar?cites=5715185123788340215&as_sdt=2005&sciodt=0,5&hl=en",540,"2026-04-12 17:51:05","HTML","","",,,,,,17,5.67,6,3,3,"… Permian polyneopterous insects, somewhat resembling stoneflies in forewing venation [14]. … It is worth noting that stoneflies proposed as a sister-group to tillyardembiids [14] have been …","https://royalsocietypublishing.org/rsbl/article/19/3/20220523/63301","https://scholar.google.com/scholar?q=related:9zsA-ZZqUE8J:scholar.google.com/&scioq=plecoptera%7Cstonefly%7Cstoneflies&hl=en&as_sdt=0,5&as_ylo=2023&as_yhi=2023"
0,"AM Truţă","THE ECOLOGICAL STATUS OF QUALITY OF THE CÂRCINOV STREAM BASED ON THE ANALYSIS OF THE MACROZOOBENTOS",2023,"Current Trends in Natural Sciences","researchgate.net","https://www.researchgate.net/profile/Alina-Mihaela-Truta-Vladutu/publication/375566503_THE_ECOLOGICAL_STATUS_OF_QUALITY_OF_THE_CARCINOV_STREAM_BASED_ON_THE_ANALYSIS_OF_THE_MACROZOOBENTOS/links/67e27162e62c604a0d136833/THE-ECOLOGICAL-STATUS-OF-QUALITY-OF-THE-CARCINOV-STREAM-BASED-ON-THE-ANALYSIS-OF-THE-MACROZOOBENTOS.pdf","",328,"2026-04-12 17:51:05","PDF","","",,,,,,0,0.00,0,1,3,"The present work was carried out based on the bibliographic material related to this fear, the data taken from the Argeș-Vedea Watershed Administration and personal research in the …","https://www.researchgate.net/profile/Alina-Mihaela-Truta-Vladutu/publication/375566503_THE_ECOLOGICAL_STATUS_OF_QUALITY_OF_THE_CARCINOV_STREAM_BASED_ON_THE_ANALYSIS_OF_THE_MACROZOOBENTOS/links/67e27162e62c604a0d136833/THE-ECOLOGICAL-STATUS-OF-QUALITY-OF-THE-CARCINOV-STREAM-BASED-ON-THE-ANALYSIS-OF-THE-MACROZOOBENTOS.pdf","https://scholar.google.com/scholar?q=related:o3mjkKzTJNUJ:scholar.google.com/&scioq=plecoptera%7Cstonefly%7Cstoneflies&hl=en&as_sdt=0,5&as_ylo=2023&as_yhi=2023"
0,"J Sieg, S Muller","The Effect of Urban Land Use on Greater Vancouver Stream Ecosystem Health",2023,"","open.library.ubc.ca","https://open.library.ubc.ca/soa/cIRcle/collections/51869/items/1.0432575","",259,"2026-04-12 17:51:05","","","",,,,,,0,0.00,0,2,3,"… macroinvertebrate assemblage largely consisted of mayflies and stoneflies resulting in a good- … Further, mayflies and stoneflies are ecologically important, being an important food …","https://open.library.ubc.ca/media/download/pdf/51869/1.0432575/5","https://scholar.google.com/scholar?q=related:p0AXNTMfIosJ:scholar.google.com/&scioq=plecoptera%7Cstonefly%7Cstoneflies&hl=en&as_sdt=0,5&as_ylo=2023&as_yhi=2023"
8,"N Maphumulo, H du Plessis, J Van den Berg","The Effect of Wood Ash and Soil Applications on the Behavior and Survival of Spodoptera frugiperda (Lepidoptera: Noctuidae) Larvae on Maize",2023,"Insects","mdpi.com","https://www.mdpi.com/2075-4450/14/10/813","https://scholar.google.com/scholar?cites=5107145048680058543&as_sdt=2005&sciodt=0,5&hl=en",528,"2026-04-12 17:51:05","HTML","","",,,,,,8,2.67,3,3,3,"Simple Summary Fall armyworm is difficult to control, due to the cryptic feeding of larvae deep inside maize whorls. Even insecticide spray applications do not always effectively reach …","https://www.mdpi.com/2075-4450/14/10/813","https://scholar.google.com/scholar?q=related:r0746lw54EYJ:scholar.google.com/&scioq=plecoptera%7Cstonefly%7Cstoneflies&hl=en&as_sdt=0,5&as_ylo=2023&as_yhi=2023"
4,"E Szarek-Gwiazda, D Ciszewski, A Kownacki","The effects of channelization with low in-stream barriers on macroinvertebrate communities of mountain rivers",2023,"Water","mdpi.com","https://www.mdpi.com/2073-4441/15/6/1059","https://scholar.google.com/scholar?cites=1650434467934187553&as_sdt=2005&sciodt=0,5&hl=en",681,"2026-04-12 17:51:05","HTML","","",,,,,,4,1.33,1,3,3,"The effects of channelization with low in-stream barriers in mountain rivers on macroinvertebrate communities are still weakly recognised. We aimed to assess the differences in …","https://www.mdpi.com/2073-4441/15/6/1059","https://scholar.google.com/scholar?q=related:ITBHemeF5xYJ:scholar.google.com/&scioq=plecoptera%7Cstonefly%7Cstoneflies&hl=en&as_sdt=0,5&as_ylo=2023&as_yhi=2023"
1,"M Sinambela, M Sipayung","The Effects of Physical and Chemical Characteristics, to the Macrozoobenthos Communities of Babura River, Medan",2023,"Ann. For. Res","ICAS","","https://scholar.google.com/scholar?cites=16912215019268219460&as_sdt=2005&sciodt=0,5&hl=en",187,"2026-04-12 17:51:05","CITATION","","",,,,,,1,0.33,1,2,3,"","","https://scholar.google.com/scholar?q=related:RCKCjPRBtOoJ:scholar.google.com/&scioq=plecoptera%7Cstonefly%7Cstoneflies&hl=en&as_sdt=0,5&as_ylo=2023&as_yhi=2023"
0,"K Floyd","The Effects of Urbanization on Euchee Creek Macroinvertebrate Populations",2023,"","scholarlycommons.augusta.edu","https://scholarlycommons.augusta.edu/items/b6b70103-5e94-4eeb-a9ef-0785df87bb9f","",579,"2026-04-12 17:51:05","","","",,,,,,0,0.00,0,1,3,"This study aims to determine the effects of urbanization on freshwater streams. Fresh water is a vital resource for a variety of species including humans. Euchee Creek in Evans, GA was …","https://scholarlycommons.augusta.edu/bitstreams/4a771eef-7d3b-4e56-b751-db6328ae575b/download","https://scholar.google.com/scholar?q=related:sd35dqVowV8J:scholar.google.com/&scioq=plecoptera%7Cstonefly%7Cstoneflies&hl=en&as_sdt=0,5&as_ylo=2023&as_yhi=2023"
0,"G Ochenski","The Endangered Species Act is Needed Now More Than Ever.",2023,"CounterPunch","search.ebscohost.com","https://search.ebscohost.com/login.aspx?direct=true&profile=ehost&scope=site&authtype=crawler&jrnl=10862323&asa=N&AN=174835692&h=dJ2S7lirZVr4O8bcSNa27mrsdwLZZQW9rvurgKFvA5o72P7g0RehxDq%2Fd0Iz%2By3ujLiYomZRHOOHBnwJgq9WcA%3D%3D&crl=c","",428,"2026-04-12 17:51:05","","","",,,,,,0,0.00,0,1,3,"… The article provides examples of endangered species in Montana, such as the fluvial Arctic grayling and Glacial Stone Flies, whose survival is threatened by factors like irrigation …","","https://scholar.google.com/scholar?q=related:_beYNUViatYJ:scholar.google.com/&scioq=plecoptera%7Cstonefly%7Cstoneflies&hl=en&as_sdt=0,5&as_ylo=2023&as_yhi=2023"
4,"A Rehman, QB Huo, YZ Du","The First Complete Mitochondrial Genome of Genus Isocapnia (Plecoptera: Capniidae) and Phylogenetic Assignment of Superfamily Nemouroidea",2023,"Genes","mdpi.com","https://www.mdpi.com/2073-4425/14/5/965","https://scholar.google.com/scholar?cites=17573586008281801492&as_sdt=2005&sciodt=0,5&hl=en",29,"2026-04-12 17:51:05","HTML","","",,,,,,4,1.33,1,3,3,"Capniidae are a family of stoneflies, also known as snow flies, who emerge in winter. The phylogeny of Capniidae is widely accepted to be based on morphological analysis. Until now, …","https://www.mdpi.com/2073-4425/14/5/965","https://scholar.google.com/scholar?q=related:FGNpnV3r4fMJ:scholar.google.com/&scioq=plecoptera%7Cstonefly%7Cstoneflies&hl=en&as_sdt=0,5&as_ylo=2023&as_yhi=2023"
4,"L Juen, R Koroiva, F Geraldo de Carvalho…","The First Mitochondrial Genome of an Odonata Endemic to South America, Chalcopteryx rutilans (Rambur, 1842) (Odonata: Polythoridae), and Its …",2023,"Diversity","mdpi.com","https://www.mdpi.com/1424-2818/15/8/908","https://scholar.google.com/scholar?cites=18211143658666191763&as_sdt=2005&sciodt=0,5&hl=en",653,"2026-04-12 17:51:05","HTML","","",,,,,,4,1.33,1,4,3,"Chalcopteryx rutilans Rambur, 1842 (Polythoridae, Odonata) is a species widely distributed in central Amazonia. Due to its sensitivity to environmental changes, it is a bioindicator …","https://www.mdpi.com/1424-2818/15/8/908","https://scholar.google.com/scholar?q=related:k-tnuKv6uvwJ:scholar.google.com/&scioq=plecoptera%7Cstonefly%7Cstoneflies&hl=en&as_sdt=0,5&as_ylo=2023&as_yhi=2023"
0,"FA Khudhur","The first record of the order Plecoptera (Insecta) from Iraq.",2023,"Zootaxa","europepmc.org","https://europepmc.org/article/med/38220852","",70,"2026-04-12 17:51:05","","","",,,,,,0,0.00,0,1,3,"… Faunistic studies of stoneflies (Plecoptera) in Iraq are almost nonexistent. This article records the order Plecoptera in Iraq for the first time, based on adult specimens of three species: …","","https://scholar.google.com/scholar?q=related:8DIsMj9blXwJ:scholar.google.com/&scioq=plecoptera%7Cstonefly%7Cstoneflies&hl=en&as_sdt=0,5&as_ylo=2023&as_yhi=2023"
1,"A Farr, CR Macadam, NHMGA Lab…","The genome sequence of a stonefly, Nemoura dubitans (Morton, 1894)",2023,"Wellcome Open …","pmc.ncbi.nlm.nih.gov","https://pmc.ncbi.nlm.nih.gov/articles/PMC11252649/","https://scholar.google.com/scholar?cites=3842007914151402197&as_sdt=2005&sciodt=0,5&hl=en",39,"2026-04-12 17:51:05","HTML","","",,,,,,1,0.33,0,4,3,"We present a genome assembly from an individual female Nemoura dubitans (a stonefly; Arthropoda; Insecta; Plecoptera; Nemouridae). The genome sequence is 321.0 megabases in …","https://pmc.ncbi.nlm.nih.gov/articles/PMC11252649/","https://scholar.google.com/scholar?q=related:1do7k9eNUTUJ:scholar.google.com/&scioq=plecoptera%7Cstonefly%7Cstoneflies&hl=en&as_sdt=0,5&as_ylo=2023&as_yhi=2023"
0,"A Farr, CR Macadam","The genome sequence of a stonefly, Nemoura dubitans (Morton, 1894)[version 1; peer review: awaiting peer review]",2023,"","researchgate.net","https://www.researchgate.net/profile/Craig-Macadam/publication/372806789_The_genome_sequence_of_a_stonefly_Nemoura_dubitans_Morton_1894/links/64c910af4ce9131cd57d3816/The-genome-sequence-of-a-stonefly-Nemoura-dubitans-Morton-1894.pdf","",72,"2026-04-12 17:51:05","PDF","","",,,,,,0,0.00,0,2,3,"We present a genome assembly from an individual female Nemoura dubitans (a stonefly; Arthropoda; Insecta; Plecoptera; Nemouridae). The genome sequence is 321.0 megabases in …","https://www.researchgate.net/profile/Craig-Macadam/publication/372806789_The_genome_sequence_of_a_stonefly_Nemoura_dubitans_Morton_1894/links/64c910af4ce9131cd57d3816/The-genome-sequence-of-a-stonefly-Nemoura-dubitans-Morton-1894.pdf","https://scholar.google.com/scholar?q=related:DeDO1kw8Uu0J:scholar.google.com/&scioq=plecoptera%7Cstonefly%7Cstoneflies&hl=en&as_sdt=0,5&as_ylo=2023&as_yhi=2023"
3,"C Clifford, NHMGA Lab, WSIT of Life…","The genome sequence of the black needle fly, Leuctra nigra (Olivier, 1811)",2023,"Wellcome Open …","pmc.ncbi.nlm.nih.gov","https://pmc.ncbi.nlm.nih.gov/articles/PMC10280035/","https://scholar.google.com/scholar?cites=3118230477331125791&as_sdt=2005&sciodt=0,5&hl=en",180,"2026-04-12 17:51:05","HTML","","",,,,,,3,1.00,1,4,3,"We present a genome assembly from an individual male Leuctra nigra (black needle fly; Arthropoda; Insecta; Plecoptera; Leuctridae). The genome sequence is 536.3 megabases in …","https://pmc.ncbi.nlm.nih.gov/articles/PMC10280035/","https://scholar.google.com/scholar?q=related:H1YeGRkuRisJ:scholar.google.com/&scioq=plecoptera%7Cstonefly%7Cstoneflies&hl=en&as_sdt=0,5&as_ylo=2023&as_yhi=2023"
0,"E McSwan, C Clifford","The genome sequence of the Common Yellow Sally, Isoperla grammatica (Poda, 1761)[version 1; peer review: awaiting peer",2023,"","researchgate.net","https://www.researchgate.net/profile/Craig-Macadam/publication/368946923_The_genome_sequence_of_the_Common_Yellow_Sally_Isoperla_grammatica_Poda_1761/links/6404fcb2b1704f343fa46e5a/The-genome-sequence-of-the-Common-Yellow-Sally-Isoperla-grammatica-Poda-1761.pdf","",260,"2026-04-12 17:51:05","PDF","","",,,,,,0,0.00,0,2,3,"We present a genome assembly from an individual male Isoperla grammatica (the Common Yellow Sally; Arthropoda; Insecta; Plecoptera; Perlodidae). The genome sequence is 874.6 …","https://www.researchgate.net/profile/Craig-Macadam/publication/368946923_The_genome_sequence_of_the_Common_Yellow_Sally_Isoperla_grammatica_Poda_1761/links/6404fcb2b1704f343fa46e5a/The-genome-sequence-of-the-Common-Yellow-Sally-Isoperla-grammatica-Poda-1761.pdf","https://scholar.google.com/scholar?q=related:knSidRAR-kAJ:scholar.google.com/&scioq=plecoptera%7Cstonefly%7Cstoneflies&hl=en&as_sdt=0,5&as_ylo=2023&as_yhi=2023"
1,"A Dixon, CR Macadam…","The genome sequence of the spring stonefly, Protonemura montana (Kimmins, 1941)",2023,"Wellcome Open …","wellcomeopenresearch.org","https://wellcomeopenresearch.org/articles/8-333","https://scholar.google.com/scholar?cites=11631553598413224967&as_sdt=2005&sciodt=0,5&hl=en",46,"2026-04-12 17:51:05","HTML","","",,,,,,1,0.33,0,3,3,"We present a genome assembly from an individual female Protonemura montana (spring stonefly; Arthropoda; Insecta; Plecoptera; Nemouridae). The genome sequence is 258.5 …","https://wellcomeopenresearch.org/articles/8-333","https://scholar.google.com/scholar?q=related:BzxWA1-Ua6EJ:scholar.google.com/&scioq=plecoptera%7Cstonefly%7Cstoneflies&hl=en&as_sdt=0,5&as_ylo=2023&as_yhi=2023"
0,"A Dixon, CR Macadam","The genome sequence of the spring stonefly, Protonemura montana (Kimmins, 1941)[version 1; peer review: awaiting",2023,"","researchgate.net","https://www.researchgate.net/profile/Craig-Macadam/publication/372986682_The_genome_sequence_of_the_spring_stonefly_Protonemura_montana_Kimmins_1941/links/64d2a6cbc80b930269f96a0b/The-genome-sequence-of-the-spring-stonefly-Protonemura-montana-Kimmins-1941.pdf","",69,"2026-04-12 17:51:05","PDF","","",,,,,,0,0.00,0,2,3,"We present a genome assembly from an individual female Protonemura montana (spring stonefly; Arthropoda; Insecta; Plecoptera; Nemouridae). The genome sequence is 258.5 …","https://www.researchgate.net/profile/Craig-Macadam/publication/372986682_The_genome_sequence_of_the_spring_stonefly_Protonemura_montana_Kimmins_1941/links/64d2a6cbc80b930269f96a0b/The-genome-sequence-of-the-spring-stonefly-Protonemura-montana-Kimmins-1941.pdf","https://scholar.google.com/scholar?q=related:ysU4_O5HdJ8J:scholar.google.com/&scioq=plecoptera%7Cstonefly%7Cstoneflies&hl=en&as_sdt=0,5&as_ylo=2023&as_yhi=2023"
29,"A Grigoropoulou, SA Hamid, R Acosta…","The global EPTO database: Worldwide occurrences of aquatic insects",2023,"Global ecology and …","Wiley Online Library","https://onlinelibrary.wiley.com/doi/abs/10.1111/geb.13648","https://scholar.google.com/scholar?cites=6591234754579224062&as_sdt=2005&sciodt=0,5&hl=en",162,"2026-04-12 17:51:05","","10.1111/geb.13648","",,,,,,29,9.67,7,4,3,"Motivation Aquatic insects comprise 64% of freshwater animal diversity and are widely used as bioindicators to assess water quality impairment and freshwater ecosystem health, as …","https://onlinelibrary.wiley.com/doi/pdf/10.1111%2Fgeb.13648","https://scholar.google.com/scholar?q=related:_lXnYRbFeFsJ:scholar.google.com/&scioq=plecoptera%7Cstonefly%7Cstoneflies&hl=en&as_sdt=0,5&as_ylo=2023&as_yhi=2023"
10,"VM Ngole-Jeme, J Ndava","The implications of AMD induced acidity, high metal concentrations and ochre precipitation on aquatic organisms",2023,"Polish Journal of Environmental Studies","pjoes.com","http://www.pjoes.com/The-Implications-of-AMD-Induced-Acidity-nHigh-Metal-Concentrations-and-Ochre-nPrecipitation,161323,0,2.html","https://scholar.google.com/scholar?cites=8471683369791857054&as_sdt=2005&sciodt=0,5&hl=en",825,"2026-04-12 17:51:05","","","",,,,,,10,3.33,5,2,3,"… Odonata, Ephemeroptera, and Plecoptera have been reported to disappear in AMD impacted waters whereas species like the molluscs and crustaceans which require calcium ion for …","https://www.pjoes.com/pdf-161323-91520?filename=The-Implications-of-AMD-I.pdf","https://scholar.google.com/scholar?q=related:niEH0iN3kXUJ:scholar.google.com/&scioq=plecoptera%7Cstonefly%7Cstoneflies&hl=en&as_sdt=0,5&as_ylo=2023&as_yhi=2023"
0,"B Annaratone","The Influence of Climate and Landscape on Allocapnia mohri Distribution in Arkansas",2023,"","search.proquest.com","https://search.proquest.com/openview/fac0bbf322caaf1bf58e491e9f939c3b/1?pq-origsite=gscholar&cbl=18750&diss=y","",160,"2026-04-12 17:51:05","BOOK","","",,,,,,0,0.00,0,1,3,"… of an endemic stonefly species to close the gap in species-specific stonefly knowledge, and … of stoneflies. Several insect species, including the nymphs of some species of stonefly, are …","https://scholarworks.uark.edu/cgi/viewcontent.cgi?article=6423&context=etd","https://scholar.google.com/scholar?q=related:Z9ezp8bKhxoJ:scholar.google.com/&scioq=plecoptera%7Cstonefly%7Cstoneflies&hl=en&as_sdt=0,5&as_ylo=2023&as_yhi=2023"
7,"AA Novichkova, RR Borisov, LV Vorobjeva, DM Palatov…","The influence of salinity gradient and island isolation on fauna composition and structure of aquatic invertebrate communities of the Shantar Islands …",2023,"Diversity","mdpi.com","https://www.mdpi.com/1424-2818/15/12/1198","https://scholar.google.com/scholar?cites=3296138831991021954&as_sdt=2005&sciodt=0,5&hl=en",603,"2026-04-12 17:51:05","HTML","","",,,,,,7,2.33,1,5,3,"… basis of the fauna of stoneflies (Plecoptera), which included the … insects of Ephemeroptera and Plecoptera, which have … , mayflies, caddisflies, and stoneflies. The soft substrate …","https://www.mdpi.com/1424-2818/15/12/1198","https://scholar.google.com/scholar?q=related:giEy0808vi0J:scholar.google.com/&scioq=plecoptera%7Cstonefly%7Cstoneflies&hl=en&as_sdt=0,5&as_ylo=2023&as_yhi=2023"
3,"Q Huo, M Zhao, Y Du, D Muranyi, B Zhu, L Yu","The intraspecific morphological variability of Styloperla Wu, 1935 (Plecoptera: Styloperlidae)",2023,"Zootaxa","biotaxa.org","https://www.biotaxa.org/Zootaxa/article/view/zootaxa.5249.1.7","https://scholar.google.com/scholar?cites=12541002599949093572&as_sdt=2005&sciodt=0,5&hl=en",61,"2026-04-12 17:51:05","","","",,,,,,3,1.00,1,6,3,"Intraspecific morphological variability of four Styloperla Wu, 1935 species are described and discussed in this paper. The males of each species have variable specializations present at …","","https://scholar.google.com/scholar?q=related:xEo3aWuXCq4J:scholar.google.com/&scioq=plecoptera%7Cstonefly%7Cstoneflies&hl=en&as_sdt=0,5&as_ylo=2023&as_yhi=2023"
2,"ZT Chen","The little-known larval morphology of two stoneflies of Styloperlidae (Insecta: Plecoptera) in China.",2023,"Zootaxa","europepmc.org","https://europepmc.org/article/med/37044456","https://scholar.google.com/scholar?cites=6713175862957206170&as_sdt=2005&sciodt=0,5&hl=en",36,"2026-04-12 17:51:05","","","",,,,,,2,0.67,2,1,3,"… and classification of stonefly larvae are much more difficult than the adults, due to the lack of sufficient descriptions for most stonefly taxa. Styloperlidae is an endemic stonefly family in …","","https://scholar.google.com/scholar?q=related:mmpKIuH9KV0J:scholar.google.com/&scioq=plecoptera%7Cstonefly%7Cstoneflies&hl=en&as_sdt=0,5&as_ylo=2023&as_yhi=2023"
0,"SI Aliyev","THE MAIN FACTORS AFFECTING THE FORMATION OF MACROZOOBENTHOS IN THE RIVERS OF AZERBAIJAN-A REVIEW.",2023,"Advances in Biology &Earth Sciences","jomardpublishing.com","https://jomardpublishing.com/UploadFiles/Files/journals/ABES/v8n2/AliyevS.pdf","",329,"2026-04-12 17:51:05","PDF","","",,,,,,0,0.00,0,1,3,"… belonging to the orders of Ephemeroptera, Plecoptera and Trichoptera in the tributary zone. The … In the areas affected by the streams, the share of Plecoptera is more in the area near the …","https://jomardpublishing.com/UploadFiles/Files/journals/ABES/v8n2/AliyevS.pdf","https://scholar.google.com/scholar?q=related:3xAm0K_i2KMJ:scholar.google.com/&scioq=plecoptera%7Cstonefly%7Cstoneflies&hl=en&as_sdt=0,5&as_ylo=2023&as_yhi=2023"
15,"MS Linares, DR Macedo, RM Hughes, DMP Castro…","The past is never dead: legacy effects alter the structure of benthic macroinvertebrate assemblages",2023,"Limnetica","limnologia.net","https://limnologia.net/documentos/limnetica/limnetica-42-1-05.pdf","https://scholar.google.com/scholar?cites=5605759021806097336&as_sdt=2005&sciodt=0,5&hl=en",499,"2026-04-12 17:51:05","PDF","","",,,,,,15,5.00,3,5,3,"… Finally, we expected that highly sensitive taxa (Ephemeroptera, Plecoptera and Trichoptera families) would comprise the majority of the taxa with significant negative correlations with …","https://limnologia.net/documentos/limnetica/limnetica-42-1-05.pdf","https://scholar.google.com/scholar?q=related:uJMxNyGoy00J:scholar.google.com/&scioq=plecoptera%7Cstonefly%7Cstoneflies&hl=en&as_sdt=0,5&as_ylo=2023&as_yhi=2023"
0,"R McPadden","The Patrol",2023,"WLA; War, Literature and the Arts","search.proquest.com","https://search.proquest.com/openview/22afbcceba123e3e876a268d707852e2/1?pq-origsite=gscholar&cbl=1626338","",764,"2026-04-12 17:51:05","","","",,,,,,0,0.00,0,1,3,"… No bites on the sparkle minnow have my confidence down, so I switch to a stonefly and pheasant tail double-rig then cast sidearm into the wind, determined not to make excuses. Ten …","","https://scholar.google.com/scholar?q=related:Q_nKaAP--uIJ:scholar.google.com/&scioq=plecoptera%7Cstonefly%7Cstoneflies&hl=en&as_sdt=0,5&as_ylo=2023&as_yhi=2023"
22,"R Collins, A France, M Walker…","The potential for freshwater citizen science to engage and empower: a case study of the Rivers Trusts, United Kingdom",2023,"Frontiers in Environmental …","frontiersin.org","https://www.frontiersin.org/journals/environmental-science/articles/10.3389/fenvs.2023.1218055/full","https://scholar.google.com/scholar?cites=11919943761346781162&as_sdt=2005&sciodt=0,5&hl=en",740,"2026-04-12 17:51:05","HTML","10.3389/fenvs.2023.1218055","",,,,,,22,7.33,6,4,3,"… The focus of the monitoring is on “riverflies”–mayflies, stoneflies and caddisflies, identified through kick sampling of the riverbed, using a simple standardised technique (The Riverfly …","https://www.frontiersin.org/journals/environmental-science/articles/10.3389/fenvs.2023.1218055/full","https://scholar.google.com/scholar?q=related:6l-1RbIlbKUJ:scholar.google.com/&scioq=plecoptera%7Cstonefly%7Cstoneflies&hl=en&as_sdt=0,5&as_ylo=2023&as_yhi=2023"
2,"F Dapas, S Lombogia, S Dapas","The potential of functional feeding groups of aquatic insect larvae as determinants of the ecological integrity of Tondano lake's inlets, North Sulawesi, Indonesia",2023,"","pubs.aip.org","https://pubs.aip.org/aip/acp/article-abstract/2694/1/080004/2886813","https://scholar.google.com/scholar?cites=4512766047134658108&as_sdt=2005&sciodt=0,5&hl=en",515,"2026-04-12 17:51:05","","10.1063/5.0118528/17044939/080004_1_5.0118528","",,,,,,2,0.67,1,3,3,"… The approach used in this study is based on the species richness of the Ephemeroptera-Plecoptera-Trichoptera (EPT) class. This is different from the research conducted by [4] who …","https://pubs.aip.org/aip/acp/article-pdf/doi/10.1063/5.0118528/17044939/080004_1_5.0118528.pdf","https://scholar.google.com/scholar?q=related:PK7nac-QoD4J:scholar.google.com/&scioq=plecoptera%7Cstonefly%7Cstoneflies&hl=en&as_sdt=0,5&as_ylo=2023&as_yhi=2023"
5,"DS da Silva Araujo, LS Brasil, UM Pozzobom…","The presence of macrophytes changes the beta diversity of Ephemeroptera, Plecoptera, and Trichoptera (EPT) assemblages in Cerrado streams in Northeastern …",2023,"Limnology","Springer","https://link.springer.com/article/10.1007/s10201-023-00714-9","https://scholar.google.com/scholar?cites=11214355261583571829&as_sdt=2005&sciodt=0,5&hl=en",34,"2026-04-12 17:51:05","","10.1007/s10201-023-00714-9","",,,,,,5,1.67,1,4,3,"In-stream conditions can affect the distribution of the Ephemeroptera, Plecoptera, and Trichoptera orders (EPT) because they require specific food resources and good quality water. …","","https://scholar.google.com/scholar?q=related:dbu4t7FkoZsJ:scholar.google.com/&scioq=plecoptera%7Cstonefly%7Cstoneflies&hl=en&as_sdt=0,5&as_ylo=2023&as_yhi=2023"
306,"P Haase, DE Bowler, NJ Baker, N Bonada, S Domisch…","The recovery of European freshwater biodiversity has come to a halt",2023,"Nature","nature.com","https://www.nature.com/articles/s41586-023-06400-1","https://scholar.google.com/scholar?cites=4536117581927689261&as_sdt=2005&sciodt=0,5&hl=en",254,"2026-04-12 17:51:05","HTML","","",,,,,,306,102.00,51,6,3,"… Abundance trends for EPT taxa (mayflies, stoneflies and caddisflies—an indicator group of water quality 23 ) and insects increased (EPT, +2.38% per year, 0.97 probability; insects, +…","https://www.nature.com/articles/s41586-023-06400-1","https://scholar.google.com/scholar?q=related:LSw0SuiG8z4J:scholar.google.com/&scioq=plecoptera%7Cstonefly%7Cstoneflies&hl=en&as_sdt=0,5&as_ylo=2023&as_yhi=2023"
2,"R Tagun, B Wongtui, T Kunpradid","The response of aquatic insect assemblages to diverse land-use types and environmental factors in Mae Ram River basin, Thailand.",2023,"ScienceAsia","researchgate.net","https://www.researchgate.net/profile/Baicha-Wongtui/publication/368384846_The_response_of_aquatic_insect_assemblages_to_diverse_land-use_types_and_environmental_factors_in_Mae_Ram_River_basin_Thailand/links/63e635e1dea61217579bbe3a/The-response-of-aquatic-insect-assemblages-to-diverse-land-use-types-and-environmental-factors-in-Mae-Ram-River-basin-Thailand.pdf","https://scholar.google.com/scholar?cites=1142537393178156109&as_sdt=2005&sciodt=0,5&hl=en",774,"2026-04-12 17:51:05","PDF","","",,,,,,2,0.67,1,3,3,"We assessed the response of aquatic assemblages to 3 types of land uses (horticulture, forest, and rural/urban areas) and the relationship between physicochemical and environmental …","https://www.researchgate.net/profile/Baicha-Wongtui/publication/368384846_The_response_of_aquatic_insect_assemblages_to_diverse_land-use_types_and_environmental_factors_in_Mae_Ram_River_basin_Thailand/links/63e635e1dea61217579bbe3a/The-response-of-aquatic-insect-assemblages-to-diverse-land-use-types-and-environmental-factors-in-Mae-Ram-River-basin-Thailand.pdf","https://scholar.google.com/scholar?q=related:TRz8prQb2w8J:scholar.google.com/&scioq=plecoptera%7Cstonefly%7Cstoneflies&hl=en&as_sdt=0,5&as_ylo=2023&as_yhi=2023"
7,"F de Schaetzen, M Impiö, B Wagner…","The Riverine Organism Drift Imager: A new technology to study organism drift in rivers and streams",2023,"Methods in Ecology …","Wiley Online Library","https://besjournals.onlinelibrary.wiley.com/doi/abs/10.1111/2041-210X.14130","https://scholar.google.com/scholar?cites=6036331892251381530&as_sdt=2005&sciodt=0,5&hl=en",284,"2026-04-12 17:51:05","","10.1111/2041-210X.14130","",,,,,,7,2.33,2,4,3,"Drift or downstream dispersal is a fundamental process in the life cycle of many riverine organisms. In the face of rapidly declining freshwater biodiversity, there is a need to enhance our …","https://besjournals.onlinelibrary.wiley.com/doi/pdfdirect/10.1111/2041-210X.14130","https://scholar.google.com/scholar?q=related:Gk8ByN9bxVMJ:scholar.google.com/&scioq=plecoptera%7Cstonefly%7Cstoneflies&hl=en&as_sdt=0,5&as_ylo=2023&as_yhi=2023"
1,"M Getachew, ST Mereta, GS Gebrie, WL Mulat…","The role of environmental, land use, and spatial factors in macroinvertebrate community composition in three river basins in Ethiopia: a variation partitioning …",2023,"","academia.edu","https://www.academia.edu/download/117542223/latest.pdf","https://scholar.google.com/scholar?cites=4672977203990242447&as_sdt=2005&sciodt=0,5&hl=en",596,"2026-04-12 17:51:05","PDF","","",,,,,,1,0.33,0,5,3,"Community ecology, often called synecology, is the study of interactions between species in communities at different geographical and temporal scales, including distribution, structure, …","https://www.academia.edu/download/117542223/latest.pdf","https://scholar.google.com/scholar?q=related:jyRWLwLA2UAJ:scholar.google.com/&scioq=plecoptera%7Cstonefly%7Cstoneflies&hl=en&as_sdt=0,5&as_ylo=2023&as_yhi=2023"
89,"RC Verma, MA Waseem, N Sharma…","The role of insects in ecosystems, an in-depth review of entomological research",2023,"… of Environment and …","researchgate.net","https://www.researchgate.net/profile/Shivam-Pandey-73/publication/374314769_The_Role_of_Insects_in_Ecosystems_an_in-depth_Review_of_Entomological_Research/links/651b854c3ab6cb4ec6b72db3/The-Role-of-Insects-in-Ecosystems-an-in-depth-Review-of-Entomological-Research.pdf","https://scholar.google.com/scholar?cites=17503114417139939241&as_sdt=2005&sciodt=0,5&hl=en",486,"2026-04-12 17:51:05","PDF","","",,,,,,89,29.67,22,4,3,"Insects, integral to Earth's ecosystems, play multifaceted roles that underpin environmental balance and human survival. Spanning roles from pollination to decomposition, these …","https://www.researchgate.net/profile/Shivam-Pandey-73/publication/374314769_The_Role_of_Insects_in_Ecosystems_an_in-depth_Review_of_Entomological_Research/links/651b854c3ab6cb4ec6b72db3/The-Role-of-Insects-in-Ecosystems-an-in-depth-Review-of-Entomological-Research.pdf","https://scholar.google.com/scholar?q=related:qfeksNON5_IJ:scholar.google.com/&scioq=plecoptera%7Cstonefly%7Cstoneflies&hl=en&as_sdt=0,5&as_ylo=2023&as_yhi=2023"
3,"QB Huo, DU YZ","The second species of Neowuia Li &Murnyi, 2017 (Plecoptera: Perlodidae) from Fujian, China.",2023,"Zootaxa","europepmc.org","https://europepmc.org/article/med/38221394","https://scholar.google.com/scholar?cites=11585813545888927877&as_sdt=2005&sciodt=0,5&hl=en",62,"2026-04-12 17:51:05","","","",,,,,,3,1.00,2,2,3,"The second species of Neowuia Li &Murnyi, 2017, N. wuyishana sp. nov., is proposed with a description from Mount Wuyi, Fujian Province, southeastern China. Morphological features, …","","https://scholar.google.com/scholar?q=related:hVCeJAkUyaAJ:scholar.google.com/&scioq=plecoptera%7Cstonefly%7Cstoneflies&hl=en&as_sdt=0,5&as_ylo=2023&as_yhi=2023"
0,"G ISENI, A RUSHITI-DAUTI, X Abdija…","THE STUDY OF THE MACROFAUNA OF BENTHIC INVERTEBRATES OF THE SHARR MOUNTAIN LAKES IN THE REPUBLIC OF NORTH MACEDONIA",2023,"Journal of Natural …","eprints.unite.edu.mk","https://eprints.unite.edu.mk/1543/","",457,"2026-04-12 17:51:05","","","",,,,,,0,0.00,0,4,3,"… -ventrally compressed, for example, species from Plecoptera [19] and Ephemeroptera [20], … Key to the West Palaearctic genera of stoneflies (Plecoptera) in the larval stage. Limnologica…","https://eprints.unite.edu.mk/1543/1/JNSM%202023-489-502.pdf","https://scholar.google.com/scholar?q=related:04Ib2wXtsGIJ:scholar.google.com/&scioq=plecoptera%7Cstonefly%7Cstoneflies&hl=en&as_sdt=0,5&as_ylo=2023&as_yhi=2023"
1,"B Dewenter, A Shah, J Hughes, LR Poff…","The thermal breadth of temperate and tropic freshwater insects supports the Climate Variability Hypothesis",2023,"Authorea …","authorea.com","https://www.authorea.com/doi/full/10.22541/au.169219473.35826889","https://scholar.google.com/scholar?cites=3163631156186617416&as_sdt=2005&sciodt=0,5&hl=en",133,"2026-04-12 17:51:05","","10.22541/au.169219473.35826889","",,,,,,1,0.33,0,5,3,"… in the orders Ephemeroptera (mayflies), Plecoptera (stoneflies) and Trichoptera (caddisflies) … Tbr was generally wider in Plecoptera than in Ephemeroptera or Trichoptera. We found no …","","https://scholar.google.com/scholar?q=related:SJbcYMZ55ysJ:scholar.google.com/&scioq=plecoptera%7Cstonefly%7Cstoneflies&hl=en&as_sdt=0,5&as_ylo=2023&as_yhi=2023"
9,"SC Harris, TA Ríos González, Y Aguirre","The Trichoptera of Panama XX. Six new microcaddisflies (Trichoptera: Hydroptilidae) and two new country records",2023,"Aquatic Insects","Taylor &Francis","https://www.tandfonline.com/doi/abs/10.1080/01650424.2023.2205397","https://scholar.google.com/scholar?cites=17040322532871694856&as_sdt=2005&sciodt=0,5&hl=en",203,"2026-04-12 17:51:05","","10.1080/01650424.2023.2205397","",,,,,,9,3.00,3,3,3,"… Plecoptera (stoneflies) in western Panama. Toward that goal, it has secured registered projects for these two orders of aquatic insects.The Trichoptera project initially focused on two …","","https://scholar.google.com/scholar?q=related:COrmZQ9je-wJ:scholar.google.com/&scioq=plecoptera%7Cstonefly%7Cstoneflies&hl=en&as_sdt=0,5&as_ylo=2023&as_yhi=2023"
4,"SC Harris, BJ Armitage","The Trichoptera of Panama XXII. Sixteen new microcaddisfly species (Trichoptera, Hydroptilidae)",2023,"ZooKeys","pmc.ncbi.nlm.nih.gov","https://pmc.ncbi.nlm.nih.gov/articles/PMC10838555/","https://scholar.google.com/scholar?cites=5506937281304802057&as_sdt=2005&sciodt=0,5&hl=en",230,"2026-04-12 17:51:05","HTML","","",,,,,,4,1.33,2,2,3,"… and Plecoptera (stoneflies) in Panama. Toward that goal, it has secured registered projects for these two orders of aquatic insects. Most of the new species described in this paper were …","https://pmc.ncbi.nlm.nih.gov/articles/PMC10838555/","https://scholar.google.com/scholar?q=related:CTOHxEeSbEwJ:scholar.google.com/&scioq=plecoptera%7Cstonefly%7Cstoneflies&hl=en&as_sdt=0,5&as_ylo=2023&as_yhi=2023"
3,"BJ Armitage, SC Harris","The Trichoptera of Panama XXIII. Two new microcaddisfly species (Trichoptera: Hydroptilidae)",2023,"Annales Zoologici","BioOne","https://bioone.org/journals/annales-zoologici/volume-73/issue-2/00034541ANZ2023.73.2.003/The-Trichoptera-of-Panama-XXIII-Two-New-Microcaddisfly-Species-Trichoptera/10.3161/00034541ANZ2023.73.2.003.short","https://scholar.google.com/scholar?cites=8184729124657284004&as_sdt=2005&sciodt=0,5&hl=en",272,"2026-04-12 17:51:05","","10.3161/00034541ANZ2023.73.2.003.short","",,,,,,3,1.00,2,2,3,"… our knowledge of Trichoptera (caddisflies) and Plecoptera (stoneflies) in western Panama. Toward that goal, it has secured registered projects for these two orders of aquatic insects. …","","https://scholar.google.com/scholar?q=related:pMP9Ocb_lXEJ:scholar.google.com/&scioq=plecoptera%7Cstonefly%7Cstoneflies&hl=en&as_sdt=0,5&as_ylo=2023&as_yhi=2023"
3,"RJ Blahnik, YP Aguirre…","The Trichoptera of Panama. XXVI. Status of the genus Protoptila (Trichoptera, Glossosomatidae)",2023,"Neotropical Biology and …","neotropical.pensoft.net","https://neotropical.pensoft.net/article/111801/download/pdf/","https://scholar.google.com/scholar?cites=5949145437180695311&as_sdt=2005&sciodt=0,5&hl=en",473,"2026-04-12 17:51:05","PDF","","",,,,,,3,1.00,1,3,3,"… Toward that goal, it has secured registered projects for initial examination of the Trichoptera and Plecoptera in western Panama. Current AIRG and MUPADI personnel have also been …","https://neotropical.pensoft.net/article/111801/download/pdf/","https://scholar.google.com/scholar?q=related:D5NKVEGcj1IJ:scholar.google.com/&scioq=plecoptera%7Cstonefly%7Cstoneflies&hl=en&as_sdt=0,5&as_ylo=2023&as_yhi=2023"
0,"E Estévez, D Dietrich, S Sahler, F Vassanelli…","The upper Neretva River discontinuum: gradients of taxonomic and functional diversity of benthic invertebrates in a wild Balkan river",2023,"Natura …","journals.uni-lj.si","https://journals.uni-lj.si/NaturaSloveniae/article/view/17231","",291,"2026-04-12 17:51:05","","","",,,,,,0,0.00,0,5,3,"Free-flowing rivers are highly valuable to understand the taxonomic and functional community structure of organisms that inhabit fluvial ecosystems. We investigated patterns of …","https://journals.uni-lj.si/NaturaSloveniae/article/download/17231/15303","https://scholar.google.com/scholar?q=related:nuY4cXLfUQYJ:scholar.google.com/&scioq=plecoptera%7Cstonefly%7Cstoneflies&hl=en&as_sdt=0,5&as_ylo=2023&as_yhi=2023"
33,"MA Toups, B Vicoso","The X chromosome of insects likely predates the origin of class Insecta",2023,"Evolution","academic.oup.com","https://academic.oup.com/evolut/article-abstract/77/11/2504/7279200","https://scholar.google.com/scholar?cites=2577260166587691625&as_sdt=2005&sciodt=0,5&hl=en",212,"2026-04-12 17:51:05","","","",,,,,,33,11.00,17,2,3,"… Further, in the order Plecoptera, I. grammatica has two X chromosomes (X 1 and X 2 ), both … Values for Plecoptera are combined for X1 and X2, as both are homologous to the I. elegans …","https://academic.oup.com/evolut/article/77/11/2504/7279200","https://scholar.google.com/scholar?q=related:aTI5c3dExCMJ:scholar.google.com/&scioq=plecoptera%7Cstonefly%7Cstoneflies&hl=en&as_sdt=0,5&as_ylo=2023&as_yhi=2023"
4,"MA Toups, B Vicoso","The X chromosome of insects predates the origin of Class Insecta",2023,"BioRxiv","biorxiv.org","https://www.biorxiv.org/content/10.1101/2023.04.19.537501.abstract","https://scholar.google.com/scholar?cites=4848711950406418767&as_sdt=2005&sciodt=0,5&hl=en",331,"2026-04-12 17:51:05","","10.1101/2023.04.19.537501.abstract","",,,,,,4,1.33,2,2,3,"… Further, in the order Plecoptera, I. grammatica has two X chromosomes (X 1 and X 2 ), both … Values for Plecoptera are combined for X 1 and X 2 , as both are homologous to the I. …","https://www.biorxiv.org/content/10.1101/2023.04.19.537501.full.pdf","https://scholar.google.com/scholar?q=related:T4EqTtQVSkMJ:scholar.google.com/&scioq=plecoptera%7Cstonefly%7Cstoneflies&hl=en&as_sdt=0,5&as_ylo=2023&as_yhi=2023"
0,"WH Bath","The Young Collector's Handbook of Ants, Bees, Dragon-flies, Earwigs, Crickets, and Flies: Hymenoptera, Neuroptera, Orthoptera, Hemiptera, Diptera",2023,"","books.google.com","https://books.google.com/books?hl=en&lr=&id=QJbcEAAAQBAJ&oi=fnd&pg=PA6&dq=plecoptera%7Cstonefly%7Cstoneflies&ots=O_3M6Rv8Rc&sig=w_sAq7DGraY0QRqSB90u7i6YdQQ","",489,"2026-04-12 17:51:05","BOOK","","",,,,,,0,0.00,0,1,3,"… The Plecoptera contain only one family. Family 4, Perlidć.-The Perlidć, or Stone Flies, are chiefly inhabitants of the temperate regions; they are of small size, and not very numerous in …","","https://scholar.google.com/scholar?q=related:e-uKw5O7v_cJ:scholar.google.com/&scioq=plecoptera%7Cstonefly%7Cstoneflies&hl=en&as_sdt=0,5&as_ylo=2023&as_yhi=2023"
11,"J Prokop, K Rosová, A Leipner, P Sroka","Thoracic and abdominal outgrowths in early pterygotes: a clue to the common ancestor of winged insects?",2023,"Communications Biology","nature.com","https://www.nature.com/articles/s42003-023-05568-6","https://scholar.google.com/scholar?cites=2721813293161057140&as_sdt=2005&sciodt=0,5&hl=en",323,"2026-04-12 17:51:05","HTML","","",,,,,,11,3.67,3,4,3,"… stem group of Plecoptera or some enigmatic “Grylloblattida” (Lemmatophoridae), their higher phylogenetic relationships, especially in respect of the crown group of Plecoptera remain …","https://www.nature.com/articles/s42003-023-05568-6","https://scholar.google.com/scholar?q=related:dAvN88TSxSUJ:scholar.google.com/&scioq=plecoptera%7Cstonefly%7Cstoneflies&hl=en&as_sdt=0,5&as_ylo=2023&as_yhi=2023"
0,"A Jouladeh-Roudbar, S Vatandoust","Threatened fishes of the world: Alburnoides petrubanarescui Bogutskaya &Coad 2009 (Actinopterygii: Leuciscidae)",2023,"Caspian Journal of …","researchgate.net","https://www.researchgate.net/profile/Arash-Jouladeh-Roudbar/publication/368460464_Threatened_fishes_of_the_world_Alburnoides_petrubanarescui_Bogutskaya_Coad_2009_Actinopterygii_Leuciscidae/links/63e8f9edc002331f727458fd/Threatened-fishes-of-the-world-Alburnoides-petrubanarescui-Bogutskaya-Coad-2009-Actinopterygii-Leuciscidae.pdf","",612,"2026-04-12 17:51:05","PDF","","",,,,,,0,0.00,0,2,3,"Alburnoides petrubanarescui is endemic to the Urmia Lake basin, shared by Iran and Turkey. Previously, the species was found in several rivers in this basin, however, it is currently …","https://www.researchgate.net/profile/Arash-Jouladeh-Roudbar/publication/368460464_Threatened_fishes_of_the_world_Alburnoides_petrubanarescui_Bogutskaya_Coad_2009_Actinopterygii_Leuciscidae/links/63e8f9edc002331f727458fd/Threatened-fishes-of-the-world-Alburnoides-petrubanarescui-Bogutskaya-Coad-2009-Actinopterygii-Leuciscidae.pdf","https://scholar.google.com/scholar?q=related:B0tW60lm0owJ:scholar.google.com/&scioq=plecoptera%7Cstonefly%7Cstoneflies&hl=en&as_sdt=0,5&as_ylo=2023&as_yhi=2023"
3,"ZJ Wang, YZ Du, XY Ji","Three new species of Illiesonemoura Baumann, 1975 (Plecoptera, Nemouridae) from China",2023,"Biodiversity Data Journal","pmc.ncbi.nlm.nih.gov","https://pmc.ncbi.nlm.nih.gov/articles/PMC10838080/","https://scholar.google.com/scholar?cites=6784982543472060753&as_sdt=2005&sciodt=0,5&hl=en",26,"2026-04-12 17:51:05","HTML","","",,,,,,3,1.00,1,3,3,"… of the order Plecoptera. The lower sampling rate may lead to underestimation of species diversity in Illiesonemoura. In this paper, the specimens of stoneflies from Sichuan Province and …","https://pmc.ncbi.nlm.nih.gov/articles/PMC10838080/","https://scholar.google.com/scholar?q=related:UengxqwZKV4J:scholar.google.com/&scioq=plecoptera%7Cstonefly%7Cstoneflies&hl=en&as_sdt=0,5&as_ylo=2023&as_yhi=2023"
70,"S Chowdhury, MP Zalucki, JO Hanson, S Tiatragul…","Three-quarters of insect species are insufficiently represented by protected areas",2023,"One Earth","cell.com","https://www.cell.com/one-earth/fulltext/S2590-3322(22)00631-5","https://scholar.google.com/scholar?cites=8722277148099659013&as_sdt=2005&sciodt=0,5&hl=en",571,"2026-04-12 17:51:05","HTML","","",,,,,,70,23.33,14,5,3,"Insects dominate the biosphere, yet insect populations are plummeting worldwide. Massive conservation efforts will be needed to reverse these declines. Protected areas (PAs) could …","https://www.cell.com/one-earth/fulltext/S2590-3322(22)00631-5","https://scholar.google.com/scholar?q=related:BcX8hNrAC3kJ:scholar.google.com/&scioq=plecoptera%7Cstonefly%7Cstoneflies&hl=en&as_sdt=0,5&as_ylo=2023&as_yhi=2023"
0,"TX Lam, VTT Nga","THỬ NGHIỆM ÁP DỤNG MỘT SỐ CHỈ SỐ SINH HỌC ĐỂ ĐÁNH GIÁ SUY THOÁI HỆ SINH THÁI ĐẤT NGẬP NƯỚC TẠI VƯỜN QUỐC GIA XUÂN THỦY, TỈNH …",,"scholar.dlu.edu.vn","","https://scholar.dlu.edu.vn/thuvienso/bitstream/DLU123456789/174272/1/CVv359SCD42022106.pdf","",743,"2026-04-12 17:51:05","PDF","","",,,,,,0,0.00,0,2,,"Vườn Quốc gia (VQG) Xuân Thủy là một vùng đất ngập nước (ĐNN) tiêu biểu cho vùng cửa sông ven biển châu thổ sông Hồng, cung cấp nhiều giá trị đa dạng sinh học (ĐDSH) và hỗ …","https://scholar.dlu.edu.vn/thuvienso/bitstream/DLU123456789/174272/1/CVv359SCD42022106.pdf","https://scholar.google.com/scholar?q=related:L_ty1dE7tt0J:scholar.google.com/&scioq=plecoptera%7Cstonefly%7Cstoneflies&hl=en&as_sdt=0,5&as_ylo=2023&as_yhi=2023"
0,"R Prevec","Tiny fossils with a BIG STORY TO TELL",2023,"Quest","journals.co.za","https://journals.co.za/doi/pdf/10.10520/ejc-quest-v19-n1-a11","",914,"2026-04-12 17:51:05","PDF","10.10520/ejc-quest-v19-n1-a11","",,,,,,0,0.00,0,1,3,"… A new, early damselfly and hundreds of tiny nymphs belonging to the stoneflies (a group that still lives in streams today), are the oldest records from Gondwana. Early relatives of the …","https://journals.co.za/doi/pdf/10.10520/ejc-quest-v19-n1-a11","https://scholar.google.com/scholar?q=related:fsOrjeyh_XwJ:scholar.google.com/&scioq=plecoptera%7Cstonefly%7Cstoneflies&hl=en&as_sdt=0,5&as_ylo=2023&as_yhi=2023"
2,"VK Dubey, A Sharma, H Borah, JA Johnson…","Tracing climate change with riverine ecotones and macroinvertebrates: is there need for extended monitoring at low elevations in western Himalaya?",2023,"Aquatic Sciences","Springer","https://link.springer.com/article/10.1007/s00027-023-00963-x","https://scholar.google.com/scholar?cites=17489291828424443966&as_sdt=2005&sciodt=0,5&hl=en",543,"2026-04-12 17:51:05","","10.1007/s00027-023-00963-x","",,,,,,2,0.67,0,5,3,"River ecosystems in Himalaya are changing rapidly as glaciers continue to recede at a pace faster than rest of the globe. We delineate riverine ecotones along an elevational gradient …","","https://scholar.google.com/scholar?q=related:PohhdkFytvIJ:scholar.google.com/&scioq=plecoptera%7Cstonefly%7Cstoneflies&hl=en&as_sdt=0,5&as_ylo=2023&as_yhi=2023"
8,"V Slobodníková, L Hamerlík, M Wojewódka-Przybył…","Tracking fish introduction in a mountain lake over the last 200 years using chironomids, diatoms, and cladoceran remains",2023,"Water","mdpi.com","https://www.mdpi.com/2073-4441/15/7/1372","https://scholar.google.com/scholar?cites=10943706717000437730&as_sdt=2005&sciodt=0,5&hl=en",445,"2026-04-12 17:51:05","HTML","","",,,,,,8,2.67,2,4,3,"We analysed a 24 cm long sediment sequence (past ~200 years) from an alpine lake (Tatra Mts., Slovakia) for chironomids, cladocerans, and diatoms to reconstruct the effects of a …","https://www.mdpi.com/2073-4441/15/7/1372","https://scholar.google.com/scholar?q=related:4g_e4Ebb35cJ:scholar.google.com/&scioq=plecoptera%7Cstonefly%7Cstoneflies&hl=en&as_sdt=0,5&as_ylo=2023&as_yhi=2023"
10,"H Zhang, R Li, Y Wang, J Zhou, H Xu, M Gou, J Ye…","Transcriptomic Analysis of Takifugu obscurus Gills under Acute Hypoxic Stress",2023,"Animals","mdpi.com","https://www.mdpi.com/2076-2615/13/10/1572","https://scholar.google.com/scholar?cites=16471001946042170718&as_sdt=2005&sciodt=0,5&hl=en",768,"2026-04-12 17:51:05","HTML","","",,,,,,10,3.33,1,8,3,"… obscurus (superclass Osteichthyes, order Plecoptera, family Tetraodontiformes) is a marine and freshwater migratory fish that is primarily distributed in offshore Chinese oceans and in …","https://www.mdpi.com/2076-2615/13/10/1572","https://scholar.google.com/scholar?q=related:Xn2cuADBlOQJ:scholar.google.com/&scioq=plecoptera%7Cstonefly%7Cstoneflies&hl=en&as_sdt=0,5&as_ylo=2023&as_yhi=2023"
1,"SA Albanesi, L Cristóbal, C Molineri, PR Martín","Trichoptera (Insecta) de la colección del Instituto de Biodiversidad Neotropical (IBN-CONICET-UNT), Tucumán, Argentina",2023,"Acta zoológica lilloana","lillo.org.ar","http://www.lillo.org.ar/journals/index.php/acta-zoologica-lilloana/article/view/1738","https://scholar.google.com/scholar?cites=4475852865071728056&as_sdt=2005&sciodt=0,5&hl=en",696,"2026-04-12 17:51:05","","","",,,,,,1,0.33,0,4,3,"Las Colecciones Biológicas son sumamente importantes para comprender los cambios que ocurren en los sistemas naturales. El Instituto de Biodiversidad Neotropical (IBN) posee …","http://www.lillo.org.ar/journals/index.php/acta-zoologica-lilloana/article/download/1738/1817","https://scholar.google.com/scholar?q=related:uMWDeXdsHT4J:scholar.google.com/&scioq=plecoptera%7Cstonefly%7Cstoneflies&hl=en&as_sdt=0,5&as_ylo=2023&as_yhi=2023"
3,"RM Hughes, PS Pompeu, M Callisto, K Chen…","Tropical and subtropical streams: a synthesis",2023,"Water Biology and …","Elsevier","https://www.sciencedirect.com/science/article/pii/S2772735123000689","https://scholar.google.com/scholar?cites=13759664288144091058&as_sdt=2005&sciodt=0,5&hl=en",600,"2026-04-12 17:51:05","HTML","","",,,,,,3,1.00,1,5,3,"Tropical and sub-tropical streams harbor great biodiversity and are responsible for crucial ecosystem services. Intending to contribute to the understanding of how anthropogenic …","https://www.sciencedirect.com/science/article/pii/S2772735123000689","https://scholar.google.com/scholar?q=related:sud0q8Ql9L4J:scholar.google.com/&scioq=plecoptera%7Cstonefly%7Cstoneflies&hl=en&as_sdt=0,5&as_ylo=2023&as_yhi=2023"
4,"MY Li, D Yang, WH Li","Two new species of Amphinemura (Plecoptera: Nemouridae) from Yunnan Province, southwestern China",2023,"Zootaxa","researchgate.net","https://www.researchgate.net/profile/Weihai-Li-2/publication/368053224_Two_new_species_of_Amphinemura_Plecoptera_Nemouridae_from_Yunnan_Province_southwestern_China/links/63df4e90c465a873a28f8b91/Two-new-species-of-Amphinemura-Plecoptera-Nemouridae-from-Yunnan-Province-southwestern-China.pdf","https://scholar.google.com/scholar?cites=4234221169602691294&as_sdt=2005&sciodt=0,5&hl=en",30,"2026-04-12 17:51:05","PDF","","",,,,,,4,1.33,1,3,3,"Two new species of nemourid stonefly, Amphinemura kondratieffi sp. nov. and A. setosa sp. nov., are described from Yunnan Province of southwestern China. The relationships …","https://www.researchgate.net/profile/Weihai-Li-2/publication/368053224_Two_new_species_of_Amphinemura_Plecoptera_Nemouridae_from_Yunnan_Province_southwestern_China/links/63df4e90c465a873a28f8b91/Two-new-species-of-Amphinemura-Plecoptera-Nemouridae-from-Yunnan-Province-southwestern-China.pdf","https://scholar.google.com/scholar?q=related:3oCbSrj5wjoJ:scholar.google.com/&scioq=plecoptera%7Cstonefly%7Cstoneflies&hl=en&as_sdt=0,5&as_ylo=2023&as_yhi=2023"
0,"Y Zhang, B Wang, W Li","Two new species of the genus Sweltsa (Plecoptera: Chloroperlidae) from China.",2023,"Zootaxa","europepmc.org","https://europepmc.org/article/med/38220619","",78,"2026-04-12 17:51:05","","","",,,,,,0,0.00,0,3,3,"Two new species of the genus Sweltsa (Plecoptera: Chloroperlidae) from China. - Abstract - Europe PMC … Two new species of the genus Sweltsa (Plecoptera: Chloroperlidae) from …","","https://scholar.google.com/scholar?q=related:QkczcgrGUaYJ:scholar.google.com/&scioq=plecoptera%7Cstonefly%7Cstoneflies&hl=en&as_sdt=0,5&as_ylo=2023&as_yhi=2023"
1,"GK Dwyer, RJ Stoffels, E Silvester, GN Rees","Two wild carnivores selectively forage for prey but not amino acids",2023,"Scientific Reports","nature.com","https://www.nature.com/articles/s41598-023-28231-w","https://scholar.google.com/scholar?cites=4504958717759109308&as_sdt=2005&sciodt=0,5&hl=en",467,"2026-04-12 17:51:05","HTML","","",,,,,,1,0.33,0,4,3,"… For both species, gut contents contained more unidentified Plecoptera, Coleoptera terrestrial adults, Australphilus larvae (Coleoptera), Acruroperla (Plecoptera), Baetidae (…","https://www.nature.com/articles/s41598-023-28231-w","https://scholar.google.com/scholar?q=related:vLjU4xXUhD4J:scholar.google.com/&scioq=plecoptera%7Cstonefly%7Cstoneflies&hl=en&as_sdt=0,5&as_ylo=2023&as_yhi=2023"
5,"L Burlacu, G Deak, M Boboc, M Raischi, E Holban…","Understanding the Ecosystem Carrying Capacity for Romanichthys valsanicola, a Critically Endangered Freshwater Fish Endemic to Romania, with …",2023,"Diversity","mdpi.com","https://www.mdpi.com/1424-2818/15/6/748","https://scholar.google.com/scholar?cites=13241030331768341583&as_sdt=2005&sciodt=0,5&hl=en",363,"2026-04-12 17:51:05","HTML","","",,,,,,5,1.67,1,6,3,"… of the Blephariceridae in the Valsan River, the respective data could not be used in the present study, and only the values of the orders Ephemeroptera, Trichoptera and Plecoptera, as …","https://www.mdpi.com/1424-2818/15/6/748","https://scholar.google.com/scholar?q=related:T4Q5ye6WwbcJ:scholar.google.com/&scioq=plecoptera%7Cstonefly%7Cstoneflies&hl=en&as_sdt=0,5&as_ylo=2023&as_yhi=2023"
1,"C Barker","Understanding the Physiological Effects of Nitrate Pollution on Upland Bully (Gobiomorphus Breviceps) in Canterbury, New Zealand: A Thesis Submitted in …",2023,"","ir.canterbury.ac.nz","https://ir.canterbury.ac.nz/server/api/core/bitstreams/d6e8eba0-4db2-4584-81c1-cc16502c15aa/content","https://scholar.google.com/scholar?cites=17041926988799074142&as_sdt=2005&sciodt=0,5&hl=en",465,"2026-04-12 17:51:05","PDF","","",,,,,,1,0.33,1,1,3,"… of Ephemeroptera (mayflies), Plecoptera (stoneflies), and Trichoptera (caddisflies) (EPT) … while 'EPT' is the total abundance of Ephemeroptera (mayflies), Plecoptera (stoneflies), and …","https://ir.canterbury.ac.nz/server/api/core/bitstreams/d6e8eba0-4db2-4584-81c1-cc16502c15aa/content","https://scholar.google.com/scholar?q=related:Xt-C500WgewJ:scholar.google.com/&scioq=plecoptera%7Cstonefly%7Cstoneflies&hl=en&as_sdt=0,5&as_ylo=2023&as_yhi=2023"
0,"A Kuhn","Urbanisation alters fatty acids in stream food webs",2023,"Freshwater Biology","academia.edu","https://www.academia.edu/download/108464384/pmc6707523.pdf","",834,"2026-04-12 17:51:05","HTML","","",,,,,,0,0.00,0,1,3,"… stoneflies) at opposite ends of the ""slow-fast"" life-history continuum and with distinct feeding … , but effects were limited for longer-lived stoneflies. The lack of a system-wide effect on …","https://www.academia.edu/download/108464384/pmc6707523.pdf","https://scholar.google.com/scholar?q=related:_vZPK74T4DkJ:scholar.google.com/&scioq=plecoptera%7Cstonefly%7Cstoneflies&hl=en&as_sdt=0,5&as_ylo=2023&as_yhi=2023"
3,"LAODE SIWI, L INDRIYANI, S BANA…","Used macroinvertebrates as bioindicators to compare water quality from different land uses in Watumokala and Nokambu Rivers, Southeast Sulawesi, Indonesia.",2023,"Biodiversitas …","search.ebscohost.com","https://search.ebscohost.com/login.aspx?direct=true&profile=ehost&scope=site&authtype=crawler&jrnl=1412033X&AN=187457862&h=5vRxUgh%2BPuo%2BcKWqUMVRHiqszUlNf%2FHiokEK0hKJUQCXWFXVERq4%2FXogL5YcfdVOsDp1ULY1WIJgnPdzvR6tHg%3D%3D&crl=c","https://scholar.google.com/scholar?cites=1090272621964479804&as_sdt=2005&sciodt=0,5&hl=en",546,"2026-04-12 17:51:05","","","",,,,,,3,1.00,1,4,3,"… The Ephemeroptera order has one family, namely the Heptagennidae family; the Plecoptera order has one family, and the Tricoptera (EPT) has two families, namely the Philopotamidae …","","https://scholar.google.com/scholar?q=related:PM2GVCxtIQ8J:scholar.google.com/&scioq=plecoptera%7Cstonefly%7Cstoneflies&hl=en&as_sdt=0,5&as_ylo=2023&as_yhi=2023"
8,"E Hamzaraj, P Lazo, A Paparisto…","Using bacteria and benthic macroinvertebrates as water quality parameters in Mat River, Albania",2023,"… , Ecosystems and Society","iwaponline.com","https://iwaponline.com/aqua/article/72/10/1852/97499","https://scholar.google.com/scholar?cites=13634616549884590297&as_sdt=2005&sciodt=0,5&hl=en",476,"2026-04-12 17:51:05","HTML","","",,,,,,8,2.67,2,4,3,"This research examines the quality of Mat River water to control and reduce the level of environmental pollution in accordance with national rules and regulations. The focus of this study …","https://iwaponline.com/aqua/article/72/10/1852/97499","https://scholar.google.com/scholar?q=related:2XiISIPjN70J:scholar.google.com/&scioq=plecoptera%7Cstonefly%7Cstoneflies&hl=en&as_sdt=0,5&as_ylo=2023&as_yhi=2023"
0,"P Akello","Using benthic macroinvertebrates as bio indicators of conditions in the Osia stream in Tororo",2023,"","Busitema University","","",784,"2026-04-12 17:51:05","CITATION","","",,,,,,0,0.00,0,1,3,"","","https://scholar.google.com/scholar?q=related:fZ-zJaf0buIJ:scholar.google.com/&scioq=plecoptera%7Cstonefly%7Cstoneflies&hl=en&as_sdt=0,5&as_ylo=2023&as_yhi=2023"
0,"PN HOGAN, RE DEWALT","Using distribution models to identify range shifts of four Acroneuria Pictet, 1841 (Plecoptera: Perlidae) species in the Midwest USA",2023,"Zoosymposia","mapress.com","https://www.mapress.com/zs/article/view/50056","",92,"2026-04-12 17:51:05","","","",,,,,,0,0.00,0,2,3,"… Regional faunal assessments of stoneflies in the United States Midwest (herein defined as … Large-bodied perlid stoneflies with multivoltine life cycles are among the most at risk for …","","https://scholar.google.com/scholar?q=related:bYYynpG7bZEJ:scholar.google.com/&scioq=plecoptera%7Cstonefly%7Cstoneflies&hl=en&as_sdt=0,5&as_ylo=2023&as_yhi=2023"
16,"AM Adedapo, ED Kowobari, IR Fagbohun, TA Oladeji…","Using macroinvertebrate functional traits to reveal ecological conditions of two streams in Southwest Nigeria—a case study",2023,"Aquatic Ecology","Springer","https://link.springer.com/article/10.1007/s10452-023-10010-4","https://scholar.google.com/scholar?cites=17391276143822449934&as_sdt=2005&sciodt=0,5&hl=en",224,"2026-04-12 17:51:05","","10.1007/s10452-023-10010-4","",,,,,,16,5.33,3,5,3,"Understanding functional processes of aquatic bodies provides alternative means of assessing aquatic ecosystem health and identifying sites in urgent need of conservation or …","","https://scholar.google.com/scholar?q=related:Di1Dh4I5WvEJ:scholar.google.com/&scioq=plecoptera%7Cstonefly%7Cstoneflies&hl=en&as_sdt=0,5&as_ylo=2023&as_yhi=2023"
1,"İ Küçükbasmacı, AMO Etriieki","Using macroinvertebrate-based biotic indices and diversity indices to assess water quality: A case study on the Karasu Stream (Kastamonu, Türkiye)",2023,"","europepmc.org","https://europepmc.org/article/ppr/ppr745956","https://scholar.google.com/scholar?cites=3953555041310785537&as_sdt=2005&sciodt=0,5&hl=en",346,"2026-04-12 17:51:05","","","",,,,,,1,0.33,1,2,3,"Biomonitoring is an approach that uses indicators or sentinel species to assess the health or pollution of an environment, combining diversity based on specific taxonomic groups with …","","https://scholar.google.com/scholar?q=related:AcBI_VzZ3TYJ:scholar.google.com/&scioq=plecoptera%7Cstonefly%7Cstoneflies&hl=en&as_sdt=0,5&as_ylo=2023&as_yhi=2023"
0,"D los Rios-Escalante, R Patricio, R Wilson…","Uso de Modelo nulo para explicar las comunidades de macroinvertebrados bentónicos en el rio Salado, 23° S, Región de Antofagasta, Chile.",2023,"Idesia (Arica)","SciELO Chile","https://www.scielo.cl/scielo.php?pid=S0718-34292023000300115&script=sci_arttext","",783,"2026-04-12 17:51:05","HTML","","",,,,,,0,0.00,0,4,3,"… taxa reported in De los Ríos-Escalante et al., 2023 coincides with the present study with the presence of Diptera and Hyalella, nevertheless the presence Ephemeroptera, Plecoptera …","https://www.scielo.cl/scielo.php?pid=S0718-34292023000300115&script=sci_arttext","https://scholar.google.com/scholar?q=related:FCLqA8Ylm58J:scholar.google.com/&scioq=plecoptera%7Cstonefly%7Cstoneflies&hl=en&as_sdt=0,5&as_ylo=2023&as_yhi=2023"
11,"T Labed-Veydert, A Bec, F Perrière, C Desvilettes","Utilization of basal resources in a forested headwater stream: a combined stable isotope and fatty acid approach",2023,"Aquatic Sciences","Springer","https://link.springer.com/article/10.1007/s00027-022-00906-y","https://scholar.google.com/scholar?cites=3938271597924567394&as_sdt=2005&sciodt=0,5&hl=en",668,"2026-04-12 17:51:05","","10.1007/s00027-022-00906-y","",,,,,,11,3.67,3,4,3,"In mountainous areas, forest headwater streams are characterized by a predominantly heterotrophic functioning resulting from massive seasonal allochthonous litter input. However, …","","https://scholar.google.com/scholar?q=related:YslNByeNpzYJ:scholar.google.com/&scioq=plecoptera%7Cstonefly%7Cstoneflies&hl=en&as_sdt=0,5&as_ylo=2023&as_yhi=2023"
0,"JRM Freitas","Utilização de macroinvertebrados aquáticos como bioindicadores da qualidade de riachos intermitentes no semiárido brasileiro",2023,"","repositorio.ufersa.edu.br","https://repositorio.ufersa.edu.br/handle/prefix/9766","",796,"2026-04-12 17:51:05","","","",,,,,,0,0.00,0,1,3,"Riachos intermitentes são elementos predominantes no semiárido brasileiro. Esses corpos hídricos desempenham serviços ecológicos de grande importância para as comunidades …","","https://scholar.google.com/scholar?q=related:Ng5hUddebr4J:scholar.google.com/&scioq=plecoptera%7Cstonefly%7Cstoneflies&hl=en&as_sdt=0,5&as_ylo=2023&as_yhi=2023"
1,"PR Hutchins, JJ Giersch, AJ Sepulveda…","Validation of a species-specific probe-based qPCR assay for the threatened meltwater stonefly, Lednia tumana, in environmental samples",2023,"Conservation Genetics …","Springer","https://link.springer.com/article/10.1007/s12686-023-01307-5","https://scholar.google.com/scholar?cites=14318168885857905001&as_sdt=2005&sciodt=0,5&hl=en",49,"2026-04-12 17:51:05","","10.1007/s12686-023-01307-5","",,,,,,1,0.33,0,4,3,"A probe-based quantitative real-time PCR assay was developed to detect meltwater stonefly (Lednia tumana) environmental (e)DNA in water samples. The limits of detection and …","","https://scholar.google.com/scholar?q=related:aWmco71atMYJ:scholar.google.com/&scioq=plecoptera%7Cstonefly%7Cstoneflies&hl=en&as_sdt=0,5&as_ylo=2023&as_yhi=2023"
0,"EA SÁNCHEZ PÉREZ","VALORACIÓN ECOLÓGICA DE LA RED HÍDRICA A TRAVÉS DE MACROINVERTEBRADOS BENTÓNICOS EN LA ZONA SUR DE LA RESERVA DEL HOMBRE Y …",2023,"","amanglana.unag.edu.hn","http://amanglana.unag.edu.hn/jspui/handle/123456789/677","",757,"2026-04-12 17:51:05","","","",,,,,,0,0.00,0,1,3,"La presente investigación se basó en determinar la calidad ecológica de la red hídrica a través de macroinvertebrados bentónicos en la zona sur de la Reserva del Hombre y Biósfera …","http://amanglana.unag.edu.hn/jspui/bitstream/123456789/677/1/Informe_final_19A0142.pdf","https://scholar.google.com/scholar?q=related:l8sQMTrZaegJ:scholar.google.com/&scioq=plecoptera%7Cstonefly%7Cstoneflies&hl=en&as_sdt=0,5&as_ylo=2023&as_yhi=2023"
1,"CD Levings, DJH Nishimura, E Gregr…","Variation in Juvenile Chinook Salmon (Oncorhynchus Tshawytscha) Diets Across the Channel and Habitats of the Lower Fraser River, British Columbia …",2023,"","Fisheries and Oceans Canada …","","https://scholar.google.com/scholar?cites=5966067281357378296&as_sdt=2005&sciodt=0,5&hl=en",720,"2026-04-12 17:51:05","CITATION","","",,,,,,1,0.33,0,4,3,"","","https://scholar.google.com/scholar?q=related:-BJjM5W6y1IJ:scholar.google.com/&scioq=plecoptera%7Cstonefly%7Cstoneflies&hl=en&as_sdt=0,5&as_ylo=2023&as_yhi=2023"
0,"S Wiig, S Åsberg","Vattenföroreningars påverkan på biologisk mångfald och abundans hos akvatiska evertebrater",2023,"","stud.epsilon.slu.se","https://stud.epsilon.slu.se/19141/","",861,"2026-04-12 17:51:05","","","",,,,,,0,0.00,0,2,3,"Föroreningar i landskapets vatten kan spridas genom många olika faktorer, exempelvis via reningsverk, skogsbruk och jordbruk. De organismer som lever i vattenmiljöer kan vara …","https://stud.epsilon.slu.se/19141/1/Wiig-%C3%85sberg-20230629.pdf","https://scholar.google.com/scholar?q=related:Oy0YnenNKhEJ:scholar.google.com/&scioq=plecoptera%7Cstonefly%7Cstoneflies&hl=en&as_sdt=0,5&as_ylo=2023&as_yhi=2023"
0,"P WibergLarsen, K Rasmussen","Vejleområdet–et biodiversitet “hot spot” for vandløbsinsekter",2023,"Flora og Fauna","jydsknaturhistorisk.dk","http://jydsknaturhistorisk.dk/Artikler/Videnskabelige/128-36-43-Hot_Spot_Vejle.pdf","",190,"2026-04-12 17:51:05","PDF","","",,,,,,0,0.00,0,2,3,"… hot spot for aquatic insects like Ephemeroptera, Plecoptera and Trichoptera. Thus, the area … eg suggest reintroducing the iconic, huge stonefly Dinocras cephalotes (extinct in Denmark …","http://jydsknaturhistorisk.dk/Artikler/Videnskabelige/128-36-43-Hot_Spot_Vejle.pdf","https://scholar.google.com/scholar?q=related:ZFpK980RVFcJ:scholar.google.com/&scioq=plecoptera%7Cstonefly%7Cstoneflies&hl=en&as_sdt=0,5&as_ylo=2023&as_yhi=2023"
0,"J Howard","Vibrational Communication of Hebetica sylviae",2023,"","digitalcommons.murraystate.edu","https://digitalcommons.murraystate.edu/honorstheses/184/","",956,"2026-04-12 17:51:05","","","",,,,,,0,0.00,0,1,3,"There are many different modalities animals use to communicate. Substrate-borne vibrational communication is one that is in the infancy of research, but widely used by many members …","https://digitalcommons.murraystate.edu/cgi/viewcontent.cgi?article=1183&context=honorstheses","https://scholar.google.com/scholar?q=related:zMmGL5WiMrcJ:scholar.google.com/&scioq=plecoptera%7Cstonefly%7Cstoneflies&hl=en&as_sdt=0,5&as_ylo=2023&as_yhi=2023"
0,"W Graf, E Bauernfeind, M Ivković, LP Kolcsár","Vodne žuželke (Ephemeroptera, Plecoptera, Trichoptera in Diptera: Tipuloidea) iz zgornje Neretve v Bosni in Hercegovini",2023,"","agris.fao.org","https://agris.fao.org/search/en/providers/122615/records/6878f2595d9ad5f58d6093bd","",116,"2026-04-12 17:51:05","","","",,,,,,0,0.00,0,4,3,"English. Within the upper Neretva catchment in Bosnia several hydropower plants are projected. Between 28.6. and 1.7. 2022 a baseline survey was initiated to screen the area …","","https://scholar.google.com/scholar?q=related:n0M3Mp72uUYJ:scholar.google.com/&scioq=plecoptera%7Cstonefly%7Cstoneflies&hl=en&as_sdt=0,5&as_ylo=2023&as_yhi=2023"
0,"G Lukšić","Vretenca kao pokazatelji ekološkogstanjaslatkih voda",2023,"","repozitorij.pmf.unizg.hr","https://repozitorij.pmf.unizg.hr/object/pmf:11750","",844,"2026-04-12 17:51:05","","","",,,,,,0,0.00,0,1,3,"Vodeni ekosustavi se smatraju najugroženijim tipom ekosustava. To utječe na brojne organizmevezane uz njih, ali i na čovjeka koji ovisi o vodnim resursima. Kako bi se moglo …","https://repozitorij.pmf.unizg.hr/object/pmf:11750/FILE0/download","https://scholar.google.com/scholar?q=related:Cf7wUyrUFj0J:scholar.google.com/&scioq=plecoptera%7Cstonefly%7Cstoneflies&hl=en&as_sdt=0,5&as_ylo=2023&as_yhi=2023"
1,"SR Pohe, P Environmental","Waipoua macroinvertebrate reassessment report; 2023 vs 1994 historical data",2023,"… report prepared by Pohe Environmental for …","doc.govt.nz","https://www.doc.govt.nz/globalassets/documents/our-work/nga-awa-river-restoration/waipoua-macroinvertebrate-reassessment-report-2023.pdf","https://scholar.google.com/scholar?cites=3085459184098865257&as_sdt=2005&sciodt=0,5&hl=en",632,"2026-04-12 17:51:05","PDF","","",,,,,,1,0.33,1,2,3,"There is an increasing mandate for government agencies to improve the knowledge and management of native biodiversity within their administrated lands. In 2019 Department of …","https://www.doc.govt.nz/globalassets/documents/our-work/nga-awa-river-restoration/waipoua-macroinvertebrate-reassessment-report-2023.pdf","https://scholar.google.com/scholar?q=related:afAtzcfA0SoJ:scholar.google.com/&scioq=plecoptera%7Cstonefly%7Cstoneflies&hl=en&as_sdt=0,5&as_ylo=2023&as_yhi=2023"
16,"AA Shah, S Hotaling, AB Lapsansky…","Warming undermines emergence success in a threatened alpine stonefly: A multi‐trait perspective on vulnerability to climate change",2023,"Functional …","Wiley Online Library","https://besjournals.onlinelibrary.wiley.com/doi/abs/10.1111/1365-2435.14284","https://scholar.google.com/scholar?cites=3388580508014279725&as_sdt=2005&sciodt=0,5&hl=en",13,"2026-04-12 17:51:05","","10.1111/1365-2435.14284","",,,,,,16,5.33,4,4,3,"… La mosca de la roca del agua de deshielo (meltwater stonefly), Lednia tumana, es endémica … In addition to flying in air, adult stoneflies also skim across the water surface to move along …","https://besjournals.onlinelibrary.wiley.com/doi/pdfdirect/10.1111/1365-2435.14284","https://scholar.google.com/scholar?q=related:LfwAwQSoBi8J:scholar.google.com/&scioq=plecoptera%7Cstonefly%7Cstoneflies&hl=en&as_sdt=0,5&as_ylo=2023&as_yhi=2023"
3,"E Taghinezhad, A Kamali…","Water health quality assessment in the Little Zab River, Iran using physicochemical and macroinvertebrates indices",2023,"International …","International Journal of …","","https://scholar.google.com/scholar?cites=15070372886385818763&as_sdt=2005&sciodt=0,5&hl=en",851,"2026-04-12 17:51:05","CITATION","","",,,,,,3,1.00,1,3,3,"","","https://scholar.google.com/scholar?q=related:i3y0PUu4JNEJ:scholar.google.com/&scioq=plecoptera%7Cstonefly%7Cstoneflies&hl=en&as_sdt=0,5&as_ylo=2023&as_yhi=2023"
0,"CL MacCheyne","Water Quality Measurements to Predict Macroinvertebrate Diversity in Piedmont Aquatic Habitats",2023,"","search.proquest.com","https://search.proquest.com/openview/ad97c4c145deb4054feb499ef6d0aa85/1?pq-origsite=gscholar&cbl=18750&diss=y","",382,"2026-04-12 17:51:05","BOOK","","",,,,,,0,0.00,0,1,3,"… bit more sense as Plecoptera do not tend to habitat wetlands and prefer cooler temperatures… in figure 2 it appears it looks as though Plecoptera were frequent in warmer temperatures (…","","https://scholar.google.com/scholar?q=related:Q6lFRyLP86sJ:scholar.google.com/&scioq=plecoptera%7Cstonefly%7Cstoneflies&hl=en&as_sdt=0,5&as_ylo=2023&as_yhi=2023"
1,"S Simić, A Rakonjac, K Čabrić…","Water quality of the Lepenica River: Overview and status in 2021",2023,"… Journal of Science","rivec.institut-palanka.rs","https://rivec.institut-palanka.rs/handle/123456789/693","https://scholar.google.com/scholar?cites=15359311684560423272&as_sdt=2005&sciodt=0,5&hl=en",454,"2026-04-12 17:51:05","","","",,,,,,1,0.33,0,4,3,"… The disappearance of larvae of Ephemeroptera, Plecoptera, and Trichoptera was observed at other localities, due to which the water belongs to the V class (bad ecological potential) (…","https://rivec.institut-palanka.rs/bitstream/handle/123456789/693/AR4.pdf?sequence=1","https://scholar.google.com/scholar?q=related:aAm7mJk8J9UJ:scholar.google.com/&scioq=plecoptera%7Cstonefly%7Cstoneflies&hl=en&as_sdt=0,5&as_ylo=2023&as_yhi=2023"
0,"A Saxena, N Upadhyay, S Mokhale, S Shukla, SA Roy…","Water quality status of River Betwa using Benthic macro-invertibrates",,"envirobiotechjournals.com","","https://www.envirobiotechjournals.com/EEC/vol28issue422/EEC-37.pdf","",205,"2026-04-12 17:51:05","PDF","","",,,,,,0,0.00,0,6,,"Water quality of River Betwa has been assessed by indentify micro-invertibrates. About 45 families of macro zoobenthos of 10 groups (Ephemeroptera, Plecoptera, Odonata, Mollusca, …","https://www.envirobiotechjournals.com/EEC/vol28issue422/EEC-37.pdf","https://scholar.google.com/scholar?q=related:ee2pWImc6okJ:scholar.google.com/&scioq=plecoptera%7Cstonefly%7Cstoneflies&hl=en&as_sdt=0,5&as_ylo=2023&as_yhi=2023"
0,"AP Júnior, AJSB da Silva, LACL Gutierrez…","Water quality trough the use of bioindicators, climate change and environmental education in the paraense Amazon",2023,"","researchgate.net","https://www.researchgate.net/profile/Antonio-Junior-36/publication/368926361_Water_quality_trough_the_use_of_bioindicators_climate_change_and_environmental_education_in_the_paraense_Amazon/links/6400f64457495059455a856d/Water-quality-trough-the-use-of-bioindicators-climate-change-and-environmental-education-in-the-paraense-Amazon.pdf","",815,"2026-04-12 17:51:05","PDF","","",,,,,,0,0.00,0,4,3,"Water quality, currently determined through laboratory analysis, can also be determined by the presence or absence of bioindicators sensitive to climate change, and these relationships …","https://www.researchgate.net/profile/Antonio-Junior-36/publication/368926361_Water_quality_trough_the_use_of_bioindicators_climate_change_and_environmental_education_in_the_paraense_Amazon/links/6400f64457495059455a856d/Water-quality-trough-the-use-of-bioindicators-climate-change-and-environmental-education-in-the-paraense-Amazon.pdf","https://scholar.google.com/scholar?q=related:I5dKmXtm2LoJ:scholar.google.com/&scioq=plecoptera%7Cstonefly%7Cstoneflies&hl=en&as_sdt=0,5&as_ylo=2023&as_yhi=2023"
0,"JM Luzón-Ortega, PE Vannucchi, MJL Rodríguez…","What do molecular data and vibrational communication tell us about the taxonomy of the genus Tyrrhenoleuctra Consiglio, 1957 (Plecoptera: Leuctridae) in Spain?",2023,"Zootaxa","europepmc.org","https://europepmc.org/article/med/37518596","",106,"2026-04-12 17:51:05","","","",,,,,,0,0.00,0,4,3,"In this paper we present the results of a study of different populations of the genus Tyrrhenoleuctra, which includes morphologically cryptic species, in the Iberian Peninsula. A total of six …","","https://scholar.google.com/scholar?q=related:iD5tYq81O0wJ:scholar.google.com/&scioq=plecoptera%7Cstonefly%7Cstoneflies&hl=en&as_sdt=0,5&as_ylo=2023&as_yhi=2023"
0,"TDEF JM, JM LUZÓN-ORTEGA, PE VANNUCCHI…","What do molecular data and vibrational communication tell us on the taxonomy of the genus Tyrrhenoleuctra Consiglio, 1957 (Plecoptera, Leuctridae) in Spain?",2023,"","dspace.unitus.it","https://dspace.unitus.it/handle/2067/50084","",121,"2026-04-12 17:51:05","","","",,,,,,0,0.00,0,4,3,"In this paper we present the results of a study of different populations of the genus Tyrrhenoleuctra, which includes morphologically cryptic species, in the Iberian Peninsula. A total of six …","","https://scholar.google.com/scholar?q=related:AL4SMW_HpekJ:scholar.google.com/&scioq=plecoptera%7Cstonefly%7Cstoneflies&hl=en&as_sdt=0,5&as_ylo=2023&as_yhi=2023"
8,"M Liegeois, M Sartori…","What Ecological Factors Favor Parthenogenesis over Sexual Reproduction? A Study on the Facultatively Parthenogenetic Mayfly Alainites muticus in Natural …",2023,"The American …","journals.uchicago.edu","https://www.journals.uchicago.edu/doi/abs/10.1086/722515","https://scholar.google.com/scholar?cites=14884823154513709070&as_sdt=2005&sciodt=0,5&hl=en",685,"2026-04-12 17:51:05","","10.1086/722515","",,,,,,8,2.67,3,3,3,"… Nymphs of three insect orders (Ephemeroptera, Plecoptera, and Trichoptera) were further … taxa, (species level for Ephemeroptera, Plecoptera, and Trichoptera; family level for all other …","https://www.journals.uchicago.edu/doi/pdf/10.1086/722515","https://scholar.google.com/scholar?q=related:DohMvcuDkc4J:scholar.google.com/&scioq=plecoptera%7Cstonefly%7Cstoneflies&hl=en&as_sdt=0,5&as_ylo=2023&as_yhi=2023"
8,"ED Lukashevich","Where the immatures of Triassic Diptera developed",2023,"Diversity","mdpi.com","https://www.mdpi.com/1424-2818/15/4/582","https://scholar.google.com/scholar?cites=11562157800716302173&as_sdt=2005&sciodt=0,5&hl=en",444,"2026-04-12 17:51:05","HTML","","",,,,,,8,2.67,8,1,3,"… In lacustrine sediments of the Cow Branch Formation, no gill-bearing nymphs of the amphibiotic orders Odonata, Plecoptera, Trichoptera, and Ephemeroptera have been found (and no …","https://www.mdpi.com/1424-2818/15/4/582","https://scholar.google.com/scholar?q=related:Xfe0xEIJdaAJ:scholar.google.com/&scioq=plecoptera%7Cstonefly%7Cstoneflies&hl=en&as_sdt=0,5&as_ylo=2023&as_yhi=2023"
0,"C Macadam, PR Kennedy","Wing polymorphism in females of Zwicknia bifrons (Newman, 1838)(Plecoptera: Capniidae)",2023,"Entomologist's Monthly Magazine","ingentaconnect.com","https://www.ingentaconnect.com/content/pemberley/emm/2023/00000159/00000001/art00013","",80,"2026-04-12 17:51:05","","","",,,,,,0,0.00,0,2,3,"… INTRODUCTION Wing polymorphism is common in stoneflies, particularly in males. The degree of fore-shortening of the wings ranges from brachyptery, where the wings are only …","","https://scholar.google.com/scholar?q=related:92irnDoVKI8J:scholar.google.com/&scioq=plecoptera%7Cstonefly%7Cstoneflies&hl=en&as_sdt=0,5&as_ylo=2023&as_yhi=2023"
10,"J Rendoll-Cárcamo, M Gañán, RI Madriz…","Wing reduction and body size variation along a steep elevation gradient: a case study with Magellanic sub-Antarctic mayflies and stoneflies",2023,"Frontiers in ecology …","frontiersin.org","https://www.frontiersin.org/journals/ecology-and-evolution/articles/10.3389/fevo.2023.1188889/full","https://scholar.google.com/scholar?cites=16784722481451612417&as_sdt=2005&sciodt=0,5&hl=en",19,"2026-04-12 17:51:05","HTML","10.3389/fevo.2023.1188889","",,,,,,10,3.33,3,4,3,"Introduction Ecogeographical patterns in body size have been described across a wide range of vertebrate species. However, insects have shown inconsistent patterns in studies to date…","https://www.frontiersin.org/journals/ecology-and-evolution/articles/10.3389/fevo.2023.1188889/full","https://scholar.google.com/scholar?q=related:Ablv6CpQ7-gJ:scholar.google.com/&scioq=plecoptera%7Cstonefly%7Cstoneflies&hl=en&as_sdt=0,5&as_ylo=2023&as_yhi=2023"
4,"KR Glenn, CM Pennuto","Winter residency and foraging of non‐native round goby populations in Great Lakes tributary streams",2023,"Journal of Fish Biology","Wiley Online Library","https://onlinelibrary.wiley.com/doi/abs/10.1111/jfb.15540","https://scholar.google.com/scholar?cites=9233096972388401921&as_sdt=2005&sciodt=0,5&hl=en",686,"2026-04-12 17:51:05","","10.1111/jfb.15540","",,,,,,4,1.33,2,2,3,"… Fish also took advantage of abundant, winter-active macroinvertebrate food stocks like “winter stoneflies.” Additionally, winter diets of the orangebelly darter (Etheostoma radiosum …","","https://scholar.google.com/scholar?q=related:AQPy_8aMIoAJ:scholar.google.com/&scioq=plecoptera%7Cstonefly%7Cstoneflies&hl=en&as_sdt=0,5&as_ylo=2023&as_yhi=2023"
0,"B Nisbet","Without a wing or a prayer",2023,"Park Watch","search.informit.org","https://search.informit.org/doi/abs/10.3316/informit.018677516418158","",359,"2026-04-12 17:51:05","","10.3316/informit.018677516418158","",,,,,,0,0.00,0,1,3,"The extraordinary Mount Donna Buang Wingless Stonefly (MDBWS) was deeply threatened by the Warburton Mountain Biking Destination proposal. This unique and critically …","","https://scholar.google.com/scholar?q=related:Pws42l8Kt3AJ:scholar.google.com/&scioq=plecoptera%7Cstonefly%7Cstoneflies&hl=en&as_sdt=0,5&as_ylo=2023&as_yhi=2023"
0,"EM White","Witness This Thing So Tender",2023,"","scholarworks.umt.edu","https://scholarworks.umt.edu/etd/12225/","",966,"2026-04-12 17:51:05","","","",,,,,,0,0.00,0,1,3,"At once fantastical and down-to-earth, the poems of Witness This Thing So Tender are concerned with the convergence of the speaker’s many selves and influences. Gritty and …","https://scholarworks.umt.edu/cgi/viewcontent.cgi?article=13344&context=etd","https://scholar.google.com/scholar?q=related:TTE-coQ0Tw4J:scholar.google.com/&scioq=plecoptera%7Cstonefly%7Cstoneflies&hl=en&as_sdt=0,5&as_ylo=2023&as_yhi=2023"
1,"IA Baryshev","Zoobenthos in the Watercourses of the Kovda River Basin (Composition, Abundance, Diversity, and Saprobity)",2023,"Inland Water Biology","Springer","https://link.springer.com/article/10.1134/s1995082923030045","https://scholar.google.com/scholar?cites=5320430965112806130&as_sdt=2005&sciodt=0,5&hl=en",148,"2026-04-12 17:51:05","","10.1134/s1995082923030045","",,,,,,1,0.33,1,1,3,"The Kovda River (Republic of Karelia and Murmansk oblast, Russia) flows into the White Sea; however, it is poorly studied in hydrobiological sense. We have studied the composition …","","https://scholar.google.com/scholar?q=related:8pqJH8b31UkJ:scholar.google.com/&scioq=plecoptera%7Cstonefly%7Cstoneflies&hl=en&as_sdt=0,5&as_ylo=2023&as_yhi=2023"
0,"MA Studenovа, II Studenov…","Zoobenthos of the lower part of the Vychegda River and its tributaries",2023,"Izvestiâ Komi naučnogo …","journals.rcsi.science","https://journals.rcsi.science/1994-5655/article/view/255986","",400,"2026-04-12 17:51:05","","","",,,,,,0,0.00,0,3,3,"The study results of zoobenthos of the lower part of the Vychegda River and its tributaries are presented. Bentofauna includes 21 taxons of invertebrates ranging from 4 to 14 between …","","https://scholar.google.com/scholar?q=related:CLAenz20qW0J:scholar.google.com/&scioq=plecoptera%7Cstonefly%7Cstoneflies&hl=en&as_sdt=0,5&as_ylo=2023&as_yhi=2023"
0,"D Mercan","Zoobentik komünite yapısına bazı çevresel değişkenlerin etkilerinin araştırılması: Porsuk Çayı (Sakarya Nehri, Türkiye) örneği",2023,"Aquatic Research","dergipark.org.tr","https://dergipark.org.tr/en/download/article-file/2770280","",656,"2026-04-12 17:51:05","PDF","","",,,,,,0,0.00,0,1,3,"… EPT içinde Plecoptera taksonları su kalitesi değişimlerine karşı en hassas olan gruptur. EPT türlerinin varlığı, habitattaki parametrelerin türlerin tolerans sınırları içinde olduğunu gösterir…","https://dergipark.org.tr/en/download/article-file/2770280","https://scholar.google.com/scholar?q=related:LE2RcUgzqDEJ:scholar.google.com/&scioq=plecoptera%7Cstonefly%7Cstoneflies&hl=en&as_sdt=0,5&as_ylo=2023&as_yhi=2023"
0,"MA Studenovа, II Studenov…","Zoobentos pritokov verkhnego techeniya reki Severnaya Dvina",2023,"Izvestiâ Komi naučnogo …","journals.rcsi.science","https://journals.rcsi.science/1994-5655/article/view/255985","",319,"2026-04-12 17:51:05","","","",,,,,,0,0.00,0,3,3,"The investigation results of zoobenthos in nine tributaries of the Northern Dvina River upper part are discussed. Benthic fauna includes 20 invertebrate taxоns. The number of taxоns for …","","https://scholar.google.com/scholar?q=related:s2BvZX0xzfMJ:scholar.google.com/&scioq=plecoptera%7Cstonefly%7Cstoneflies&hl=en&as_sdt=0,5&as_ylo=2023&as_yhi=2023"
5,"M Hohmann, W Kleinsteuber","Zur rasanten Ausbreitung von Taeniopteryx schoenemundi (Mertens, 1923)(Insecta: Plecoptera) in Sachsen-Anhalt",2023,"… (Mertens, 1923)(Insecta: Plecoptera …","researchgate.net","https://www.researchgate.net/profile/Mathias-Hohmann-2/publication/377107951_Zur_rasanten_Ausbreitung_von_Taeniopteryx_schoenemundi_Mertens_1923_Insecta_Plecoptera_in_Sachsen-Anhalt_Rapid_spread_of_Taeniopteryx_schoenemundi_Mertens_1923_Insecta_Plecoptera_in_Saxony-Anhalt_Germ/links/65956ac26f6e450f19c886ca/Zur-rasanten-Ausbreitung-von-Taeniopteryx-schoenemundi-Mertens-1923-Insecta-Plecoptera-in-Sachsen-Anhalt-Rapid-spread-of-Taeniopteryx-schoenemundi-Mertens-1923-Insecta-Plecoptera-in-Saxony-Anhalt-Ge.pdf","https://scholar.google.com/scholar?cites=10308488005521591484&as_sdt=2005&sciodt=0,5&hl=en",104,"2026-04-12 17:51:05","PDF","","",,,,,,5,1.67,3,2,3,"… All detections of the stonefly Taeniopteryx schoenemundi in Saxony-Anhalt until the end of March 2023 are listed, and the previous findings of all detected species of the genus are …","https://www.researchgate.net/profile/Mathias-Hohmann-2/publication/377107951_Zur_rasanten_Ausbreitung_von_Taeniopteryx_schoenemundi_Mertens_1923_Insecta_Plecoptera_in_Sachsen-Anhalt_Rapid_spread_of_Taeniopteryx_schoenemundi_Mertens_1923_Insecta_Plecoptera_in_Saxony-Anhalt_Germ/links/65956ac26f6e450f19c886ca/Zur-rasanten-Ausbreitung-von-Taeniopteryx-schoenemundi-Mertens-1923-Insecta-Plecoptera-in-Sachsen-Anhalt-Rapid-spread-of-Taeniopteryx-schoenemundi-Mertens-1923-Insecta-Plecoptera-in-Saxony-Anhalt-Ge.pdf","https://scholar.google.com/scholar?q=related:vEx9bDkbD48J:scholar.google.com/&scioq=plecoptera%7Cstonefly%7Cstoneflies&hl=en&as_sdt=0,5&as_ylo=2023&as_yhi=2023"
0,"FC Avilez Ávila","Índice de integridad biótica con macroinvertebrados acuáticos en ríos del Alto Balsas (IIBAB).",2023,"","repositorio.imta.mx","http://repositorio.imta.mx/handle/20.500.12013/2316","",856,"2026-04-12 17:51:05","","","",,,,,,0,0.00,0,1,3,"En el presente trabajo se desarrolló un Índice de Integridad Biótica en ríos del Alto Balsas (IIBAB), que se fundamenta en muestreos multianuales y temporales (de 2014 a 2019) en las …","https://www.academia.edu/download/104941162/Presentacion_Indice_de_Integridad_Biotica_en_rios_del_Alto_Balsas_IIBAB_.pdf","https://scholar.google.com/scholar?q=related:8F7DYVspKNoJ:scholar.google.com/&scioq=plecoptera%7Cstonefly%7Cstoneflies&hl=en&as_sdt=0,5&as_ylo=2023&as_yhi=2023"
0,"HD Trung, DT Nguyen","ĐA DẠNG SINH HỌC CÁ Ở HỒ AYUN HẠ, TỈNH GIA LAI VÀ CƠ SỞ CHO BẢO TỒN, SỬ DỤNG BỀN VỮNG DỰA TRÊN TIẾP CẬN DỊCH VỤ HỆ SINH THÁI",2023,"Hue University Journal of Science …","jos.hueuni.edu.vn","https://jos.hueuni.edu.vn/index.php/hujos-ns/article/view/6966","",558,"2026-04-12 17:51:05","","","",,,,,,0,0.00,0,2,3,"… đá, đại diện cho nhóm này là các loài thuộc bộ Cánh úp (Plecoptera). Hầu hết các loài trong họ Cánh úp lớn (Perlidae: Plecoptera) phân bố ở các thủy vực nước chảy có nền đáy đá có …","https://jos.hueuni.edu.vn/index.php/hujos-ns/article/download/6966/1655","https://scholar.google.com/scholar?q=related:7vqH9aabv1UJ:scholar.google.com/&scioq=plecoptera%7Cstonefly%7Cstoneflies&hl=en&as_sdt=0,5&as_ylo=2023&as_yhi=2023"
0,"ВВ Зaика","АМФИБИОТИЧЕСКИЕ НАСЕКОМЫЕ РЕКИ ДЕРЗИГ—БАССЕЙН МАЛОГО ЕНИСЕЯ (КАА-ХЕМ) ЦЕНТРАЛЬНАЯ ТУВА",2023,"Печатается по решению Научно-технического …","","","",616,"2026-04-12 17:51:05","CITATION","","",,,,,,0,0.00,0,1,3,"","","https://scholar.google.com/scholar?q=related:tHMAgcz0GJ0J:scholar.google.com/&scioq=plecoptera%7Cstonefly%7Cstoneflies&hl=en&as_sdt=0,5&as_ylo=2023&as_yhi=2023"
0,"АЕ Слепцов, НА Никулина","АНАЛИЗ СОСТОЯНИЯ ДОННЫХ ОТЛОЖЕНИЙ РЕКИ ОЛХА НА ТЕРРИТОРИИ САДОВОДСТВА “ГОЛУБЫЕ ЕЛИ”(ИРКУТСКАЯ ОБЛАСТЬ, ШЕЛЕХОВСКИЙ …",2023,"ББК 40 Н 347","elibrary.ru","https://elibrary.ru/download/elibrary_54063854_14298074.pdf#page=166","",225,"2026-04-12 17:51:05","","","",,,,,,0,0.00,0,2,3,"Представлены собственные оригинальные материалы по исследованиям донных отложений в одном из районов Иркутской области (Шелеховский, нижнее течение реки …","","https://scholar.google.com/scholar?q=related:NwfPbPV6WwIJ:scholar.google.com/&scioq=plecoptera%7Cstonefly%7Cstoneflies&hl=en&as_sdt=0,5&as_ylo=2023&as_yhi=2023"
0,"ВГБИ ОКРЕСТНОСТЯХ","БЕСПОЗВОНОЧНЫЕ ГИДРОБИОНТЫ В ГОРОДСКОМ БОРУ И ОКРЕСТНОСТЯХ",,"elibrary.ru","","https://elibrary.ru/item.asp?id=50422608","",729,"2026-04-12 17:51:05","","","",,,,,,0,0.00,0,1,,"Как уже было показано, для городского бора не характерны водные объекты. Однако в непосредственной близости от границ памятника природы находится значимый …","","https://scholar.google.com/scholar?q=related:f729gztnY1oJ:scholar.google.com/&scioq=plecoptera%7Cstonefly%7Cstoneflies&hl=en&as_sdt=0,5&as_ylo=2023&as_yhi=2023"
0,"Н САВЧИН, ВГ Рошко","Біоіндикативне значення комах ряду Plecoptera для оцінки стану водних екосистем",2023,"","dspace.uzhnu.edu.ua","https://dspace.uzhnu.edu.ua/items/3537c7c5-6dbb-4f15-b2f6-d7780a569267","",227,"2026-04-12 17:51:05","CITATION","","",,,,,,0,0.00,0,2,3,"6. Матеріали Міжнародної науково-практичної конференції «Навколишнє середовище для майбутнього через наукову освіту» Proceedings of the International scientific practical …","","https://scholar.google.com/scholar?q=related:0p43RuqKQUYJ:scholar.google.com/&scioq=plecoptera%7Cstonefly%7Cstoneflies&hl=en&as_sdt=0,5&as_ylo=2023&as_yhi=2023"
0,"СВ Пасічник, MМ Білик, OО Шульга","Біоіндикаційний аналіз екологічного стану ставка Зазим'є на території Ічнянського національного парку",2023,"Наукові записки. Біологічні …","lkp.ndu.edu.ua","https://lkp.ndu.edu.ua/index.php/bn/article/view/1074","",971,"2026-04-12 17:51:05","","","",,,,,,0,0.00,0,3,3,"… It was found that the macrozoobenthos of the Zazimye pond lacks larvae of representatives of the Plecoptera and Ephemeroptera orders. Representatives of only one species – …","https://lkp.ndu.edu.ua/index.php/bn/article/download/1074/1040","https://scholar.google.com/scholar?q=related:opSM1W_U0LQJ:scholar.google.com/&scioq=plecoptera%7Cstonefly%7Cstoneflies&hl=en&as_sdt=0,5&as_ylo=2023&as_yhi=2023"
1,"ЙВ Гриб, АМ Петрук, ІМ Борщевська…","Біоіндикація стану водного середовища у комплексному оцінюванні токсичності слабопроточних водойм",2023,"… University of Water …","visnyk.nuwm.edu.ua","https://visnyk.nuwm.edu.ua/index.php/agri/article/view/1290","https://scholar.google.com/scholar?cites=16728936930697109282&as_sdt=2005&sciodt=0,5&hl=en",949,"2026-04-12 17:51:05","","","",,,,,,1,0.33,0,4,3,"Експериментальний метод біоіндикації стану водного середовища включає: а) оцінку токсичності за тест-об’єктом ряскою малою; б) реакцією іхтіофауни (рибна проба) за …","https://visnyk.nuwm.edu.ua/index.php/agri/article/view/1290/1309","https://scholar.google.com/scholar?q=related:Il8dOIEfKegJ:scholar.google.com/&scioq=plecoptera%7Cstonefly%7Cstoneflies&hl=en&as_sdt=0,5&as_ylo=2023&as_yhi=2023"
0,"СК ЧЕРЧЕСОВА, АК БЕКОЕВ, ВИ МАМАЕВ…","ВЕСНЯНКИ (PLECOPTERA) ВОДОТОКОВ ЦЕЙСКОГО УЩЕЛЬЯ",2023,"… энтомологии России и …","elibrary.ru","https://elibrary.ru/item.asp?id=54753837","",231,"2026-04-12 17:51:05","CITATION","","",,,,,,0,0.00,0,4,3,"В статье приведен видовой состав представителей отряда веснянок (Plecoptera) водотоков Цейского ущелья. В ходе исследований выявлено 35 видов, 13 родов и 7 …","","https://scholar.google.com/scholar?q=related:ed2AJThZDEcJ:scholar.google.com/&scioq=plecoptera%7Cstonefly%7Cstoneflies&hl=en&as_sdt=0,5&as_ylo=2023&as_yhi=2023"
0,"ОА Данекина","Влияние вылета хирономид (Diptera? Chironomidae) на разнообразие и структуру сообществ хортобионтных насекомых на берегах солёных степных …",2023,"","elib.sfu-kras.ru","https://elib.sfu-kras.ru/bitstream/handle/2311/151925/danekina_o_a_vkr-1-26.pdf?sequence=1","",401,"2026-04-12 17:51:05","PDF","","",,,,,,0,0.00,0,1,3,"Насекомые способны переносить энергию и органические вещества из наиболее благоприятных участков, где развиваются личинки, в другие местообитания, где обитают …","https://elib.sfu-kras.ru/bitstream/handle/2311/151925/danekina_o_a_vkr-1-26.pdf?sequence=1","https://scholar.google.com/scholar?q=related:XkU5wEFjlVUJ:scholar.google.com/&scioq=plecoptera%7Cstonefly%7Cstoneflies&hl=en&as_sdt=0,5&as_ylo=2023&as_yhi=2023"
0,"ЧН Кужугет","ВОДНЫЕ БЕСПОЗВОНОЧНЫЕ КАК ИНДИКАТОРЫ ЧИСТОТЫ ВОДОЁМОВ БАССЕЙНА РЕКИ АК-ХЕМ НА КЫЗЫЛ-ТАШТЫГСКОМ МЕСТОРОЖДЕНИИ …",2023,"Природные ресурсы, среда и общество","cyberleninka.ru","https://cyberleninka.ru/article/n/vodnye-bespozvonochnye-kak-indikatory-chistoty-vodoyomov-basseyna-reki-ak-hem-na-kyzyl-tashtygskom-mestorozhdenii","",516,"2026-04-12 17:51:05","HTML","","",,,,,,0,0.00,0,1,3,"В результате мониторинговых работ по бассейну р. Ак-Хем было собрано 2973 экз. водных беспозвоночных из 24 семейств, относящихся к 7-ми отрядам, из них 15 семейств …","https://cyberleninka.ru/article/n/vodnye-bespozvonochnye-kak-indikatory-chistoty-vodoyomov-basseyna-reki-ak-hem-na-kyzyl-tashtygskom-mestorozhdenii","https://scholar.google.com/scholar?q=related:1xce-7dCIgMJ:scholar.google.com/&scioq=plecoptera%7Cstonefly%7Cstoneflies&hl=en&as_sdt=0,5&as_ylo=2023&as_yhi=2023"
3,"АЕ Силина, НН Сущик, МИ Гладышев, ЕМ Курина…","Вылет амфибиотических насекомых из старого бобрового пруда в долине Верхнего Хопра в лесостепной зоне",2023,"Сиб. экол. журн","sibran.ru","https://www.sibran.ru/upload/iblock/4c6/4c6d7662901ad111d293b4cf4d273f27.pdf","https://scholar.google.com/scholar?cites=5232256341983401428&as_sdt=2005&sciodt=0,5&hl=en",826,"2026-04-12 17:51:05","PDF","","",,,,,,3,1.00,1,5,3,"… Для веснянок (Plecoptera) как реофильной и преимущественно криофильной группы данный водоем не является экологически подходящим для развития личинок. …","https://www.sibran.ru/upload/iblock/4c6/4c6d7662901ad111d293b4cf4d273f27.pdf","https://scholar.google.com/scholar?q=related:1JW03Wu1nEgJ:scholar.google.com/&scioq=plecoptera%7Cstonefly%7Cstoneflies&hl=en&as_sdt=0,5&as_ylo=2023&as_yhi=2023"
3,"ОС Денисенко, КВ Добрица…","Гидробиологический мониторинг горных рек (река Джубга, река Мзымта, река Шепси, река Туапсе, река Шапсухо) черноморского побережья …",2023,"Научное обозрение …","s.science-biology.ru","https://s.science-biology.ru/pdf/2023/2023_2.pdf#page=17","https://scholar.google.com/scholar?cites=4211679279617763458&as_sdt=2005&sciodt=0,5&hl=en",926,"2026-04-12 17:51:05","PDF","","",,,,,,3,1.00,1,3,3,"В статье были проанализированы, структурированы и представлены результаты собственных гидробиологических исследований, а также научных данных по ихтиофауне …","https://s.science-biology.ru/pdf/2023/2023_2.pdf#page=17","https://scholar.google.com/scholar?q=related:gmh9if3jcjoJ:scholar.google.com/&scioq=plecoptera%7Cstonefly%7Cstoneflies&hl=en&as_sdt=0,5&as_ylo=2023&as_yhi=2023"
0,"ТГ Шихова, АЕ Скопин, АВ Калашников","ГИДРОБИОЛОГИЧЕСКОЕ СОСТОЯНИЕ ВОДОТОКОВ БАССЕЙНА СРЕДНЕГО ТЕЧЕНИЯ КОЛВЫ В ЛЕТНИЙ СЕЗОН 2022 ГОДА",,"elibrary.ru","","https://elibrary.ru/item.asp?id=54672770","",307,"2026-04-12 17:51:05","","","",,,,,,0,0.00,0,3,,"Для оценки состояния акваторий бассейна средней Колвы было обследовано семь водотоков: реки Колва, Сандивей, Колвавис, Харьяха, ручьи Безымянный, Сеношор и …","","https://scholar.google.com/scholar?q=related:S685dS2wns8J:scholar.google.com/&scioq=plecoptera%7Cstonefly%7Cstoneflies&hl=en&as_sdt=0,5&as_ylo=2023&as_yhi=2023"
2,"СЛ Марченко","Горбуша Oncorhynchus gorbuscha (Salmoniformes, Salmonidae) материкового побережья Охотского моря. Сообщение 2. Молодь",2023,"Известия ТИНРО (Тихоокеанского научно …","cyberleninka.ru","https://cyberleninka.ru/article/n/gorbusha-oncorhynchus-gorbuscha-salmoniformes-salmonidae-materikovogo-poberezhya-ohotskogo-morya-soobschenie-2-molod","https://scholar.google.com/scholar?cites=6714423270196506879&as_sdt=2005&sciodt=0,5&hl=en",935,"2026-04-12 17:51:05","HTML","","",,,,,,2,0.67,2,1,3,"Обобщены материалы по молоди горбуши материкового побережья Охотского моря за 1960-2010-е гг. Представлены сведения о сроках и динамике ее покатной миграции, по …","https://cyberleninka.ru/article/n/gorbusha-oncorhynchus-gorbuscha-salmoniformes-salmonidae-materikovogo-poberezhya-ohotskogo-morya-soobschenie-2-molod","https://scholar.google.com/scholar?q=related:__Ctw2NsLl0J:scholar.google.com/&scioq=plecoptera%7Cstonefly%7Cstoneflies&hl=en&as_sdt=0,5&as_ylo=2023&as_yhi=2023"
0,"РРК Раимжонова, НА Никулина","ГРУППЫ ГИДРОБИОНТОВ ЗАРЕГИСТРИРОВАННЫЕ В СРЕДНЕМ И НИЖНЕМ ТЕЧЕНИИ Р. НИЖНИЙ КОЧЕРГАТ",2023,"Редакционная коллегия","195.206.39.221","http://195.206.39.221/fulltext/i_033507.pdf#page=98","",963,"2026-04-12 17:51:05","PDF","","",,,,,,0,0.00,0,2,3,"… 1884, личинки из отрядов Diptera (род Culex ), Plecoptera, однако их доля в сборах была незначительной и колебалась от 1% до 14%. На основании проведенных …","http://195.206.39.221/fulltext/i_033507.pdf#page=98","https://scholar.google.com/scholar?q=related:XPAidAiDftgJ:scholar.google.com/&scioq=plecoptera%7Cstonefly%7Cstoneflies&hl=en&as_sdt=0,5&as_ylo=2023&as_yhi=2023"
0,"ВС Лабай, ЕВ Абрамова, АА Живоглядов…","ДРИФТ ВОДНЫХ ОРГАНИЗМОВ В РЕКАХ СЕВЕРО-ВОСТОЧНОГО САХАЛИНА",2023,"Труды","sakhniro.vniro.ru","http://sakhniro.vniro.ru/userfiles/18_zhivoglyadova_i_dr._stranicy_259_280.pdf","",817,"2026-04-12 17:51:05","PDF","","",,,,,,0,0.00,0,4,3,"Живоглядова ЛА, Лабай ВС, Абрамова ЕВ и др. Дрифт водных организмов в реках северо-восточного Сахалина//Биология, состояние запасов и условия обитания …","http://sakhniro.vniro.ru/userfiles/18_zhivoglyadova_i_dr._stranicy_259_280.pdf","https://scholar.google.com/scholar?q=related:h0ePwiVT48IJ:scholar.google.com/&scioq=plecoptera%7Cstonefly%7Cstoneflies&hl=en&as_sdt=0,5&as_ylo=2023&as_yhi=2023"
0,"В Марковић, Б Тубић, М Илић, М Раковић…","ЕCOLOGICAL STATUS ASSESSMENT OF THE GRADAC RIVER (WESTERN SERBIA) BASED ON AQUATIC MACROINVERTEBRATES",,"academia.edu","","https://www.academia.edu/download/108813984/2509.pdf","",249,"2026-04-12 17:51:05","PDF","","",,,,,,0,0.00,0,5,,"The Gradac River is the first larger tributary of the Kolubara River. Situated in hilly and mountainous region, south from the city of Valjevo, with no larger pollution sources and with gorge …","https://www.academia.edu/download/108813984/2509.pdf","https://scholar.google.com/scholar?q=related:0Xz0iNHzny4J:scholar.google.com/&scioq=plecoptera%7Cstonefly%7Cstoneflies&hl=en&as_sdt=0,5&as_ylo=2023&as_yhi=2023"
0,"МА Студёнова, ИИ Студёнов…","Зообентос нижнего течения реки Вычегды и ее притоков",2023,"Известия Коми научного …","cyberleninka.ru","https://cyberleninka.ru/article/n/zoobentos-nizhnego-techeniya-reki-vychegdy-i-ee-pritokov","",816,"2026-04-12 17:51:05","HTML","","",,,,,,0,0.00,0,3,3,"Публикуются результаты исследований зообентоса нижнего течения р. Вычегды и ее притоков. Установлено, что бентофауна представлена 21 таксоном беспозвоночных, …","https://cyberleninka.ru/article/n/zoobentos-nizhnego-techeniya-reki-vychegdy-i-ee-pritokov","https://scholar.google.com/scholar?q=related:2QjXxF-91ksJ:scholar.google.com/&scioq=plecoptera%7Cstonefly%7Cstoneflies&hl=en&as_sdt=0,5&as_ylo=2023&as_yhi=2023"
0,"МА Студёнова, ИИ Студёнов…","Зообентос притоков верхнего течения реки Северной Двины",2023,"Известия Коми научного …","cyberleninka.ru","https://cyberleninka.ru/article/n/zoobentos-pritokov-verhnego-techeniya-reki-severnoy-dviny","",808,"2026-04-12 17:51:05","HTML","","",,,,,,0,0.00,0,3,3,"Публикуются результаты исследований зообентоса девяти притоков верхнего течения р. Северной Двины. Установлено, что бентофауна представлена 20 таксонами …","https://cyberleninka.ru/article/n/zoobentos-pritokov-verhnego-techeniya-reki-severnoy-dviny","https://scholar.google.com/scholar?q=related:6trn4a25BFAJ:scholar.google.com/&scioq=plecoptera%7Cstonefly%7Cstoneflies&hl=en&as_sdt=0,5&as_ylo=2023&as_yhi=2023"
2,"МА Студёнова, ИИ Студёнов, ДВ Чупов","Зообентос русла реки Северная Двина",2023,"Теоретическая и прикладная …","elibrary.ru","https://elibrary.ru/item.asp?id=54123151","https://scholar.google.com/scholar?cites=10025892622317836032&as_sdt=2005&sciodt=0,5&hl=en",617,"2026-04-12 17:51:05","","","",,,,,,2,0.67,1,3,3,"… The lowest frequency of occurrence (5.3% each) was found in the upper part of the mainstream of the Severnaya Dvina river for the larvaes of stoneflies and springtail, in the middle …","","https://scholar.google.com/scholar?q=related:ANd2dTggI4sJ:scholar.google.com/&scioq=plecoptera%7Cstonefly%7Cstoneflies&hl=en&as_sdt=0,5&as_ylo=2023&as_yhi=2023"
0,"ИИ Студенов, ГВ ФУКС","ЛОСОСЕВЫЕ РЫБЫ: БИОЛОГИЯ, ВОСПРОИЗВОДСТВО, ПРОМЫСЕЛ",,"elibrary.ru","","https://elibrary.ru/item.asp?id=59906616","",421,"2026-04-12 17:51:05","","","",,,,,,0,0.00,0,2,,"… , водные клещи (Hydrachnidia), водные пауки (Aranei), ракушковые раки (Ostracoda), личинки стрекоз (Odonata), личинки поденок (Ephemeroptera), личинки веснянок (Plecoptera…","","https://scholar.google.com/scholar?q=related:yc5uH7mQp5sJ:scholar.google.com/&scioq=plecoptera%7Cstonefly%7Cstoneflies&hl=en&as_sdt=0,5&as_ylo=2023&as_yhi=2023"
3,"ЛВ Головатюк","Макрозообентос равнинных рек бассейна Нижней Волги в условиях широтно-зонального градиента факторов среды: таксономическая структура и …",2023,"","ibiw.ru","https://www.ibiw.ru/disser/upload/221668.pdf","https://scholar.google.com/scholar?cites=2723128991805520358&as_sdt=2005&sciodt=0,5&hl=en",747,"2026-04-12 17:51:05","PDF","","",,,,,,3,1.00,3,1,3,"… Уменьшается представленность таксонов из отрядов Ephemeroptera, Plecoptera и Trichoptera. По числу видов как в верхнем и среднем, так и в нижнем участках, преобладают …","https://www.ibiw.ru/disser/upload/221668.pdf","https://scholar.google.com/scholar?q=related:5rki6mN_yiUJ:scholar.google.com/&scioq=plecoptera%7Cstonefly%7Cstoneflies&hl=en&as_sdt=0,5&as_ylo=2023&as_yhi=2023"
1,"ВМ Байчоров, МД Мороз, ЮГ Гигиняк…","Макрозообентос родниковых комплексов на территории Гродненской области",2023,"Известия …","vestibio.belnauka.by","https://vestibio.belnauka.by/jour/article/view/874","https://scholar.google.com/scholar?cites=800848941977973294&as_sdt=2005&sciodt=0,5&hl=en",680,"2026-04-12 17:51:05","","","",,,,,,1,0.33,0,4,3,"… Относительно высокое таксономическое разнообразие выявленных водных насекомых отмечено у представителей из отрядов Plecoptera, Ephemeroptera и Trichoptera, …","https://vestibio.belnauka.by/jour/article/viewFile/874/755","https://scholar.google.com/scholar?q=related:LjJYod4vHQsJ:scholar.google.com/&scioq=plecoptera%7Cstonefly%7Cstoneflies&hl=en&as_sdt=0,5&as_ylo=2023&as_yhi=2023"
1,"ЕВ Потиха, ЛЕ Лобкова, ТС Вшивкова","Материалы по фауне подёнок (Ephemeroptera), веснянок (Plecoptera) и ручейников (Trichoptera) Кроноцкого заповедника и других районов Камчатки",2023,"Чтения памяти Владимира …","elibrary.ru","https://elibrary.ru/item.asp?edn=lfuqnh","https://scholar.google.com/scholar?cites=2561232071654893496&as_sdt=2005&sciodt=0,5&hl=en",100,"2026-04-12 17:51:05","","","",,,,,,1,0.33,0,3,3,"… Материал и методы Список представителей трёх отрядов амфибиотических насекомых (Ephemeroptera, Plecoptera и Trichoptera) Кроноцкого заповедника основан на …","","https://scholar.google.com/scholar?q=related:uOdTyv9SiyMJ:scholar.google.com/&scioq=plecoptera%7Cstonefly%7Cstoneflies&hl=en&as_sdt=0,5&as_ylo=2023&as_yhi=2023"
4,"НМ Яворская","Многолетние изменения характеристик зообентоса водотоков хребта Хехцир",2023,"Водные ресурсы","elibrary.ru","https://elibrary.ru/item.asp?id=50404818","https://scholar.google.com/scholar?cites=10445023787690341234&as_sdt=2005&sciodt=0,5&hl=en",943,"2026-04-12 17:51:05","","","",,,,,,4,1.33,4,1,3,"Впервые по результатам многолетних исследований представлена структурная организация сообществ зообентоса и динамика их плотности и биомассы в реках и ручьях хр. …","","https://scholar.google.com/scholar?q=related:crPJd8st9JAJ:scholar.google.com/&scioq=plecoptera%7Cstonefly%7Cstoneflies&hl=en&as_sdt=0,5&as_ylo=2023&as_yhi=2023"
0,"ТВ Ермакова, НН Паньков1","НОВЫЕ ДАННЫЕ ПО ЗООБЕНТОСУ РЕК КОЛВА И БЕРЕЗОВАЯ (ПЕРМСКИЙ КРАЙ)",2023,"ББК 20.18 Э40","elibrary.ru","https://elibrary.ru/download/elibrary_54105270_62181985.pdf#page=79","",830,"2026-04-12 17:51:05","","","",,,,,,0,0.00,0,2,3,"В составе зообентоса р. Колвы обнаружено 23 вида и формы, р. Березовой–15 видов и форм. В доминантный комплекс галечных грунтов перекатов р. Колвы входят поденки …","","https://scholar.google.com/scholar?q=related:1MhpPurydLwJ:scholar.google.com/&scioq=plecoptera%7Cstonefly%7Cstoneflies&hl=en&as_sdt=0,5&as_ylo=2023&as_yhi=2023"
0,"ДС Коновалов, ЮО Назукова","ОПЫТ ИСПОЛЬЗОВАНИЯ ИНДЕКСА ВУДИВИССА И ПОКАЗАТЕЛЕЙ ТАКСОНОМИЧЕСКОГО БОГАТСТВА БЕНТОСА ДЛЯ ОЦЕНКИ …",2023,"Принципы экологии","cyberleninka.ru","https://cyberleninka.ru/article/n/opyt-ispolzovaniya-indeksa-vudivissa-i-pokazateley-taksonomicheskogo-bogatstva-bentosa-dlya-otsenki-ekologicheskogo-sostoyaniya","",811,"2026-04-12 17:51:05","HTML","","",,,,,,0,0.00,0,2,3,"… протяжении периода наблюдений нами было встречено большое число чувствительных к загрязнению таксонов макрозообентоса - Trichoptera, Ephemeroptera и Plecoptera. …","https://cyberleninka.ru/article/n/opyt-ispolzovaniya-indeksa-vudivissa-i-pokazateley-taksonomicheskogo-bogatstva-bentosa-dlya-otsenki-ekologicheskogo-sostoyaniya","https://scholar.google.com/scholar?q=related:V0LUqPJVHMkJ:scholar.google.com/&scioq=plecoptera%7Cstonefly%7Cstoneflies&hl=en&as_sdt=0,5&as_ylo=2023&as_yhi=2023"
0,"НД СИНИЧЕНКОВА, ИД СУКАЧЕВА…","ОТ ТРИАСА ДО СОВРЕМЕННОСТИ (EPHEMEROPTERA, PLECOPTERA, TRICHOPTERA)",2023,"… энтомологии России и …","elibrary.ru","https://elibrary.ru/item.asp?id=54753827","",132,"2026-04-12 17:51:05","","","",,,,,,0,0.00,0,3,3,"Рассмотрены особенности фаунистического состава поденок, веснянок и ручейников в конце палеозоя и в начале мезозоя. Фауна амфибиотических насекомых в триасе по …","","https://scholar.google.com/scholar?q=related:qXL6RvSaNjMJ:scholar.google.com/&scioq=plecoptera%7Cstonefly%7Cstoneflies&hl=en&as_sdt=0,5&as_ylo=2023&as_yhi=2023"
0,"МВ Сиротина, ЛВ Мурадова, АС Дюкова…","Оценка экологического статуса р. Зеи по состоянию сообществ гидробионтов на участке строительства Амурского газохимического комплекса",2023,"Трансформация …","cyberleninka.ru","https://cyberleninka.ru/article/n/otsenka-ekologicheskogo-statusa-r-zei-po-sostoyaniyu-soobschestv-gidrobiontov-na-uchastke-stroitelstva-amurskogo-gazohimicheskogo","",976,"2026-04-12 17:51:05","HTML","","",,,,,,0,0.00,0,4,3,"В ходе оценки состояния сообществ гидробионтов реки Зеи на участке строительства Амурского газохимического комплекса в 2018 г. выявлено 37 таксонов планктонных …","https://cyberleninka.ru/article/n/otsenka-ekologicheskogo-statusa-r-zei-po-sostoyaniyu-soobschestv-gidrobiontov-na-uchastke-stroitelstva-amurskogo-gazohimicheskogo","https://scholar.google.com/scholar?q=related:7gA357nbO3QJ:scholar.google.com/&scioq=plecoptera%7Cstonefly%7Cstoneflies&hl=en&as_sdt=0,5&as_ylo=2023&as_yhi=2023"
0,"ЕС КОРНЕЕВ, ЛА ЖИВОГЛЯДОВА, ОБ ШАРЛАЙ…","РАЦИОНАЛЬНАЯ ЭКСПЛУАТАЦИЯ ВОДНЫХ БИОЛОГИЧЕСКИХ РЕСУРСОВ",,"elibrary.ru","","https://elibrary.ru/item.asp?id=55814804","",387,"2026-04-12 17:51:05","","","",,,,,,0,0.00,0,4,,"Представлены данные о структуре дрифта водных беспозвоночных в реках о-ва Сахалин. Исследованиями охвачены: р. Гиляко-Абунан, р. Одопту, ручей без названия (…","","https://scholar.google.com/scholar?q=related:E4HvU--CQ1sJ:scholar.google.com/&scioq=plecoptera%7Cstonefly%7Cstoneflies&hl=en&as_sdt=0,5&as_ylo=2023&as_yhi=2023"
0,"ИА Барышев","Снижение обилия и видового разнообразия макрозообентоса таежных ручьев при дорожных работах",2023,"Вестник Астраханского государственного …","cyberleninka.ru","https://cyberleninka.ru/article/n/snizhenie-obiliya-i-vidovogo-raznoobraziya-makrozoobentosa-taezhnyh-ruchiev-pri-dorozhnyh-rabotah","",365,"2026-04-12 17:51:05","HTML","","",,,,,,0,0.00,0,1,3,"На примере ручьев северной тайги проведены исследования видового состава и обилия макрозообентоса в зоне проведения капитального ремонта крупного дорожного …","https://cyberleninka.ru/article/n/snizhenie-obiliya-i-vidovogo-raznoobraziya-makrozoobentosa-taezhnyh-ruchiev-pri-dorozhnyh-rabotah","https://scholar.google.com/scholar?q=related:2h-SD55MgbYJ:scholar.google.com/&scioq=plecoptera%7Cstonefly%7Cstoneflies&hl=en&as_sdt=0,5&as_ylo=2023&as_yhi=2023"
2,"ЛВ Яныгина, ОС Бурмистрова, ДД Волгина…","Сообщества макробеспозвоночных горных водотоков Алтая: факторы формирования и особенности распределения в градиенте высоты над уровнем …",2023,"Тр. Зоол. ин-та","zin.ru","https://www.zin.ru/journals/TrudyZIN/doc/vol_327_3/TZ_327_3_Yanygina.pdf","https://scholar.google.com/scholar?cites=5148286823824310157&as_sdt=2005&sciodt=0,5&hl=en",873,"2026-04-12 17:51:05","PDF","","",,,,,,2,0.67,1,4,3,"… of spatial distribution of macroinvertebrates as well as to identify the driving factors of this dynamics, the data on species richness, abundance and biomass of EPT taxa (mayfly, stonefly, …","https://www.zin.ru/journals/TrudyZIN/doc/vol_327_3/TZ_327_3_Yanygina.pdf","https://scholar.google.com/scholar?q=related:jT_f55ZjckcJ:scholar.google.com/&scioq=plecoptera%7Cstonefly%7Cstoneflies&hl=en&as_sdt=0,5&as_ylo=2023&as_yhi=2023"
2,"К Кулава","Соціальна профілактика торгівлі людьми серед студентської молоді у закладах вищої освіти.",2023,"","","","https://scholar.google.com/scholar?cites=16648185640238216288&as_sdt=2005&sciodt=0,5&hl=en",968,"2026-04-12 17:51:05","CITATION","","",,,,,,2,0.67,2,1,3,"","","https://scholar.google.com/scholar?q=related:YHQoSaI8CucJ:scholar.google.com/&scioq=plecoptera%7Cstonefly%7Cstoneflies&hl=en&as_sdt=0,5&as_ylo=2023&as_yhi=2023"
2,"ИА Барышев, АА Фролов…","Таксономический состав донных беспозвоночных водотоков бассейна озера Водлозеро и реки Водлы (национальный парк «Водлозерский»)",2023,"Труды Карельского …","cyberleninka.ru","https://cyberleninka.ru/article/n/taksonomicheskiy-sostav-donnyh-bespozvonochnyh-vodotokov-basseyna-ozera-vodlozero-i-reki-vodly-natsionalnyy-park-vodlozerskiy","https://scholar.google.com/scholar?cites=15976498134800527989&as_sdt=2005&sciodt=0,5&hl=en",917,"2026-04-12 17:51:05","HTML","","",,,,,,2,0.67,1,3,3,"Впервые представлен видовой список донных беспозвоночных рек бассейна оз. Водлозеро и р. Водлы, находящихся на территории национального парка «Водлозерский» и …","https://cyberleninka.ru/article/n/taksonomicheskiy-sostav-donnyh-bespozvonochnyh-vodotokov-basseyna-ozera-vodlozero-i-reki-vodly-natsionalnyy-park-vodlozerskiy","https://scholar.google.com/scholar?q=related:dfJ5D2jst90J:scholar.google.com/&scioq=plecoptera%7Cstonefly%7Cstoneflies&hl=en&as_sdt=0,5&as_ylo=2023&as_yhi=2023"
2,"НМ Яворская, ВВ Бобровский","Таксономический состав донных беспозвоночных водотоков заповедника «Комсомольский»(Хабаровский край)",2023,"Амурский зоологический журнал","cyberleninka.ru","https://cyberleninka.ru/article/n/taksonomicheskiy-sostav-donnyh-bespozvonochnyh-vodotokov-zapovednika-komsomolskiy-habarovskiy-kray","https://scholar.google.com/scholar?cites=13210633811586311935&as_sdt=2005&sciodt=0,5&hl=en",324,"2026-04-12 17:51:05","HTML","","",,,,,,2,0.67,1,2,3,"… At the same time, the most interesting were stoneflies Capnia khingana Teslenko, which are distinguished by viviparous reproduction, and the relict species of nymphomiids …","https://cyberleninka.ru/article/n/taksonomicheskiy-sostav-donnyh-bespozvonochnyh-vodotokov-zapovednika-komsomolskiy-habarovskiy-kray","https://scholar.google.com/scholar?q=related:_-ZdbXWZVbcJ:scholar.google.com/&scioq=plecoptera%7Cstonefly%7Cstoneflies&hl=en&as_sdt=0,5&as_ylo=2023&as_yhi=2023"
0,"ЛВ Яныгина, ОС Бурмистрова, ДД Волгина…","ТРУДЫ ЗООЛОГИЧЕСКОГО ИНСТИТУТА РАН",2023,"ТРУДЫ","elibrary.ru","https://elibrary.ru/item.asp?id=54802693","",951,"2026-04-12 17:51:05","","","",,,,,,0,0.00,0,4,3,"… of spatial distribution of macroinvertebrates as well as to identify the driving factors of this dynamics, the data on species richness, abundance and biomass of EPT taxa (mayfly, stonefly, …","","https://scholar.google.com/scholar?q=related:xeKe5LUwM3AJ:scholar.google.com/&scioq=plecoptera%7Cstonefly%7Cstoneflies&hl=en&as_sdt=0,5&as_ylo=2023&as_yhi=2023"
0,"ИА БУТУСИН, НА НИКУЛИНА, АА ПЕТРОВА","УЧЕБНО-МЕТОДИЧЕСКОЕ ПОСОБИЕ"" ОСОБЕННОСТИ ПРЕПОДАВАНИЯ КУРСА"" БАЙКАЛОВЕДЕНИЕ",,"elibrary.ru","","https://elibrary.ru/item.asp?id=56445115","",220,"2026-04-12 17:51:05","","","",,,,,,0,0.00,0,3,,"… Доминирующими среди беспозвоночных следует считать представителей отряда Plecoptera, … Representatives of the order Plecoptera should be considered dominant among …","","https://scholar.google.com/scholar?q=related:G59rgb5R5uUJ:scholar.google.com/&scioq=plecoptera%7Cstonefly%7Cstoneflies&hl=en&as_sdt=0,5&as_ylo=2023&as_yhi=2023"
0,"АЕ Слепцов, НА Никулина","УЧЕБНО-МЕТОДИЧЕСКОЕ ПОСОБИЕ"" ОСОБЕННОСТИ ПРЕПОДАВАНИЯ КУРСА"" БАЙКАЛОВЕДЕНИЕ",,"elibrary.ru","","https://elibrary.ru/item.asp?id=56445186","",410,"2026-04-12 17:51:05","","","",,,,,,0,0.00,0,2,,"Представлены собственные оригинальные материалы по исследованиям донных отложений в одном из районов Иркутской области (Шелеховский, нижнее течение реки …","","https://scholar.google.com/scholar?q=related:1KjVI07X3BgJ:scholar.google.com/&scioq=plecoptera%7Cstonefly%7Cstoneflies&hl=en&as_sdt=0,5&as_ylo=2023&as_yhi=2023"
1,"M Numanović","Фауна дна ефемерних и сталних вода Пештерске висоравни",2023,"","search.proquest.com","https://search.proquest.com/openview/f2c90a1a1b5f235e32b24d5f7d79d1b6/1.pdf?pq-origsite=gscholar&cbl=2026366&diss=y","https://scholar.google.com/scholar?cites=16524165650864831427&as_sdt=2005&sciodt=0,5&hl=en",662,"2026-04-12 17:51:05","","","",,,,,,1,0.33,1,1,3,"Пештерска висораван је изузетно важан регион у Србији, који се истиче као једно од последњих великих и још увек очуваних брдско-планинских крашких поља. Његова …","https://nardus.mpn.gov.rs/bitstream/handle/123456789/21725/Disertacija_14075.pdf?sequence=1","https://scholar.google.com/scholar?q=related:w3uCVRyhUeUJ:scholar.google.com/&scioq=plecoptera%7Cstonefly%7Cstoneflies&hl=en&as_sdt=0,5&as_ylo=2023&as_yhi=2023"
0,"ТС Крайнева, НН Паньков","Фауна и сообщества донных беспозвоночных ручьёв и родников Айтуарской степи (Оренбургский государственный степной заповедник)",2023,"Вестник Пермского университета …","press.psu.ru","https://press.psu.ru/index.php/bio/article/view/7000","",965,"2026-04-12 17:51:05","","","",,,,,,0,0.00,0,2,3,"… Plecoptera are represented by 5 species from two families: Amphinemura borealis (Morton, … rhodani, and stoneflies N. pictetii. These invertebrates are among the most common …","https://press.psu.ru/index.php/bio/article/download/7000/5089","https://scholar.google.com/scholar?q=related:TOGtnq66uiUJ:scholar.google.com/&scioq=plecoptera%7Cstonefly%7Cstoneflies&hl=en&as_sdt=0,5&as_ylo=2023&as_yhi=2023"
0,"МК Дабижа, ЛМ Азмухаметова…","Характеристика зообентоса и качество воды лососевой реки Кади (бассейн реки Амур, Хабаровский край)",2023,"КОМПЛЕКСНЫЕ …","elibrary.ru","https://elibrary.ru/item.asp?id=50192403","",240,"2026-04-12 17:51:05","","","",,,,,,0,0.00,0,3,3,"… The category of subdominants includes oligochaetes and stoneflies in terms of density and biomass, and chironomids in terms of biomass. It is shown that the waters the middle reaches …","","https://scholar.google.com/scholar?q=related:TanI3OTQdjQJ:scholar.google.com/&scioq=plecoptera%7Cstonefly%7Cstoneflies&hl=en&as_sdt=0,5&as_ylo=2023&as_yhi=2023"
0,"МПОФ ПОДЁНОК","Чтения памяти Владимира Яковлевича Леванидова",,"portfolio.vvsu.ru","","https://portfolio.vvsu.ru/files/1D3B1A83-08C6-4D4C-821A-33DF4B41C402.pdf","",822,"2026-04-12 17:51:05","PDF","","",,,,,,0,0.00,0,1,,"… Список представителей трёх отрядов амфибиотических насекомых (Ephemeroptera, Plecoptera и Trichoptera) Кроноцкого заповедника основан на оригинальных материалах, …","https://portfolio.vvsu.ru/files/1D3B1A83-08C6-4D4C-821A-33DF4B41C402.pdf","https://scholar.google.com/scholar?q=related:ng2sxymrsLIJ:scholar.google.com/&scioq=plecoptera%7Cstonefly%7Cstoneflies&hl=en&as_sdt=0,5&as_ylo=2023&as_yhi=2023"
0,"МД МАКРОЗООБЕНТОСА, ВВУЗ СТОКАМИ","Чтения памяти Владимира Яковлевича Леванидова",,"biosoil.ru","","https://www.biosoil.ru/storage/entities/fscpublication/2541/10dc340d-16e0-4204-8968-37d43228d70d.pdf","",909,"2026-04-12 17:51:05","PDF","","",,,,,,0,0.00,0,2,,"Апатит-нефелиновые месторождения Хибин относятся к крупнейшим в мире месторождениям фосфатного сырья. Их добыча и переработка началась в 20-х годах прошлого …","https://www.biosoil.ru/storage/entities/fscpublication/2541/10dc340d-16e0-4204-8968-37d43228d70d.pdf","https://scholar.google.com/scholar?q=related:aZG1OSvurPMJ:scholar.google.com/&scioq=plecoptera%7Cstonefly%7Cstoneflies&hl=en&as_sdt=0,5&as_ylo=2023&as_yhi=2023"
0,"اسلامی, بایرامی, اسدی شریف, رحیمپوران","ارزیابی زیستی رودخانه بالیقلو با بررسی ساختار ماکروبنتوزها (استان اردبیل)‎",,"بوم‌شناسی آبزیان, 2023‎","researchgate.net","https://www.researchgate.net/profile/Ehsan-Asadi-Sharif/publication/379898761_Biological_assessment_of_Baliqlu_River_by_investigating_the_structure_of_macro-invertebrates_Ardabil_province/links/673220c54a70511f071bbc37/Biological-assessment-of-Baliqlu-River-by-investigating-the-structure-of-macro-invertebrates-Ardabil-province.pdf","",886,"2026-04-12 17:51:05","PDF","","",,,,,,0,0.00,0,4,,"Qualitative assessment by macro-invertebrates is known as a suitable method to determine the health of the river. In this study, the diversity and abundance of Baliqlu River macro-…","https://www.researchgate.net/profile/Ehsan-Asadi-Sharif/publication/379898761_Biological_assessment_of_Baliqlu_River_by_investigating_the_structure_of_macro-invertebrates_Ardabil_province/links/673220c54a70511f071bbc37/Biological-assessment-of-Baliqlu-River-by-investigating-the-structure-of-macro-invertebrates-Ardabil-province.pdf","https://scholar.google.com/scholar?q=related:lUj9oB6eayEJ:scholar.google.com/&scioq=plecoptera%7Cstonefly%7Cstoneflies&hl=en&as_sdt=0,5&as_ylo=2023&as_yhi=2023"
0,"رضی رشت آبادی, ایمانپور نمین, جاوید, ستاری","مطالعه تنوع گونه ای ماکرو بنتوزها به عنوان غذای زنده در اکوسیستم رودخانه فوشه، شمال ایران‎",,"تغذیه آبزیان, 2023‎","janb.guilan.ac.ir","https://janb.guilan.ac.ir/article_7032.html","",268,"2026-04-12 17:51:05","","","",,,,,,0,0.00,0,4,,"… belonging to orders Trichoptera, Plecoptera and Ephemeroptera exhibits both the good quality of river water and the desirability of species and genera as natural food for the river fish …","https://janb.guilan.ac.ir/article_7032_fe21f788203ddaba93b5f728a051a812.pdf","https://scholar.google.com/scholar?q=related:nnCClww7ReYJ:scholar.google.com/&scioq=plecoptera%7Cstonefly%7Cstoneflies&hl=en&as_sdt=0,5&as_ylo=2023&as_yhi=2023"
0,"کیان ارثی, فرحناز, جهانی, مزرعاوی…","مقاله علمی–پژوهشی: ‌ مطالعه کیفیت آب دریاچه سد دویرج با استفاده از شاخص‌های زیستی بر پایه ماکروبنتوزها‎",,"مجله علمی شیلات …, 2023‎","مجله علمی شیلات ایران‎","","",862,"2026-04-12 17:51:05","CITATION","","",,,,,,0,0.00,0,5,,"","","https://scholar.google.com/scholar?q=related:F6isIqjOSS0J:scholar.google.com/&scioq=plecoptera%7Cstonefly%7Cstoneflies&hl=en&as_sdt=0,5&as_ylo=2023&as_yhi=2023"
0,"JM Luzón-Ortega, PE Vannucchi…","… 2 in What do molecular data and vibrational communication tell us about the taxonomy of the genus Tyrrhenoleuctra Consiglio, 1957 (Plecoptera: Leuctridae) in Spain …",2023,"… , 1957 (Plecoptera …","produccioncientifica.ugr.es","https://produccioncientifica.ugr.es/documentos/67f62fe6c9d0c3013599dac2","",115,"2026-04-12 17:51:05","","","",,,,,,0,0.00,0,3,3,"TABLE 2. Description of the male drumming grouped call of Tyrrhenoleuctra lusohispanica (S6 population: Badajoz) and Tyrrhenoleuctra sp. nov. (S1 + S2 populations: Málaga and …","","https://scholar.google.com/scholar?q=related:mZDafF2vbHgJ:scholar.google.com/&scioq=plecoptera%7Cstonefly%7Cstoneflies&hl=en&as_sdt=0,5&as_ylo=2023&as_yhi=2023"
0,"JM Luzón-Ortega, PE Vannucchi…","… p in What do molecular data and vibrational communication tell us about the taxonomy of the genus Tyrrhenoleuctra Consiglio, 1957 (Plecoptera: Leuctridae) in Spain …",2023,"… , 1957 (Plecoptera …","produccioncientifica.ugr.es","https://produccioncientifica.ugr.es/documentos/67f62fe6c9d0c3013599dabc","",175,"2026-04-12 17:51:05","","","",,,,,,0,0.00,0,3,3,"TABLE 1. COI uncorrected p-distances generated within and among the different Tyrrhenoleuctra species represented in the ML tree. T. lusohispanicaTyrrhenoleuctra sp. nov.T. minutaT…","","https://scholar.google.com/scholar?q=related:B8sp83WldZMJ:scholar.google.com/&scioq=plecoptera%7Cstonefly%7Cstoneflies&hl=en&as_sdt=0,5&as_ylo=2023&as_yhi=2023"
3,"CJ Verdone, SR Beaty, VB Holland, BW Williams","… species from the southeast Nearctic, with notes on sympatric species including the larval description of Isoperla lenati Szczytko &Kondratieff, 2015 (Plecoptera …",2023,"Zootaxa","biotaxa.org","https://www.biotaxa.org/Zootaxa/article/view/zootaxa.5270.3.3","https://scholar.google.com/scholar?cites=17619117873640368384&as_sdt=2005&sciodt=0,5&hl=en",40,"2026-04-12 17:51:05","","","",,,,,,3,1.00,1,4,3,"Isoperla riverae sp. n. is described from the southeastern USA. The new species is proposed based on details of the adult habitus, male aedeagus, vesicle, female subgenital plate, …","https://www.biotaxa.org/Zootaxa/article/view/zootaxa.5270.3.3/76286","https://scholar.google.com/scholar?q=related:AOkRIluug_QJ:scholar.google.com/&scioq=plecoptera%7Cstonefly%7Cstoneflies&hl=en&as_sdt=0,5&as_ylo=2023&as_yhi=2023"
0,"東城幸治, 竹中將起","世界最寒冷地に生息するサル類: 上高地のニホンザル群で進化した水生昆虫や魚類の捕食行動",2023,"低温科学","低温科学第 81 巻編集委員会","","",874,"2026-04-12 17:51:05","CITATION","","",,,,,,0,0.00,0,2,3,"","","https://scholar.google.com/scholar?q=related:feFewubymQMJ:scholar.google.com/&scioq=plecoptera%7Cstonefly%7Cstoneflies&hl=en&as_sdt=0,5&as_ylo=2023&as_yhi=2023"
3,"梁舒汀, 王菲, 吴丹, 赵燕楚, 孔凡青","基于大型底栖动物完整性指数的海河流域典型水库水生态健康评价",2023,"生态环境学报","researchgate.net","https://www.researchgate.net/profile/Fanqing-Kong/publication/375276789_Ecological_health_assessment_of_reservoirs_based_on_macrobenthic_index_of_biotic_integrity_in_Haihe_basin/links/65450db03fa26f66f4d26d3c/Ecological-health-assessment-of-reservoirs-based-on-macrobenthic-index-of-biotic-integrity-in-Haihe-basin.pdf","https://scholar.google.com/scholar?cites=1568033253012650567&as_sdt=2005&sciodt=0,5&hl=en",954,"2026-04-12 17:51:05","PDF","","",,,,,,3,1.00,1,5,3,": 为了解海河流域典型供水型水库的水生态健康状况, 于2021 年4-6 月对流域14 座典型水库的 大型底栖动物进行了调查, 构建并应用大型底栖动物完整性指数(Benthic Index of Biotic Integrity, …","https://www.researchgate.net/profile/Fanqing-Kong/publication/375276789_Ecological_health_assessment_of_reservoirs_based_on_macrobenthic_index_of_biotic_integrity_in_Haihe_basin/links/65450db03fa26f66f4d26d3c/Ecological-health-assessment-of-reservoirs-based-on-macrobenthic-index-of-biotic-integrity-in-Haihe-basin.pdf","https://scholar.google.com/scholar?q=related:R7rRke_FwhUJ:scholar.google.com/&scioq=plecoptera%7Cstonefly%7Cstoneflies&hl=en&as_sdt=0,5&as_ylo=2023&as_yhi=2023"
0,"窦乾明, 王慧博, 宋聃, 都雪, 王乐, 黄晓丽, 赵晨","寒温带山区河流大型底栖动物完整性评价——以呼玛河为例",2023,"生态学杂志","","","",733,"2026-04-12 17:51:05","CITATION","","",,,,,,0,0.00,0,7,3,"","","https://scholar.google.com/scholar?q=related:LGhtVGpP4SwJ:scholar.google.com/&scioq=plecoptera%7Cstonefly%7Cstoneflies&hl=en&as_sdt=0,5&as_ylo=2023&as_yhi=2023"
4,"陈莉娟, 刘日林, 李梦斐, 周建青, 汤晔…","景宁望东垟高山湿地自然保护区和景宁大仰湖湿地群自然保护区昆虫多样性研究",2023,"浙江林业科技","zjlykj.xml-journal.net","https://zjlykj.xml-journal.net/article/doi/10.3969/j.issn.1001-3776.2023.06.012","https://scholar.google.com/scholar?cites=1206738363006811720&as_sdt=2005&sciodt=0,5&hl=en",850,"2026-04-12 17:51:05","","10.3969/j.issn.1001-3776.2023.06.012","",,,,,,4,1.33,1,6,3,": 2017 年8 月—2019 年7 月, 利用网捕法, 马氏网诱捕法, 灯诱诱集法等对景宁望东垟高山湿地 自然保护区和景宁大仰湖湿地群自然保护区进行了昆虫资源调查, 并分别从物种组成, 属种多度和…","https://zjlykj.xml-journal.net/cn/article/pdf/preview/10.3969/j.issn.1001-3776.2023.06.012.pdf","https://scholar.google.com/scholar?q=related:SH7bxyUyvxAJ:scholar.google.com/&scioq=plecoptera%7Cstonefly%7Cstoneflies&hl=en&as_sdt=0,5&as_ylo=2023&as_yhi=2023"
0,"张泽鹏, 金洪宇, 李雷, 鲁万桥, 李慎辉, 王海鹏","西藏雅鲁藏布江大峡谷墨脱江段大型底栖动物群落结构及多样性的时空分布特征",2023,"中国水产科学","中国水产科学","","",887,"2026-04-12 17:51:05","CITATION","","",,,,,,0,0.00,0,6,3,"","","https://scholar.google.com/scholar?q=related:KyLtVzdBdtwJ:scholar.google.com/&scioq=plecoptera%7Cstonefly%7Cstoneflies&hl=en&as_sdt=0,5&as_ylo=2023&as_yhi=2023"
1,"姜永伟, 丁振军, 袁俊斌, 张峥, 李杨, 问青春, 王业耀…","辽宁省主要河流底栖动物群落结构及水质评价研究",2023,"生态环境学报","jeesci.com","https://www.jeesci.com/CN/abstract/abstract4612.shtml","https://scholar.google.com/scholar?cites=11637453008519230588&as_sdt=2005&sciodt=0,5&hl=en",801,"2026-04-12 17:51:05","","","",,,,,,1,0.33,0,8,3,"… Aquatic insects and crustaceans were dominant groups at the upstream sites; Ephemeroptera, Plecoptera, and Trichoptera (EPT) were dominant groups in 33% of the upstream sites; …","","https://scholar.google.com/scholar?q=related:fPQWd9qJgKEJ:scholar.google.com/&scioq=plecoptera%7Cstonefly%7Cstoneflies&hl=en&as_sdt=0,5&as_ylo=2023&as_yhi=2023"
0,"劉興哲, 陳賜隆, 唐欣潔, 馬承漢, 李宜龍, 胡芳碩…","阿里磅生態農場水棲昆蟲相調查",2023,"臺灣研蟲誌","academia.edu","https://www.academia.edu/download/122197120/61_E2_80_9369.pdf","",833,"2026-04-12 17:51:05","PDF","","",,,,,,0,0.00,0,7,3,"… 襀翅目(Plecoptera) 共記錄2 科2 屬2 種(表二),所有物種皆發現 於流水環境,石蠅科(Perlidae) 採集於阿里磅溪的石頭下,短尾石蠅科(Nemouridae) 普遍棲息於阿里磅生態農場的各式 流水環境. …","https://www.academia.edu/download/122197120/61_E2_80_9369.pdf","https://scholar.google.com/scholar?q=related:g7JNg5KjE7wJ:scholar.google.com/&scioq=plecoptera%7Cstonefly%7Cstoneflies&hl=en&as_sdt=0,5&as_ylo=2023&as_yhi=2023"
2,"谢廷锋, 和雅静, 赵永晶, 徐东坡, 俞录贤, 王洪铸…","青海湖入湖河流大型底栖动物时空分布及渔产潜力估算",2023,"水生态学杂志","水生态学杂志","","https://scholar.google.com/scholar?cites=9795002606993361102&as_sdt=2005&sciodt=0,5&hl=en",941,"2026-04-12 17:51:05","CITATION","","",,,,,,2,0.67,0,7,3,"","","https://scholar.google.com/scholar?q=related:zkjdk_nW7ocJ:scholar.google.com/&scioq=plecoptera%7Cstonefly%7Cstoneflies&hl=en&as_sdt=0,5&as_ylo=2023&as_yhi=2023"
0,"변화근","금당천에 서식하는 얼록동사리 (Odontobutis interrupta) 의 식성",2023,"한국환경생태학회지","dbpia.co.kr","https://www.dbpia.co.kr/Journal/articleDetail?nodeId=NODE12213892","",327,"2026-04-12 17:51:05","","","",,,,,,0,0.00,0,1,3,"얼록동사리의 식성 분석을 위해 금당천에서 2021년 3월부터 11월까지 채집을 하였고 크기는 연령별로(1년생, 2년생, 3년생 이상)로 구분하였다. 먹이생물은 절지동물(Arthropoda, 개체수 …","","https://scholar.google.com/scholar?q=related:Tjzg3zB0vd8J:scholar.google.com/&scioq=plecoptera%7Cstonefly%7Cstoneflies&hl=en&as_sdt=0,5&as_ylo=2023&as_yhi=2023"
0,"이선호","섬진강 저서성 대형무척추동물의 군집 유형화 및 환경변수와 지표 생물의 관계 분석: Community patterning of benthic macroinvertebrates in Seomjin River and analysis …",2023,"","dbpia.co.kr","https://www.dbpia.co.kr/journal/detail?nodeId=T16671990","",362,"2026-04-12 17:51:05","","","",,,,,,0,0.00,0,1,3,"… 그룹 2에서 하루살이목 (Ephemeroptera), 그룹 3에서 강도래목 (Plecoptera), 날도래목 (Trichoptera) 그리고 그룹 4에서 잠자리목 (Odonata), 총알고둥목 (Littorinimorpha)이 높게 유형화…","","https://scholar.google.com/scholar?q=related:aTIp5ApwSpEJ:scholar.google.com/&scioq=plecoptera%7Cstonefly%7Cstoneflies&hl=en&as_sdt=0,5&as_ylo=2023&as_yhi=2023"
