Cites,Authors,Title,Year,Source,Publisher,ArticleURL,CitesURL,GSRank,QueryDate,Type,DOI,ISSN,CitationURL,Volume,Issue,StartPage,EndPage,ECC,CitesPerYear,CitesPerAuthor,AuthorCount,Age,Abstract,FullTextURL,RelatedURL,ScopusID,EID
23,Shimano Y.,Study of the mayfly order ephemeroptera (insecta) in Brazil: A scienciometric review,2013,Revista Brasileira De Entomologia,,https://www.scopus.com/inward/record.uri?partnerID=HzOxMe3b&scp=84893453654&origin=inward,https://www.scopus.com/inward/citedby.uri?partnerID=HzOxMe3b&scp=84893453654&origin=inward,,2026-04-12 18:29:24,Article,10.1590/S0085-56262013005000043,00855626,https://api.elsevier.com/content/abstract/scopus_id/84893453654,57,4,,,,1.92,23.0,1,12,,,,84893453654,2-s2.0-84893453654
19,Lock K.,Habitat suitability modelling for mayflies (Ephemeroptera) in Flanders (Belgium),2013,Ecological Informatics,,https://www.scopus.com/inward/record.uri?partnerID=HzOxMe3b&scp=84884969609&origin=inward,https://www.scopus.com/inward/citedby.uri?partnerID=HzOxMe3b&scp=84884969609&origin=inward,,2026-04-12 18:29:24,Article,10.1016/j.ecoinf.2011.12.004,15749541,https://api.elsevier.com/content/abstract/scopus_id/84884969609,17,,,,,1.58,19.0,1,12,,,,84884969609,2-s2.0-84884969609
12,Sinitshenkova N.D.,"New mayflies (Insecta: Ephemerida = Ephemeroptera) from the intertrappean deposits of the Tunguska Basin, Siberia",2013,Paleontological Journal,,https://www.scopus.com/inward/record.uri?partnerID=HzOxMe3b&scp=84873494855&origin=inward,https://www.scopus.com/inward/citedby.uri?partnerID=HzOxMe3b&scp=84873494855&origin=inward,,2026-04-12 18:29:24,Article,10.1134/S0031030113010127,00310301,https://api.elsevier.com/content/abstract/scopus_id/84873494855,47,1,,,,1.0,12.0,1,12,,,,84873494855,2-s2.0-84873494855
5,Bottová K.,Population dynamics of mayflies in a constant temperature spring stream in West Carpathians,2013,Limnologica,,https://www.scopus.com/inward/record.uri?partnerID=HzOxMe3b&scp=84880703492&origin=inward,https://www.scopus.com/inward/citedby.uri?partnerID=HzOxMe3b&scp=84880703492&origin=inward,,2026-04-12 18:29:24,Article,10.1016/j.limno.2013.03.002,00759511,https://api.elsevier.com/content/abstract/scopus_id/84880703492,43,6,,,,0.42,5.0,1,12,,,,84880703492,2-s2.0-84880703492
7,Selva Kumar C.,"A new species of mayfly (Ephemeroptera: Leptophlebiidae) from the Western Ghats, India",2013,Oriental Insects,,https://www.scopus.com/inward/record.uri?partnerID=HzOxMe3b&scp=84889652242&origin=inward,https://www.scopus.com/inward/citedby.uri?partnerID=HzOxMe3b&scp=84889652242&origin=inward,,2026-04-12 18:29:24,Article,10.1080/00305316.2013.811020,00305316,https://api.elsevier.com/content/abstract/scopus_id/84889652242,47,2-3,,,,0.58,7.0,1,12,,,,84889652242,2-s2.0-84889652242
15,Petrin Z.,Mayfly and stonefly species traits and species composition reflect hydrological regulation: A meta-analysis,2013,Freshwater Science,,https://www.scopus.com/inward/record.uri?partnerID=HzOxMe3b&scp=84884332746&origin=inward,https://www.scopus.com/inward/citedby.uri?partnerID=HzOxMe3b&scp=84884332746&origin=inward,,2026-04-12 18:29:24,Article,10.1899/11-172.1,21619549,https://api.elsevier.com/content/abstract/scopus_id/84884332746,32,2,,,,1.25,15.0,1,12,,,,84884332746,2-s2.0-84884332746
34,Sekiné K.,Phylogeography of the East Asian polymitarcyid mayfly genus Ephoron (Ephemeroptera: Polymitarcyidae): A comparative analysis of molecular and ecological characteristics,2013,Biological Journal of the Linnean Society,,https://www.scopus.com/inward/record.uri?partnerID=HzOxMe3b&scp=84876156602&origin=inward,https://www.scopus.com/inward/citedby.uri?partnerID=HzOxMe3b&scp=84876156602&origin=inward,,2026-04-12 18:29:24,Article,10.1111/bij.12033,00244066,https://api.elsevier.com/content/abstract/scopus_id/84876156602,109,1,,,,2.83,34.0,1,12,,,,84876156602,2-s2.0-84876156602
12,Bell P.,"Fossil mayfly larvae (Ephemeroptera, cf. Heptageniidae) from the late cretaceous wapiti formation, Alberta, Canada",2013,Journal of Paleontology,,https://www.scopus.com/inward/record.uri?partnerID=HzOxMe3b&scp=84872745246&origin=inward,https://www.scopus.com/inward/citedby.uri?partnerID=HzOxMe3b&scp=84872745246&origin=inward,,2026-04-12 18:29:24,Article,10.1666/12-058R.1,00223360,https://api.elsevier.com/content/abstract/scopus_id/84872745246,87,1,,,,1.0,12.0,1,12,,,,84872745246,2-s2.0-84872745246
15,Luoto T.,"Stream flow intensity of the Saavanjoki River, eastern Finland, during the past 1500years reflected by mayfly and caddisfly mandibles in adjacent lake sediments",2013,Journal of Hydrology,,https://www.scopus.com/inward/record.uri?partnerID=HzOxMe3b&scp=84871005993&origin=inward,https://www.scopus.com/inward/citedby.uri?partnerID=HzOxMe3b&scp=84871005993&origin=inward,,2026-04-12 18:29:24,Article,10.1016/j.jhydrol.2012.10.029,00221694,https://api.elsevier.com/content/abstract/scopus_id/84871005993,476,,,,,1.25,15.0,1,12,,,,84871005993,2-s2.0-84871005993
207,Roessink I.,The neonicotinoid imidacloprid shows high chronic toxicity to mayfly nymphs,2013,Environmental Toxicology and Chemistry,,https://www.scopus.com/inward/record.uri?partnerID=HzOxMe3b&scp=84876378893&origin=inward,https://www.scopus.com/inward/citedby.uri?partnerID=HzOxMe3b&scp=84876378893&origin=inward,,2026-04-12 18:29:24,Article,10.1002/etc.2201,07307268,https://api.elsevier.com/content/abstract/scopus_id/84876378893,32,5,,,,17.25,207.0,1,12,,,,84876378893,2-s2.0-84876378893
5,Martynov A.,"The life cycles of mayflies of the Eastern Ukraine. Subfamily baetinae (Ephemeroptera, Baetidae)",2013,Vestnik Zoologii,,https://www.scopus.com/inward/record.uri?partnerID=HzOxMe3b&scp=84875458772&origin=inward,https://www.scopus.com/inward/citedby.uri?partnerID=HzOxMe3b&scp=84875458772&origin=inward,,2026-04-12 18:29:24,Article,10.2478/vzoo-2013-0003,00845604,https://api.elsevier.com/content/abstract/scopus_id/84875458772,47,1,,,,0.42,5.0,1,12,,,,84875458772,2-s2.0-84875458772
5,Bottová K.,Life cycle and secondary production of mayflies and stoneflies in a Karstic spring in the west Carpathians,2013,Annales Zoologici Fennici,,https://www.scopus.com/inward/record.uri?partnerID=HzOxMe3b&scp=84880113333&origin=inward,https://www.scopus.com/inward/citedby.uri?partnerID=HzOxMe3b&scp=84880113333&origin=inward,,2026-04-12 18:29:24,Article,10.5735/086.050.0305,0003455X,https://api.elsevier.com/content/abstract/scopus_id/84880113333,50,3,,,,0.42,5.0,1,12,,,,84880113333,2-s2.0-84880113333
9,Juen L.,Concordance between ephemeroptera and trichoptera assemblage in streams from cerrado–amazonia transition,2013,Annales De Limnologie,,https://www.scopus.com/inward/record.uri?partnerID=HzOxMe3b&scp=84996133354&origin=inward,https://www.scopus.com/inward/citedby.uri?partnerID=HzOxMe3b&scp=84996133354&origin=inward,,2026-04-12 18:29:24,Article,10.1051/limn/2013048,00034088,https://api.elsevier.com/content/abstract/scopus_id/84996133354,49,2,,,,0.75,9.0,1,12,,,,84996133354,2-s2.0-84996133354
2,Bae Y.J.,The horned Australian burrowing mayfly Jappa (Ephemeroptera: Leptophlebiidae),2013,Entomological Research,,https://www.scopus.com/inward/record.uri?partnerID=HzOxMe3b&scp=84872659577&origin=inward,https://www.scopus.com/inward/citedby.uri?partnerID=HzOxMe3b&scp=84872659577&origin=inward,,2026-04-12 18:29:24,Article,10.1111/j.1748-5967.2012.00474.x,17382297,https://api.elsevier.com/content/abstract/scopus_id/84872659577,43,1,,,,0.17,2.0,1,12,,,,84872659577,2-s2.0-84872659577
3,Wang Y.,A new record of the mayfly family ametropodidae from China (Insecta: Ephemeroptera),2013,Entomological News,,https://www.scopus.com/inward/record.uri?partnerID=HzOxMe3b&scp=84889609256&origin=inward,https://www.scopus.com/inward/citedby.uri?partnerID=HzOxMe3b&scp=84889609256&origin=inward,,2026-04-12 18:29:24,Article,10.3157/021.123.0303,0013872X,https://api.elsevier.com/content/abstract/scopus_id/84889609256,123,3,,,,0.25,3.0,1,12,,,,84889609256,2-s2.0-84889609256
4,Green E.L.,Spatial and temporal variation in the distribution of burrowing mayfly nymphs (Ephemeroptera: Hexagenia limbata and H. rigida) in western Lake Erie,2013,Journal of Great Lakes Research,,https://www.scopus.com/inward/record.uri?partnerID=HzOxMe3b&scp=84878111257&origin=inward,https://www.scopus.com/inward/citedby.uri?partnerID=HzOxMe3b&scp=84878111257&origin=inward,,2026-04-12 18:29:24,Article,10.1016/j.jglr.2013.03.013,03801330,https://api.elsevier.com/content/abstract/scopus_id/84878111257,39,2,,,,0.33,4.0,1,12,,,,84878111257,2-s2.0-84878111257
9,Mo H.h.,Exposure of mayfly Ephemera orientalis (Ephemeroptera) eggs to heavy metals and discovery of biomarkers,2013,Environmental Toxicology and Pharmacology,,https://www.scopus.com/inward/record.uri?partnerID=HzOxMe3b&scp=84887013378&origin=inward,https://www.scopus.com/inward/citedby.uri?partnerID=HzOxMe3b&scp=84887013378&origin=inward,,2026-04-12 18:29:24,Article,10.1016/j.etap.2013.10.004,13826689,https://api.elsevier.com/content/abstract/scopus_id/84887013378,36,3,,,,0.75,9.0,1,12,,,,84887013378,2-s2.0-84887013378
6,Kluge N.J.,Mayflies of the genus nonnullidens grant & peters 1993 (ephemeroptera: Leptophlebiidae) from new Guinea,2013,Zootaxa,,https://www.scopus.com/inward/record.uri?partnerID=HzOxMe3b&scp=84886853615&origin=inward,https://www.scopus.com/inward/citedby.uri?partnerID=HzOxMe3b&scp=84886853615&origin=inward,,2026-04-12 18:29:24,Article,10.11646/zootaxa.3722.1.3,11755326,https://api.elsevier.com/content/abstract/scopus_id/84886853615,3722,1,,,,0.5,6.0,1,12,,,,84886853615,2-s2.0-84886853615
5,Echols B.S.,Seasonal availability and sensitivity of two field-collected mayflies for the development of a standardized toxicity test,2013,Environmental Monitoring and Assessment,,https://www.scopus.com/inward/record.uri?partnerID=HzOxMe3b&scp=84874420155&origin=inward,https://www.scopus.com/inward/citedby.uri?partnerID=HzOxMe3b&scp=84874420155&origin=inward,,2026-04-12 18:29:24,Article,10.1007/s10661-012-2636-7,01676369,https://api.elsevier.com/content/abstract/scopus_id/84874420155,185,2,,,,0.42,5.0,1,12,,,,84874420155,2-s2.0-84874420155
31,Boonsoong B.,"Heptageniidae (Insecta, Ephemeroptera) of Thailand",2013,Zookeys,,https://www.scopus.com/inward/record.uri?partnerID=HzOxMe3b&scp=84877111837&origin=inward,https://www.scopus.com/inward/citedby.uri?partnerID=HzOxMe3b&scp=84877111837&origin=inward,,2026-04-12 18:29:24,Article,10.3897/zookeys.272.3638,13132989,https://api.elsevier.com/content/abstract/scopus_id/84877111837,272,,,,,2.58,31.0,1,12,,,,84877111837,2-s2.0-84877111837
3,Newell R.,Studies on dist,2013,Western North American Naturalist,,https://www.scopus.com/inward/record.uri?partnerID=HzOxMe3b&scp=84880287663&origin=inward,https://www.scopus.com/inward/citedby.uri?partnerID=HzOxMe3b&scp=84880287663&origin=inward,,2026-04-12 18:29:24,Article,10.3398/064.073.0213,15270904,https://api.elsevier.com/content/abstract/scopus_id/84880287663,73,2,,,,0.25,3.0,1,12,,,,84880287663,2-s2.0-84880287663
2,Zaika V.,Distribution of rheophil benthos in the mountainous rivers of Tuva with subaerial deltas,2013,Contemporary Problems of Ecology,,https://www.scopus.com/inward/record.uri?partnerID=HzOxMe3b&scp=84879986087&origin=inward,https://www.scopus.com/inward/citedby.uri?partnerID=HzOxMe3b&scp=84879986087&origin=inward,,2026-04-12 18:29:24,Article,10.1134/S1995425513030153,19954255,https://api.elsevier.com/content/abstract/scopus_id/84879986087,6,3,,,,0.17,2.0,1,12,,,,84879986087,2-s2.0-84879986087
6,Young B.A.,Small-scale patterns of genetic variation in a headwater specialist mayfly: No influence of selective forest harvesting on diversity,2013,Austral Ecology,,https://www.scopus.com/inward/record.uri?partnerID=HzOxMe3b&scp=84880330753&origin=inward,https://www.scopus.com/inward/citedby.uri?partnerID=HzOxMe3b&scp=84880330753&origin=inward,,2026-04-12 18:29:24,Article,10.1111/j.1442-9993.2012.02440.x,14429985,https://api.elsevier.com/content/abstract/scopus_id/84880330753,38,5,,,,0.5,6.0,1,12,,,,84880330753,2-s2.0-84880330753
43,Shimano Y.,Environmental and spatial processes determining ephemeroptera (insecta) structures in tropical streams,2013,Annales De Limnologie,,https://www.scopus.com/inward/record.uri?partnerID=HzOxMe3b&scp=84996136637&origin=inward,https://www.scopus.com/inward/citedby.uri?partnerID=HzOxMe3b&scp=84996136637&origin=inward,,2026-04-12 18:29:24,Article,10.1051/limn/2013036,00034088,https://api.elsevier.com/content/abstract/scopus_id/84996136637,49,1,,,,3.58,43.0,1,12,,,,84996136637,2-s2.0-84996136637
20,Lima L.R.C.,"New species for Thraulodes Ulmer, 1920 (Ephemeroptera: Leptophlebiidae: Atalophlebiinae) and the first key to adults from Brazil",2013,Zootaxa,,https://www.scopus.com/inward/record.uri?partnerID=HzOxMe3b&scp=84883631287&origin=inward,https://www.scopus.com/inward/citedby.uri?partnerID=HzOxMe3b&scp=84883631287&origin=inward,,2026-04-12 18:29:24,Review,10.11646/zootaxa.3709.3.2,11755326,https://api.elsevier.com/content/abstract/scopus_id/84883631287,3709,3,,,,1.67,20.0,1,12,,,,84883631287,2-s2.0-84883631287
51,Conley J.M.,Bioconcentration and biotransformation of selenite versus selenate exposed periphyton and subsequent toxicity to the mayfly Centroptilum triangulifer,2013,Environmental Science and Technology,,https://www.scopus.com/inward/record.uri?partnerID=HzOxMe3b&scp=84880536702&origin=inward,https://www.scopus.com/inward/citedby.uri?partnerID=HzOxMe3b&scp=84880536702&origin=inward,,2026-04-12 18:29:24,Article,10.1021/es400643x,0013936X,https://api.elsevier.com/content/abstract/scopus_id/84880536702,47,14,,,,4.25,51.0,1,12,,,,84880536702,2-s2.0-84880536702
4,Bustos C.,Delayed egg hatching accounts for replacement of burrowing mayflies Hexagenia rigida by Hexagenia limbata after recolonization in western Lake Erie,2013,Journal of Great Lakes Research,,https://www.scopus.com/inward/record.uri?partnerID=HzOxMe3b&scp=84873747525&origin=inward,https://www.scopus.com/inward/citedby.uri?partnerID=HzOxMe3b&scp=84873747525&origin=inward,,2026-04-12 18:29:24,Article,10.1016/j.jglr.2012.12.009,03801330,https://api.elsevier.com/content/abstract/scopus_id/84873747525,39,1,,,,0.33,4.0,1,12,,,,84873747525,2-s2.0-84873747525
2,Salmela J.,"New records of Paraleptophlebia werneri Ulmer, 1920 and P. strandii (Eaton, 1901) from Finland (Ephemeroptera, Leptophlebiidae)",2013,Biodiversity Data Journal,,https://www.scopus.com/inward/record.uri?partnerID=HzOxMe3b&scp=85018546164&origin=inward,https://www.scopus.com/inward/citedby.uri?partnerID=HzOxMe3b&scp=85018546164&origin=inward,,2026-04-12 18:29:24,Article,10.3897/BDJ.1.e969,,https://api.elsevier.com/content/abstract/scopus_id/85018546164,1,1,,,,0.17,2.0,1,12,,,,85018546164,2-s2.0-85018546164
11,Avlyush S.,"Life cycles and habitat selection of two sympatric mayflies under extreme continental climate (River Kharaa, Mongolia)",2013,International Review of Hydrobiology,,https://www.scopus.com/inward/record.uri?partnerID=HzOxMe3b&scp=84879397091&origin=inward,https://www.scopus.com/inward/citedby.uri?partnerID=HzOxMe3b&scp=84879397091&origin=inward,,2026-04-12 18:29:24,Article,10.1002/iroh.201301628,14342944,https://api.elsevier.com/content/abstract/scopus_id/84879397091,98,3,,,,0.92,11.0,1,12,,,,84879397091,2-s2.0-84879397091
15,Lee C.Y.,Life history and emergence pattern of cloeon dipterum (Ephemeroptera: Baetidae) in Korea,2013,Environmental Entomology,,https://www.scopus.com/inward/record.uri?partnerID=HzOxMe3b&scp=84891046777&origin=inward,https://www.scopus.com/inward/citedby.uri?partnerID=HzOxMe3b&scp=84891046777&origin=inward,,2026-04-12 18:29:24,Article,10.1603/EN13012,0046225X,https://api.elsevier.com/content/abstract/scopus_id/84891046777,42,6,,,,1.25,15.0,1,12,,,,84891046777,2-s2.0-84891046777
58,Vuataz L.,Endemism and diversification in freshwater insects of Madagascar revealed by coalescent and phylogenetic analysis of museum and field collections,2013,Molecular Phylogenetics and Evolution,,https://www.scopus.com/inward/record.uri?partnerID=HzOxMe3b&scp=84873175328&origin=inward,https://www.scopus.com/inward/citedby.uri?partnerID=HzOxMe3b&scp=84873175328&origin=inward,,2026-04-12 18:29:24,Article,10.1016/j.ympev.2012.12.003,10557903,https://api.elsevier.com/content/abstract/scopus_id/84873175328,66,3,,,,4.83,58.0,1,12,,,,84873175328,2-s2.0-84873175328
5,Sinitshenkova N.D.,"New mayflies (Insecta: Ephemerida = Ephemeroptera) from the Upper Permian locality of Isady, Northern European Russia",2013,Paleontological Journal,,https://www.scopus.com/inward/record.uri?partnerID=HzOxMe3b&scp=84875977085&origin=inward,https://www.scopus.com/inward/citedby.uri?partnerID=HzOxMe3b&scp=84875977085&origin=inward,,2026-04-12 18:29:24,Article,10.1134/S0031030113020135,00310301,https://api.elsevier.com/content/abstract/scopus_id/84875977085,47,2,,,,0.42,5.0,1,12,,,,84875977085,2-s2.0-84875977085
10,Alvarez M.,"The influence of moss on grazers in high-altitude streams: Food, refuge or both?",2013,Freshwater Biology,,https://www.scopus.com/inward/record.uri?partnerID=HzOxMe3b&scp=84880042035&origin=inward,https://www.scopus.com/inward/citedby.uri?partnerID=HzOxMe3b&scp=84880042035&origin=inward,,2026-04-12 18:29:24,Article,10.1111/fwb.12185,00465070,https://api.elsevier.com/content/abstract/scopus_id/84880042035,58,9,,,,0.83,10.0,1,12,,,,84880042035,2-s2.0-84880042035
16,Lawler S.P.,"Efficacy of spinosad in control of larval culex tarsalis and chironomid midges, and its nontarget effects",2013,Journal of the American Mosquito Control Association,,https://www.scopus.com/inward/record.uri?partnerID=HzOxMe3b&scp=84897018430&origin=inward,https://www.scopus.com/inward/citedby.uri?partnerID=HzOxMe3b&scp=84897018430&origin=inward,,2026-04-12 18:29:24,Article,10.2987/13-6369.1,8756971X,https://api.elsevier.com/content/abstract/scopus_id/84897018430,29,4,,,,1.33,16.0,1,12,,,,84897018430,2-s2.0-84897018430
10,Pérez-García B.,Model of fundamental ecological niche for species of the genus Thraulodes (Ephemeroptera: Leptophlebiidae: Atalophlebiinae),2013,Revista Mexicana De Biodiversidad,,https://www.scopus.com/inward/record.uri?partnerID=HzOxMe3b&scp=84883569993&origin=inward,https://www.scopus.com/inward/citedby.uri?partnerID=HzOxMe3b&scp=84883569993&origin=inward,,2026-04-12 18:29:24,Article,10.7550/rmb.32234,18703453,https://api.elsevier.com/content/abstract/scopus_id/84883569993,84,2,,,,0.83,10.0,1,12,,,,84883569993,2-s2.0-84883569993
0,Kluge N.,"The status of the Mayfly species described by O. A. Tshernova from the Amur basin in the genus Baetis leach (Ephemeroptera, Baetidae)",2013,Entomological Review,,https://www.scopus.com/inward/record.uri?partnerID=HzOxMe3b&scp=84879175990&origin=inward,https://www.scopus.com/inward/citedby.uri?partnerID=HzOxMe3b&scp=84879175990&origin=inward,,2026-04-12 18:29:24,Article,10.1134/S001387381303007X,00138738,https://api.elsevier.com/content/abstract/scopus_id/84879175990,93,3,,,,0.0,0.0,1,12,,,,84879175990,2-s2.0-84879175990
2,Sato H.,"Bojamyces repens (Harpellales) from exuviae of mayfly, a new record from Japan",2013,Mycoscience,,https://www.scopus.com/inward/record.uri?partnerID=HzOxMe3b&scp=84875440337&origin=inward,https://www.scopus.com/inward/citedby.uri?partnerID=HzOxMe3b&scp=84875440337&origin=inward,,2026-04-12 18:29:24,Article,10.1016/j.myc.2012.10.001,13403540,https://api.elsevier.com/content/abstract/scopus_id/84875440337,54,3,,,,0.17,2.0,1,12,,,,84875440337,2-s2.0-84875440337
17,Hwang J.,Molecular phylogeny evidence of altitudinal distribution and habitat adaptation in Korean Ephemera species (Ephemeroptera: Ephemeridae),2013,Entomological Research,,https://www.scopus.com/inward/record.uri?partnerID=HzOxMe3b&scp=84872669532&origin=inward,https://www.scopus.com/inward/citedby.uri?partnerID=HzOxMe3b&scp=84872669532&origin=inward,,2026-04-12 18:29:24,Article,10.1111/1748-5967.12008,17382297,https://api.elsevier.com/content/abstract/scopus_id/84872669532,43,1,,,,1.42,17.0,1,12,,,,84872669532,2-s2.0-84872669532
0,DeVanna K.,Interactions between exotic ecosystem engineers (Dreissena spp.) and native burrowing mayflies (Hexagenia spp.) in soft sediments of western Lake Erie,2013,Quagga and Zebra Mussels Biology Impacts and Control Second Edition,,https://www.scopus.com/inward/record.uri?partnerID=HzOxMe3b&scp=85054436085&origin=inward,https://www.scopus.com/inward/citedby.uri?partnerID=HzOxMe3b&scp=85054436085&origin=inward,,2026-04-12 18:29:24,Book Chapter,10.1201/b15437,,https://api.elsevier.com/content/abstract/scopus_id/85054436085,,,,,,0.0,0.0,1,12,,,,85054436085,2-s2.0-85054436085
17,Loayza-Muro R.A.,Ultraviolet-B-driven pigmentation and genetic diversity of benthic macroinvertebrates from high-altitude Andean streams,2013,Freshwater Biology,,https://www.scopus.com/inward/record.uri?partnerID=HzOxMe3b&scp=84879841728&origin=inward,https://www.scopus.com/inward/citedby.uri?partnerID=HzOxMe3b&scp=84879841728&origin=inward,,2026-04-12 18:29:24,Article,10.1111/fwb.12161,00465070,https://api.elsevier.com/content/abstract/scopus_id/84879841728,58,8,,,,1.42,17.0,1,12,,,,84879841728,2-s2.0-84879841728
50,Thomas J.A.,Relaxed phylogenetics and the palaeoptera problem: Resolving deep ancestral splits in the insect phylogeny,2013,Systematic Biology,,https://www.scopus.com/inward/record.uri?partnerID=HzOxMe3b&scp=84873588845&origin=inward,https://www.scopus.com/inward/citedby.uri?partnerID=HzOxMe3b&scp=84873588845&origin=inward,,2026-04-12 18:29:24,Article,10.1093/sysbio/sys093,10635157,https://api.elsevier.com/content/abstract/scopus_id/84873588845,62,2,,,,4.17,50.0,1,12,,,,84873588845,2-s2.0-84873588845
6,Booth A.,Rapid colonisation of artificial substrates by macroinvertebrates in a South African lentic environment,2013,African Journal of Aquatic Science,,https://www.scopus.com/inward/record.uri?partnerID=HzOxMe3b&scp=84879168583&origin=inward,https://www.scopus.com/inward/citedby.uri?partnerID=HzOxMe3b&scp=84879168583&origin=inward,,2026-04-12 18:29:24,Article,10.2989/16085914.2012.744687,16085914,https://api.elsevier.com/content/abstract/scopus_id/84879168583,38,2,,,,0.5,6.0,1,12,,,,84879168583,2-s2.0-84879168583
12,Ward J.M.,Impacts of dreissena on benthic macroinvertebrate communities: Predictable patterns revealed by invasion history,2013,Quagga and Zebra Mussels Biology Impacts and Control Second Edition,,https://www.scopus.com/inward/record.uri?partnerID=HzOxMe3b&scp=84964889647&origin=inward,https://www.scopus.com/inward/citedby.uri?partnerID=HzOxMe3b&scp=84964889647&origin=inward,,2026-04-12 18:29:24,Book Chapter,10.1201/b15437,,https://api.elsevier.com/content/abstract/scopus_id/84964889647,,,,,,1.0,12.0,1,12,,,,84964889647,2-s2.0-84964889647
12,Marden J.,Reanalysis and experimental evidence indicate that the earliest trace fossil of a winged insect was a surface-skimming neopteran,2013,Evolution,,https://www.scopus.com/inward/record.uri?partnerID=HzOxMe3b&scp=84871953319&origin=inward,https://www.scopus.com/inward/citedby.uri?partnerID=HzOxMe3b&scp=84871953319&origin=inward,,2026-04-12 18:29:24,Article,10.1111/j.1558-5646.2012.01743.x,00143820,https://api.elsevier.com/content/abstract/scopus_id/84871953319,67,1,,,,1.0,12.0,1,12,,,,84871953319,2-s2.0-84871953319
16,Cruz P.V.,A new genus and species of Baetidae (Insecta: Ephemeroptera) from Brazil,2013,Annales De Limnologie,,https://www.scopus.com/inward/record.uri?partnerID=HzOxMe3b&scp=84874884864&origin=inward,https://www.scopus.com/inward/citedby.uri?partnerID=HzOxMe3b&scp=84874884864&origin=inward,,2026-04-12 18:29:24,Article,10.1051/limn/2013033,00034088,https://api.elsevier.com/content/abstract/scopus_id/84874884864,49,1,,,,1.33,16.0,1,12,,,,84874884864,2-s2.0-84874884864
88,Kunz J.,Use of reconstituted waters to evaluate effects of elevated major ions associated with mountaintop coal mining on freshwater invertebrates,2013,Environmental Toxicology and Chemistry,,https://www.scopus.com/inward/record.uri?partnerID=HzOxMe3b&scp=84887824967&origin=inward,https://www.scopus.com/inward/citedby.uri?partnerID=HzOxMe3b&scp=84887824967&origin=inward,,2026-04-12 18:29:24,Article,10.1002/etc.2391,07307268,https://api.elsevier.com/content/abstract/scopus_id/84887824967,32,12,,,,7.33,88.0,1,12,,,,84887824967,2-s2.0-84887824967
5,García T. L.F.,"The first record of Choroterpes (Ephemeroptera: Leptophlebiidae) from Caldas, Colombia",2013,Revista Colombiana De Entomologia,,https://www.scopus.com/inward/record.uri?partnerID=HzOxMe3b&scp=84897845640&origin=inward,https://www.scopus.com/inward/citedby.uri?partnerID=HzOxMe3b&scp=84897845640&origin=inward,,2026-04-12 18:29:24,Article,,01200488,https://api.elsevier.com/content/abstract/scopus_id/84897845640,39,1,,,,0.42,5.0,1,12,,,,84897845640,2-s2.0-84897845640
1,Tiunova T.M.,"New species of Cinygmula McDunnough, 1933 and larval description of Cinygmula irina Tshernova &belov, 1982 from the Russian Far East (Ephemeroptera: Heptageniidae)",2013,Zootaxa,,https://www.scopus.com/inward/record.uri?partnerID=HzOxMe3b&scp=84880729797&origin=inward,https://www.scopus.com/inward/citedby.uri?partnerID=HzOxMe3b&scp=84880729797&origin=inward,,2026-04-12 18:29:24,Article,10.11646/zootaxa.3691.1.4,11755326,https://api.elsevier.com/content/abstract/scopus_id/84880729797,3691,1,,,,0.08,1.0,1,12,,,,84880729797,2-s2.0-84880729797
24,Orlofske J.M.,The tiny mayfly in the room: Implications of size-dependent invertebrate taxonomic identification for biomonitoring data properties,2013,Aquatic Ecology,,https://www.scopus.com/inward/record.uri?partnerID=HzOxMe3b&scp=84887881061&origin=inward,https://www.scopus.com/inward/citedby.uri?partnerID=HzOxMe3b&scp=84887881061&origin=inward,,2026-04-12 18:29:24,Article,10.1007/s10452-013-9460-1,13862588,https://api.elsevier.com/content/abstract/scopus_id/84887881061,47,4,,,,2.0,24.0,1,12,,,,84887881061,2-s2.0-84887881061
7,Gutiérrez Y.,"Paracloeodes caldensis (Ephemeroptera: Baetidae), an atypical new species from the Colombian Andes",2013,Zootaxa,,https://www.scopus.com/inward/record.uri?partnerID=HzOxMe3b&scp=84886679515&origin=inward,https://www.scopus.com/inward/citedby.uri?partnerID=HzOxMe3b&scp=84886679515&origin=inward,,2026-04-12 18:29:24,Article,10.11646/zootaxa.3721.3.6,11755326,https://api.elsevier.com/content/abstract/scopus_id/84886679515,3721,3,,,,0.58,7.0,1,12,,,,84886679515,2-s2.0-84886679515
4,Pereira-Da-Conceicoa L.,"Redescription and lectotype designation of the endemic south african mayfly lestagella penicillata (barnard, 1932) (ephemeroptera: Teloganodidae)",2013,Zootaxa,,https://www.scopus.com/inward/record.uri?partnerID=HzOxMe3b&scp=84891072736&origin=inward,https://www.scopus.com/inward/citedby.uri?partnerID=HzOxMe3b&scp=84891072736&origin=inward,,2026-04-12 18:29:24,Article,10.11646/zootaxa.3750.5.2,11755326,https://api.elsevier.com/content/abstract/scopus_id/84891072736,3750,5,,,,0.33,4.0,1,12,,,,84891072736,2-s2.0-84891072736
6,Kluge N.J.,"Mayflies of the Caucasus Mountains. II. Description of the first representative of the subgenus Helvetoraeticus Bauernfeind & Soldán, 2012 (Heptageniidae: Ecdyonurus)",2013,Zootaxa,,https://www.scopus.com/inward/record.uri?partnerID=HzOxMe3b&scp=84878513313&origin=inward,https://www.scopus.com/inward/citedby.uri?partnerID=HzOxMe3b&scp=84878513313&origin=inward,,2026-04-12 18:29:24,Article,10.11646/zootaxa.3608.1.3,11755326,https://api.elsevier.com/content/abstract/scopus_id/84878513313,3608,1,,,,0.5,6.0,1,12,,,,84878513313,2-s2.0-84878513313
32,Vangheluwe M.L.U.,Improving sediment-quality guidelines for nickel: Development and application of predictive bioavailability models to assess chronic toxicity of nickel in freshwater sediments,2013,Environmental Toxicology and Chemistry,,https://www.scopus.com/inward/record.uri?partnerID=HzOxMe3b&scp=84885862108&origin=inward,https://www.scopus.com/inward/citedby.uri?partnerID=HzOxMe3b&scp=84885862108&origin=inward,,2026-04-12 18:29:24,Article,10.1002/etc.2373,07307268,https://api.elsevier.com/content/abstract/scopus_id/84885862108,32,11,,,,2.67,32.0,1,12,,,,84885862108,2-s2.0-84885862108
4,Wögerbauer C.M.,Seasonal variation in diet and feeding strategy of three mayfly species,2013,Biology and Environment,,https://www.scopus.com/inward/record.uri?partnerID=HzOxMe3b&scp=84892585968&origin=inward,https://www.scopus.com/inward/citedby.uri?partnerID=HzOxMe3b&scp=84892585968&origin=inward,,2026-04-12 18:29:24,Article,10.3318/BIOE.2013.18,07917945,https://api.elsevier.com/content/abstract/scopus_id/84892585968,113 B,3,,,,0.33,4.0,1,12,,,,84892585968,2-s2.0-84892585968
19,Peckarsky B.,Nutrient limitation controls the strength of behavioral trophic cascades in high elevation streams,2013,Ecosphere,,https://www.scopus.com/inward/record.uri?partnerID=HzOxMe3b&scp=84900427606&origin=inward,https://www.scopus.com/inward/citedby.uri?partnerID=HzOxMe3b&scp=84900427606&origin=inward,,2026-04-12 18:29:24,Article,10.1890/ES13.00084.1,,https://api.elsevier.com/content/abstract/scopus_id/84900427606,4,9,,,,1.58,19.0,1,12,,,,84900427606,2-s2.0-84900427606
40,Zinchenko T.D.,Salinity tolerance of macroinvertebrates in stream waters (review),2013,Arid Ecosystems,,https://www.scopus.com/inward/record.uri?partnerID=HzOxMe3b&scp=85018222364&origin=inward,https://www.scopus.com/inward/citedby.uri?partnerID=HzOxMe3b&scp=85018222364&origin=inward,,2026-04-12 18:29:24,Article,10.1134/S2079096113030116,20790961,https://api.elsevier.com/content/abstract/scopus_id/85018222364,3,3,,,,3.33,40.0,1,12,,,,85018222364,2-s2.0-85018222364
10,Kobayashi S.,Riffle topography and water flow support high invertebrate biomass in a gravel-bed river,2013,Freshwater Science,,https://www.scopus.com/inward/record.uri?partnerID=HzOxMe3b&scp=84884325954&origin=inward,https://www.scopus.com/inward/citedby.uri?partnerID=HzOxMe3b&scp=84884325954&origin=inward,,2026-04-12 18:29:24,Article,10.1899/12-080.1,21619549,https://api.elsevier.com/content/abstract/scopus_id/84884325954,32,3,,,,0.83,10.0,1,12,,,,84884325954,2-s2.0-84884325954
84,Clements W.H.,Responses of aquatic insects to Cu and Zn in stream microcosms: Understanding differences between single species tests and field responses,2013,Environmental Science and Technology,,https://www.scopus.com/inward/record.uri?partnerID=HzOxMe3b&scp=84880083049&origin=inward,https://www.scopus.com/inward/citedby.uri?partnerID=HzOxMe3b&scp=84880083049&origin=inward,,2026-04-12 18:29:24,Article,10.1021/es401255h,0013936X,https://api.elsevier.com/content/abstract/scopus_id/84880083049,47,13,,,,7.0,84.0,1,12,,,,84880083049,2-s2.0-84880083049
0,Montoya J.V.,"First report of Asthenopus angelae De Souza y Molineri, 2012 (Ephemeroptera: Polymitarcyidae) from Venezuela and habitat characteristics",2013,Entomotropica,,https://www.scopus.com/inward/record.uri?partnerID=HzOxMe3b&scp=84885333883&origin=inward,https://www.scopus.com/inward/citedby.uri?partnerID=HzOxMe3b&scp=84885333883&origin=inward,,2026-04-12 18:29:24,Article,,13175262,https://api.elsevier.com/content/abstract/scopus_id/84885333883,28,1,,,,0.0,0.0,1,12,,,,84885333883,2-s2.0-84885333883
3,Salinas L.G.,"First record of Hydrosmilodon primanus (Eaton) (Ephemeroptera, Leptophlebiidae) from South America",2013,Biota Neotropica,,https://www.scopus.com/inward/record.uri?partnerID=HzOxMe3b&scp=84877757602&origin=inward,https://www.scopus.com/inward/citedby.uri?partnerID=HzOxMe3b&scp=84877757602&origin=inward,,2026-04-12 18:29:24,Article,10.1590/S1676-06032013000100038,16786424,https://api.elsevier.com/content/abstract/scopus_id/84877757602,13,1,,,,0.25,3.0,1,12,,,,84877757602,2-s2.0-84877757602
42,Li F.,Temperature change and macroinvertebrate biodiversity: Assessments of organism vulnerability and potential distributions,2013,Climatic Change,,https://www.scopus.com/inward/record.uri?partnerID=HzOxMe3b&scp=84879180252&origin=inward,https://www.scopus.com/inward/citedby.uri?partnerID=HzOxMe3b&scp=84879180252&origin=inward,,2026-04-12 18:29:24,Article,10.1007/s10584-013-0720-9,01650009,https://api.elsevier.com/content/abstract/scopus_id/84879180252,119,2,,,,3.5,42.0,1,12,,,,84879180252,2-s2.0-84879180252
10,Caldwell C.A.,Prescribed-Fire Effects on an Aquatic Community of a Southwest Montane Grassland System,2013,North American Journal of Fisheries Management,,https://www.scopus.com/inward/record.uri?partnerID=HzOxMe3b&scp=84885354089&origin=inward,https://www.scopus.com/inward/citedby.uri?partnerID=HzOxMe3b&scp=84885354089&origin=inward,,2026-04-12 18:29:24,Article,10.1080/02755947.2013.824934,02755947,https://api.elsevier.com/content/abstract/scopus_id/84885354089,33,5,,,,0.83,10.0,1,12,,,,84885354089,2-s2.0-84885354089
15,Jones O.,The effects of spinosad on culex quinquefasciatus and three nontarget insect species,2013,Journal of the American Mosquito Control Association,,https://www.scopus.com/inward/record.uri?partnerID=HzOxMe3b&scp=84893849393&origin=inward,https://www.scopus.com/inward/citedby.uri?partnerID=HzOxMe3b&scp=84893849393&origin=inward,,2026-04-12 18:29:24,Article,10.2987/13-6352.1,8756971X,https://api.elsevier.com/content/abstract/scopus_id/84893849393,29,4,,,,1.25,15.0,1,12,,,,84893849393,2-s2.0-84893849393
10,Dick J.,Natural born killers: An invasive amphipod is predatory throughout its life-history,2013,Biological Invasions,,https://www.scopus.com/inward/record.uri?partnerID=HzOxMe3b&scp=84871937893&origin=inward,https://www.scopus.com/inward/citedby.uri?partnerID=HzOxMe3b&scp=84871937893&origin=inward,,2026-04-12 18:29:24,Article,10.1007/s10530-012-0287-9,13873547,https://api.elsevier.com/content/abstract/scopus_id/84871937893,15,2,,,,0.83,10.0,1,12,,,,84871937893,2-s2.0-84871937893
72,Fatima Mitterboeck T.,Flight loss linked to faster molecular evolution in insects,2013,Proceedings of the Royal Society B Biological Sciences,,https://www.scopus.com/inward/record.uri?partnerID=HzOxMe3b&scp=84880750958&origin=inward,https://www.scopus.com/inward/citedby.uri?partnerID=HzOxMe3b&scp=84880750958&origin=inward,,2026-04-12 18:29:24,Article,10.1098/rspb.2013.1128,09628452,https://api.elsevier.com/content/abstract/scopus_id/84880750958,280,1767,,,,6.0,72.0,1,12,,,,84880750958,2-s2.0-84880750958
1,Bo T.,"Nymphal biology of Ephoron virgo (Olivier, 1791) (Ephemeroptera, Polymitarcyidae) in an Apenninic river (NW Italy)",2013,Entomological Science,,https://www.scopus.com/inward/record.uri?partnerID=HzOxMe3b&scp=84880039411&origin=inward,https://www.scopus.com/inward/citedby.uri?partnerID=HzOxMe3b&scp=84880039411&origin=inward,,2026-04-12 18:29:24,Article,10.1111/ens.12012,13438786,https://api.elsevier.com/content/abstract/scopus_id/84880039411,16,3,,,,0.08,1.0,1,12,,,,84880039411,2-s2.0-84880039411
19,Baird J.,Historical aspects of Potomac horse fever in Ontario (1924-2010),2013,Canadian Veterinary Journal,,https://www.scopus.com/inward/record.uri?partnerID=HzOxMe3b&scp=84880092060&origin=inward,https://www.scopus.com/inward/citedby.uri?partnerID=HzOxMe3b&scp=84880092060&origin=inward,,2026-04-12 18:29:24,Review,,00085286,https://api.elsevier.com/content/abstract/scopus_id/84880092060,54,6,,,,1.58,19.0,1,12,,,,84880092060,2-s2.0-84880092060
7,Costa S.,"Description of a new species of Miroculis Edmunds, 1963 (Ephemeroptera: Leptophlebiidae) from Brazil",2013,Zootaxa,,https://www.scopus.com/inward/record.uri?partnerID=HzOxMe3b&scp=84878482501&origin=inward,https://www.scopus.com/inward/citedby.uri?partnerID=HzOxMe3b&scp=84878482501&origin=inward,,2026-04-12 18:29:24,Article,10.11646/zootaxa.3599.5.7,11755326,https://api.elsevier.com/content/abstract/scopus_id/84878482501,3599,5,,,,0.58,7.0,1,12,,,,84878482501,2-s2.0-84878482501
265,Twardochleb L.A.,A global meta-analysis of the ecological impacts of nonnative crayfish,2013,Freshwater Science,,https://www.scopus.com/inward/record.uri?partnerID=HzOxMe3b&scp=84888243854&origin=inward,https://www.scopus.com/inward/citedby.uri?partnerID=HzOxMe3b&scp=84888243854&origin=inward,,2026-04-12 18:29:24,Article,10.1899/12-203.1,21619549,https://api.elsevier.com/content/abstract/scopus_id/84888243854,32,4,,,,22.08,265.0,1,12,,,,84888243854,2-s2.0-84888243854
0,Cios S.,Man and the environment in antiquity. On the origin of fly fishing in Europe,2013,Archaeofauna,,https://www.scopus.com/inward/record.uri?partnerID=HzOxMe3b&scp=84890343417&origin=inward,https://www.scopus.com/inward/citedby.uri?partnerID=HzOxMe3b&scp=84890343417&origin=inward,,2026-04-12 18:29:24,Conference Paper,10.15366/archaeofauna2013.22.016,11326891,https://api.elsevier.com/content/abstract/scopus_id/84890343417,22,,,,,0.0,0.0,1,12,,,,84890343417,2-s2.0-84890343417
4,Valle L.,Consolidating the legacy of J.-F. Manier: new species and records of trichomycetes from France.,2013,Mycologia,,https://www.scopus.com/inward/record.uri?partnerID=HzOxMe3b&scp=84892397197&origin=inward,https://www.scopus.com/inward/citedby.uri?partnerID=HzOxMe3b&scp=84892397197&origin=inward,,2026-04-12 18:29:24,Article,10.3852/13-129,00275514,https://api.elsevier.com/content/abstract/scopus_id/84892397197,105,6,,,,0.33,4.0,1,12,,,,84892397197,2-s2.0-84892397197
1,Isaeva V.V.,Topological and fractal approaches to systematics and biodiversity,2013,Invertebrates Classification Evolution and Biodiversity,,https://www.scopus.com/inward/record.uri?partnerID=HzOxMe3b&scp=84895388384&origin=inward,https://www.scopus.com/inward/citedby.uri?partnerID=HzOxMe3b&scp=84895388384&origin=inward,,2026-04-12 18:29:24,Book Chapter,,,https://api.elsevier.com/content/abstract/scopus_id/84895388384,,,,,,0.08,1.0,1,12,,,,84895388384,2-s2.0-84895388384
2,Souto P.M.,"Description of the nymph of Massartella alegrettae Ulmer, 1943 (Ephemeroptera: Leptophlebiidae: Atalophlebiinae) with a key to Massartella Lestage, 1930 nymphs",2013,Zootaxa,,https://www.scopus.com/inward/record.uri?partnerID=HzOxMe3b&scp=84879613293&origin=inward,https://www.scopus.com/inward/citedby.uri?partnerID=HzOxMe3b&scp=84879613293&origin=inward,,2026-04-12 18:29:24,Article,10.11646/zootaxa.3681.5.7,11755326,https://api.elsevier.com/content/abstract/scopus_id/84879613293,3681,5,,,,0.17,2.0,1,12,,,,84879613293,2-s2.0-84879613293
7,Yeung A.,A manipulative study of macroinvertebrate grazers in Hong Kong streams: Do snails compete with insects?,2013,Freshwater Biology,,https://www.scopus.com/inward/record.uri?partnerID=HzOxMe3b&scp=84884981588&origin=inward,https://www.scopus.com/inward/citedby.uri?partnerID=HzOxMe3b&scp=84884981588&origin=inward,,2026-04-12 18:29:24,Article,10.1111/fwb.12210,00465070,https://api.elsevier.com/content/abstract/scopus_id/84884981588,58,11,,,,0.58,7.0,1,12,,,,84884981588,2-s2.0-84884981588
3,Nieto C.,The nymph of Callibaetis dominguezi Gillies (Ephemeroptera: Baetidae),2013,Studies on Neotropical Fauna and Environment,,https://www.scopus.com/inward/record.uri?partnerID=HzOxMe3b&scp=84896738693&origin=inward,https://www.scopus.com/inward/citedby.uri?partnerID=HzOxMe3b&scp=84896738693&origin=inward,,2026-04-12 18:29:24,Article,10.1080/01650521.2013.869041,01650521,https://api.elsevier.com/content/abstract/scopus_id/84896738693,48,3,,,,0.25,3.0,1,12,,,,84896738693,2-s2.0-84896738693
7,Damstra R.,"Summer habitat use by lake sturgeon in manistee lake, michigan",2013,Transactions of the American Fisheries Society,,https://www.scopus.com/inward/record.uri?partnerID=HzOxMe3b&scp=84883255140&origin=inward,https://www.scopus.com/inward/citedby.uri?partnerID=HzOxMe3b&scp=84883255140&origin=inward,,2026-04-12 18:29:24,Article,10.1080/00028487.2013.788562,00028487,https://api.elsevier.com/content/abstract/scopus_id/84883255140,142,4,,,,0.58,7.0,1,12,,,,84883255140,2-s2.0-84883255140
8,Gonçalves I.,"Thraulodes bonito sp. Nov. (Ephemeroptera: Leptophlebiidae) from Rio de Janeiro State, Southeastern Brazil",2013,Zootaxa,,https://www.scopus.com/inward/record.uri?partnerID=HzOxMe3b&scp=84878841125&origin=inward,https://www.scopus.com/inward/citedby.uri?partnerID=HzOxMe3b&scp=84878841125&origin=inward,,2026-04-12 18:29:24,Article,10.11646/zootaxa.3669.2.6,11755326,https://api.elsevier.com/content/abstract/scopus_id/84878841125,3669,2,,,,0.67,8.0,1,12,,,,84878841125,2-s2.0-84878841125
7,Shi W.,A new species of Prosopistoma (Ephemeroptera: Prosopistomatidae) from China with a key to Oriental species,2013,Zootaxa,,https://www.scopus.com/inward/record.uri?partnerID=HzOxMe3b&scp=84885125392&origin=inward,https://www.scopus.com/inward/citedby.uri?partnerID=HzOxMe3b&scp=84885125392&origin=inward,,2026-04-12 18:29:24,Article,10.11646/zootaxa.3718.1.8,11755326,https://api.elsevier.com/content/abstract/scopus_id/84885125392,3718,1,,,,0.58,7.0,1,12,,,,84885125392,2-s2.0-84885125392
11,Massariol F.C.,"Two-winged cloeodes in brazil: New species, stage description, and key to South American species",2013,Journal of Insect Science,,https://www.scopus.com/inward/record.uri?partnerID=HzOxMe3b&scp=84881187198&origin=inward,https://www.scopus.com/inward/citedby.uri?partnerID=HzOxMe3b&scp=84881187198&origin=inward,,2026-04-12 18:29:24,Article,10.1673/031.013.6001,,https://api.elsevier.com/content/abstract/scopus_id/84881187198,13,,,,,0.92,11.0,1,12,,,,84881187198,2-s2.0-84881187198
0,Trisina W.,"A study of benthic macroinvertebrates and hyporheic zone at Wu Gou Shui Area, Taiwan",2013,World Environmental and Water Resources Congress 2013 Showcasing the Future Proceedings of the 2013 Congress,,https://www.scopus.com/inward/record.uri?partnerID=HzOxMe3b&scp=84887478678&origin=inward,https://www.scopus.com/inward/citedby.uri?partnerID=HzOxMe3b&scp=84887478678&origin=inward,,2026-04-12 18:29:24,Conference Paper,10.1061/9780784412947.038,,https://api.elsevier.com/content/abstract/scopus_id/84887478678,,,,,,0.0,0.0,1,12,,,,84887478678,2-s2.0-84887478678
14,Nascimento J.M.C.D.,New species of hermanella complex (ephemeroptera: Leptophlebiidae) from brazilian atlantic forest,2013,Zootaxa,,https://www.scopus.com/inward/record.uri?partnerID=HzOxMe3b&scp=84885094842&origin=inward,https://www.scopus.com/inward/citedby.uri?partnerID=HzOxMe3b&scp=84885094842&origin=inward,,2026-04-12 18:29:24,Article,10.11646/zootaxa.3718.1.1,11755326,https://api.elsevier.com/content/abstract/scopus_id/84885094842,3718,1,,,,1.17,14.0,1,12,,,,84885094842,2-s2.0-84885094842
51,Back J.A.,Sex and size matter: Ontogenetic patterns of nutrient content of aquatic insects,2013,Freshwater Science,,https://www.scopus.com/inward/record.uri?partnerID=HzOxMe3b&scp=84884338991&origin=inward,https://www.scopus.com/inward/citedby.uri?partnerID=HzOxMe3b&scp=84884338991&origin=inward,,2026-04-12 18:29:24,Article,10.1899/12-181.1,21619549,https://api.elsevier.com/content/abstract/scopus_id/84884338991,32,3,,,,4.25,51.0,1,12,,,,84884338991,2-s2.0-84884338991
12,Barnett A.A.,"Arthropod Predation by a Specialist Seed Predator, the Golden-backed Uacari (Cacajao melanocephalus ouakary, Pitheciidae) in Brazilian Amazonia",2013,International Journal of Primatology,,https://www.scopus.com/inward/record.uri?partnerID=HzOxMe3b&scp=84878209058&origin=inward,https://www.scopus.com/inward/citedby.uri?partnerID=HzOxMe3b&scp=84878209058&origin=inward,,2026-04-12 18:29:24,Article,10.1007/s10764-013-9673-0,01640291,https://api.elsevier.com/content/abstract/scopus_id/84878209058,34,3,,,,1.0,12.0,1,12,,,,84878209058,2-s2.0-84878209058
8,William R.T.,"Trichomycetes associated with insects in Lotic habitats (streams) within the halifax regional municipality, Nova Scotia, Canada",2013,Botany,,https://www.scopus.com/inward/record.uri?partnerID=HzOxMe3b&scp=84878757978&origin=inward,https://www.scopus.com/inward/citedby.uri?partnerID=HzOxMe3b&scp=84878757978&origin=inward,,2026-04-12 18:29:24,Article,10.1139/cjb-2012-0237,19162804,https://api.elsevier.com/content/abstract/scopus_id/84878757978,91,6,,,,0.67,8.0,1,12,,,,84878757978,2-s2.0-84878757978
4,Waldt E.,"Fall diel diet composition of American eel (Anguilla rostrata) in a tributary of the Hudson River, New York, USA",2013,Journal of Freshwater Ecology,,https://www.scopus.com/inward/record.uri?partnerID=HzOxMe3b&scp=84876255161&origin=inward,https://www.scopus.com/inward/citedby.uri?partnerID=HzOxMe3b&scp=84876255161&origin=inward,,2026-04-12 18:29:24,Article,10.1080/02705060.2012.706755,02705060,https://api.elsevier.com/content/abstract/scopus_id/84876255161,28,1,,,,0.33,4.0,1,12,,,,84876255161,2-s2.0-84876255161
0,Bottová K.,Life history and secondary production of Electrogena ujhelyii (Ephemeroptera: Heptageniidae) in a small forest stream in West Carpathians,2013,Biologia Poland,,https://www.scopus.com/inward/record.uri?partnerID=HzOxMe3b&scp=84874292760&origin=inward,https://www.scopus.com/inward/citedby.uri?partnerID=HzOxMe3b&scp=84874292760&origin=inward,,2026-04-12 18:29:24,Article,10.2478/s11756-013-0146-x,00063088,https://api.elsevier.com/content/abstract/scopus_id/84874292760,68,2,,,,0.0,0.0,1,12,,,,84874292760,2-s2.0-84874292760
33,Ramchunder S.,Rotational vegetation burning effects on peatland stream ecosystems,2013,Journal of Applied Ecology,,https://www.scopus.com/inward/record.uri?partnerID=HzOxMe3b&scp=84878212830&origin=inward,https://www.scopus.com/inward/citedby.uri?partnerID=HzOxMe3b&scp=84878212830&origin=inward,,2026-04-12 18:29:24,Article,10.1111/1365-2664.12082,00218901,https://api.elsevier.com/content/abstract/scopus_id/84878212830,50,3,,,,2.75,33.0,1,12,,,,84878212830,2-s2.0-84878212830
8,Hogsden K.L.,Do food quantity and quality affect food webs in streams polluted by acid mine drainage?,2013,Marine and Freshwater Research,,https://www.scopus.com/inward/record.uri?partnerID=HzOxMe3b&scp=84883762002&origin=inward,https://www.scopus.com/inward/citedby.uri?partnerID=HzOxMe3b&scp=84883762002&origin=inward,,2026-04-12 18:29:24,Article,10.1071/MF13016,13231650,https://api.elsevier.com/content/abstract/scopus_id/84883762002,64,12,,,,0.67,8.0,1,12,,,,84883762002,2-s2.0-84883762002
66,Macneil C.,Potential effects of the invasive 'killer shrimp' (Dikerogammarus villosus) on macroinvertebrate assemblages and biomonitoring indices,2013,Freshwater Biology,,https://www.scopus.com/inward/record.uri?partnerID=HzOxMe3b&scp=84871012837&origin=inward,https://www.scopus.com/inward/citedby.uri?partnerID=HzOxMe3b&scp=84871012837&origin=inward,,2026-04-12 18:29:24,Article,10.1111/fwb.12048,00465070,https://api.elsevier.com/content/abstract/scopus_id/84871012837,58,1,,,,5.5,66.0,1,12,,,,84871012837,2-s2.0-84871012837
4,Tiunova T.M.,"New species of ameletus eaton, 1885 and redescription of Ameletus longulus Sinichenkova, 1981 from the Russian Far East (Ephemeroptera: Ameletidae)",2013,Zootaxa,,https://www.scopus.com/inward/record.uri?partnerID=HzOxMe3b&scp=84878701678&origin=inward,https://www.scopus.com/inward/citedby.uri?partnerID=HzOxMe3b&scp=84878701678&origin=inward,,2026-04-12 18:29:24,Article,10.11646/zootaxa.3630.3.7,11755326,https://api.elsevier.com/content/abstract/scopus_id/84878701678,3630,3,,,,0.33,4.0,1,12,,,,84878701678,2-s2.0-84878701678
7,Thompson C.,"Ecological patterns along two alpine glacial streams in the fitzpatrick Wilderness, Wind River Range, USA",2013,Western North American Naturalist,,https://www.scopus.com/inward/record.uri?partnerID=HzOxMe3b&scp=84880273929&origin=inward,https://www.scopus.com/inward/citedby.uri?partnerID=HzOxMe3b&scp=84880273929&origin=inward,,2026-04-12 18:29:24,Article,10.3398/064.073.0203,15270904,https://api.elsevier.com/content/abstract/scopus_id/84880273929,73,2,,,,0.58,7.0,1,12,,,,84880273929,2-s2.0-84880273929
11,Alp M.,Shifts in isotopic signatures of animals with complex life-cycles can complicate conclusions on cross-boundary trophic links,2013,Aquatic Sciences,,https://www.scopus.com/inward/record.uri?partnerID=HzOxMe3b&scp=84884418278&origin=inward,https://www.scopus.com/inward/citedby.uri?partnerID=HzOxMe3b&scp=84884418278&origin=inward,,2026-04-12 18:29:24,Article,10.1007/s00027-013-0303-x,10151621,https://api.elsevier.com/content/abstract/scopus_id/84884418278,75,4,,,,0.92,11.0,1,12,,,,84884418278,2-s2.0-84884418278
23,Long B.,Analysis of DNA from feces to identify prey of big brown bats (Eptesicus fuscus) caught in apple orchards,2013,American Midland Naturalist,,https://www.scopus.com/inward/record.uri?partnerID=HzOxMe3b&scp=84884821858&origin=inward,https://www.scopus.com/inward/citedby.uri?partnerID=HzOxMe3b&scp=84884821858&origin=inward,,2026-04-12 18:29:24,Article,10.1674/0003-0031-170.2.287,00030031,https://api.elsevier.com/content/abstract/scopus_id/84884821858,170,2,,,,1.92,23.0,1,12,,,,84884821858,2-s2.0-84884821858
4,Wujek D.,Epizooic diatoms on the cerci of Ephemeroptera (Caenidae) Naiads,2013,Great Lakes Entomologist,,https://www.scopus.com/inward/record.uri?partnerID=HzOxMe3b&scp=84876568913&origin=inward,https://www.scopus.com/inward/citedby.uri?partnerID=HzOxMe3b&scp=84876568913&origin=inward,,2026-04-12 18:29:24,Article,,00900222,https://api.elsevier.com/content/abstract/scopus_id/84876568913,46,1-2,,,,0.33,4.0,1,12,,,,84876568913,2-s2.0-84876568913
8,Cox O.N.,An integrated assessment of polycyclic aromatic hydrocarbons (PAHs) and benthic macroinvertebrate communities in Isle Royale National Park,2013,Journal of Great Lakes Research,,https://www.scopus.com/inward/record.uri?partnerID=HzOxMe3b&scp=84873745863&origin=inward,https://www.scopus.com/inward/citedby.uri?partnerID=HzOxMe3b&scp=84873745863&origin=inward,,2026-04-12 18:29:24,Article,10.1016/j.jglr.2012.12.015,03801330,https://api.elsevier.com/content/abstract/scopus_id/84873745863,39,1,,,,0.67,8.0,1,12,,,,84873745863,2-s2.0-84873745863
22,Trekels H.,Predator cues magnify effects of the pesticide endosulfan in water bugs in a multi-species test in outdoor containers,2013,Aquatic Toxicology,,https://www.scopus.com/inward/record.uri?partnerID=HzOxMe3b&scp=84879433227&origin=inward,https://www.scopus.com/inward/citedby.uri?partnerID=HzOxMe3b&scp=84879433227&origin=inward,,2026-04-12 18:29:24,Article,10.1016/j.aquatox.2013.04.008,0166445X,https://api.elsevier.com/content/abstract/scopus_id/84879433227,138-139,,,,,1.83,22.0,1,12,,,,84879433227,2-s2.0-84879433227
20,Molineri C.,"Phylogeny and biogeography of the ephemeral Campsurus Eaton (Ephemeroptera, Polymitarcyidae)",2013,Systematic Entomology,,https://www.scopus.com/inward/record.uri?partnerID=HzOxMe3b&scp=84875000859&origin=inward,https://www.scopus.com/inward/citedby.uri?partnerID=HzOxMe3b&scp=84875000859&origin=inward,,2026-04-12 18:29:24,Article,10.1111/j.1365-3113.2012.00656.x,03076970,https://api.elsevier.com/content/abstract/scopus_id/84875000859,38,2,,,,1.67,20.0,1,12,,,,84875000859,2-s2.0-84875000859
49,Hepp L.U.,Dissimilarity of stream insect assemblages: Effects of multiple scales and spatial distances,2013,Hydrobiologia,,https://www.scopus.com/inward/record.uri?partnerID=HzOxMe3b&scp=84871454321&origin=inward,https://www.scopus.com/inward/citedby.uri?partnerID=HzOxMe3b&scp=84871454321&origin=inward,,2026-04-12 18:29:24,Article,10.1007/s10750-012-1367-7,00188158,https://api.elsevier.com/content/abstract/scopus_id/84871454321,703,1,,,,4.08,49.0,1,12,,,,84871454321,2-s2.0-84871454321
40,Suga C.M.,Influence of a forest remnant on macroinvertebrate communities in a degraded tropical stream,2013,Hydrobiologia,,https://www.scopus.com/inward/record.uri?partnerID=HzOxMe3b&scp=84871432811&origin=inward,https://www.scopus.com/inward/citedby.uri?partnerID=HzOxMe3b&scp=84871432811&origin=inward,,2026-04-12 18:29:24,Article,10.1007/s10750-012-1360-1,00188158,https://api.elsevier.com/content/abstract/scopus_id/84871432811,703,1,,,,3.33,40.0,1,12,,,,84871432811,2-s2.0-84871432811
16,Alp M.,Environmental constraints on oviposition of aquatic invertebrates with contrasting life cycles in two human-modified streams,2013,Freshwater Biology,,https://www.scopus.com/inward/record.uri?partnerID=HzOxMe3b&scp=84880045803&origin=inward,https://www.scopus.com/inward/citedby.uri?partnerID=HzOxMe3b&scp=84880045803&origin=inward,,2026-04-12 18:29:24,Article,10.1111/fwb.12181,00465070,https://api.elsevier.com/content/abstract/scopus_id/84880045803,58,9,,,,1.33,16.0,1,12,,,,84880045803,2-s2.0-84880045803
9,Romero R.d.M.,"Community structure of aquatic insects (Ephemeroptera, Plecoptera, and Trichoptera) in Cerrado streams of Paraguay, Paraná, and São Francisco river basins",2013,Biota Neotropica,,https://www.scopus.com/inward/record.uri?partnerID=HzOxMe3b&scp=84877737191&origin=inward,https://www.scopus.com/inward/citedby.uri?partnerID=HzOxMe3b&scp=84877737191&origin=inward,,2026-04-12 18:29:24,Article,10.1590/S1676-06032013000100011,16786424,https://api.elsevier.com/content/abstract/scopus_id/84877737191,13,1,,,,0.75,9.0,1,12,,,,84877737191,2-s2.0-84877737191
46,Colombo V.,Structural changes in a macrozoobenthos assemblage after imidacloprid pulses in aquatic field-based microcosms,2013,Archives of Environmental Contamination and Toxicology,,https://www.scopus.com/inward/record.uri?partnerID=HzOxMe3b&scp=84892562592&origin=inward,https://www.scopus.com/inward/citedby.uri?partnerID=HzOxMe3b&scp=84892562592&origin=inward,,2026-04-12 18:29:24,Article,10.1007/s00244-013-9940-2,00904341,https://api.elsevier.com/content/abstract/scopus_id/84892562592,65,4,,,,3.83,46.0,1,12,,,,84892562592,2-s2.0-84892562592
24,Cain D.,Dietary bioavailability of Cu adsorbed to colloidal hydrous ferric oxide,2013,Environmental Science and Technology,,https://www.scopus.com/inward/record.uri?partnerID=HzOxMe3b&scp=84875345738&origin=inward,https://www.scopus.com/inward/citedby.uri?partnerID=HzOxMe3b&scp=84875345738&origin=inward,,2026-04-12 18:29:24,Article,10.1021/es3044856,0013936X,https://api.elsevier.com/content/abstract/scopus_id/84875345738,47,6,,,,2.0,24.0,1,12,,,,84875345738,2-s2.0-84875345738
12,Fu V.W.K.,"Breeding dynamics, diet, and body condition of the Hong Kong Newt (Paramesotriton hongkongensis)",2013,Herpetological Monographs,,https://www.scopus.com/inward/record.uri?partnerID=HzOxMe3b&scp=84891350912&origin=inward,https://www.scopus.com/inward/citedby.uri?partnerID=HzOxMe3b&scp=84891350912&origin=inward,,2026-04-12 18:29:24,Article,10.1655/Herpmonographs-D-11-00010,07331347,https://api.elsevier.com/content/abstract/scopus_id/84891350912,,27,,,,1.0,12.0,1,12,,,,84891350912,2-s2.0-84891350912
2,Raimundi E.A.,"Fauna of Leptophlebiidae Banks (Insecta: Ephemeroptera) on fragments of the Atlantic Forest from west region of Santa Catarina State, Brazil",2013,Biota Neotropica,,https://www.scopus.com/inward/record.uri?partnerID=HzOxMe3b&scp=84896357769&origin=inward,https://www.scopus.com/inward/citedby.uri?partnerID=HzOxMe3b&scp=84896357769&origin=inward,,2026-04-12 18:29:24,Article,10.1590/S1676-06032013000400006,16786424,https://api.elsevier.com/content/abstract/scopus_id/84896357769,13,4,,,,0.17,2.0,1,12,,,,84896357769,2-s2.0-84896357769
161,Knaust D.,"The ichnogenus Rhizocorallium: Classification, trace makers, palaeoenvironments and evolution",2013,Earth Science Reviews,,https://www.scopus.com/inward/record.uri?partnerID=HzOxMe3b&scp=84882990945&origin=inward,https://www.scopus.com/inward/citedby.uri?partnerID=HzOxMe3b&scp=84882990945&origin=inward,,2026-04-12 18:29:24,Review,10.1016/j.earscirev.2013.04.007,00128252,https://api.elsevier.com/content/abstract/scopus_id/84882990945,126,,,,,13.42,161.0,1,12,,,,84882990945,2-s2.0-84882990945
32,Fanny C.,Benthic indicators of sediment quality associated with run-of-river reservoirs,2013,Hydrobiologia,,https://www.scopus.com/inward/record.uri?partnerID=HzOxMe3b&scp=84871405381&origin=inward,https://www.scopus.com/inward/citedby.uri?partnerID=HzOxMe3b&scp=84871405381&origin=inward,,2026-04-12 18:29:24,Article,10.1007/s10750-012-1355-y,00188158,https://api.elsevier.com/content/abstract/scopus_id/84871405381,703,1,,,,2.67,32.0,1,12,,,,84871405381,2-s2.0-84871405381
31,Blanke A.,The identification of concerted convergence in insect heads corroborates palaeoptera,2013,Systematic Biology,,https://www.scopus.com/inward/record.uri?partnerID=HzOxMe3b&scp=84873600237&origin=inward,https://www.scopus.com/inward/citedby.uri?partnerID=HzOxMe3b&scp=84873600237&origin=inward,,2026-04-12 18:29:24,Article,10.1093/sysbio/sys091,10635157,https://api.elsevier.com/content/abstract/scopus_id/84873600237,62,2,,,,2.58,31.0,1,12,,,,84873600237,2-s2.0-84873600237
31,Storey R.,Survival of aquatic invertebrates in dry bed sediments of intermittent streams: Temperature tolerances and implications for riparian management,2013,Freshwater Science,,https://www.scopus.com/inward/record.uri?partnerID=HzOxMe3b&scp=84884381647&origin=inward,https://www.scopus.com/inward/citedby.uri?partnerID=HzOxMe3b&scp=84884381647&origin=inward,,2026-04-12 18:29:24,Article,10.1899/12-008.1,21619549,https://api.elsevier.com/content/abstract/scopus_id/84884381647,32,1,,,,2.58,31.0,1,12,,,,84884381647,2-s2.0-84884381647
5,Regel K.,On the life cycle and morphology of metacestodes dioecocestus asper (Cyclophyllidea: Dioecocestidae),2013,Parazitologiya,,https://www.scopus.com/inward/record.uri?partnerID=HzOxMe3b&scp=84880966656&origin=inward,https://www.scopus.com/inward/citedby.uri?partnerID=HzOxMe3b&scp=84880966656&origin=inward,,2026-04-12 18:29:24,Article,,00311847,https://api.elsevier.com/content/abstract/scopus_id/84880966656,47,1,,,,0.42,5.0,1,12,,,,84880966656,2-s2.0-84880966656
11,Sechler D.R.,Effects of river stage height and water temperature on diet composition of year-0 sturgeon (Scaphirhynchus spp.): A multi-year study,2013,Journal of Applied Ichthyology,,https://www.scopus.com/inward/record.uri?partnerID=HzOxMe3b&scp=84872357199&origin=inward,https://www.scopus.com/inward/citedby.uri?partnerID=HzOxMe3b&scp=84872357199&origin=inward,,2026-04-12 18:29:24,Article,10.1111/jai.12047,01758659,https://api.elsevier.com/content/abstract/scopus_id/84872357199,29,1,,,,0.92,11.0,1,12,,,,84872357199,2-s2.0-84872357199
39,Hepp L.U.,Distribution of aquatic insects in urban headwater streams,2013,Acta Limnologica Brasiliensia,,https://www.scopus.com/inward/record.uri?partnerID=HzOxMe3b&scp=84883785827&origin=inward,https://www.scopus.com/inward/citedby.uri?partnerID=HzOxMe3b&scp=84883785827&origin=inward,,2026-04-12 18:29:24,Article,10.1590/s2179-975x2013005000014,01026712,https://api.elsevier.com/content/abstract/scopus_id/84883785827,25,1,,,,3.25,39.0,1,12,,,,84883785827,2-s2.0-84883785827
1,Benedek A.M.,"Benthic macroinvertebrate communities from the western part of the Apuseni Nature Park (Crişul Negru Upper River Basin, Romania)",2013,Brukenthal Acta Musei,,https://www.scopus.com/inward/record.uri?partnerID=HzOxMe3b&scp=84911999803&origin=inward,https://www.scopus.com/inward/citedby.uri?partnerID=HzOxMe3b&scp=84911999803&origin=inward,,2026-04-12 18:29:24,Article,,18422691,https://api.elsevier.com/content/abstract/scopus_id/84911999803,8,3,,,,0.08,1.0,1,12,,,,84911999803,2-s2.0-84911999803
8,Lima L.,"The adult stage of Paracloeodes charrua Emmerich & Nieto, 2009 (Ephemeroptera: Baetidae)",2013,Zootaxa,,https://www.scopus.com/inward/record.uri?partnerID=HzOxMe3b&scp=84878838672&origin=inward,https://www.scopus.com/inward/citedby.uri?partnerID=HzOxMe3b&scp=84878838672&origin=inward,,2026-04-12 18:29:24,Letter,10.11646/zootaxa.3640.4.8,11755326,https://api.elsevier.com/content/abstract/scopus_id/84878838672,3640,4,,,,0.67,8.0,1,12,,,,84878838672,2-s2.0-84878838672
10,Minutoli R.,"Potential use of ecotoxicological biomarkers in Serratella ignita (Ephemeroptera) larvae for Alcantara river (Sicily, Italy) water quality assessment",2013,Journal of Limnology,,https://www.scopus.com/inward/record.uri?partnerID=HzOxMe3b&scp=84881225778&origin=inward,https://www.scopus.com/inward/citedby.uri?partnerID=HzOxMe3b&scp=84881225778&origin=inward,,2026-04-12 18:29:24,Note,10.4081/jlimnol.2013.e32,11295767,https://api.elsevier.com/content/abstract/scopus_id/84881225778,72,2,,,,0.83,10.0,1,12,,,,84881225778,2-s2.0-84881225778
2,Moroz M.,Aquatic insects of cross-border water currents between Belarus and Ukraine,2013,Entomological Review,,https://www.scopus.com/inward/record.uri?partnerID=HzOxMe3b&scp=84887263746&origin=inward,https://www.scopus.com/inward/citedby.uri?partnerID=HzOxMe3b&scp=84887263746&origin=inward,,2026-04-12 18:29:24,Article,10.1134/S0013873813070099,00138738,https://api.elsevier.com/content/abstract/scopus_id/84887263746,93,7,,,,0.17,2.0,1,12,,,,84887263746,2-s2.0-84887263746
4,Chacón M.M.,"New species of Nanomis Lugo-Ortiz and McCafferty, 1999 (Ephemeroptera: Baetidae) from Venezuela",2013,Aquatic Insects,,https://www.scopus.com/inward/record.uri?partnerID=HzOxMe3b&scp=84916942510&origin=inward,https://www.scopus.com/inward/citedby.uri?partnerID=HzOxMe3b&scp=84916942510&origin=inward,,2026-04-12 18:29:24,Article,10.1080/01650424.2014.948455,01650424,https://api.elsevier.com/content/abstract/scopus_id/84916942510,35,,,,,0.33,4.0,1,12,,,,84916942510,2-s2.0-84916942510
65,Stewart B.,Upper thermal tolerances of key taxonomic groups of stream invertebrates,2013,Hydrobiologia,,https://www.scopus.com/inward/record.uri?partnerID=HzOxMe3b&scp=84884534837&origin=inward,https://www.scopus.com/inward/citedby.uri?partnerID=HzOxMe3b&scp=84884534837&origin=inward,,2026-04-12 18:29:24,Article,10.1007/s10750-013-1611-9,00188158,https://api.elsevier.com/content/abstract/scopus_id/84884534837,718,1,,,,5.42,65.0,1,12,,,,84884534837,2-s2.0-84884534837
9,Živić I.,The effects of geothermal water inflow on longitudinal changes in benthic macroinvertebrate community composition of a temperate stream,2013,Journal of Thermal Biology,,https://www.scopus.com/inward/record.uri?partnerID=HzOxMe3b&scp=84876315386&origin=inward,https://www.scopus.com/inward/citedby.uri?partnerID=HzOxMe3b&scp=84876315386&origin=inward,,2026-04-12 18:29:24,Article,10.1016/j.jtherbio.2013.03.005,03064565,https://api.elsevier.com/content/abstract/scopus_id/84876315386,38,5,,,,0.75,9.0,1,12,,,,84876315386,2-s2.0-84876315386
1,Vegh S.L.,"Diet of Pachyurus bonariensis (Steindachner, 1879) (Perciformes, Sciaenidae) in Mocoretá, Uruguay River, Argentina",2013,Latin American Journal of Aquatic Research,,https://www.scopus.com/inward/record.uri?partnerID=HzOxMe3b&scp=84890808866&origin=inward,https://www.scopus.com/inward/citedby.uri?partnerID=HzOxMe3b&scp=84890808866&origin=inward,,2026-04-12 18:29:24,Article,10.3856/vol41-issue5-fulltext-18,,https://api.elsevier.com/content/abstract/scopus_id/84890808866,41,5,,,,0.08,1.0,1,12,,,,84890808866,2-s2.0-84890808866
65,Belmar O.,The influence of natural flow regimes on macroinvertebrate assemblages in a semiarid Mediterranean basin,2013,Ecohydrology,,https://www.scopus.com/inward/record.uri?partnerID=HzOxMe3b&scp=84879413282&origin=inward,https://www.scopus.com/inward/citedby.uri?partnerID=HzOxMe3b&scp=84879413282&origin=inward,,2026-04-12 18:29:24,Article,10.1002/eco.1274,19360584,https://api.elsevier.com/content/abstract/scopus_id/84879413282,6,3,,,,5.42,65.0,1,12,,,,84879413282,2-s2.0-84879413282
8,Webb J.,"A new species of Labiobaetis Novikova &Kluge, 1987 (Ephemeroptera: Baetidae) from Washington, USA",2013,Zootaxa,,https://www.scopus.com/inward/record.uri?partnerID=HzOxMe3b&scp=84890750309&origin=inward,https://www.scopus.com/inward/citedby.uri?partnerID=HzOxMe3b&scp=84890750309&origin=inward,,2026-04-12 18:29:24,Article,10.11646/zootaxa.3750.1.8,11755326,https://api.elsevier.com/content/abstract/scopus_id/84890750309,3750,1,,,,0.67,8.0,1,12,,,,84890750309,2-s2.0-84890750309
0,Váncsa E.,"On the identity of Habroleptoides carpatica Bogoescu and Crǎsnaru, 1930 and H. confusa Sartori and Jacob, 1986 (Insecta: Ephemeroptera: Leptophlebiidae: Habrophlebiinae)",2013,Journal of the Entomological Research Society,,https://www.scopus.com/inward/record.uri?partnerID=HzOxMe3b&scp=84893419495&origin=inward,https://www.scopus.com/inward/citedby.uri?partnerID=HzOxMe3b&scp=84893419495&origin=inward,,2026-04-12 18:29:24,Article,,13020250,https://api.elsevier.com/content/abstract/scopus_id/84893419495,15,3,,,,0.0,0.0,1,12,,,,84893419495,2-s2.0-84893419495
12,Abdelsalam K.M.,"Diversity and spatio-temporal distribution of macro-invertebrates communities in spring flows of Tsuya Stream, Gifu Prefecture, central Japan",2013,Egyptian Journal of Aquatic Research,,https://www.scopus.com/inward/record.uri?partnerID=HzOxMe3b&scp=84927515098&origin=inward,https://www.scopus.com/inward/citedby.uri?partnerID=HzOxMe3b&scp=84927515098&origin=inward,,2026-04-12 18:29:24,Article,10.1016/j.ejar.2013.03.003,16874285,https://api.elsevier.com/content/abstract/scopus_id/84927515098,39,1,,,,1.0,12.0,1,12,,,,84927515098,2-s2.0-84927515098
2,Prat N.,"Presence of symbiocladius wygodzinskyi roback, 1965 (diptera, chironomidae) in peru. taxonomic remarks",2013,Graellsia,,https://www.scopus.com/inward/record.uri?partnerID=HzOxMe3b&scp=84881038899&origin=inward,https://www.scopus.com/inward/citedby.uri?partnerID=HzOxMe3b&scp=84881038899&origin=inward,,2026-04-12 18:29:24,Note,10.3989/graellsia.2013.v69.074,03675041,https://api.elsevier.com/content/abstract/scopus_id/84881038899,69,1,,,,0.17,2.0,1,12,,,,84881038899,2-s2.0-84881038899
5,Collier K.,Ecological response differentials: An alternative benchmark to inform stream and river bioassessment,2013,Freshwater Biology,,https://www.scopus.com/inward/record.uri?partnerID=HzOxMe3b&scp=84878768902&origin=inward,https://www.scopus.com/inward/citedby.uri?partnerID=HzOxMe3b&scp=84878768902&origin=inward,,2026-04-12 18:29:24,Article,10.1111/fwb.12145,00465070,https://api.elsevier.com/content/abstract/scopus_id/84878768902,58,7,,,,0.42,5.0,1,12,,,,84878768902,2-s2.0-84878768902
4,Boldrini R.,"The adults of camelobaetidius janae dominique & Thomas, 2001 and C. yacutinga Nieto, 2003, with a new synonym for C. leentvaari Demoulin, 1966 (Ephemeroptera: Baetidae)",2013,Zootaxa,,https://www.scopus.com/inward/record.uri?partnerID=HzOxMe3b&scp=84883235095&origin=inward,https://www.scopus.com/inward/citedby.uri?partnerID=HzOxMe3b&scp=84883235095&origin=inward,,2026-04-12 18:29:24,Article,10.11646/zootaxa.3702.2.4,11755326,https://api.elsevier.com/content/abstract/scopus_id/84883235095,3702,2,,,,0.33,4.0,1,12,,,,84883235095,2-s2.0-84883235095
9,Scrimgeour G.,Benthic macroinvertebrate response to habitat restoration in a constructed arctic stream,2013,River Research and Applications,,https://www.scopus.com/inward/record.uri?partnerID=HzOxMe3b&scp=84875053391&origin=inward,https://www.scopus.com/inward/citedby.uri?partnerID=HzOxMe3b&scp=84875053391&origin=inward,,2026-04-12 18:29:24,Article,10.1002/rra.1602,15351459,https://api.elsevier.com/content/abstract/scopus_id/84875053391,29,3,,,,0.75,9.0,1,12,,,,84875053391,2-s2.0-84875053391
9,Collier K.,Macroinvertebrate-Pressure Relationships In Boatable New Zealand Rivers: Influence Of Underlying Environment And Sampling Substrate,2013,River Research and Applications,,https://www.scopus.com/inward/record.uri?partnerID=HzOxMe3b&scp=84878897197&origin=inward,https://www.scopus.com/inward/citedby.uri?partnerID=HzOxMe3b&scp=84878897197&origin=inward,,2026-04-12 18:29:24,Article,10.1002/rra.2564,15351459,https://api.elsevier.com/content/abstract/scopus_id/84878897197,29,5,,,,0.75,9.0,1,12,,,,84878897197,2-s2.0-84878897197
4,Boldrini R.,"A new species of Corinnella Thomas & Dominique, 2006 (Ephemeroptera: Baetidae)",2013,Zootaxa,,https://www.scopus.com/inward/record.uri?partnerID=HzOxMe3b&scp=84878493821&origin=inward,https://www.scopus.com/inward/citedby.uri?partnerID=HzOxMe3b&scp=84878493821&origin=inward,,2026-04-12 18:29:24,Article,10.11646/zootaxa.3608.1.5,11755326,https://api.elsevier.com/content/abstract/scopus_id/84878493821,3608,1,,,,0.33,4.0,1,12,,,,84878493821,2-s2.0-84878493821
46,Jiang X.,Longitudinal patterns of macroinvertebrate communities in relation to environmental factors in a Tibetan-Plateau river system,2013,Quaternary International,,https://www.scopus.com/inward/record.uri?partnerID=HzOxMe3b&scp=84880634996&origin=inward,https://www.scopus.com/inward/citedby.uri?partnerID=HzOxMe3b&scp=84880634996&origin=inward,,2026-04-12 18:29:24,Article,10.1016/j.quaint.2013.02.034,10406182,https://api.elsevier.com/content/abstract/scopus_id/84880634996,304,,,,,3.83,46.0,1,12,,,,84880634996,2-s2.0-84880634996
20,Abhijna U.G.,Distribution and diversity of aquatic insects of Vellayani lake in Kerala,2013,Journal of Environmental Biology,,https://www.scopus.com/inward/record.uri?partnerID=HzOxMe3b&scp=84880167306&origin=inward,https://www.scopus.com/inward/citedby.uri?partnerID=HzOxMe3b&scp=84880167306&origin=inward,,2026-04-12 18:29:24,Article,,02548704,https://api.elsevier.com/content/abstract/scopus_id/84880167306,34,3,,,,1.67,20.0,1,12,,,,84880167306,2-s2.0-84880167306
10,Sivaruban T.,"Epeorus petersi, a new species of Heptageniidae (Ephemeroptera) from the Western Ghats of southern India",2013,Zootaxa,,https://www.scopus.com/inward/record.uri?partnerID=HzOxMe3b&scp=84887244011&origin=inward,https://www.scopus.com/inward/citedby.uri?partnerID=HzOxMe3b&scp=84887244011&origin=inward,,2026-04-12 18:29:24,Letter,10.11646/zootaxa.3731.3.9,11755326,https://api.elsevier.com/content/abstract/scopus_id/84887244011,3731,3,,,,0.83,10.0,1,12,,,,84887244011,2-s2.0-84887244011
0,Nicola D.,"New record and distribution extension of Baetodes huaico Nieto (Ephemeroptera: Baetidae) from the province of San Luis, Argentina",2013,Check List,,https://www.scopus.com/inward/record.uri?partnerID=HzOxMe3b&scp=84874817813&origin=inward,https://www.scopus.com/inward/citedby.uri?partnerID=HzOxMe3b&scp=84874817813&origin=inward,,2026-04-12 18:29:24,Article,10.15560/9.1.73,,https://api.elsevier.com/content/abstract/scopus_id/84874817813,9,1,,,,0.0,0.0,1,12,,,,84874817813,2-s2.0-84874817813
5,Martynov A.V.,"A new subspecies of the subgenus ecdyonurus eaton, 1868 (Ephemeroptera: Heptageniidae) from the east of Ukraine",2013,Zootaxa,,https://www.scopus.com/inward/record.uri?partnerID=HzOxMe3b&scp=84878947968&origin=inward,https://www.scopus.com/inward/citedby.uri?partnerID=HzOxMe3b&scp=84878947968&origin=inward,,2026-04-12 18:29:24,Article,10.11646/zootaxa.3666.4.5,11755326,https://api.elsevier.com/content/abstract/scopus_id/84878947968,3666,4,,,,0.42,5.0,1,12,,,,84878947968,2-s2.0-84878947968
6,Wiedenbrug S.,"New species of nanocladius kieffer, 1913 (Diptera: Chironomidae: Orthocladiinae) from neotropical region",2013,Annales De Limnologie,,https://www.scopus.com/inward/record.uri?partnerID=HzOxMe3b&scp=84887037999&origin=inward,https://www.scopus.com/inward/citedby.uri?partnerID=HzOxMe3b&scp=84887037999&origin=inward,,2026-04-12 18:29:24,Article,10.1051/limn/2013057,00034088,https://api.elsevier.com/content/abstract/scopus_id/84887037999,49,4,,,,0.5,6.0,1,12,,,,84887037999,2-s2.0-84887037999
30,Brasil L.,"Effects of environmental factors on community structure of Leptophlebiidae (Insecta, Ephemeroptera) in Cerrado streams, Brazil",2013,Iheringia Serie Zoologia,,https://www.scopus.com/inward/record.uri?partnerID=HzOxMe3b&scp=84888245510&origin=inward,https://www.scopus.com/inward/citedby.uri?partnerID=HzOxMe3b&scp=84888245510&origin=inward,,2026-04-12 18:29:24,Article,10.1590/S0073-47212013000300008,00734721,https://api.elsevier.com/content/abstract/scopus_id/84888245510,103,3,,,,2.5,30.0,1,12,,,,84888245510,2-s2.0-84888245510
19,Fogaça F.N.O.,Percentage of Impervious Surface Soil as Indicator of Urbanization Impacts in Neotropical Aquatic Insects,2013,Neotropical Entomology,,https://www.scopus.com/inward/record.uri?partnerID=HzOxMe3b&scp=84884585281&origin=inward,https://www.scopus.com/inward/citedby.uri?partnerID=HzOxMe3b&scp=84884585281&origin=inward,,2026-04-12 18:29:24,Article,10.1007/s13744-013-0155-z,1519566X,https://api.elsevier.com/content/abstract/scopus_id/84884585281,42,5,,,,1.58,19.0,1,12,,,,84884585281,2-s2.0-84884585281
14,Di Prinzio C.Y.,"Feeding strategy of the non-native rainbow trout, Oncorhynchus mykiss, in low-order Patagonian streams",2013,Fisheries Management and Ecology,,https://www.scopus.com/inward/record.uri?partnerID=HzOxMe3b&scp=84883815086&origin=inward,https://www.scopus.com/inward/citedby.uri?partnerID=HzOxMe3b&scp=84883815086&origin=inward,,2026-04-12 18:29:24,Article,10.1111/fme.12028,0969997X,https://api.elsevier.com/content/abstract/scopus_id/84883815086,20,5,,,,1.17,14.0,1,12,,,,84883815086,2-s2.0-84883815086
2,McPherson J.E.,Diversity and community structure of stream insects in a minimally disturbed forested watershed in Southern Illinois,2013,Great Lakes Entomologist,,https://www.scopus.com/inward/record.uri?partnerID=HzOxMe3b&scp=84876518154&origin=inward,https://www.scopus.com/inward/citedby.uri?partnerID=HzOxMe3b&scp=84876518154&origin=inward,,2026-04-12 18:29:24,Article,,00900222,https://api.elsevier.com/content/abstract/scopus_id/84876518154,46,1-2,,,,0.17,2.0,1,12,,,,84876518154,2-s2.0-84876518154
6,Lu D.Q.,Choice of macroinvertebrate metrics for constructing a benthic-index of biotic integrity based on the disturbance gradients in the Qinjiang river basin,2013,Huanjing Kexue Environmental Science,,https://www.scopus.com/inward/record.uri?partnerID=HzOxMe3b&scp=84873111218&origin=inward,https://www.scopus.com/inward/citedby.uri?partnerID=HzOxMe3b&scp=84873111218&origin=inward,,2026-04-12 18:29:24,Article,,02503301,https://api.elsevier.com/content/abstract/scopus_id/84873111218,34,1,,,,0.5,6.0,1,12,,,,84873111218,2-s2.0-84873111218
3,Suter P.J.,The first record and description of a male imago of Austremerella pict a Riek (Ephemeroptera: Ephemerellidae),2013,Australian Entomologist,,https://www.scopus.com/inward/record.uri?partnerID=HzOxMe3b&scp=84890521287&origin=inward,https://www.scopus.com/inward/citedby.uri?partnerID=HzOxMe3b&scp=84890521287&origin=inward,,2026-04-12 18:29:24,Article,,13206133,https://api.elsevier.com/content/abstract/scopus_id/84890521287,40,PART 4,,,,0.25,3.0,1,12,,,,84890521287,2-s2.0-84890521287
21,Tamaris-Turizo C.,"Aquatic Macroinvertebrates drift along of the Gaira River, northwestern side of the Sierra Nevada de Santa Marta, Colombia",2013,Caldasia,,https://www.scopus.com/inward/record.uri?partnerID=HzOxMe3b&scp=84879452624&origin=inward,https://www.scopus.com/inward/citedby.uri?partnerID=HzOxMe3b&scp=84879452624&origin=inward,,2026-04-12 18:29:24,Article,,03665232,https://api.elsevier.com/content/abstract/scopus_id/84879452624,35,1,,,,1.75,21.0,1,12,,,,84879452624,2-s2.0-84879452624
9,Redin A.,Effects of beaver dams on invertebrate drift in forest streams,2013,Sumarski List,,https://www.scopus.com/inward/record.uri?partnerID=HzOxMe3b&scp=84891099038&origin=inward,https://www.scopus.com/inward/citedby.uri?partnerID=HzOxMe3b&scp=84891099038&origin=inward,,2026-04-12 18:29:24,Article,,03731332,https://api.elsevier.com/content/abstract/scopus_id/84891099038,137,11-12,,,,0.75,9.0,1,12,,,,84891099038,2-s2.0-84891099038
84,Chakravorty J.,Comparative Survey of Entomophagy and Entomotherapeutic Practices in Six Tribes of Eastern Arunachal Pradesh (India),2013,Journal of Ethnobiology and Ethnomedicine,,https://www.scopus.com/inward/record.uri?partnerID=HzOxMe3b&scp=84880335527&origin=inward,https://www.scopus.com/inward/citedby.uri?partnerID=HzOxMe3b&scp=84880335527&origin=inward,,2026-04-12 18:29:24,Article,10.1186/1746-4269-9-50,,https://api.elsevier.com/content/abstract/scopus_id/84880335527,9,1,,,,7.0,84.0,1,12,,,,84880335527,2-s2.0-84880335527
21,Malzacher P.,"Caenidae from East Kalimantan, Borneo (Insecta: Ephemeroptera). With a discussion on phylogeny of the new tribe Clypeocaenini, subfamily Caeninae",2013,Stuttgarter Beitrage Zur Naturkunde Serie A Biologie,,https://www.scopus.com/inward/record.uri?partnerID=HzOxMe3b&scp=84930789836&origin=inward,https://www.scopus.com/inward/citedby.uri?partnerID=HzOxMe3b&scp=84930789836&origin=inward,,2026-04-12 18:29:24,Note,,03410145,https://api.elsevier.com/content/abstract/scopus_id/84930789836,6,,,,,1.75,21.0,1,12,,,,84930789836,2-s2.0-84930789836
138,Tierno de Figueroa J.M.,Freshwater biodiversity in the rivers of the Mediterranean Basin,2013,Hydrobiologia,,https://www.scopus.com/inward/record.uri?partnerID=HzOxMe3b&scp=84885019312&origin=inward,https://www.scopus.com/inward/citedby.uri?partnerID=HzOxMe3b&scp=84885019312&origin=inward,,2026-04-12 18:29:24,Review,10.1007/s10750-012-1281-z,00188158,https://api.elsevier.com/content/abstract/scopus_id/84885019312,719,1,,,,11.5,138.0,1,12,,,,84885019312,2-s2.0-84885019312
33,Lindsay M.K.,Effects of the freshwater turtle trachemys scripta elegans on ecosystem functioning: An approach in experimental ponds,2013,Amphibia Reptilia,,https://www.scopus.com/inward/record.uri?partnerID=HzOxMe3b&scp=84885392242&origin=inward,https://www.scopus.com/inward/citedby.uri?partnerID=HzOxMe3b&scp=84885392242&origin=inward,,2026-04-12 18:29:24,Article,10.1163/15685381-00002871,01735373,https://api.elsevier.com/content/abstract/scopus_id/84885392242,34,1,,,,2.75,33.0,1,12,,,,84885392242,2-s2.0-84885392242
2,Gonõalves I.,"The genus spaniophlebia (insecta, ephemeroptera, oligoneuriidae): New species, new combination and redescription of s. trailiae",2013,Annales De Limnologie,,https://www.scopus.com/inward/record.uri?partnerID=HzOxMe3b&scp=84996129386&origin=inward,https://www.scopus.com/inward/citedby.uri?partnerID=HzOxMe3b&scp=84996129386&origin=inward,,2026-04-12 18:29:24,Article,10.1051/limn/2013063,00034088,https://api.elsevier.com/content/abstract/scopus_id/84996129386,49,4,,,,0.17,2.0,1,12,,,,84996129386,2-s2.0-84996129386
32,Abdo A.S.S.,Biodiversity of stream insects in the Malaysian Peninsula: Spatial patterns and environmental constraints,2013,Ecological Entomology,,https://www.scopus.com/inward/record.uri?partnerID=HzOxMe3b&scp=84877633291&origin=inward,https://www.scopus.com/inward/citedby.uri?partnerID=HzOxMe3b&scp=84877633291&origin=inward,,2026-04-12 18:29:24,Article,10.1111/een.12013,03076946,https://api.elsevier.com/content/abstract/scopus_id/84877633291,38,3,,,,2.67,32.0,1,12,,,,84877633291,2-s2.0-84877633291
19,Einheuser M.D.,Simulating stream health sensitivity to landscape changes due to bioenergy crops expansion,2013,Biomass and Bioenergy,,https://www.scopus.com/inward/record.uri?partnerID=HzOxMe3b&scp=84888826799&origin=inward,https://www.scopus.com/inward/citedby.uri?partnerID=HzOxMe3b&scp=84888826799&origin=inward,,2026-04-12 18:29:24,Article,10.1016/j.biombioe.2013.08.025,09619534,https://api.elsevier.com/content/abstract/scopus_id/84888826799,58,,,,,1.58,19.0,1,12,,,,84888826799,2-s2.0-84888826799
8,Dehedin A.,Long-term changes and drying modality affect interstitial assemblages of alluvial wetlands,2013,Wetlands,,https://www.scopus.com/inward/record.uri?partnerID=HzOxMe3b&scp=84877759685&origin=inward,https://www.scopus.com/inward/citedby.uri?partnerID=HzOxMe3b&scp=84877759685&origin=inward,,2026-04-12 18:29:24,Article,10.1007/s13157-013-0411-3,02775212,https://api.elsevier.com/content/abstract/scopus_id/84877759685,33,3,,,,0.67,8.0,1,12,,,,84877759685,2-s2.0-84877759685
5,Valle L.G.,New and rare harpellales from portugal and northwestern iberian peninsula: Discovering the hidden mycobiota of Galicia-Trás-os-Montes region,2013,Mycologia,,https://www.scopus.com/inward/record.uri?partnerID=HzOxMe3b&scp=84880841601&origin=inward,https://www.scopus.com/inward/citedby.uri?partnerID=HzOxMe3b&scp=84880841601&origin=inward,,2026-04-12 18:29:24,Article,10.3852/12-211,00275514,https://api.elsevier.com/content/abstract/scopus_id/84880841601,105,3,,,,0.42,5.0,1,12,,,,84880841601,2-s2.0-84880841601
5,Coe H.J.,Linking forest harvest and landscape factors to benthic macroinvertebrate communities in the interior of British Columbia,2013,Hydrobiologia,,https://www.scopus.com/inward/record.uri?partnerID=HzOxMe3b&scp=84883305321&origin=inward,https://www.scopus.com/inward/citedby.uri?partnerID=HzOxMe3b&scp=84883305321&origin=inward,,2026-04-12 18:29:24,Article,10.1007/s10750-013-1573-y,00188158,https://api.elsevier.com/content/abstract/scopus_id/84883305321,717,1,,,,0.42,5.0,1,12,,,,84883305321,2-s2.0-84883305321
13,Traister E.M.,Persistent effects of acidification on stream ecosystem structure and function,2013,Freshwater Science,,https://www.scopus.com/inward/record.uri?partnerID=HzOxMe3b&scp=84884314372&origin=inward,https://www.scopus.com/inward/citedby.uri?partnerID=HzOxMe3b&scp=84884314372&origin=inward,,2026-04-12 18:29:24,Article,10.1899/12-130.1,21619549,https://api.elsevier.com/content/abstract/scopus_id/84884314372,32,2,,,,1.08,13.0,1,12,,,,84884314372,2-s2.0-84884314372
6,Culp J.M.,Development of reference conditions for suspended solids in streams,2013,Canadian Water Resources Journal,,https://www.scopus.com/inward/record.uri?partnerID=HzOxMe3b&scp=84880947389&origin=inward,https://www.scopus.com/inward/citedby.uri?partnerID=HzOxMe3b&scp=84880947389&origin=inward,,2026-04-12 18:29:24,Article,10.1080/07011784.2013.780794,07011784,https://api.elsevier.com/content/abstract/scopus_id/84880947389,38,2,,,,0.5,6.0,1,12,,,,84880947389,2-s2.0-84880947389
43,Jones N.,Spatial patterns of benthic invertebrates in regulated and natural rivers,2013,River Research and Applications,,https://www.scopus.com/inward/record.uri?partnerID=HzOxMe3b&scp=84875054694&origin=inward,https://www.scopus.com/inward/citedby.uri?partnerID=HzOxMe3b&scp=84875054694&origin=inward,,2026-04-12 18:29:24,Article,10.1002/rra.1601,15351459,https://api.elsevier.com/content/abstract/scopus_id/84875054694,29,3,,,,3.58,43.0,1,12,,,,84875054694,2-s2.0-84875054694
161,Hinton H.E.,Biology of Insect Eggs,2013,Biology of Insect Eggs,,https://www.scopus.com/inward/record.uri?partnerID=HzOxMe3b&scp=85032093870&origin=inward,https://www.scopus.com/inward/citedby.uri?partnerID=HzOxMe3b&scp=85032093870&origin=inward,,2026-04-12 18:29:24,Book,10.1016/C2013-1-15220-3,,https://api.elsevier.com/content/abstract/scopus_id/85032093870,1,,,,,13.42,161.0,1,12,,,,85032093870,2-s2.0-85032093870
23,Woodford D.J.,Immediate impact of piscicide operations on a Cape Floristic Region aquatic insect assemblage: A lesser of two evils?,2013,Journal of Insect Conservation,,https://www.scopus.com/inward/record.uri?partnerID=HzOxMe3b&scp=84884530599&origin=inward,https://www.scopus.com/inward/citedby.uri?partnerID=HzOxMe3b&scp=84884530599&origin=inward,,2026-04-12 18:29:24,Article,10.1007/s10841-013-9578-4,1366638X,https://api.elsevier.com/content/abstract/scopus_id/84884530599,17,5,,,,1.92,23.0,1,12,,,,84884530599,2-s2.0-84884530599
6,Waite I.,Development and Application of an Agricultural Intensity Index to Invertebrate and Algal Metrics from Streams at Two Scales,2013,Journal of the American Water Resources Association,,https://www.scopus.com/inward/record.uri?partnerID=HzOxMe3b&scp=84875675262&origin=inward,https://www.scopus.com/inward/citedby.uri?partnerID=HzOxMe3b&scp=84875675262&origin=inward,,2026-04-12 18:29:24,Article,10.1111/jawr.12032,1093474X,https://api.elsevier.com/content/abstract/scopus_id/84875675262,49,2,,,,0.5,6.0,1,12,,,,84875675262,2-s2.0-84875675262
31,Brown L.,River ecosystem response to prescribed vegetation burning on blanket peatland,2013,Plos One,,https://www.scopus.com/inward/record.uri?partnerID=HzOxMe3b&scp=84896714367&origin=inward,https://www.scopus.com/inward/citedby.uri?partnerID=HzOxMe3b&scp=84896714367&origin=inward,,2026-04-12 18:29:24,Article,10.1371/journal.pone.0081023,,https://api.elsevier.com/content/abstract/scopus_id/84896714367,8,11,,,,2.58,31.0,1,12,,,,84896714367,2-s2.0-84896714367
9,Gupta S.,"Aquatic insect community of lake, Phulbari anua in Cachar, Assam",2013,Journal of Environmental Biology,,https://www.scopus.com/inward/record.uri?partnerID=HzOxMe3b&scp=84880156275&origin=inward,https://www.scopus.com/inward/citedby.uri?partnerID=HzOxMe3b&scp=84880156275&origin=inward,,2026-04-12 18:29:24,Article,,02548704,https://api.elsevier.com/content/abstract/scopus_id/84880156275,34,3,,,,0.75,9.0,1,12,,,,84880156275,2-s2.0-84880156275
2,Elkin K.,"The interrelationship of hydrology and biology in a Tennessee stream, USA",2013,Ecohydrology,,https://www.scopus.com/inward/record.uri?partnerID=HzOxMe3b&scp=84879419051&origin=inward,https://www.scopus.com/inward/citedby.uri?partnerID=HzOxMe3b&scp=84879419051&origin=inward,,2026-04-12 18:29:24,Article,10.1002/eco.1282,19360584,https://api.elsevier.com/content/abstract/scopus_id/84879419051,6,3,,,,0.17,2.0,1,12,,,,84879419051,2-s2.0-84879419051
10,Holmquist J.G.,Predicted macroinvertebrate response to water diversion from a montane stream using two-dimensional hydrodynamic models and zero flow approximation,2013,Ecological Indicators,,https://www.scopus.com/inward/record.uri?partnerID=HzOxMe3b&scp=84881188192&origin=inward,https://www.scopus.com/inward/citedby.uri?partnerID=HzOxMe3b&scp=84881188192&origin=inward,,2026-04-12 18:29:24,Article,10.1016/j.ecolind.2012.03.005,1470160X,https://api.elsevier.com/content/abstract/scopus_id/84881188192,28,,,,,0.83,10.0,1,12,,,,84881188192,2-s2.0-84881188192
9,De Liege Gama Neto J.,"A new species of Miroculis Edmunds, 1963 (Ephemeroptera, Leptophlebiidae) from northern Brazil",2013,Zootaxa,,https://www.scopus.com/inward/record.uri?partnerID=HzOxMe3b&scp=84888262702&origin=inward,https://www.scopus.com/inward/citedby.uri?partnerID=HzOxMe3b&scp=84888262702&origin=inward,,2026-04-12 18:29:24,Article,10.11646/zootaxa.3734.5.9,11755326,https://api.elsevier.com/content/abstract/scopus_id/84888262702,3734,5,,,,0.75,9.0,1,12,,,,84888262702,2-s2.0-84888262702
2,Konieczny R.,Using macrozoobenthos to assess the ecological condition of the starzyc lake (North-West Poland),2013,Journal of Ecological Engineering,,https://www.scopus.com/inward/record.uri?partnerID=HzOxMe3b&scp=84886837385&origin=inward,https://www.scopus.com/inward/citedby.uri?partnerID=HzOxMe3b&scp=84886837385&origin=inward,,2026-04-12 18:29:24,Article,10.5604/2081139X.1066188,2081139X,https://api.elsevier.com/content/abstract/scopus_id/84886837385,14,4,,,,0.17,2.0,1,12,,,,84886837385,2-s2.0-84886837385
3,Goetz S.,On the relationship between stream biotic diversity and exurbanization in the Northeastern USA,2013,Geospatial Tools for Urban Water Resources,,https://www.scopus.com/inward/record.uri?partnerID=HzOxMe3b&scp=84930924681&origin=inward,https://www.scopus.com/inward/citedby.uri?partnerID=HzOxMe3b&scp=84930924681&origin=inward,,2026-04-12 18:29:24,Book Chapter,10.1007/978-94-007-4734-0_4,,https://api.elsevier.com/content/abstract/scopus_id/84930924681,,,,,,0.25,3.0,1,12,,,,84930924681,2-s2.0-84930924681
74,Hansen G.,Food web consequences of long-term invasive crayfish control,2013,Canadian Journal of Fisheries and Aquatic Sciences,,https://www.scopus.com/inward/record.uri?partnerID=HzOxMe3b&scp=84879719334&origin=inward,https://www.scopus.com/inward/citedby.uri?partnerID=HzOxMe3b&scp=84879719334&origin=inward,,2026-04-12 18:29:24,Article,10.1139/cjfas-2012-0460,0706652X,https://api.elsevier.com/content/abstract/scopus_id/84879719334,70,7,,,,6.17,74.0,1,12,,,,84879719334,2-s2.0-84879719334
5,Browne D.,"Rapid response of brook trout to removal of its intraguild prey, yellow perch",2013,Environmental Biology of Fishes,,https://www.scopus.com/inward/record.uri?partnerID=HzOxMe3b&scp=84879258614&origin=inward,https://www.scopus.com/inward/citedby.uri?partnerID=HzOxMe3b&scp=84879258614&origin=inward,,2026-04-12 18:29:24,Article,10.1007/s10641-012-0087-1,03781909,https://api.elsevier.com/content/abstract/scopus_id/84879258614,96,8,,,,0.42,5.0,1,12,,,,84879258614,2-s2.0-84879258614
31,Beck M.L.,Spatial and temporal variation in the diet of tree swallows: Implications for trace-element exposure after habitat remediation,2013,Archives of Environmental Contamination and Toxicology,,https://www.scopus.com/inward/record.uri?partnerID=HzOxMe3b&scp=84892585951&origin=inward,https://www.scopus.com/inward/citedby.uri?partnerID=HzOxMe3b&scp=84892585951&origin=inward,,2026-04-12 18:29:24,Article,10.1007/s00244-013-9913-5,00904341,https://api.elsevier.com/content/abstract/scopus_id/84892585951,65,3,,,,2.58,31.0,1,12,,,,84892585951,2-s2.0-84892585951
399,Van Dijk T.C.,Macro-Invertebrate Decline in Surface Water Polluted with Imidacloprid,2013,Plos One,,https://www.scopus.com/inward/record.uri?partnerID=HzOxMe3b&scp=84877011635&origin=inward,https://www.scopus.com/inward/citedby.uri?partnerID=HzOxMe3b&scp=84877011635&origin=inward,,2026-04-12 18:29:24,Article,10.1371/journal.pone.0062374,,https://api.elsevier.com/content/abstract/scopus_id/84877011635,8,5,,,,33.25,399.0,1,12,,,,84877011635,2-s2.0-84877011635
30,Corbi J.J.,Are aquatic insect species sensitive to banana plant cultivation?,2013,Ecological Indicators,,https://www.scopus.com/inward/record.uri?partnerID=HzOxMe3b&scp=84867778633&origin=inward,https://www.scopus.com/inward/citedby.uri?partnerID=HzOxMe3b&scp=84867778633&origin=inward,,2026-04-12 18:29:24,Article,10.1016/j.ecolind.2012.09.020,1470160X,https://api.elsevier.com/content/abstract/scopus_id/84867778633,25,,,,,2.5,30.0,1,12,,,,84867778633,2-s2.0-84867778633
8,William R.,"Trichomycetes occurring in both lentic (lake) and lotic (stream) habitats within the Halifax regional municipality, Nova Scotia, Canada",2013,Botany,,https://www.scopus.com/inward/record.uri?partnerID=HzOxMe3b&scp=84878766966&origin=inward,https://www.scopus.com/inward/citedby.uri?partnerID=HzOxMe3b&scp=84878766966&origin=inward,,2026-04-12 18:29:24,Article,10.1139/cjb-2012-0238,19162804,https://api.elsevier.com/content/abstract/scopus_id/84878766966,91,6,,,,0.67,8.0,1,12,,,,84878766966,2-s2.0-84878766966
0,Pérez-Fuentetaja A.,Comparative role of dreissenids and other benthic invertebrates as Links for type-E Botulism transmission in the Great Lakes,2013,Quagga and Zebra Mussels Biology Impacts and Control Second Edition,,https://www.scopus.com/inward/record.uri?partnerID=HzOxMe3b&scp=85054444978&origin=inward,https://www.scopus.com/inward/citedby.uri?partnerID=HzOxMe3b&scp=85054444978&origin=inward,,2026-04-12 18:29:24,Book Chapter,10.1201/b15437,,https://api.elsevier.com/content/abstract/scopus_id/85054444978,,,,,,0.0,0.0,1,12,,,,85054444978,2-s2.0-85054444978
33,Šidagyte E.,Macroinvertebrate metrics and their integration for assessing the ecological status and biocontamination of Lithuanian lakes,2013,Limnologica,,https://www.scopus.com/inward/record.uri?partnerID=HzOxMe3b&scp=84876415326&origin=inward,https://www.scopus.com/inward/citedby.uri?partnerID=HzOxMe3b&scp=84876415326&origin=inward,,2026-04-12 18:29:24,Article,10.1016/j.limno.2013.01.003,00759511,https://api.elsevier.com/content/abstract/scopus_id/84876415326,43,4,,,,2.75,33.0,1,12,,,,84876415326,2-s2.0-84876415326
181,Ligeiro R.,Defining quantitative stream disturbance gradients and the additive role of habitat variation to explain macroinvertebrate taxa richness,2013,Ecological Indicators,,https://www.scopus.com/inward/record.uri?partnerID=HzOxMe3b&scp=84866864677&origin=inward,https://www.scopus.com/inward/citedby.uri?partnerID=HzOxMe3b&scp=84866864677&origin=inward,,2026-04-12 18:29:24,Article,10.1016/j.ecolind.2012.09.004,1470160X,https://api.elsevier.com/content/abstract/scopus_id/84866864677,25,,,,,15.08,181.0,1,12,,,,84866864677,2-s2.0-84866864677
11,Chertoprud M.,Rheophilic communities of macrobenthos of the southwestern Kola Peninsula,2013,Inland Water Biology,,https://www.scopus.com/inward/record.uri?partnerID=HzOxMe3b&scp=84893265751&origin=inward,https://www.scopus.com/inward/citedby.uri?partnerID=HzOxMe3b&scp=84893265751&origin=inward,,2026-04-12 18:29:24,Article,10.1134/S1995082913040056,19950829,https://api.elsevier.com/content/abstract/scopus_id/84893265751,6,4,,,,0.92,11.0,1,12,,,,84893265751,2-s2.0-84893265751
17,Barth C.,"Seasonal variation in the diet of juvenile lake sturgeon, Acipenser fulvescens, Rafinesque, 1817, in the Winnipeg River, Manitoba, Canada",2013,Journal of Applied Ichthyology,,https://www.scopus.com/inward/record.uri?partnerID=HzOxMe3b&scp=84880173735&origin=inward,https://www.scopus.com/inward/citedby.uri?partnerID=HzOxMe3b&scp=84880173735&origin=inward,,2026-04-12 18:29:24,Article,10.1111/jai.12193,01758659,https://api.elsevier.com/content/abstract/scopus_id/84880173735,29,4,,,,1.42,17.0,1,12,,,,84880173735,2-s2.0-84880173735
73,Stein E.D.,Evaluating Ethanol-based Sample Preservation to Facilitate Use of DNA Barcoding in Routine Freshwater Biomonitoring Programs Using Benthic Macroinvertebrates,2013,Plos One,,https://www.scopus.com/inward/record.uri?partnerID=HzOxMe3b&scp=84871879095&origin=inward,https://www.scopus.com/inward/citedby.uri?partnerID=HzOxMe3b&scp=84871879095&origin=inward,,2026-04-12 18:29:24,Article,10.1371/journal.pone.0051273,,https://api.elsevier.com/content/abstract/scopus_id/84871879095,8,1,,,,6.08,73.0,1,12,,,,84871879095,2-s2.0-84871879095
23,Trichkova T.,"Benthic macroinvertebrate diversity in relation to environmental parameters, and ecological potential of reservoirs, Danube river basin, North-West Bulgaria",2013,Acta Zoologica Bulgarica,,https://www.scopus.com/inward/record.uri?partnerID=HzOxMe3b&scp=84887166048&origin=inward,https://www.scopus.com/inward/citedby.uri?partnerID=HzOxMe3b&scp=84887166048&origin=inward,,2026-04-12 18:29:24,Article,,03240770,https://api.elsevier.com/content/abstract/scopus_id/84887166048,65,3,,,,1.92,23.0,1,12,,,,84887166048,2-s2.0-84887166048
48,Daam M.A.,Preliminary aquatic risk assessment of imidacloprid after application in an experimental rice plot,2013,Ecotoxicology and Environmental Safety,,https://www.scopus.com/inward/record.uri?partnerID=HzOxMe3b&scp=84884208441&origin=inward,https://www.scopus.com/inward/citedby.uri?partnerID=HzOxMe3b&scp=84884208441&origin=inward,,2026-04-12 18:29:24,Article,10.1016/j.ecoenv.2013.07.011,01476513,https://api.elsevier.com/content/abstract/scopus_id/84884208441,97,,,,,4.0,48.0,1,12,,,,84884208441,2-s2.0-84884208441
7,Soldán T.,"Description of larva, redescription of adults and biology of Mortogenesia mesopotamica (Morton, 1921) (Ephemeroptera: Palingeniidae)",2013,Zootaxa,,https://www.scopus.com/inward/record.uri?partnerID=HzOxMe3b&scp=84888877727&origin=inward,https://www.scopus.com/inward/citedby.uri?partnerID=HzOxMe3b&scp=84888877727&origin=inward,,2026-04-12 18:29:24,Article,10.11646/zootaxa.3741.2.5,11755326,https://api.elsevier.com/content/abstract/scopus_id/84888877727,3741,2,,,,0.58,7.0,1,12,,,,84888877727,2-s2.0-84888877727
29,Pace G.,Long-term effects of climatic-hydrological drivers on macroinvertebrate richness and composition in two Mediterranean streams,2013,Freshwater Biology,,https://www.scopus.com/inward/record.uri?partnerID=HzOxMe3b&scp=84878660545&origin=inward,https://www.scopus.com/inward/citedby.uri?partnerID=HzOxMe3b&scp=84878660545&origin=inward,,2026-04-12 18:29:24,Article,10.1111/fwb.12129,00465070,https://api.elsevier.com/content/abstract/scopus_id/84878660545,58,7,,,,2.42,29.0,1,12,,,,84878660545,2-s2.0-84878660545
7,Obolewski K.,Use of macrozoobenthos for biological assessment of water quality in oxbow lakes of varying hydrological connectivity to the main river channel in the example of lyna river valley,2013,Ochrona Srodowiska,,https://www.scopus.com/inward/record.uri?partnerID=HzOxMe3b&scp=84890332721&origin=inward,https://www.scopus.com/inward/citedby.uri?partnerID=HzOxMe3b&scp=84890332721&origin=inward,,2026-04-12 18:29:24,Article,,12306169,https://api.elsevier.com/content/abstract/scopus_id/84890332721,35,2,,,,0.58,7.0,1,12,,,,84890332721,2-s2.0-84890332721
56,Stalter D.,Do Contaminants Originating from State-of-the-Art Treated Wastewater Impact the Ecological Quality of Surface Waters?,2013,Plos One,,https://www.scopus.com/inward/record.uri?partnerID=HzOxMe3b&scp=84875973735&origin=inward,https://www.scopus.com/inward/citedby.uri?partnerID=HzOxMe3b&scp=84875973735&origin=inward,,2026-04-12 18:29:24,Article,10.1371/journal.pone.0060616,,https://api.elsevier.com/content/abstract/scopus_id/84875973735,8,4,,,,4.67,56.0,1,12,,,,84875973735,2-s2.0-84875973735
99,Descloux S.,Benthic and hyporheic invertebrate assemblages along a gradient of increasing streambed colmation by fine sediment,2013,Aquatic Sciences,,https://www.scopus.com/inward/record.uri?partnerID=HzOxMe3b&scp=84884417395&origin=inward,https://www.scopus.com/inward/citedby.uri?partnerID=HzOxMe3b&scp=84884417395&origin=inward,,2026-04-12 18:29:24,Article,10.1007/s00027-013-0295-6,10151621,https://api.elsevier.com/content/abstract/scopus_id/84884417395,75,4,,,,8.25,99.0,1,12,,,,84884417395,2-s2.0-84884417395
22,Reynaga M.C.,Contrasting taxonomical and functional responses of stream invertebrates across space and time in a Neotropical basin,2013,Fundamental and Applied Limnology,,https://www.scopus.com/inward/record.uri?partnerID=HzOxMe3b&scp=84890499121&origin=inward,https://www.scopus.com/inward/citedby.uri?partnerID=HzOxMe3b&scp=84890499121&origin=inward,,2026-04-12 18:29:24,Article,10.1127/1863-9135/2013/0501,18639135,https://api.elsevier.com/content/abstract/scopus_id/84890499121,183,2,,,,1.83,22.0,1,12,,,,84890499121,2-s2.0-84890499121
3,Lourenço da Silva A.F.,Feeding of larvae of the hybrid surubim Pseudoplatystoma sp. under two conditions of food management,2013,Acta Scientiarum Biological Sciences,,https://www.scopus.com/inward/record.uri?partnerID=HzOxMe3b&scp=84877591382&origin=inward,https://www.scopus.com/inward/citedby.uri?partnerID=HzOxMe3b&scp=84877591382&origin=inward,,2026-04-12 18:29:24,Article,10.4025/actascibiolsci.v35i2.15359,16799283,https://api.elsevier.com/content/abstract/scopus_id/84877591382,35,2,,,,0.25,3.0,1,12,,,,84877591382,2-s2.0-84877591382
21,Yin X.W.,"Macrobenthos community structure and its relationships with environmental factors in Weihe River basin, Northwest China",2013,Chinese Journal of Applied Ecology,,https://www.scopus.com/inward/record.uri?partnerID=HzOxMe3b&scp=84873148995&origin=inward,https://www.scopus.com/inward/citedby.uri?partnerID=HzOxMe3b&scp=84873148995&origin=inward,,2026-04-12 18:29:24,Article,,10019332,https://api.elsevier.com/content/abstract/scopus_id/84873148995,24,1,,,,1.75,21.0,1,12,,,,84873148995,2-s2.0-84873148995
17,Forero-Céspedes A.M.,"Water quality assessment of the Opia River (tolima-Colombia), using macroinvertebrates and physicochemical parameters",2013,Caldasia,,https://www.scopus.com/inward/record.uri?partnerID=HzOxMe3b&scp=84890836225&origin=inward,https://www.scopus.com/inward/citedby.uri?partnerID=HzOxMe3b&scp=84890836225&origin=inward,,2026-04-12 18:29:24,Article,,03665232,https://api.elsevier.com/content/abstract/scopus_id/84890836225,35,2,,,,1.42,17.0,1,12,,,,84890836225,2-s2.0-84890836225
196,Burdon F.,Habitat loss drives threshold response of benthic invertebrate communities to deposited sediment in agricultural streams,2013,Ecological Applications,,https://www.scopus.com/inward/record.uri?partnerID=HzOxMe3b&scp=84880173459&origin=inward,https://www.scopus.com/inward/citedby.uri?partnerID=HzOxMe3b&scp=84880173459&origin=inward,,2026-04-12 18:29:24,Article,10.1890/12-1190.1,10510761,https://api.elsevier.com/content/abstract/scopus_id/84880173459,23,5,,,,16.33,196.0,1,12,,,,84880173459,2-s2.0-84880173459
12,Ardón M.,Experimental acidification of two biogeochemically-distinct neotropical streams: Buffering mechanisms and macroinvertebrate drift,2013,Science of the Total Environment,,https://www.scopus.com/inward/record.uri?partnerID=HzOxMe3b&scp=84870156488&origin=inward,https://www.scopus.com/inward/citedby.uri?partnerID=HzOxMe3b&scp=84870156488&origin=inward,,2026-04-12 18:29:24,Article,10.1016/j.scitotenv.2012.10.068,00489697,https://api.elsevier.com/content/abstract/scopus_id/84870156488,443,,,,,1.0,12.0,1,12,,,,84870156488,2-s2.0-84870156488
101,Preston D.L.,Biomass and productivity of trematode parasites in pond ecosystems,2013,Journal of Animal Ecology,,https://www.scopus.com/inward/record.uri?partnerID=HzOxMe3b&scp=84876305468&origin=inward,https://www.scopus.com/inward/citedby.uri?partnerID=HzOxMe3b&scp=84876305468&origin=inward,,2026-04-12 18:29:24,Article,10.1111/1365-2656.12030,00218790,https://api.elsevier.com/content/abstract/scopus_id/84876305468,82,3,,,,8.42,101.0,1,12,,,,84876305468,2-s2.0-84876305468
23,Vaikasas S.,"Influence of hydropower dams on the state of macroinvertebrates assemblages in the Virvyte river, Lithuania",2013,Journal of Environmental Engineering and Landscape Management,,https://www.scopus.com/inward/record.uri?partnerID=HzOxMe3b&scp=84890448461&origin=inward,https://www.scopus.com/inward/citedby.uri?partnerID=HzOxMe3b&scp=84890448461&origin=inward,,2026-04-12 18:29:24,Article,10.3846/16486897.2013.796956,16486897,https://api.elsevier.com/content/abstract/scopus_id/84890448461,21,4,,,,1.92,23.0,1,12,,,,84890448461,2-s2.0-84890448461
10,McGinley E.,The effects of embeddedness on the seasonal feeding of mottled sculpin,2013,American Midland Naturalist,,https://www.scopus.com/inward/record.uri?partnerID=HzOxMe3b&scp=84884825133&origin=inward,https://www.scopus.com/inward/citedby.uri?partnerID=HzOxMe3b&scp=84884825133&origin=inward,,2026-04-12 18:29:24,Article,10.1674/0003-0031-170.2.213,00030031,https://api.elsevier.com/content/abstract/scopus_id/84884825133,170,2,,,,0.83,10.0,1,12,,,,84884825133,2-s2.0-84884825133
16,Suriano M.T.,Structure of benthic macroinvertebrate assemblages on a gradient of environmental integrity in Neotropical streams,2013,Acta Limnologica Brasiliensia,,https://www.scopus.com/inward/record.uri?partnerID=HzOxMe3b&scp=84896454456&origin=inward,https://www.scopus.com/inward/citedby.uri?partnerID=HzOxMe3b&scp=84896454456&origin=inward,,2026-04-12 18:29:24,Article,10.1590/s2179-975x2013000400007,01026712,https://api.elsevier.com/content/abstract/scopus_id/84896454456,25,4,,,,1.33,16.0,1,12,,,,84896454456,2-s2.0-84896454456
31,Karaus U.,The contribution of lateral aquatic habitats to insect diversity along river corridors in the Alps,2013,Landscape Ecology,,https://www.scopus.com/inward/record.uri?partnerID=HzOxMe3b&scp=84887922779&origin=inward,https://www.scopus.com/inward/citedby.uri?partnerID=HzOxMe3b&scp=84887922779&origin=inward,,2026-04-12 18:29:24,Article,10.1007/s10980-013-9918-5,09212973,https://api.elsevier.com/content/abstract/scopus_id/84887922779,28,9,,,,2.58,31.0,1,12,,,,84887922779,2-s2.0-84887922779
66,Wahl C.M.,Impacts of land use at the catchment scale constrain the habitat benefits of stream riparian buffers,2013,Freshwater Biology,,https://www.scopus.com/inward/record.uri?partnerID=HzOxMe3b&scp=84884919912&origin=inward,https://www.scopus.com/inward/citedby.uri?partnerID=HzOxMe3b&scp=84884919912&origin=inward,,2026-04-12 18:29:24,Article,10.1111/fwb.12211,00465070,https://api.elsevier.com/content/abstract/scopus_id/84884919912,58,11,,,,5.5,66.0,1,12,,,,84884919912,2-s2.0-84884919912
9,Barbero M.D.,"Spatial and temporal patterns of macroinvertebrates in drift and on substrate of a mountain stream (Cordoba, Central Argentina)",2013,Acta Limnologica Brasiliensia,,https://www.scopus.com/inward/record.uri?partnerID=HzOxMe3b&scp=84896462675&origin=inward,https://www.scopus.com/inward/citedby.uri?partnerID=HzOxMe3b&scp=84896462675&origin=inward,,2026-04-12 18:29:24,Article,10.1590/s2179-975x2013000400003,01026712,https://api.elsevier.com/content/abstract/scopus_id/84896462675,25,4,,,,0.75,9.0,1,12,,,,84896462675,2-s2.0-84896462675
55,Barnes J.B.,Reappraising the effects of habitat structure on river macroinvertebrates,2013,Freshwater Biology,,https://www.scopus.com/inward/record.uri?partnerID=HzOxMe3b&scp=84883289588&origin=inward,https://www.scopus.com/inward/citedby.uri?partnerID=HzOxMe3b&scp=84883289588&origin=inward,,2026-04-12 18:29:24,Article,10.1111/fwb.12198,00465070,https://api.elsevier.com/content/abstract/scopus_id/84883289588,58,10,,,,4.58,55.0,1,12,,,,84883289588,2-s2.0-84883289588
12,Takhelmayum K.,"Diversity and density of aquatic insects in the lower reach of river moirang, manipur, north east India",2013,Proceedings of the National Academy of Sciences India Section B Biological Sciences,,https://www.scopus.com/inward/record.uri?partnerID=HzOxMe3b&scp=84890254299&origin=inward,https://www.scopus.com/inward/citedby.uri?partnerID=HzOxMe3b&scp=84890254299&origin=inward,,2026-04-12 18:29:24,Article,10.1007/s40011-013-0166-x,03698211,https://api.elsevier.com/content/abstract/scopus_id/84890254299,83,4,,,,1.0,12.0,1,12,,,,84890254299,2-s2.0-84890254299
10,Burk R.A.,Invertebrate communities of groundwater-dependent refugia with varying hydrology and riparian cover during a supraseasonal drought,2013,Journal of Freshwater Ecology,,https://www.scopus.com/inward/record.uri?partnerID=HzOxMe3b&scp=84877986118&origin=inward,https://www.scopus.com/inward/citedby.uri?partnerID=HzOxMe3b&scp=84877986118&origin=inward,,2026-04-12 18:29:24,Article,10.1080/02705060.2012.753121,02705060,https://api.elsevier.com/content/abstract/scopus_id/84877986118,28,2,,,,0.83,10.0,1,12,,,,84877986118,2-s2.0-84877986118
40,Sanchez G.M.,Development of a socio-ecological environmental justice model for watershed-based management,2013,Journal of Hydrology,,https://www.scopus.com/inward/record.uri?partnerID=HzOxMe3b&scp=84907250663&origin=inward,https://www.scopus.com/inward/citedby.uri?partnerID=HzOxMe3b&scp=84907250663&origin=inward,,2026-04-12 18:29:24,Article,10.1016/j.jhydrol.2013.08.014,00221694,https://api.elsevier.com/content/abstract/scopus_id/84907250663,518,PA,,,,3.33,40.0,1,12,,,,84907250663,2-s2.0-84907250663
38,Gustafsson S.,Macroinvertebrate colonization of a nature-like fishway: The effects of adding habitat heterogeneity,2013,Ecological Engineering,,https://www.scopus.com/inward/record.uri?partnerID=HzOxMe3b&scp=84887130947&origin=inward,https://www.scopus.com/inward/citedby.uri?partnerID=HzOxMe3b&scp=84887130947&origin=inward,,2026-04-12 18:29:24,Article,10.1016/j.ecoleng.2013.09.023,09258574,https://api.elsevier.com/content/abstract/scopus_id/84887130947,61,PA,,,,3.17,38.0,1,12,,,,84887130947,2-s2.0-84887130947
12,Schäffer M.,Reduced drift activity of two benthic invertebrate species is mediated by infochemicals of benthic fish,2013,Aquatic Ecology,,https://www.scopus.com/inward/record.uri?partnerID=HzOxMe3b&scp=84874812174&origin=inward,https://www.scopus.com/inward/citedby.uri?partnerID=HzOxMe3b&scp=84874812174&origin=inward,,2026-04-12 18:29:24,Article,10.1007/s10452-013-9428-1,13862588,https://api.elsevier.com/content/abstract/scopus_id/84874812174,47,1,,,,1.0,12.0,1,12,,,,84874812174,2-s2.0-84874812174
76,Rizo-Patrón V. F.,"Macroinvertebrate communities as bioindicators of water quality in conventional and organic irrigated rice fields in Guanacaste, Costa Rica",2013,Ecological Indicators,,https://www.scopus.com/inward/record.uri?partnerID=HzOxMe3b&scp=84872392086&origin=inward,https://www.scopus.com/inward/citedby.uri?partnerID=HzOxMe3b&scp=84872392086&origin=inward,,2026-04-12 18:29:24,Article,10.1016/j.ecolind.2012.12.013,1470160X,https://api.elsevier.com/content/abstract/scopus_id/84872392086,29,,,,,6.33,76.0,1,12,,,,84872392086,2-s2.0-84872392086
148,Mereta S.T.,Development of a multimetric index based on benthic macroinvertebrates for the assessment of natural wetlands in Southwest Ethiopia,2013,Ecological Indicators,,https://www.scopus.com/inward/record.uri?partnerID=HzOxMe3b&scp=84874601271&origin=inward,https://www.scopus.com/inward/citedby.uri?partnerID=HzOxMe3b&scp=84874601271&origin=inward,,2026-04-12 18:29:24,Article,10.1016/j.ecolind.2013.01.026,1470160X,https://api.elsevier.com/content/abstract/scopus_id/84874601271,29,,,,,12.33,148.0,1,12,,,,84874601271,2-s2.0-84874601271
3,Benner J.S.,"Comment On Marden (2013): ""Reanalysis And Experimental Evidence Indicate That The Earliest Trace Fossil Of A Winged Insect Was A Surface Skimming Neopteran""",2013,Evolution,,https://www.scopus.com/inward/record.uri?partnerID=HzOxMe3b&scp=84879781815&origin=inward,https://www.scopus.com/inward/citedby.uri?partnerID=HzOxMe3b&scp=84879781815&origin=inward,,2026-04-12 18:29:24,Article,10.1111/evo.12094,00143820,https://api.elsevier.com/content/abstract/scopus_id/84879781815,67,7,,,,0.25,3.0,1,12,,,,84879781815,2-s2.0-84879781815
165,Altermatt F.,River network properties shape α-diversity and community similarity patterns of aquatic insect communities across major drainage basins,2013,Journal of Biogeography,,https://www.scopus.com/inward/record.uri?partnerID=HzOxMe3b&scp=84888037749&origin=inward,https://www.scopus.com/inward/citedby.uri?partnerID=HzOxMe3b&scp=84888037749&origin=inward,,2026-04-12 18:29:24,Article,10.1111/jbi.12178,03050270,https://api.elsevier.com/content/abstract/scopus_id/84888037749,40,12,,,,13.75,165.0,1,12,,,,84888037749,2-s2.0-84888037749
27,Rivers-Moore N.A.,Life history does matter in assessing potential ecological impacts of thermal changes on aquatic macroinvertebrates,2013,River Research and Applications,,https://www.scopus.com/inward/record.uri?partnerID=HzOxMe3b&scp=84885909949&origin=inward,https://www.scopus.com/inward/citedby.uri?partnerID=HzOxMe3b&scp=84885909949&origin=inward,,2026-04-12 18:29:24,Article,10.1002/rra.2600,15351459,https://api.elsevier.com/content/abstract/scopus_id/84885909949,29,9,,,,2.25,27.0,1,12,,,,84885909949,2-s2.0-84885909949
51,Schmid M.,Boosted Beta Regression,2013,Plos One,,https://www.scopus.com/inward/record.uri?partnerID=HzOxMe3b&scp=84876556361&origin=inward,https://www.scopus.com/inward/citedby.uri?partnerID=HzOxMe3b&scp=84876556361&origin=inward,,2026-04-12 18:29:24,Article,10.1371/journal.pone.0061623,,https://api.elsevier.com/content/abstract/scopus_id/84876556361,8,4,,,,4.25,51.0,1,12,,,,84876556361,2-s2.0-84876556361
42,Ceola S.,Hydrologic Variability Affects Invertebrate Grazing on Phototrophic Biofilms in Stream Microcosms,2013,Plos One,,https://www.scopus.com/inward/record.uri?partnerID=HzOxMe3b&scp=84876170872&origin=inward,https://www.scopus.com/inward/citedby.uri?partnerID=HzOxMe3b&scp=84876170872&origin=inward,,2026-04-12 18:29:24,Article,10.1371/journal.pone.0060629,,https://api.elsevier.com/content/abstract/scopus_id/84876170872,8,4,,,,3.5,42.0,1,12,,,,84876170872,2-s2.0-84876170872
1,Katano O.,The trophic cascade from fish to benthic algae: Manipulation of habitat heterogeneity and disturbance in experimental flow-through pools,2013,Fisheries Science,,https://www.scopus.com/inward/record.uri?partnerID=HzOxMe3b&scp=84874810213&origin=inward,https://www.scopus.com/inward/citedby.uri?partnerID=HzOxMe3b&scp=84874810213&origin=inward,,2026-04-12 18:29:24,Article,10.1007/s12562-012-0591-4,09199268,https://api.elsevier.com/content/abstract/scopus_id/84874810213,79,2,,,,0.08,1.0,1,12,,,,84874810213,2-s2.0-84874810213
14,Elliott J.M.,Contrasting dynamics from egg to adult in the life cycle of summer and overwintering generations of Baetis rhodani in a small stream,2013,Freshwater Biology,,https://www.scopus.com/inward/record.uri?partnerID=HzOxMe3b&scp=84876326373&origin=inward,https://www.scopus.com/inward/citedby.uri?partnerID=HzOxMe3b&scp=84876326373&origin=inward,,2026-04-12 18:29:24,Article,10.1111/fwb.12093,00465070,https://api.elsevier.com/content/abstract/scopus_id/84876326373,58,5,,,,1.17,14.0,1,12,,,,84876326373,2-s2.0-84876326373
4,Zilli F.,"Distribution of benthic invertebrate biomass and secondary production in relation to floodplain connectivity in a large river system (Paraná River, Argentina)",2013,International Review of Hydrobiology,,https://www.scopus.com/inward/record.uri?partnerID=HzOxMe3b&scp=84897065686&origin=inward,https://www.scopus.com/inward/citedby.uri?partnerID=HzOxMe3b&scp=84897065686&origin=inward,,2026-04-12 18:29:24,Article,10.1002/iroh.201201610,14342944,https://api.elsevier.com/content/abstract/scopus_id/84897065686,98,6,,,,0.33,4.0,1,12,,,,84897065686,2-s2.0-84897065686
27,Suter G.W.,A method for assessing the potential for confounding applied to ionic strength in central Appalachian streams,2013,Environmental Toxicology and Chemistry,,https://www.scopus.com/inward/record.uri?partnerID=HzOxMe3b&scp=84872568074&origin=inward,https://www.scopus.com/inward/citedby.uri?partnerID=HzOxMe3b&scp=84872568074&origin=inward,,2026-04-12 18:29:24,Article,10.1002/etc.2054,07307268,https://api.elsevier.com/content/abstract/scopus_id/84872568074,32,2,,,,2.25,27.0,1,12,,,,84872568074,2-s2.0-84872568074
19,Angeler D.,Hierarchical Dynamics of Ecological Communities: Do Scales of Space and Time Match?,2013,Plos One,,https://www.scopus.com/inward/record.uri?partnerID=HzOxMe3b&scp=84879896742&origin=inward,https://www.scopus.com/inward/citedby.uri?partnerID=HzOxMe3b&scp=84879896742&origin=inward,,2026-04-12 18:29:24,Article,10.1371/journal.pone.0069174,,https://api.elsevier.com/content/abstract/scopus_id/84879896742,8,7,,,,1.58,19.0,1,12,,,,84879896742,2-s2.0-84879896742
77,Evans-White M.A.,A review of stream nutrient criteria development in the United States,2013,Journal of Environmental Quality,,https://www.scopus.com/inward/record.uri?partnerID=HzOxMe3b&scp=84881522158&origin=inward,https://www.scopus.com/inward/citedby.uri?partnerID=HzOxMe3b&scp=84881522158&origin=inward,,2026-04-12 18:29:24,Article,10.2134/jeq2012.0491,00472425,https://api.elsevier.com/content/abstract/scopus_id/84881522158,42,4,,,,6.42,77.0,1,12,,,,84881522158,2-s2.0-84881522158
23,Horak J.,"Effect of site level environmental variables, spatial autocorrelation and sampling intensity on arthropod communities in an ancient temperate lowland woodland area",2013,Plos One,,https://www.scopus.com/inward/record.uri?partnerID=HzOxMe3b&scp=84891916028&origin=inward,https://www.scopus.com/inward/citedby.uri?partnerID=HzOxMe3b&scp=84891916028&origin=inward,,2026-04-12 18:29:24,Article,10.1371/journal.pone.0081541,,https://api.elsevier.com/content/abstract/scopus_id/84891916028,8,12,,,,1.92,23.0,1,12,,,,84891916028,2-s2.0-84891916028
12,Vandegehuchte M.,Whole sediment toxicity tests for metal risk assessments: On the importance of equilibration and test design to increase ecological relevance,2013,Environmental Toxicology and Chemistry,,https://www.scopus.com/inward/record.uri?partnerID=HzOxMe3b&scp=84876390819&origin=inward,https://www.scopus.com/inward/citedby.uri?partnerID=HzOxMe3b&scp=84876390819&origin=inward,,2026-04-12 18:29:24,Article,10.1002/etc.2156,07307268,https://api.elsevier.com/content/abstract/scopus_id/84876390819,32,5,,,,1.0,12.0,1,12,,,,84876390819,2-s2.0-84876390819
41,Calbet A.,Adaptations to feast and famine in different strains of the marine heterotrophic dinoflagellates Gyrodinium dominans and Oxyrrhis marina,2013,Marine Ecology Progress Series,,https://www.scopus.com/inward/record.uri?partnerID=HzOxMe3b&scp=84878589810&origin=inward,https://www.scopus.com/inward/citedby.uri?partnerID=HzOxMe3b&scp=84878589810&origin=inward,,2026-04-12 18:29:24,Article,10.3354/meps10291,01718630,https://api.elsevier.com/content/abstract/scopus_id/84878589810,483,,,,,3.42,41.0,1,12,,,,84878589810,2-s2.0-84878589810
8,Robinson C.T.,Spatial patterns in macroinvertebrate assemblages in surface-flowing waters of a glacially-influenced floodplain,2013,Aquatic Sciences,,https://www.scopus.com/inward/record.uri?partnerID=HzOxMe3b&scp=84879210092&origin=inward,https://www.scopus.com/inward/citedby.uri?partnerID=HzOxMe3b&scp=84879210092&origin=inward,,2026-04-12 18:29:24,Article,10.1007/s00027-012-0283-2,10151621,https://api.elsevier.com/content/abstract/scopus_id/84879210092,75,3,,,,0.67,8.0,1,12,,,,84879210092,2-s2.0-84879210092
17,Waters A.S.,Assessing aluminium toxicity in streams affected by acid mine drainage,2013,Water Science and Technology,,https://www.scopus.com/inward/record.uri?partnerID=HzOxMe3b&scp=84877694649&origin=inward,https://www.scopus.com/inward/citedby.uri?partnerID=HzOxMe3b&scp=84877694649&origin=inward,,2026-04-12 18:29:24,Article,10.2166/wst.2013.051,02731223,https://api.elsevier.com/content/abstract/scopus_id/84877694649,67,8,,,,1.42,17.0,1,12,,,,84877694649,2-s2.0-84877694649
10,Byrne P.,Changes in macroinvertebrate community structure provide evidence of neutral mine drainage impacts,2013,Environmental Sciences Processes and Impacts,,https://www.scopus.com/inward/record.uri?partnerID=HzOxMe3b&scp=84874408555&origin=inward,https://www.scopus.com/inward/citedby.uri?partnerID=HzOxMe3b&scp=84874408555&origin=inward,,2026-04-12 18:29:24,Article,10.1039/c2em30447c,20507887,https://api.elsevier.com/content/abstract/scopus_id/84874408555,15,2,,,,0.83,10.0,1,12,,,,84874408555,2-s2.0-84874408555
3,Hall L.,Relationship between bifenthrin sediment toxic units and benthic community metrics in urban California streams,2013,Archives of Environmental Contamination and Toxicology,,https://www.scopus.com/inward/record.uri?partnerID=HzOxMe3b&scp=84880328237&origin=inward,https://www.scopus.com/inward/citedby.uri?partnerID=HzOxMe3b&scp=84880328237&origin=inward,,2026-04-12 18:29:24,Article,10.1007/s00244-013-9906-4,00904341,https://api.elsevier.com/content/abstract/scopus_id/84880328237,65,2,,,,0.25,3.0,1,12,,,,84880328237,2-s2.0-84880328237
3,Hall L.,Relationship between bifenthrin sediment toxic units and benthic community metrics in urban California streams,2013,Archives of Environmental Contamination and Toxicology,,https://www.scopus.com/inward/record.uri?partnerID=HzOxMe3b&scp=84880328237&origin=inward,https://www.scopus.com/inward/citedby.uri?partnerID=HzOxMe3b&scp=84880328237&origin=inward,,2026-04-12 18:29:24,Article,10.1007/s00244-013-9906-4,00904341,https://api.elsevier.com/content/abstract/scopus_id/84880328237,65,2,,,,0.25,3.0,1,12,,,,84880328237,2-s2.0-84880328237
125,Brandner J.,Bigger Is Better: Characteristics of Round Gobies Forming an Invasion Front in the Danube River,2013,Plos One,,https://www.scopus.com/inward/record.uri?partnerID=HzOxMe3b&scp=84883629824&origin=inward,https://www.scopus.com/inward/citedby.uri?partnerID=HzOxMe3b&scp=84883629824&origin=inward,,2026-04-12 18:29:24,Article,10.1371/journal.pone.0073036,,https://api.elsevier.com/content/abstract/scopus_id/84883629824,8,9,,,,10.42,125.0,1,12,,,,84883629824,2-s2.0-84883629824
