Cites,Authors,Title,Year,Source,Publisher,ArticleURL,CitesURL,GSRank,QueryDate,Type,DOI,ISSN,CitationURL,Volume,Issue,StartPage,EndPage,ECC,CitesPerYear,CitesPerAuthor,AuthorCount,Age,Abstract,FullTextURL,RelatedURL,ScopusID,EID
7,Xërxa B.L.,"First checklist of mayflies (Insecta, ephemeroptera) from Kosovo",2019,Zookeys,,https://www.scopus.com/inward/record.uri?partnerID=HzOxMe3b&scp=85073390476&origin=inward,https://www.scopus.com/inward/citedby.uri?partnerID=HzOxMe3b&scp=85073390476&origin=inward,,2026-04-12 18:31:03,Article,10.3897/zookeys.874.38098,13132989,https://api.elsevier.com/content/abstract/scopus_id/85073390476,2019,874,,,,1.17,7.0,1,6,,,,85073390476,2-s2.0-85073390476
168,Jacobus L.M.,Mayflies (Ephemeroptera) and their contributions to ecosystem services,2019,Insects,,https://www.scopus.com/inward/record.uri?partnerID=HzOxMe3b&scp=85073279005&origin=inward,https://www.scopus.com/inward/citedby.uri?partnerID=HzOxMe3b&scp=85073279005&origin=inward,,2026-04-12 18:31:03,Review,10.3390/insects10060170,,https://api.elsevier.com/content/abstract/scopus_id/85073279005,10,6,,,,28.0,168.0,1,6,,,,85073279005,2-s2.0-85073279005
0,Wang M.,Ephemeroptera - Mayflies,2019,Rhythms of Insect Evolution Evidence from the Jurassic and Cretaceous in Northern China,,https://www.scopus.com/inward/record.uri?partnerID=HzOxMe3b&scp=85148187039&origin=inward,https://www.scopus.com/inward/citedby.uri?partnerID=HzOxMe3b&scp=85148187039&origin=inward,,2026-04-12 18:31:03,Book Chapter,10.1002/9781119427957.ch5,,https://api.elsevier.com/content/abstract/scopus_id/85148187039,,,,,,0.0,0.0,1,6,,,,85148187039,2-s2.0-85148187039
54,Kefford B.J.,Why are mayflies (Ephemeroptera) lost following small increases in salinity? Three conceptual osmophysiological hypotheses,2019,Philosophical Transactions of the Royal Society B Biological Sciences,,https://www.scopus.com/inward/record.uri?partnerID=HzOxMe3b&scp=85058285923&origin=inward,https://www.scopus.com/inward/citedby.uri?partnerID=HzOxMe3b&scp=85058285923&origin=inward,,2026-04-12 18:31:03,Article,10.1098/rstb.2018.0021,09628436,https://api.elsevier.com/content/abstract/scopus_id/85058285923,374,1764,,,,9.0,54.0,1,6,,,,85058285923,2-s2.0-85058285923
0,,"Erratum to: Distribution, nymphal habitat, genetic structure and conservation of the New Zealand mayfly Isothraulus abditus (Insecta: Ephemeroptera) and a description of its subimago (New Zealand Journal of Zoology, (2019), 46, 1, (13-30), 10.1080/03014223.2018.1464034)",2019,New Zealand Journal of Zoology,,https://www.scopus.com/inward/record.uri?partnerID=HzOxMe3b&scp=85058423027&origin=inward,https://www.scopus.com/inward/citedby.uri?partnerID=HzOxMe3b&scp=85058423027&origin=inward,,2026-04-12 18:31:03,Erratum,10.1080/03014223.2018.1474842,03014223,https://api.elsevier.com/content/abstract/scopus_id/85058423027,46,1,,,,0.0,0.0,0,6,,,,85058423027,2-s2.0-85058423027
0,Dean D.H.,"A new record Mayfly Ephemerella subvaria McDunnough (Ephemeroptera, Ephemerellidae) from Ohio, USA",2019,Ohio Journal of Science,,https://www.scopus.com/inward/record.uri?partnerID=HzOxMe3b&scp=85078554164&origin=inward,https://www.scopus.com/inward/citedby.uri?partnerID=HzOxMe3b&scp=85078554164&origin=inward,,2026-04-12 18:31:03,Article,10.18061/ojs.v119i2.6967,00300950,https://api.elsevier.com/content/abstract/scopus_id/85078554164,119,2,,,,0.0,0.0,1,6,,,,85078554164,2-s2.0-85078554164
2,Jarzembowski E.A.,The first fossil mayfly nymph (Insecta: Ephemeroptera) from the British Isles,2019,Proceedings of the Geologists Association,,https://www.scopus.com/inward/record.uri?partnerID=HzOxMe3b&scp=85062395648&origin=inward,https://www.scopus.com/inward/citedby.uri?partnerID=HzOxMe3b&scp=85062395648&origin=inward,,2026-04-12 18:31:03,Article,10.1016/j.pgeola.2019.01.007,00167878,https://api.elsevier.com/content/abstract/scopus_id/85062395648,130,6,,,,0.33,2.0,1,6,,,,85062395648,2-s2.0-85062395648
3,Balasubramanian C.,A new mayfly Thraulus species (Ephemeroptera: Leptophlebiidae) from peninsular India,2019,Zootaxa,,https://www.scopus.com/inward/record.uri?partnerID=HzOxMe3b&scp=85068849605&origin=inward,https://www.scopus.com/inward/citedby.uri?partnerID=HzOxMe3b&scp=85068849605&origin=inward,,2026-04-12 18:31:03,Article,10.11646/zootaxa.4638.1.7,11755326,https://api.elsevier.com/content/abstract/scopus_id/85068849605,4638,1,,,,0.5,3.0,1,6,,,,85068849605,2-s2.0-85068849605
0,Huber D.P.W.,Eight new provincial species records of mayflies (ephemeroptera) from one arctic watershed river in British Columbia,2019,Western North American Naturalist,,https://www.scopus.com/inward/record.uri?partnerID=HzOxMe3b&scp=85067059117&origin=inward,https://www.scopus.com/inward/citedby.uri?partnerID=HzOxMe3b&scp=85067059117&origin=inward,,2026-04-12 18:31:03,Article,10.3398/064.079.0101,15270904,https://api.elsevier.com/content/abstract/scopus_id/85067059117,79,1,,,,0.0,0.0,1,6,,,,85067059117,2-s2.0-85067059117
1,Evtimova V.,"Ephemeroptera, plecoptera, and trichoptera (insecta) from the Bulgarian stretch of the danube river and adjacent territories",2019,Biodiversity of the Bulgarian Romanian Section of the Lower Danube,,https://www.scopus.com/inward/record.uri?partnerID=HzOxMe3b&scp=85083542874&origin=inward,https://www.scopus.com/inward/citedby.uri?partnerID=HzOxMe3b&scp=85083542874&origin=inward,,2026-04-12 18:31:03,Book Chapter,,,https://api.elsevier.com/content/abstract/scopus_id/85083542874,,,,,,0.17,1.0,1,6,,,,85083542874,2-s2.0-85083542874
18,Yano K.,"Genealogical position of Japanese populations of the globally distributed mayfly cloeon dipterum and related species (Ephemeroptera, Baetidae): A molecular phylogeographic analysis",2019,Zoological Science,,https://www.scopus.com/inward/record.uri?partnerID=HzOxMe3b&scp=85076496635&origin=inward,https://www.scopus.com/inward/citedby.uri?partnerID=HzOxMe3b&scp=85076496635&origin=inward,,2026-04-12 18:31:03,Article,10.2108/zs190049,02890003,https://api.elsevier.com/content/abstract/scopus_id/85076496635,36,6,,,,3.0,18.0,1,6,,,,85076496635,2-s2.0-85076496635
27,Macaulay S.J.,Chronic Toxicities of Neonicotinoids to Nymphs of the Common New Zealand Mayfly Deleatidium spp.,2019,Environmental Toxicology and Chemistry,,https://www.scopus.com/inward/record.uri?partnerID=HzOxMe3b&scp=85073413039&origin=inward,https://www.scopus.com/inward/citedby.uri?partnerID=HzOxMe3b&scp=85073413039&origin=inward,,2026-04-12 18:31:03,Article,10.1002/etc.4556,07307268,https://api.elsevier.com/content/abstract/scopus_id/85073413039,38,11,,,,4.5,27.0,1,6,,,,85073413039,2-s2.0-85073413039
6,Sroka P.,"A new species of Bungona in Turkey (Ephemeroptera, Baetidae): An unexpected biogeographic pattern within a pantropical complex of mayflies",2019,Zoosystematics and Evolution,,https://www.scopus.com/inward/record.uri?partnerID=HzOxMe3b&scp=85063648276&origin=inward,https://www.scopus.com/inward/citedby.uri?partnerID=HzOxMe3b&scp=85063648276&origin=inward,,2026-04-12 18:31:03,Article,10.3897/zse.95.29487,14351935,https://api.elsevier.com/content/abstract/scopus_id/85063648276,95,1,,,,1.0,6.0,1,6,,,,85063648276,2-s2.0-85063648276
6,Molineri C.,Direct analysis of vicariance in neotropical mayflies (Ephemeroptera),2019,Anais Da Academia Brasileira De Ciencias,,https://www.scopus.com/inward/record.uri?partnerID=HzOxMe3b&scp=85076012666&origin=inward,https://www.scopus.com/inward/citedby.uri?partnerID=HzOxMe3b&scp=85076012666&origin=inward,,2026-04-12 18:31:03,Article,10.1590/0001-3765201920181130,00013765,https://api.elsevier.com/content/abstract/scopus_id/85076012666,91,4,,,,1.0,6.0,1,6,,,,85076012666,2-s2.0-85076012666
15,Vilenica M.,Littoral mayfly assemblages in south-east european man-made lakes,2019,Journal of Limnology,,https://www.scopus.com/inward/record.uri?partnerID=HzOxMe3b&scp=85068086928&origin=inward,https://www.scopus.com/inward/citedby.uri?partnerID=HzOxMe3b&scp=85068086928&origin=inward,,2026-04-12 18:31:03,Article,10.4081/jlimnol.2019.1853,11295767,https://api.elsevier.com/content/abstract/scopus_id/85068086928,78,1,,,,2.5,15.0,1,6,,,,85068086928,2-s2.0-85068086928
8,Funk D.H.,Why some mayfly adults are older and larger: Photoperiodic induction of larval quiescence,2019,Freshwater Science,,https://www.scopus.com/inward/record.uri?partnerID=HzOxMe3b&scp=85074996508&origin=inward,https://www.scopus.com/inward/citedby.uri?partnerID=HzOxMe3b&scp=85074996508&origin=inward,,2026-04-12 18:31:03,Article,10.1086/705749,21619549,https://api.elsevier.com/content/abstract/scopus_id/85074996508,38,4,,,,1.33,8.0,1,6,,,,85074996508,2-s2.0-85074996508
23,Almudi I.,Establishment of the mayfly Cloeon dipterum as a new model system to investigate insect evolution,2019,Evodevo,,https://www.scopus.com/inward/record.uri?partnerID=HzOxMe3b&scp=85063798959&origin=inward,https://www.scopus.com/inward/citedby.uri?partnerID=HzOxMe3b&scp=85063798959&origin=inward,,2026-04-12 18:31:03,Review,10.1186/s13227-019-0120-y,,https://api.elsevier.com/content/abstract/scopus_id/85063798959,10,1,,,,3.83,23.0,1,6,,,,85063798959,2-s2.0-85063798959
31,Takenaka M.,Ancient origin of a dipteromimid mayfly family endemic to the Japanese Islands and its genetic differentiation across tectonic faults,2019,Biological Journal of the Linnean Society,,https://www.scopus.com/inward/record.uri?partnerID=HzOxMe3b&scp=85062845247&origin=inward,https://www.scopus.com/inward/citedby.uri?partnerID=HzOxMe3b&scp=85062845247&origin=inward,,2026-04-12 18:31:03,Article,10.1093/biolinnean/bly192,00244066,https://api.elsevier.com/content/abstract/scopus_id/85062845247,126,3,,,,5.17,31.0,1,6,,,,85062845247,2-s2.0-85062845247
4,Balasubramanian C.,A new mayfly species of Rhoenanthus (Ephemeroptera: Potamanthidae) from peninsular India,2019,Zootaxa,,https://www.scopus.com/inward/record.uri?partnerID=HzOxMe3b&scp=85071689790&origin=inward,https://www.scopus.com/inward/citedby.uri?partnerID=HzOxMe3b&scp=85071689790&origin=inward,,2026-04-12 18:31:03,Article,10.11646/zootaxa.4664.2.11,11755326,https://api.elsevier.com/content/abstract/scopus_id/85071689790,4664,2,,,,0.67,4.0,1,6,,,,85071689790,2-s2.0-85071689790
5,Pohe S.,"Distribution, nymphal habitat, genetic structure and conservation of the New Zealand mayfly Isothraulus abditus (Insecta: Ephemeroptera) and a description of its subimago",2019,New Zealand Journal of Zoology,,https://www.scopus.com/inward/record.uri?partnerID=HzOxMe3b&scp=85046631757&origin=inward,https://www.scopus.com/inward/citedby.uri?partnerID=HzOxMe3b&scp=85046631757&origin=inward,,2026-04-12 18:31:03,Article,10.1080/03014223.2018.1464034,03014223,https://api.elsevier.com/content/abstract/scopus_id/85046631757,46,1,,,,0.83,5.0,1,6,,,,85046631757,2-s2.0-85046631757
2,Jacobus L.M.,Ephemeroptera of Canada,2019,Zookeys,,https://www.scopus.com/inward/record.uri?partnerID=HzOxMe3b&scp=85070222220&origin=inward,https://www.scopus.com/inward/citedby.uri?partnerID=HzOxMe3b&scp=85070222220&origin=inward,,2026-04-12 18:31:03,Review,10.3897/zookeys.819.26411,13132989,https://api.elsevier.com/content/abstract/scopus_id/85070222220,2019,819,,,,0.33,2.0,1,6,,,,85070222220,2-s2.0-85070222220
4,Howland J.,"Risks of mixtures of oil sands contaminants to a sensitive mayfly sentinel, Hexagenia",2019,Diversity,,https://www.scopus.com/inward/record.uri?partnerID=HzOxMe3b&scp=85070996838&origin=inward,https://www.scopus.com/inward/citedby.uri?partnerID=HzOxMe3b&scp=85070996838&origin=inward,,2026-04-12 18:31:03,Article,10.3390/d11080118,,https://api.elsevier.com/content/abstract/scopus_id/85070996838,11,8,,,,0.67,4.0,1,6,,,,85070996838,2-s2.0-85070996838
2,Rekha K.,A new mayfly species of Choroterpes (Euthraulus) (Ephemeroptera: Leptophlebiidae) from South India,2019,Zootaxa,,https://www.scopus.com/inward/record.uri?partnerID=HzOxMe3b&scp=85062857328&origin=inward,https://www.scopus.com/inward/citedby.uri?partnerID=HzOxMe3b&scp=85062857328&origin=inward,,2026-04-12 18:31:03,Article,10.11646/zootaxa.4565.4.8,11755326,https://api.elsevier.com/content/abstract/scopus_id/85062857328,4565,4,,,,0.33,2.0,1,6,,,,85062857328,2-s2.0-85062857328
20,Gouin N.,Pesticide contamination drives adaptive genetic variation in the endemic mayfly Andesiops torrens within a semi-arid agricultural watershed of Chile,2019,Environmental Pollution,,https://www.scopus.com/inward/record.uri?partnerID=HzOxMe3b&scp=85072828934&origin=inward,https://www.scopus.com/inward/citedby.uri?partnerID=HzOxMe3b&scp=85072828934&origin=inward,,2026-04-12 18:31:03,Article,10.1016/j.envpol.2019.113099,02697491,https://api.elsevier.com/content/abstract/scopus_id/85072828934,255,,,,,3.33,20.0,1,6,,,,85072828934,2-s2.0-85072828934
14,Hunn J.G.,Food shortage amplifies negative sublethal impacts of low-level exposure to the neonicotinoid insecticide imidacloprid on stream mayfly nymphs,2019,Water Switzerland,,https://www.scopus.com/inward/record.uri?partnerID=HzOxMe3b&scp=85074339067&origin=inward,https://www.scopus.com/inward/citedby.uri?partnerID=HzOxMe3b&scp=85074339067&origin=inward,,2026-04-12 18:31:03,Article,10.3390/w11102142,,https://api.elsevier.com/content/abstract/scopus_id/85074339067,11,10,,,,2.33,14.0,1,6,,,,85074339067,2-s2.0-85074339067
24,Suh K.,Comprehensive DNA barcodes for species identification and discovery of cryptic diversity in mayfly larvae from South Korea: Implications for freshwater ecosystem biomonitoring,2019,Entomological Research,,https://www.scopus.com/inward/record.uri?partnerID=HzOxMe3b&scp=85059641677&origin=inward,https://www.scopus.com/inward/citedby.uri?partnerID=HzOxMe3b&scp=85059641677&origin=inward,,2026-04-12 18:31:03,Article,10.1111/1748-5967.12334,17382297,https://api.elsevier.com/content/abstract/scopus_id/85059641677,49,1,,,,4.0,24.0,1,6,,,,85059641677,2-s2.0-85059641677
11,Cozzarolo C.,Biogeography and ecological diversification of a mayfly clade in New Guinea,2019,Frontiers in Ecology and Evolution,,https://www.scopus.com/inward/record.uri?partnerID=HzOxMe3b&scp=85068605911&origin=inward,https://www.scopus.com/inward/citedby.uri?partnerID=HzOxMe3b&scp=85068605911&origin=inward,,2026-04-12 18:31:03,Article,10.3389/fevo.2019.00233,,https://api.elsevier.com/content/abstract/scopus_id/85068605911,7,JUL,,,,1.83,11.0,1,6,,,,85068605911,2-s2.0-85068605911
8,Jo J.,Molecular analyses of the genus Drunella (Ephemeroptera: Ephemerellidae) in the East Asian region,2019,Limnology,,https://www.scopus.com/inward/record.uri?partnerID=HzOxMe3b&scp=85063229045&origin=inward,https://www.scopus.com/inward/citedby.uri?partnerID=HzOxMe3b&scp=85063229045&origin=inward,,2026-04-12 18:31:03,Article,10.1007/s10201-019-00573-3,14398621,https://api.elsevier.com/content/abstract/scopus_id/85063229045,20,3,,,,1.33,8.0,1,6,,,,85063229045,2-s2.0-85063229045
7,Dominguez E.,Morphology and evolution of the wing bullae in South American Leptophlebiidae (Ephemeroptera),2019,Journal of Morphology,,https://www.scopus.com/inward/record.uri?partnerID=HzOxMe3b&scp=85058695372&origin=inward,https://www.scopus.com/inward/citedby.uri?partnerID=HzOxMe3b&scp=85058695372&origin=inward,,2026-04-12 18:31:03,Article,10.1002/jmor.20920,03622525,https://api.elsevier.com/content/abstract/scopus_id/85058695372,280,1,,,,1.17,7.0,1,6,,,,85058695372,2-s2.0-85058695372
2,Pereira-da-Conceicoa L.L.,"Disentangling wing shape evolution in the African mayfly, Teloganodidae (Ephemeroptera)",2019,Zoologischer Anzeiger,,https://www.scopus.com/inward/record.uri?partnerID=HzOxMe3b&scp=85063434165&origin=inward,https://www.scopus.com/inward/citedby.uri?partnerID=HzOxMe3b&scp=85063434165&origin=inward,,2026-04-12 18:31:03,Article,10.1016/j.jcz.2019.02.005,00445231,https://api.elsevier.com/content/abstract/scopus_id/85063434165,280,,,,,0.33,2.0,1,6,,,,85063434165,2-s2.0-85063434165
7,Landeira-Dabarca A.,Mayflies avoid sweets: fish skin mucus amino sugars stimulate predator avoidance behaviour of Baetis larvae,2019,Animal Behaviour,,https://www.scopus.com/inward/record.uri?partnerID=HzOxMe3b&scp=85074293083&origin=inward,https://www.scopus.com/inward/citedby.uri?partnerID=HzOxMe3b&scp=85074293083&origin=inward,,2026-04-12 18:31:03,Article,10.1016/j.anbehav.2019.10.003,00033472,https://api.elsevier.com/content/abstract/scopus_id/85074293083,158,,,,,1.17,7.0,1,6,,,,85074293083,2-s2.0-85074293083
35,Buchwalter D.,Are sulfate effects in the mayfly Neocloeon triangulifer driven by the cost of ion regulation?,2019,Philosophical Transactions of the Royal Society B Biological Sciences,,https://www.scopus.com/inward/record.uri?partnerID=HzOxMe3b&scp=85058323190&origin=inward,https://www.scopus.com/inward/citedby.uri?partnerID=HzOxMe3b&scp=85058323190&origin=inward,,2026-04-12 18:31:03,Article,10.1098/rstb.2018.0013,09628436,https://api.elsevier.com/content/abstract/scopus_id/85058323190,374,1764,,,,5.83,35.0,1,6,,,,85058323190,2-s2.0-85058323190
7,Howland J.R.,Effects of oil sands process water mixtures on the mayfly Hexagenia and field-collected aquatic macroinvertebrate communities,2019,Ecotoxicology,,https://www.scopus.com/inward/record.uri?partnerID=HzOxMe3b&scp=85069218843&origin=inward,https://www.scopus.com/inward/citedby.uri?partnerID=HzOxMe3b&scp=85069218843&origin=inward,,2026-04-12 18:31:03,Article,10.1007/s10646-019-02061-x,09639292,https://api.elsevier.com/content/abstract/scopus_id/85069218843,28,6,,,,1.17,7.0,1,6,,,,85069218843,2-s2.0-85069218843
39,Jackson J.K.,Temperature affects acute mayfly responses to elevated salinity: Implications for toxicity of road de-icing salts,2019,Philosophical Transactions of the Royal Society B Biological Sciences,,https://www.scopus.com/inward/record.uri?partnerID=HzOxMe3b&scp=85058298740&origin=inward,https://www.scopus.com/inward/citedby.uri?partnerID=HzOxMe3b&scp=85058298740&origin=inward,,2026-04-12 18:31:03,Article,10.1098/rstb.2018.0081,09628436,https://api.elsevier.com/content/abstract/scopus_id/85058298740,374,1764,,,,6.5,39.0,1,6,,,,85058298740,2-s2.0-85058298740
5,Orlando T.,"A new species of Simothraulopsis Demoulin, 1966 (Ephemeroptera: Leptophlebiidae)",2019,Zootaxa,,https://www.scopus.com/inward/record.uri?partnerID=HzOxMe3b&scp=85072644256&origin=inward,https://www.scopus.com/inward/citedby.uri?partnerID=HzOxMe3b&scp=85072644256&origin=inward,,2026-04-12 18:31:03,Article,10.11646/zootaxa.4674.3.4,11755326,https://api.elsevier.com/content/abstract/scopus_id/85072644256,4674,3,,,,0.83,5.0,1,6,,,,85072644256,2-s2.0-85072644256
3,Rathinakumar T.,"New record of the Genus Povilla (Navas, 1912) (Ephemeroptera, Polymitarcyidae) from southern Western Ghats, India",2019,Journal of Entomological Research,,https://www.scopus.com/inward/record.uri?partnerID=HzOxMe3b&scp=85064571226&origin=inward,https://www.scopus.com/inward/citedby.uri?partnerID=HzOxMe3b&scp=85064571226&origin=inward,,2026-04-12 18:31:03,Article,10.5958/0974-4576.2019.00018.5,03789519,https://api.elsevier.com/content/abstract/scopus_id/85064571226,43,1,,,,0.5,3.0,1,6,,,,85064571226,2-s2.0-85064571226
18,Takenaka M.,"Concordance between molecular biogeography of Dipteromimus tipuliformis and geological history in the local fine scale (Ephemeroptera, Dipteromimidae)",2019,Molecular Phylogenetics and Evolution,,https://www.scopus.com/inward/record.uri?partnerID=HzOxMe3b&scp=85068257178&origin=inward,https://www.scopus.com/inward/citedby.uri?partnerID=HzOxMe3b&scp=85068257178&origin=inward,,2026-04-12 18:31:03,Article,10.1016/j.ympev.2019.106547,10557903,https://api.elsevier.com/content/abstract/scopus_id/85068257178,139,,,,,3.0,18.0,1,6,,,,85068257178,2-s2.0-85068257178
1,Rincón J.E.,"First record of nymphs of Atopophlebia (Flowers, 1980) (Ephemeroptera: Leptophlebiidae: Atalophlebiinae) in Venezuelan streams",2019,Revista De La Sociedad Entomologica Argentina,,https://www.scopus.com/inward/record.uri?partnerID=HzOxMe3b&scp=85168958750&origin=inward,https://www.scopus.com/inward/citedby.uri?partnerID=HzOxMe3b&scp=85168958750&origin=inward,,2026-04-12 18:31:03,Article,10.25085/rsea.780404,03735680,https://api.elsevier.com/content/abstract/scopus_id/85168958750,78,4,,,,0.17,1.0,1,6,,,,85168958750,2-s2.0-85168958750
8,Smoliński S.,Cascading effects of temperature alterations on trophic ecology of European grayling (Thymallus thymallus),2019,Scientific Reports,,https://www.scopus.com/inward/record.uri?partnerID=HzOxMe3b&scp=85076033948&origin=inward,https://www.scopus.com/inward/citedby.uri?partnerID=HzOxMe3b&scp=85076033948&origin=inward,,2026-04-12 18:31:03,Article,10.1038/s41598-019-55000-5,,https://api.elsevier.com/content/abstract/scopus_id/85076033948,9,1,,,,1.33,8.0,1,6,,,,85076033948,2-s2.0-85076033948
6,Lima L.R.C.,"Phylogenetic analysis supports the monophyly of the South American mayfly genus Brasilocaenis Puthz, 1975 (Insecta: Ephemeroptera: Caenidae)",2019,Zoologischer Anzeiger,,https://www.scopus.com/inward/record.uri?partnerID=HzOxMe3b&scp=85065613133&origin=inward,https://www.scopus.com/inward/citedby.uri?partnerID=HzOxMe3b&scp=85065613133&origin=inward,,2026-04-12 18:31:03,Article,10.1016/j.jcz.2019.04.001,00445231,https://api.elsevier.com/content/abstract/scopus_id/85065613133,280,,,,,1.0,6.0,1,6,,,,85065613133,2-s2.0-85065613133
1,Banazair O.,"A new record of potamanthellus caenoides ulmer, 1939 (Ephemeroptera: Neoephemereidae) from the chalakudi river, Southern Western ghats of India",2019,International Journal of Aquatic Biology,,https://www.scopus.com/inward/record.uri?partnerID=HzOxMe3b&scp=85063605194&origin=inward,https://www.scopus.com/inward/citedby.uri?partnerID=HzOxMe3b&scp=85063605194&origin=inward,,2026-04-12 18:31:03,Article,10.22034/ijab.v7i1.555,23830956,https://api.elsevier.com/content/abstract/scopus_id/85063605194,7,1,,,,0.17,1.0,1,6,,,,85063605194,2-s2.0-85063605194
5,Takenaka M.,"The First Establishment of ""Hand-Pairing"" Cross-Breeding Method for the Most Ancestral Wing Acquired Insect Group",2019,Zoological Science,,https://www.scopus.com/inward/record.uri?partnerID=HzOxMe3b&scp=85064527261&origin=inward,https://www.scopus.com/inward/citedby.uri?partnerID=HzOxMe3b&scp=85064527261&origin=inward,,2026-04-12 18:31:03,Article,10.2108/zs180169,02890003,https://api.elsevier.com/content/abstract/scopus_id/85064527261,36,2,,,,0.83,5.0,1,6,,,,85064527261,2-s2.0-85064527261
22,Nowghani F.,Impact of salt-contaminated freshwater on osmoregulation and tracheal gill function in nymphs of the mayfly Hexagenia rigida,2019,Aquatic Toxicology,,https://www.scopus.com/inward/record.uri?partnerID=HzOxMe3b&scp=85063762612&origin=inward,https://www.scopus.com/inward/citedby.uri?partnerID=HzOxMe3b&scp=85063762612&origin=inward,,2026-04-12 18:31:03,Article,10.1016/j.aquatox.2019.03.019,0166445X,https://api.elsevier.com/content/abstract/scopus_id/85063762612,211,,,,,3.67,22.0,1,6,,,,85063762612,2-s2.0-85063762612
9,Sroka P.,"New oligoneuriidae (Insecta, ephemeroptera) from iran",2019,Zookeys,,https://www.scopus.com/inward/record.uri?partnerID=HzOxMe3b&scp=85073393005&origin=inward,https://www.scopus.com/inward/citedby.uri?partnerID=HzOxMe3b&scp=85073393005&origin=inward,,2026-04-12 18:31:03,Article,10.3897/zookeys.872.36098,13132989,https://api.elsevier.com/content/abstract/scopus_id/85073393005,2019,872,,,,1.5,9.0,1,6,,,,85073393005,2-s2.0-85073393005
1,Finlay K.J.,Deanophlebia: A new genus of south-eastern Australian mayflies and subsequent redefinition of the subgenus Nousia (Australonousia) (Ephemeroptera: Leptophlebiidae),2019,Zootaxa,,https://www.scopus.com/inward/record.uri?partnerID=HzOxMe3b&scp=85072054012&origin=inward,https://www.scopus.com/inward/citedby.uri?partnerID=HzOxMe3b&scp=85072054012&origin=inward,,2026-04-12 18:31:03,Article,10.11646/zootaxa.4668.1.2,11755326,https://api.elsevier.com/content/abstract/scopus_id/85072054012,4668,1,,,,0.17,1.0,1,6,,,,85072054012,2-s2.0-85072054012
10,Massariol F.C.,Global classification and evolution of brushlegged mayflies (Insecta: Ephemeroptera: Oligoneuriidae): Phylogenetic analyses of morphological and molecular data and dated historical biogeography,2019,Zoological Journal of the Linnean Society,,https://www.scopus.com/inward/record.uri?partnerID=HzOxMe3b&scp=85073480501&origin=inward,https://www.scopus.com/inward/citedby.uri?partnerID=HzOxMe3b&scp=85073480501&origin=inward,,2026-04-12 18:31:03,Article,10.1093/zoolinnean/zlz031,00244082,https://api.elsevier.com/content/abstract/scopus_id/85073480501,187,2,,,,1.67,10.0,1,6,,,,85073480501,2-s2.0-85073480501
7,Sekiné K.,A mayfly's rapid transition toward unisexual populations,2019,Biological Journal of the Linnean Society,,https://www.scopus.com/inward/record.uri?partnerID=HzOxMe3b&scp=85068264566&origin=inward,https://www.scopus.com/inward/citedby.uri?partnerID=HzOxMe3b&scp=85068264566&origin=inward,,2026-04-12 18:31:03,Article,10.1093/biolinnean/blz039,00244066,https://api.elsevier.com/content/abstract/scopus_id/85068264566,127,2,,,,1.17,7.0,1,6,,,,85068264566,2-s2.0-85068264566
11,Di Angelo M.,"Mayflies, breeders, and busy bees in ethereum: Smart contracts over time",2019,Bcc 2019 Proceedings of the 3rd ACM Workshop on Blockchains Cryptocurrencies and Contracts Co Located with Asiaccs 2019,,https://www.scopus.com/inward/record.uri?partnerID=HzOxMe3b&scp=85069912184&origin=inward,https://www.scopus.com/inward/citedby.uri?partnerID=HzOxMe3b&scp=85069912184&origin=inward,,2026-04-12 18:31:03,Conference Paper,10.1145/3327959.3329537,,https://api.elsevier.com/content/abstract/scopus_id/85069912184,,,,,,1.83,11.0,1,6,,,,85069912184,2-s2.0-85069912184
2,Tiunova T.M.,"Baetis pentaphyllus sp. Nov., a new species of mayfly (Ephemeroptera: Baetidae) from the Russian Far East",2019,Zootaxa,,https://www.scopus.com/inward/record.uri?partnerID=HzOxMe3b&scp=85072825838&origin=inward,https://www.scopus.com/inward/citedby.uri?partnerID=HzOxMe3b&scp=85072825838&origin=inward,,2026-04-12 18:31:03,Article,10.11646/zootaxa.4679.2.7,11755326,https://api.elsevier.com/content/abstract/scopus_id/85072825838,4679,2,,,,0.33,2.0,1,6,,,,85072825838,2-s2.0-85072825838
5,Malzacher P.,"Mekongellina, a new mayfly genus of the subfamily brachycercinae (Ephemeroptera: Caenidae) from Thailand",2019,Integrative Systematics,,https://www.scopus.com/inward/record.uri?partnerID=HzOxMe3b&scp=85115936415&origin=inward,https://www.scopus.com/inward/citedby.uri?partnerID=HzOxMe3b&scp=85115936415&origin=inward,,2026-04-12 18:31:03,Article,10.18476/insy.v02.a1,26282380,https://api.elsevier.com/content/abstract/scopus_id/85115936415,2,1,,,,0.83,5.0,1,6,,,,85115936415,2-s2.0-85115936415
4,Park H.,Sand burrowing mayflies of the family behningiidae (Ephemeroptera) from south Korea,2019,Check List,,https://www.scopus.com/inward/record.uri?partnerID=HzOxMe3b&scp=85073533422&origin=inward,https://www.scopus.com/inward/citedby.uri?partnerID=HzOxMe3b&scp=85073533422&origin=inward,,2026-04-12 18:31:03,Article,10.15560/15.5.879,,https://api.elsevier.com/content/abstract/scopus_id/85073533422,15,5,,,,0.67,4.0,1,6,,,,85073533422,2-s2.0-85073533422
3,Seok S.,"Effects of flood disturbance on the cohort structure of the riverine mayfly Ephemera orientalis (Ephemeroptera: Ephemeridae) in the Han River in Seoul, Korea",2019,Entomological Research,,https://www.scopus.com/inward/record.uri?partnerID=HzOxMe3b&scp=85060754008&origin=inward,https://www.scopus.com/inward/citedby.uri?partnerID=HzOxMe3b&scp=85060754008&origin=inward,,2026-04-12 18:31:03,Article,10.1111/1748-5967.12340,17382297,https://api.elsevier.com/content/abstract/scopus_id/85060754008,49,3,,,,0.5,3.0,1,6,,,,85060754008,2-s2.0-85060754008
4,Zhou X.,"A new species of Behningia Lestage, 1929 (Ephemerotera: Behningiidae) from China",2019,Zootaxa,,https://www.scopus.com/inward/record.uri?partnerID=HzOxMe3b&scp=85072381644&origin=inward,https://www.scopus.com/inward/citedby.uri?partnerID=HzOxMe3b&scp=85072381644&origin=inward,,2026-04-12 18:31:03,Article,10.11646/zootaxa.4671.3.7,11755326,https://api.elsevier.com/content/abstract/scopus_id/85072381644,4671,3,,,,0.67,4.0,1,6,,,,85072381644,2-s2.0-85072381644
2,Cruz P.V.,"A new species of Harpagobaetis Mol, with amended diagnosis of the genus, and new considerations on predatory species of Baetidae (Ephemeroptera) from South America",2019,Zootaxa,,https://www.scopus.com/inward/record.uri?partnerID=HzOxMe3b&scp=85060927997&origin=inward,https://www.scopus.com/inward/citedby.uri?partnerID=HzOxMe3b&scp=85060927997&origin=inward,,2026-04-12 18:31:03,Article,10.11646/zootaxa.4551.2.4,11755326,https://api.elsevier.com/content/abstract/scopus_id/85060927997,,2,,,,0.33,2.0,1,6,,,,85060927997,2-s2.0-85060927997
13,Beuter L.K.,Testing effects of pesticides on macroinvertebrate communities in outdoor stream mesocosms using carbaryl as example test item,2019,Environmental Sciences Europe,,https://www.scopus.com/inward/record.uri?partnerID=HzOxMe3b&scp=85060622231&origin=inward,https://www.scopus.com/inward/citedby.uri?partnerID=HzOxMe3b&scp=85060622231&origin=inward,,2026-04-12 18:31:03,Article,10.1186/s12302-019-0185-1,21904707,https://api.elsevier.com/content/abstract/scopus_id/85060622231,31,1,,,,2.17,13.0,1,6,,,,85060622231,2-s2.0-85060622231
6,Qian G.,"The status of neutral insects, mosquitoes in the food of natural enemies in tea gardens",2019,Journal of Asia Pacific Entomology,,https://www.scopus.com/inward/record.uri?partnerID=HzOxMe3b&scp=85073720911&origin=inward,https://www.scopus.com/inward/citedby.uri?partnerID=HzOxMe3b&scp=85073720911&origin=inward,,2026-04-12 18:31:03,Article,10.1016/j.aspen.2019.07.006,12268615,https://api.elsevier.com/content/abstract/scopus_id/85073720911,22,4,,,,1.0,6.0,1,6,,,,85073720911,2-s2.0-85073720911
3,Nascimento S.R.S.,"A new species of Traverella Edmunds, 1948 (Ephemeroptera: Leptophlebiidae) from Brazil",2019,Zootaxa,,https://www.scopus.com/inward/record.uri?partnerID=HzOxMe3b&scp=85067641034&origin=inward,https://www.scopus.com/inward/citedby.uri?partnerID=HzOxMe3b&scp=85067641034&origin=inward,,2026-04-12 18:31:03,Article,10.11646/zootaxa.4619.1.12,11755326,https://api.elsevier.com/content/abstract/scopus_id/85067641034,4619,1,,,,0.5,3.0,1,6,,,,85067641034,2-s2.0-85067641034
6,Raimundi E.A.,"Contribution to the knowledge of Ephemeroptera (Insecta) from Goiás State, Brazil",2019,Journal of Insect Biodiversity,,https://www.scopus.com/inward/record.uri?partnerID=HzOxMe3b&scp=85085339972&origin=inward,https://www.scopus.com/inward/citedby.uri?partnerID=HzOxMe3b&scp=85085339972&origin=inward,,2026-04-12 18:31:03,Article,10.12976/jib/2019.12.2.1,25381318,https://api.elsevier.com/content/abstract/scopus_id/85085339972,12,2,,,,1.0,6.0,1,6,,,,85085339972,2-s2.0-85085339972
3,Minanõ P.,Taxonomic key of nymphs of Ephemeroptera (Insecta) from Southeastern Peru,2019,Revista Peruana De Biologia,,https://www.scopus.com/inward/record.uri?partnerID=HzOxMe3b&scp=85079645499&origin=inward,https://www.scopus.com/inward/citedby.uri?partnerID=HzOxMe3b&scp=85079645499&origin=inward,,2026-04-12 18:31:03,Article,10.15381/rpb.v26i4.17213,15610837,https://api.elsevier.com/content/abstract/scopus_id/85079645499,26,4,,,,0.5,3.0,1,6,,,,85079645499,2-s2.0-85079645499
6,Costa V.,"Description of two related new species of Miroculis Edmunds, 1963 (Ephemeroptera: Leptophlebiidae) from Brazil and Colombia",2019,Zootaxa,,https://www.scopus.com/inward/record.uri?partnerID=HzOxMe3b&scp=85074596378&origin=inward,https://www.scopus.com/inward/citedby.uri?partnerID=HzOxMe3b&scp=85074596378&origin=inward,,2026-04-12 18:31:03,Review,10.11646/zootaxa.4695.3.3,11755326,https://api.elsevier.com/content/abstract/scopus_id/85074596378,4695,3,,,,1.0,6.0,1,6,,,,85074596378,2-s2.0-85074596378
1,Gorovaya E.,"A New Species of the Mayfly Genus Teloganopsis Ulmer, 1939 (Ephemeroptera, Ephemerellidae) from the South of the Russian Far East",2019,Entomological Review,,https://www.scopus.com/inward/record.uri?partnerID=HzOxMe3b&scp=85066624947&origin=inward,https://www.scopus.com/inward/citedby.uri?partnerID=HzOxMe3b&scp=85066624947&origin=inward,,2026-04-12 18:31:03,Article,10.1134/S0013873819020064,00138738,https://api.elsevier.com/content/abstract/scopus_id/85066624947,99,2,,,,0.17,1.0,1,6,,,,85066624947,2-s2.0-85066624947
0,Leeming J.,"Mayfly invasion, ripples in the sky and a jumping squid: Nature’s photo competition",2019,Nature,,https://www.scopus.com/inward/record.uri?partnerID=HzOxMe3b&scp=85064040663&origin=inward,https://www.scopus.com/inward/citedby.uri?partnerID=HzOxMe3b&scp=85064040663&origin=inward,,2026-04-12 18:31:03,Note,10.1038/d41586-019-01104-x,00280836,https://api.elsevier.com/content/abstract/scopus_id/85064040663,568,7751,,,,0.0,0.0,1,6,,,,85064040663,2-s2.0-85064040663
2,Gray D.,Braided river ecology: A literature review of physical habitats and aquatic invertebrate communities,2019,Science for Conservation,,https://www.scopus.com/inward/record.uri?partnerID=HzOxMe3b&scp=84879239549&origin=inward,https://www.scopus.com/inward/citedby.uri?partnerID=HzOxMe3b&scp=84879239549&origin=inward,,2026-04-12 18:31:03,Article,,11732946,https://api.elsevier.com/content/abstract/scopus_id/84879239549,2019-December,,,,,0.33,2.0,1,6,,,,84879239549,2-s2.0-84879239549
4,Katano I.,Effects of stream grazers with different functional traits on the spatial heterogeneity of periphyton mats,2019,Peerj,,https://www.scopus.com/inward/record.uri?partnerID=HzOxMe3b&scp=85074214931&origin=inward,https://www.scopus.com/inward/citedby.uri?partnerID=HzOxMe3b&scp=85074214931&origin=inward,,2026-04-12 18:31:03,Article,10.7717/peerj.6747,,https://api.elsevier.com/content/abstract/scopus_id/85074214931,2019,6,,,,0.67,4.0,1,6,,,,85074214931,2-s2.0-85074214931
15,Kotalik C.J.,Stream mesocosm experiments show significant differences in sensitivity of larval and emerging adults to metals,2019,Environmental Science and Technology,,https://www.scopus.com/inward/record.uri?partnerID=HzOxMe3b&scp=85068392869&origin=inward,https://www.scopus.com/inward/citedby.uri?partnerID=HzOxMe3b&scp=85068392869&origin=inward,,2026-04-12 18:31:03,Article,10.1021/acs.est.9b00883,0013936X,https://api.elsevier.com/content/abstract/scopus_id/85068392869,53,14,,,,2.5,15.0,1,6,,,,85068392869,2-s2.0-85068392869
0,,"BCC 2019 - Proceedings of the 3rd ACM Workshop on Blockchains, Cryptocurrencies and Contracts, co-located with AsiaCCS 2019",2019,Bcc 2019 Proceedings of the 3rd ACM Workshop on Blockchains Cryptocurrencies and Contracts Co Located with Asiaccs 2019,,https://www.scopus.com/inward/record.uri?partnerID=HzOxMe3b&scp=85069947480&origin=inward,https://www.scopus.com/inward/citedby.uri?partnerID=HzOxMe3b&scp=85069947480&origin=inward,,2026-04-12 18:31:03,Conference Review,,,https://api.elsevier.com/content/abstract/scopus_id/85069947480,,,,,,0.0,0.0,0,6,,,,85069947480,2-s2.0-85069947480
3,Wilson M.,Manganese oxides as localized drivers of benthic invertebrate density and community structure,2019,Hydrobiologia,,https://www.scopus.com/inward/record.uri?partnerID=HzOxMe3b&scp=85066779580&origin=inward,https://www.scopus.com/inward/citedby.uri?partnerID=HzOxMe3b&scp=85066779580&origin=inward,,2026-04-12 18:31:03,Article,10.1007/s10750-019-03979-3,00188158,https://api.elsevier.com/content/abstract/scopus_id/85066779580,838,1,,,,0.5,3.0,1,6,,,,85066779580,2-s2.0-85066779580
0,Sanders M.D.,Food supplies at black stilt nest sites,2019,Science for Conservation,,https://www.scopus.com/inward/record.uri?partnerID=HzOxMe3b&scp=85118870664&origin=inward,https://www.scopus.com/inward/citedby.uri?partnerID=HzOxMe3b&scp=85118870664&origin=inward,,2026-04-12 18:31:03,Article,,11732946,https://api.elsevier.com/content/abstract/scopus_id/85118870664,2019-December,,,,,0.0,0.0,1,6,,,,85118870664,2-s2.0-85118870664
1,Tiunova T.M.,"Life cycle and growth of Metreletus omelkoi Tiunova, 2010 (Ephemeroptera: Ameletidae) in a temporary stream in Primorskii krai, Russia",2019,Far Eastern Entomologist,,https://www.scopus.com/inward/record.uri?partnerID=HzOxMe3b&scp=85071357350&origin=inward,https://www.scopus.com/inward/citedby.uri?partnerID=HzOxMe3b&scp=85071357350&origin=inward,,2026-04-12 18:31:03,Article,10.25221/fee.388.3,1026051X,https://api.elsevier.com/content/abstract/scopus_id/85071357350,388,,,,,0.17,1.0,1,6,,,,85071357350,2-s2.0-85071357350
5,Tamura S.,"Food habits of invertebrate grazers in a forested stream: variations according to taxonomic affiliation, flow habitat, and body size",2019,Hydrobiologia,,https://www.scopus.com/inward/record.uri?partnerID=HzOxMe3b&scp=85068325215&origin=inward,https://www.scopus.com/inward/citedby.uri?partnerID=HzOxMe3b&scp=85068325215&origin=inward,,2026-04-12 18:31:03,Article,10.1007/s10750-019-04010-5,00188158,https://api.elsevier.com/content/abstract/scopus_id/85068325215,841,1,,,,0.83,5.0,1,6,,,,85068325215,2-s2.0-85068325215
3,Stauffer-Olsen N.J.,Cytochrome oxidase i sequences from northern and southern california suggest cryptic baetis (Ephemeroptera: Baetidae) Species,2019,Western North American Naturalist,,https://www.scopus.com/inward/record.uri?partnerID=HzOxMe3b&scp=85087840724&origin=inward,https://www.scopus.com/inward/citedby.uri?partnerID=HzOxMe3b&scp=85087840724&origin=inward,,2026-04-12 18:31:03,Article,10.3398/064.079.0207,15270904,https://api.elsevier.com/content/abstract/scopus_id/85087840724,79,2,,,,0.5,3.0,1,6,,,,85087840724,2-s2.0-85087840724
4,Kluge N.J.,"Potamocloeon edentatum sp. n. from Usambara Mountains in Tanzania (Ephemeroptera, Baetidae)",2019,Zootaxa,,https://www.scopus.com/inward/record.uri?partnerID=HzOxMe3b&scp=85074960872&origin=inward,https://www.scopus.com/inward/citedby.uri?partnerID=HzOxMe3b&scp=85074960872&origin=inward,,2026-04-12 18:31:03,Article,10.11646/zootaxa.4648.2.6,,https://api.elsevier.com/content/abstract/scopus_id/85074960872,4648,2,,,,0.67,4.0,1,6,,,,85074960872,2-s2.0-85074960872
5,Loskutova O.A.,Aquatic Fauna in Maly Patok River Basin (Subpolar Urals): II. Invertebrates,2019,Inland Water Biology,,https://www.scopus.com/inward/record.uri?partnerID=HzOxMe3b&scp=85078214466&origin=inward,https://www.scopus.com/inward/citedby.uri?partnerID=HzOxMe3b&scp=85078214466&origin=inward,,2026-04-12 18:31:03,Article,10.1134/S1995082919040084,19950829,https://api.elsevier.com/content/abstract/scopus_id/85078214466,12,,,,,0.83,5.0,1,6,,,,85078214466,2-s2.0-85078214466
1,Uno H.,"Migratory life cycle of Ephemerella maculata (Traver, 1934) (Ephemerellidae)",2019,Aquatic Insects,,https://www.scopus.com/inward/record.uri?partnerID=HzOxMe3b&scp=85062942348&origin=inward,https://www.scopus.com/inward/citedby.uri?partnerID=HzOxMe3b&scp=85062942348&origin=inward,,2026-04-12 18:31:03,Article,10.1080/01650424.2018.1563700,01650424,https://api.elsevier.com/content/abstract/scopus_id/85062942348,40,2,,,,0.17,1.0,1,6,,,,85062942348,2-s2.0-85062942348
10,Musetta-Lambert J.,Influence of wildfire and harvesting on aquatic and terrestrial invertebrate drift patterns in boreal headwater streams,2019,Hydrobiologia,,https://www.scopus.com/inward/record.uri?partnerID=HzOxMe3b&scp=85061634059&origin=inward,https://www.scopus.com/inward/citedby.uri?partnerID=HzOxMe3b&scp=85061634059&origin=inward,,2026-04-12 18:31:03,Article,10.1007/s10750-019-3907-x,00188158,https://api.elsevier.com/content/abstract/scopus_id/85061634059,834,1,,,,1.67,10.0,1,6,,,,85061634059,2-s2.0-85061634059
1,Stevens R.,Professor Sir Frederick Pollock (1845–1937): Jurist as Mayfly,2019,Scholars of Tort Law,,https://www.scopus.com/inward/record.uri?partnerID=HzOxMe3b&scp=85191122317&origin=inward,https://www.scopus.com/inward/citedby.uri?partnerID=HzOxMe3b&scp=85191122317&origin=inward,,2026-04-12 18:31:03,Book Chapter,,,https://api.elsevier.com/content/abstract/scopus_id/85191122317,,,,,,0.17,1.0,1,6,,,,85191122317,2-s2.0-85191122317
4,Pavel A.,New data regarding the presence of two insect larvae species – gomphus (Stylurus) flavipes (odonata) and palingenia longicauda (ephemeroptera) – in the lower sector of the danube river,2019,Geo Eco Marina,,https://www.scopus.com/inward/record.uri?partnerID=HzOxMe3b&scp=85077579070&origin=inward,https://www.scopus.com/inward/citedby.uri?partnerID=HzOxMe3b&scp=85077579070&origin=inward,,2026-04-12 18:31:03,Article,,12246808,https://api.elsevier.com/content/abstract/scopus_id/85077579070,2019,25,,,,0.67,4.0,1,6,,,,85077579070,2-s2.0-85077579070
7,Dias L.G.,Phylogeny of Tricorythodes Ulmer (Leptohyphidae: Ephemeroptera) based on molecular and morphological evidence,2019,Zoologischer Anzeiger,,https://www.scopus.com/inward/record.uri?partnerID=HzOxMe3b&scp=85057319607&origin=inward,https://www.scopus.com/inward/citedby.uri?partnerID=HzOxMe3b&scp=85057319607&origin=inward,,2026-04-12 18:31:03,Article,10.1016/j.jcz.2018.10.008,00445231,https://api.elsevier.com/content/abstract/scopus_id/85057319607,278,,,,,1.17,7.0,1,6,,,,85057319607,2-s2.0-85057319607
8,Kaltenbach T.,"A new species of tenuibaetis Kang & Yang, 1994 from Indonesia (Ephemeroptera, Baetidae)",2019,Zookeys,,https://www.scopus.com/inward/record.uri?partnerID=HzOxMe3b&scp=85070216050&origin=inward,https://www.scopus.com/inward/citedby.uri?partnerID=HzOxMe3b&scp=85070216050&origin=inward,,2026-04-12 18:31:03,Article,10.3897/zookeys.820.31487,13132989,https://api.elsevier.com/content/abstract/scopus_id/85070216050,2019,820,,,,1.33,8.0,1,6,,,,85070216050,2-s2.0-85070216050
9,Campos R.,Askola Peters 1969 (Ephemeroptera: Leptophlebiidae: Atalophlebiinae): An updated review under cladistics approach,2019,Zoologischer Anzeiger,,https://www.scopus.com/inward/record.uri?partnerID=HzOxMe3b&scp=85072526793&origin=inward,https://www.scopus.com/inward/citedby.uri?partnerID=HzOxMe3b&scp=85072526793&origin=inward,,2026-04-12 18:31:03,Article,10.1016/j.jcz.2019.08.006,00445231,https://api.elsevier.com/content/abstract/scopus_id/85072526793,283,,,,,1.5,9.0,1,6,,,,85072526793,2-s2.0-85072526793
18,Thera J.C.,Tissue content of thiol-containing amino acids predicts methylmercury in aquatic invertebrates,2019,Science of the Total Environment,,https://www.scopus.com/inward/record.uri?partnerID=HzOxMe3b&scp=85067873594&origin=inward,https://www.scopus.com/inward/citedby.uri?partnerID=HzOxMe3b&scp=85067873594&origin=inward,,2026-04-12 18:31:03,Article,10.1016/j.scitotenv.2019.06.225,00489697,https://api.elsevier.com/content/abstract/scopus_id/85067873594,688,,,,,3.0,18.0,1,6,,,,85067873594,2-s2.0-85067873594
1,Raimundi E.,"First record of Ephemeridae (Insecta, Ephemeroptera) from Rio Grande do Sul and its rediscover from South of Brazil",2019,Pan American Journal of Aquatic Sciences,,https://www.scopus.com/inward/record.uri?partnerID=HzOxMe3b&scp=85075383177&origin=inward,https://www.scopus.com/inward/citedby.uri?partnerID=HzOxMe3b&scp=85075383177&origin=inward,,2026-04-12 18:31:03,Article,,,https://api.elsevier.com/content/abstract/scopus_id/85075383177,14,2,,,,0.17,1.0,1,6,,,,85075383177,2-s2.0-85075383177
17,Schaafsma A.W.,Neonicotinoid insecticide residues in subsurface drainage and open ditch water around maize fields in southwestern Ontario,2019,Plos One,,https://www.scopus.com/inward/record.uri?partnerID=HzOxMe3b&scp=85063962097&origin=inward,https://www.scopus.com/inward/citedby.uri?partnerID=HzOxMe3b&scp=85063962097&origin=inward,,2026-04-12 18:31:03,Article,10.1371/journal.pone.0214787,,https://api.elsevier.com/content/abstract/scopus_id/85063962097,14,4,,,,2.83,17.0,1,6,,,,85063962097,2-s2.0-85063962097
2,Molineri C.,Nymphal description of Tricorythodes zagaia n. Comb. And Tricorythodes pemonensis n. Comb. (Ephemeroptera: Leptohyphidae) and first records from Colombia,2019,Zootaxa,,https://www.scopus.com/inward/record.uri?partnerID=HzOxMe3b&scp=85064216609&origin=inward,https://www.scopus.com/inward/citedby.uri?partnerID=HzOxMe3b&scp=85064216609&origin=inward,,2026-04-12 18:31:03,Article,10.11646/zootaxa.4585.2.13,11755326,https://api.elsevier.com/content/abstract/scopus_id/85064216609,4585,2,,,,0.33,2.0,1,6,,,,85064216609,2-s2.0-85064216609
0,Zhang W.,"Redescription of Parafronurus youi and generic affinities (Ephemeroptera, Heptageniidae, Ecdyonurinae)",2019,Zootaxa,,https://www.scopus.com/inward/record.uri?partnerID=HzOxMe3b&scp=85067789870&origin=inward,https://www.scopus.com/inward/citedby.uri?partnerID=HzOxMe3b&scp=85067789870&origin=inward,,2026-04-12 18:31:03,Review,10.11646/zootaxa.4623.1.8,11755326,https://api.elsevier.com/content/abstract/scopus_id/85067789870,4623,1,,,,0.0,0.0,1,6,,,,85067789870,2-s2.0-85067789870
4,Shi W.,"Genus Bungona Harker, 1957 (Ephemeroptera: Baetidae) from China, with descriptions of three new species and a key to Oriental species",2019,Zootaxa,,https://www.scopus.com/inward/record.uri?partnerID=HzOxMe3b&scp=85074959895&origin=inward,https://www.scopus.com/inward/citedby.uri?partnerID=HzOxMe3b&scp=85074959895&origin=inward,,2026-04-12 18:31:03,Article,10.11646/zootaxa.4586.3.12,11755326,https://api.elsevier.com/content/abstract/scopus_id/85074959895,4586,3,,,,0.67,4.0,1,6,,,,85074959895,2-s2.0-85074959895
7,Derka T.,Aquatic insects,2019,Biodiversity of Pantepui the Pristine Lost World of the Neotropical Guiana Highlands,,https://www.scopus.com/inward/record.uri?partnerID=HzOxMe3b&scp=85082618355&origin=inward,https://www.scopus.com/inward/citedby.uri?partnerID=HzOxMe3b&scp=85082618355&origin=inward,,2026-04-12 18:31:03,Book Chapter,10.1016/B978-0-12-815591-2.00008-2,,https://api.elsevier.com/content/abstract/scopus_id/85082618355,,,,,,1.17,7.0,1,6,,,,85082618355,2-s2.0-85082618355
4,Bielczyńska A.,Wind exposure as a factor influencing the littoral macrozoobenthic community: A methodological approach and preliminary findings,2019,Limnological Review,,https://www.scopus.com/inward/record.uri?partnerID=HzOxMe3b&scp=85076826229&origin=inward,https://www.scopus.com/inward/citedby.uri?partnerID=HzOxMe3b&scp=85076826229&origin=inward,,2026-04-12 18:31:03,Article,10.2478/limre-2019-0010,16425952,https://api.elsevier.com/content/abstract/scopus_id/85076826229,19,3,,,,0.67,4.0,1,6,,,,85076826229,2-s2.0-85076826229
19,Hrivniak Ľ.,A new epeorus (Caucasiron) (Ephemeroptera: Heptageniidae) species from Turkey based on molecular and morphological evidence,2019,Zootaxa,,https://www.scopus.com/inward/record.uri?partnerID=HzOxMe3b&scp=85060482918&origin=inward,https://www.scopus.com/inward/citedby.uri?partnerID=HzOxMe3b&scp=85060482918&origin=inward,,2026-04-12 18:31:03,Article,10.11646/zootaxa.4550.1.2,11755326,https://api.elsevier.com/content/abstract/scopus_id/85060482918,4550,1,,,,3.17,19.0,1,6,,,,85060482918,2-s2.0-85060482918
7,Campos R.,"New species of Thraulodes Ulmer, 1920 (Ephemeroptera: Leptophlebiidae: Atalophlebiinae) from northeastern Brazil",2019,Zootaxa,,https://www.scopus.com/inward/record.uri?partnerID=HzOxMe3b&scp=85062658213&origin=inward,https://www.scopus.com/inward/citedby.uri?partnerID=HzOxMe3b&scp=85062658213&origin=inward,,2026-04-12 18:31:03,Article,10.11646/zootaxa.4565.2.5,11755326,https://api.elsevier.com/content/abstract/scopus_id/85062658213,4565,2,,,,1.17,7.0,1,6,,,,85062658213,2-s2.0-85062658213
15,Wang S.,"High-resolution taphonomic and palaeoecological analyses of the Jurassic Yanliao Biota of the Daohugou area, northeastern China",2019,Palaeogeography Palaeoclimatology Palaeoecology,,https://www.scopus.com/inward/record.uri?partnerID=HzOxMe3b&scp=85067043720&origin=inward,https://www.scopus.com/inward/citedby.uri?partnerID=HzOxMe3b&scp=85067043720&origin=inward,,2026-04-12 18:31:03,Article,10.1016/j.palaeo.2019.05.028,00310182,https://api.elsevier.com/content/abstract/scopus_id/85067043720,530,,,,,2.5,15.0,1,6,,,,85067043720,2-s2.0-85067043720
6,Kluge N.,Systematics of Guajirolus ektrapeloglossa Flowers 1985 (Ephemeroptera: Baetidae),2019,Zootaxa,,https://www.scopus.com/inward/record.uri?partnerID=HzOxMe3b&scp=85062542678&origin=inward,https://www.scopus.com/inward/citedby.uri?partnerID=HzOxMe3b&scp=85062542678&origin=inward,,2026-04-12 18:31:03,Article,10.11646/zootaxa.4564.2.11,11755326,https://api.elsevier.com/content/abstract/scopus_id/85062542678,4564,2,,,,1.0,6.0,1,6,,,,85062542678,2-s2.0-85062542678
11,Bylak A.,Analysis of Macrobenthic Communities in a Post-Mining Sulphur Pit Lake (Poland),2019,Mine Water and the Environment,,https://www.scopus.com/inward/record.uri?partnerID=HzOxMe3b&scp=85070218987&origin=inward,https://www.scopus.com/inward/citedby.uri?partnerID=HzOxMe3b&scp=85070218987&origin=inward,,2026-04-12 18:31:03,Article,10.1007/s10230-019-00624-2,10259112,https://api.elsevier.com/content/abstract/scopus_id/85070218987,38,3,,,,1.83,11.0,1,6,,,,85070218987,2-s2.0-85070218987
2,Salinas-Jimenez L.,"A new species of Camelobaetidius Demoulin, 1966 (Ephemeroptera: Baetidae), from the Colombian Orinoco River basin",2019,Zootaxa,,https://www.scopus.com/inward/record.uri?partnerID=HzOxMe3b&scp=85070774015&origin=inward,https://www.scopus.com/inward/citedby.uri?partnerID=HzOxMe3b&scp=85070774015&origin=inward,,2026-04-12 18:31:03,Article,10.11646/zootaxa.4656.2.9,11755326,https://api.elsevier.com/content/abstract/scopus_id/85070774015,4656,2,,,,0.33,2.0,1,6,,,,85070774015,2-s2.0-85070774015
31,Beck W.S.,Seasonal shifts in the importance of bottom–up and top–down factors on stream periphyton community structure,2019,Oikos,,https://www.scopus.com/inward/record.uri?partnerID=HzOxMe3b&scp=85056645064&origin=inward,https://www.scopus.com/inward/citedby.uri?partnerID=HzOxMe3b&scp=85056645064&origin=inward,,2026-04-12 18:31:03,Article,10.1111/oik.05844,00301299,https://api.elsevier.com/content/abstract/scopus_id/85056645064,128,5,,,,5.17,31.0,1,6,,,,85056645064,2-s2.0-85056645064
6,Santos R.,"Intersexuality in Farrodes Peters, 1971 (Ephemeroptera: Leptophlebiidae: Atalophlebiinae) from Brazil",2019,Revista Brasileira De Entomologia,,https://www.scopus.com/inward/record.uri?partnerID=HzOxMe3b&scp=85067649160&origin=inward,https://www.scopus.com/inward/citedby.uri?partnerID=HzOxMe3b&scp=85067649160&origin=inward,,2026-04-12 18:31:03,Article,10.1016/j.rbe.2019.05.008,00855626,https://api.elsevier.com/content/abstract/scopus_id/85067649160,63,3,,,,1.0,6.0,1,6,,,,85067649160,2-s2.0-85067649160
1,Wang Y.,Trophic roles of Bufo bankorensis (Barbour 1908) tadpoles in an Asian subtropical stream,2019,Inland Waters,,https://www.scopus.com/inward/record.uri?partnerID=HzOxMe3b&scp=85057619472&origin=inward,https://www.scopus.com/inward/citedby.uri?partnerID=HzOxMe3b&scp=85057619472&origin=inward,,2026-04-12 18:31:03,Article,10.1080/20442041.2018.1508115,20442041,https://api.elsevier.com/content/abstract/scopus_id/85057619472,9,1,,,,0.17,1.0,1,6,,,,85057619472,2-s2.0-85057619472
3,Lange K.,Inconsistent relationships of primary consumer N stable isotope values to gradients of Sheep/Beef farming intensity and flow reduction in streams,2019,Water Switzerland,,https://www.scopus.com/inward/record.uri?partnerID=HzOxMe3b&scp=85075584864&origin=inward,https://www.scopus.com/inward/citedby.uri?partnerID=HzOxMe3b&scp=85075584864&origin=inward,,2026-04-12 18:31:03,Article,10.3390/w11112239,,https://api.elsevier.com/content/abstract/scopus_id/85075584864,11,11,,,,0.5,3.0,1,6,,,,85075584864,2-s2.0-85075584864
0,Andrianova A.,Characteristics of the zoobenthos communities in the mountain rivers of the yenisei basin,2019,International Multidisciplinary Scientific Geoconference Surveying Geology and Mining Ecology Management Sgem,,https://www.scopus.com/inward/record.uri?partnerID=HzOxMe3b&scp=85073319160&origin=inward,https://www.scopus.com/inward/citedby.uri?partnerID=HzOxMe3b&scp=85073319160&origin=inward,,2026-04-12 18:31:03,Conference Paper,10.5593/sgem2019/3.1/S12.011,13142704,https://api.elsevier.com/content/abstract/scopus_id/85073319160,19,3.1,,,,0.0,0.0,1,6,,,,85073319160,2-s2.0-85073319160
6,Godunko R.J.,"Revision of fossil metretopodidae (Insecta, ephemeroptera) in baltic amber – part 4: Description of two new species of siphloplecton clemens, 1915, with notes on the new s. jaegeri species group and with key to fossil male adults of siphloplecton",2019,Zookeys,,https://www.scopus.com/inward/record.uri?partnerID=HzOxMe3b&scp=85076921440&origin=inward,https://www.scopus.com/inward/citedby.uri?partnerID=HzOxMe3b&scp=85076921440&origin=inward,,2026-04-12 18:31:03,Article,10.3897/zookeys.898.47118,13132989,https://api.elsevier.com/content/abstract/scopus_id/85076921440,2019,898,,,,1.0,6.0,1,6,,,,85076921440,2-s2.0-85076921440
15,Davis S.J.,"Chronic nutrient inputs affect stream macroinvertebrate communities more than acute inputs: An experiment manipulating phosphorus, nitrogen and sediment",2019,Science of the Total Environment,,https://www.scopus.com/inward/record.uri?partnerID=HzOxMe3b&scp=85065861460&origin=inward,https://www.scopus.com/inward/citedby.uri?partnerID=HzOxMe3b&scp=85065861460&origin=inward,,2026-04-12 18:31:03,Article,10.1016/j.scitotenv.2019.05.031,00489697,https://api.elsevier.com/content/abstract/scopus_id/85065861460,683,,,,,2.5,15.0,1,6,,,,85065861460,2-s2.0-85065861460
15,Wolff B.A.,Resilience and regime shifts: Do novel communities impede ecological recovery in a historically metal-contaminated stream?,2019,Journal of Applied Ecology,,https://www.scopus.com/inward/record.uri?partnerID=HzOxMe3b&scp=85073961655&origin=inward,https://www.scopus.com/inward/citedby.uri?partnerID=HzOxMe3b&scp=85073961655&origin=inward,,2026-04-12 18:31:03,Article,10.1111/1365-2664.13503,00218901,https://api.elsevier.com/content/abstract/scopus_id/85073961655,56,12,,,,2.5,15.0,1,6,,,,85073961655,2-s2.0-85073961655
5,Lipinskaya T.,"Comparative Analysis of Predatory Behavior of Invasive Alien Dikerogammarus villosus (Sowinsky, 1894) and Native Gammarus varsoviensis Jazdzewski, 1975 Amphipods",2019,Russian Journal of Biological Invasions,,https://www.scopus.com/inward/record.uri?partnerID=HzOxMe3b&scp=85077877692&origin=inward,https://www.scopus.com/inward/citedby.uri?partnerID=HzOxMe3b&scp=85077877692&origin=inward,,2026-04-12 18:31:03,Article,10.1134/S2075111719040052,20751117,https://api.elsevier.com/content/abstract/scopus_id/85077877692,10,4,,,,0.83,5.0,1,6,,,,85077877692,2-s2.0-85077877692
10,Kočovský P.M.,"Diets of endangered silver chub (Macrhybopsis storeriana, Kirtland, 1844) in Lake Erie and implications for recovery",2019,Ecology of Freshwater Fish,,https://www.scopus.com/inward/record.uri?partnerID=HzOxMe3b&scp=85050923490&origin=inward,https://www.scopus.com/inward/citedby.uri?partnerID=HzOxMe3b&scp=85050923490&origin=inward,,2026-04-12 18:31:03,Article,10.1111/eff.12424,09066691,https://api.elsevier.com/content/abstract/scopus_id/85050923490,28,1,,,,1.67,10.0,1,6,,,,85050923490,2-s2.0-85050923490
21,Thoma M.,Transcriptome Surveys in Silverfish Suggest a Multistep Origin of the Insect Odorant Receptor Gene Family,2019,Frontiers in Ecology and Evolution,,https://www.scopus.com/inward/record.uri?partnerID=HzOxMe3b&scp=85072737096&origin=inward,https://www.scopus.com/inward/citedby.uri?partnerID=HzOxMe3b&scp=85072737096&origin=inward,,2026-04-12 18:31:03,Article,10.3389/fevo.2019.00281,,https://api.elsevier.com/content/abstract/scopus_id/85072737096,7,,,,,3.5,21.0,1,6,,,,85072737096,2-s2.0-85072737096
7,Boonsoong B.,"Review and integrative taxonomy of the genus Prosopistoma Latreille, 1833 (Ephemeroptera, Prosopistomatidae) in Thailand, with description of a new species",2019,Zookeys,,https://www.scopus.com/inward/record.uri?partnerID=HzOxMe3b&scp=85065243500&origin=inward,https://www.scopus.com/inward/citedby.uri?partnerID=HzOxMe3b&scp=85065243500&origin=inward,,2026-04-12 18:31:03,Article,10.3897/zookeys.825.32443,13132989,https://api.elsevier.com/content/abstract/scopus_id/85065243500,2019,825,,,,1.17,7.0,1,6,,,,85065243500,2-s2.0-85065243500
18,Principe R.E.,Distribution and habitat preference of ephemeroptera and trichoptera in subtropical mountain streams: Implications for monitoring and conservation,2019,Anais Da Academia Brasileira De Ciencias,,https://www.scopus.com/inward/record.uri?partnerID=HzOxMe3b&scp=85073432474&origin=inward,https://www.scopus.com/inward/citedby.uri?partnerID=HzOxMe3b&scp=85073432474&origin=inward,,2026-04-12 18:31:03,Article,10.1590/0001-3765201920180692,00013765,https://api.elsevier.com/content/abstract/scopus_id/85073432474,91,3,,,,3.0,18.0,1,6,,,,85073432474,2-s2.0-85073432474
29,Kaltenbach T.,"The tremendous diversity of labiobaetis novikova & kluge in Indonesia (Ephemeroptera, baetidae)",2019,Zookeys,,https://www.scopus.com/inward/record.uri?partnerID=HzOxMe3b&scp=85076894550&origin=inward,https://www.scopus.com/inward/citedby.uri?partnerID=HzOxMe3b&scp=85076894550&origin=inward,,2026-04-12 18:31:03,Article,10.3897/zookeys.895.38576,13132989,https://api.elsevier.com/content/abstract/scopus_id/85076894550,2019,895,,,,4.83,29.0,1,6,,,,85076894550,2-s2.0-85076894550
6,Chi S.,Effects of high-head dams on macroinvertebrate communities in the lower reaches of Wujiang River,2019,Hupo Kexue Journal of Lake Sciences,,https://www.scopus.com/inward/record.uri?partnerID=HzOxMe3b&scp=85064325969&origin=inward,https://www.scopus.com/inward/citedby.uri?partnerID=HzOxMe3b&scp=85064325969&origin=inward,,2026-04-12 18:31:03,Article,10.18307/2019.0216,10035427,https://api.elsevier.com/content/abstract/scopus_id/85064325969,31,2,,,,1.0,6.0,1,6,,,,85064325969,2-s2.0-85064325969
11,Hanna N.S.,Water quality assessment of Rawanduz River and Gali Ali Beg stream by applied CCME WQI with survey aquatic insects (Ephemeroptera),2019,Iraqi Journal of Science,,https://www.scopus.com/inward/record.uri?partnerID=HzOxMe3b&scp=85080138389&origin=inward,https://www.scopus.com/inward/citedby.uri?partnerID=HzOxMe3b&scp=85080138389&origin=inward,,2026-04-12 18:31:03,Article,10.24996/ijs.2019.60.12.3,00672904,https://api.elsevier.com/content/abstract/scopus_id/85080138389,60,12,,,,1.83,11.0,1,6,,,,85080138389,2-s2.0-85080138389
13,Hethke M.,"Ecological stasis in Spinicaudata (Crustacea, Branchiopoda)? Early Cretaceous clam shrimp of the Yixian Formation of north-east China occupied a broader realized ecological niche than extant members of the group",2019,Palaeontology,,https://www.scopus.com/inward/record.uri?partnerID=HzOxMe3b&scp=85059680771&origin=inward,https://www.scopus.com/inward/citedby.uri?partnerID=HzOxMe3b&scp=85059680771&origin=inward,,2026-04-12 18:31:03,Article,10.1111/pala.12412,00310239,https://api.elsevier.com/content/abstract/scopus_id/85059680771,62,3,,,,2.17,13.0,1,6,,,,85059680771,2-s2.0-85059680771
16,Kotalik C.J.,Indirect Effects of Iron Oxide on Stream Benthic Communities: Capturing Ecological Complexity with Controlled Mesocosm Experiments,2019,Environmental Science and Technology,,https://www.scopus.com/inward/record.uri?partnerID=HzOxMe3b&scp=85072791594&origin=inward,https://www.scopus.com/inward/citedby.uri?partnerID=HzOxMe3b&scp=85072791594&origin=inward,,2026-04-12 18:31:03,Article,10.1021/acs.est.9b04236,0013936X,https://api.elsevier.com/content/abstract/scopus_id/85072791594,53,19,,,,2.67,16.0,1,6,,,,85072791594,2-s2.0-85072791594
2,Shurulinkov P.S.,Biodiversity of the Bulgarian-Romanian section of the lower Danube,2019,Biodiversity of the Bulgarian Romanian Section of the Lower Danube,,https://www.scopus.com/inward/record.uri?partnerID=HzOxMe3b&scp=85083542691&origin=inward,https://www.scopus.com/inward/citedby.uri?partnerID=HzOxMe3b&scp=85083542691&origin=inward,,2026-04-12 18:31:03,Book,,,https://api.elsevier.com/content/abstract/scopus_id/85083542691,,,,,,0.33,2.0,1,6,,,,85083542691,2-s2.0-85083542691
0,Córdoba S.P.,"Catalog of the types of Ephemeroptera (Insecta) deposited in the Entomological Collection of the Instituto-Fundación Miguel Lillo, Tucumán, Argentina",2019,Revista De La Sociedad Entomologica Argentina,,https://www.scopus.com/inward/record.uri?partnerID=HzOxMe3b&scp=85168842766&origin=inward,https://www.scopus.com/inward/citedby.uri?partnerID=HzOxMe3b&scp=85168842766&origin=inward,,2026-04-12 18:31:03,Article,10.25085/rsea.780406,03735680,https://api.elsevier.com/content/abstract/scopus_id/85168842766,78,4,,,,0.0,0.0,1,6,,,,85168842766,2-s2.0-85168842766
1,Gomes D L.,First records of the genera Macunahyphes and Microphlebia (Insecta: Ephemeroptera) from Colombia,2019,Boletin Cientifico Del Centro De Museos,,https://www.scopus.com/inward/record.uri?partnerID=HzOxMe3b&scp=85081565067&origin=inward,https://www.scopus.com/inward/citedby.uri?partnerID=HzOxMe3b&scp=85081565067&origin=inward,,2026-04-12 18:31:03,Article,10.17151/bccm.2019.23.2.18,01233068,https://api.elsevier.com/content/abstract/scopus_id/85081565067,23,2,,,,0.17,1.0,1,6,,,,85081565067,2-s2.0-85081565067
8,Piraonapicha K.,"Description of nymphs and female subimago of Sparsorythus multilabeculatus Sroka & Soldán, 2008 (Ephemeroptera: Tricorythidae) associated with male imago based on DNA sequence data",2019,Zootaxa,,https://www.scopus.com/inward/record.uri?partnerID=HzOxMe3b&scp=85074934785&origin=inward,https://www.scopus.com/inward/citedby.uri?partnerID=HzOxMe3b&scp=85074934785&origin=inward,,2026-04-12 18:31:03,Article,10.11646/zootaxa.4695.6.1,11755326,https://api.elsevier.com/content/abstract/scopus_id/85074934785,4695,6,,,,1.33,8.0,1,6,,,,85074934785,2-s2.0-85074934785
20,Poulton B.C.,First examination of diet items consumed by wild-caught black carp (Mylopharyngodon piceus) in the U.S.,2019,American Midland Naturalist,,https://www.scopus.com/inward/record.uri?partnerID=HzOxMe3b&scp=85071422642&origin=inward,https://www.scopus.com/inward/citedby.uri?partnerID=HzOxMe3b&scp=85071422642&origin=inward,,2026-04-12 18:31:03,Article,10.1674/0003-0031-182.1.89,00030031,https://api.elsevier.com/content/abstract/scopus_id/85071422642,182,1,,,,3.33,20.0,1,6,,,,85071422642,2-s2.0-85071422642
66,Johnson A.A.,Revamping the evolutionary theories of aging,2019,Ageing Research Reviews,,https://www.scopus.com/inward/record.uri?partnerID=HzOxMe3b&scp=85071891268&origin=inward,https://www.scopus.com/inward/citedby.uri?partnerID=HzOxMe3b&scp=85071891268&origin=inward,,2026-04-12 18:31:03,Review,10.1016/j.arr.2019.100947,15681637,https://api.elsevier.com/content/abstract/scopus_id/85071891268,55,,,,,11.0,66.0,1,6,,,,85071891268,2-s2.0-85071891268
12,Martynov A.V.,"Review of the Cincticostella insolta (Allen, 1971) complex (Ephemeroptera: Ephemerellidae), with description of three new species from northern India and Nepal",2019,Zootaxa,,https://www.scopus.com/inward/record.uri?partnerID=HzOxMe3b&scp=85060958107&origin=inward,https://www.scopus.com/inward/citedby.uri?partnerID=HzOxMe3b&scp=85060958107&origin=inward,,2026-04-12 18:31:03,Review,10.11646/zootaxa.4551.2.2,11755326,https://api.elsevier.com/content/abstract/scopus_id/85060958107,,2,,,,2.0,12.0,1,6,,,,85060958107,2-s2.0-85060958107
27,Akamagwuna F.C.,"Evaluating the responses of taxa in the orders Ephemeroptera, Plecoptera and Trichoptera (EPT) to sediment stress in the Tsitsa River and its tributaries, Eastern Cape, South Africa",2019,Environmental Monitoring and Assessment,,https://www.scopus.com/inward/record.uri?partnerID=HzOxMe3b&scp=85074064763&origin=inward,https://www.scopus.com/inward/citedby.uri?partnerID=HzOxMe3b&scp=85074064763&origin=inward,,2026-04-12 18:31:03,Article,10.1007/s10661-019-7846-9,01676369,https://api.elsevier.com/content/abstract/scopus_id/85074064763,191,11,,,,4.5,27.0,1,6,,,,85074064763,2-s2.0-85074064763
9,Monteiro do Amaral P.H.,"Richness and distribution of Ephemeroptera, Plecoptera and Trichoptera in Atlantic forest streams",2019,Acta Oecologica,,https://www.scopus.com/inward/record.uri?partnerID=HzOxMe3b&scp=85067420434&origin=inward,https://www.scopus.com/inward/citedby.uri?partnerID=HzOxMe3b&scp=85067420434&origin=inward,,2026-04-12 18:31:03,Article,10.1016/j.actao.2019.103441,1146609X,https://api.elsevier.com/content/abstract/scopus_id/85067420434,99,,,,,1.5,9.0,1,6,,,,85067420434,2-s2.0-85067420434
6,Martyniuk N.,Light intensity regulates stoichiometry of benthic grazers through changes in the quality of stream periphyton,2019,Freshwater Science,,https://www.scopus.com/inward/record.uri?partnerID=HzOxMe3b&scp=85064735322&origin=inward,https://www.scopus.com/inward/citedby.uri?partnerID=HzOxMe3b&scp=85064735322&origin=inward,,2026-04-12 18:31:03,Article,10.1086/703441,21619549,https://api.elsevier.com/content/abstract/scopus_id/85064735322,38,2,,,,1.0,6.0,1,6,,,,85064735322,2-s2.0-85064735322
6,Ramos-Pastrana Y.,"Pig (Sus scrofa) decomposition in lotic and lentic aquatic systems as tool for determination a postmortem submersion interval in the Andean Amazon, caquetá, Colombia",2019,Boletin Cientifico Del Centro De Museos,,https://www.scopus.com/inward/record.uri?partnerID=HzOxMe3b&scp=85067558569&origin=inward,https://www.scopus.com/inward/citedby.uri?partnerID=HzOxMe3b&scp=85067558569&origin=inward,,2026-04-12 18:31:03,Article,10.17151/bccm.2019.23.1.3,01233068,https://api.elsevier.com/content/abstract/scopus_id/85067558569,23,1,,,,1.0,6.0,1,6,,,,85067558569,2-s2.0-85067558569
39,Akamagwuna F.C.,"Trait-based responses of Ephemeroptera, Plecoptera, and Trichoptera to sediment stress in the Tsitsa River and its tributaries, Eastern Cape, South Africa",2019,River Research and Applications,,https://www.scopus.com/inward/record.uri?partnerID=HzOxMe3b&scp=85067333952&origin=inward,https://www.scopus.com/inward/citedby.uri?partnerID=HzOxMe3b&scp=85067333952&origin=inward,,2026-04-12 18:31:03,Article,10.1002/rra.3458,15351459,https://api.elsevier.com/content/abstract/scopus_id/85067333952,35,7,,,,6.5,39.0,1,6,,,,85067333952,2-s2.0-85067333952
18,Pandiarajan S.,"Bio-monitoring and detection of water quality using ephemeroptera, plecoptera and trichoptera (EPT) complex in karanthamalai stream of Eastern Ghats",2019,Indian Journal of Ecology,,https://www.scopus.com/inward/record.uri?partnerID=HzOxMe3b&scp=85078760063&origin=inward,https://www.scopus.com/inward/citedby.uri?partnerID=HzOxMe3b&scp=85078760063&origin=inward,,2026-04-12 18:31:03,Article,,03045250,https://api.elsevier.com/content/abstract/scopus_id/85078760063,46,4,,,,3.0,18.0,1,6,,,,85078760063,2-s2.0-85078760063
35,Song N.,The mitochondrial genomes of palaeopteran insects and insights into the early insect relationships,2019,Scientific Reports,,https://www.scopus.com/inward/record.uri?partnerID=HzOxMe3b&scp=85075723222&origin=inward,https://www.scopus.com/inward/citedby.uri?partnerID=HzOxMe3b&scp=85075723222&origin=inward,,2026-04-12 18:31:03,Article,10.1038/s41598-019-54391-9,,https://api.elsevier.com/content/abstract/scopus_id/85075723222,9,1,,,,5.83,35.0,1,6,,,,85075723222,2-s2.0-85075723222
50,Herbst D.B.,Drought ecohydrology alters the structure and function of benthic invertebrate communities in mountain streams,2019,Freshwater Biology,,https://www.scopus.com/inward/record.uri?partnerID=HzOxMe3b&scp=85062799916&origin=inward,https://www.scopus.com/inward/citedby.uri?partnerID=HzOxMe3b&scp=85062799916&origin=inward,,2026-04-12 18:31:03,Article,10.1111/fwb.13270,00465070,https://api.elsevier.com/content/abstract/scopus_id/85062799916,64,5,,,,8.33,50.0,1,6,,,,85062799916,2-s2.0-85062799916
13,DeBell T.,"OPEnS hub: Real-time data logging, connecting field sensors to google sheets",2019,Frontiers in Earth Science,,https://www.scopus.com/inward/record.uri?partnerID=HzOxMe3b&scp=85068477843&origin=inward,https://www.scopus.com/inward/citedby.uri?partnerID=HzOxMe3b&scp=85068477843&origin=inward,,2026-04-12 18:31:03,Article,10.3389/feart.2019.00137,,https://api.elsevier.com/content/abstract/scopus_id/85068477843,7,,,,,2.17,13.0,1,6,,,,85068477843,2-s2.0-85068477843
11,Flanders J.R.,Assessment of potential mercury toxicity to native invertebrates in a high-gradient stream,2019,Integrated Environmental Assessment and Management,,https://www.scopus.com/inward/record.uri?partnerID=HzOxMe3b&scp=85065048098&origin=inward,https://www.scopus.com/inward/citedby.uri?partnerID=HzOxMe3b&scp=85065048098&origin=inward,,2026-04-12 18:31:03,Article,10.1002/ieam.4133,15513793,https://api.elsevier.com/content/abstract/scopus_id/85065048098,15,3,,,,1.83,11.0,1,6,,,,85065048098,2-s2.0-85065048098
37,Wolters J.W.,Macrophyte-specific effects on epiphyton quality and quantity and resulting effects on grazing macroinvertebrates,2019,Freshwater Biology,,https://www.scopus.com/inward/record.uri?partnerID=HzOxMe3b&scp=85063264413&origin=inward,https://www.scopus.com/inward/citedby.uri?partnerID=HzOxMe3b&scp=85063264413&origin=inward,,2026-04-12 18:31:03,Article,10.1111/fwb.13290,00465070,https://api.elsevier.com/content/abstract/scopus_id/85063264413,64,6,,,,6.17,37.0,1,6,,,,85063264413,2-s2.0-85063264413
2,Nascimento S.R.S.,"Description of the nymph of Thraulodes sternimaculatus Lima, Mariano & Pinheiro, 2013 (Leptophlebiidae: Ephemeroptera) from Northeastern Region of Brazil",2019,Zootaxa,,https://www.scopus.com/inward/record.uri?partnerID=HzOxMe3b&scp=85073415880&origin=inward,https://www.scopus.com/inward/citedby.uri?partnerID=HzOxMe3b&scp=85073415880&origin=inward,,2026-04-12 18:31:03,Letter,10.11646/zootaxa.4683.2.7,11755326,https://api.elsevier.com/content/abstract/scopus_id/85073415880,4683,2,,,,0.33,2.0,1,6,,,,85073415880,2-s2.0-85073415880
25,Slimani N.,Assessing potential surrogates of macroinvertebrate diversity in North-African Mediterranean aquatic ecosystems,2019,Ecological Indicators,,https://www.scopus.com/inward/record.uri?partnerID=HzOxMe3b&scp=85060093778&origin=inward,https://www.scopus.com/inward/citedby.uri?partnerID=HzOxMe3b&scp=85060093778&origin=inward,,2026-04-12 18:31:03,Article,10.1016/j.ecolind.2019.01.017,1470160X,https://api.elsevier.com/content/abstract/scopus_id/85060093778,101,,,,,4.17,25.0,1,6,,,,85060093778,2-s2.0-85060093778
9,Sutthacharoenthad W.,"Integrative taxonomy of Thalerosphyrus Eaton, 1881 (Ephemeroptera, Heptageniidae) in Thailand",2019,Journal of Natural History,,https://www.scopus.com/inward/record.uri?partnerID=HzOxMe3b&scp=85073026834&origin=inward,https://www.scopus.com/inward/citedby.uri?partnerID=HzOxMe3b&scp=85073026834&origin=inward,,2026-04-12 18:31:03,Article,10.1080/00222933.2019.1657513,00222933,https://api.elsevier.com/content/abstract/scopus_id/85073026834,53,23-24,,,,1.5,9.0,1,6,,,,85073026834,2-s2.0-85073026834
5,Maldonado M.A.,Antagonistic effects of a native apple snail on other snails and macroinvertebrates in Southern Pampas waterbodies: A mesocosm approach,2019,Limnologica,,https://www.scopus.com/inward/record.uri?partnerID=HzOxMe3b&scp=85073702881&origin=inward,https://www.scopus.com/inward/citedby.uri?partnerID=HzOxMe3b&scp=85073702881&origin=inward,,2026-04-12 18:31:03,Article,10.1016/j.limno.2019.125694,00759511,https://api.elsevier.com/content/abstract/scopus_id/85073702881,78,,,,,0.83,5.0,1,6,,,,85073702881,2-s2.0-85073702881
4,Molineri C.,Two new species of Campsurus Eaton (Ephemeroptera: Polymitarcyidae) from Colombia,2019,Zootaxa,,https://www.scopus.com/inward/record.uri?partnerID=HzOxMe3b&scp=85059649029&origin=inward,https://www.scopus.com/inward/citedby.uri?partnerID=HzOxMe3b&scp=85059649029&origin=inward,,2026-04-12 18:31:03,Article,10.11646/zootaxa.4543.1.5,11755326,https://api.elsevier.com/content/abstract/scopus_id/85059649029,4543,1,,,,0.67,4.0,1,6,,,,85059649029,2-s2.0-85059649029
0,Sinaei M.,"Plankton and aquatic insect biodiversity in the Sarbaz River, Southeastern Iran",2019,Indian Journal of Geo Marine Sciences,,https://www.scopus.com/inward/record.uri?partnerID=HzOxMe3b&scp=85079536152&origin=inward,https://www.scopus.com/inward/citedby.uri?partnerID=HzOxMe3b&scp=85079536152&origin=inward,,2026-04-12 18:31:03,Article,,25826506,https://api.elsevier.com/content/abstract/scopus_id/85079536152,48,12,,,,0.0,0.0,1,6,,,,85079536152,2-s2.0-85079536152
2,Loumassine H.E.,Seasonal diet of Asellia tridens (Chiroptera: Hipposideridae) in North-Western Africa,2019,European Zoological Journal,,https://www.scopus.com/inward/record.uri?partnerID=HzOxMe3b&scp=85073499881&origin=inward,https://www.scopus.com/inward/citedby.uri?partnerID=HzOxMe3b&scp=85073499881&origin=inward,,2026-04-12 18:31:03,Article,10.1080/24750263.2019.1648574,,https://api.elsevier.com/content/abstract/scopus_id/85073499881,86,1,,,,0.33,2.0,1,6,,,,85073499881,2-s2.0-85073499881
25,Alemneh T.,A macroinvertebrate multi-metric index for Ethiopian highland streams,2019,Hydrobiologia,,https://www.scopus.com/inward/record.uri?partnerID=HzOxMe3b&scp=85071188838&origin=inward,https://www.scopus.com/inward/citedby.uri?partnerID=HzOxMe3b&scp=85071188838&origin=inward,,2026-04-12 18:31:03,Article,10.1007/s10750-019-04042-x,00188158,https://api.elsevier.com/content/abstract/scopus_id/85071188838,843,1,,,,4.17,25.0,1,6,,,,85071188838,2-s2.0-85071188838
4,Vasanth M.,"A new record of the family Isonychiidae (Insecta: Ephemeroptera) from the Western Ghats, India with a description of new species",2019,Zootaxa,,https://www.scopus.com/inward/record.uri?partnerID=HzOxMe3b&scp=85064333914&origin=inward,https://www.scopus.com/inward/citedby.uri?partnerID=HzOxMe3b&scp=85064333914&origin=inward,,2026-04-12 18:31:03,Article,10.11646/zootaxa.4586.1.9,11755326,https://api.elsevier.com/content/abstract/scopus_id/85064333914,4586,1,,,,0.67,4.0,1,6,,,,85064333914,2-s2.0-85064333914
0,Boussou K.C.,"Feeding patterns of the mormyrid fish brienomyrus brachyistius (Gill, 1862) in kogon and tinguilinta rivers (guinea republic).",2019,Egyptian Journal of Aquatic Biology and Fisheries,,https://www.scopus.com/inward/record.uri?partnerID=HzOxMe3b&scp=85117950615&origin=inward,https://www.scopus.com/inward/citedby.uri?partnerID=HzOxMe3b&scp=85117950615&origin=inward,,2026-04-12 18:31:03,Article,10.21608/EJABF.2019.54832,11106131,https://api.elsevier.com/content/abstract/scopus_id/85117950615,23,4,,,,0.0,0.0,1,6,,,,85117950615,2-s2.0-85117950615
1,Domínguez E.,The phylogenetic relationships of the two-winged South American Leptophlebiidae genera revisited with first description of the male imago of Bessierus Thomas & Orth (Insecta: Ephemeroptera),2019,Zootaxa,,https://www.scopus.com/inward/record.uri?partnerID=HzOxMe3b&scp=85072632340&origin=inward,https://www.scopus.com/inward/citedby.uri?partnerID=HzOxMe3b&scp=85072632340&origin=inward,,2026-04-12 18:31:03,Article,10.11646/zootaxa.4674.3.6,11755326,https://api.elsevier.com/content/abstract/scopus_id/85072632340,4674,3,,,,0.17,1.0,1,6,,,,85072632340,2-s2.0-85072632340
33,Piano E.,The role of recurrent dewatering events in shaping ecological niches of scrapers in intermittent Alpine streams,2019,Hydrobiologia,,https://www.scopus.com/inward/record.uri?partnerID=HzOxMe3b&scp=85069149780&origin=inward,https://www.scopus.com/inward/citedby.uri?partnerID=HzOxMe3b&scp=85069149780&origin=inward,,2026-04-12 18:31:03,Article,10.1007/s10750-019-04021-2,00188158,https://api.elsevier.com/content/abstract/scopus_id/85069149780,841,1,,,,5.5,33.0,1,6,,,,85069149780,2-s2.0-85069149780
28,Montag L.F.A.,Contrasting associations between habitat conditions and stream aquatic biodiversity in a forest reserve and its surrounding area in the Eastern Amazon,2019,Hydrobiologia,,https://www.scopus.com/inward/record.uri?partnerID=HzOxMe3b&scp=85052619105&origin=inward,https://www.scopus.com/inward/citedby.uri?partnerID=HzOxMe3b&scp=85052619105&origin=inward,,2026-04-12 18:31:03,Article,10.1007/s10750-018-3738-1,00188158,https://api.elsevier.com/content/abstract/scopus_id/85052619105,826,1,,,,4.67,28.0,1,6,,,,85052619105,2-s2.0-85052619105
34,Horsburgh J.S.,"Low-cost, open-source, and low-power: But what to do with the data?",2019,Frontiers in Earth Science,,https://www.scopus.com/inward/record.uri?partnerID=HzOxMe3b&scp=85064193564&origin=inward,https://www.scopus.com/inward/citedby.uri?partnerID=HzOxMe3b&scp=85064193564&origin=inward,,2026-04-12 18:31:03,Article,10.3389/feart.2019.00067,,https://api.elsevier.com/content/abstract/scopus_id/85064193564,7,,,,,5.67,34.0,1,6,,,,85064193564,2-s2.0-85064193564
8,Cristiano G.,A modification of the leaf-bags method to assess spring ecosystem functioning: Benthic invertebrates and leaf-litter breakdown in Vera Spring (Central Italy),2019,Peerj,,https://www.scopus.com/inward/record.uri?partnerID=HzOxMe3b&scp=85063644102&origin=inward,https://www.scopus.com/inward/citedby.uri?partnerID=HzOxMe3b&scp=85063644102&origin=inward,,2026-04-12 18:31:03,Article,10.7717/peerj.6250,,https://api.elsevier.com/content/abstract/scopus_id/85063644102,2019,2,,,,1.33,8.0,1,6,,,,85063644102,2-s2.0-85063644102
11,Andriаnоvа A.V.,Feed base and potential fish productivity of the Yenisey basin (upstream and midstream),2019,Vestnik Tomskogo Gosudarstvennogo Universiteta Biologiya,,https://www.scopus.com/inward/record.uri?partnerID=HzOxMe3b&scp=85064495283&origin=inward,https://www.scopus.com/inward/citedby.uri?partnerID=HzOxMe3b&scp=85064495283&origin=inward,,2026-04-12 18:31:03,Article,10.17223/19988591/45/8,19988591,https://api.elsevier.com/content/abstract/scopus_id/85064495283,2019,45,,,,1.83,11.0,1,6,,,,85064495283,2-s2.0-85064495283
6,Baillie B.R.,Debris dams as habitat for aquatic invertebrates in forested headwater streams: A large-scale field experiment,2019,Marine and Freshwater Research,,https://www.scopus.com/inward/record.uri?partnerID=HzOxMe3b&scp=85060111940&origin=inward,https://www.scopus.com/inward/citedby.uri?partnerID=HzOxMe3b&scp=85060111940&origin=inward,,2026-04-12 18:31:03,Article,10.1071/MF18216,13231650,https://api.elsevier.com/content/abstract/scopus_id/85060111940,70,5,,,,1.0,6.0,1,6,,,,85060111940,2-s2.0-85060111940
12,South E.,"Relative importance of Conservation Reserve Programs to aquatic insect biodiversity in an agricultural watershed in the Midwest, USA",2019,Hydrobiologia,,https://www.scopus.com/inward/record.uri?partnerID=HzOxMe3b&scp=85058136949&origin=inward,https://www.scopus.com/inward/citedby.uri?partnerID=HzOxMe3b&scp=85058136949&origin=inward,,2026-04-12 18:31:03,Article,10.1007/s10750-018-3842-2,00188158,https://api.elsevier.com/content/abstract/scopus_id/85058136949,829,1,,,,2.0,12.0,1,6,,,,85058136949,2-s2.0-85058136949
5,Ghougali F.,Diversity and distribution patterns of benthic insects in streams of the Aurès arid region (NE Algeria),2019,Oceanological and Hydrobiological Studies,,https://www.scopus.com/inward/record.uri?partnerID=HzOxMe3b&scp=85063786677&origin=inward,https://www.scopus.com/inward/citedby.uri?partnerID=HzOxMe3b&scp=85063786677&origin=inward,,2026-04-12 18:31:03,Article,10.1515/ohs-2019-0004,1730413X,https://api.elsevier.com/content/abstract/scopus_id/85063786677,48,1,,,,0.83,5.0,1,6,,,,85063786677,2-s2.0-85063786677
17,Chakravorty J.,Arunachal's Adi and Apatani tribes' traditional knowledge of harvesting and using edible insects,2019,Journal of Insects as Food and Feed,,https://www.scopus.com/inward/record.uri?partnerID=HzOxMe3b&scp=85065103403&origin=inward,https://www.scopus.com/inward/citedby.uri?partnerID=HzOxMe3b&scp=85065103403&origin=inward,,2026-04-12 18:31:03,Article,10.3920/JIFF2018.0019,,https://api.elsevier.com/content/abstract/scopus_id/85065103403,5,2,,,,2.83,17.0,1,6,,,,85065103403,2-s2.0-85065103403
3,Chaumel A.L.I.,Interannual variation of benthic macroinvertebrate communities at long-term monitoring sites impacted by human activities: Implications for bioassessment,2019,Diversity,,https://www.scopus.com/inward/record.uri?partnerID=HzOxMe3b&scp=85100557522&origin=inward,https://www.scopus.com/inward/citedby.uri?partnerID=HzOxMe3b&scp=85100557522&origin=inward,,2026-04-12 18:31:03,Article,10.3390/d11090167,,https://api.elsevier.com/content/abstract/scopus_id/85100557522,11,9,,,,0.5,3.0,1,6,,,,85100557522,2-s2.0-85100557522
5,Nurul Huda A.,Functional feeding group (FFG) of aquatic macroinvertebrate in middle reach of Kerian River basin of north Malaysia Peninsula,2019,Tropical Life Sciences Research,,https://www.scopus.com/inward/record.uri?partnerID=HzOxMe3b&scp=85070724436&origin=inward,https://www.scopus.com/inward/citedby.uri?partnerID=HzOxMe3b&scp=85070724436&origin=inward,,2026-04-12 18:31:03,Article,10.21315/tlsr2019.30.2.1,19853718,https://api.elsevier.com/content/abstract/scopus_id/85070724436,30,2,,,,0.83,5.0,1,6,,,,85070724436,2-s2.0-85070724436
26,Mihalicz J.E.,Seasonal effects of a hydropeaking dam on a downstream benthic macroinvertebrate community,2019,River Research and Applications,,https://www.scopus.com/inward/record.uri?partnerID=HzOxMe3b&scp=85065181680&origin=inward,https://www.scopus.com/inward/citedby.uri?partnerID=HzOxMe3b&scp=85065181680&origin=inward,,2026-04-12 18:31:03,Article,10.1002/rra.3434,15351459,https://api.elsevier.com/content/abstract/scopus_id/85065181680,35,6,,,,4.33,26.0,1,6,,,,85065181680,2-s2.0-85065181680
8,Godwin C.M.,"Tree swallow (Tachycineta bicolor) nest success and nestling growth near oil sands mining operations in northeastern Alberta, Canada",2019,Canadian Journal of Zoology,,https://www.scopus.com/inward/record.uri?partnerID=HzOxMe3b&scp=85066505667&origin=inward,https://www.scopus.com/inward/citedby.uri?partnerID=HzOxMe3b&scp=85066505667&origin=inward,,2026-04-12 18:31:03,Article,10.1139/cjz-2018-0247,00084301,https://api.elsevier.com/content/abstract/scopus_id/85066505667,97,6,,,,1.33,8.0,1,6,,,,85066505667,2-s2.0-85066505667
2,Lim D.,"Fish fauna and the population of a Korean endangered freshwater fish, brachymystax lenok tsinlingensis, in Korea: Bonghwa habitat",2019,Environmental Engineering Research,,https://www.scopus.com/inward/record.uri?partnerID=HzOxMe3b&scp=85081047117&origin=inward,https://www.scopus.com/inward/citedby.uri?partnerID=HzOxMe3b&scp=85081047117&origin=inward,,2026-04-12 18:31:03,Article,10.4491/eer.2018.353,12261025,https://api.elsevier.com/content/abstract/scopus_id/85081047117,24,4,,,,0.33,2.0,1,6,,,,85081047117,2-s2.0-85081047117
93,Hajibabaei M.,COI metabarcoding primer choice affects richness and recovery of indicator taxa in freshwater systems,2019,Plos One,,https://www.scopus.com/inward/record.uri?partnerID=HzOxMe3b&scp=85072145024&origin=inward,https://www.scopus.com/inward/citedby.uri?partnerID=HzOxMe3b&scp=85072145024&origin=inward,,2026-04-12 18:31:03,Article,10.1371/journal.pone.0220953,,https://api.elsevier.com/content/abstract/scopus_id/85072145024,14,9,,,,15.5,93.0,1,6,,,,85072145024,2-s2.0-85072145024
1,Du Y.,Daily Drift Behavior of Macroinvertebrate in the Xiangxi River,2019,Research of Environmental Sciences,,https://www.scopus.com/inward/record.uri?partnerID=HzOxMe3b&scp=85070063608&origin=inward,https://www.scopus.com/inward/citedby.uri?partnerID=HzOxMe3b&scp=85070063608&origin=inward,,2026-04-12 18:31:03,Article,10.13198/j.issn.1001-6929.2018.07.13,10016929,https://api.elsevier.com/content/abstract/scopus_id/85070063608,32,4,,,,0.17,1.0,1,6,,,,85070063608,2-s2.0-85070063608
0,McCarty E.,Assessment of aquatic macroinvertebrate sampling methods for nonregulatory water quality programs,2019,Journal of Environmental Quality,,https://www.scopus.com/inward/record.uri?partnerID=HzOxMe3b&scp=85074528837&origin=inward,https://www.scopus.com/inward/citedby.uri?partnerID=HzOxMe3b&scp=85074528837&origin=inward,,2026-04-12 18:31:03,Article,10.2134/jeq2019.01.0024,00472425,https://api.elsevier.com/content/abstract/scopus_id/85074528837,48,6,,,,0.0,0.0,1,6,,,,85074528837,2-s2.0-85074528837
8,Márquez-Velásquez V.,"Feeding habits and ecological role of the freshwater stingray Potamotrygon magdalenae (Duméril 1865) (Myliobatiformes: Potamotrygonidae), combining gut-content and stable isotope analysis",2019,Environmental Biology of Fishes,,https://www.scopus.com/inward/record.uri?partnerID=HzOxMe3b&scp=85068870880&origin=inward,https://www.scopus.com/inward/citedby.uri?partnerID=HzOxMe3b&scp=85068870880&origin=inward,,2026-04-12 18:31:03,Article,10.1007/s10641-019-00897-0,03781909,https://api.elsevier.com/content/abstract/scopus_id/85068870880,102,8,,,,1.33,8.0,1,6,,,,85068870880,2-s2.0-85068870880
37,Kietzka G.,Applying the umbrella index across aquatic insect taxon sets for freshwater assessment,2019,Ecological Indicators,,https://www.scopus.com/inward/record.uri?partnerID=HzOxMe3b&scp=85071399419&origin=inward,https://www.scopus.com/inward/citedby.uri?partnerID=HzOxMe3b&scp=85071399419&origin=inward,,2026-04-12 18:31:03,Article,10.1016/j.ecolind.2019.105655,1470160X,https://api.elsevier.com/content/abstract/scopus_id/85071399419,107,,,,,6.17,37.0,1,6,,,,85071399419,2-s2.0-85071399419
32,Pastorino P.,Detection of trace elements in freshwater macrobenthic invertebrates of different functional feeding guilds: A case study in Northeast Italy,2019,Ecohydrology and Hydrobiology,,https://www.scopus.com/inward/record.uri?partnerID=HzOxMe3b&scp=85065802959&origin=inward,https://www.scopus.com/inward/citedby.uri?partnerID=HzOxMe3b&scp=85065802959&origin=inward,,2026-04-12 18:31:03,Article,10.1016/j.ecohyd.2019.04.006,16423593,https://api.elsevier.com/content/abstract/scopus_id/85065802959,19,3,,,,5.33,32.0,1,6,,,,85065802959,2-s2.0-85065802959
2,Muli A.,"Macroinvertebrates of the Tributaries of Upper Baleh River, Sarawak",2019,Borneo Journal of Resource Science and Technology,,https://www.scopus.com/inward/record.uri?partnerID=HzOxMe3b&scp=85097864226&origin=inward,https://www.scopus.com/inward/citedby.uri?partnerID=HzOxMe3b&scp=85097864226&origin=inward,,2026-04-12 18:31:03,Article,10.33736/bjrst.1355.2019,22299769,https://api.elsevier.com/content/abstract/scopus_id/85097864226,9,1,,,,0.33,2.0,1,6,,,,85097864226,2-s2.0-85097864226
5,Hurtado-Borrero Y.,"Nymphal feeding habits of two Anacroneuria species (Plecoptera, Perlidae) from Sierra Nevada de Santa Marta, Colombia",2019,Journal of Limnology,,https://www.scopus.com/inward/record.uri?partnerID=HzOxMe3b&scp=85064450338&origin=inward,https://www.scopus.com/inward/citedby.uri?partnerID=HzOxMe3b&scp=85064450338&origin=inward,,2026-04-12 18:31:03,Article,10.4081/jlimnol.2018.1858,11295767,https://api.elsevier.com/content/abstract/scopus_id/85064450338,78,1,,,,0.83,5.0,1,6,,,,85064450338,2-s2.0-85064450338
12,López-López E.,Water quality and macroinvertebrate community in dryland streams: The case of the Tehuacán-Cuicatlán Biosphere Reserve (México) facing climate change,2019,Water Switzerland,,https://www.scopus.com/inward/record.uri?partnerID=HzOxMe3b&scp=85068541032&origin=inward,https://www.scopus.com/inward/citedby.uri?partnerID=HzOxMe3b&scp=85068541032&origin=inward,,2026-04-12 18:31:03,Article,10.3390/w11071376,,https://api.elsevier.com/content/abstract/scopus_id/85068541032,11,7,,,,2.0,12.0,1,6,,,,85068541032,2-s2.0-85068541032
7,Rana J.S.,"Checklist of Benthic Macroinvertebrate Taxa Along Different Riparian Land Use Types in Alaknanda River Catchment of the Central Himalaya, Uttarakhand (India)",2019,Proceedings of the Zoological Society,,https://www.scopus.com/inward/record.uri?partnerID=HzOxMe3b&scp=85084749011&origin=inward,https://www.scopus.com/inward/citedby.uri?partnerID=HzOxMe3b&scp=85084749011&origin=inward,,2026-04-12 18:31:03,Article,10.1007/s12595-017-0241-z,03735893,https://api.elsevier.com/content/abstract/scopus_id/85084749011,72,2,,,,1.17,7.0,1,6,,,,85084749011,2-s2.0-85084749011
26,Wang S.,"Fish feeding groups, food selectivity, and diet shifts associated with environmental factors and prey availability along a large subtropical river, China",2019,Aquatic Sciences,,https://www.scopus.com/inward/record.uri?partnerID=HzOxMe3b&scp=85061787536&origin=inward,https://www.scopus.com/inward/citedby.uri?partnerID=HzOxMe3b&scp=85061787536&origin=inward,,2026-04-12 18:31:03,Article,10.1007/s00027-019-0628-1,10151621,https://api.elsevier.com/content/abstract/scopus_id/85061787536,81,2,,,,4.33,26.0,1,6,,,,85061787536,2-s2.0-85061787536
12,Burbank J.,Diet and isotopic niche of eastern sand darter (Ammocrypta pellucida) near the northern edge of its range: A test of niche specificity,2019,Canadian Journal of Zoology,,https://www.scopus.com/inward/record.uri?partnerID=HzOxMe3b&scp=85072736577&origin=inward,https://www.scopus.com/inward/citedby.uri?partnerID=HzOxMe3b&scp=85072736577&origin=inward,,2026-04-12 18:31:03,Article,10.1139/cjz-2018-0291,00084301,https://api.elsevier.com/content/abstract/scopus_id/85072736577,97,9,,,,2.0,12.0,1,6,,,,85072736577,2-s2.0-85072736577
3,Manoel P.,Long-term effects of a rural landscape on the structure and trophic organization of a fish assemblage,2019,Acta Limnologica Brasiliensia,,https://www.scopus.com/inward/record.uri?partnerID=HzOxMe3b&scp=85062880346&origin=inward,https://www.scopus.com/inward/citedby.uri?partnerID=HzOxMe3b&scp=85062880346&origin=inward,,2026-04-12 18:31:03,Article,10.1590/s2179-975x3217,01026712,https://api.elsevier.com/content/abstract/scopus_id/85062880346,31,,,,,0.5,3.0,1,6,,,,85062880346,2-s2.0-85062880346
26,Agboola O.A.,"Macroinvertebrates as indicators of ecological conditions in the rivers of KwaZulu-Natal, South Africa",2019,Ecological Indicators,,https://www.scopus.com/inward/record.uri?partnerID=HzOxMe3b&scp=85067853194&origin=inward,https://www.scopus.com/inward/citedby.uri?partnerID=HzOxMe3b&scp=85067853194&origin=inward,,2026-04-12 18:31:03,Article,10.1016/j.ecolind.2019.105465,1470160X,https://api.elsevier.com/content/abstract/scopus_id/85067853194,106,,,,,4.33,26.0,1,6,,,,85067853194,2-s2.0-85067853194
5,Saç G.,"Bio-ecological traits of Western tubenose goby Proterorhinus semilunaris (Heckel, 1837): A key to understand its invasion success",2019,Water Switzerland,,https://www.scopus.com/inward/record.uri?partnerID=HzOxMe3b&scp=85068873472&origin=inward,https://www.scopus.com/inward/citedby.uri?partnerID=HzOxMe3b&scp=85068873472&origin=inward,,2026-04-12 18:31:03,Article,10.3390/w11061247,,https://api.elsevier.com/content/abstract/scopus_id/85068873472,11,6,,,,0.83,5.0,1,6,,,,85068873472,2-s2.0-85068873472
11,Gérard C.,Decline of freshwater gastropods exposed to recurrent interacting stressors implying cyanobacterial proliferations and droughts,2019,Aquatic Ecology,,https://www.scopus.com/inward/record.uri?partnerID=HzOxMe3b&scp=85060128929&origin=inward,https://www.scopus.com/inward/citedby.uri?partnerID=HzOxMe3b&scp=85060128929&origin=inward,,2026-04-12 18:31:03,Article,10.1007/s10452-019-09674-8,13862588,https://api.elsevier.com/content/abstract/scopus_id/85060128929,53,1,,,,1.83,11.0,1,6,,,,85060128929,2-s2.0-85060128929
1,Marmonier P.,"Contribution of the surface water - groundwater interfaces to river biodiversity: example of a Mediterranean river, the Cèze River",2019,Physio Geo,,https://www.scopus.com/inward/record.uri?partnerID=HzOxMe3b&scp=85118402500&origin=inward,https://www.scopus.com/inward/citedby.uri?partnerID=HzOxMe3b&scp=85118402500&origin=inward,,2026-04-12 18:31:03,Article,10.4000/physio-geo.7718,,https://api.elsevier.com/content/abstract/scopus_id/85118402500,13,,,,,0.17,1.0,1,6,,,,85118402500,2-s2.0-85118402500
6,Belkacem R.,Food profile of Grey Wagtail Motacilla cinerea during an annual cycle in the Algerian Babors Mountains of North Africa,2019,Ostrich,,https://www.scopus.com/inward/record.uri?partnerID=HzOxMe3b&scp=85061577954&origin=inward,https://www.scopus.com/inward/citedby.uri?partnerID=HzOxMe3b&scp=85061577954&origin=inward,,2026-04-12 18:31:03,Article,10.2989/00306525.2018.1543214,00306525,https://api.elsevier.com/content/abstract/scopus_id/85061577954,90,1,,,,1.0,6.0,1,6,,,,85061577954,2-s2.0-85061577954
24,Monbertrand A.,Assessing the vulnerability of aquatic macroinvertebrates to climatewarming in a mountainouswatershed: Supplementing presence-only data with species traits,2019,Water Switzerland,,https://www.scopus.com/inward/record.uri?partnerID=HzOxMe3b&scp=85065029768&origin=inward,https://www.scopus.com/inward/citedby.uri?partnerID=HzOxMe3b&scp=85065029768&origin=inward,,2026-04-12 18:31:03,Article,10.3390/w11040636,,https://api.elsevier.com/content/abstract/scopus_id/85065029768,11,4,,,,4.0,24.0,1,6,,,,85065029768,2-s2.0-85065029768
9,Custodio M.,"Quality of the aquatic environment of high andean rivers evaluated through environmental indicators: A case of the cunas river, Peru",2019,Ingeniare,,https://www.scopus.com/inward/record.uri?partnerID=HzOxMe3b&scp=85074672191&origin=inward,https://www.scopus.com/inward/citedby.uri?partnerID=HzOxMe3b&scp=85074672191&origin=inward,,2026-04-12 18:31:03,Article,10.4067/S0718-33052019000300396,07183291,https://api.elsevier.com/content/abstract/scopus_id/85074672191,27,3,,,,1.5,9.0,1,6,,,,85074672191,2-s2.0-85074672191
15,Odountan O.H.,"Spatio-temporal variation of environmental variables and aquatic macroinvertebrate assemblages in Lake Nokoué, a RAMSAR site of Benin",2019,African Journal of Aquatic Science,,https://www.scopus.com/inward/record.uri?partnerID=HzOxMe3b&scp=85074280494&origin=inward,https://www.scopus.com/inward/citedby.uri?partnerID=HzOxMe3b&scp=85074280494&origin=inward,,2026-04-12 18:31:03,Article,10.2989/16085914.2019.1629272,16085914,https://api.elsevier.com/content/abstract/scopus_id/85074280494,44,3,,,,2.5,15.0,1,6,,,,85074280494,2-s2.0-85074280494
6,Radojević A.,"Influence of trout farm effluents on selected oxidative stress biomarkers in larvae of Ecdyonurus venosus (Ephemeroptera, Heptageniidae)",2019,Archives of Biological Sciences,,https://www.scopus.com/inward/record.uri?partnerID=HzOxMe3b&scp=85067111864&origin=inward,https://www.scopus.com/inward/citedby.uri?partnerID=HzOxMe3b&scp=85067111864&origin=inward,,2026-04-12 18:31:03,Article,10.2298/ABS181220004R,03544664,https://api.elsevier.com/content/abstract/scopus_id/85067111864,71,2,,,,1.0,6.0,1,6,,,,85067111864,2-s2.0-85067111864
19,Singh V.,"Bio-assessment of River Ujh using benthic macro-invertebrates as bioindicators, India",2019,International Journal of River Basin Management,,https://www.scopus.com/inward/record.uri?partnerID=HzOxMe3b&scp=85033409535&origin=inward,https://www.scopus.com/inward/citedby.uri?partnerID=HzOxMe3b&scp=85033409535&origin=inward,,2026-04-12 18:31:03,Article,10.1080/15715124.2017.1394318,15715124,https://api.elsevier.com/content/abstract/scopus_id/85033409535,17,1,,,,3.17,19.0,1,6,,,,85033409535,2-s2.0-85033409535
5,Menezes J.P.C.,Metrics of benthic communities and habitat quality associated to different types of land use,2019,Engenharia Sanitaria E Ambiental,,https://www.scopus.com/inward/record.uri?partnerID=HzOxMe3b&scp=85073533472&origin=inward,https://www.scopus.com/inward/citedby.uri?partnerID=HzOxMe3b&scp=85073533472&origin=inward,,2026-04-12 18:31:03,Article,10.1590/s1413-41522019175589,14134152,https://api.elsevier.com/content/abstract/scopus_id/85073533472,24,4,,,,0.83,5.0,1,6,,,,85073533472,2-s2.0-85073533472
6,Takeshita K.M.,Associations of Community Structure and Functions of Benthic Invertebrates with Nickel Concentrations: Analyses from Field Surveys,2019,Environmental Toxicology and Chemistry,,https://www.scopus.com/inward/record.uri?partnerID=HzOxMe3b&scp=85070787034&origin=inward,https://www.scopus.com/inward/citedby.uri?partnerID=HzOxMe3b&scp=85070787034&origin=inward,,2026-04-12 18:31:03,Article,10.1002/etc.4462,07307268,https://api.elsevier.com/content/abstract/scopus_id/85070787034,38,8,,,,1.0,6.0,1,6,,,,85070787034,2-s2.0-85070787034
8,Burger M.,"A comparison of water quality and macroinvertebrate community structure in endorheic depression wetlands and a salt pan in the Gauteng province, South Africa",2019,Environmental Monitoring and Assessment,,https://www.scopus.com/inward/record.uri?partnerID=HzOxMe3b&scp=85058612652&origin=inward,https://www.scopus.com/inward/citedby.uri?partnerID=HzOxMe3b&scp=85058612652&origin=inward,,2026-04-12 18:31:03,Article,10.1007/s10661-018-7121-5,01676369,https://api.elsevier.com/content/abstract/scopus_id/85058612652,191,1,,,,1.33,8.0,1,6,,,,85058612652,2-s2.0-85058612652
12,Mouhoubi D.,"Contribution to the Study of Diversity, Distribution, and Abundance of Insect Fauna in Salt Wetlands of Setif Region, Algeria",2019,International Journal of Zoology,,https://www.scopus.com/inward/record.uri?partnerID=HzOxMe3b&scp=85076366321&origin=inward,https://www.scopus.com/inward/citedby.uri?partnerID=HzOxMe3b&scp=85076366321&origin=inward,,2026-04-12 18:31:03,Article,10.1155/2019/2128418,16878477,https://api.elsevier.com/content/abstract/scopus_id/85076366321,2019,,,,,2.0,12.0,1,6,,,,85076366321,2-s2.0-85076366321
9,Souilmi F.,Taxonomic diversity of benthic macroinvertebrates along the Oum Er Rbia River (Morocco): Implications for water quality bio-monitoring using indicator species,2019,West African Journal of Applied Ecology,,https://www.scopus.com/inward/record.uri?partnerID=HzOxMe3b&scp=85073379497&origin=inward,https://www.scopus.com/inward/citedby.uri?partnerID=HzOxMe3b&scp=85073379497&origin=inward,,2026-04-12 18:31:03,Article,,08554307,https://api.elsevier.com/content/abstract/scopus_id/85073379497,27,1,,,,1.5,9.0,1,6,,,,85073379497,2-s2.0-85073379497
2656,Sánchez-Bayo F.,Worldwide decline of the entomofauna: A review of its drivers,2019,Biological Conservation,,https://www.scopus.com/inward/record.uri?partnerID=HzOxMe3b&scp=85060696480&origin=inward,https://www.scopus.com/inward/citedby.uri?partnerID=HzOxMe3b&scp=85060696480&origin=inward,,2026-04-12 18:31:03,Review,10.1016/j.biocon.2019.01.020,00063207,https://api.elsevier.com/content/abstract/scopus_id/85060696480,232,,,,,442.67,2656.0,1,6,,,,85060696480,2-s2.0-85060696480
4,Ndengué J.D.M.,Adapting light trap to catch household insects in central Cameroon: a pilot study,2019,Annales De La Societe Entomologique De France,,https://www.scopus.com/inward/record.uri?partnerID=HzOxMe3b&scp=85074294391&origin=inward,https://www.scopus.com/inward/citedby.uri?partnerID=HzOxMe3b&scp=85074294391&origin=inward,,2026-04-12 18:31:03,Article,10.1080/00379271.2019.1652684,00379271,https://api.elsevier.com/content/abstract/scopus_id/85074294391,55,5,,,,0.67,4.0,1,6,,,,85074294391,2-s2.0-85074294391
1,Gomes D.F.,OCCURRENCE OF AQUATIC MACROINVERTEBRATES IN AN EXTRATIVIST RESERVE OF BRAZILIAN AMAZON,2019,Revista De Biologia Neotropical Journal of Neotropical Biology,,https://www.scopus.com/inward/record.uri?partnerID=HzOxMe3b&scp=85203677397&origin=inward,https://www.scopus.com/inward/citedby.uri?partnerID=HzOxMe3b&scp=85203677397&origin=inward,,2026-04-12 18:31:03,Article,10.5216/rbn.v16i2.57731,18079652,https://api.elsevier.com/content/abstract/scopus_id/85203677397,16,2,,,,0.17,1.0,1,6,,,,85203677397,2-s2.0-85203677397
4,Favret C.,The Ouellet-Robert Entomological Collection: New electronic resources and perspectives,2019,Canadian Entomologist,,https://www.scopus.com/inward/record.uri?partnerID=HzOxMe3b&scp=85067654599&origin=inward,https://www.scopus.com/inward/citedby.uri?partnerID=HzOxMe3b&scp=85067654599&origin=inward,,2026-04-12 18:31:03,Article,10.4039/tce.2019.34,0008347X,https://api.elsevier.com/content/abstract/scopus_id/85067654599,151,4,,,,0.67,4.0,1,6,,,,85067654599,2-s2.0-85067654599
13,Aazami J.,"Ecological water health assessment using benthic macroinvertebrate communities (case study: the Ghezel Ozan River in Zanjan Province, Iran)",2019,Environmental Monitoring and Assessment,,https://www.scopus.com/inward/record.uri?partnerID=HzOxMe3b&scp=85074270916&origin=inward,https://www.scopus.com/inward/citedby.uri?partnerID=HzOxMe3b&scp=85074270916&origin=inward,,2026-04-12 18:31:03,Article,10.1007/s10661-019-7894-1,01676369,https://api.elsevier.com/content/abstract/scopus_id/85074270916,191,11,,,,2.17,13.0,1,6,,,,85074270916,2-s2.0-85074270916
8,Jarjees F.Z.,Biodiversity of Aquatic Insects in Relation to Physio-chemical Parameters of Shekh Turab Stream,2019,Passer Journal of Basic and Applied Sciences,,https://www.scopus.com/inward/record.uri?partnerID=HzOxMe3b&scp=85124190220&origin=inward,https://www.scopus.com/inward/citedby.uri?partnerID=HzOxMe3b&scp=85124190220&origin=inward,,2026-04-12 18:31:03,Article,10.24271/psr.04,27065944,https://api.elsevier.com/content/abstract/scopus_id/85124190220,1,2,,,,1.33,8.0,1,6,,,,85124190220,2-s2.0-85124190220
5,Camacho M.V.C.,"Impacts of anthropogenic disturbances on macroinvertebrate communities in streams of Catanduanes watershed forest reserve, Catanduanes, Philippines and the need for conservation",2019,Asian Journal of Conservation Biology,,https://www.scopus.com/inward/record.uri?partnerID=HzOxMe3b&scp=85071179555&origin=inward,https://www.scopus.com/inward/citedby.uri?partnerID=HzOxMe3b&scp=85071179555&origin=inward,,2026-04-12 18:31:03,Article,,,https://api.elsevier.com/content/abstract/scopus_id/85071179555,8,1,,,,0.83,5.0,1,6,,,,85071179555,2-s2.0-85071179555
18,Prokop J.,Ecomorphological diversification of the Late Palaeozoic Palaeodictyopterida reveals different larval strategies and amphibious lifestyle in adults,2019,Royal Society Open Science,,https://www.scopus.com/inward/record.uri?partnerID=HzOxMe3b&scp=85073254720&origin=inward,https://www.scopus.com/inward/citedby.uri?partnerID=HzOxMe3b&scp=85073254720&origin=inward,,2026-04-12 18:31:03,Article,10.1098/rsos.190460,,https://api.elsevier.com/content/abstract/scopus_id/85073254720,6,9,,,,3.0,18.0,1,6,,,,85073254720,2-s2.0-85073254720
49,Wang X.,"Distribution, assessment and coupling relationship of heavy metals and macroinvertebrates in sediments of the Weihe River Basin",2019,Sustainable Cities and Society,,https://www.scopus.com/inward/record.uri?partnerID=HzOxMe3b&scp=85067875713&origin=inward,https://www.scopus.com/inward/citedby.uri?partnerID=HzOxMe3b&scp=85067875713&origin=inward,,2026-04-12 18:31:03,Article,10.1016/j.scs.2019.101665,22106707,https://api.elsevier.com/content/abstract/scopus_id/85067875713,50,,,,,8.17,49.0,1,6,,,,85067875713,2-s2.0-85067875713
29,Porst G.,Effects of shoreline alteration and habitat heterogeneity on macroinvertebrate community composition across European lakes,2019,Ecological Indicators,,https://www.scopus.com/inward/record.uri?partnerID=HzOxMe3b&scp=85056252896&origin=inward,https://www.scopus.com/inward/citedby.uri?partnerID=HzOxMe3b&scp=85056252896&origin=inward,,2026-04-12 18:31:03,Article,10.1016/j.ecolind.2018.10.062,1470160X,https://api.elsevier.com/content/abstract/scopus_id/85056252896,98,,,,,4.83,29.0,1,6,,,,85056252896,2-s2.0-85056252896
15,González-Trujillo J.D.,Upstream refugia and dispersal ability may override benthic-community responses to high-Andean streams deforestation,2019,Biodiversity and Conservation,,https://www.scopus.com/inward/record.uri?partnerID=HzOxMe3b&scp=85063027903&origin=inward,https://www.scopus.com/inward/citedby.uri?partnerID=HzOxMe3b&scp=85063027903&origin=inward,,2026-04-12 18:31:03,Article,10.1007/s10531-019-01739-2,09603115,https://api.elsevier.com/content/abstract/scopus_id/85063027903,28,6,,,,2.5,15.0,1,6,,,,85063027903,2-s2.0-85063027903
48,Fierro P.,"Examining the influence of human stressors on benthic algae, macroinvertebrate, and fish assemblages in Mediterranean streams of Chile",2019,Science of the Total Environment,,https://www.scopus.com/inward/record.uri?partnerID=HzOxMe3b&scp=85066490176&origin=inward,https://www.scopus.com/inward/citedby.uri?partnerID=HzOxMe3b&scp=85066490176&origin=inward,,2026-04-12 18:31:03,Article,10.1016/j.scitotenv.2019.05.277,00489697,https://api.elsevier.com/content/abstract/scopus_id/85066490176,686,,,,,8.0,48.0,1,6,,,,85066490176,2-s2.0-85066490176
8,Magoro M.L.,"Characterisation of selected micro-estuaries and micro-outlets in South Africa using microalgal, zooplanktonic and macrozoobenthic assemblages",2019,African Journal of Aquatic Science,,https://www.scopus.com/inward/record.uri?partnerID=HzOxMe3b&scp=85075402076&origin=inward,https://www.scopus.com/inward/citedby.uri?partnerID=HzOxMe3b&scp=85075402076&origin=inward,,2026-04-12 18:31:03,Article,10.2989/16085914.2019.1677211,16085914,https://api.elsevier.com/content/abstract/scopus_id/85075402076,44,4,,,,1.33,8.0,1,6,,,,85075402076,2-s2.0-85075402076
2,Enefalk Å.,Fine stream wood decreases growth of juvenile brown trout (Salmo trutta L.),2019,Environmental Biology of Fishes,,https://www.scopus.com/inward/record.uri?partnerID=HzOxMe3b&scp=85062726336&origin=inward,https://www.scopus.com/inward/citedby.uri?partnerID=HzOxMe3b&scp=85062726336&origin=inward,,2026-04-12 18:31:03,Article,10.1007/s10641-019-00869-4,03781909,https://api.elsevier.com/content/abstract/scopus_id/85062726336,102,5,,,,0.33,2.0,1,6,,,,85062726336,2-s2.0-85062726336
4,Harwood A.D.,Evaluating toxicity risk in sediments after remediation at a Superfund megasite using a Triad approach,2019,Environmental Monitoring and Assessment,,https://www.scopus.com/inward/record.uri?partnerID=HzOxMe3b&scp=85074110883&origin=inward,https://www.scopus.com/inward/citedby.uri?partnerID=HzOxMe3b&scp=85074110883&origin=inward,,2026-04-12 18:31:03,Article,10.1007/s10661-019-7870-9,01676369,https://api.elsevier.com/content/abstract/scopus_id/85074110883,191,11,,,,0.67,4.0,1,6,,,,85074110883,2-s2.0-85074110883
2,Clemente L.Z.,"Benthic macroinvertebrates as bioindicators of environmental quality in three streams of the amambai river basin, upper paranÁ river, Brazil",2019,Oecologia Australis,,https://www.scopus.com/inward/record.uri?partnerID=HzOxMe3b&scp=85078020670&origin=inward,https://www.scopus.com/inward/citedby.uri?partnerID=HzOxMe3b&scp=85078020670&origin=inward,,2026-04-12 18:31:03,Article,10.4257/oeco.2019.2304.18,,https://api.elsevier.com/content/abstract/scopus_id/85078020670,23,4,,,,0.33,2.0,1,6,,,,85078020670,2-s2.0-85078020670
22,Bray J.P.,Stressor dominance and sensitivity-dependent antagonism: Disentangling the freshwater effects of an insecticide among co-occurring agricultural stressors,2019,Journal of Applied Ecology,,https://www.scopus.com/inward/record.uri?partnerID=HzOxMe3b&scp=85067884368&origin=inward,https://www.scopus.com/inward/citedby.uri?partnerID=HzOxMe3b&scp=85067884368&origin=inward,,2026-04-12 18:31:03,Article,10.1111/1365-2664.13430,00218901,https://api.elsevier.com/content/abstract/scopus_id/85067884368,56,8,,,,3.67,22.0,1,6,,,,85067884368,2-s2.0-85067884368
13,Drover D.R.,"Using density, dissimilarity, and taxonomic replacement to characterize mining-influenced benthic macroinvertebrate community alterations in central Appalachia",2019,Ecological Indicators,,https://www.scopus.com/inward/record.uri?partnerID=HzOxMe3b&scp=85068372764&origin=inward,https://www.scopus.com/inward/citedby.uri?partnerID=HzOxMe3b&scp=85068372764&origin=inward,,2026-04-12 18:31:03,Article,10.1016/j.ecolind.2019.105535,1470160X,https://api.elsevier.com/content/abstract/scopus_id/85068372764,106,,,,,2.17,13.0,1,6,,,,85068372764,2-s2.0-85068372764
13,Horstmann M.,"Comparative prey spectra analyses on the endangered aquatic carnivorous waterwheel plant (Aldrovanda vesiculosa, droseraceae) at several naturalized microsites in the Czech Republic and Germany",2019,Integrative Organismal Biology,,https://www.scopus.com/inward/record.uri?partnerID=HzOxMe3b&scp=85076863805&origin=inward,https://www.scopus.com/inward/citedby.uri?partnerID=HzOxMe3b&scp=85076863805&origin=inward,,2026-04-12 18:31:03,Article,10.1093/iob/oby012,,https://api.elsevier.com/content/abstract/scopus_id/85076863805,1,1,,,,2.17,13.0,1,6,,,,85076863805,2-s2.0-85076863805
33,Baldasso M.C.,Ecomorphological variations and food supply drive trophic relationships in the fish fauna of a pristine neotropical stream,2019,Environmental Biology of Fishes,,https://www.scopus.com/inward/record.uri?partnerID=HzOxMe3b&scp=85064489160&origin=inward,https://www.scopus.com/inward/citedby.uri?partnerID=HzOxMe3b&scp=85064489160&origin=inward,,2026-04-12 18:31:03,Article,10.1007/s10641-019-00871-w,03781909,https://api.elsevier.com/content/abstract/scopus_id/85064489160,102,5,,,,5.5,33.0,1,6,,,,85064489160,2-s2.0-85064489160
2,Shimabukuro E.M.,Macrophytes in tropical shallow lakes: An important food item to benthic entomofauna or an underused resource?,2019,Entomological Science,,https://www.scopus.com/inward/record.uri?partnerID=HzOxMe3b&scp=85064486678&origin=inward,https://www.scopus.com/inward/citedby.uri?partnerID=HzOxMe3b&scp=85064486678&origin=inward,,2026-04-12 18:31:03,Article,10.1111/ens.12351,13438786,https://api.elsevier.com/content/abstract/scopus_id/85064486678,22,2,,,,0.33,2.0,1,6,,,,85064486678,2-s2.0-85064486678
3,Martínez B.T.,Effects of Wood Density on Aquatic Insect Communities in a Cuban Montane Rainforest Stream,2019,Neotropical Entomology,,https://www.scopus.com/inward/record.uri?partnerID=HzOxMe3b&scp=85067228837&origin=inward,https://www.scopus.com/inward/citedby.uri?partnerID=HzOxMe3b&scp=85067228837&origin=inward,,2026-04-12 18:31:03,Article,10.1007/s13744-019-00670-z,1519566X,https://api.elsevier.com/content/abstract/scopus_id/85067228837,48,4,,,,0.5,3.0,1,6,,,,85067228837,2-s2.0-85067228837
71,Zizka V.M.A.,DNA metabarcoding from sample fixative as a quick and voucher-preserving biodiversity assessment method,2019,Genome,,https://www.scopus.com/inward/record.uri?partnerID=HzOxMe3b&scp=85065019601&origin=inward,https://www.scopus.com/inward/citedby.uri?partnerID=HzOxMe3b&scp=85065019601&origin=inward,,2026-04-12 18:31:03,Article,10.1139/gen-2018-0048,08312796,https://api.elsevier.com/content/abstract/scopus_id/85065019601,62,3,,,,11.83,71.0,1,6,,,,85065019601,2-s2.0-85065019601
9,Gallardo L.I.,Urban rain-fed lakes: macro-invertebrate assemblages associated with Egeria najas as indicators of biological integrity in wetlands of Corrientes Province (Argentina),2019,Biodiversity and Conservation,,https://www.scopus.com/inward/record.uri?partnerID=HzOxMe3b&scp=85063085515&origin=inward,https://www.scopus.com/inward/citedby.uri?partnerID=HzOxMe3b&scp=85063085515&origin=inward,,2026-04-12 18:31:03,Article,10.1007/s10531-019-01742-7,09603115,https://api.elsevier.com/content/abstract/scopus_id/85063085515,28,6,,,,1.5,9.0,1,6,,,,85063085515,2-s2.0-85063085515
8,Pascual G.,"Benthic macroinvertebrates and toxicological tests for assessing water and sediment quality of the Rimac river, Lima, Peru",2019,Revista De Investigaciones Veterinarias Del Peru,,https://www.scopus.com/inward/record.uri?partnerID=HzOxMe3b&scp=85079275134&origin=inward,https://www.scopus.com/inward/citedby.uri?partnerID=HzOxMe3b&scp=85079275134&origin=inward,,2026-04-12 18:31:03,Article,10.15381/rivep.v30i4.17164,16823419,https://api.elsevier.com/content/abstract/scopus_id/85079275134,30,4,,,,1.33,8.0,1,6,,,,85079275134,2-s2.0-85079275134
9,You Q.,"Assessing ecological health of Poyang Lake wetland, using benthic macroinvertebrate? Based index of biotic integrity (B-IBI)",2019,Shengtai Xuebao,,https://www.scopus.com/inward/record.uri?partnerID=HzOxMe3b&scp=85073813586&origin=inward,https://www.scopus.com/inward/citedby.uri?partnerID=HzOxMe3b&scp=85073813586&origin=inward,,2026-04-12 18:31:03,Article,10.5846/stxb201806041248,10000933,https://api.elsevier.com/content/abstract/scopus_id/85073813586,39,18,,,,1.5,9.0,1,6,,,,85073813586,2-s2.0-85073813586
8,Moulton T.,"The outcome of an exclusion experiment depends on the method: Shrimps, shredders and leaf breakdown in a tropical stream",2019,Freshwater Science,,https://www.scopus.com/inward/record.uri?partnerID=HzOxMe3b&scp=85062268484&origin=inward,https://www.scopus.com/inward/citedby.uri?partnerID=HzOxMe3b&scp=85062268484&origin=inward,,2026-04-12 18:31:03,Article,10.1086/701771,21619549,https://api.elsevier.com/content/abstract/scopus_id/85062268484,38,1,,,,1.33,8.0,1,6,,,,85062268484,2-s2.0-85062268484
9,Semwal V.P.,"The distributional pattern of benthic macroinvertebrates in a spring-fed foothill tributary of the Ganga River, western Himalaya, India",2019,Journal of Threatened Taxa,,https://www.scopus.com/inward/record.uri?partnerID=HzOxMe3b&scp=85072794891&origin=inward,https://www.scopus.com/inward/citedby.uri?partnerID=HzOxMe3b&scp=85072794891&origin=inward,,2026-04-12 18:31:03,Article,10.11609/jott.4648.11.12.14511-14517,09747893,https://api.elsevier.com/content/abstract/scopus_id/85072794891,11,12,,,,1.5,9.0,1,6,,,,85072794891,2-s2.0-85072794891
11,Kim D.K.,Assessing spatial distribution of benthic macroinvertebrate communities associated with surrounding land cover and water quality,2019,Applied Sciences Switzerland,,https://www.scopus.com/inward/record.uri?partnerID=HzOxMe3b&scp=85076121634&origin=inward,https://www.scopus.com/inward/citedby.uri?partnerID=HzOxMe3b&scp=85076121634&origin=inward,,2026-04-12 18:31:03,Article,10.3390/app9235162,,https://api.elsevier.com/content/abstract/scopus_id/85076121634,9,23,,,,1.83,11.0,1,6,,,,85076121634,2-s2.0-85076121634
6,Navarro M.J.,Phoretic relationship between the myceliophagous mite Microdispus lambi (Acari: Microdispidae) and mushroom flies in Spanish crops,2019,Annals of Applied Biology,,https://www.scopus.com/inward/record.uri?partnerID=HzOxMe3b&scp=85062367205&origin=inward,https://www.scopus.com/inward/citedby.uri?partnerID=HzOxMe3b&scp=85062367205&origin=inward,,2026-04-12 18:31:03,Review,10.1111/aab.12498,00034746,https://api.elsevier.com/content/abstract/scopus_id/85062367205,174,3,,,,1.0,6.0,1,6,,,,85062367205,2-s2.0-85062367205
75,Shih C.,Rhythms of Insect Evolution: Evidence from the Jurassic and Cretaceous in Northern China,2019,Rhythms of Insect Evolution Evidence from the Jurassic and Cretaceous in Northern China,,https://www.scopus.com/inward/record.uri?partnerID=HzOxMe3b&scp=85147397471&origin=inward,https://www.scopus.com/inward/citedby.uri?partnerID=HzOxMe3b&scp=85147397471&origin=inward,,2026-04-12 18:31:03,Book,10.1002/9781119427957,,https://api.elsevier.com/content/abstract/scopus_id/85147397471,,,,,,12.5,75.0,1,6,,,,85147397471,2-s2.0-85147397471
20,Serra S.R.Q.,Effects of variations in water quantity and quality in the structure and functions of invertebrates’ community of a Mediterranean urban stream,2019,Urban Ecosystems,,https://www.scopus.com/inward/record.uri?partnerID=HzOxMe3b&scp=85070751349&origin=inward,https://www.scopus.com/inward/citedby.uri?partnerID=HzOxMe3b&scp=85070751349&origin=inward,,2026-04-12 18:31:03,Article,10.1007/s11252-019-00892-4,10838155,https://api.elsevier.com/content/abstract/scopus_id/85070751349,22,6,,,,3.33,20.0,1,6,,,,85070751349,2-s2.0-85070751349
7,Moran R.C.,"Phylogenetic relationships of Neotropical lady ferns (Athyriaceae), with a description of Ephemeropteris, gen. nov.",2019,Taxon,,https://www.scopus.com/inward/record.uri?partnerID=HzOxMe3b&scp=85071257804&origin=inward,https://www.scopus.com/inward/citedby.uri?partnerID=HzOxMe3b&scp=85071257804&origin=inward,,2026-04-12 18:31:03,Article,10.1002/tax.12063,00400262,https://api.elsevier.com/content/abstract/scopus_id/85071257804,68,3,,,,1.17,7.0,1,6,,,,85071257804,2-s2.0-85071257804
1,Loffredo J.R.,Trophic status of a non-native crayfish in an oligotrophic lake: bottom-up view of a mixed warmwater and coldwater sport fishery food web,2019,Lake and Reservoir Management,,https://www.scopus.com/inward/record.uri?partnerID=HzOxMe3b&scp=85067579694&origin=inward,https://www.scopus.com/inward/citedby.uri?partnerID=HzOxMe3b&scp=85067579694&origin=inward,,2026-04-12 18:31:03,Article,10.1080/10402381.2019.1613460,10402381,https://api.elsevier.com/content/abstract/scopus_id/85067579694,35,4,,,,0.17,1.0,1,6,,,,85067579694,2-s2.0-85067579694
11,Urdanigo J.P.,"Diversity of aquatic macroinvertebrates along creeks with different riparian cover in Murocomba Protector Forest, Ecuador",2019,Revista De Biologia Tropical,,https://www.scopus.com/inward/record.uri?partnerID=HzOxMe3b&scp=85074518993&origin=inward,https://www.scopus.com/inward/citedby.uri?partnerID=HzOxMe3b&scp=85074518993&origin=inward,,2026-04-12 18:31:03,Article,10.15517/rbt.v67i4.35190,00347744,https://api.elsevier.com/content/abstract/scopus_id/85074518993,67,4,,,,1.83,11.0,1,6,,,,85074518993,2-s2.0-85074518993
12,Sharma P.,Integrating morphology and phylogenomics supports a terrestrial origin of insect flight,2019,Proceedings of the National Academy of Sciences of the United States of America,,https://www.scopus.com/inward/record.uri?partnerID=HzOxMe3b&scp=85061849827&origin=inward,https://www.scopus.com/inward/citedby.uri?partnerID=HzOxMe3b&scp=85061849827&origin=inward,,2026-04-12 18:31:03,Note,10.1073/pnas.1822087116,00278424,https://api.elsevier.com/content/abstract/scopus_id/85061849827,116,8,,,,2.0,12.0,1,6,,,,85061849827,2-s2.0-85061849827
4,Salazar-E. C.A.,"The agape natural reserve: Diurnal butterflies (Lepidoptera: Rhopalocera) of la arenosa and cano yahuarcaca, Leticia, Amazonas",2019,Boletin Cientifico Del Centro De Museos,,https://www.scopus.com/inward/record.uri?partnerID=HzOxMe3b&scp=85081583190&origin=inward,https://www.scopus.com/inward/citedby.uri?partnerID=HzOxMe3b&scp=85081583190&origin=inward,,2026-04-12 18:31:03,Article,10.17151/bccm.2019.23.2.11,01233068,https://api.elsevier.com/content/abstract/scopus_id/85081583190,23,2,,,,0.67,4.0,1,6,,,,85081583190,2-s2.0-85081583190
65,Jourdan J.,Reintroduction of freshwater macroinvertebrates: challenges and opportunities,2019,Biological Reviews,,https://www.scopus.com/inward/record.uri?partnerID=HzOxMe3b&scp=85052568935&origin=inward,https://www.scopus.com/inward/citedby.uri?partnerID=HzOxMe3b&scp=85052568935&origin=inward,,2026-04-12 18:31:03,Article,10.1111/brv.12458,14647931,https://api.elsevier.com/content/abstract/scopus_id/85052568935,94,2,,,,10.83,65.0,1,6,,,,85052568935,2-s2.0-85052568935
12,Gosch N.J.C.,Dietary assessment of age-0 pallid sturgeon and shovelnose sturgeon: Implications for surrogacy,2019,Endangered Species Research,,https://www.scopus.com/inward/record.uri?partnerID=HzOxMe3b&scp=85083098478&origin=inward,https://www.scopus.com/inward/citedby.uri?partnerID=HzOxMe3b&scp=85083098478&origin=inward,,2026-04-12 18:31:03,Article,10.3354/ESR01001,18635407,https://api.elsevier.com/content/abstract/scopus_id/85083098478,40,,,,,2.0,12.0,1,6,,,,85083098478,2-s2.0-85083098478
2,Green M.W.,Mesohabitat current velocity effects on Didymosphenia geminata and macroinvertebrates in a SE USA hypolimnetic tailwater,2019,Aquatic Ecology,,https://www.scopus.com/inward/record.uri?partnerID=HzOxMe3b&scp=85070247321&origin=inward,https://www.scopus.com/inward/citedby.uri?partnerID=HzOxMe3b&scp=85070247321&origin=inward,,2026-04-12 18:31:03,Article,10.1007/s10452-019-09712-5,13862588,https://api.elsevier.com/content/abstract/scopus_id/85070247321,53,4,,,,0.33,2.0,1,6,,,,85070247321,2-s2.0-85070247321
77,Mächler E.,Assessing different components of diversity across a river network using eDNA,2019,Environmental DNA,,https://www.scopus.com/inward/record.uri?partnerID=HzOxMe3b&scp=85078657613&origin=inward,https://www.scopus.com/inward/citedby.uri?partnerID=HzOxMe3b&scp=85078657613&origin=inward,,2026-04-12 18:31:03,Article,10.1002/edn3.33,,https://api.elsevier.com/content/abstract/scopus_id/85078657613,1,3,,,,12.83,77.0,1,6,,,,85078657613,2-s2.0-85078657613
13,Oremo J.,"Assessment of heavy metals in benthic macroinvertebrates, water and sediments in River Isiukhu, Kenya",2019,Environmental Monitoring and Assessment,,https://www.scopus.com/inward/record.uri?partnerID=HzOxMe3b&scp=85073448725&origin=inward,https://www.scopus.com/inward/citedby.uri?partnerID=HzOxMe3b&scp=85073448725&origin=inward,,2026-04-12 18:31:03,Article,10.1007/s10661-019-7858-5,01676369,https://api.elsevier.com/content/abstract/scopus_id/85073448725,191,11,,,,2.17,13.0,1,6,,,,85073448725,2-s2.0-85073448725
0,Maloney E.M.,"Corrigendum to “Can chronic exposure to imidacloprid, clothianidin, and thiamethoxam mixtures exert greater than additive toxicity in Chironomus dilutus?” [Ecotoxicol. Environ. Saf. 156C (2018) 354–365](S0147651318301830)(10.1016/j.ecoenv.2018.03.003)",2019,Ecotoxicology and Environmental Safety,,https://www.scopus.com/inward/record.uri?partnerID=HzOxMe3b&scp=85068937721&origin=inward,https://www.scopus.com/inward/citedby.uri?partnerID=HzOxMe3b&scp=85068937721&origin=inward,,2026-04-12 18:31:03,Erratum,10.1016/j.ecoenv.2019.109437,01476513,https://api.elsevier.com/content/abstract/scopus_id/85068937721,182,,,,,0.0,0.0,1,6,,,,85068937721,2-s2.0-85068937721
5,Erba S.,Defining Maximum Ecological Potential for heavily modified lowland streams of Northern Italy,2019,Science of the Total Environment,,https://www.scopus.com/inward/record.uri?partnerID=HzOxMe3b&scp=85067942912&origin=inward,https://www.scopus.com/inward/citedby.uri?partnerID=HzOxMe3b&scp=85067942912&origin=inward,,2026-04-12 18:31:03,Article,10.1016/j.scitotenv.2019.05.348,00489697,https://api.elsevier.com/content/abstract/scopus_id/85067942912,684,,,,,0.83,5.0,1,6,,,,85067942912,2-s2.0-85067942912
6,Zequi J.A.C.,Aquatic insect communities in small stream in the south of Brazil,2019,Environmental Monitoring and Assessment,,https://www.scopus.com/inward/record.uri?partnerID=HzOxMe3b&scp=85066783632&origin=inward,https://www.scopus.com/inward/citedby.uri?partnerID=HzOxMe3b&scp=85066783632&origin=inward,,2026-04-12 18:31:03,Article,10.1007/s10661-019-7536-7,01676369,https://api.elsevier.com/content/abstract/scopus_id/85066783632,191,7,,,,1.0,6.0,1,6,,,,85066783632,2-s2.0-85066783632
31,Bashnin T.,Relationship between pesticide accumulation in transplanted zebra mussel (Dreissena polymorpha) and community structure of aquatic macroinvertebrates,2019,Environmental Pollution,,https://www.scopus.com/inward/record.uri?partnerID=HzOxMe3b&scp=85067248648&origin=inward,https://www.scopus.com/inward/citedby.uri?partnerID=HzOxMe3b&scp=85067248648&origin=inward,,2026-04-12 18:31:03,Article,10.1016/j.envpol.2019.05.140,02697491,https://api.elsevier.com/content/abstract/scopus_id/85067248648,252,,,,,5.17,31.0,1,6,,,,85067248648,2-s2.0-85067248648
43,Beentjes K.K.,Increased performance of DNA metabarcoding of macroinvertebrates by taxonomic sorting,2019,Plos One,,https://www.scopus.com/inward/record.uri?partnerID=HzOxMe3b&scp=85076692406&origin=inward,https://www.scopus.com/inward/citedby.uri?partnerID=HzOxMe3b&scp=85076692406&origin=inward,,2026-04-12 18:31:03,Article,10.1371/journal.pone.0226527,,https://api.elsevier.com/content/abstract/scopus_id/85076692406,14,12,,,,7.17,43.0,1,6,,,,85076692406,2-s2.0-85076692406
108,Li Z.,Different responses of taxonomic and functional structures of stream macroinvertebrate communities to local stressors and regional factors in a subtropical biodiversity hotspot,2019,Science of the Total Environment,,https://www.scopus.com/inward/record.uri?partnerID=HzOxMe3b&scp=85057237849&origin=inward,https://www.scopus.com/inward/citedby.uri?partnerID=HzOxMe3b&scp=85057237849&origin=inward,,2026-04-12 18:31:03,Article,10.1016/j.scitotenv.2018.11.222,00489697,https://api.elsevier.com/content/abstract/scopus_id/85057237849,655,,,,,18.0,108.0,1,6,,,,85057237849,2-s2.0-85057237849
5,Hall L.W.,Ranking the importance of benthic metrics and environmental stressors from over a decade of bioassessment multiple stressor studies in five California waterbodies,2019,Journal of Environmental Science and Health Part A Toxic Hazardous Substances and Environmental Engineering,,https://www.scopus.com/inward/record.uri?partnerID=HzOxMe3b&scp=85070999572&origin=inward,https://www.scopus.com/inward/citedby.uri?partnerID=HzOxMe3b&scp=85070999572&origin=inward,,2026-04-12 18:31:03,Article,10.1080/10934529.2019.1651590,10934529,https://api.elsevier.com/content/abstract/scopus_id/85070999572,54,14,,,,0.83,5.0,1,6,,,,85070999572,2-s2.0-85070999572
50,Bauer A.,The toxicity of organic fractions from aged oil sands process-affected water to aquatic species,2019,Science of the Total Environment,,https://www.scopus.com/inward/record.uri?partnerID=HzOxMe3b&scp=85062989473&origin=inward,https://www.scopus.com/inward/citedby.uri?partnerID=HzOxMe3b&scp=85062989473&origin=inward,,2026-04-12 18:31:03,Article,10.1016/j.scitotenv.2019.03.107,00489697,https://api.elsevier.com/content/abstract/scopus_id/85062989473,669,,,,,8.33,50.0,1,6,,,,85062989473,2-s2.0-85062989473
