Cites,Authors,Title,Year,Source,Publisher,ArticleURL,CitesURL,GSRank,QueryDate,Type,DOI,ISSN,CitationURL,Volume,Issue,StartPage,EndPage,ECC,CitesPerYear,CitesPerAuthor,AuthorCount,Age,Abstract,FullTextURL,RelatedURL,ScopusID,EID
0,Yanygina L.V.,NEW DATA ON THE MAYFLIES (EPHEMEROPTERA) OF NORTH-WESTERN YAKUTIA,2022,Far Eastern Entomologist,,https://www.scopus.com/inward/record.uri?partnerID=HzOxMe3b&scp=85123833437&origin=inward,https://www.scopus.com/inward/citedby.uri?partnerID=HzOxMe3b&scp=85123833437&origin=inward,,2026-04-12 18:32:16,Article,10.25221/FEE.446.3,1026051X,https://api.elsevier.com/content/abstract/scopus_id/85123833437,,446,,,,0.0,0.0,1,3,,,,85123833437,2-s2.0-85123833437
2,Gorovaya E.A.,"Dynamics of the Mayfly Community Structure (Insecta, Ephemeroptera) of a Small Salmon River in South Primorye",2022,Inland Water Biology,,https://www.scopus.com/inward/record.uri?partnerID=HzOxMe3b&scp=85144217736&origin=inward,https://www.scopus.com/inward/citedby.uri?partnerID=HzOxMe3b&scp=85144217736&origin=inward,,2026-04-12 18:32:16,Article,10.1134/S1995082922060062,19950829,https://api.elsevier.com/content/abstract/scopus_id/85144217736,15,6,,,,0.67,2.0,1,3,,,,85144217736,2-s2.0-85144217736
10,Chen Z.T.,"First mayfly larva of Leptophlebiidae (Insecta: Ephemeroptera) in mid-Cretaceous Kachin amber, northern Myanmar",2022,Cretaceous Research,,https://www.scopus.com/inward/record.uri?partnerID=HzOxMe3b&scp=85138553350&origin=inward,https://www.scopus.com/inward/citedby.uri?partnerID=HzOxMe3b&scp=85138553350&origin=inward,,2026-04-12 18:32:16,Article,10.1016/j.cretres.2022.105354,01956671,https://api.elsevier.com/content/abstract/scopus_id/85138553350,140,,,,,3.33,10.0,1,3,,,,85138553350,2-s2.0-85138553350
7,Yalles-Satha A.,"Diversity, phenology and distribution of mayfly larvae (Ephemeroptera) along an altitudinal gradient in two permanent Wadis of Algeria",2022,Oriental Insects,,https://www.scopus.com/inward/record.uri?partnerID=HzOxMe3b&scp=85105367335&origin=inward,https://www.scopus.com/inward/citedby.uri?partnerID=HzOxMe3b&scp=85105367335&origin=inward,,2026-04-12 18:32:16,Article,10.1080/00305316.2021.1904022,00305316,https://api.elsevier.com/content/abstract/scopus_id/85105367335,56,1,,,,2.33,7.0,1,3,,,,85105367335,2-s2.0-85105367335
8,Phlai-Ngam S.,"Megabranchiella gen. nov., a new mayfly genus (Ephemeroptera, Baetidae) from Thailand with description of two new species",2022,Zookeys,,https://www.scopus.com/inward/record.uri?partnerID=HzOxMe3b&scp=85140035550&origin=inward,https://www.scopus.com/inward/citedby.uri?partnerID=HzOxMe3b&scp=85140035550&origin=inward,,2026-04-12 18:32:16,Article,10.3897/zookeys.1125.90802,13132989,https://api.elsevier.com/content/abstract/scopus_id/85140035550,2022,1125,,,,2.67,8.0,1,3,,,,85140035550,2-s2.0-85140035550
3,Gonzalez C.J.,"Characterizing Hox genes in mayflies (Ephemeroptera), with Hexagenia limbata as a new mayfly model",2022,Evodevo,,https://www.scopus.com/inward/record.uri?partnerID=HzOxMe3b&scp=85134990221&origin=inward,https://www.scopus.com/inward/citedby.uri?partnerID=HzOxMe3b&scp=85134990221&origin=inward,,2026-04-12 18:32:16,Article,10.1186/s13227-022-00200-w,,https://api.elsevier.com/content/abstract/scopus_id/85134990221,13,1,,,,1.0,3.0,1,3,,,,85134990221,2-s2.0-85134990221
23,El Alami M.,"Diversity and Distribution of Mayflies from Morocco (Ephemeroptera, Insecta)",2022,Diversity,,https://www.scopus.com/inward/record.uri?partnerID=HzOxMe3b&scp=85132833993&origin=inward,https://www.scopus.com/inward/citedby.uri?partnerID=HzOxMe3b&scp=85132833993&origin=inward,,2026-04-12 18:32:16,Article,10.3390/d14060498,,https://api.elsevier.com/content/abstract/scopus_id/85132833993,14,6,,,,7.67,23.0,1,3,,,,85132833993,2-s2.0-85132833993
6,Sroka P.,"Evolution of filter-feeding in aquatic insects dates back to the Middle Triassic: new evidence from stem-group mayflies (Insecta, Ephemerida) from Grès à Voltzia, Vosges, France",2022,Papers in Palaeontology,,https://www.scopus.com/inward/record.uri?partnerID=HzOxMe3b&scp=85136964179&origin=inward,https://www.scopus.com/inward/citedby.uri?partnerID=HzOxMe3b&scp=85136964179&origin=inward,,2026-04-12 18:32:16,Article,10.1002/spp2.1456,,https://api.elsevier.com/content/abstract/scopus_id/85136964179,8,4,,,,2.0,6.0,1,3,,,,85136964179,2-s2.0-85136964179
2,Varela-Hernández F.,"Cloeon tzeltal sp. nov. (Ephemeroptera: Baetidae), a Miocene mayfly from Mexican amber",2022,Canadian Journal of Earth Sciences,,https://www.scopus.com/inward/record.uri?partnerID=HzOxMe3b&scp=85138243249&origin=inward,https://www.scopus.com/inward/citedby.uri?partnerID=HzOxMe3b&scp=85138243249&origin=inward,,2026-04-12 18:32:16,Article,10.1139/cjes-2021-0166,00084077,https://api.elsevier.com/content/abstract/scopus_id/85138243249,59,8,,,,0.67,2.0,1,3,,,,85138243249,2-s2.0-85138243249
9,Du Q.,Dynamic elite strategy mayfly algorithm,2022,Plos One,,https://www.scopus.com/inward/record.uri?partnerID=HzOxMe3b&scp=85136975943&origin=inward,https://www.scopus.com/inward/citedby.uri?partnerID=HzOxMe3b&scp=85136975943&origin=inward,,2026-04-12 18:32:16,Article,10.1371/journal.pone.0273155,,https://api.elsevier.com/content/abstract/scopus_id/85136975943,17,8 August,,,,3.0,9.0,1,3,,,,85136975943,2-s2.0-85136975943
14,Staniczek A.H.,"Revised systematics, phylogeny, and paleontology of the mayfly family Baetiscidae (Insecta: Ephemeroptera)",2022,Arthropod Systematics and Phylogeny,,https://www.scopus.com/inward/record.uri?partnerID=HzOxMe3b&scp=85165374093&origin=inward,https://www.scopus.com/inward/citedby.uri?partnerID=HzOxMe3b&scp=85165374093&origin=inward,,2026-04-12 18:32:16,Article,10.3897/ASP.80.E82845,18637221,https://api.elsevier.com/content/abstract/scopus_id/85165374093,80,,,,,4.67,14.0,1,3,,,,85165374093,2-s2.0-85165374093
5,Wroblewski A.F.–.,Neoichnology of the burrowing mayfly Tortopus circumfluus and its bearing on the ichnofossil Glossifungites gingrasi,2022,Lethaia,,https://www.scopus.com/inward/record.uri?partnerID=HzOxMe3b&scp=85137450622&origin=inward,https://www.scopus.com/inward/citedby.uri?partnerID=HzOxMe3b&scp=85137450622&origin=inward,,2026-04-12 18:32:16,Article,10.18261/let.55.2.1,00241164,https://api.elsevier.com/content/abstract/scopus_id/85137450622,55,2,,,,1.67,5.0,1,3,,,,85137450622,2-s2.0-85137450622
0,de Assis Silva V.,"Redescription of adults, nymphs and taxonomic notes on the Southern Brazilian mayfly Ulmeritus saopaulensis (Traver, 1946) (Ephemeroptera: Leptophlebiidae)",2022,Revista Brasileira De Entomologia,,https://www.scopus.com/inward/record.uri?partnerID=HzOxMe3b&scp=85142900484&origin=inward,https://www.scopus.com/inward/citedby.uri?partnerID=HzOxMe3b&scp=85142900484&origin=inward,,2026-04-12 18:32:16,Article,10.1590/1806-9665-RBENT-2022-0056,00855626,https://api.elsevier.com/content/abstract/scopus_id/85142900484,66,4,,,,0.0,0.0,1,3,,,,85142900484,2-s2.0-85142900484
1,Trewick S.A.,"Spatial Variation of Acanthophlebia cruentata (Ephemeroptera), a Mayfly Endemic to Te Ika-a-Māui—North Island of Aotearoa, New Zealand",2022,Insects,,https://www.scopus.com/inward/record.uri?partnerID=HzOxMe3b&scp=85133141975&origin=inward,https://www.scopus.com/inward/citedby.uri?partnerID=HzOxMe3b&scp=85133141975&origin=inward,,2026-04-12 18:32:16,Article,10.3390/insects13070567,,https://api.elsevier.com/content/abstract/scopus_id/85133141975,13,7,,,,0.33,1.0,1,3,,,,85133141975,2-s2.0-85133141975
3,Godunko R.J.,"Cenozoic origins of the genus Calliarcys (Insecta, Ephemeroptera) revealed by Micro-CT, with DNA barcode gap analysis of Leptophlebiinae and Habrophlebiinae",2022,Scientific Reports,,https://www.scopus.com/inward/record.uri?partnerID=HzOxMe3b&scp=85137605175&origin=inward,https://www.scopus.com/inward/citedby.uri?partnerID=HzOxMe3b&scp=85137605175&origin=inward,,2026-04-12 18:32:16,Article,10.1038/s41598-022-18234-4,,https://api.elsevier.com/content/abstract/scopus_id/85137605175,12,1,,,,1.0,3.0,1,3,,,,85137605175,2-s2.0-85137605175
1,Thresher R.E.,Emergence phenology of Tasmanian mayflies (Ephemeroptera) in a first-order creek and comparison with northern hemisphere confamilials,2022,Marine and Freshwater Research,,https://www.scopus.com/inward/record.uri?partnerID=HzOxMe3b&scp=105001209980&origin=inward,https://www.scopus.com/inward/citedby.uri?partnerID=HzOxMe3b&scp=105001209980&origin=inward,,2026-04-12 18:32:16,Article,10.1071/MF22131,13231650,https://api.elsevier.com/content/abstract/scopus_id/105001209980,73,12,,,,0.33,1.0,1,3,,,,105001209980,2-s2.0-105001209980
1,Muthukatturaja M.,"A new mayfly species of Sparsorythus Sroka & Soldán, 2008 (Insecta: Ephemeroptera: Tricorythidae) from the Western Ghats, Kerala, India",2022,Journal of Entomological Research,,https://www.scopus.com/inward/record.uri?partnerID=HzOxMe3b&scp=85140601836&origin=inward,https://www.scopus.com/inward/citedby.uri?partnerID=HzOxMe3b&scp=85140601836&origin=inward,,2026-04-12 18:32:16,Article,10.5958/0974-4576.2022.00113.X,03789519,https://api.elsevier.com/content/abstract/scopus_id/85140601836,46,3,,,,0.33,1.0,1,3,,,,85140601836,2-s2.0-85140601836
9,Vilenica M.,The Impact of Hydromorphological Alterations on Mayfly Assemblages of a Mid-Sized Lowland River in South-Eastern Europe,2022,Insects,,https://www.scopus.com/inward/record.uri?partnerID=HzOxMe3b&scp=85132649517&origin=inward,https://www.scopus.com/inward/citedby.uri?partnerID=HzOxMe3b&scp=85132649517&origin=inward,,2026-04-12 18:32:16,Article,10.3390/insects13050436,,https://api.elsevier.com/content/abstract/scopus_id/85132649517,13,5,,,,3.0,9.0,1,3,,,,85132649517,2-s2.0-85132649517
4,Auychinda C.,"Cincticostella ebura sp. nov., a new species of mayfly (Ephemeroptera, Ephemerellidae) from Thailand",2022,Zookeys,,https://www.scopus.com/inward/record.uri?partnerID=HzOxMe3b&scp=85143976198&origin=inward,https://www.scopus.com/inward/citedby.uri?partnerID=HzOxMe3b&scp=85143976198&origin=inward,,2026-04-12 18:32:16,Article,10.3897/zookeys.1130.91039,13132989,https://api.elsevier.com/content/abstract/scopus_id/85143976198,2022,1130,,,,1.33,4.0,1,3,,,,85143976198,2-s2.0-85143976198
6,Vilenica M.,How Important are Small Lotic Habitats of the Western Balkans for Local Mayflies?,2022,Springer Water,,https://www.scopus.com/inward/record.uri?partnerID=HzOxMe3b&scp=85119701339&origin=inward,https://www.scopus.com/inward/citedby.uri?partnerID=HzOxMe3b&scp=85119701339&origin=inward,,2026-04-12 18:32:16,Book Chapter,10.1007/978-3-030-86478-1_15,23646934,https://api.elsevier.com/content/abstract/scopus_id/85119701339,,,,,,2.0,6.0,1,3,,,,85119701339,2-s2.0-85119701339
10,Li L.,Underwater magnetic field measurement error compensation based on improved mayfly algorithm,2022,Xibei Gongye Daxue Xuebao Journal of Northwestern Polytechnical University,,https://www.scopus.com/inward/record.uri?partnerID=HzOxMe3b&scp=85143891209&origin=inward,https://www.scopus.com/inward/citedby.uri?partnerID=HzOxMe3b&scp=85143891209&origin=inward,,2026-04-12 18:32:16,Article,10.1051/jnwpu/20224051004,10002758,https://api.elsevier.com/content/abstract/scopus_id/85143891209,40,5,,,,3.33,10.0,1,3,,,,85143891209,2-s2.0-85143891209
3,Sroka P.,"Mayfly Ephemera glaucops (Ephemeroptera, Ephemeridae) recorded in the Czech Republic after almost a century",2022,Biodiversity Data Journal,,https://www.scopus.com/inward/record.uri?partnerID=HzOxMe3b&scp=85138059247&origin=inward,https://www.scopus.com/inward/citedby.uri?partnerID=HzOxMe3b&scp=85138059247&origin=inward,,2026-04-12 18:32:16,Article,10.3897/BDJ.10.e90950,,https://api.elsevier.com/content/abstract/scopus_id/85138059247,10,,,,,1.0,3.0,1,3,,,,85138059247,2-s2.0-85138059247
4,Chandra B.R.,A Comprehensive Study on a Meta Heuristics Optimization Algorithm- Hybridized Mayfly Algorithm,2022,2022 6th International Conference on Trends in Electronics and Informatics Icoei 2022 Proceedings,,https://www.scopus.com/inward/record.uri?partnerID=HzOxMe3b&scp=85131916509&origin=inward,https://www.scopus.com/inward/citedby.uri?partnerID=HzOxMe3b&scp=85131916509&origin=inward,,2026-04-12 18:32:16,Conference Paper,10.1109/ICOEI53556.2022.9776774,,https://api.elsevier.com/content/abstract/scopus_id/85131916509,,,,,,1.33,4.0,1,3,,,,85131916509,2-s2.0-85131916509
3,Zhang J.H.,Improved Mayfly Optimization Algorithm with Cooperation,2022,2022 7th International Conference on Computer and Communication Systems Icccs 2022,,https://www.scopus.com/inward/record.uri?partnerID=HzOxMe3b&scp=85136947126&origin=inward,https://www.scopus.com/inward/citedby.uri?partnerID=HzOxMe3b&scp=85136947126&origin=inward,,2026-04-12 18:32:16,Conference Paper,10.1109/ICCCS55155.2022.9846576,,https://api.elsevier.com/content/abstract/scopus_id/85136947126,,,,,,1.0,3.0,1,3,,,,85136947126,2-s2.0-85136947126
9,Okamoto S.,Geographical fine-scaled distributional differentiation caused by niche differentiation in three closely related mayflies,2022,Limnology,,https://www.scopus.com/inward/record.uri?partnerID=HzOxMe3b&scp=85112641947&origin=inward,https://www.scopus.com/inward/citedby.uri?partnerID=HzOxMe3b&scp=85112641947&origin=inward,,2026-04-12 18:32:16,Article,10.1007/s10201-021-00673-z,14398621,https://api.elsevier.com/content/abstract/scopus_id/85112641947,23,1,,,,3.0,9.0,1,3,,,,85112641947,2-s2.0-85112641947
0,Dong Y.,Application of improved mayfly algorithm in image enhancement,2022,Proceedings of SPIE the International Society for Optical Engineering,,https://www.scopus.com/inward/record.uri?partnerID=HzOxMe3b&scp=85141802471&origin=inward,https://www.scopus.com/inward/citedby.uri?partnerID=HzOxMe3b&scp=85141802471&origin=inward,,2026-04-12 18:32:16,Conference Paper,10.1117/12.2648837,0277786X,https://api.elsevier.com/content/abstract/scopus_id/85141802471,12343,,,,,0.0,0.0,1,3,,,,85141802471,2-s2.0-85141802471
5,Clarke R.G.,Methylmercury in caddisflies and mayflies: Influences of water and sediment chemistry,2022,Chemosphere,,https://www.scopus.com/inward/record.uri?partnerID=HzOxMe3b&scp=85112456708&origin=inward,https://www.scopus.com/inward/citedby.uri?partnerID=HzOxMe3b&scp=85112456708&origin=inward,,2026-04-12 18:32:16,Article,10.1016/j.chemosphere.2021.131785,00456535,https://api.elsevier.com/content/abstract/scopus_id/85112456708,286,,,,,1.67,5.0,1,3,,,,85112456708,2-s2.0-85112456708
2,Meecham J.,Is Coloburiscidae (Ephemeroptera) Monophyletic? A Comparison of Datasets,2022,Diversity,,https://www.scopus.com/inward/record.uri?partnerID=HzOxMe3b&scp=85133296920&origin=inward,https://www.scopus.com/inward/citedby.uri?partnerID=HzOxMe3b&scp=85133296920&origin=inward,,2026-04-12 18:32:16,Article,10.3390/d14070505,,https://api.elsevier.com/content/abstract/scopus_id/85133296920,14,7,,,,0.67,2.0,1,3,,,,85133296920,2-s2.0-85133296920
4,Vilenica M.,"MAYFLIES OF THE BEDNJA RIVER, CROATIA",2022,Natura Croatica,,https://www.scopus.com/inward/record.uri?partnerID=HzOxMe3b&scp=85145185254&origin=inward,https://www.scopus.com/inward/citedby.uri?partnerID=HzOxMe3b&scp=85145185254&origin=inward,,2026-04-12 18:32:16,Article,10.20302/NC.2022.31.20,13300520,https://api.elsevier.com/content/abstract/scopus_id/85145185254,31,2,,,,1.33,4.0,1,3,,,,85145185254,2-s2.0-85145185254
6,Hrivniak Ľ.,Diversification in Caucasian Epeorus (Caucasiron) mayflies (Ephemeroptera: Heptageniidae) follows topographic deformation along the Greater Caucasus range,2022,Systematic Entomology,,https://www.scopus.com/inward/record.uri?partnerID=HzOxMe3b&scp=85137775020&origin=inward,https://www.scopus.com/inward/citedby.uri?partnerID=HzOxMe3b&scp=85137775020&origin=inward,,2026-04-12 18:32:16,Article,10.1111/syen.12551,03076970,https://api.elsevier.com/content/abstract/scopus_id/85137775020,47,4,,,,2.0,6.0,1,3,,,,85137775020,2-s2.0-85137775020
8,Egri Á.,Spectral sensitivity transition in the compound eyes of a twilight-swarming mayfly and its visual ecological implications,2022,Proceedings of the Royal Society B Biological Sciences,,https://www.scopus.com/inward/record.uri?partnerID=HzOxMe3b&scp=85128918141&origin=inward,https://www.scopus.com/inward/citedby.uri?partnerID=HzOxMe3b&scp=85128918141&origin=inward,,2026-04-12 18:32:16,Article,10.1098/rspb.2022.0318,09628452,https://api.elsevier.com/content/abstract/scopus_id/85128918141,289,1973,,,,2.67,8.0,1,3,,,,85128918141,2-s2.0-85128918141
0,Zhang H.,Improved mayfly optimization algorithm by adaptive random opposition-based learning,2022,Proceedings of SPIE the International Society for Optical Engineering,,https://www.scopus.com/inward/record.uri?partnerID=HzOxMe3b&scp=85142781969&origin=inward,https://www.scopus.com/inward/citedby.uri?partnerID=HzOxMe3b&scp=85142781969&origin=inward,,2026-04-12 18:32:16,Conference Paper,10.1117/12.2644689,0277786X,https://api.elsevier.com/content/abstract/scopus_id/85142781969,12301,,,,,0.0,0.0,1,3,,,,85142781969,2-s2.0-85142781969
15,Zhou D.,An enhanced Mayfly optimization algorithm based on orthogonal learning and chaotic exploitation strategy,2022,International Journal of Machine Learning and Cybernetics,,https://www.scopus.com/inward/record.uri?partnerID=HzOxMe3b&scp=85135485200&origin=inward,https://www.scopus.com/inward/citedby.uri?partnerID=HzOxMe3b&scp=85135485200&origin=inward,,2026-04-12 18:32:16,Article,10.1007/s13042-022-01617-4,18688071,https://api.elsevier.com/content/abstract/scopus_id/85135485200,13,11,,,,5.0,15.0,1,3,,,,85135485200,2-s2.0-85135485200
3,Zhang Q.,Mayflies as resource pulses in Jurassic lacustrine ecosystems,2022,Geology,,https://www.scopus.com/inward/record.uri?partnerID=HzOxMe3b&scp=85131204260&origin=inward,https://www.scopus.com/inward/citedby.uri?partnerID=HzOxMe3b&scp=85131204260&origin=inward,,2026-04-12 18:32:16,Article,10.1130/G50055.1,00917613,https://api.elsevier.com/content/abstract/scopus_id/85131204260,50,9,,,,1.0,3.0,1,3,,,,85131204260,2-s2.0-85131204260
2,Alfonso-Rojas A.,The first benthic insects (Ephemeroptera and Coleoptera) from the Upper Cretaceous of Colombia,2022,Cretaceous Research,,https://www.scopus.com/inward/record.uri?partnerID=HzOxMe3b&scp=85122452587&origin=inward,https://www.scopus.com/inward/citedby.uri?partnerID=HzOxMe3b&scp=85122452587&origin=inward,,2026-04-12 18:32:16,Article,10.1016/j.cretres.2021.105116,01956671,https://api.elsevier.com/content/abstract/scopus_id/85122452587,132,,,,,0.67,2.0,1,3,,,,85122452587,2-s2.0-85122452587
5,Zhao M.,An improved mayfly algorithm and its application,2022,Aip Advances,,https://www.scopus.com/inward/record.uri?partnerID=HzOxMe3b&scp=85141173347&origin=inward,https://www.scopus.com/inward/citedby.uri?partnerID=HzOxMe3b&scp=85141173347&origin=inward,,2026-04-12 18:32:16,Article,10.1063/5.0108278,,https://api.elsevier.com/content/abstract/scopus_id/85141173347,12,10,,,,1.67,5.0,1,3,,,,85141173347,2-s2.0-85141173347
10,Prasanna S.L.,Heart disease Prediction Using optimal Mayfly Technique with ensemble Models,2022,International Journal of Swarm Intelligence Research,,https://www.scopus.com/inward/record.uri?partnerID=HzOxMe3b&scp=85150817043&origin=inward,https://www.scopus.com/inward/citedby.uri?partnerID=HzOxMe3b&scp=85150817043&origin=inward,,2026-04-12 18:32:16,Article,10.4018/IJSIR.313665,19479263,https://api.elsevier.com/content/abstract/scopus_id/85150817043,13,1,,,,3.33,10.0,1,3,,,,85150817043,2-s2.0-85150817043
0,Kaneko H.,"The fine-scale genetic structure and dispersal ability of the mayfly Ecdyonurus yoshidae Takahashi (Ephemeroptera: Heptageniidae) in the Sagami River system, southern Kanto Region, Japan",2022,Journal of Asia Pacific Entomology,,https://www.scopus.com/inward/record.uri?partnerID=HzOxMe3b&scp=85139353314&origin=inward,https://www.scopus.com/inward/citedby.uri?partnerID=HzOxMe3b&scp=85139353314&origin=inward,,2026-04-12 18:32:16,Article,10.1016/j.aspen.2022.101996,12268615,https://api.elsevier.com/content/abstract/scopus_id/85139353314,25,4,,,,0.0,0.0,1,3,,,,85139353314,2-s2.0-85139353314
11,Freitas Í.N.,"Short-term exposure of the mayfly larvae (Cloeon dipterum, Ephemeroptera: Baetidae) to SARS-CoV-2-derived peptides and other emerging pollutants: A new threat for the aquatic environments",2022,Science of the Total Environment,,https://www.scopus.com/inward/record.uri?partnerID=HzOxMe3b&scp=85135688888&origin=inward,https://www.scopus.com/inward/citedby.uri?partnerID=HzOxMe3b&scp=85135688888&origin=inward,,2026-04-12 18:32:16,Retracted,10.1016/j.scitotenv.2022.157813,00489697,https://api.elsevier.com/content/abstract/scopus_id/85135688888,849,,,,,3.67,11.0,1,3,,,,85135688888,2-s2.0-85135688888
9,Wang Y.,Enhance global search and adaptive mayfly algorithm,2022,Harbin Gongye Daxue Xuebao Journal of Harbin Institute of Technology,,https://www.scopus.com/inward/record.uri?partnerID=HzOxMe3b&scp=85139293666&origin=inward,https://www.scopus.com/inward/citedby.uri?partnerID=HzOxMe3b&scp=85139293666&origin=inward,,2026-04-12 18:32:16,Article,10.11918/202111069,03676234,https://api.elsevier.com/content/abstract/scopus_id/85139293666,54,11,,,,3.0,9.0,1,3,,,,85139293666,2-s2.0-85139293666
47,Lei G.,An Improved Mayfly Optimization Algorithm Based on Median Position and Its Application in the Optimization of PID Parameters of Hydro-Turbine Governor,2022,IEEE Access,,https://www.scopus.com/inward/record.uri?partnerID=HzOxMe3b&scp=85127080636&origin=inward,https://www.scopus.com/inward/citedby.uri?partnerID=HzOxMe3b&scp=85127080636&origin=inward,,2026-04-12 18:32:16,Article,10.1109/ACCESS.2022.3160714,,https://api.elsevier.com/content/abstract/scopus_id/85127080636,10,,,,,15.67,47.0,1,3,,,,85127080636,2-s2.0-85127080636
12,Storari A.P.,"An overview of the Hexagenitidae (Ephemeroptera) from the Crato Formation (Aptian, Lower Cretaceous) of Brazil, with the description of a new species",2022,Historical Biology,,https://www.scopus.com/inward/record.uri?partnerID=HzOxMe3b&scp=85111681500&origin=inward,https://www.scopus.com/inward/citedby.uri?partnerID=HzOxMe3b&scp=85111681500&origin=inward,,2026-04-12 18:32:16,Article,10.1080/08912963.2021.1952196,08912963,https://api.elsevier.com/content/abstract/scopus_id/85111681500,34,5,,,,4.0,12.0,1,3,,,,85111681500,2-s2.0-85111681500
3,Delima C.T.,"Two new species of small minnow mayfly (Ephemeroptera: Baetidae) from a mine-tailing dam disaster area in Minas Gerais, Brazil",2022,Zootaxa,,https://www.scopus.com/inward/record.uri?partnerID=HzOxMe3b&scp=85141788120&origin=inward,https://www.scopus.com/inward/citedby.uri?partnerID=HzOxMe3b&scp=85141788120&origin=inward,,2026-04-12 18:32:16,Article,10.11646/zootaxa.5196.2.7,11755326,https://api.elsevier.com/content/abstract/scopus_id/85141788120,5196,2,,,,1.0,3.0,1,3,,,,85141788120,2-s2.0-85141788120
4,Zhang D.,Resource allocation strategies for improved mayfly algorithm in cognitive heterogeneous cellular network,2022,Tongxin Xuebao Journal on Communications,,https://www.scopus.com/inward/record.uri?partnerID=HzOxMe3b&scp=85169145548&origin=inward,https://www.scopus.com/inward/citedby.uri?partnerID=HzOxMe3b&scp=85169145548&origin=inward,,2026-04-12 18:32:16,Article,10.11959/j.issn.1000-436x.2022115,1000436X,https://api.elsevier.com/content/abstract/scopus_id/85169145548,43,6,,,,1.33,4.0,1,3,,,,85169145548,2-s2.0-85169145548
0,Shi L.,Neighborhood Rough Set Reduction with Improved Mayfly Optimization Algorithm,2022,Lecture Notes in Electrical Engineering,,https://www.scopus.com/inward/record.uri?partnerID=HzOxMe3b&scp=85118181274&origin=inward,https://www.scopus.com/inward/citedby.uri?partnerID=HzOxMe3b&scp=85118181274&origin=inward,,2026-04-12 18:32:16,Conference Paper,10.1007/978-981-16-6372-7_63,18761100,https://api.elsevier.com/content/abstract/scopus_id/85118181274,801 LNEE,,,,,0.0,0.0,1,3,,,,85118181274,2-s2.0-85118181274
19,Zhang T.,Bioinspired Bare Bones Mayfly Algorithm for Large-Scale Spherical Minimum Spanning Tree,2022,Frontiers in Bioengineering and Biotechnology,,https://www.scopus.com/inward/record.uri?partnerID=HzOxMe3b&scp=85127157061&origin=inward,https://www.scopus.com/inward/citedby.uri?partnerID=HzOxMe3b&scp=85127157061&origin=inward,,2026-04-12 18:32:16,Article,10.3389/fbioe.2022.830037,,https://api.elsevier.com/content/abstract/scopus_id/85127157061,10,,,,,6.33,19.0,1,3,,,,85127157061,2-s2.0-85127157061
1,Xie X.,Random mating mayfly algorithm for RFID network planning,2022,Journal of China Universities of Posts and Telecommunications,,https://www.scopus.com/inward/record.uri?partnerID=HzOxMe3b&scp=85141690389&origin=inward,https://www.scopus.com/inward/citedby.uri?partnerID=HzOxMe3b&scp=85141690389&origin=inward,,2026-04-12 18:32:16,Article,10.19682/j.cnki.1005-8885.2022.0010,10058885,https://api.elsevier.com/content/abstract/scopus_id/85141690389,29,5,,,,0.33,1.0,1,3,,,,85141690389,2-s2.0-85141690389
4,Kubendran T.,"Two new species and two new records of the genus Tenuibaetis Kang & Yang, 1994 (Ephemeroptera: Baetidae) from Indian Himalaya",2022,Zootaxa,,https://www.scopus.com/inward/record.uri?partnerID=HzOxMe3b&scp=85142032448&origin=inward,https://www.scopus.com/inward/citedby.uri?partnerID=HzOxMe3b&scp=85142032448&origin=inward,,2026-04-12 18:32:16,Article,10.11646/zootaxa.5196.4.3,11755326,https://api.elsevier.com/content/abstract/scopus_id/85142032448,5196,4,,,,1.33,4.0,1,3,,,,85142032448,2-s2.0-85142032448
0,Zhang Z.,Optimization of BP-PID Control Parameters Based on Improved Mayfly Algorithm,2022,Proceedings of SPIE the International Society for Optical Engineering,,https://www.scopus.com/inward/record.uri?partnerID=HzOxMe3b&scp=85141820444&origin=inward,https://www.scopus.com/inward/citedby.uri?partnerID=HzOxMe3b&scp=85141820444&origin=inward,,2026-04-12 18:32:16,Conference Paper,10.1117/12.2652820,0277786X,https://api.elsevier.com/content/abstract/scopus_id/85141820444,12350,,,,,0.0,0.0,1,3,,,,85141820444,2-s2.0-85141820444
9,Xie X.,Multi-Objective Mayfly Optimization Algorithm Based on Dimensional Swap Variation for RFID Network Planning,2022,IEEE Sensors Journal,,https://www.scopus.com/inward/record.uri?partnerID=HzOxMe3b&scp=85124813948&origin=inward,https://www.scopus.com/inward/citedby.uri?partnerID=HzOxMe3b&scp=85124813948&origin=inward,,2026-04-12 18:32:16,Article,10.1109/JSEN.2022.3151932,1530437X,https://api.elsevier.com/content/abstract/scopus_id/85124813948,22,7,,,,3.0,9.0,1,3,,,,85124813948,2-s2.0-85124813948
29,Kluge N.J.,Taxonomic significance of microlepides on subimaginal tarsi of Ephemeroptera,2022,Zootaxa,,https://www.scopus.com/inward/record.uri?partnerID=HzOxMe3b&scp=85137740703&origin=inward,https://www.scopus.com/inward/citedby.uri?partnerID=HzOxMe3b&scp=85137740703&origin=inward,,2026-04-12 18:32:16,Article,10.11646/zootaxa.5159.2.1,11755326,https://api.elsevier.com/content/abstract/scopus_id/85137740703,5159,2,,,,9.67,29.0,1,3,,,,85137740703,2-s2.0-85137740703
10,Dasgupta S.,HMA-ID mechanism: a hybrid mayfly optimisation based apriori approach for intrusion detection in big data application,2022,Telecommunication Systems,,https://www.scopus.com/inward/record.uri?partnerID=HzOxMe3b&scp=85126003511&origin=inward,https://www.scopus.com/inward/citedby.uri?partnerID=HzOxMe3b&scp=85126003511&origin=inward,,2026-04-12 18:32:16,Article,10.1007/s11235-022-00882-6,10184864,https://api.elsevier.com/content/abstract/scopus_id/85126003511,80,1,,,,3.33,10.0,1,3,,,,85126003511,2-s2.0-85126003511
13,Gallegos-Sánchez S.,Effects of experimental warming on two tropical Andean aquatic insects,2022,Plos One,,https://www.scopus.com/inward/record.uri?partnerID=HzOxMe3b&scp=85135092135&origin=inward,https://www.scopus.com/inward/citedby.uri?partnerID=HzOxMe3b&scp=85135092135&origin=inward,,2026-04-12 18:32:16,Article,10.1371/journal.pone.0271256,,https://api.elsevier.com/content/abstract/scopus_id/85135092135,17,7 July,,,,4.33,13.0,1,3,,,,85135092135,2-s2.0-85135092135
5,Ramesh S.,An Improved Multi Objective Mayfly Algorithm for Solving Optimal Power Flow Problem Considering Different Loading Conditions,2022,Journal of Circuits Systems and Computers,,https://www.scopus.com/inward/record.uri?partnerID=HzOxMe3b&scp=85127909852&origin=inward,https://www.scopus.com/inward/citedby.uri?partnerID=HzOxMe3b&scp=85127909852&origin=inward,,2026-04-12 18:32:16,Article,10.1142/S0218126622501778,02181266,https://api.elsevier.com/content/abstract/scopus_id/85127909852,31,10,,,,1.67,5.0,1,3,,,,85127909852,2-s2.0-85127909852
17,Zhang S.,An Improved Mayfly Method to Solve Distributed Flexible Job Shop Scheduling Problem under Dual Resource Constraints,2022,Sustainability Switzerland,,https://www.scopus.com/inward/record.uri?partnerID=HzOxMe3b&scp=85139955835&origin=inward,https://www.scopus.com/inward/citedby.uri?partnerID=HzOxMe3b&scp=85139955835&origin=inward,,2026-04-12 18:32:16,Article,10.3390/su141912120,,https://api.elsevier.com/content/abstract/scopus_id/85139955835,14,19,,,,5.67,17.0,1,3,,,,85139955835,2-s2.0-85139955835
6,Orr S.E.,Weak differences in sensitivity to major ions by different larval stages of the mayfly Neocloeon triangulifer,2022,Freshwater Science,,https://www.scopus.com/inward/record.uri?partnerID=HzOxMe3b&scp=85125037439&origin=inward,https://www.scopus.com/inward/citedby.uri?partnerID=HzOxMe3b&scp=85125037439&origin=inward,,2026-04-12 18:32:16,Article,10.1086/719359,21619549,https://api.elsevier.com/content/abstract/scopus_id/85125037439,41,2,,,,2.0,6.0,1,3,,,,85125037439,2-s2.0-85125037439
4,Azar A.T.,Rough Sets Hybridization with Mayfly Optimization for Dimensionality Reduction,2022,Computers Materials and Continua,,https://www.scopus.com/inward/record.uri?partnerID=HzOxMe3b&scp=85130170451&origin=inward,https://www.scopus.com/inward/citedby.uri?partnerID=HzOxMe3b&scp=85130170451&origin=inward,,2026-04-12 18:32:16,Article,10.32604/cmc.2022.028184,15462218,https://api.elsevier.com/content/abstract/scopus_id/85130170451,73,1,,,,1.33,4.0,1,3,,,,85130170451,2-s2.0-85130170451
2,Elouard J.M.,"EPHEMEROPTERA, MAYFLIES",2022,New Natural History of Madagascar Volume 1 2,,https://www.scopus.com/inward/record.uri?partnerID=HzOxMe3b&scp=85199075946&origin=inward,https://www.scopus.com/inward/citedby.uri?partnerID=HzOxMe3b&scp=85199075946&origin=inward,,2026-04-12 18:32:16,Book Chapter,,,https://api.elsevier.com/content/abstract/scopus_id/85199075946,1,,,,,0.67,2.0,1,3,,,,85199075946,2-s2.0-85199075946
2,Li L.,Compensation of Optical Pump Magnetometer Using the Improved Mayfly Optimization Algorithm,2022,Journal of Marine Science and Engineering,,https://www.scopus.com/inward/record.uri?partnerID=HzOxMe3b&scp=85144925870&origin=inward,https://www.scopus.com/inward/citedby.uri?partnerID=HzOxMe3b&scp=85144925870&origin=inward,,2026-04-12 18:32:16,Article,10.3390/jmse10121982,,https://api.elsevier.com/content/abstract/scopus_id/85144925870,10,12,,,,0.67,2.0,1,3,,,,85144925870,2-s2.0-85144925870
11,Mukase S.,Multi‐Objective Optimization with Mayfly Algorithm for Periodic Charging in Wireless Rechargeable Sensor Networks,2022,World Electric Vehicle Journal,,https://www.scopus.com/inward/record.uri?partnerID=HzOxMe3b&scp=85133698583&origin=inward,https://www.scopus.com/inward/citedby.uri?partnerID=HzOxMe3b&scp=85133698583&origin=inward,,2026-04-12 18:32:16,Article,10.3390/wevj13070120,20326653,https://api.elsevier.com/content/abstract/scopus_id/85133698583,13,7,,,,3.67,11.0,1,3,,,,85133698583,2-s2.0-85133698583
0,Riedelsheimer M.,Ecology and the Ethical Milieu: A Levinasian Ecological Reading of Joe White’s Mayfly,2022,Critical Stages,,https://www.scopus.com/inward/record.uri?partnerID=HzOxMe3b&scp=85146017429&origin=inward,https://www.scopus.com/inward/citedby.uri?partnerID=HzOxMe3b&scp=85146017429&origin=inward,,2026-04-12 18:32:16,Article,,,https://api.elsevier.com/content/abstract/scopus_id/85146017429,2022,26,,,,0.0,0.0,1,3,,,,85146017429,2-s2.0-85146017429
1,Rackliffe D.R.,Population-level variation in pesticide tolerance predicts survival under field conditions in mayflies,2022,Ecotoxicology,,https://www.scopus.com/inward/record.uri?partnerID=HzOxMe3b&scp=85141633185&origin=inward,https://www.scopus.com/inward/citedby.uri?partnerID=HzOxMe3b&scp=85141633185&origin=inward,,2026-04-12 18:32:16,Article,10.1007/s10646-022-02603-w,09639292,https://api.elsevier.com/content/abstract/scopus_id/85141633185,31,10,,,,0.33,1.0,1,3,,,,85141633185,2-s2.0-85141633185
12,Yi L.,Dynamic Multi-peak MPPT for Photovoltaic Power Generation Under Local Shadows Based on Improved Mayfly Optimization,2022,Journal of Electrical Engineering and Technology,,https://www.scopus.com/inward/record.uri?partnerID=HzOxMe3b&scp=85111904133&origin=inward,https://www.scopus.com/inward/citedby.uri?partnerID=HzOxMe3b&scp=85111904133&origin=inward,,2026-04-12 18:32:16,Article,10.1007/s42835-021-00855-w,19750102,https://api.elsevier.com/content/abstract/scopus_id/85111904133,17,1,,,,4.0,12.0,1,3,,,,85111904133,2-s2.0-85111904133
4,Zhang H.,Improved mayfly algorithm based on hybrid mutation,2022,Electronics Letters,,https://www.scopus.com/inward/record.uri?partnerID=HzOxMe3b&scp=85133401700&origin=inward,https://www.scopus.com/inward/citedby.uri?partnerID=HzOxMe3b&scp=85133401700&origin=inward,,2026-04-12 18:32:16,Article,10.1049/ell2.12568,00135194,https://api.elsevier.com/content/abstract/scopus_id/85133401700,58,18,,,,1.33,4.0,1,3,,,,85133401700,2-s2.0-85133401700
25,Patil R.,A modified mayfly-SVM approach for early detection of type 2 diabetes mellitus,2022,International Journal of Electrical and Computer Engineering,,https://www.scopus.com/inward/record.uri?partnerID=HzOxMe3b&scp=85117085566&origin=inward,https://www.scopus.com/inward/citedby.uri?partnerID=HzOxMe3b&scp=85117085566&origin=inward,,2026-04-12 18:32:16,Article,10.11591/ijece.v12i1.pp524-533,20888708,https://api.elsevier.com/content/abstract/scopus_id/85117085566,12,1,,,,8.33,25.0,1,3,,,,85117085566,2-s2.0-85117085566
27,Zhang J.,Mayfly Sparrow Search Hybrid Algorithm for RFID Network Planning,2022,IEEE Sensors Journal,,https://www.scopus.com/inward/record.uri?partnerID=HzOxMe3b&scp=85135205752&origin=inward,https://www.scopus.com/inward/citedby.uri?partnerID=HzOxMe3b&scp=85135205752&origin=inward,,2026-04-12 18:32:16,Article,10.1109/JSEN.2022.3190469,1530437X,https://api.elsevier.com/content/abstract/scopus_id/85135205752,22,16,,,,9.0,27.0,1,3,,,,85135205752,2-s2.0-85135205752
7,Wang J.Q.,Prediction of Pork Supply Based on Improved Mayfly Optimization Algorithm and BP Neural Network,2022,Sustainability Switzerland,,https://www.scopus.com/inward/record.uri?partnerID=HzOxMe3b&scp=85144886962&origin=inward,https://www.scopus.com/inward/citedby.uri?partnerID=HzOxMe3b&scp=85144886962&origin=inward,,2026-04-12 18:32:16,Article,10.3390/su142416559,,https://api.elsevier.com/content/abstract/scopus_id/85144886962,14,24,,,,2.33,7.0,1,3,,,,85144886962,2-s2.0-85144886962
47,Natesan G.,A Hybrid Mayfly-Aquila Optimization Algorithm Based Energy-Efficient Clustering Routing Protocol for Wireless Sensor Networks,2022,Sensors,,https://www.scopus.com/inward/record.uri?partnerID=HzOxMe3b&scp=85137557652&origin=inward,https://www.scopus.com/inward/citedby.uri?partnerID=HzOxMe3b&scp=85137557652&origin=inward,,2026-04-12 18:32:16,Article,10.3390/s22176405,14248220,https://api.elsevier.com/content/abstract/scopus_id/85137557652,22,17,,,,15.67,47.0,1,3,,,,85137557652,2-s2.0-85137557652
66,Mo S.,An improved MPPT method for photovoltaic systems based on mayfly optimization algorithm,2022,Energy Reports,,https://www.scopus.com/inward/record.uri?partnerID=HzOxMe3b&scp=85125195872&origin=inward,https://www.scopus.com/inward/citedby.uri?partnerID=HzOxMe3b&scp=85125195872&origin=inward,,2026-04-12 18:32:16,Article,10.1016/j.egyr.2022.02.160,,https://api.elsevier.com/content/abstract/scopus_id/85125195872,8,,,,,22.0,66.0,1,3,,,,85125195872,2-s2.0-85125195872
0,Liu Z.,Inverse kinematic solution method for a 6-DOF manipulator based on mayfly algorithm,2022,2022 12th International Conference on Cyber Technology in Automation Control and Intelligent Systems Cyber 2022,,https://www.scopus.com/inward/record.uri?partnerID=HzOxMe3b&scp=85141211448&origin=inward,https://www.scopus.com/inward/citedby.uri?partnerID=HzOxMe3b&scp=85141211448&origin=inward,,2026-04-12 18:32:16,Conference Paper,10.1109/CYBER55403.2022.9907345,,https://api.elsevier.com/content/abstract/scopus_id/85141211448,,,,,,0.0,0.0,1,3,,,,85141211448,2-s2.0-85141211448
7,Cochran J.K.,The acclimatory response of the mayfly Neocloeon triangulifer to dilute conditions is linked to the plasticity of sodium transport,2022,Proceedings of the Royal Society B Biological Sciences,,https://www.scopus.com/inward/record.uri?partnerID=HzOxMe3b&scp=85135123029&origin=inward,https://www.scopus.com/inward/citedby.uri?partnerID=HzOxMe3b&scp=85135123029&origin=inward,,2026-04-12 18:32:16,Article,10.1098/rspb.2022.0529,09628452,https://api.elsevier.com/content/abstract/scopus_id/85135123029,289,1979,,,,2.33,7.0,1,3,,,,85135123029,2-s2.0-85135123029
4,Cochran J.K.,"Assessing the Pcrit in relation to temperature and the expression of hypoxia associated genes in the mayfly, Neocloeon triangulifer",2022,Science of the Total Environment,,https://www.scopus.com/inward/record.uri?partnerID=HzOxMe3b&scp=85120657476&origin=inward,https://www.scopus.com/inward/citedby.uri?partnerID=HzOxMe3b&scp=85120657476&origin=inward,,2026-04-12 18:32:16,Article,10.1016/j.scitotenv.2021.151743,00489697,https://api.elsevier.com/content/abstract/scopus_id/85120657476,808,,,,,1.33,4.0,1,3,,,,85120657476,2-s2.0-85120657476
32,Vijayakumar K.,Automatic detection of breast cancer in ultrasound images using Mayfly algorithm optimized handcrafted features,2022,Journal of X Ray Science and Technology,,https://www.scopus.com/inward/record.uri?partnerID=HzOxMe3b&scp=85136844313&origin=inward,https://www.scopus.com/inward/citedby.uri?partnerID=HzOxMe3b&scp=85136844313&origin=inward,,2026-04-12 18:32:16,Article,10.3233/XST-221136,08953996,https://api.elsevier.com/content/abstract/scopus_id/85136844313,30,4,,,,10.67,32.0,1,3,,,,85136844313,2-s2.0-85136844313
8,Yanai Z.,"Two new species of Alainites (Ephemeroptera, Baetidae) from the Mediterranean biodiversity hotspot",2022,Zookeys,,https://www.scopus.com/inward/record.uri?partnerID=HzOxMe3b&scp=85138083578&origin=inward,https://www.scopus.com/inward/citedby.uri?partnerID=HzOxMe3b&scp=85138083578&origin=inward,,2026-04-12 18:32:16,Article,10.3897/zookeys.1118.84643,13132989,https://api.elsevier.com/content/abstract/scopus_id/85138083578,2022,1118,,,,2.67,8.0,1,3,,,,85138083578,2-s2.0-85138083578
78,Wang X.,Modified Mayfly Algorithm for UAV Path Planning,2022,Drones,,https://www.scopus.com/inward/record.uri?partnerID=HzOxMe3b&scp=85131602323&origin=inward,https://www.scopus.com/inward/citedby.uri?partnerID=HzOxMe3b&scp=85131602323&origin=inward,,2026-04-12 18:32:16,Article,10.3390/drones6050134,,https://api.elsevier.com/content/abstract/scopus_id/85131602323,6,5,,,,26.0,78.0,1,3,,,,85131602323,2-s2.0-85131602323
6,Liu X.,Economic Optimal Scheduling of Wind–Photovoltaic-Storage with Electric Vehicle Microgrid Based on Quantum Mayfly Algorithm,2022,Applied Sciences Switzerland,,https://www.scopus.com/inward/record.uri?partnerID=HzOxMe3b&scp=85137805704&origin=inward,https://www.scopus.com/inward/citedby.uri?partnerID=HzOxMe3b&scp=85137805704&origin=inward,,2026-04-12 18:32:16,Article,10.3390/app12178778,,https://api.elsevier.com/content/abstract/scopus_id/85137805704,12,17,,,,2.0,6.0,1,3,,,,85137805704,2-s2.0-85137805704
6,Dambri B.M.,"Ecdyonurus aurasius sp. nov. (Insecta, Ephemeroptera, Heptageniidae, Ecdyonurinae), a new micro-endemic mayfly species from Aurès Mountains (north-eastern Algeria)",2022,Zookeys,,https://www.scopus.com/inward/record.uri?partnerID=HzOxMe3b&scp=85139085780&origin=inward,https://www.scopus.com/inward/citedby.uri?partnerID=HzOxMe3b&scp=85139085780&origin=inward,,2026-04-12 18:32:16,Article,10.3897/ZOOKEYS.1121.89613,13132989,https://api.elsevier.com/content/abstract/scopus_id/85139085780,2022,1121,,,,2.0,6.0,1,3,,,,85139085780,2-s2.0-85139085780
2,Muthukatturaja M.,"Description of four new mayfly species of Indialis Peters & Edmunds, 1970 (Ephemeroptera: Leptophlebiidae) from Peninsular India",2022,Journal of Asia Pacific Entomology,,https://www.scopus.com/inward/record.uri?partnerID=HzOxMe3b&scp=85120603919&origin=inward,https://www.scopus.com/inward/citedby.uri?partnerID=HzOxMe3b&scp=85120603919&origin=inward,,2026-04-12 18:32:16,Article,10.1016/j.aspen.2021.101850,12268615,https://api.elsevier.com/content/abstract/scopus_id/85120603919,25,1,,,,0.67,2.0,1,3,,,,85120603919,2-s2.0-85120603919
10,Let M.,"Effects of Trace Metals and Municipal Wastewater on the Ephemeroptera, Plecoptera, and Trichoptera of a Stream Community",2022,Biology,,https://www.scopus.com/inward/record.uri?partnerID=HzOxMe3b&scp=85129623741&origin=inward,https://www.scopus.com/inward/citedby.uri?partnerID=HzOxMe3b&scp=85129623741&origin=inward,,2026-04-12 18:32:16,Article,10.3390/biology11050648,,https://api.elsevier.com/content/abstract/scopus_id/85129623741,11,5,,,,3.33,10.0,1,3,,,,85129623741,2-s2.0-85129623741
5,Vijaya Bhaskar K.,An improved mayfly algorithm based optimal power flow solution for regulated electric power network,2022,International Journal of Advanced Technology and Engineering Exploration,,https://www.scopus.com/inward/record.uri?partnerID=HzOxMe3b&scp=85135187389&origin=inward,https://www.scopus.com/inward/citedby.uri?partnerID=HzOxMe3b&scp=85135187389&origin=inward,,2026-04-12 18:32:16,Article,10.19101/IJATEE.2021.874998,23945443,https://api.elsevier.com/content/abstract/scopus_id/85135187389,9,92,,,,1.67,5.0,1,3,,,,85135187389,2-s2.0-85135187389
3,Okamoto S.,Seasonal modifications of longitudinal distribution patterns within a stream: Interspecific interactions in the niche overlap zones of two Ephemera mayflies,2022,Ecology and Evolution,,https://www.scopus.com/inward/record.uri?partnerID=HzOxMe3b&scp=85128857577&origin=inward,https://www.scopus.com/inward/citedby.uri?partnerID=HzOxMe3b&scp=85128857577&origin=inward,,2026-04-12 18:32:16,Article,10.1002/ece3.8766,,https://api.elsevier.com/content/abstract/scopus_id/85128857577,12,4,,,,1.0,3.0,1,3,,,,85128857577,2-s2.0-85128857577
3,Zhao J.,Three-dimensional Path Planning for Unmanned Aerial Vehicle (UAV) Based on Improved Mayfly Algorithm,2022,Proceedings of 2022 IEEE International Conference on Unmanned Systems Icus 2022,,https://www.scopus.com/inward/record.uri?partnerID=HzOxMe3b&scp=85146488827&origin=inward,https://www.scopus.com/inward/citedby.uri?partnerID=HzOxMe3b&scp=85146488827&origin=inward,,2026-04-12 18:32:16,Conference Paper,10.1109/ICUS55513.2022.9986888,,https://api.elsevier.com/content/abstract/scopus_id/85146488827,,,,,,1.0,3.0,1,3,,,,85146488827,2-s2.0-85146488827
5,Eid A.A.,Optimize Gain Values of PI-Controller for Active Power Filter Using Mayfly Algorithm,2022,International Journal of Renewable Energy Research,,https://www.scopus.com/inward/record.uri?partnerID=HzOxMe3b&scp=85144815641&origin=inward,https://www.scopus.com/inward/citedby.uri?partnerID=HzOxMe3b&scp=85144815641&origin=inward,,2026-04-12 18:32:16,Article,10.20508/ijrer.v12i4.13413.g8597,,https://api.elsevier.com/content/abstract/scopus_id/85144815641,12,4,,,,1.67,5.0,1,3,,,,85144815641,2-s2.0-85144815641
0,Cheng F.,Improved Mayfly Algorithm Based on Chaos Mapping and Attenuation Factor,2022,Proceedings 2022 International Conference on Intelligent Manufacturing and Industrial Big Data Icimibd 2022,,https://www.scopus.com/inward/record.uri?partnerID=HzOxMe3b&scp=85178254926&origin=inward,https://www.scopus.com/inward/citedby.uri?partnerID=HzOxMe3b&scp=85178254926&origin=inward,,2026-04-12 18:32:16,Conference Paper,10.1109/ICIMIBD58123.2022.00030,,https://api.elsevier.com/content/abstract/scopus_id/85178254926,,,,,,0.0,0.0,1,3,,,,85178254926,2-s2.0-85178254926
1,Moazzen M.,"Molecular and morphological diversity of Baetis braaschi Zimmermann, 1980 (Ephemeroptera: Baetideae); with notes on species’ description",2022,Iranian Journal of Animal Biosystematics,,https://www.scopus.com/inward/record.uri?partnerID=HzOxMe3b&scp=85167435538&origin=inward,https://www.scopus.com/inward/citedby.uri?partnerID=HzOxMe3b&scp=85167435538&origin=inward,,2026-04-12 18:32:16,Article,10.22067/ijab.2022.70618.1018,1735434X,https://api.elsevier.com/content/abstract/scopus_id/85167435538,18,1,,,,0.33,1.0,1,3,,,,85167435538,2-s2.0-85167435538
68,Adnan R.M.,The potential of a novel support vector machine trained with modified mayfly optimization algorithm for streamflow prediction,2022,Hydrological Sciences Journal,,https://www.scopus.com/inward/record.uri?partnerID=HzOxMe3b&scp=85123408754&origin=inward,https://www.scopus.com/inward/citedby.uri?partnerID=HzOxMe3b&scp=85123408754&origin=inward,,2026-04-12 18:32:16,Article,10.1080/02626667.2021.2012182,02626667,https://api.elsevier.com/content/abstract/scopus_id/85123408754,67,2,,,,22.67,68.0,1,3,,,,85123408754,2-s2.0-85123408754
17,Kesti P.,Lake browning impacts community structure and essential fatty acid content of littoral invertebrates in boreal lakes,2022,Hydrobiologia,,https://www.scopus.com/inward/record.uri?partnerID=HzOxMe3b&scp=85119892617&origin=inward,https://www.scopus.com/inward/citedby.uri?partnerID=HzOxMe3b&scp=85119892617&origin=inward,,2026-04-12 18:32:16,Article,10.1007/s10750-021-04760-1,00188158,https://api.elsevier.com/content/abstract/scopus_id/85119892617,849,4,,,,5.67,17.0,1,3,,,,85119892617,2-s2.0-85119892617
6,Cruz P.V.,Two new species and new records of Campsurus Eaton (Ephemeroptera: Polymitarcyidae) in Amazon,2022,Zootaxa,,https://www.scopus.com/inward/record.uri?partnerID=HzOxMe3b&scp=85134439999&origin=inward,https://www.scopus.com/inward/citedby.uri?partnerID=HzOxMe3b&scp=85134439999&origin=inward,,2026-04-12 18:32:16,Article,10.11646/zootaxa.5100.3.7,11755326,https://api.elsevier.com/content/abstract/scopus_id/85134439999,5100,3,,,,2.0,6.0,1,3,,,,85134439999,2-s2.0-85134439999
32,Gupta I.K.,Mayfly optimization with deep learning enabled retinal fundus image classification model,2022,Computers and Electrical Engineering,,https://www.scopus.com/inward/record.uri?partnerID=HzOxMe3b&scp=85132878059&origin=inward,https://www.scopus.com/inward/citedby.uri?partnerID=HzOxMe3b&scp=85132878059&origin=inward,,2026-04-12 18:32:16,Article,10.1016/j.compeleceng.2022.108176,00457906,https://api.elsevier.com/content/abstract/scopus_id/85132878059,102,,,,,10.67,32.0,1,3,,,,85132878059,2-s2.0-85132878059
4,Rackliffe D.R.,Exposure to clothianidin and predators increases mortality for heptageniidae,2022,Aquatic Toxicology,,https://www.scopus.com/inward/record.uri?partnerID=HzOxMe3b&scp=85127212172&origin=inward,https://www.scopus.com/inward/citedby.uri?partnerID=HzOxMe3b&scp=85127212172&origin=inward,,2026-04-12 18:32:16,Article,10.1016/j.aquatox.2022.106146,0166445X,https://api.elsevier.com/content/abstract/scopus_id/85127212172,246,,,,,1.33,4.0,1,3,,,,85127212172,2-s2.0-85127212172
5,Muthukumar T.,Mayfly Algorithm-Based PID Controller for LFC of Multi-sources Single Area Power System,2022,Studies in Computational Intelligence,,https://www.scopus.com/inward/record.uri?partnerID=HzOxMe3b&scp=85127836176&origin=inward,https://www.scopus.com/inward/citedby.uri?partnerID=HzOxMe3b&scp=85127836176&origin=inward,,2026-04-12 18:32:16,Book Chapter,10.1007/978-981-19-0489-9_5,1860949X,https://api.elsevier.com/content/abstract/scopus_id/85127836176,1029,,,,,1.67,5.0,1,3,,,,85127836176,2-s2.0-85127836176
18,Shao R.,Optimal Reconfiguration Method for Photovoltaic Arrays Based on Improved Mayfly Algorithm,2022,Dianli Xitong Zidonghua Automation of Electric Power Systems,,https://www.scopus.com/inward/record.uri?partnerID=HzOxMe3b&scp=85131199996&origin=inward,https://www.scopus.com/inward/citedby.uri?partnerID=HzOxMe3b&scp=85131199996&origin=inward,,2026-04-12 18:32:16,Article,10.7500/AEPS20210821003,10001026,https://api.elsevier.com/content/abstract/scopus_id/85131199996,46,11,,,,6.0,18.0,1,3,,,,85131199996,2-s2.0-85131199996
2,Majumdar K.,MULTI-OBJECTIVE CHAOTIC MAYFLY OPTIMIZATION FOR SOLAR-WIND-HYDROTHERMAL SCHEDULING BASED ON ATC PROBLEM,2022,International Journal of Power and Energy Systems,,https://www.scopus.com/inward/record.uri?partnerID=HzOxMe3b&scp=85124697803&origin=inward,https://www.scopus.com/inward/citedby.uri?partnerID=HzOxMe3b&scp=85124697803&origin=inward,,2026-04-12 18:32:16,Article,10.2316/J.2022.203-0382,10783466,https://api.elsevier.com/content/abstract/scopus_id/85124697803,42,10,,,,0.67,2.0,1,3,,,,85124697803,2-s2.0-85124697803
3,Li W.J.,"Systematics of Potamanthodes nanchangi Hsu, 1936 (Ephemeroptera: Potamanthidae)",2022,Zootaxa,,https://www.scopus.com/inward/record.uri?partnerID=HzOxMe3b&scp=85143123511&origin=inward,https://www.scopus.com/inward/citedby.uri?partnerID=HzOxMe3b&scp=85143123511&origin=inward,,2026-04-12 18:32:16,Article,10.11646/zootaxa.5213.2.3,11755326,https://api.elsevier.com/content/abstract/scopus_id/85143123511,5213,2,,,,1.0,3.0,1,3,,,,85143123511,2-s2.0-85143123511
1,Muthukatturaja M.,"A new mayfly species of Choroterpes (Choroterpes) Eaton, 1881 (Ephemeroptera: Leptophlebiidae) from southern Western Ghats, India",2022,Zootaxa,,https://www.scopus.com/inward/record.uri?partnerID=HzOxMe3b&scp=85137808067&origin=inward,https://www.scopus.com/inward/citedby.uri?partnerID=HzOxMe3b&scp=85137808067&origin=inward,,2026-04-12 18:32:16,Article,10.11646/zootaxa.5128.1.9,11755326,https://api.elsevier.com/content/abstract/scopus_id/85137808067,5128,1,,,,0.33,1.0,1,3,,,,85137808067,2-s2.0-85137808067
31,Lim M.K.,Prediction of cold chain logistics temperature using a novel hybrid model based on the mayfly algorithm and extreme learning machine,2022,Industrial Management and Data Systems,,https://www.scopus.com/inward/record.uri?partnerID=HzOxMe3b&scp=85126056046&origin=inward,https://www.scopus.com/inward/citedby.uri?partnerID=HzOxMe3b&scp=85126056046&origin=inward,,2026-04-12 18:32:16,Article,10.1108/IMDS-10-2021-0607,02635577,https://api.elsevier.com/content/abstract/scopus_id/85126056046,122,3,,,,10.33,31.0,1,3,,,,85126056046,2-s2.0-85126056046
6,Moulding B.J.G.,Assessing the Relative Toxicity of Different Road Salts and Effect of Temperature on Salinity Toxicity: LCx Values versus No-Effect Concentration (NEC) Values,2022,Archives of Environmental Contamination and Toxicology,,https://www.scopus.com/inward/record.uri?partnerID=HzOxMe3b&scp=85123834572&origin=inward,https://www.scopus.com/inward/citedby.uri?partnerID=HzOxMe3b&scp=85123834572&origin=inward,,2026-04-12 18:32:16,Article,10.1007/s00244-021-00908-1,00904341,https://api.elsevier.com/content/abstract/scopus_id/85123834572,82,2,,,,2.0,6.0,1,3,,,,85123834572,2-s2.0-85123834572
4,Chen N.,Mayfly Optimization Algorithm–Based PV Cell Triple-Diode Model Parameter Identification,2022,Frontiers in Energy Research,,https://www.scopus.com/inward/record.uri?partnerID=HzOxMe3b&scp=85132370207&origin=inward,https://www.scopus.com/inward/citedby.uri?partnerID=HzOxMe3b&scp=85132370207&origin=inward,,2026-04-12 18:32:16,Article,10.3389/fenrg.2022.883856,,https://api.elsevier.com/content/abstract/scopus_id/85132370207,10,,,,,1.33,4.0,1,3,,,,85132370207,2-s2.0-85132370207
5,Matlani P.,Efficient abnormal event detection in video using deep attention based bidirectional lstm with a mayfly optimization,2022,Multimedia Tools and Applications,,https://www.scopus.com/inward/record.uri?partnerID=HzOxMe3b&scp=85135796309&origin=inward,https://www.scopus.com/inward/citedby.uri?partnerID=HzOxMe3b&scp=85135796309&origin=inward,,2026-04-12 18:32:16,Article,10.1007/s11042-022-13494-8,13807501,https://api.elsevier.com/content/abstract/scopus_id/85135796309,81,29,,,,1.67,5.0,1,3,,,,85135796309,2-s2.0-85135796309
7,Durairaj S.,Task scheduling to a virtual machine using a multi-objective mayfly approach for a cloud environment,2022,Concurrency and Computation Practice and Experience,,https://www.scopus.com/inward/record.uri?partnerID=HzOxMe3b&scp=85135136588&origin=inward,https://www.scopus.com/inward/citedby.uri?partnerID=HzOxMe3b&scp=85135136588&origin=inward,,2026-04-12 18:32:16,Article,10.1002/cpe.7236,15320626,https://api.elsevier.com/content/abstract/scopus_id/85135136588,34,24,,,,2.33,7.0,1,3,,,,85135136588,2-s2.0-85135136588
13,Liu C.,Multi-Objective Mayfly Optimization-Based Frequency Regulation for Power Grid With Wind Energy Penetration,2022,Frontiers in Energy Research,,https://www.scopus.com/inward/record.uri?partnerID=HzOxMe3b&scp=85125388476&origin=inward,https://www.scopus.com/inward/citedby.uri?partnerID=HzOxMe3b&scp=85125388476&origin=inward,,2026-04-12 18:32:16,Article,10.3389/fenrg.2022.848966,,https://api.elsevier.com/content/abstract/scopus_id/85125388476,10,,,,,4.33,13.0,1,3,,,,85125388476,2-s2.0-85125388476
117,Nagarajan K.,Combined Economic Emission Dispatch of Microgrid with the Incorporation of Renewable Energy Sources Using Improved Mayfly Optimization Algorithm,2022,Computational Intelligence and Neuroscience,,https://www.scopus.com/inward/record.uri?partnerID=HzOxMe3b&scp=85128957866&origin=inward,https://www.scopus.com/inward/citedby.uri?partnerID=HzOxMe3b&scp=85128957866&origin=inward,,2026-04-12 18:32:16,Article,10.1155/2022/6461690,16875265,https://api.elsevier.com/content/abstract/scopus_id/85128957866,2022,,,,,39.0,117.0,1,3,,,,85128957866,2-s2.0-85128957866
2,Nanjappa V.,"Influence of calcium on the toxicity of saline solutions to the mayfly, Austrophlebioides sp. AV11",2022,Marine and Freshwater Research,,https://www.scopus.com/inward/record.uri?partnerID=HzOxMe3b&scp=105001208183&origin=inward,https://www.scopus.com/inward/citedby.uri?partnerID=HzOxMe3b&scp=105001208183&origin=inward,,2026-04-12 18:32:16,Article,10.1071/MF22001,13231650,https://api.elsevier.com/content/abstract/scopus_id/105001208183,73,12,,,,0.67,2.0,1,3,,,,105001208183,2-s2.0-105001208183
2,Gong D.,The Real Characters of Heptagenia ngi Hsu (1936) from China Representing a New Genus (Ephemeroptera: Heptageniidae) †,2022,Diversity,,https://www.scopus.com/inward/record.uri?partnerID=HzOxMe3b&scp=85144675606&origin=inward,https://www.scopus.com/inward/citedby.uri?partnerID=HzOxMe3b&scp=85144675606&origin=inward,,2026-04-12 18:32:16,Article,10.3390/d14121027,,https://api.elsevier.com/content/abstract/scopus_id/85144675606,14,12,,,,0.67,2.0,1,3,,,,85144675606,2-s2.0-85144675606
4,Gayathri T.,A Prediction of breast cancer based on Mayfly Optimized CNN,2022,Proceedings 2022 International Conference on Computing Communication and Power Technology Ic3p 2022,,https://www.scopus.com/inward/record.uri?partnerID=HzOxMe3b&scp=85133454846&origin=inward,https://www.scopus.com/inward/citedby.uri?partnerID=HzOxMe3b&scp=85133454846&origin=inward,,2026-04-12 18:32:16,Conference Paper,10.1109/IC3P52835.2022.00044,,https://api.elsevier.com/content/abstract/scopus_id/85133454846,,,,,,1.33,4.0,1,3,,,,85133454846,2-s2.0-85133454846
9,Slimani N.,Using biodiversity indicators to identify priority areas for freshwater conservation in the African “Mediterranean Basin” biodiversity hotspot,2022,Biological Conservation,,https://www.scopus.com/inward/record.uri?partnerID=HzOxMe3b&scp=85141334839&origin=inward,https://www.scopus.com/inward/citedby.uri?partnerID=HzOxMe3b&scp=85141334839&origin=inward,,2026-04-12 18:32:16,Article,10.1016/j.biocon.2022.109783,00063207,https://api.elsevier.com/content/abstract/scopus_id/85141334839,276,,,,,3.0,9.0,1,3,,,,85141334839,2-s2.0-85141334839
27,An D.,Optimal location and sizing of battery energy storage systems in a distribution network based on a modified multi-objective mayfly algorithm,2022,Dianli Xitong Baohu Yu Kongzhi Power System Protection and Control,,https://www.scopus.com/inward/record.uri?partnerID=HzOxMe3b&scp=85142159772&origin=inward,https://www.scopus.com/inward/citedby.uri?partnerID=HzOxMe3b&scp=85142159772&origin=inward,,2026-04-12 18:32:16,Article,10.19783/j.cnki.pspc.211224,16743415,https://api.elsevier.com/content/abstract/scopus_id/85142159772,50,10,,,,9.0,27.0,1,3,,,,85142159772,2-s2.0-85142159772
0,Shao X.,Synthesis of frequency diverse array with large null depths via a hybrid optimisation approach of mayfly algorithm and convex programing,2022,Iet Signal Processing,,https://www.scopus.com/inward/record.uri?partnerID=HzOxMe3b&scp=85135923283&origin=inward,https://www.scopus.com/inward/citedby.uri?partnerID=HzOxMe3b&scp=85135923283&origin=inward,,2026-04-12 18:32:16,Article,10.1049/sil2.12154,17519675,https://api.elsevier.com/content/abstract/scopus_id/85135923283,16,9,,,,0.0,0.0,1,3,,,,85135923283,2-s2.0-85135923283
19,Tamilmani G.,Cancer MiRNA biomarker classification based on Improved Generative Adversarial Network optimized with Mayfly Optimization Algorithm,2022,Biomedical Signal Processing and Control,,https://www.scopus.com/inward/record.uri?partnerID=HzOxMe3b&scp=85124693267&origin=inward,https://www.scopus.com/inward/citedby.uri?partnerID=HzOxMe3b&scp=85124693267&origin=inward,,2026-04-12 18:32:16,Article,10.1016/j.bspc.2022.103545,17468094,https://api.elsevier.com/content/abstract/scopus_id/85124693267,75,,,,,6.33,19.0,1,3,,,,85124693267,2-s2.0-85124693267
8,Subramani P.,Sustainable Energy Management and Control for Variable Load Conditions Using Improved Mayfly Optimization,2022,Sustainability Switzerland,,https://www.scopus.com/inward/record.uri?partnerID=HzOxMe3b&scp=85131582310&origin=inward,https://www.scopus.com/inward/citedby.uri?partnerID=HzOxMe3b&scp=85131582310&origin=inward,,2026-04-12 18:32:16,Article,10.3390/su14116478,,https://api.elsevier.com/content/abstract/scopus_id/85131582310,14,11,,,,2.67,8.0,1,3,,,,85131582310,2-s2.0-85131582310
10,Keck F.,"A triad of kicknet sampling, eDNA metabarcoding, and predictive modeling to assess richness of mayflies, stoneflies and caddisflies in rivers",2022,Metabarcoding and Metagenomics,,https://www.scopus.com/inward/record.uri?partnerID=HzOxMe3b&scp=85130726460&origin=inward,https://www.scopus.com/inward/citedby.uri?partnerID=HzOxMe3b&scp=85130726460&origin=inward,,2026-04-12 18:32:16,Article,10.3897/mbmg.6.79351,,https://api.elsevier.com/content/abstract/scopus_id/85130726460,6,,,,,3.33,10.0,1,3,,,,85130726460,2-s2.0-85130726460
45,Li L.L.,A hybrid dynamic economic environmental dispatch model for balancing operating costs and pollutant emissions in renewable energy: A novel improved mayfly algorithm,2022,Expert Systems with Applications,,https://www.scopus.com/inward/record.uri?partnerID=HzOxMe3b&scp=85130892765&origin=inward,https://www.scopus.com/inward/citedby.uri?partnerID=HzOxMe3b&scp=85130892765&origin=inward,,2026-04-12 18:32:16,Article,10.1016/j.eswa.2022.117411,09574174,https://api.elsevier.com/content/abstract/scopus_id/85130892765,203,,,,,15.0,45.0,1,3,,,,85130892765,2-s2.0-85130892765
5,Martynov A.V.,"A remarkable finding of Centroptilum Eaton, 1869 (Ephemeroptera: Baetidae) in Georgia, Turkey and Iran: one new species evidenced by morphology and DNA",2022,European Zoological Journal,,https://www.scopus.com/inward/record.uri?partnerID=HzOxMe3b&scp=85134628914&origin=inward,https://www.scopus.com/inward/citedby.uri?partnerID=HzOxMe3b&scp=85134628914&origin=inward,,2026-04-12 18:32:16,Article,10.1080/24750263.2022.2090625,,https://api.elsevier.com/content/abstract/scopus_id/85134628914,89,1,,,,1.67,5.0,1,3,,,,85134628914,2-s2.0-85134628914
2,Djalal M.R.,Dual Input Power System Stabilizer in Sulselrabar System Based on Mayfly Optimization Algorithm,2022,Proceedings Ismode 2022 2nd International Seminar on Machine Learning Optimization and Data Science,,https://www.scopus.com/inward/record.uri?partnerID=HzOxMe3b&scp=85167460713&origin=inward,https://www.scopus.com/inward/citedby.uri?partnerID=HzOxMe3b&scp=85167460713&origin=inward,,2026-04-12 18:32:16,Conference Paper,10.1109/ISMODE56940.2022.10181005,,https://api.elsevier.com/content/abstract/scopus_id/85167460713,,,,,,0.67,2.0,1,3,,,,85167460713,2-s2.0-85167460713
3,Šupina J.,Environmental stressors alter multiple determinants of individual reproductive output in the acid-tolerant mayfly Leptophlebia vespertina,2022,Ecological Entomology,,https://www.scopus.com/inward/record.uri?partnerID=HzOxMe3b&scp=85124513247&origin=inward,https://www.scopus.com/inward/citedby.uri?partnerID=HzOxMe3b&scp=85124513247&origin=inward,,2026-04-12 18:32:16,Article,10.1111/een.13133,03076946,https://api.elsevier.com/content/abstract/scopus_id/85124513247,47,3,,,,1.0,3.0,1,3,,,,85124513247,2-s2.0-85124513247
21,Giridhar M.S.,Mayfly Algorithm for Optimal Integration of Hybrid Photovoltaic / Battery Energy Storage / D-STATCOM System for Islanding Operation,2022,International Journal of Intelligent Engineering and Systems,,https://www.scopus.com/inward/record.uri?partnerID=HzOxMe3b&scp=85130005927&origin=inward,https://www.scopus.com/inward/citedby.uri?partnerID=HzOxMe3b&scp=85130005927&origin=inward,,2026-04-12 18:32:16,Article,10.22266/ijies2022.0630.19,2185310X,https://api.elsevier.com/content/abstract/scopus_id/85130005927,15,3,,,,7.0,21.0,1,3,,,,85130005927,2-s2.0-85130005927
35,Shruthi G.,Mayfly Taylor Optimisation-Based Scheduling Algorithm with Deep Reinforcement Learning for Dynamic Scheduling in Fog-Cloud Computing,2022,Applied Computational Intelligence and Soft Computing,,https://www.scopus.com/inward/record.uri?partnerID=HzOxMe3b&scp=85137914204&origin=inward,https://www.scopus.com/inward/citedby.uri?partnerID=HzOxMe3b&scp=85137914204&origin=inward,,2026-04-12 18:32:16,Article,10.1155/2022/2131699,16879724,https://api.elsevier.com/content/abstract/scopus_id/85137914204,2022,,,,,11.67,35.0,1,3,,,,85137914204,2-s2.0-85137914204
2,Buitrago-Guacaneme A.,The inter-forest line could be the master key to track biocoenotic effects of climate change in a subtropical forest,2022,Biotropica,,https://www.scopus.com/inward/record.uri?partnerID=HzOxMe3b&scp=85117210262&origin=inward,https://www.scopus.com/inward/citedby.uri?partnerID=HzOxMe3b&scp=85117210262&origin=inward,,2026-04-12 18:32:16,Article,10.1111/btp.13026,00063606,https://api.elsevier.com/content/abstract/scopus_id/85117210262,54,1,,,,0.67,2.0,1,3,,,,85117210262,2-s2.0-85117210262
0,He S.,MMES: Improved Mayfly Algorithm Based on Electrostatic Optimization Algorithm,2022,2022 IEEE 8th International Conference on Computer and Communications Iccc 2022,,https://www.scopus.com/inward/record.uri?partnerID=HzOxMe3b&scp=85151717979&origin=inward,https://www.scopus.com/inward/citedby.uri?partnerID=HzOxMe3b&scp=85151717979&origin=inward,,2026-04-12 18:32:16,Conference Paper,10.1109/ICCC56324.2022.10065995,,https://api.elsevier.com/content/abstract/scopus_id/85151717979,,,,,,0.0,0.0,1,3,,,,85151717979,2-s2.0-85151717979
20,Stateczny A.,Multiplicative Long Short-Term Memory with Improved Mayfly Optimization for LULC Classification,2022,Remote Sensing,,https://www.scopus.com/inward/record.uri?partnerID=HzOxMe3b&scp=85140023747&origin=inward,https://www.scopus.com/inward/citedby.uri?partnerID=HzOxMe3b&scp=85140023747&origin=inward,,2026-04-12 18:32:16,Article,10.3390/rs14194837,,https://api.elsevier.com/content/abstract/scopus_id/85140023747,14,19,,,,6.67,20.0,1,3,,,,85140023747,2-s2.0-85140023747
12,Villsen K.,Diet Metabarcoding Reveals Extensive Dietary Overlap between Two Benthic Stream Fishes (Zingel asper and Cottus gobio) and Provides Insights into Their Coexistence,2022,Diversity,,https://www.scopus.com/inward/record.uri?partnerID=HzOxMe3b&scp=85131214973&origin=inward,https://www.scopus.com/inward/citedby.uri?partnerID=HzOxMe3b&scp=85131214973&origin=inward,,2026-04-12 18:32:16,Article,10.3390/d14050412,,https://api.elsevier.com/content/abstract/scopus_id/85131214973,14,5,,,,4.0,12.0,1,3,,,,85131214973,2-s2.0-85131214973
3,Amarendra A.,Enhance power system security with FACTS devices based on Mayfly Optimization Algorithm,2022,Journal of Current Science and Technology,,https://www.scopus.com/inward/record.uri?partnerID=HzOxMe3b&scp=85137053456&origin=inward,https://www.scopus.com/inward/citedby.uri?partnerID=HzOxMe3b&scp=85137053456&origin=inward,,2026-04-12 18:32:16,Article,10.14456/jcst.2022.15,26300583,https://api.elsevier.com/content/abstract/scopus_id/85137053456,12,2,,,,1.0,3.0,1,3,,,,85137053456,2-s2.0-85137053456
3,Soucek D.J.,"Influence of Test Method Variables on Sensitivity of Neocloeon Triangulifer to a Reference Toxicant in Short-Term, Effluent Style Evaluations",2022,Environmental Toxicology and Chemistry,,https://www.scopus.com/inward/record.uri?partnerID=HzOxMe3b&scp=85138693259&origin=inward,https://www.scopus.com/inward/citedby.uri?partnerID=HzOxMe3b&scp=85138693259&origin=inward,,2026-04-12 18:32:16,Article,10.1002/etc.5463,07307268,https://api.elsevier.com/content/abstract/scopus_id/85138693259,41,11,,,,1.0,3.0,1,3,,,,85138693259,2-s2.0-85138693259
7,Biju R.,Framework for Classification of Chest X-Rays into Normal/COVID-19 Using Brownian-Mayfly-Algorithm Selected Hybrid Features,2022,Mathematical Problems in Engineering,,https://www.scopus.com/inward/record.uri?partnerID=HzOxMe3b&scp=85136598259&origin=inward,https://www.scopus.com/inward/citedby.uri?partnerID=HzOxMe3b&scp=85136598259&origin=inward,,2026-04-12 18:32:16,Article,10.1155/2022/6475808,1024123X,https://api.elsevier.com/content/abstract/scopus_id/85136598259,2022,,,,,2.33,7.0,1,3,,,,85136598259,2-s2.0-85136598259
14,Ma Z.,Comparative Mitogenome Analyses of Subgenera and Species Groups in Epeorus (Ephemeroptera: Heptageniidae),2022,Insects,,https://www.scopus.com/inward/record.uri?partnerID=HzOxMe3b&scp=85133552266&origin=inward,https://www.scopus.com/inward/citedby.uri?partnerID=HzOxMe3b&scp=85133552266&origin=inward,,2026-04-12 18:32:16,Article,10.3390/insects13070599,,https://api.elsevier.com/content/abstract/scopus_id/85133552266,13,7,,,,4.67,14.0,1,3,,,,85133552266,2-s2.0-85133552266
8,Bolotov I.N.,Bioerosion of siliceous rocks driven by rock-boring freshwater insects,2022,Npj Materials Degradation,,https://www.scopus.com/inward/record.uri?partnerID=HzOxMe3b&scp=85123175080&origin=inward,https://www.scopus.com/inward/citedby.uri?partnerID=HzOxMe3b&scp=85123175080&origin=inward,,2026-04-12 18:32:16,Article,10.1038/s41529-022-00216-6,,https://api.elsevier.com/content/abstract/scopus_id/85123175080,6,1,,,,2.67,8.0,1,3,,,,85123175080,2-s2.0-85123175080
5,Wang L.,The complete mitochondrial genomes of Ephemera serica (Ephemeroptera: Ephemeridae) and phylogenetic analysis,2022,Mitochondrial DNA Part B Resources,,https://www.scopus.com/inward/record.uri?partnerID=HzOxMe3b&scp=85127028556&origin=inward,https://www.scopus.com/inward/citedby.uri?partnerID=HzOxMe3b&scp=85127028556&origin=inward,,2026-04-12 18:32:16,Article,10.1080/23802359.2022.2044401,,https://api.elsevier.com/content/abstract/scopus_id/85127028556,7,3,,,,1.67,5.0,1,3,,,,85127028556,2-s2.0-85127028556
1,Kadry S.,Mayfly-Algorithm Selected Features for Classification of Breast Histology Images into Benign/Malignant Class,2022,Lecture Notes in Computer Science Including Subseries Lecture Notes in Artificial Intelligence and Lecture Notes in Bioinformatics,,https://www.scopus.com/inward/record.uri?partnerID=HzOxMe3b&scp=85145264206&origin=inward,https://www.scopus.com/inward/citedby.uri?partnerID=HzOxMe3b&scp=85145264206&origin=inward,,2026-04-12 18:32:16,Conference Paper,10.1007/978-3-031-21517-9_6,03029743,https://api.elsevier.com/content/abstract/scopus_id/85145264206,13119 LNAI,,,,,0.33,1.0,1,3,,,,85145264206,2-s2.0-85145264206
3,Udodenko Y.G.,"Mercury levels in sediment, fish and macroinvertebrates of the Boroo River, northern Mongolia, under the legacy of gold mining",2022,Ecotoxicology,,https://www.scopus.com/inward/record.uri?partnerID=HzOxMe3b&scp=85122360485&origin=inward,https://www.scopus.com/inward/citedby.uri?partnerID=HzOxMe3b&scp=85122360485&origin=inward,,2026-04-12 18:32:16,Article,10.1007/s10646-021-02502-6,09639292,https://api.elsevier.com/content/abstract/scopus_id/85122360485,31,2,,,,1.0,3.0,1,3,,,,85122360485,2-s2.0-85122360485
1,Mengran T.,Research on Multi-parameter Identification Strategy of Electrically Excited Synchronous Motor,2022,Proceedings of the 34th Chinese Control and Decision Conference Ccdc 2022,,https://www.scopus.com/inward/record.uri?partnerID=HzOxMe3b&scp=85149497203&origin=inward,https://www.scopus.com/inward/citedby.uri?partnerID=HzOxMe3b&scp=85149497203&origin=inward,,2026-04-12 18:32:16,Conference Paper,10.1109/CCDC55256.2022.10034117,,https://api.elsevier.com/content/abstract/scopus_id/85149497203,,,,,,0.33,1.0,1,3,,,,85149497203,2-s2.0-85149497203
7,Macadam C.R.,The vulnerability of British aquatic insects to climate change,2022,Knowledge and Management of Aquatic Ecosystems,,https://www.scopus.com/inward/record.uri?partnerID=HzOxMe3b&scp=85124295665&origin=inward,https://www.scopus.com/inward/citedby.uri?partnerID=HzOxMe3b&scp=85124295665&origin=inward,,2026-04-12 18:32:16,Article,10.1051/kmae/2022003,19619502,https://api.elsevier.com/content/abstract/scopus_id/85124295665,2022-January,423,,,,2.33,7.0,1,3,,,,85124295665,2-s2.0-85124295665
20,Kyomugisha R.,Performance of Various Voltage Stability Indices in a Stochastic Multiobjective Optimal Power Flow Using Mayfly Algorithm,2022,Journal of Electrical and Computer Engineering,,https://www.scopus.com/inward/record.uri?partnerID=HzOxMe3b&scp=85130020516&origin=inward,https://www.scopus.com/inward/citedby.uri?partnerID=HzOxMe3b&scp=85130020516&origin=inward,,2026-04-12 18:32:16,Article,10.1155/2022/7456333,20900147,https://api.elsevier.com/content/abstract/scopus_id/85130020516,2022,,,,,6.67,20.0,1,3,,,,85130020516,2-s2.0-85130020516
26,Fortes E.V.,Mayfly Optimization Algorithm Applied to the Design of PSS and SSSC-POD Controllers for Damping Low-Frequency Oscillations in Power Systems,2022,International Transactions on Electrical Energy Systems,,https://www.scopus.com/inward/record.uri?partnerID=HzOxMe3b&scp=85138667585&origin=inward,https://www.scopus.com/inward/citedby.uri?partnerID=HzOxMe3b&scp=85138667585&origin=inward,,2026-04-12 18:32:16,Article,10.1155/2022/5612334,,https://api.elsevier.com/content/abstract/scopus_id/85138667585,2022,,,,,8.67,26.0,1,3,,,,85138667585,2-s2.0-85138667585
9,Pyle G.G.,Invertebrate metal accumulation and toxicity from sediments affected by the Mount Polley mine disaster,2022,Environmental Science and Pollution Research,,https://www.scopus.com/inward/record.uri?partnerID=HzOxMe3b&scp=85130270637&origin=inward,https://www.scopus.com/inward/citedby.uri?partnerID=HzOxMe3b&scp=85130270637&origin=inward,,2026-04-12 18:32:16,Article,10.1007/s11356-022-20677-1,09441344,https://api.elsevier.com/content/abstract/scopus_id/85130270637,29,46,,,,3.0,9.0,1,3,,,,85130270637,2-s2.0-85130270637
0,Mengxuan X.,Frequency Diverse Array Beampattern Synthesis with Joint Optimization of Frequency Offset and Carrier,2022,2022 International Conference on Microwave and Millimeter Wave Technology Icmmt 2022 Proceedings,,https://www.scopus.com/inward/record.uri?partnerID=HzOxMe3b&scp=85148646711&origin=inward,https://www.scopus.com/inward/citedby.uri?partnerID=HzOxMe3b&scp=85148646711&origin=inward,,2026-04-12 18:32:16,Conference Paper,10.1109/ICMMT55580.2022.10022590,,https://api.elsevier.com/content/abstract/scopus_id/85148646711,,,,,,0.0,0.0,1,3,,,,85148646711,2-s2.0-85148646711
8,Eloranta A.P.,Impacts of piscicide-induced fish removal on resource use and trophic diversity of lake invertebrates,2022,Science of the Total Environment,,https://www.scopus.com/inward/record.uri?partnerID=HzOxMe3b&scp=85129344264&origin=inward,https://www.scopus.com/inward/citedby.uri?partnerID=HzOxMe3b&scp=85129344264&origin=inward,,2026-04-12 18:32:16,Article,10.1016/j.scitotenv.2022.155364,00489697,https://api.elsevier.com/content/abstract/scopus_id/85129344264,835,,,,,2.67,8.0,1,3,,,,85129344264,2-s2.0-85129344264
11,Patra A.K.,An Automatic Artificial Pancreas (AP) based on MO-PID Control Algorithm,2022,2nd Odisha International Conference on Electrical Power Engineering Communication and Computing Technology Odicon 2022,,https://www.scopus.com/inward/record.uri?partnerID=HzOxMe3b&scp=85147332748&origin=inward,https://www.scopus.com/inward/citedby.uri?partnerID=HzOxMe3b&scp=85147332748&origin=inward,,2026-04-12 18:32:16,Conference Paper,10.1109/ODICON54453.2022.10009980,,https://api.elsevier.com/content/abstract/scopus_id/85147332748,,,,,,3.67,11.0,1,3,,,,85147332748,2-s2.0-85147332748
2,Dénes A.L.,"Cryptic survival and an unexpected recovery of the long-tailed mayfly Palingenia longicauda (Olivier, 1791) (Ephemeroptera: Palingeniidae) in Southeastern Europe",2022,Journal of Insect Conservation,,https://www.scopus.com/inward/record.uri?partnerID=HzOxMe3b&scp=85136147913&origin=inward,https://www.scopus.com/inward/citedby.uri?partnerID=HzOxMe3b&scp=85136147913&origin=inward,,2026-04-12 18:32:16,Article,10.1007/s10841-022-00425-z,1366638X,https://api.elsevier.com/content/abstract/scopus_id/85136147913,26,5,,,,0.67,2.0,1,3,,,,85136147913,2-s2.0-85136147913
1,Tozer W.,"Seasonal aquatic insect flight periodicities for a southern California reservoir, with new distributional records",2022,Pan Pacific Entomologist,,https://www.scopus.com/inward/record.uri?partnerID=HzOxMe3b&scp=85139204972&origin=inward,https://www.scopus.com/inward/citedby.uri?partnerID=HzOxMe3b&scp=85139204972&origin=inward,,2026-04-12 18:32:16,Article,10.3956/2022-98.2.116,00310603,https://api.elsevier.com/content/abstract/scopus_id/85139204972,98,2,,,,0.33,1.0,1,3,,,,85139204972,2-s2.0-85139204972
9,Jin X.,Prediction of SO2Mass Concentration at Outlet of the Thermal Power Plant Based on mRMR and MA-RELM,2022,Dongli Gongcheng Xuebao Journal of Chinese Society of Power Engineering,,https://www.scopus.com/inward/record.uri?partnerID=HzOxMe3b&scp=85136954773&origin=inward,https://www.scopus.com/inward/citedby.uri?partnerID=HzOxMe3b&scp=85136954773&origin=inward,,2026-04-12 18:32:16,Article,10.19805/j.cnki.jcspe.2022.07.010,16747607,https://api.elsevier.com/content/abstract/scopus_id/85136954773,42,7,,,,3.0,9.0,1,3,,,,85136954773,2-s2.0-85136954773
19,Williams-Subiza E.A.,Compositional shifts in freshwater macroinvertebrate communities over 30 years of urbanization,2022,Ecological Engineering,,https://www.scopus.com/inward/record.uri?partnerID=HzOxMe3b&scp=85135121567&origin=inward,https://www.scopus.com/inward/citedby.uri?partnerID=HzOxMe3b&scp=85135121567&origin=inward,,2026-04-12 18:32:16,Article,10.1016/j.ecoleng.2022.106738,09258574,https://api.elsevier.com/content/abstract/scopus_id/85135121567,183,,,,,6.33,19.0,1,3,,,,85135121567,2-s2.0-85135121567
12,Yousaf M.Z.,MTDC Grids: A Metaheuristic Solution for Nonlinear Control,2022,Energies,,https://www.scopus.com/inward/record.uri?partnerID=HzOxMe3b&scp=85132709817&origin=inward,https://www.scopus.com/inward/citedby.uri?partnerID=HzOxMe3b&scp=85132709817&origin=inward,,2026-04-12 18:32:16,Article,10.3390/en15124263,,https://api.elsevier.com/content/abstract/scopus_id/85132709817,15,12,,,,4.0,12.0,1,3,,,,85132709817,2-s2.0-85132709817
8,Tong Y.,"The Genetic Diversity and the Divergence Time in Extant Primitive Mayfly, Siphluriscus chinensis Ulmer, 1920 Using the Mitochondrial Genome",2022,Genes,,https://www.scopus.com/inward/record.uri?partnerID=HzOxMe3b&scp=85140578089&origin=inward,https://www.scopus.com/inward/citedby.uri?partnerID=HzOxMe3b&scp=85140578089&origin=inward,,2026-04-12 18:32:16,Article,10.3390/genes13101780,,https://api.elsevier.com/content/abstract/scopus_id/85140578089,13,10,,,,2.67,8.0,1,3,,,,85140578089,2-s2.0-85140578089
20,Meenakshi A.,Automatic classification of white blood cells using deep features based convolutional neural network,2022,Multimedia Tools and Applications,,https://www.scopus.com/inward/record.uri?partnerID=HzOxMe3b&scp=85127580529&origin=inward,https://www.scopus.com/inward/citedby.uri?partnerID=HzOxMe3b&scp=85127580529&origin=inward,,2026-04-12 18:32:16,Article,10.1007/s11042-022-12539-2,13807501,https://api.elsevier.com/content/abstract/scopus_id/85127580529,81,21,,,,6.67,20.0,1,3,,,,85127580529,2-s2.0-85127580529
4,Sivaruban T.,First report of Cheleocloeon Wuillot & Gillies 1993 (Ephemeroptera: Baetidae) from the Oriental Region,2022,Zootaxa,,https://www.scopus.com/inward/record.uri?partnerID=HzOxMe3b&scp=85143125059&origin=inward,https://www.scopus.com/inward/citedby.uri?partnerID=HzOxMe3b&scp=85143125059&origin=inward,,2026-04-12 18:32:16,Article,10.11646/zootaxa.5209.3.3,11755326,https://api.elsevier.com/content/abstract/scopus_id/85143125059,5209,3,,,,1.33,4.0,1,3,,,,85143125059,2-s2.0-85143125059
11,Schröder O.,"Population genetic structure and connectivity in three montane freshwater invertebrate species (Ephemeroptera, Plecoptera, Amphipoda) with differing life cycles and dispersal capabilities",2022,Freshwater Biology,,https://www.scopus.com/inward/record.uri?partnerID=HzOxMe3b&scp=85120165036&origin=inward,https://www.scopus.com/inward/citedby.uri?partnerID=HzOxMe3b&scp=85120165036&origin=inward,,2026-04-12 18:32:16,Article,10.1111/fwb.13854,00465070,https://api.elsevier.com/content/abstract/scopus_id/85120165036,67,3,,,,3.67,11.0,1,3,,,,85120165036,2-s2.0-85120165036
12,Brooking T.E.,"Effects of Round Goby on the Benthic Invertebrate Community and on Diets and Growth of Yellow Perch and White Perch in Oneida Lake, New York",2022,Transactions of the American Fisheries Society,,https://www.scopus.com/inward/record.uri?partnerID=HzOxMe3b&scp=85137328853&origin=inward,https://www.scopus.com/inward/citedby.uri?partnerID=HzOxMe3b&scp=85137328853&origin=inward,,2026-04-12 18:32:16,Article,10.1002/tafs.10377,00028487,https://api.elsevier.com/content/abstract/scopus_id/85137328853,151,5,,,,4.0,12.0,1,3,,,,85137328853,2-s2.0-85137328853
5,Suhonen J.,Macroinvertebrate species occupancy frequency distribution patterns in eutrophic lakes,2022,Aquatic Ecology,,https://www.scopus.com/inward/record.uri?partnerID=HzOxMe3b&scp=85116870625&origin=inward,https://www.scopus.com/inward/citedby.uri?partnerID=HzOxMe3b&scp=85116870625&origin=inward,,2026-04-12 18:32:16,Article,10.1007/s10452-021-09909-7,13862588,https://api.elsevier.com/content/abstract/scopus_id/85116870625,56,1,,,,1.67,5.0,1,3,,,,85116870625,2-s2.0-85116870625
3,Gong Z.,Short-Term Power Prediction of a Wind Farm Based on Empirical Mode Decomposition and Mayfly Algorithm–Back Propagation Neural Network,2022,Frontiers in Energy Research,,https://www.scopus.com/inward/record.uri?partnerID=HzOxMe3b&scp=85135622894&origin=inward,https://www.scopus.com/inward/citedby.uri?partnerID=HzOxMe3b&scp=85135622894&origin=inward,,2026-04-12 18:32:16,Article,10.3389/fenrg.2022.928063,,https://api.elsevier.com/content/abstract/scopus_id/85135622894,10,,,,,1.0,3.0,1,3,,,,85135622894,2-s2.0-85135622894
1,Qin H.,Multi-objective Optimal Configuration of Electric-Hydrogen Hybrid Energy Storage System,2022,2022 IEEE 7th International Conference on Power and Renewable Energy Icpre 2022,,https://www.scopus.com/inward/record.uri?partnerID=HzOxMe3b&scp=85143981408&origin=inward,https://www.scopus.com/inward/citedby.uri?partnerID=HzOxMe3b&scp=85143981408&origin=inward,,2026-04-12 18:32:16,Conference Paper,10.1109/ICPRE55555.2022.9960701,,https://api.elsevier.com/content/abstract/scopus_id/85143981408,,,,,,0.33,1.0,1,3,,,,85143981408,2-s2.0-85143981408
27,Yildiz B.S.,Reptile search algorithm and kriging surrogate model for structural design optimization with natural frequency constraints,2022,Materialpruefung Materials Testing,,https://www.scopus.com/inward/record.uri?partnerID=HzOxMe3b&scp=85139920595&origin=inward,https://www.scopus.com/inward/citedby.uri?partnerID=HzOxMe3b&scp=85139920595&origin=inward,,2026-04-12 18:32:16,Article,10.1515/mt-2022-0048,00255300,https://api.elsevier.com/content/abstract/scopus_id/85139920595,64,10,,,,9.0,27.0,1,3,,,,85139920595,2-s2.0-85139920595
18,Vršanský P.,"An isolated cretaceous analogue of madagascar on the adria–turkey microcontinent indicated by fossils in brezina, algeria",2022,Palaeontographica Abteilung A Palaozoologie Stratigraphie,,https://www.scopus.com/inward/record.uri?partnerID=HzOxMe3b&scp=85120358231&origin=inward,https://www.scopus.com/inward/citedby.uri?partnerID=HzOxMe3b&scp=85120358231&origin=inward,,2026-04-12 18:32:16,Article,10.1127/pala/2021/0107,03750442,https://api.elsevier.com/content/abstract/scopus_id/85120358231,321,1-6,,,,6.0,18.0,1,3,,,,85120358231,2-s2.0-85120358231
8,Phlai-Ngam S.,"A new species of Alainites (Ephemeroptera, Baetidae) from Thailand",2022,Alpine Entomology,,https://www.scopus.com/inward/record.uri?partnerID=HzOxMe3b&scp=85149787370&origin=inward,https://www.scopus.com/inward/citedby.uri?partnerID=HzOxMe3b&scp=85149787370&origin=inward,,2026-04-12 18:32:16,Article,10.3897/alpento.6.96284,,https://api.elsevier.com/content/abstract/scopus_id/85149787370,6,,,,,2.67,8.0,1,3,,,,85149787370,2-s2.0-85149787370
17,Abdeen M.,Supplemental Control for System Frequency Support of DFIG-Based Wind Turbines,2022,IEEE Access,,https://www.scopus.com/inward/record.uri?partnerID=HzOxMe3b&scp=85133660872&origin=inward,https://www.scopus.com/inward/citedby.uri?partnerID=HzOxMe3b&scp=85133660872&origin=inward,,2026-04-12 18:32:16,Article,10.1109/ACCESS.2022.3185780,,https://api.elsevier.com/content/abstract/scopus_id/85133660872,10,,,,,5.67,17.0,1,3,,,,85133660872,2-s2.0-85133660872
0,Muthukatturaja M.,Description of the male and female adults of Sparsorythus srokai Srinivasan et al. (Ephemeroptera: Tricorythidae) from India,2022,Zootaxa,,https://www.scopus.com/inward/record.uri?partnerID=HzOxMe3b&scp=85146301050&origin=inward,https://www.scopus.com/inward/citedby.uri?partnerID=HzOxMe3b&scp=85146301050&origin=inward,,2026-04-12 18:32:16,Article,10.11646/zootaxa.5222.1.6,11755326,https://api.elsevier.com/content/abstract/scopus_id/85146301050,5222,1,,,,0.0,0.0,1,3,,,,85146301050,2-s2.0-85146301050
21,Janani K.,Threat analysis model to control IoT network routing attacks through deep learning approach,2022,Connection Science,,https://www.scopus.com/inward/record.uri?partnerID=HzOxMe3b&scp=85146926207&origin=inward,https://www.scopus.com/inward/citedby.uri?partnerID=HzOxMe3b&scp=85146926207&origin=inward,,2026-04-12 18:32:16,Article,10.1080/09540091.2022.2149698,09540091,https://api.elsevier.com/content/abstract/scopus_id/85146926207,34,1,,,,7.0,21.0,1,3,,,,85146926207,2-s2.0-85146926207
1,Kommadath R.,Performance Evaluation of Recently Proposed Metaheuristics Algorithms on Solving Job Shop Scheduling Problem,2022,International Conference on Automation Computing and Renewable Systems Icacrs 2022 Proceedings,,https://www.scopus.com/inward/record.uri?partnerID=HzOxMe3b&scp=85148333281&origin=inward,https://www.scopus.com/inward/citedby.uri?partnerID=HzOxMe3b&scp=85148333281&origin=inward,,2026-04-12 18:32:16,Conference Paper,10.1109/ICACRS55517.2022.10029066,,https://api.elsevier.com/content/abstract/scopus_id/85148333281,,,,,,0.33,1.0,1,3,,,,85148333281,2-s2.0-85148333281
2,Muthukatturaja M.,"A new record and new species of Procloeon (Procloeon) Bengtsson, 1915 (Ephemeroptera: Baetidae) from the Western Ghats, peninsular India",2022,Zootaxa,,https://www.scopus.com/inward/record.uri?partnerID=HzOxMe3b&scp=85127810994&origin=inward,https://www.scopus.com/inward/citedby.uri?partnerID=HzOxMe3b&scp=85127810994&origin=inward,,2026-04-12 18:32:16,Article,10.11646/zootaxa.5094.2.6,11755326,https://api.elsevier.com/content/abstract/scopus_id/85127810994,5094,2,,,,0.67,2.0,1,3,,,,85127810994,2-s2.0-85127810994
0,Tiunova T.M.,"A description of Parameletus ensiformis Tiunova, 2008 larva (Ephemeroptera: Siphlonuridae) from the Russian Far East",2022,Euroasian Entomological Journal,,https://www.scopus.com/inward/record.uri?partnerID=HzOxMe3b&scp=85149839490&origin=inward,https://www.scopus.com/inward/citedby.uri?partnerID=HzOxMe3b&scp=85149839490&origin=inward,,2026-04-12 18:32:16,Article,10.15298/euroasentj.21.5.08,16844866,https://api.elsevier.com/content/abstract/scopus_id/85149839490,21,5,,,,0.0,0.0,1,3,,,,85149839490,2-s2.0-85149839490
5,Sivaruban T.,"A new species of Nigrobaetis Novikova & Kluge, 1987 (Ephemeroptera, Baetidae) from Tamil Nadu, India",2022,Zootaxa,,https://www.scopus.com/inward/record.uri?partnerID=HzOxMe3b&scp=85127765804&origin=inward,https://www.scopus.com/inward/citedby.uri?partnerID=HzOxMe3b&scp=85127765804&origin=inward,,2026-04-12 18:32:16,Article,10.11646/zootaxa.5091.1.8,11755326,https://api.elsevier.com/content/abstract/scopus_id/85127765804,5091,1,,,,1.67,5.0,1,3,,,,85127765804,2-s2.0-85127765804
16,Kaltenbach T.,"Two new species of Centroptilum Eaton, 1869 from North Africa (Ephemeroptera, Baetidae)",2022,Zookeys,,https://www.scopus.com/inward/record.uri?partnerID=HzOxMe3b&scp=85143980209&origin=inward,https://www.scopus.com/inward/citedby.uri?partnerID=HzOxMe3b&scp=85143980209&origin=inward,,2026-04-12 18:32:16,Article,10.3897/zookeys.1131.91017,13132989,https://api.elsevier.com/content/abstract/scopus_id/85143980209,1131,,,,,5.33,16.0,1,3,,,,85143980209,2-s2.0-85143980209
58,Salameh T.,Best battery storage technologies of solar photovoltaic systems for desalination plant using the results of multi optimization algorithms and sustainable development goals,2022,Journal of Energy Storage,,https://www.scopus.com/inward/record.uri?partnerID=HzOxMe3b&scp=85135537914&origin=inward,https://www.scopus.com/inward/citedby.uri?partnerID=HzOxMe3b&scp=85135537914&origin=inward,,2026-04-12 18:32:16,Article,10.1016/j.est.2022.105312,,https://api.elsevier.com/content/abstract/scopus_id/85135537914,55,,,,,19.33,58.0,1,3,,,,85135537914,2-s2.0-85135537914
1,Srinivasan P.,"The unexpected discovery of the Afrotropical genus Tricorythus Eaton, 1868 (Ephemeroptera: Tricorythidae) from the Oriental region with description of a new species",2022,Zootaxa,,https://www.scopus.com/inward/record.uri?partnerID=HzOxMe3b&scp=85147882743&origin=inward,https://www.scopus.com/inward/citedby.uri?partnerID=HzOxMe3b&scp=85147882743&origin=inward,,2026-04-12 18:32:16,Article,10.11646/zootaxa.5222.4.3,11755326,https://api.elsevier.com/content/abstract/scopus_id/85147882743,5222,4,,,,0.33,1.0,1,3,,,,85147882743,2-s2.0-85147882743
1,Cai W.,Optimal Sizing and Placement of Electrical Energy Storage System in Distribution Network via MMOMA,2022,2022 4th International Conference on Power and Energy Technology Icpet 2022,,https://www.scopus.com/inward/record.uri?partnerID=HzOxMe3b&scp=85141509345&origin=inward,https://www.scopus.com/inward/citedby.uri?partnerID=HzOxMe3b&scp=85141509345&origin=inward,,2026-04-12 18:32:16,Conference Paper,10.1109/ICPET55165.2022.9918482,,https://api.elsevier.com/content/abstract/scopus_id/85141509345,,,,,,0.33,1.0,1,3,,,,85141509345,2-s2.0-85141509345
2,Jones D.N.,Are little brown bats (Myotis lucifugus) impacted by dietary exposure to microcystin?✰,2022,Harmful Algae,,https://www.scopus.com/inward/record.uri?partnerID=HzOxMe3b&scp=85126336578&origin=inward,https://www.scopus.com/inward/citedby.uri?partnerID=HzOxMe3b&scp=85126336578&origin=inward,,2026-04-12 18:32:16,Article,10.1016/j.hal.2022.102221,15689883,https://api.elsevier.com/content/abstract/scopus_id/85126336578,114,,,,,0.67,2.0,1,3,,,,85126336578,2-s2.0-85126336578
4,Majumdar K.,FRAMEWORK OF HYBRID RENEWABLE ENERGY WITH CONVENTIONAL POWER GENERATION SCHEDULING USING NOVEL METAHEURISTIC OPTIMIZATION ALGORITHM,2022,International Journal of Power and Energy Systems,,https://www.scopus.com/inward/record.uri?partnerID=HzOxMe3b&scp=85124696684&origin=inward,https://www.scopus.com/inward/citedby.uri?partnerID=HzOxMe3b&scp=85124696684&origin=inward,,2026-04-12 18:32:16,Article,10.2316/J.2022.203-0387,10783466,https://api.elsevier.com/content/abstract/scopus_id/85124696684,42,10,,,,1.33,4.0,1,3,,,,85124696684,2-s2.0-85124696684
9,Patil M.B.,A novel approach for optimization of handover mechanism using metaheuristics algorithms,2022,Measurement Sensors,,https://www.scopus.com/inward/record.uri?partnerID=HzOxMe3b&scp=85138788111&origin=inward,https://www.scopus.com/inward/citedby.uri?partnerID=HzOxMe3b&scp=85138788111&origin=inward,,2026-04-12 18:32:16,Article,10.1016/j.measen.2022.100467,,https://api.elsevier.com/content/abstract/scopus_id/85138788111,24,,,,,3.0,9.0,1,3,,,,85138788111,2-s2.0-85138788111
2,Kadry S.,Assessment of Brain Tumor in Flair MRI Slice with Joint Thresholding and Segmentation,2022,Lecture Notes in Computer Science Including Subseries Lecture Notes in Artificial Intelligence and Lecture Notes in Bioinformatics,,https://www.scopus.com/inward/record.uri?partnerID=HzOxMe3b&scp=85145260538&origin=inward,https://www.scopus.com/inward/citedby.uri?partnerID=HzOxMe3b&scp=85145260538&origin=inward,,2026-04-12 18:32:16,Conference Paper,10.1007/978-3-031-21517-9_5,03029743,https://api.elsevier.com/content/abstract/scopus_id/85145260538,13119 LNAI,,,,,0.67,2.0,1,3,,,,85145260538,2-s2.0-85145260538
5,Sivaruban T.,"A new species and record of Labiobaetis Novikova and Kluge, 1987 (Ephemeroptera: Baetidae) from India",2022,Aquatic Insects,,https://www.scopus.com/inward/record.uri?partnerID=HzOxMe3b&scp=85131552203&origin=inward,https://www.scopus.com/inward/citedby.uri?partnerID=HzOxMe3b&scp=85131552203&origin=inward,,2026-04-12 18:32:16,Article,10.1080/01650424.2022.2070217,01650424,https://api.elsevier.com/content/abstract/scopus_id/85131552203,43,4,,,,1.67,5.0,1,3,,,,85131552203,2-s2.0-85131552203
2,Kubendran T.,"Redescription of Cloeon bicolor Kimmins, 1947 (Ephemeroptera: Baetidae) from Southern India",2022,Journal of Entomological Research,,https://www.scopus.com/inward/record.uri?partnerID=HzOxMe3b&scp=85132529880&origin=inward,https://www.scopus.com/inward/citedby.uri?partnerID=HzOxMe3b&scp=85132529880&origin=inward,,2026-04-12 18:32:16,Article,10.5958/0974-4576.2022.00071.8,03789519,https://api.elsevier.com/content/abstract/scopus_id/85132529880,46,2,,,,0.67,2.0,1,3,,,,85132529880,2-s2.0-85132529880
5,Ahmed N.,Bio-Inspired Formal Model for Space/Time Virtual Machine Randomization and Diversification,2022,IEEE Transactions on Cloud Computing,,https://www.scopus.com/inward/record.uri?partnerID=HzOxMe3b&scp=85079466397&origin=inward,https://www.scopus.com/inward/citedby.uri?partnerID=HzOxMe3b&scp=85079466397&origin=inward,,2026-04-12 18:32:16,Article,10.1109/TCC.2020.2969353,,https://api.elsevier.com/content/abstract/scopus_id/85079466397,10,2,,,,1.67,5.0,1,3,,,,85079466397,2-s2.0-85079466397
15,Suttinun C.,"First report of the genus Tenuibaetis (Ephemeroptera, Baetidae) from Thailand revealing a complex of cryptic species",2022,Zookeys,,https://www.scopus.com/inward/record.uri?partnerID=HzOxMe3b&scp=85124337177&origin=inward,https://www.scopus.com/inward/citedby.uri?partnerID=HzOxMe3b&scp=85124337177&origin=inward,,2026-04-12 18:32:16,Article,10.3897/zookeys.1084.78405,13132989,https://api.elsevier.com/content/abstract/scopus_id/85124337177,2022,1084,,,,5.0,15.0,1,3,,,,85124337177,2-s2.0-85124337177
71,El-Sattar H.A.,"Optimal design of Photovoltaic, Biomass, Fuel Cell, Hydrogen Tank units and Electrolyzer hybrid system for a remote area in Egypt",2022,Energy Reports,,https://www.scopus.com/inward/record.uri?partnerID=HzOxMe3b&scp=85135127095&origin=inward,https://www.scopus.com/inward/citedby.uri?partnerID=HzOxMe3b&scp=85135127095&origin=inward,,2026-04-12 18:32:16,Article,10.1016/j.egyr.2022.07.060,,https://api.elsevier.com/content/abstract/scopus_id/85135127095,8,,,,,23.67,71.0,1,3,,,,85135127095,2-s2.0-85135127095
1,Bazarova B.B.,Biodiversity of the Ingoda River ecosystem,2022,Iop Conference Series Earth and Environmental Science,,https://www.scopus.com/inward/record.uri?partnerID=HzOxMe3b&scp=85123466770&origin=inward,https://www.scopus.com/inward/citedby.uri?partnerID=HzOxMe3b&scp=85123466770&origin=inward,,2026-04-12 18:32:16,Conference Paper,10.1088/1755-1315/962/1/012006,17551307,https://api.elsevier.com/content/abstract/scopus_id/85123466770,962,1,,,,0.33,1.0,1,3,,,,85123466770,2-s2.0-85123466770
12,Chi S.,Community structure and diversity of macroinvertebrates in the upper and middle reaches of Jinsha River based on the monitoring data from 2010-2019,2022,Shengtai Xuebao,,https://www.scopus.com/inward/record.uri?partnerID=HzOxMe3b&scp=85144286078&origin=inward,https://www.scopus.com/inward/citedby.uri?partnerID=HzOxMe3b&scp=85144286078&origin=inward,,2026-04-12 18:32:16,Article,10.5846/stxb202103250790,10000933,https://api.elsevier.com/content/abstract/scopus_id/85144286078,42,21,,,,4.0,12.0,1,3,,,,85144286078,2-s2.0-85144286078
13,El Alami M.,"A new species of the genus Prosopistoma Latreille, 1833 (Ephemeroptera, Prosopistomatidae) from Morocco",2022,Zookeys,,https://www.scopus.com/inward/record.uri?partnerID=HzOxMe3b&scp=85136825921&origin=inward,https://www.scopus.com/inward/citedby.uri?partnerID=HzOxMe3b&scp=85136825921&origin=inward,,2026-04-12 18:32:16,Article,10.3897/zookeys.1117.83539,13132989,https://api.elsevier.com/content/abstract/scopus_id/85136825921,2022,1117,,,,4.33,13.0,1,3,,,,85136825921,2-s2.0-85136825921
0,Quezada T.A.G.,"New species of Tortopus Needham & Murphy (Ephemeroptera: Polymitarcyidae) in the province of Orellana, Ecuador",2022,Acta Zoologica Lilloana,,https://www.scopus.com/inward/record.uri?partnerID=HzOxMe3b&scp=85147411560&origin=inward,https://www.scopus.com/inward/citedby.uri?partnerID=HzOxMe3b&scp=85147411560&origin=inward,,2026-04-12 18:32:16,Article,10.30550/j.azl/2022.66.2/2022-08-11,00651729,https://api.elsevier.com/content/abstract/scopus_id/85147411560,66,2,,,,0.0,0.0,1,3,,,,85147411560,2-s2.0-85147411560
17,Wang Z.,"The taxonomy and molecular phylogeny of two epibiotic colonial peritrich ciliates (Ciliophora, Peritrichia)",2022,European Journal of Protistology,,https://www.scopus.com/inward/record.uri?partnerID=HzOxMe3b&scp=85138056414&origin=inward,https://www.scopus.com/inward/citedby.uri?partnerID=HzOxMe3b&scp=85138056414&origin=inward,,2026-04-12 18:32:16,Article,10.1016/j.ejop.2022.125921,09324739,https://api.elsevier.com/content/abstract/scopus_id/85138056414,86,,,,,5.67,17.0,1,3,,,,85138056414,2-s2.0-85138056414
6,Rakel K.,Physiological Dependency Explains Temperature Differences in Sensitivity Towards Chemical Exposure,2022,Archives of Environmental Contamination and Toxicology,,https://www.scopus.com/inward/record.uri?partnerID=HzOxMe3b&scp=85140236676&origin=inward,https://www.scopus.com/inward/citedby.uri?partnerID=HzOxMe3b&scp=85140236676&origin=inward,,2026-04-12 18:32:16,Article,10.1007/s00244-022-00963-2,00904341,https://api.elsevier.com/content/abstract/scopus_id/85140236676,83,4,,,,2.0,6.0,1,3,,,,85140236676,2-s2.0-85140236676
7,Kluge N.,Two new species of Waynokiops Hill et al. 2010 (Ephemeroptera: Baetidae) from the Oriental Region,2022,Zootaxa,,https://www.scopus.com/inward/record.uri?partnerID=HzOxMe3b&scp=85137733374&origin=inward,https://www.scopus.com/inward/citedby.uri?partnerID=HzOxMe3b&scp=85137733374&origin=inward,,2026-04-12 18:32:16,Article,10.11646/zootaxa.5182.1.3,11755326,https://api.elsevier.com/content/abstract/scopus_id/85137733374,5182,1,,,,2.33,7.0,1,3,,,,85137733374,2-s2.0-85137733374
0,,"2022 7th International Conference on Computer and Communication Systems, ICCCS 2022",2022,2022 7th International Conference on Computer and Communication Systems Icccs 2022,,https://www.scopus.com/inward/record.uri?partnerID=HzOxMe3b&scp=85136936304&origin=inward,https://www.scopus.com/inward/citedby.uri?partnerID=HzOxMe3b&scp=85136936304&origin=inward,,2026-04-12 18:32:16,Conference Review,,,https://api.elsevier.com/content/abstract/scopus_id/85136936304,,,,,,0.0,0.0,0,3,,,,85136936304,2-s2.0-85136936304
0,,"Proceedings - ISMODE 2022: 2nd International Seminar on Machine Learning, Optimization, and Data Science",2022,Proceedings Ismode 2022 2nd International Seminar on Machine Learning Optimization and Data Science,,https://www.scopus.com/inward/record.uri?partnerID=HzOxMe3b&scp=85167437839&origin=inward,https://www.scopus.com/inward/citedby.uri?partnerID=HzOxMe3b&scp=85167437839&origin=inward,,2026-04-12 18:32:16,Conference Review,,,https://api.elsevier.com/content/abstract/scopus_id/85167437839,,,,,,0.0,0.0,0,3,,,,85167437839,2-s2.0-85167437839
0,,"Proceedings of 2022 IEEE International Conference on Unmanned Systems, ICUS 2022",2022,Proceedings of 2022 IEEE International Conference on Unmanned Systems Icus 2022,,https://www.scopus.com/inward/record.uri?partnerID=HzOxMe3b&scp=85146502125&origin=inward,https://www.scopus.com/inward/citedby.uri?partnerID=HzOxMe3b&scp=85146502125&origin=inward,,2026-04-12 18:32:16,Conference Review,,,https://api.elsevier.com/content/abstract/scopus_id/85146502125,,,,,,0.0,0.0,0,3,,,,85146502125,2-s2.0-85146502125
16,Pandu S.B.,Artificial intelligence based solar radiation predictivemodel using weather forecasts,2022,Computers Materials and Continua,,https://www.scopus.com/inward/record.uri?partnerID=HzOxMe3b&scp=85118428552&origin=inward,https://www.scopus.com/inward/citedby.uri?partnerID=HzOxMe3b&scp=85118428552&origin=inward,,2026-04-12 18:32:16,Article,10.32604/cmc.2022.021015,15462218,https://api.elsevier.com/content/abstract/scopus_id/85118428552,71,1,,,,5.33,16.0,1,3,,,,85118428552,2-s2.0-85118428552
43,Rizk-Allah R.M.,A hybrid chameleon swarm algorithm with superiority of feasible solutions for optimal combined heat and power economic dispatch problem,2022,Energy,,https://www.scopus.com/inward/record.uri?partnerID=HzOxMe3b&scp=85132331112&origin=inward,https://www.scopus.com/inward/citedby.uri?partnerID=HzOxMe3b&scp=85132331112&origin=inward,,2026-04-12 18:32:16,Article,10.1016/j.energy.2022.124340,03605442,https://api.elsevier.com/content/abstract/scopus_id/85132331112,254,,,,,14.33,43.0,1,3,,,,85132331112,2-s2.0-85132331112
6,Tungpairojwong N.,"A new species of Acentrella Bengtsson, 1912 (Ephemeroptera: Baetidae) from Thailand",2022,Zootaxa,,https://www.scopus.com/inward/record.uri?partnerID=HzOxMe3b&scp=85137795161&origin=inward,https://www.scopus.com/inward/citedby.uri?partnerID=HzOxMe3b&scp=85137795161&origin=inward,,2026-04-12 18:32:16,Article,10.11646/zootaxa.5125.4.1,11755326,https://api.elsevier.com/content/abstract/scopus_id/85137795161,5125,4,,,,2.0,6.0,1,3,,,,85137795161,2-s2.0-85137795161
2,Saito R.,"Variation in respiratory rate and gill morphology in different genetic lineages of Isonychia japonica Ulmer, 1919 (Ephemeroptera: Isonychiidae)",2022,Aquatic Insects,,https://www.scopus.com/inward/record.uri?partnerID=HzOxMe3b&scp=85110690636&origin=inward,https://www.scopus.com/inward/citedby.uri?partnerID=HzOxMe3b&scp=85110690636&origin=inward,,2026-04-12 18:32:16,Article,10.1080/01650424.2021.1942495,01650424,https://api.elsevier.com/content/abstract/scopus_id/85110690636,43,1,,,,0.67,2.0,1,3,,,,85110690636,2-s2.0-85110690636
2,Wipfler B.,"Morphological, functional, and phylogenetic aspects of the head capsule of the cockroach Ergaula capucina (Insecta/Blattodea)",2022,Peerj,,https://www.scopus.com/inward/record.uri?partnerID=HzOxMe3b&scp=85128644905&origin=inward,https://www.scopus.com/inward/citedby.uri?partnerID=HzOxMe3b&scp=85128644905&origin=inward,,2026-04-12 18:32:16,Article,10.7717/peerj.12470,,https://api.elsevier.com/content/abstract/scopus_id/85128644905,10,,,,,0.67,2.0,1,3,,,,85128644905,2-s2.0-85128644905
71,Silva C.J.M.,Microplastics in freshwater sediments: Effects on benthic invertebrate communities and ecosystem functioning assessed in artificial streams,2022,Science of the Total Environment,,https://www.scopus.com/inward/record.uri?partnerID=HzOxMe3b&scp=85114930642&origin=inward,https://www.scopus.com/inward/citedby.uri?partnerID=HzOxMe3b&scp=85114930642&origin=inward,,2026-04-12 18:32:16,Article,10.1016/j.scitotenv.2021.150118,00489697,https://api.elsevier.com/content/abstract/scopus_id/85114930642,804,,,,,23.67,71.0,1,3,,,,85114930642,2-s2.0-85114930642
2,Wang Y.,Mobile Agents-Based Collaborative Perception for Pollution Source Localization in Complex Environments,2022,IEEE Sensors Letters,,https://www.scopus.com/inward/record.uri?partnerID=HzOxMe3b&scp=85144089953&origin=inward,https://www.scopus.com/inward/citedby.uri?partnerID=HzOxMe3b&scp=85144089953&origin=inward,,2026-04-12 18:32:16,Article,10.1109/LSENS.2022.3225527,,https://api.elsevier.com/content/abstract/scopus_id/85144089953,6,12,,,,0.67,2.0,1,3,,,,85144089953,2-s2.0-85144089953
0,Che C.A.,"Impacts on Larval Populations of Ephemeroptera, Plecoptera, and Trichoptera in Areas Infested by Hemlock Woolly Adelgid (Hemiptera: Adelgidae) at the Southern Edge of the Range of Eastern Hemlock",2022,Journal of Entomological Science,,https://www.scopus.com/inward/record.uri?partnerID=HzOxMe3b&scp=85127934660&origin=inward,https://www.scopus.com/inward/citedby.uri?partnerID=HzOxMe3b&scp=85127934660&origin=inward,,2026-04-12 18:32:16,Article,10.18474/JES21-30,07498004,https://api.elsevier.com/content/abstract/scopus_id/85127934660,57,2,,,,0.0,0.0,1,3,,,,85127934660,2-s2.0-85127934660
8,Kluge N.,"Review of the subgenus Euthraulus (Ephemeroptera, Leptophlebiidae, genus Choroterpes) from the Western Ghats (India)",2022,Zootaxa,,https://www.scopus.com/inward/record.uri?partnerID=HzOxMe3b&scp=85137724490&origin=inward,https://www.scopus.com/inward/citedby.uri?partnerID=HzOxMe3b&scp=85137724490&origin=inward,,2026-04-12 18:32:16,Review,10.11646/zootaxa.5181.1.1,11755326,https://api.elsevier.com/content/abstract/scopus_id/85137724490,5181,1,,,,2.67,8.0,1,3,,,,85137724490,2-s2.0-85137724490
2,Pavithra P.,RETRACTION:Optimal secure fuzzy based multi keyword search over ciphered e-mail in cloud,2022,Journal of Intelligent and Fuzzy Systems,,https://www.scopus.com/inward/record.uri?partnerID=HzOxMe3b&scp=85145664275&origin=inward,https://www.scopus.com/inward/citedby.uri?partnerID=HzOxMe3b&scp=85145664275&origin=inward,,2026-04-12 18:32:16,Retracted,10.3233/JIFS-213521,10641246,https://api.elsevier.com/content/abstract/scopus_id/85145664275,43,6,,,,0.67,2.0,1,3,,,,85145664275,2-s2.0-85145664275
3,Li X.F.,"A new species of Notacanthella Jacobus & McCafferty, 2008 (Ephemeroptera, Ephemerellidae) from Yunnan, China",2022,Zookeys,,https://www.scopus.com/inward/record.uri?partnerID=HzOxMe3b&scp=85131736219&origin=inward,https://www.scopus.com/inward/citedby.uri?partnerID=HzOxMe3b&scp=85131736219&origin=inward,,2026-04-12 18:32:16,Article,10.3897/zookeys.1103.82984,13132989,https://api.elsevier.com/content/abstract/scopus_id/85131736219,2022,1103,,,,1.0,3.0,1,3,,,,85131736219,2-s2.0-85131736219
13,Peñalver E.,Early adaptations of true flies (Diptera) to moist and aquatic continental environments,2022,Papers in Palaeontology,,https://www.scopus.com/inward/record.uri?partnerID=HzOxMe3b&scp=85145083499&origin=inward,https://www.scopus.com/inward/citedby.uri?partnerID=HzOxMe3b&scp=85145083499&origin=inward,,2026-04-12 18:32:16,Article,10.1002/spp2.1472,,https://api.elsevier.com/content/abstract/scopus_id/85145083499,8,6,,,,4.33,13.0,1,3,,,,85145083499,2-s2.0-85145083499
1,Sukatsheva I.D.,A new caddisfly of the family Baissoferidae (Insecta: Trichoptera) from the Lower Cretaceous of Mongolia,2022,Palaeoentomology,,https://www.scopus.com/inward/record.uri?partnerID=HzOxMe3b&scp=85202571064&origin=inward,https://www.scopus.com/inward/citedby.uri?partnerID=HzOxMe3b&scp=85202571064&origin=inward,,2026-04-12 18:32:16,Article,10.11646/palaeoentomology.5.3.12,26242826,https://api.elsevier.com/content/abstract/scopus_id/85202571064,5,3,,,,0.33,1.0,1,3,,,,85202571064,2-s2.0-85202571064
0,Pakhare J.D.,Scene Categorization From Indoor-Outdoor Images Using Hybrid MAMF-Based Deep Convolutional Neural Networks,2022,International Journal of Software Innovation,,https://www.scopus.com/inward/record.uri?partnerID=HzOxMe3b&scp=85149461452&origin=inward,https://www.scopus.com/inward/citedby.uri?partnerID=HzOxMe3b&scp=85149461452&origin=inward,,2026-04-12 18:32:16,Article,10.4018/IJSI.301229,21667160,https://api.elsevier.com/content/abstract/scopus_id/85149461452,10,1,,,,0.0,0.0,1,3,,,,85149461452,2-s2.0-85149461452
22,Khamees A.K.,The Mixture of Probability Distribution Functions for Wind and Photovoltaic Power Systems Using a Metaheuristic Method,2022,Processes,,https://www.scopus.com/inward/record.uri?partnerID=HzOxMe3b&scp=85147027588&origin=inward,https://www.scopus.com/inward/citedby.uri?partnerID=HzOxMe3b&scp=85147027588&origin=inward,,2026-04-12 18:32:16,Article,10.3390/pr10112446,,https://api.elsevier.com/content/abstract/scopus_id/85147027588,10,11,,,,7.33,22.0,1,3,,,,85147027588,2-s2.0-85147027588
2,Lu Z.,Research on Multi-agent Game Interaction of Regional Integrated Energy System Considering Complex Network of Demand Side,2022,Proceedings 2022 Power System and Green Energy Conference Psgec 2022,,https://www.scopus.com/inward/record.uri?partnerID=HzOxMe3b&scp=85139399563&origin=inward,https://www.scopus.com/inward/citedby.uri?partnerID=HzOxMe3b&scp=85139399563&origin=inward,,2026-04-12 18:32:16,Conference Paper,10.1109/PSGEC54663.2022.9880942,,https://api.elsevier.com/content/abstract/scopus_id/85139399563,,,,,,0.67,2.0,1,3,,,,85139399563,2-s2.0-85139399563
17,Shenton M.D.,The Effects of Road De-icing Salts on Water Quality and Macroinvertebrates in Australian Alpine Areas,2022,Archives of Environmental Contamination and Toxicology,,https://www.scopus.com/inward/record.uri?partnerID=HzOxMe3b&scp=85104934895&origin=inward,https://www.scopus.com/inward/citedby.uri?partnerID=HzOxMe3b&scp=85104934895&origin=inward,,2026-04-12 18:32:16,Article,10.1007/s00244-021-00827-1,00904341,https://api.elsevier.com/content/abstract/scopus_id/85104934895,82,2,,,,5.67,17.0,1,3,,,,85104934895,2-s2.0-85104934895
2,Kumar Y.R.S.,Anomaly Detection framework for efficient sensing in healthcare IoT systems,2022,3rd IEEE 2022 International Conference on Computing Communication and Intelligent Systems Icccis 2022,,https://www.scopus.com/inward/record.uri?partnerID=HzOxMe3b&scp=85149140544&origin=inward,https://www.scopus.com/inward/citedby.uri?partnerID=HzOxMe3b&scp=85149140544&origin=inward,,2026-04-12 18:32:16,Conference Paper,10.1109/ICCCIS56430.2022.10037735,,https://api.elsevier.com/content/abstract/scopus_id/85149140544,,,,,,0.67,2.0,1,3,,,,85149140544,2-s2.0-85149140544
9,Liu B.,Industrial process monitoring based on optimal active relative entropy components,2022,Measurement Journal of the International Measurement Confederation,,https://www.scopus.com/inward/record.uri?partnerID=HzOxMe3b&scp=85130371815&origin=inward,https://www.scopus.com/inward/citedby.uri?partnerID=HzOxMe3b&scp=85130371815&origin=inward,,2026-04-12 18:32:16,Article,10.1016/j.measurement.2022.111160,02632241,https://api.elsevier.com/content/abstract/scopus_id/85130371815,197,,,,,3.0,9.0,1,3,,,,85130371815,2-s2.0-85130371815
6,Zhenxing M.,A new subgenus of Epeorus and its five species from China (Ephemeroptera: Heptageniidae),2022,Insect Systematics and Evolution,,https://www.scopus.com/inward/record.uri?partnerID=HzOxMe3b&scp=85123840391&origin=inward,https://www.scopus.com/inward/citedby.uri?partnerID=HzOxMe3b&scp=85123840391&origin=inward,,2026-04-12 18:32:16,Article,10.1163/1876312X-bja10028,1399560X,https://api.elsevier.com/content/abstract/scopus_id/85123840391,53,3,,,,2.0,6.0,1,3,,,,85123840391,2-s2.0-85123840391
14,Prokop J.,Abdominal serial homologues of wings in Paleozoic insects,2022,Current Biology,,https://www.scopus.com/inward/record.uri?partnerID=HzOxMe3b&scp=85135768407&origin=inward,https://www.scopus.com/inward/citedby.uri?partnerID=HzOxMe3b&scp=85135768407&origin=inward,,2026-04-12 18:32:16,Article,10.1016/j.cub.2022.06.024,09609822,https://api.elsevier.com/content/abstract/scopus_id/85135768407,32,15,,,,4.67,14.0,1,3,,,,85135768407,2-s2.0-85135768407
3,Tong Y.,"The first complete mitochondrial genome of Hexagenia rigida Mc Dunnough, 1924 (Ephemeroptera: Ephemeridae) and its phylogeny",2022,Mitochondrial DNA Part B Resources,,https://www.scopus.com/inward/record.uri?partnerID=HzOxMe3b&scp=85133081792&origin=inward,https://www.scopus.com/inward/citedby.uri?partnerID=HzOxMe3b&scp=85133081792&origin=inward,,2026-04-12 18:32:16,Article,10.1080/23802359.2022.2086498,,https://api.elsevier.com/content/abstract/scopus_id/85133081792,7,6,,,,1.0,3.0,1,3,,,,85133081792,2-s2.0-85133081792
16,Tong Y.,"Cryptic Species Exist in Vietnamella sinensis Hsu, 1936 (Insecta: Ephemeroptera) from Studies of Complete Mitochondrial Genomes",2022,Insects,,https://www.scopus.com/inward/record.uri?partnerID=HzOxMe3b&scp=85129880159&origin=inward,https://www.scopus.com/inward/citedby.uri?partnerID=HzOxMe3b&scp=85129880159&origin=inward,,2026-04-12 18:32:16,Article,10.3390/insects13050412,,https://api.elsevier.com/content/abstract/scopus_id/85129880159,13,5,,,,5.33,16.0,1,3,,,,85129880159,2-s2.0-85129880159
0,Bernath Rosi M.,"Diversity and community structure of Ephemeroptera, Plecoptera and Trichoptera in Kolli hills of the Eastern Ghats, India",2022,Entomon,,https://www.scopus.com/inward/record.uri?partnerID=HzOxMe3b&scp=85147001493&origin=inward,https://www.scopus.com/inward/citedby.uri?partnerID=HzOxMe3b&scp=85147001493&origin=inward,,2026-04-12 18:32:16,Article,10.33307/entomon.v47i4.802,03779335,https://api.elsevier.com/content/abstract/scopus_id/85147001493,47,4,,,,0.0,0.0,1,3,,,,85147001493,2-s2.0-85147001493
9,Alshahrani H.J.,Computational Linguistics with Deep-Learning-Based Intent Detection for Natural Language Understanding,2022,Applied Sciences Switzerland,,https://www.scopus.com/inward/record.uri?partnerID=HzOxMe3b&scp=85137780835&origin=inward,https://www.scopus.com/inward/citedby.uri?partnerID=HzOxMe3b&scp=85137780835&origin=inward,,2026-04-12 18:32:16,Article,10.3390/app12178633,,https://api.elsevier.com/content/abstract/scopus_id/85137780835,12,17,,,,3.0,9.0,1,3,,,,85137780835,2-s2.0-85137780835
7,Kluge N.J.,"Review of the Kimminsula-complex (Ephemeroptera, Leptophlebiidae)",2022,Zootaxa,,https://www.scopus.com/inward/record.uri?partnerID=HzOxMe3b&scp=85141968624&origin=inward,https://www.scopus.com/inward/citedby.uri?partnerID=HzOxMe3b&scp=85141968624&origin=inward,,2026-04-12 18:32:16,Article,10.11646/zootaxa.5212.1.1,11755326,https://api.elsevier.com/content/abstract/scopus_id/85141968624,5212,1,,,,2.33,7.0,1,3,,,,85141968624,2-s2.0-85141968624
9,Baker J.A.,Evaluation of Sublethal Toxicity of Nitrite to a Suite of Aquatic Organisms in Support of the Derivation of a Chronic Environmental Water Quality Benchmark,2022,Archives of Environmental Contamination and Toxicology,,https://www.scopus.com/inward/record.uri?partnerID=HzOxMe3b&scp=85133025321&origin=inward,https://www.scopus.com/inward/citedby.uri?partnerID=HzOxMe3b&scp=85133025321&origin=inward,,2026-04-12 18:32:16,Article,10.1007/s00244-022-00941-8,00904341,https://api.elsevier.com/content/abstract/scopus_id/85133025321,83,1,,,,3.0,9.0,1,3,,,,85133025321,2-s2.0-85133025321
20,Garain A.,"GRaNN: feature selection with golden ratio-aided neural network for emotion, gender and speaker identification from voice signals",2022,Neural Computing and Applications,,https://www.scopus.com/inward/record.uri?partnerID=HzOxMe3b&scp=85129583212&origin=inward,https://www.scopus.com/inward/citedby.uri?partnerID=HzOxMe3b&scp=85129583212&origin=inward,,2026-04-12 18:32:16,Article,10.1007/s00521-022-07261-x,09410643,https://api.elsevier.com/content/abstract/scopus_id/85129583212,34,17,,,,6.67,20.0,1,3,,,,85129583212,2-s2.0-85129583212
0,Cárdenas López T.,A new species of Tricorythodes Ulmer from Colombia and additional notes on T. serratus (Baumgardner & Ávila) (Ephemeroptera: Leptohyphidae),2022,Zootaxa,,https://www.scopus.com/inward/record.uri?partnerID=HzOxMe3b&scp=85137716451&origin=inward,https://www.scopus.com/inward/citedby.uri?partnerID=HzOxMe3b&scp=85137716451&origin=inward,,2026-04-12 18:32:16,Article,10.11646/zootaxa.5154.3.10,11755326,https://api.elsevier.com/content/abstract/scopus_id/85137716451,5154,3,,,,0.0,0.0,1,3,,,,85137716451,2-s2.0-85137716451
6,Hu Z.,Damage Identification Method and Uncertainty Analysis of Beam Structures Based on SVM and Swarm Intelligence Algorithm,2022,Buildings,,https://www.scopus.com/inward/record.uri?partnerID=HzOxMe3b&scp=85149448167&origin=inward,https://www.scopus.com/inward/citedby.uri?partnerID=HzOxMe3b&scp=85149448167&origin=inward,,2026-04-12 18:32:16,Article,10.3390/buildings12111950,,https://api.elsevier.com/content/abstract/scopus_id/85149448167,12,11,,,,2.0,6.0,1,3,,,,85149448167,2-s2.0-85149448167
2,Murillo Z.M.,Generic richness and distribution of efemeropteros (Insecta: Ephemeroptera) from Choco Limnological Collection,2022,Biota Colombiana,,https://www.scopus.com/inward/record.uri?partnerID=HzOxMe3b&scp=85132222859&origin=inward,https://www.scopus.com/inward/citedby.uri?partnerID=HzOxMe3b&scp=85132222859&origin=inward,,2026-04-12 18:32:16,Article,10.21068/2539200X.1049,,https://api.elsevier.com/content/abstract/scopus_id/85132222859,23,2,,,,0.67,2.0,1,3,,,,85132222859,2-s2.0-85132222859
25,Radhika A.,Crop Yield Prediction by Integrating Et-DP Dimensionality Reduction and ABP-XGBOOST Technique,2022,Journal of Internet Services and Information Security,,https://www.scopus.com/inward/record.uri?partnerID=HzOxMe3b&scp=85150351043&origin=inward,https://www.scopus.com/inward/citedby.uri?partnerID=HzOxMe3b&scp=85150351043&origin=inward,,2026-04-12 18:32:16,Article,10.58346/JISIS.2022.I4.013,21822069,https://api.elsevier.com/content/abstract/scopus_id/85150351043,12,4,,,,8.33,25.0,1,3,,,,85150351043,2-s2.0-85150351043
11,Marzouk R.,Hybrid Deep Learning Enabled Intrusion Detection in Clustered IIoT Environment,2022,Computers Materials and Continua,,https://www.scopus.com/inward/record.uri?partnerID=HzOxMe3b&scp=85127309499&origin=inward,https://www.scopus.com/inward/citedby.uri?partnerID=HzOxMe3b&scp=85127309499&origin=inward,,2026-04-12 18:32:16,Article,10.32604/cmc.2022.027483,15462218,https://api.elsevier.com/content/abstract/scopus_id/85127309499,72,2,,,,3.67,11.0,1,3,,,,85127309499,2-s2.0-85127309499
0,Ma Z.,Monitoring method for abnormal conditions of cement pre-decomposition based on PCA and MA-OCSVM algorithm,2022,Proceedings 2022 Chinese Automation Congress Cac 2022,,https://www.scopus.com/inward/record.uri?partnerID=HzOxMe3b&scp=85151129031&origin=inward,https://www.scopus.com/inward/citedby.uri?partnerID=HzOxMe3b&scp=85151129031&origin=inward,,2026-04-12 18:32:16,Conference Paper,10.1109/CAC57257.2022.10055506,,https://api.elsevier.com/content/abstract/scopus_id/85151129031,2022-January,,,,,0.0,0.0,1,3,,,,85151129031,2-s2.0-85151129031
2,Quadroni S.,Towards ecological flows: status of the benthic macroinvertebrate community during summer low-flow periods in a regulated lowland river,2022,Journal of Limnology,,https://www.scopus.com/inward/record.uri?partnerID=HzOxMe3b&scp=85161068136&origin=inward,https://www.scopus.com/inward/citedby.uri?partnerID=HzOxMe3b&scp=85161068136&origin=inward,,2026-04-12 18:32:16,Article,10.4081/jlimnol.2022.2139,11295767,https://api.elsevier.com/content/abstract/scopus_id/85161068136,81,s2,,,,0.67,2.0,1,3,,,,85161068136,2-s2.0-85161068136
9,Kanagaraj S.,Speed control of hybrid energy sources fed BLDC motor drive with FOPID controllerusing various optimization techniques,2022,Bulletin of Electrical Engineering and Informatics,,https://www.scopus.com/inward/record.uri?partnerID=HzOxMe3b&scp=85139153307&origin=inward,https://www.scopus.com/inward/citedby.uri?partnerID=HzOxMe3b&scp=85139153307&origin=inward,,2026-04-12 18:32:16,Article,10.11591/eei.v11i6.4095,20893191,https://api.elsevier.com/content/abstract/scopus_id/85139153307,11,6,,,,3.0,9.0,1,3,,,,85139153307,2-s2.0-85139153307
17,Shayeghi H.,Designing a multi-stage PD(1+PI) controller for DC–DC buck converter,2022,Energy Reports,,https://www.scopus.com/inward/record.uri?partnerID=HzOxMe3b&scp=85141471204&origin=inward,https://www.scopus.com/inward/citedby.uri?partnerID=HzOxMe3b&scp=85141471204&origin=inward,,2026-04-12 18:32:16,Article,10.1016/j.egyr.2022.10.448,,https://api.elsevier.com/content/abstract/scopus_id/85141471204,8,,,,,5.67,17.0,1,3,,,,85141471204,2-s2.0-85141471204
7,Olkeba B.K.,Habitat preference of blackflies in Omo Gibe river basin (southwest Ethiopia): Implications for onchocerciasis elimination and control,2022,Plos One,,https://www.scopus.com/inward/record.uri?partnerID=HzOxMe3b&scp=85125849558&origin=inward,https://www.scopus.com/inward/citedby.uri?partnerID=HzOxMe3b&scp=85125849558&origin=inward,,2026-04-12 18:32:16,Article,10.1371/journal.pone.0264750,,https://api.elsevier.com/content/abstract/scopus_id/85125849558,17,3 March,,,,2.33,7.0,1,3,,,,85125849558,2-s2.0-85125849558
9,Terentjev P.M.,Ecological and Morphological Characteristics and Feeding of Perch (Perca fluviatilis) in the Autumn–Winter Period in Dystrophic and Oligotrophic Lakes of Northern Karelia (Russia),2022,Inland Water Biology,,https://www.scopus.com/inward/record.uri?partnerID=HzOxMe3b&scp=85144171199&origin=inward,https://www.scopus.com/inward/citedby.uri?partnerID=HzOxMe3b&scp=85144171199&origin=inward,,2026-04-12 18:32:16,Article,10.1134/S1995082922060177,19950829,https://api.elsevier.com/content/abstract/scopus_id/85144171199,15,6,,,,3.0,9.0,1,3,,,,85144171199,2-s2.0-85144171199
0,Wang Y.,Computing Offloading Strategy Based on Improved Firework Algorithm,2022,Communications in Computer and Information Science,,https://www.scopus.com/inward/record.uri?partnerID=HzOxMe3b&scp=85135078559&origin=inward,https://www.scopus.com/inward/citedby.uri?partnerID=HzOxMe3b&scp=85135078559&origin=inward,,2026-04-12 18:32:16,Conference Paper,10.1007/978-3-031-06761-7_51,18650929,https://api.elsevier.com/content/abstract/scopus_id/85135078559,1587 CCIS,,,,,0.0,0.0,1,3,,,,85135078559,2-s2.0-85135078559
3,Anitha M.,White Shark Optimizer for Multi-Objective Optimal Allocation of Photovoltaic Distribution Generation in Electrical Distribution Networks Considering Different Kinds of Load Models and Penetration Levels,2022,International Journal of Intelligent Engineering and Systems,,https://www.scopus.com/inward/record.uri?partnerID=HzOxMe3b&scp=85132966689&origin=inward,https://www.scopus.com/inward/citedby.uri?partnerID=HzOxMe3b&scp=85132966689&origin=inward,,2026-04-12 18:32:16,Article,10.22266/ijies2022.0831.41,2185310X,https://api.elsevier.com/content/abstract/scopus_id/85132966689,15,4,,,,1.0,3.0,1,3,,,,85132966689,2-s2.0-85132966689
10,Ghazi M.R.,Machine Learning Based Obfuscated Malware Detection in the Cloud Environment with Nature-Inspired Feature Selection,2022,2022 5th International Conference on Multimedia Signal Processing and Communication Technologies Impact 2022,,https://www.scopus.com/inward/record.uri?partnerID=HzOxMe3b&scp=85148023963&origin=inward,https://www.scopus.com/inward/citedby.uri?partnerID=HzOxMe3b&scp=85148023963&origin=inward,,2026-04-12 18:32:16,Conference Paper,10.1109/IMPACT55510.2022.10029271,,https://api.elsevier.com/content/abstract/scopus_id/85148023963,,,,,,3.33,10.0,1,3,,,,85148023963,2-s2.0-85148023963
0,Boldrini R.,"Two new species of Simothraulopsis Demoulin, 1966 (Ephemeroptera: Leptophlebiidae) from Roraima State, northern Brazil",2022,Zootaxa,,https://www.scopus.com/inward/record.uri?partnerID=HzOxMe3b&scp=85143139558&origin=inward,https://www.scopus.com/inward/citedby.uri?partnerID=HzOxMe3b&scp=85143139558&origin=inward,,2026-04-12 18:32:16,Article,10.11646/zootaxa.5213.3.5,11755326,https://api.elsevier.com/content/abstract/scopus_id/85143139558,5213,3,,,,0.0,0.0,1,3,,,,85143139558,2-s2.0-85143139558
3,Mohammed S.H.,Toxicological and biochemical studies for chlorpyrifos insecticide on some mosquito larvae and their associated predators,2022,Egyptian Journal of Basic and Applied Sciences,,https://www.scopus.com/inward/record.uri?partnerID=HzOxMe3b&scp=85131036713&origin=inward,https://www.scopus.com/inward/citedby.uri?partnerID=HzOxMe3b&scp=85131036713&origin=inward,,2026-04-12 18:32:16,Article,10.1080/2314808X.2022.2062552,,https://api.elsevier.com/content/abstract/scopus_id/85131036713,9,1,,,,1.0,3.0,1,3,,,,85131036713,2-s2.0-85131036713
7,Sivasubramaniam S.,Nature Inspired Optimization with Hybrid Machine Learning Model for Cardiovascular Disease Detection and Classification,2022,International Journal of Engineering Trends and Technology,,https://www.scopus.com/inward/record.uri?partnerID=HzOxMe3b&scp=85145000388&origin=inward,https://www.scopus.com/inward/citedby.uri?partnerID=HzOxMe3b&scp=85145000388&origin=inward,,2026-04-12 18:32:16,Article,10.14445/22315381/IJETT-V70I12P214,23490918,https://api.elsevier.com/content/abstract/scopus_id/85145000388,70,12,,,,2.33,7.0,1,3,,,,85145000388,2-s2.0-85145000388
3,Garces J.M.,"Neoephemeridae (Insecta, Ephemeroptera) of the Philippines and Insights on Southeast Asian biodiversity",2022,Tijdschrift Voor Entomologie,,https://www.scopus.com/inward/record.uri?partnerID=HzOxMe3b&scp=85143132547&origin=inward,https://www.scopus.com/inward/citedby.uri?partnerID=HzOxMe3b&scp=85143132547&origin=inward,,2026-04-12 18:32:16,Article,10.1163/22119434-bja10022,00407496,https://api.elsevier.com/content/abstract/scopus_id/85143132547,165,1-3,,,,1.0,3.0,1,3,,,,85143132547,2-s2.0-85143132547
38,Al-Marghilani A.,Artificial Intelligence-Enabled Cyberbullying-Free Online Social Networks in Smart Cities,2022,International Journal of Computational Intelligence Systems,,https://www.scopus.com/inward/record.uri?partnerID=HzOxMe3b&scp=85123591848&origin=inward,https://www.scopus.com/inward/citedby.uri?partnerID=HzOxMe3b&scp=85123591848&origin=inward,,2026-04-12 18:32:16,Article,10.1007/s44196-022-00063-y,18756891,https://api.elsevier.com/content/abstract/scopus_id/85123591848,15,1,,,,12.67,38.0,1,3,,,,85123591848,2-s2.0-85123591848
4,Anbu M.,Improved mayfly optimization deep stacked sparse auto encoder feature selection scorched gradient descent driven dropout XLM learning framework for software defect prediction,2022,Concurrency and Computation Practice and Experience,,https://www.scopus.com/inward/record.uri?partnerID=HzOxMe3b&scp=85135258277&origin=inward,https://www.scopus.com/inward/citedby.uri?partnerID=HzOxMe3b&scp=85135258277&origin=inward,,2026-04-12 18:32:16,Article,10.1002/cpe.7240,15320626,https://api.elsevier.com/content/abstract/scopus_id/85135258277,34,25,,,,1.33,4.0,1,3,,,,85135258277,2-s2.0-85135258277
29,Kadry S.,Automated detection of age-related macular degeneration using a pre-trained deep-learning scheme,2022,Journal of Supercomputing,,https://www.scopus.com/inward/record.uri?partnerID=HzOxMe3b&scp=85118621334&origin=inward,https://www.scopus.com/inward/citedby.uri?partnerID=HzOxMe3b&scp=85118621334&origin=inward,,2026-04-12 18:32:16,Article,10.1007/s11227-021-04181-w,09208542,https://api.elsevier.com/content/abstract/scopus_id/85118621334,78,5,,,,9.67,29.0,1,3,,,,85118621334,2-s2.0-85118621334
4,Öztürk S.,Seasonal Distribution of Ephemeroptera (Insecta) Fauna and Relationship Among Physicochemical Parameters in the Ceyhan Basin,2022,Aquatic Sciences and Engineering,,https://www.scopus.com/inward/record.uri?partnerID=HzOxMe3b&scp=85131560074&origin=inward,https://www.scopus.com/inward/citedby.uri?partnerID=HzOxMe3b&scp=85131560074&origin=inward,,2026-04-12 18:32:16,Article,10.26650/ASE20221069026,,https://api.elsevier.com/content/abstract/scopus_id/85131560074,37,2,,,,1.33,4.0,1,3,,,,85131560074,2-s2.0-85131560074
9,Azeez A.,Prime Learning Ant Lion Optimization with Precoding and Companding for PAPR Reduction in MIMO-OFDM,2022,International Journal of Intelligent Engineering and Systems,,https://www.scopus.com/inward/record.uri?partnerID=HzOxMe3b&scp=85136499315&origin=inward,https://www.scopus.com/inward/citedby.uri?partnerID=HzOxMe3b&scp=85136499315&origin=inward,,2026-04-12 18:32:16,Article,10.22266/ijies2022.1031.38,2185310X,https://api.elsevier.com/content/abstract/scopus_id/85136499315,15,5,,,,3.0,9.0,1,3,,,,85136499315,2-s2.0-85136499315
9,Sedvall E.,Pharmaceuticals are identified in insects in River Fyris – A study with both tandem quadrupole and quadrupole-time-of-flight mass spectrometry,2022,Environmental Advances,,https://www.scopus.com/inward/record.uri?partnerID=HzOxMe3b&scp=85124847597&origin=inward,https://www.scopus.com/inward/citedby.uri?partnerID=HzOxMe3b&scp=85124847597&origin=inward,,2026-04-12 18:32:16,Article,10.1016/j.envadv.2022.100194,26667657,https://api.elsevier.com/content/abstract/scopus_id/85124847597,8,,,,,3.0,9.0,1,3,,,,85124847597,2-s2.0-85124847597
7,Al-Wesabi F.N.,Oppositional poor and rich optimization with deep learning enabled secure internet of drone communication system,2022,Computers and Electrical Engineering,,https://www.scopus.com/inward/record.uri?partnerID=HzOxMe3b&scp=85139596025&origin=inward,https://www.scopus.com/inward/citedby.uri?partnerID=HzOxMe3b&scp=85139596025&origin=inward,,2026-04-12 18:32:16,Article,10.1016/j.compeleceng.2022.108368,00457906,https://api.elsevier.com/content/abstract/scopus_id/85139596025,104,,,,,2.33,7.0,1,3,,,,85139596025,2-s2.0-85139596025
19,Brantschen J.,"Evaluation of primer pairs for eDNA-based assessment of Ephemeroptera, Plecoptera, and Trichoptera across a biogeographically diverse region",2022,Environmental DNA,,https://www.scopus.com/inward/record.uri?partnerID=HzOxMe3b&scp=85135593261&origin=inward,https://www.scopus.com/inward/citedby.uri?partnerID=HzOxMe3b&scp=85135593261&origin=inward,,2026-04-12 18:32:16,Article,10.1002/edn3.342,,https://api.elsevier.com/content/abstract/scopus_id/85135593261,4,6,,,,6.33,19.0,1,3,,,,85135593261,2-s2.0-85135593261
12,Mathivanan B.,Gait Recognition Analysis for Human Identification Analysis-A Hybrid Deep Learning Process,2022,Wireless Personal Communications,,https://www.scopus.com/inward/record.uri?partnerID=HzOxMe3b&scp=85130751121&origin=inward,https://www.scopus.com/inward/citedby.uri?partnerID=HzOxMe3b&scp=85130751121&origin=inward,,2026-04-12 18:32:16,Article,10.1007/s11277-022-09758-z,09296212,https://api.elsevier.com/content/abstract/scopus_id/85130751121,126,1,,,,4.0,12.0,1,3,,,,85130751121,2-s2.0-85130751121
1,Ding M.,"A Review of the Genus Serratella Edmunds, 1959 in China with Description of a New Species (Ephemeroptera: Ephemerellidae) †",2022,Insects,,https://www.scopus.com/inward/record.uri?partnerID=HzOxMe3b&scp=85141773687&origin=inward,https://www.scopus.com/inward/citedby.uri?partnerID=HzOxMe3b&scp=85141773687&origin=inward,,2026-04-12 18:32:16,Article,10.3390/insects13111019,,https://api.elsevier.com/content/abstract/scopus_id/85141773687,13,11,,,,0.33,1.0,1,3,,,,85141773687,2-s2.0-85141773687
10,Mathers K.L.,Patchiness in flow refugia use by macroinvertebrates following an artificial flood pulse,2022,River Research and Applications,,https://www.scopus.com/inward/record.uri?partnerID=HzOxMe3b&scp=85122934601&origin=inward,https://www.scopus.com/inward/citedby.uri?partnerID=HzOxMe3b&scp=85122934601&origin=inward,,2026-04-12 18:32:16,Article,10.1002/rra.3941,15351459,https://api.elsevier.com/content/abstract/scopus_id/85122934601,38,4,,,,3.33,10.0,1,3,,,,85122934601,2-s2.0-85122934601
3,Koster S.C.,"Testing continuity in a Michigan (USA) river using the organic biomass of adult Ephemeroptera, Plecoptera, and Trichoptera",2022,Journal of Freshwater Ecology,,https://www.scopus.com/inward/record.uri?partnerID=HzOxMe3b&scp=85131302017&origin=inward,https://www.scopus.com/inward/citedby.uri?partnerID=HzOxMe3b&scp=85131302017&origin=inward,,2026-04-12 18:32:16,Article,10.1080/02705060.2022.2079740,02705060,https://api.elsevier.com/content/abstract/scopus_id/85131302017,37,1,,,,1.0,3.0,1,3,,,,85131302017,2-s2.0-85131302017
8,Webster J.S.,"Response of arid-land macroinvertebrate communities to extremes of drought, wildfire, and monsoonal flooding",2022,River Research and Applications,,https://www.scopus.com/inward/record.uri?partnerID=HzOxMe3b&scp=85124566082&origin=inward,https://www.scopus.com/inward/citedby.uri?partnerID=HzOxMe3b&scp=85124566082&origin=inward,,2026-04-12 18:32:16,Article,10.1002/rra.3949,15351459,https://api.elsevier.com/content/abstract/scopus_id/85124566082,38,5,,,,2.67,8.0,1,3,,,,85124566082,2-s2.0-85124566082
97,Reshma G.,Deep learning-based skin lesion diagnosis model using dermoscopic images,2022,Intelligent Automation and Soft Computing,,https://www.scopus.com/inward/record.uri?partnerID=HzOxMe3b&scp=85115911030&origin=inward,https://www.scopus.com/inward/citedby.uri?partnerID=HzOxMe3b&scp=85115911030&origin=inward,,2026-04-12 18:32:16,Article,10.32604/IASC.2022.019117,10798587,https://api.elsevier.com/content/abstract/scopus_id/85115911030,31,1,,,,32.33,97.0,1,3,,,,85115911030,2-s2.0-85115911030
0,Sykes J.E.,Neorickettsiosis,2022,Greene S Infectious Diseases of the Dog and Cat Fifth Edition,,https://www.scopus.com/inward/record.uri?partnerID=HzOxMe3b&scp=85160134890&origin=inward,https://www.scopus.com/inward/citedby.uri?partnerID=HzOxMe3b&scp=85160134890&origin=inward,,2026-04-12 18:32:16,Book Chapter,10.1016/B978-0-323-50934-3.00047-1,,https://api.elsevier.com/content/abstract/scopus_id/85160134890,,,,,,0.0,0.0,1,3,,,,85160134890,2-s2.0-85160134890
5,King M.R.,"Freshwater to low salinity expression of Cretaceous Glossifungites-demarcated autogenic stratigraphic surfaces, central Utah",2022,Ichnos an International Journal of Plant and Animal,,https://www.scopus.com/inward/record.uri?partnerID=HzOxMe3b&scp=85097629720&origin=inward,https://www.scopus.com/inward/citedby.uri?partnerID=HzOxMe3b&scp=85097629720&origin=inward,,2026-04-12 18:32:16,Article,10.1080/10420940.2020.1843456,10420940,https://api.elsevier.com/content/abstract/scopus_id/85097629720,29,1,,,,1.67,5.0,1,3,,,,85097629720,2-s2.0-85097629720
22,Xia Q.,An Abnormal Traffic Detection Method for IoT Devices Based on Federated Learning and Depthwise Separable Convolutional Neural Networks,2022,Conference Proceedings of the IEEE International Performance Computing and Communications Conference,,https://www.scopus.com/inward/record.uri?partnerID=HzOxMe3b&scp=85147142115&origin=inward,https://www.scopus.com/inward/citedby.uri?partnerID=HzOxMe3b&scp=85147142115&origin=inward,,2026-04-12 18:32:16,Conference Paper,10.1109/IPCCC55026.2022.9894354,10972641,https://api.elsevier.com/content/abstract/scopus_id/85147142115,2022-November,,,,,7.33,22.0,1,3,,,,85147142115,2-s2.0-85147142115
0,,"9th International Conference on Mining Intelligence and Knowledge Exploration, MIKE 2021",2022,Lecture Notes in Computer Science Including Subseries Lecture Notes in Artificial Intelligence and Lecture Notes in Bioinformatics,,https://www.scopus.com/inward/record.uri?partnerID=HzOxMe3b&scp=85145275306&origin=inward,https://www.scopus.com/inward/citedby.uri?partnerID=HzOxMe3b&scp=85145275306&origin=inward,,2026-04-12 18:32:16,Conference Review,,03029743,https://api.elsevier.com/content/abstract/scopus_id/85145275306,13119 LNAI,,,,,0.0,0.0,0,3,,,,85145275306,2-s2.0-85145275306
0,Dietrich S.E.,DIET OF NESTLING WILLOW FLYCATCHERS IN MEADOWS OF THE SIERRA NEVADA,2022,Western Birds,,https://www.scopus.com/inward/record.uri?partnerID=HzOxMe3b&scp=85135402074&origin=inward,https://www.scopus.com/inward/citedby.uri?partnerID=HzOxMe3b&scp=85135402074&origin=inward,,2026-04-12 18:32:16,Article,10.21199/WB53.2.4,01601121,https://api.elsevier.com/content/abstract/scopus_id/85135402074,53,2,,,,0.0,0.0,1,3,,,,85135402074,2-s2.0-85135402074
0,Kočí J.,On food composition and foraging ecology of the Western Yellow Wagtail (Motacilla flava) in Western Slovakia,2022,Tichodroma,,https://www.scopus.com/inward/record.uri?partnerID=HzOxMe3b&scp=85169416337&origin=inward,https://www.scopus.com/inward/citedby.uri?partnerID=HzOxMe3b&scp=85169416337&origin=inward,,2026-04-12 18:32:16,Article,10.31577/tichodroma.2022.34.8,1337026X,https://api.elsevier.com/content/abstract/scopus_id/85169416337,2022,34,,,,0.0,0.0,1,3,,,,85169416337,2-s2.0-85169416337
5,Duraisamy A.K.,Certificateless linkable ring signature-based blockchains for securing cognitive radio networks,2022,Concurrency and Computation Practice and Experience,,https://www.scopus.com/inward/record.uri?partnerID=HzOxMe3b&scp=85135121935&origin=inward,https://www.scopus.com/inward/citedby.uri?partnerID=HzOxMe3b&scp=85135121935&origin=inward,,2026-04-12 18:32:16,Article,10.1002/cpe.7235,15320626,https://api.elsevier.com/content/abstract/scopus_id/85135121935,34,24,,,,1.67,5.0,1,3,,,,85135121935,2-s2.0-85135121935
13,Nitzsche K.N.,Calcium and strontium stable isotopes reveal similar behaviors of essential Ca and nonessential Sr in stream food webs,2022,Ecosphere,,https://www.scopus.com/inward/record.uri?partnerID=HzOxMe3b&scp=85125152921&origin=inward,https://www.scopus.com/inward/citedby.uri?partnerID=HzOxMe3b&scp=85125152921&origin=inward,,2026-04-12 18:32:16,Article,10.1002/ecs2.3921,,https://api.elsevier.com/content/abstract/scopus_id/85125152921,13,2,,,,4.33,13.0,1,3,,,,85125152921,2-s2.0-85125152921
2,Gatti F.D.,"Evolutionary history of Massartella (Ephemeroptera, Leptophlebiidae) suggests ancient vicariant event between biotas of the Pantepui and Atlantic Forest highlands",2022,Systematic Entomology,,https://www.scopus.com/inward/record.uri?partnerID=HzOxMe3b&scp=85118319823&origin=inward,https://www.scopus.com/inward/citedby.uri?partnerID=HzOxMe3b&scp=85118319823&origin=inward,,2026-04-12 18:32:16,Article,10.1111/syen.12528,03076970,https://api.elsevier.com/content/abstract/scopus_id/85118319823,47,1,,,,0.67,2.0,1,3,,,,85118319823,2-s2.0-85118319823
29,Finn D.S.,Spatiotemporal patterns of emergence phenology reveal complex species-specific responses to temperature in aquatic insects,2022,Diversity and Distributions,,https://www.scopus.com/inward/record.uri?partnerID=HzOxMe3b&scp=85123489443&origin=inward,https://www.scopus.com/inward/citedby.uri?partnerID=HzOxMe3b&scp=85123489443&origin=inward,,2026-04-12 18:32:16,Article,10.1111/ddi.13472,13669516,https://api.elsevier.com/content/abstract/scopus_id/85123489443,28,8,,,,9.67,29.0,1,3,,,,85123489443,2-s2.0-85123489443
12,Akamagwuna F.C.,"Functional groups of Afrotropical EPT (Ephemeroptera, Plecoptera and Trichoptera) as bioindicators of semi-urban pollution in the Tsitsa River Catchment, Eastern Cape, South Africa",2022,Peerj,,https://www.scopus.com/inward/record.uri?partnerID=HzOxMe3b&scp=85145362426&origin=inward,https://www.scopus.com/inward/citedby.uri?partnerID=HzOxMe3b&scp=85145362426&origin=inward,,2026-04-12 18:32:16,Article,10.7717/peerj.13970,,https://api.elsevier.com/content/abstract/scopus_id/85145362426,10,,,,,4.0,12.0,1,3,,,,85145362426,2-s2.0-85145362426
17,Muthanna M.S.A.,Towards optimal positioning and energy-efficient UAV path scheduling in IoT applications,2022,Computer Communications,,https://www.scopus.com/inward/record.uri?partnerID=HzOxMe3b&scp=85130139586&origin=inward,https://www.scopus.com/inward/citedby.uri?partnerID=HzOxMe3b&scp=85130139586&origin=inward,,2026-04-12 18:32:16,Article,10.1016/j.comcom.2022.04.029,01403664,https://api.elsevier.com/content/abstract/scopus_id/85130139586,191,,,,,5.67,17.0,1,3,,,,85130139586,2-s2.0-85130139586
6,Çetinkaya M.B.,"Performance Comparison of Most Recently Proposed Evolutionary, Swarm Intelligence, and Physics-Based Metaheuristic Algorithms for Retinal Vessel Segmentation",2022,Mathematical Problems in Engineering,,https://www.scopus.com/inward/record.uri?partnerID=HzOxMe3b&scp=85126340044&origin=inward,https://www.scopus.com/inward/citedby.uri?partnerID=HzOxMe3b&scp=85126340044&origin=inward,,2026-04-12 18:32:16,Article,10.1155/2022/4639208,1024123X,https://api.elsevier.com/content/abstract/scopus_id/85126340044,2022,,,,,2.0,6.0,1,3,,,,85126340044,2-s2.0-85126340044
5,Mansour R.F.,Cognitive Computing-Based Mammographic Image Classification on an Internet of Medical,2022,Computers Materials and Continua,,https://www.scopus.com/inward/record.uri?partnerID=HzOxMe3b&scp=85127351378&origin=inward,https://www.scopus.com/inward/citedby.uri?partnerID=HzOxMe3b&scp=85127351378&origin=inward,,2026-04-12 18:32:16,Article,10.32604/cmc.2022.026515,15462218,https://api.elsevier.com/content/abstract/scopus_id/85127351378,72,2,,,,1.67,5.0,1,3,,,,85127351378,2-s2.0-85127351378
65,Muthanna M.S.A.,Deep reinforcement learning based transmission policy enforcement and multi-hop routing in QoS aware LoRa IoT networks,2022,Computer Communications,,https://www.scopus.com/inward/record.uri?partnerID=HzOxMe3b&scp=85120672503&origin=inward,https://www.scopus.com/inward/citedby.uri?partnerID=HzOxMe3b&scp=85120672503&origin=inward,,2026-04-12 18:32:16,Article,10.1016/j.comcom.2021.11.010,01403664,https://api.elsevier.com/content/abstract/scopus_id/85120672503,183,,,,,21.67,65.0,1,3,,,,85120672503,2-s2.0-85120672503
0,Urdánigo Zambrano J.P.,"Bioindicators of water quality with different riparian cover in the Guapara micro watershed, Ecuador",2022,Revista De La Facultad De Agronomia,,https://www.scopus.com/inward/record.uri?partnerID=HzOxMe3b&scp=85142413053&origin=inward,https://www.scopus.com/inward/citedby.uri?partnerID=HzOxMe3b&scp=85142413053&origin=inward,,2026-04-12 18:32:16,Article,10.47280/RevFacAgron(LUZ).v39.n4.07,03787818,https://api.elsevier.com/content/abstract/scopus_id/85142413053,39,4,,,,0.0,0.0,1,3,,,,85142413053,2-s2.0-85142413053
5,Cineas C.,"Species richness and composition of Caribbean aquatic entomofauna: role of climate, island area, and distance to mainland",2022,Frontiers of Biogeography,,https://www.scopus.com/inward/record.uri?partnerID=HzOxMe3b&scp=85138013717&origin=inward,https://www.scopus.com/inward/citedby.uri?partnerID=HzOxMe3b&scp=85138013717&origin=inward,,2026-04-12 18:32:16,Article,10.21425/F5FBG54479,,https://api.elsevier.com/content/abstract/scopus_id/85138013717,14,3,,,,1.67,5.0,1,3,,,,85138013717,2-s2.0-85138013717
6,Šidagytė-Copilas E.,A multimetric macroinvertebrate index for the assessment of the ecological status of Lithuanian rivers,2022,Limnologica,,https://www.scopus.com/inward/record.uri?partnerID=HzOxMe3b&scp=85138502629&origin=inward,https://www.scopus.com/inward/citedby.uri?partnerID=HzOxMe3b&scp=85138502629&origin=inward,,2026-04-12 18:32:16,Article,10.1016/j.limno.2022.126010,00759511,https://api.elsevier.com/content/abstract/scopus_id/85138502629,97,,,,,2.0,6.0,1,3,,,,85138502629,2-s2.0-85138502629
4,Scheibler E.E.,Macroinvertebrate communities in high mountain desert wetlands: Building biological indexes to address the vulnerability of species and communities,2022,Insect Conservation and Diversity,,https://www.scopus.com/inward/record.uri?partnerID=HzOxMe3b&scp=85134397287&origin=inward,https://www.scopus.com/inward/citedby.uri?partnerID=HzOxMe3b&scp=85134397287&origin=inward,,2026-04-12 18:32:16,Article,10.1111/icad.12597,1752458X,https://api.elsevier.com/content/abstract/scopus_id/85134397287,15,6,,,,1.33,4.0,1,3,,,,85134397287,2-s2.0-85134397287
6,Ghiasvand F.S.,Multi-retailer energy procurement in smart grid environment with the presence of renewable energy resources and energy storage system,2022,Journal of Energy Storage,,https://www.scopus.com/inward/record.uri?partnerID=HzOxMe3b&scp=85138468211&origin=inward,https://www.scopus.com/inward/citedby.uri?partnerID=HzOxMe3b&scp=85138468211&origin=inward,,2026-04-12 18:32:16,Article,10.1016/j.est.2022.105585,,https://api.elsevier.com/content/abstract/scopus_id/85138468211,55,,,,,2.0,6.0,1,3,,,,85138468211,2-s2.0-85138468211
14,Kownacki A.,The Impact of Pollution on Diversity and Density of Benthic Macroinvertebrates in Mountain and Upland Rivers,2022,Water Switzerland,,https://www.scopus.com/inward/record.uri?partnerID=HzOxMe3b&scp=85129246379&origin=inward,https://www.scopus.com/inward/citedby.uri?partnerID=HzOxMe3b&scp=85129246379&origin=inward,,2026-04-12 18:32:16,Article,10.3390/w14091349,,https://api.elsevier.com/content/abstract/scopus_id/85129246379,14,9,,,,4.67,14.0,1,3,,,,85129246379,2-s2.0-85129246379
0,Boldrini R.,"Male subimago of Massartella venezuelensis Pescador & Peters, 1990 (Ephemeroptera: Leptophlebiidae)",2022,Zootaxa,,https://www.scopus.com/inward/record.uri?partnerID=HzOxMe3b&scp=85141987814&origin=inward,https://www.scopus.com/inward/citedby.uri?partnerID=HzOxMe3b&scp=85141987814&origin=inward,,2026-04-12 18:32:16,Letter,10.11646/zootaxa.5205.3.7,11755326,https://api.elsevier.com/content/abstract/scopus_id/85141987814,5205,3,,,,0.0,0.0,1,3,,,,85141987814,2-s2.0-85141987814
9,Fekadu M.B.,"Impacts of Anthropogenic Activities on the Benthic Macroinvertebrate Assemblages During the Wet Season in Kipsinende River, Kenya",2022,Turkish Journal of Fisheries and Aquatic Sciences,,https://www.scopus.com/inward/record.uri?partnerID=HzOxMe3b&scp=85123207000&origin=inward,https://www.scopus.com/inward/citedby.uri?partnerID=HzOxMe3b&scp=85123207000&origin=inward,,2026-04-12 18:32:16,Article,10.4194/TRJFAS18410,13032712,https://api.elsevier.com/content/abstract/scopus_id/85123207000,22,6,,,,3.0,9.0,1,3,,,,85123207000,2-s2.0-85123207000
5,Bunyangha J.,"Soil Macroinvertebrate Response to Paddy Rice Farming Pathways in Mpologoma Catchment, Uganda",2022,Agronomy,,https://www.scopus.com/inward/record.uri?partnerID=HzOxMe3b&scp=85124991764&origin=inward,https://www.scopus.com/inward/citedby.uri?partnerID=HzOxMe3b&scp=85124991764&origin=inward,,2026-04-12 18:32:16,Article,10.3390/agronomy12020312,,https://api.elsevier.com/content/abstract/scopus_id/85124991764,12,2,,,,1.67,5.0,1,3,,,,85124991764,2-s2.0-85124991764
7,Bilalii A.,"The Composition and Abundance of the Macroinvertebrate Fauna in the Leqinat Lake, National Park Bjeshkët e Nemuna, Kosovo",2022,Ecological Engineering and Environmental Technology,,https://www.scopus.com/inward/record.uri?partnerID=HzOxMe3b&scp=85137776087&origin=inward,https://www.scopus.com/inward/citedby.uri?partnerID=HzOxMe3b&scp=85137776087&origin=inward,,2026-04-12 18:32:16,Article,10.12912/27197050/152955,,https://api.elsevier.com/content/abstract/scopus_id/85137776087,23,6,,,,2.33,7.0,1,3,,,,85137776087,2-s2.0-85137776087
1,Shustov Y.A.,Food Competition between River Perch and European Whitefish in the Water Bodies of the Republic of Karelia,2022,Hydrobiological Journal,,https://www.scopus.com/inward/record.uri?partnerID=HzOxMe3b&scp=85125037942&origin=inward,https://www.scopus.com/inward/citedby.uri?partnerID=HzOxMe3b&scp=85125037942&origin=inward,,2026-04-12 18:32:16,Article,10.1615/HYDROBJ.V58.I1.30,00188166,https://api.elsevier.com/content/abstract/scopus_id/85125037942,58,1,,,,0.33,1.0,1,3,,,,85125037942,2-s2.0-85125037942
10,Zewudu A.,"Development of a multimetric index for assessing the ecological integrity of some selected rivers and streams in the north-eastern part of Lake Tana sub-basin, Ethiopia",2022,African Journal of Aquatic Science,,https://www.scopus.com/inward/record.uri?partnerID=HzOxMe3b&scp=85116802585&origin=inward,https://www.scopus.com/inward/citedby.uri?partnerID=HzOxMe3b&scp=85116802585&origin=inward,,2026-04-12 18:32:16,Article,10.2989/16085914.2021.1933375,16085914,https://api.elsevier.com/content/abstract/scopus_id/85116802585,47,1,,,,3.33,10.0,1,3,,,,85116802585,2-s2.0-85116802585
0,López Lastra C.C.,An updated checklist and literature review of Harpellales (Kickxellomycotina) and other endobionts associated with the guts of arthropods from Argentina,2022,Gayana Botanica,,https://www.scopus.com/inward/record.uri?partnerID=HzOxMe3b&scp=85137981650&origin=inward,https://www.scopus.com/inward/citedby.uri?partnerID=HzOxMe3b&scp=85137981650&origin=inward,,2026-04-12 18:32:16,Article,10.4067/S0717-66432022000100001,00165301,https://api.elsevier.com/content/abstract/scopus_id/85137981650,79,1,,,,0.0,0.0,1,3,,,,85137981650,2-s2.0-85137981650
7,Singh N.,"Monitoring and assessment of anthropogenic impacts on water quality by estimating the BMWP and ASPT indices for a headwater stream in Doon Valley, India",2022,Sustainable Water Resources Management,,https://www.scopus.com/inward/record.uri?partnerID=HzOxMe3b&scp=85133463997&origin=inward,https://www.scopus.com/inward/citedby.uri?partnerID=HzOxMe3b&scp=85133463997&origin=inward,,2026-04-12 18:32:16,Article,10.1007/s40899-022-00701-5,23635037,https://api.elsevier.com/content/abstract/scopus_id/85133463997,8,4,,,,2.33,7.0,1,3,,,,85133463997,2-s2.0-85133463997
5,Srinivasan P.,"A new species of Clypeocaenis Soldán 1978 (Ephemeroptera: Caenidae) from Tamil Nadu, India",2022,Zootaxa,,https://www.scopus.com/inward/record.uri?partnerID=HzOxMe3b&scp=85134440410&origin=inward,https://www.scopus.com/inward/citedby.uri?partnerID=HzOxMe3b&scp=85134440410&origin=inward,,2026-04-12 18:32:16,Article,10.11646/zootaxa.5091.3.6,11755326,https://api.elsevier.com/content/abstract/scopus_id/85134440410,5091,3,,,,1.67,5.0,1,3,,,,85134440410,2-s2.0-85134440410
12,Raitif J.,Assessing spatial deposition of aquatic subsidies by insects emerging from agricultural streams,2022,Science of the Total Environment,,https://www.scopus.com/inward/record.uri?partnerID=HzOxMe3b&scp=85129994257&origin=inward,https://www.scopus.com/inward/citedby.uri?partnerID=HzOxMe3b&scp=85129994257&origin=inward,,2026-04-12 18:32:16,Article,10.1016/j.scitotenv.2022.155686,00489697,https://api.elsevier.com/content/abstract/scopus_id/85129994257,837,,,,,4.0,12.0,1,3,,,,85129994257,2-s2.0-85129994257
0,Srinivasan P.,"A new species of Megaglena Peters & Edmunds, 1970 (Ephemeroptera: Leptophlebiidae) from Tamil Nadu, India",2022,Zootaxa,,https://www.scopus.com/inward/record.uri?partnerID=HzOxMe3b&scp=85137757926&origin=inward,https://www.scopus.com/inward/citedby.uri?partnerID=HzOxMe3b&scp=85137757926&origin=inward,,2026-04-12 18:32:16,Article,10.11646/zootaxa.5138.1.8,11755326,https://api.elsevier.com/content/abstract/scopus_id/85137757926,5138,1,,,,0.0,0.0,1,3,,,,85137757926,2-s2.0-85137757926
2,Cabral J.,"A new species of Campsurus Eaton, 1868 (Ephemeroptera: Polymitarcyidae) from Brazil",2022,Zootaxa,,https://www.scopus.com/inward/record.uri?partnerID=HzOxMe3b&scp=85143128818&origin=inward,https://www.scopus.com/inward/citedby.uri?partnerID=HzOxMe3b&scp=85143128818&origin=inward,,2026-04-12 18:32:16,Article,10.11646/zootaxa.5213.3.2,11755326,https://api.elsevier.com/content/abstract/scopus_id/85143128818,5213,3,,,,0.67,2.0,1,3,,,,85143128818,2-s2.0-85143128818
4,Webb J.M.,DNA Barcoding Takes Bioassessment Further: New Distribution Records for Aquatic Macroinvertebrates from Alaskan National Parks,2022,Proceedings of the Entomological Society of Washington,,https://www.scopus.com/inward/record.uri?partnerID=HzOxMe3b&scp=85139089471&origin=inward,https://www.scopus.com/inward/citedby.uri?partnerID=HzOxMe3b&scp=85139089471&origin=inward,,2026-04-12 18:32:16,Article,10.4289/0013-8797.124.1.131,00138797,https://api.elsevier.com/content/abstract/scopus_id/85139089471,124,1,,,,1.33,4.0,1,3,,,,85139089471,2-s2.0-85139089471
2,Fuentes N.,"Long-term responses of macroinvertebrate assemblages to the 2011 eruption of the Puyehue-Cordón Caulle volcanic complex, Chile",2022,Science of the Total Environment,,https://www.scopus.com/inward/record.uri?partnerID=HzOxMe3b&scp=85118278299&origin=inward,https://www.scopus.com/inward/citedby.uri?partnerID=HzOxMe3b&scp=85118278299&origin=inward,,2026-04-12 18:32:16,Article,10.1016/j.scitotenv.2021.150978,00489697,https://api.elsevier.com/content/abstract/scopus_id/85118278299,807,,,,,0.67,2.0,1,3,,,,85118278299,2-s2.0-85118278299
0,Malzacher P.,"Redescription of Caenis hoggariensis Grandi, 1951 (Insecta: Ephemeroptera: Caenidae)",2022,Integrative Systematics,,https://www.scopus.com/inward/record.uri?partnerID=HzOxMe3b&scp=85148716733&origin=inward,https://www.scopus.com/inward/citedby.uri?partnerID=HzOxMe3b&scp=85148716733&origin=inward,,2026-04-12 18:32:16,Article,10.18476/2022.378676,26282380,https://api.elsevier.com/content/abstract/scopus_id/85148716733,5,2,,,,0.0,0.0,1,3,,,,85148716733,2-s2.0-85148716733
1,Nascimento S.R.S.,"New species and records of Caenidae Newman, 1853 (Insecta: Ephemeroptera) from Northeastern Brazil",2022,Zootaxa,,https://www.scopus.com/inward/record.uri?partnerID=HzOxMe3b&scp=85137815298&origin=inward,https://www.scopus.com/inward/citedby.uri?partnerID=HzOxMe3b&scp=85137815298&origin=inward,,2026-04-12 18:32:16,Article,10.11646/zootaxa.5133.1.5,11755326,https://api.elsevier.com/content/abstract/scopus_id/85137815298,5133,1,,,,0.33,1.0,1,3,,,,85137815298,2-s2.0-85137815298
2,Lares B.,"Influence of agricultural practices on the composition of macroinvertebrate assemblages in the Neuquén River, Patagonia (Argentina)",2022,Ecologia Austral,,https://www.scopus.com/inward/record.uri?partnerID=HzOxMe3b&scp=85147741839&origin=inward,https://www.scopus.com/inward/citedby.uri?partnerID=HzOxMe3b&scp=85147741839&origin=inward,,2026-04-12 18:32:16,Article,10.25260/EA.22.32.3.0.1758,03275477,https://api.elsevier.com/content/abstract/scopus_id/85147741839,32,3,,,,0.67,2.0,1,3,,,,85147741839,2-s2.0-85147741839
1,Murari T.,Big data analytics with oenn based clinical decision support system,2022,Intelligent Automation and Soft Computing,,https://www.scopus.com/inward/record.uri?partnerID=HzOxMe3b&scp=85116252009&origin=inward,https://www.scopus.com/inward/citedby.uri?partnerID=HzOxMe3b&scp=85116252009&origin=inward,,2026-04-12 18:32:16,Article,10.32604/iasc.2022.020203,10798587,https://api.elsevier.com/content/abstract/scopus_id/85116252009,31,2,,,,0.33,1.0,1,3,,,,85116252009,2-s2.0-85116252009
0,Velásquez-Rodríguez K.,"The imago of Baetodes traverae Mayo, 1972 (Ephemeroptera: Baetidae), with a redescription of the nymph",2022,Zootaxa,,https://www.scopus.com/inward/record.uri?partnerID=HzOxMe3b&scp=85134439283&origin=inward,https://www.scopus.com/inward/citedby.uri?partnerID=HzOxMe3b&scp=85134439283&origin=inward,,2026-04-12 18:32:16,Article,10.11646/zootaxa.5091.4.4,11755326,https://api.elsevier.com/content/abstract/scopus_id/85134439283,5091,4,,,,0.0,0.0,1,3,,,,85134439283,2-s2.0-85134439283
1,Hasriyanty,The diversity of aquatic insects surrounding the gold mining areas of Central Sulawesi and their relation with mercury levels and water quality,2022,Jurnal Entomologi Indonesia,,https://www.scopus.com/inward/record.uri?partnerID=HzOxMe3b&scp=105004852221&origin=inward,https://www.scopus.com/inward/citedby.uri?partnerID=HzOxMe3b&scp=105004852221&origin=inward,,2026-04-12 18:32:16,Article,10.5994/jei.19.3.235,18297722,https://api.elsevier.com/content/abstract/scopus_id/105004852221,19,3,,,,0.33,1.0,1,3,,,,105004852221,2-s2.0-105004852221
2,Campos R.,"Hagenulopsis Ulmer (Ephemeroptera: Leptophlebiidae): re-description, morphological notes and a new species from South America, Brazil",2022,Zootaxa,,https://www.scopus.com/inward/record.uri?partnerID=HzOxMe3b&scp=85127745515&origin=inward,https://www.scopus.com/inward/citedby.uri?partnerID=HzOxMe3b&scp=85127745515&origin=inward,,2026-04-12 18:32:16,Article,10.11646/zootaxa.5100.1.3,11755326,https://api.elsevier.com/content/abstract/scopus_id/85127745515,5100,1,,,,0.67,2.0,1,3,,,,85127745515,2-s2.0-85127745515
12,Yang X.,High-altitude Inspection Technology of Substation Based on Fusion of Unmanned Aerial Vehicle and Multiple Sensors,2022,Sensors and Materials,,https://www.scopus.com/inward/record.uri?partnerID=HzOxMe3b&scp=85138469772&origin=inward,https://www.scopus.com/inward/citedby.uri?partnerID=HzOxMe3b&scp=85138469772&origin=inward,,2026-04-12 18:32:16,Article,10.18494/SAM3933,09144935,https://api.elsevier.com/content/abstract/scopus_id/85138469772,34,8 Part 3,,,,4.0,12.0,1,3,,,,85138469772,2-s2.0-85138469772
7,Malzacher P.,"Trait evolution of the male genitalia in the speciose genus Caenis, with emphasis on forcipes structure (Insecta: Ephemeroptera: Caenidae)",2022,Integrative Systematics,,https://www.scopus.com/inward/record.uri?partnerID=HzOxMe3b&scp=85139460054&origin=inward,https://www.scopus.com/inward/citedby.uri?partnerID=HzOxMe3b&scp=85139460054&origin=inward,,2026-04-12 18:32:16,Article,10.18476/2022.253690,26282380,https://api.elsevier.com/content/abstract/scopus_id/85139460054,5,1,,,,2.33,7.0,1,3,,,,85139460054,2-s2.0-85139460054
1,Aguilera E.,DIET AND FOOD RESOURCE PARTITIONING AMONG SIX IBIS SPECIES IN THE VENEZUELAN LLANOS,2022,Ornitologia Neotropical,,https://www.scopus.com/inward/record.uri?partnerID=HzOxMe3b&scp=85164399778&origin=inward,https://www.scopus.com/inward/citedby.uri?partnerID=HzOxMe3b&scp=85164399778&origin=inward,,2026-04-12 18:32:16,Article,10.58843/ornneo.vi.1091,10754377,https://api.elsevier.com/content/abstract/scopus_id/85164399778,33,2,,,,0.33,1.0,1,3,,,,85164399778,2-s2.0-85164399778
1,Malzacher P.,New species and records of Caeninae from Kenya (Insecta: Ephemeroptera: Caenidae),2022,Integrative Systematics,,https://www.scopus.com/inward/record.uri?partnerID=HzOxMe3b&scp=85148760298&origin=inward,https://www.scopus.com/inward/citedby.uri?partnerID=HzOxMe3b&scp=85148760298&origin=inward,,2026-04-12 18:32:16,Article,10.18476/2022.457633,26282380,https://api.elsevier.com/content/abstract/scopus_id/85148760298,5,2,,,,0.33,1.0,1,3,,,,85148760298,2-s2.0-85148760298
3,Balasubramani M.A.,Numerical Investigation of Dynamic Stress Distribution in a Railway Embankment Reinforced by Geogrid Based Weak Soil Formation Using Hybrid RNN-EHO,2022,Communications in Computer and Information Science,,https://www.scopus.com/inward/record.uri?partnerID=HzOxMe3b&scp=85148687275&origin=inward,https://www.scopus.com/inward/citedby.uri?partnerID=HzOxMe3b&scp=85148687275&origin=inward,,2026-04-12 18:32:16,Conference Paper,10.1007/978-3-031-23092-9_16,18650929,https://api.elsevier.com/content/abstract/scopus_id/85148687275,1759 CCIS,,,,,1.0,3.0,1,3,,,,85148687275,2-s2.0-85148687275
0,Bramuth A.,"A habitat suitability modeling of Campylocia burmeisteri (EPHEMEROPTERA: Euthyplociidae) (Hagen, 1888) and its application on freshwater resources conservation",2022,Acta Limnologica Brasiliensia,,https://www.scopus.com/inward/record.uri?partnerID=HzOxMe3b&scp=85132659552&origin=inward,https://www.scopus.com/inward/citedby.uri?partnerID=HzOxMe3b&scp=85132659552&origin=inward,,2026-04-12 18:32:16,Article,10.1590/S2179-975X9719,01026712,https://api.elsevier.com/content/abstract/scopus_id/85132659552,34,,,,,0.0,0.0,1,3,,,,85132659552,2-s2.0-85132659552
2,López-Rodríguez M.J.,Aquatic Animal Communities of Watercourses from Sierra Nevada,2022,Landscape of the Sierra Nevada A Unique Laboratory of Global Processes in Spain,,https://www.scopus.com/inward/record.uri?partnerID=HzOxMe3b&scp=85160463968&origin=inward,https://www.scopus.com/inward/citedby.uri?partnerID=HzOxMe3b&scp=85160463968&origin=inward,,2026-04-12 18:32:16,Book Chapter,10.1007/978-3-030-94219-9_15,,https://api.elsevier.com/content/abstract/scopus_id/85160463968,,,,,,0.67,2.0,1,3,,,,85160463968,2-s2.0-85160463968
10,Gomes P.G.S.,"Does land use and land cover affect adult communities of Ephemeroptera, Plecoptera and Trichoptera (EPT)? A systematic review with meta-analysis",2022,Environmental Monitoring and Assessment,,https://www.scopus.com/inward/record.uri?partnerID=HzOxMe3b&scp=85136986558&origin=inward,https://www.scopus.com/inward/citedby.uri?partnerID=HzOxMe3b&scp=85136986558&origin=inward,,2026-04-12 18:32:16,Review,10.1007/s10661-022-10352-w,01676369,https://api.elsevier.com/content/abstract/scopus_id/85136986558,194,10,,,,3.33,10.0,1,3,,,,85136986558,2-s2.0-85136986558
4,Martynov A.V.,"Contribution to the knowledge of Teloganodidae (Ephemeroptera, Ephemerelloidea) of India",2022,Zookeys,,https://www.scopus.com/inward/record.uri?partnerID=HzOxMe3b&scp=85134382127&origin=inward,https://www.scopus.com/inward/citedby.uri?partnerID=HzOxMe3b&scp=85134382127&origin=inward,,2026-04-12 18:32:16,Article,10.3897/zookeys.1113.85448,13132989,https://api.elsevier.com/content/abstract/scopus_id/85134382127,2022,1113,,,,1.33,4.0,1,3,,,,85134382127,2-s2.0-85134382127
3,Kaltenbach T.,"First contribution to Labiobaetis Novikova & Kluge in Cambodia (Ephemeroptera, Baetidae), with description of two new species",2022,Zookeys,,https://www.scopus.com/inward/record.uri?partnerID=HzOxMe3b&scp=85140025548&origin=inward,https://www.scopus.com/inward/citedby.uri?partnerID=HzOxMe3b&scp=85140025548&origin=inward,,2026-04-12 18:32:16,Article,10.3897/zookeys.1123.90308,13132989,https://api.elsevier.com/content/abstract/scopus_id/85140025548,2022,1123,,,,1.0,3.0,1,3,,,,85140025548,2-s2.0-85140025548
2,Balaji P.,Optimal IoT Based Improved Deep Learning Model for Medical Image Classification,2022,Computers Materials and Continua,,https://www.scopus.com/inward/record.uri?partnerID=HzOxMe3b&scp=85132331764&origin=inward,https://www.scopus.com/inward/citedby.uri?partnerID=HzOxMe3b&scp=85132331764&origin=inward,,2026-04-12 18:32:16,Article,10.32604/cmc.2022.028560,15462218,https://api.elsevier.com/content/abstract/scopus_id/85132331764,73,2,,,,0.67,2.0,1,3,,,,85132331764,2-s2.0-85132331764
2,Negishi J.N.,Exceptional color preferences for flying adult aquatic insects,2022,Aquatic Ecology,,https://www.scopus.com/inward/record.uri?partnerID=HzOxMe3b&scp=85116866631&origin=inward,https://www.scopus.com/inward/citedby.uri?partnerID=HzOxMe3b&scp=85116866631&origin=inward,,2026-04-12 18:32:16,Article,10.1007/s10452-021-09914-w,13862588,https://api.elsevier.com/content/abstract/scopus_id/85116866631,56,1,,,,0.67,2.0,1,3,,,,85116866631,2-s2.0-85116866631
2,Li W.J.,"A detailed comparison of two species in the genus Potamanthus Pictet, 1843 from China (Ephemeroptera, Potamanthidae)",2022,Zookeys,,https://www.scopus.com/inward/record.uri?partnerID=HzOxMe3b&scp=85144518007&origin=inward,https://www.scopus.com/inward/citedby.uri?partnerID=HzOxMe3b&scp=85144518007&origin=inward,,2026-04-12 18:32:16,Article,10.3897/zookeys.1125.89219,13132989,https://api.elsevier.com/content/abstract/scopus_id/85144518007,2022,1125,,,,0.67,2.0,1,3,,,,85144518007,2-s2.0-85144518007
15,Caixeta E.S.,Ecotoxicological assessment of water and sediment river samples to evaluate the environmental risks of anthropogenic contamination,2022,Chemosphere,,https://www.scopus.com/inward/record.uri?partnerID=HzOxMe3b&scp=85133793496&origin=inward,https://www.scopus.com/inward/citedby.uri?partnerID=HzOxMe3b&scp=85133793496&origin=inward,,2026-04-12 18:32:16,Article,10.1016/j.chemosphere.2022.135595,00456535,https://api.elsevier.com/content/abstract/scopus_id/85133793496,306,,,,,5.0,15.0,1,3,,,,85133793496,2-s2.0-85133793496
5,Kadim M.K.,Macrozoobenthic diversity and heavy metals (Pb and Hg) accumulation in Bone River Gorontalo Indonesia,2022,Iop Conference Series Earth and Environmental Science,,https://www.scopus.com/inward/record.uri?partnerID=HzOxMe3b&scp=85146551144&origin=inward,https://www.scopus.com/inward/citedby.uri?partnerID=HzOxMe3b&scp=85146551144&origin=inward,,2026-04-12 18:32:16,Conference Paper,10.1088/1755-1315/1118/1/012052,17551307,https://api.elsevier.com/content/abstract/scopus_id/85146551144,1118,1,,,,1.67,5.0,1,3,,,,85146551144,2-s2.0-85146551144
15,Caixeta E.S.,Ecotoxicological assessment of water and sediment river samples to evaluate the environmental risks of anthropogenic contamination,2022,Chemosphere,,https://www.scopus.com/inward/record.uri?partnerID=HzOxMe3b&scp=85133793496&origin=inward,https://www.scopus.com/inward/citedby.uri?partnerID=HzOxMe3b&scp=85133793496&origin=inward,,2026-04-12 18:32:16,Article,10.1016/j.chemosphere.2022.135595,00456535,https://api.elsevier.com/content/abstract/scopus_id/85133793496,306,,,,,5.0,15.0,1,3,,,,85133793496,2-s2.0-85133793496
1,Fátima R.,"Preliminary inventory of aquatic insects of the province of San Juan, Argentina: distribution and ecology",2022,Acta Zoologica Lilloana,,https://www.scopus.com/inward/record.uri?partnerID=HzOxMe3b&scp=85139963213&origin=inward,https://www.scopus.com/inward/citedby.uri?partnerID=HzOxMe3b&scp=85139963213&origin=inward,,2026-04-12 18:32:16,Article,10.30550/j.azl/2022.66.1/2022-02-03,00651729,https://api.elsevier.com/content/abstract/scopus_id/85139963213,66,1,,,,0.33,1.0,1,3,,,,85139963213,2-s2.0-85139963213
2,Abba E.H.,Seasonal diet of Salmo trutta macrostigma in a mountain stream (Ifrane Morocco),2022,Iop Conference Series Earth and Environmental Science,,https://www.scopus.com/inward/record.uri?partnerID=HzOxMe3b&scp=85142002182&origin=inward,https://www.scopus.com/inward/citedby.uri?partnerID=HzOxMe3b&scp=85142002182&origin=inward,,2026-04-12 18:32:16,Conference Paper,10.1088/1755-1315/1090/1/012029,17551307,https://api.elsevier.com/content/abstract/scopus_id/85142002182,1090,1,,,,0.67,2.0,1,3,,,,85142002182,2-s2.0-85142002182
4,Cruz P.V.,"It is a mess! How many species are in Rivudiva trichobasis Lugo-Ortiz & McCafferty, 1998 (Ephemeroptera: Baetidae)?",2022,European Journal of Taxonomy,,https://www.scopus.com/inward/record.uri?partnerID=HzOxMe3b&scp=85141811979&origin=inward,https://www.scopus.com/inward/citedby.uri?partnerID=HzOxMe3b&scp=85141811979&origin=inward,,2026-04-12 18:32:16,Article,10.5852/ejt.2022.789.1639,,https://api.elsevier.com/content/abstract/scopus_id/85141811979,789,,,,,1.33,4.0,1,3,,,,85141811979,2-s2.0-85141811979
3,Brasil L.S.,"AQUATIC INSECTS BIOINDICATORS OF LAND USE CHANGE IN PARÁ, BRAZIL: EVIDENCE AND PERSPECTIVES",2022,Oecologia Australis,,https://www.scopus.com/inward/record.uri?partnerID=HzOxMe3b&scp=85138578318&origin=inward,https://www.scopus.com/inward/citedby.uri?partnerID=HzOxMe3b&scp=85138578318&origin=inward,,2026-04-12 18:32:16,Article,10.4257/oeco.2022.2603.03,18095267,https://api.elsevier.com/content/abstract/scopus_id/85138578318,26,3,,,,1.0,3.0,1,3,,,,85138578318,2-s2.0-85138578318
7,Kaltenbach T.,"A widespread new genus of Baetidae (Baetidae, Ephemeroptera) from Southeast Asia",2022,Zookeys,,https://www.scopus.com/inward/record.uri?partnerID=HzOxMe3b&scp=85143985902&origin=inward,https://www.scopus.com/inward/citedby.uri?partnerID=HzOxMe3b&scp=85143985902&origin=inward,,2026-04-12 18:32:16,Article,10.3897/zookeys.1135.93800,13132989,https://api.elsevier.com/content/abstract/scopus_id/85143985902,2022,1135,,,,2.33,7.0,1,3,,,,85143985902,2-s2.0-85143985902
21,Luiza-Andrade A.,"Niche breadth and habitat preference of Ephemeroptera, Plecoptera, and Trichoptera (Insecta) in streams in the Brazilian Amazon",2022,Hydrobiologia,,https://www.scopus.com/inward/record.uri?partnerID=HzOxMe3b&scp=85138035774&origin=inward,https://www.scopus.com/inward/citedby.uri?partnerID=HzOxMe3b&scp=85138035774&origin=inward,,2026-04-12 18:32:16,Article,10.1007/s10750-022-04987-6,00188158,https://api.elsevier.com/content/abstract/scopus_id/85138035774,849,19,,,,7.0,21.0,1,3,,,,85138035774,2-s2.0-85138035774
23,Lunghi E.,Environmental DNA of insects and springtails from caves reveals complex processes of eDNA transfer in soils,2022,Science of the Total Environment,,https://www.scopus.com/inward/record.uri?partnerID=HzOxMe3b&scp=85125673919&origin=inward,https://www.scopus.com/inward/citedby.uri?partnerID=HzOxMe3b&scp=85125673919&origin=inward,,2026-04-12 18:32:16,Article,10.1016/j.scitotenv.2022.154022,00489697,https://api.elsevier.com/content/abstract/scopus_id/85125673919,826,,,,,7.67,23.0,1,3,,,,85125673919,2-s2.0-85125673919
2,Getnet H.,"Macroinvertebrate community structure and diversity in relation to environmental factors in wetlands of the lower Gilgel Abay River catchment, Ethiopia",2022,African Journal of Aquatic Science,,https://www.scopus.com/inward/record.uri?partnerID=HzOxMe3b&scp=85111618883&origin=inward,https://www.scopus.com/inward/citedby.uri?partnerID=HzOxMe3b&scp=85111618883&origin=inward,,2026-04-12 18:32:16,Article,10.2989/16085914.2021.1946383,16085914,https://api.elsevier.com/content/abstract/scopus_id/85111618883,47,1,,,,0.67,2.0,1,3,,,,85111618883,2-s2.0-85111618883
10,Ertaş A.,"Comparative analysis of biotic indices for assessment of water quality of Balaban Stream in West Anatolia, Turkey",2022,Biologia,,https://www.scopus.com/inward/record.uri?partnerID=HzOxMe3b&scp=85123183370&origin=inward,https://www.scopus.com/inward/citedby.uri?partnerID=HzOxMe3b&scp=85123183370&origin=inward,,2026-04-12 18:32:16,Article,10.1007/s11756-021-00992-7,00063088,https://api.elsevier.com/content/abstract/scopus_id/85123183370,77,3,,,,3.33,10.0,1,3,,,,85123183370,2-s2.0-85123183370
8,Sharma J.,Abundance & distribution of aquatic benthic macro-invertebrate families of river Ganga and correlation with environmental parameters,2022,Environmental Monitoring and Assessment,,https://www.scopus.com/inward/record.uri?partnerID=HzOxMe3b&scp=85133137197&origin=inward,https://www.scopus.com/inward/citedby.uri?partnerID=HzOxMe3b&scp=85133137197&origin=inward,,2026-04-12 18:32:16,Article,10.1007/s10661-022-10158-w,01676369,https://api.elsevier.com/content/abstract/scopus_id/85133137197,194,8,,,,2.67,8.0,1,3,,,,85133137197,2-s2.0-85133137197
8,Moyo S.,Cross boundary fluxes: Basal resource use by aquatic invertebrates matches fatty acid transfers from river to land,2022,Limnologica,,https://www.scopus.com/inward/record.uri?partnerID=HzOxMe3b&scp=85140632487&origin=inward,https://www.scopus.com/inward/citedby.uri?partnerID=HzOxMe3b&scp=85140632487&origin=inward,,2026-04-12 18:32:16,Article,10.1016/j.limno.2022.126035,00759511,https://api.elsevier.com/content/abstract/scopus_id/85140632487,97,,,,,2.67,8.0,1,3,,,,85140632487,2-s2.0-85140632487
6,Rahman M.M.,DNA-based assessment of environmental degradation in an unknown fauna: The freshwater macroinvertebrates of the Indo-Burmese hotspot,2022,Journal of Applied Ecology,,https://www.scopus.com/inward/record.uri?partnerID=HzOxMe3b&scp=85128775841&origin=inward,https://www.scopus.com/inward/citedby.uri?partnerID=HzOxMe3b&scp=85128775841&origin=inward,,2026-04-12 18:32:16,Article,10.1111/1365-2664.14174,00218901,https://api.elsevier.com/content/abstract/scopus_id/85128775841,59,6,,,,2.0,6.0,1,3,,,,85128775841,2-s2.0-85128775841
4,Barbosa V.d.A.,Assessing population genetic structure of three New Zealand stream insects using mitochondrial and nuclear DNA markers,2022,Genome,,https://www.scopus.com/inward/record.uri?partnerID=HzOxMe3b&scp=85138126031&origin=inward,https://www.scopus.com/inward/citedby.uri?partnerID=HzOxMe3b&scp=85138126031&origin=inward,,2026-04-12 18:32:16,Article,10.1139/gen-2022-0021,08312796,https://api.elsevier.com/content/abstract/scopus_id/85138126031,65,8,,,,1.33,4.0,1,3,,,,85138126031,2-s2.0-85138126031
4,Menabit S.,Molecular identification and distribution of insect larvae in the Lower Danube River,2022,Oceanological and Hydrobiological Studies,,https://www.scopus.com/inward/record.uri?partnerID=HzOxMe3b&scp=85129339711&origin=inward,https://www.scopus.com/inward/citedby.uri?partnerID=HzOxMe3b&scp=85129339711&origin=inward,,2026-04-12 18:32:16,Article,10.26881/oahs.2022.1.07,1730413X,https://api.elsevier.com/content/abstract/scopus_id/85129339711,51,1,,,,1.33,4.0,1,3,,,,85129339711,2-s2.0-85129339711
17,Hawke T.,Using DNA metabarcoding as a novel approach for analysis of platypus diet,2022,Scientific Reports,,https://www.scopus.com/inward/record.uri?partnerID=HzOxMe3b&scp=85124447395&origin=inward,https://www.scopus.com/inward/citedby.uri?partnerID=HzOxMe3b&scp=85124447395&origin=inward,,2026-04-12 18:32:16,Article,10.1038/s41598-022-06023-y,,https://api.elsevier.com/content/abstract/scopus_id/85124447395,12,1,,,,5.67,17.0,1,3,,,,85124447395,2-s2.0-85124447395
26,Parker B.,Microplastic loads within riverine fishes and macroinvertebrates are not predictable from ecological or morphological characteristics,2022,Science of the Total Environment,,https://www.scopus.com/inward/record.uri?partnerID=HzOxMe3b&scp=85131145389&origin=inward,https://www.scopus.com/inward/citedby.uri?partnerID=HzOxMe3b&scp=85131145389&origin=inward,,2026-04-12 18:32:16,Article,10.1016/j.scitotenv.2022.156321,00489697,https://api.elsevier.com/content/abstract/scopus_id/85131145389,839,,,,,8.67,26.0,1,3,,,,85131145389,2-s2.0-85131145389
13,Link M.,Pesticide effects on macroinvertebrates and leaf litter decomposition in areas with traditional agriculture,2022,Science of the Total Environment,,https://www.scopus.com/inward/record.uri?partnerID=HzOxMe3b&scp=85126543319&origin=inward,https://www.scopus.com/inward/citedby.uri?partnerID=HzOxMe3b&scp=85126543319&origin=inward,,2026-04-12 18:32:16,Article,10.1016/j.scitotenv.2022.154549,00489697,https://api.elsevier.com/content/abstract/scopus_id/85126543319,828,,,,,4.33,13.0,1,3,,,,85126543319,2-s2.0-85126543319
10,Alperen Ertaş,"Comparative Performance of the Indices Used for Bioassessment of Water Quality of Sangı Stream (West Anatolia, Turkey)",2022,Russian Journal of Ecology,,https://www.scopus.com/inward/record.uri?partnerID=HzOxMe3b&scp=85134378897&origin=inward,https://www.scopus.com/inward/citedby.uri?partnerID=HzOxMe3b&scp=85134378897&origin=inward,,2026-04-12 18:32:16,Article,10.1134/S1067413622040026,10674136,https://api.elsevier.com/content/abstract/scopus_id/85134378897,53,4,,,,3.33,10.0,1,3,,,,85134378897,2-s2.0-85134378897
3,dos Santos Souza C.A.,Conserving the Invisible Common: Advances and Challenges of the Insect Conservation in Brazil,2022,Brazilian Archives of Biology and Technology,,https://www.scopus.com/inward/record.uri?partnerID=HzOxMe3b&scp=85134530606&origin=inward,https://www.scopus.com/inward/citedby.uri?partnerID=HzOxMe3b&scp=85134530606&origin=inward,,2026-04-12 18:32:16,Article,10.1590/1678-4324-2022210699,15168913,https://api.elsevier.com/content/abstract/scopus_id/85134530606,65,,,,,1.0,3.0,1,3,,,,85134530606,2-s2.0-85134530606
2,Gerber R.,The Role of Hydrographic Mapping in the Study of Emerging Aquatic Insects on the Landscape Scale,2022,Water Switzerland,,https://www.scopus.com/inward/record.uri?partnerID=HzOxMe3b&scp=85139877632&origin=inward,https://www.scopus.com/inward/citedby.uri?partnerID=HzOxMe3b&scp=85139877632&origin=inward,,2026-04-12 18:32:16,Article,10.3390/w14193019,,https://api.elsevier.com/content/abstract/scopus_id/85139877632,14,19,,,,0.67,2.0,1,3,,,,85139877632,2-s2.0-85139877632
2,Ríos-Pulgarín M.I.,Effect of environmental characteristics on the diversity of aquatic macroinvertebrates in Andean rivers regulated for hydroelectric generation,2022,Revista De Biologia Tropical,,https://www.scopus.com/inward/record.uri?partnerID=HzOxMe3b&scp=85146623662&origin=inward,https://www.scopus.com/inward/citedby.uri?partnerID=HzOxMe3b&scp=85146623662&origin=inward,,2026-04-12 18:32:16,Article,10.15517/rev.biol.trop..v70i1.49975,00347744,https://api.elsevier.com/content/abstract/scopus_id/85146623662,70,1,,,,0.67,2.0,1,3,,,,85146623662,2-s2.0-85146623662
8,Varadinova E.,Characterisation of Macroinvertebrate Communities in Maritsa River (South Bulgaria)—Relation to Different Environmental Factors and Ecological Status Assessment,2022,Diversity,,https://www.scopus.com/inward/record.uri?partnerID=HzOxMe3b&scp=85140614062&origin=inward,https://www.scopus.com/inward/citedby.uri?partnerID=HzOxMe3b&scp=85140614062&origin=inward,,2026-04-12 18:32:16,Article,10.3390/d14100833,,https://api.elsevier.com/content/abstract/scopus_id/85140614062,14,10,,,,2.67,8.0,1,3,,,,85140614062,2-s2.0-85140614062
3,Ludányi M.,"The current status of Pacifastacus leniusculus (Dana, 1852) and their effect on aquatic macroinvertebrate communities in Hungarian watercourses",2022,Aquatic Invasions,,https://www.scopus.com/inward/record.uri?partnerID=HzOxMe3b&scp=85141476605&origin=inward,https://www.scopus.com/inward/citedby.uri?partnerID=HzOxMe3b&scp=85141476605&origin=inward,,2026-04-12 18:32:16,Article,10.3391/ai.2022.17.4.05,17986540,https://api.elsevier.com/content/abstract/scopus_id/85141476605,17,4,,,,1.0,3.0,1,3,,,,85141476605,2-s2.0-85141476605
12,Liu H.,Chromosome-level genome of the globe skimmer dragonfly (Pantala flavescens),2022,Gigascience,,https://www.scopus.com/inward/record.uri?partnerID=HzOxMe3b&scp=85127484478&origin=inward,https://www.scopus.com/inward/citedby.uri?partnerID=HzOxMe3b&scp=85127484478&origin=inward,,2026-04-12 18:32:16,Article,10.1093/gigascience/giac009,,https://api.elsevier.com/content/abstract/scopus_id/85127484478,11,,,,,4.0,12.0,1,3,,,,85127484478,2-s2.0-85127484478
17,Martins R.T.,Congruence and responsiveness in the taxonomic compositions of Amazonian aquatic macroinvertebrate and fish assemblages,2022,Hydrobiologia,,https://www.scopus.com/inward/record.uri?partnerID=HzOxMe3b&scp=85127629672&origin=inward,https://www.scopus.com/inward/citedby.uri?partnerID=HzOxMe3b&scp=85127629672&origin=inward,,2026-04-12 18:32:16,Article,10.1007/s10750-022-04867-z,00188158,https://api.elsevier.com/content/abstract/scopus_id/85127629672,849,10,,,,5.67,17.0,1,3,,,,85127629672,2-s2.0-85127629672
37,Lento J.,Temperature and spatial connectivity drive patterns in freshwater macroinvertebrate diversity across the Arctic,2022,Freshwater Biology,,https://www.scopus.com/inward/record.uri?partnerID=HzOxMe3b&scp=85113621692&origin=inward,https://www.scopus.com/inward/citedby.uri?partnerID=HzOxMe3b&scp=85113621692&origin=inward,,2026-04-12 18:32:16,Article,10.1111/fwb.13805,00465070,https://api.elsevier.com/content/abstract/scopus_id/85113621692,67,1,,,,12.33,37.0,1,3,,,,85113621692,2-s2.0-85113621692
4,Nagel C.,The overlooked contribution of a fish bypass channel to the density and diversity of macroinvertebrate drift in a heavily modified river system,2022,River Research and Applications,,https://www.scopus.com/inward/record.uri?partnerID=HzOxMe3b&scp=85135916525&origin=inward,https://www.scopus.com/inward/citedby.uri?partnerID=HzOxMe3b&scp=85135916525&origin=inward,,2026-04-12 18:32:16,Article,10.1002/rra.4040,15351459,https://api.elsevier.com/content/abstract/scopus_id/85135916525,38,10,,,,1.33,4.0,1,3,,,,85135916525,2-s2.0-85135916525
3,Durán-Rodríguez O.Y.,Spatial and temporal organization of aquatic insect assemblages in two subtropical river drainages,2022,Hidrobiologica,,https://www.scopus.com/inward/record.uri?partnerID=HzOxMe3b&scp=85147952098&origin=inward,https://www.scopus.com/inward/citedby.uri?partnerID=HzOxMe3b&scp=85147952098&origin=inward,,2026-04-12 18:32:16,Article,10.24275/uam/izt/dcbs/hidro/2022v32n2/Duran,01888897,https://api.elsevier.com/content/abstract/scopus_id/85147952098,32,2,,,,1.0,3.0,1,3,,,,85147952098,2-s2.0-85147952098
4,Dočkalová K.,Macroinvertebrate assemblages in acidified mountain lake inflows differs from lake outflows: the influence of lakes,2022,Biologia,,https://www.scopus.com/inward/record.uri?partnerID=HzOxMe3b&scp=85133316395&origin=inward,https://www.scopus.com/inward/citedby.uri?partnerID=HzOxMe3b&scp=85133316395&origin=inward,,2026-04-12 18:32:16,Article,10.1007/s11756-022-01144-1,00063088,https://api.elsevier.com/content/abstract/scopus_id/85133316395,77,9,,,,1.33,4.0,1,3,,,,85133316395,2-s2.0-85133316395
0,Diarrassouba I.,Diversity of benthic macro-invertebrates and water quality in Taï National Park (Côte d'Ivoire),2022,Techniques Sciences Methodes,,https://www.scopus.com/inward/record.uri?partnerID=HzOxMe3b&scp=85186110809&origin=inward,https://www.scopus.com/inward/citedby.uri?partnerID=HzOxMe3b&scp=85186110809&origin=inward,,2026-04-12 18:32:16,Article,10.36904/TSM/202206019,02997258,https://api.elsevier.com/content/abstract/scopus_id/85186110809,117,6,,,,0.0,0.0,1,3,,,,85186110809,2-s2.0-85186110809
5,Giraldo-Aristizábal C.I.,"Phytosanitary evaluation of Juglans neotropica and Quercus humboldtii in an urban woodland of Popayán-Cauca, Colombia",2022,Revista De La Academia Colombiana De Ciencias Exactas Fisicas Y Naturales,,https://www.scopus.com/inward/record.uri?partnerID=HzOxMe3b&scp=85128739221&origin=inward,https://www.scopus.com/inward/citedby.uri?partnerID=HzOxMe3b&scp=85128739221&origin=inward,,2026-04-12 18:32:16,Article,10.18257/raccefyn.1542,03703908,https://api.elsevier.com/content/abstract/scopus_id/85128739221,46,178,,,,1.67,5.0,1,3,,,,85128739221,2-s2.0-85128739221
9,O’Rourke D.,Spatial and temporal variation in New Hampshire bat diets,2022,Scientific Reports,,https://www.scopus.com/inward/record.uri?partnerID=HzOxMe3b&scp=85136209009&origin=inward,https://www.scopus.com/inward/citedby.uri?partnerID=HzOxMe3b&scp=85136209009&origin=inward,,2026-04-12 18:32:16,Article,10.1038/s41598-022-17631-z,,https://api.elsevier.com/content/abstract/scopus_id/85136209009,12,1,,,,3.0,9.0,1,3,,,,85136209009,2-s2.0-85136209009
7,McCarty J.D.,Life histories and production of three Rocky Mountain aquatic insects along an elevation-driven temperature gradient,2022,Hydrobiologia,,https://www.scopus.com/inward/record.uri?partnerID=HzOxMe3b&scp=85136101978&origin=inward,https://www.scopus.com/inward/citedby.uri?partnerID=HzOxMe3b&scp=85136101978&origin=inward,,2026-04-12 18:32:16,Article,10.1007/s10750-022-04978-7,00188158,https://api.elsevier.com/content/abstract/scopus_id/85136101978,849,16,,,,2.33,7.0,1,3,,,,85136101978,2-s2.0-85136101978
14,Hoenig B.D.,"Two is better than one: Coupling DNA metabarcoding and stable isotope analysis improves dietary characterizations for a riparian-obligate, migratory songbird",2022,Molecular Ecology,,https://www.scopus.com/inward/record.uri?partnerID=HzOxMe3b&scp=85138543846&origin=inward,https://www.scopus.com/inward/citedby.uri?partnerID=HzOxMe3b&scp=85138543846&origin=inward,,2026-04-12 18:32:16,Article,10.1111/mec.16688,09621083,https://api.elsevier.com/content/abstract/scopus_id/85138543846,31,21,,,,4.67,14.0,1,3,,,,85138543846,2-s2.0-85138543846
5,Sripanya J.,Benthic Macroinvertebrates and Trichoptera Adults for Bioassessment Approach in Streams and Wadeable Rivers in Lao People's Democratic Republic,2022,Tropical Natural History,,https://www.scopus.com/inward/record.uri?partnerID=HzOxMe3b&scp=85132222200&origin=inward,https://www.scopus.com/inward/citedby.uri?partnerID=HzOxMe3b&scp=85132222200&origin=inward,,2026-04-12 18:32:16,Article,,15139700,https://api.elsevier.com/content/abstract/scopus_id/85132222200,22,1,,,,1.67,5.0,1,3,,,,85132222200,2-s2.0-85132222200
2,Jindal R.,"Biomonitoring and Water Quality Evaluation of River Beas in Mid Himalayan Zone, India",2022,Current Applied Science and Technology,,https://www.scopus.com/inward/record.uri?partnerID=HzOxMe3b&scp=85137338100&origin=inward,https://www.scopus.com/inward/citedby.uri?partnerID=HzOxMe3b&scp=85137338100&origin=inward,,2026-04-12 18:32:16,Article,10.55003/cast.2022.05.22.002,,https://api.elsevier.com/content/abstract/scopus_id/85137338100,22,5,,,,0.67,2.0,1,3,,,,85137338100,2-s2.0-85137338100
51,Lima M.,Land use changes disrupt streams and affect the functional feeding groups of aquatic insects in the Amazon,2022,Journal of Insect Conservation,,https://www.scopus.com/inward/record.uri?partnerID=HzOxMe3b&scp=85124252103&origin=inward,https://www.scopus.com/inward/citedby.uri?partnerID=HzOxMe3b&scp=85124252103&origin=inward,,2026-04-12 18:32:16,Review,10.1007/s10841-022-00375-6,1366638X,https://api.elsevier.com/content/abstract/scopus_id/85124252103,26,2,,,,17.0,51.0,1,3,,,,85124252103,2-s2.0-85124252103
2,Niño-De-Guzman Tito M.,Construction of an integral index based on macroinvertebrates to determine the quality of water with agro-industrial influence,2022,Scientia Agropecuaria,,https://www.scopus.com/inward/record.uri?partnerID=HzOxMe3b&scp=85132226628&origin=inward,https://www.scopus.com/inward/citedby.uri?partnerID=HzOxMe3b&scp=85132226628&origin=inward,,2026-04-12 18:32:16,Article,10.17268/sci.agropecu.2022.010,20779917,https://api.elsevier.com/content/abstract/scopus_id/85132226628,13,2,,,,0.67,2.0,1,3,,,,85132226628,2-s2.0-85132226628
4,Moreno-Ocio I.,Developing As and Cu Tissue Residue Thresholds to Attain the Good Ecological Status of Rivers in Mining Areas,2022,Archives of Environmental Contamination and Toxicology,,https://www.scopus.com/inward/record.uri?partnerID=HzOxMe3b&scp=85125583400&origin=inward,https://www.scopus.com/inward/citedby.uri?partnerID=HzOxMe3b&scp=85125583400&origin=inward,,2026-04-12 18:32:16,Article,10.1007/s00244-022-00915-w,00904341,https://api.elsevier.com/content/abstract/scopus_id/85125583400,82,3,,,,1.33,4.0,1,3,,,,85125583400,2-s2.0-85125583400
2,Werku B.C.,"Compare the efficiency of artificial substrates and leaf litter substrates in macro invertebrates aggregation samples at Gilgel Gibe Watershade, Southwest Ethiopia",2022,Environmental Challenges,,https://www.scopus.com/inward/record.uri?partnerID=HzOxMe3b&scp=85135714192&origin=inward,https://www.scopus.com/inward/citedby.uri?partnerID=HzOxMe3b&scp=85135714192&origin=inward,,2026-04-12 18:32:16,Article,10.1016/j.envc.2022.100591,,https://api.elsevier.com/content/abstract/scopus_id/85135714192,8,,,,,0.67,2.0,1,3,,,,85135714192,2-s2.0-85135714192
7,Solis-Lufí K.,"Community structure of benthic invertebrates in the allipén river basin, north patagonia, araucania region (38º s, chile)",2022,Brazilian Journal of Biology,,https://www.scopus.com/inward/record.uri?partnerID=HzOxMe3b&scp=85103744236&origin=inward,https://www.scopus.com/inward/citedby.uri?partnerID=HzOxMe3b&scp=85103744236&origin=inward,,2026-04-12 18:32:16,Article,10.1590/1519-6984.232805,15196984,https://api.elsevier.com/content/abstract/scopus_id/85103744236,82,,,,,2.33,7.0,1,3,,,,85103744236,2-s2.0-85103744236
5,Fathi P.,Spatiotemporal variation in macroinvertebrate community composition along the stressor gradients in rivers of a middle-eastern basin,2022,International Journal of Environmental Science and Technology,,https://www.scopus.com/inward/record.uri?partnerID=HzOxMe3b&scp=85127411884&origin=inward,https://www.scopus.com/inward/citedby.uri?partnerID=HzOxMe3b&scp=85127411884&origin=inward,,2026-04-12 18:32:16,Article,10.1007/s13762-022-04094-y,17351472,https://api.elsevier.com/content/abstract/scopus_id/85127411884,19,9,,,,1.67,5.0,1,3,,,,85127411884,2-s2.0-85127411884
16,Pushpa Athisaya Sakila Rani A.,Protecting the environment from pollution through early detection of infections on crops using the deep belief network in paddy,2022,Total Environment Research Themes,,https://www.scopus.com/inward/record.uri?partnerID=HzOxMe3b&scp=85166371321&origin=inward,https://www.scopus.com/inward/citedby.uri?partnerID=HzOxMe3b&scp=85166371321&origin=inward,,2026-04-12 18:32:16,Article,10.1016/j.totert.2022.100020,,https://api.elsevier.com/content/abstract/scopus_id/85166371321,3-4,,,,,5.33,16.0,1,3,,,,85166371321,2-s2.0-85166371321
0,María G.C.N.,"AQUATIC MACROINVERTEBRATE COMMUNITY STRUCTURE IN SOIL USE IN THE LOWER MOCACHE RIVER MICRO-WATERSHED, ECUADOR",2022,Journal of Pharmaceutical Negative Results,,https://www.scopus.com/inward/record.uri?partnerID=HzOxMe3b&scp=85143603952&origin=inward,https://www.scopus.com/inward/citedby.uri?partnerID=HzOxMe3b&scp=85143603952&origin=inward,,2026-04-12 18:32:16,Article,10.47750/pnr.2022.13.03.112,09769234,https://api.elsevier.com/content/abstract/scopus_id/85143603952,13,3,,,,0.0,0.0,1,3,,,,85143603952,2-s2.0-85143603952
4,Wang X.,Ecological Health Assessment on Upstream Watershed of Miyun Reservoir (Beijing Section) Using Benthic Index of Biotic Integrity (B-IBI),2022,Journal of Ecology and Rural Environment,,https://www.scopus.com/inward/record.uri?partnerID=HzOxMe3b&scp=85131548223&origin=inward,https://www.scopus.com/inward/citedby.uri?partnerID=HzOxMe3b&scp=85131548223&origin=inward,,2026-04-12 18:32:16,Article,10.19741/j.issn.1673-4831.2020.0881,16734831,https://api.elsevier.com/content/abstract/scopus_id/85131548223,38,2,,,,1.33,4.0,1,3,,,,85131548223,2-s2.0-85131548223
2,Zhang Y.Y.,Feeding Habits of Gymnodiptychus dybowskii and the Changes of Its Food Type Caused by the Introducing of Rainbow Trout,2022,Journal of Ecology and Rural Environment,,https://www.scopus.com/inward/record.uri?partnerID=HzOxMe3b&scp=85139958304&origin=inward,https://www.scopus.com/inward/citedby.uri?partnerID=HzOxMe3b&scp=85139958304&origin=inward,,2026-04-12 18:32:16,Article,10.19741/j.issn.1673-4831.2021.0586,16734831,https://api.elsevier.com/content/abstract/scopus_id/85139958304,38,9,,,,0.67,2.0,1,3,,,,85139958304,2-s2.0-85139958304
4,Piña A.E.,Macroinvertebrate Community Composition in Wetlands of the Desert Southwest is Driven by wastewater-associated Nutrient Loading Despite Differences in Salinity,2022,Wetlands,,https://www.scopus.com/inward/record.uri?partnerID=HzOxMe3b&scp=85144371470&origin=inward,https://www.scopus.com/inward/citedby.uri?partnerID=HzOxMe3b&scp=85144371470&origin=inward,,2026-04-12 18:32:16,Article,10.1007/s13157-022-01647-2,02775212,https://api.elsevier.com/content/abstract/scopus_id/85144371470,42,8,,,,1.33,4.0,1,3,,,,85144371470,2-s2.0-85144371470
2,Tian Y.,The Impacts of the Freezing–Thawing Process on Benthic Macroinvertebrate Communities in Riffles and Pools: A Case Study of China’s Glacier-Fed Stream,2022,Water Switzerland,,https://www.scopus.com/inward/record.uri?partnerID=HzOxMe3b&scp=85127359284&origin=inward,https://www.scopus.com/inward/citedby.uri?partnerID=HzOxMe3b&scp=85127359284&origin=inward,,2026-04-12 18:32:16,Article,10.3390/w14060983,,https://api.elsevier.com/content/abstract/scopus_id/85127359284,14,6,,,,0.67,2.0,1,3,,,,85127359284,2-s2.0-85127359284
4,Maldonado M.A.,MACROINVERTEBRATES IN THE DIET OF THE APPLE SNAIL POMACEA CANALICULATA IN ITS NATIVE RANGE,2022,Malacologia,,https://www.scopus.com/inward/record.uri?partnerID=HzOxMe3b&scp=85148603458&origin=inward,https://www.scopus.com/inward/citedby.uri?partnerID=HzOxMe3b&scp=85148603458&origin=inward,,2026-04-12 18:32:16,Article,10.4002/040.065.0104,00762997,https://api.elsevier.com/content/abstract/scopus_id/85148603458,65,1-2,,,,1.33,4.0,1,3,,,,85148603458,2-s2.0-85148603458
4,Rieck L.O.,"Ecological Impacts of Altered Stream Hydrogeomorphic Characteristics Extend Beyond the Channel Boundary: Evidence From Urban Streams of Columbus, OH, United States",2022,Frontiers in Ecology and Evolution,,https://www.scopus.com/inward/record.uri?partnerID=HzOxMe3b&scp=85127617061&origin=inward,https://www.scopus.com/inward/citedby.uri?partnerID=HzOxMe3b&scp=85127617061&origin=inward,,2026-04-12 18:32:16,Article,10.3389/fevo.2022.817289,,https://api.elsevier.com/content/abstract/scopus_id/85127617061,10,,,,,1.33,4.0,1,3,,,,85127617061,2-s2.0-85127617061
6,Campos C.A.,Setting thresholds of ecosystem structure and function to protect streams of the Brazilian savanna,2022,Frontiers in Environmental Science,,https://www.scopus.com/inward/record.uri?partnerID=HzOxMe3b&scp=85138327426&origin=inward,https://www.scopus.com/inward/citedby.uri?partnerID=HzOxMe3b&scp=85138327426&origin=inward,,2026-04-12 18:32:16,Article,10.3389/fenvs.2022.867905,,https://api.elsevier.com/content/abstract/scopus_id/85138327426,10,,,,,2.0,6.0,1,3,,,,85138327426,2-s2.0-85138327426
11,Krajenbrink H.J.,Macroinvertebrate and diatom community responses to thermal alterations below water supply reservoirs,2022,River Research and Applications,,https://www.scopus.com/inward/record.uri?partnerID=HzOxMe3b&scp=85122072555&origin=inward,https://www.scopus.com/inward/citedby.uri?partnerID=HzOxMe3b&scp=85122072555&origin=inward,,2026-04-12 18:32:16,Article,10.1002/rra.3922,15351459,https://api.elsevier.com/content/abstract/scopus_id/85122072555,38,3,,,,3.67,11.0,1,3,,,,85122072555,2-s2.0-85122072555
1,Marushchak O.Y.,"TO REGISTRATIONS OF BOTTOM MACROINVERTEBRATES, FISH, AMPHIBIANS AND REPTILES OF THE UPPER TSKHENISTSKALI RIVER BASIN (GEORGIA, LOWER SVANETIA)",2022,Zoodiversity,,https://www.scopus.com/inward/record.uri?partnerID=HzOxMe3b&scp=85141819697&origin=inward,https://www.scopus.com/inward/citedby.uri?partnerID=HzOxMe3b&scp=85141819697&origin=inward,,2026-04-12 18:32:16,Article,10.15407/zoo2022.05.385,2707725X,https://api.elsevier.com/content/abstract/scopus_id/85141819697,56,5,,,,0.33,1.0,1,3,,,,85141819697,2-s2.0-85141819697
1,Marga L.,Initial biological development of a newly established side channel at the Lower Rhine,2022,International Review of Hydrobiology,,https://www.scopus.com/inward/record.uri?partnerID=HzOxMe3b&scp=85125667869&origin=inward,https://www.scopus.com/inward/citedby.uri?partnerID=HzOxMe3b&scp=85125667869&origin=inward,,2026-04-12 18:32:16,Review,10.1002/iroh.202002082,14342944,https://api.elsevier.com/content/abstract/scopus_id/85125667869,107,1-2,,,,0.33,1.0,1,3,,,,85125667869,2-s2.0-85125667869
19,Carrasco-Badajoz C.,"Aquatic macroinvertebrate trophic guilds, functional feeding groups, and water quality of an andean urban river",2022,Frontiers in Environmental Science,,https://www.scopus.com/inward/record.uri?partnerID=HzOxMe3b&scp=85140656510&origin=inward,https://www.scopus.com/inward/citedby.uri?partnerID=HzOxMe3b&scp=85140656510&origin=inward,,2026-04-12 18:32:16,Article,10.3389/fenvs.2022.1003207,,https://api.elsevier.com/content/abstract/scopus_id/85140656510,10,,,,,6.33,19.0,1,3,,,,85140656510,2-s2.0-85140656510
7,Debiasi D.,How do macroinvertebrate communities respond to declining glacial influence in the Southern Alps?,2022,Limnetica,,https://www.scopus.com/inward/record.uri?partnerID=HzOxMe3b&scp=85121435805&origin=inward,https://www.scopus.com/inward/citedby.uri?partnerID=HzOxMe3b&scp=85121435805&origin=inward,,2026-04-12 18:32:16,Article,10.23818/limn.41.10,02138409,https://api.elsevier.com/content/abstract/scopus_id/85121435805,41,1,,,,2.33,7.0,1,3,,,,85121435805,2-s2.0-85121435805
11,Suárez B.,Macroinvertebrates’ response to different land use in lowland streams from Uruguay: use of artificial substrates for biomonitoring,2022,Neotropical Biodiversity,,https://www.scopus.com/inward/record.uri?partnerID=HzOxMe3b&scp=85127122468&origin=inward,https://www.scopus.com/inward/citedby.uri?partnerID=HzOxMe3b&scp=85127122468&origin=inward,,2026-04-12 18:32:16,Article,10.1080/23766808.2022.2049178,,https://api.elsevier.com/content/abstract/scopus_id/85127122468,8,1,,,,3.67,11.0,1,3,,,,85127122468,2-s2.0-85127122468
0,Hasnoramri H.S.,"Diversity of Benthic Macroinvertebrates in Sungai Jeriau, Bukit Fraser, Pahang, Malaysia",2022,Sains Malaysiana,,https://www.scopus.com/inward/record.uri?partnerID=HzOxMe3b&scp=85140374738&origin=inward,https://www.scopus.com/inward/citedby.uri?partnerID=HzOxMe3b&scp=85140374738&origin=inward,,2026-04-12 18:32:16,Article,10.17576/jsm-2022-5108-03,01266039,https://api.elsevier.com/content/abstract/scopus_id/85140374738,51,8,,,,0.0,0.0,1,3,,,,85140374738,2-s2.0-85140374738
13,Zieritz A.,DNA metabarcoding unravels unknown diversity and distribution patterns of tropical freshwater invertebrates,2022,Freshwater Biology,,https://www.scopus.com/inward/record.uri?partnerID=HzOxMe3b&scp=85131527620&origin=inward,https://www.scopus.com/inward/citedby.uri?partnerID=HzOxMe3b&scp=85131527620&origin=inward,,2026-04-12 18:32:16,Article,10.1111/fwb.13926,00465070,https://api.elsevier.com/content/abstract/scopus_id/85131527620,67,8,,,,4.33,13.0,1,3,,,,85131527620,2-s2.0-85131527620
3,Cîmpean M.,Diversity of Spring Invertebrates and Their Habitats: A Story of Preferences,2022,Diversity,,https://www.scopus.com/inward/record.uri?partnerID=HzOxMe3b&scp=85130188453&origin=inward,https://www.scopus.com/inward/citedby.uri?partnerID=HzOxMe3b&scp=85130188453&origin=inward,,2026-04-12 18:32:16,Article,10.3390/d14050367,,https://api.elsevier.com/content/abstract/scopus_id/85130188453,14,5,,,,1.0,3.0,1,3,,,,85130188453,2-s2.0-85130188453
0,Vlasak J.,"New species and new geographical records in Ecuadorian Lamiinae (Coleoptera, Cerambycidae)",2022,Zootaxa,,https://www.scopus.com/inward/record.uri?partnerID=HzOxMe3b&scp=85140995371&origin=inward,https://www.scopus.com/inward/citedby.uri?partnerID=HzOxMe3b&scp=85140995371&origin=inward,,2026-04-12 18:32:16,Article,10.11646/zootaxa.5200.3.3,11755326,https://api.elsevier.com/content/abstract/scopus_id/85140995371,5200,3,,,,0.0,0.0,1,3,,,,85140995371,2-s2.0-85140995371
6,Yang G.,The Multi-Omic Landscape of Primary Breast Tumors and Their Metastases: Expanding the Efficacy of Actionable Therapeutic Targets,2022,Genes,,https://www.scopus.com/inward/record.uri?partnerID=HzOxMe3b&scp=85138326799&origin=inward,https://www.scopus.com/inward/citedby.uri?partnerID=HzOxMe3b&scp=85138326799&origin=inward,,2026-04-12 18:32:16,Review,10.3390/genes13091555,,https://api.elsevier.com/content/abstract/scopus_id/85138326799,13,9,,,,2.0,6.0,1,3,,,,85138326799,2-s2.0-85138326799
101,Weaving H.,Meta-analysis reveals weak but pervasive plasticity in insect thermal limits,2022,Nature Communications,,https://www.scopus.com/inward/record.uri?partnerID=HzOxMe3b&scp=85137571886&origin=inward,https://www.scopus.com/inward/citedby.uri?partnerID=HzOxMe3b&scp=85137571886&origin=inward,,2026-04-12 18:32:16,Article,10.1038/s41467-022-32953-2,,https://api.elsevier.com/content/abstract/scopus_id/85137571886,13,1,,,,33.67,101.0,1,3,,,,85137571886,2-s2.0-85137571886
37,Bower L.M.,Quantifying flow–ecology relationships across flow regime class and ecoregions in South Carolina,2022,Science of the Total Environment,,https://www.scopus.com/inward/record.uri?partnerID=HzOxMe3b&scp=85113562955&origin=inward,https://www.scopus.com/inward/citedby.uri?partnerID=HzOxMe3b&scp=85113562955&origin=inward,,2026-04-12 18:32:16,Article,10.1016/j.scitotenv.2021.149721,00489697,https://api.elsevier.com/content/abstract/scopus_id/85113562955,802,,,,,12.33,37.0,1,3,,,,85113562955,2-s2.0-85113562955
2,Rundio D.E.,"High mercury concentrations in steelhead/rainbow trout, sculpin, and terrestrial invertebrates in a stream-riparian food web in coastal California",2022,Ecotoxicology,,https://www.scopus.com/inward/record.uri?partnerID=HzOxMe3b&scp=85143136759&origin=inward,https://www.scopus.com/inward/citedby.uri?partnerID=HzOxMe3b&scp=85143136759&origin=inward,,2026-04-12 18:32:16,Article,10.1007/s10646-022-02608-5,09639292,https://api.elsevier.com/content/abstract/scopus_id/85143136759,31,10,,,,0.67,2.0,1,3,,,,85143136759,2-s2.0-85143136759
2,Hills K.A.,Bicarbonate alone does not totally explain the toxicity from major ions of coal bed derived waters to freshwater invertebrates,2022,Ecotoxicology,,https://www.scopus.com/inward/record.uri?partnerID=HzOxMe3b&scp=85131804291&origin=inward,https://www.scopus.com/inward/citedby.uri?partnerID=HzOxMe3b&scp=85131804291&origin=inward,,2026-04-12 18:32:16,Article,10.1007/s10646-022-02552-4,09639292,https://api.elsevier.com/content/abstract/scopus_id/85131804291,31,6,,,,0.67,2.0,1,3,,,,85131804291,2-s2.0-85131804291
8,O'Callaghan I.,Thiophilicity is a determinant of bioaccumulation in benthic fauna,2022,Environmental Pollution,,https://www.scopus.com/inward/record.uri?partnerID=HzOxMe3b&scp=85120961761&origin=inward,https://www.scopus.com/inward/citedby.uri?partnerID=HzOxMe3b&scp=85120961761&origin=inward,,2026-04-12 18:32:16,Article,10.1016/j.envpol.2021.118641,02697491,https://api.elsevier.com/content/abstract/scopus_id/85120961761,294,,,,,2.67,8.0,1,3,,,,85120961761,2-s2.0-85120961761
13,Sabha I.,Water Quality and Anthropogenic Impact Assessment Using Macroinvertebrates as Bioindicators in a Stream Ecosystem,2022,Water Air and Soil Pollution,,https://www.scopus.com/inward/record.uri?partnerID=HzOxMe3b&scp=85138131800&origin=inward,https://www.scopus.com/inward/citedby.uri?partnerID=HzOxMe3b&scp=85138131800&origin=inward,,2026-04-12 18:32:16,Article,10.1007/s11270-022-05839-8,00496979,https://api.elsevier.com/content/abstract/scopus_id/85138131800,233,9,,,,4.33,13.0,1,3,,,,85138131800,2-s2.0-85138131800
5,Arocena R.,Ecological integrity assessment of streams in the light of natural ecoregions and anthropic land use,2022,Environmental Monitoring and Assessment,,https://www.scopus.com/inward/record.uri?partnerID=HzOxMe3b&scp=85137745814&origin=inward,https://www.scopus.com/inward/citedby.uri?partnerID=HzOxMe3b&scp=85137745814&origin=inward,,2026-04-12 18:32:16,Article,10.1007/s10661-022-10422-z,01676369,https://api.elsevier.com/content/abstract/scopus_id/85137745814,194,10,,,,1.67,5.0,1,3,,,,85137745814,2-s2.0-85137745814
32,Raby M.,Characterizing the exposure of streams in southern Ontario to agricultural pesticides,2022,Chemosphere,,https://www.scopus.com/inward/record.uri?partnerID=HzOxMe3b&scp=85123848671&origin=inward,https://www.scopus.com/inward/citedby.uri?partnerID=HzOxMe3b&scp=85123848671&origin=inward,,2026-04-12 18:32:16,Article,10.1016/j.chemosphere.2022.133769,00456535,https://api.elsevier.com/content/abstract/scopus_id/85123848671,294,,,,,10.67,32.0,1,3,,,,85123848671,2-s2.0-85123848671
70,Rico A.,Ecological risk assessment of pesticides in urban streams of the Brazilian Amazon,2022,Chemosphere,,https://www.scopus.com/inward/record.uri?partnerID=HzOxMe3b&scp=85118981620&origin=inward,https://www.scopus.com/inward/citedby.uri?partnerID=HzOxMe3b&scp=85118981620&origin=inward,,2026-04-12 18:32:16,Article,10.1016/j.chemosphere.2021.132821,00456535,https://api.elsevier.com/content/abstract/scopus_id/85118981620,291,,,,,23.33,70.0,1,3,,,,85118981620,2-s2.0-85118981620
20,Lencioni V.,On the delay between water temperature and invertebrate community response to warming climate,2022,Science of the Total Environment,,https://www.scopus.com/inward/record.uri?partnerID=HzOxMe3b&scp=85129943579&origin=inward,https://www.scopus.com/inward/citedby.uri?partnerID=HzOxMe3b&scp=85129943579&origin=inward,,2026-04-12 18:32:16,Article,10.1016/j.scitotenv.2022.155759,00489697,https://api.elsevier.com/content/abstract/scopus_id/85129943579,837,,,,,6.67,20.0,1,3,,,,85129943579,2-s2.0-85129943579
