Cites,Authors,Title,Year,Source,Publisher,ArticleURL,CitesURL,GSRank,QueryDate,Type,DOI,ISSN,CitationURL,Volume,Issue,StartPage,EndPage,ECC,CitesPerYear,CitesPerAuthor,AuthorCount,Age,Abstract,FullTextURL,RelatedURL,ScopusID,EID
4,Salles F.F.,EphemBrazil: a curated online database and dashboard to explore the distribution of mayflies (Insecta: Ephemeroptera) from Brazil,2023,Revista Brasileira De Entomologia,,https://www.scopus.com/inward/record.uri?partnerID=HzOxMe3b&scp=85179608560&origin=inward,https://www.scopus.com/inward/citedby.uri?partnerID=HzOxMe3b&scp=85179608560&origin=inward,,2026-04-12 18:32:41,Article,10.1590/1806-9665-RBENT-2023-0064,00855626,https://api.elsevier.com/content/abstract/scopus_id/85179608560,67,spe,,,,2.0,4.0,1,2,,,,85179608560,2-s2.0-85179608560
15,Cardoso M.N.,Assessing the distribution of mayflies (Ephemeroptera: Insecta) in the Brazilian Amazon to guide more effective conservation,2023,Aquatic Conservation Marine and Freshwater Ecosystems,,https://www.scopus.com/inward/record.uri?partnerID=HzOxMe3b&scp=85150798845&origin=inward,https://www.scopus.com/inward/citedby.uri?partnerID=HzOxMe3b&scp=85150798845&origin=inward,,2026-04-12 18:32:41,Article,10.1002/aqc.3934,10527613,https://api.elsevier.com/content/abstract/scopus_id/85150798845,33,4,,,,7.5,15.0,1,2,,,,85150798845,2-s2.0-85150798845
5,Macko P.,"Checklist, distribution, diversity, and rarity of mayflies (Ephemeroptera) in Slovakia",2023,Zookeys,,https://www.scopus.com/inward/record.uri?partnerID=HzOxMe3b&scp=85175347245&origin=inward,https://www.scopus.com/inward/citedby.uri?partnerID=HzOxMe3b&scp=85175347245&origin=inward,,2026-04-12 18:32:41,Article,10.3897/zookeys.1183.109819,13132989,https://api.elsevier.com/content/abstract/scopus_id/85175347245,2023,1183,,,,2.5,5.0,1,2,,,,85175347245,2-s2.0-85175347245
9,Benlasri M.,"Inventory and pattern of distribution of mayflies (Insecta, Ephemeroptera) in the Draa river basin, southern Morocco",2023,Alpine Entomology,,https://www.scopus.com/inward/record.uri?partnerID=HzOxMe3b&scp=85153874954&origin=inward,https://www.scopus.com/inward/citedby.uri?partnerID=HzOxMe3b&scp=85153874954&origin=inward,,2026-04-12 18:32:41,Article,10.3897/alpento.7.96436,,https://api.elsevier.com/content/abstract/scopus_id/85153874954,7,,,,,4.5,9.0,1,2,,,,85153874954,2-s2.0-85153874954
13,Espinosa A.C.E.,"Functional diversity of mayflies (Ephemeroptera, Insecta) in streams in mining areas located in the Eastern Amazon",2023,Hydrobiologia,,https://www.scopus.com/inward/record.uri?partnerID=HzOxMe3b&scp=85146060224&origin=inward,https://www.scopus.com/inward/citedby.uri?partnerID=HzOxMe3b&scp=85146060224&origin=inward,,2026-04-12 18:32:41,Article,10.1007/s10750-022-05134-x,00188158,https://api.elsevier.com/content/abstract/scopus_id/85146060224,850,4,,,,6.5,13.0,1,2,,,,85146060224,2-s2.0-85146060224
4,Chen Z.T.,"Siphlonephemerellidae fam. nov., a new mid-Cretaceous mayfly family (Insecta: Ephemeroptera) from Kachin amber",2023,Cretaceous Research,,https://www.scopus.com/inward/record.uri?partnerID=HzOxMe3b&scp=85157992891&origin=inward,https://www.scopus.com/inward/citedby.uri?partnerID=HzOxMe3b&scp=85157992891&origin=inward,,2026-04-12 18:32:41,Article,10.1016/j.cretres.2023.105553,01956671,https://api.elsevier.com/content/abstract/scopus_id/85157992891,149,,,,,2.0,4.0,1,2,,,,85157992891,2-s2.0-85157992891
5,Alhejoj I.,Use of the Aquatic Mayfly (Insecta: Ephemeroptera) as Environmental Bio-Indicator in Jordan,2023,International Journal of Design and Nature and Ecodynamics,,https://www.scopus.com/inward/record.uri?partnerID=HzOxMe3b&scp=85152746689&origin=inward,https://www.scopus.com/inward/citedby.uri?partnerID=HzOxMe3b&scp=85152746689&origin=inward,,2026-04-12 18:32:41,Article,10.18280/ijdne.180115,17557437,https://api.elsevier.com/content/abstract/scopus_id/85152746689,18,1,,,,2.5,5.0,1,2,,,,85152746689,2-s2.0-85152746689
3,Chen Z.T.,"A new mayfly of Heptageniidae (Insecta: Ephemeroptera) in mid-Cretaceous Kachin amber, northern Myanmar",2023,Cretaceous Research,,https://www.scopus.com/inward/record.uri?partnerID=HzOxMe3b&scp=85166745551&origin=inward,https://www.scopus.com/inward/citedby.uri?partnerID=HzOxMe3b&scp=85166745551&origin=inward,,2026-04-12 18:32:41,Article,10.1016/j.cretres.2023.105662,01956671,https://api.elsevier.com/content/abstract/scopus_id/85166745551,151,,,,,1.5,3.0,1,2,,,,85166745551,2-s2.0-85166745551
4,Storari A.P.,"A new Gondwanan mayfly family from the Lower Cretaceous Crato Formation, Brazil (Ephemeroptera: Siphlonuroidea: Astraeopteridae fam. nov.)",2023,Scientific Reports,,https://www.scopus.com/inward/record.uri?partnerID=HzOxMe3b&scp=85165410975&origin=inward,https://www.scopus.com/inward/citedby.uri?partnerID=HzOxMe3b&scp=85165410975&origin=inward,,2026-04-12 18:32:41,Article,10.1038/s41598-023-36778-x,,https://api.elsevier.com/content/abstract/scopus_id/85165410975,13,1,,,,2.0,4.0,1,2,,,,85165410975,2-s2.0-85165410975
2,Farr A.,"The genome sequence of the Northern Summer Mayfly, Siphlonurus alternatus (Say, 1824)",2023,Wellcome Open Research,,https://www.scopus.com/inward/record.uri?partnerID=HzOxMe3b&scp=85192135380&origin=inward,https://www.scopus.com/inward/citedby.uri?partnerID=HzOxMe3b&scp=85192135380&origin=inward,,2026-04-12 18:32:41,Article,10.12688/wellcomeopenres.20172.1,,https://api.elsevier.com/content/abstract/scopus_id/85192135380,8,,,,,1.0,2.0,1,2,,,,85192135380,2-s2.0-85192135380
7,Domínguez E.,The function of wing bullae in mayflies (Insecta: Ephemeroptera) reveals new insights into the early evolution of Pterygota,2023,BMC Biology,,https://www.scopus.com/inward/record.uri?partnerID=HzOxMe3b&scp=85177692317&origin=inward,https://www.scopus.com/inward/citedby.uri?partnerID=HzOxMe3b&scp=85177692317&origin=inward,,2026-04-12 18:32:41,Article,10.1186/s12915-023-01750-8,,https://api.elsevier.com/content/abstract/scopus_id/85177692317,21,1,,,,3.5,7.0,1,2,,,,85177692317,2-s2.0-85177692317
3,Vilenica M.,Are Intermittent Rivers in the Karst Mediterranean Region of the Balkans Suitable as Mayfly Habitats?,2023,Diversity,,https://www.scopus.com/inward/record.uri?partnerID=HzOxMe3b&scp=85149147890&origin=inward,https://www.scopus.com/inward/citedby.uri?partnerID=HzOxMe3b&scp=85149147890&origin=inward,,2026-04-12 18:32:41,Article,10.3390/d15020155,,https://api.elsevier.com/content/abstract/scopus_id/85149147890,15,2,,,,1.5,3.0,1,2,,,,85149147890,2-s2.0-85149147890
15,Sroka P.,"Fluctuation in the diversity of mayflies (Insecta, Ephemerida) as documented in the fossil record",2023,Scientific Reports,,https://www.scopus.com/inward/record.uri?partnerID=HzOxMe3b&scp=85172138407&origin=inward,https://www.scopus.com/inward/citedby.uri?partnerID=HzOxMe3b&scp=85172138407&origin=inward,,2026-04-12 18:32:41,Article,10.1038/s41598-023-42571-7,,https://api.elsevier.com/content/abstract/scopus_id/85172138407,13,1,,,,7.5,15.0,1,2,,,,85172138407,2-s2.0-85172138407
3,Sartori M.,Order Ephemeroptera,2023,Identification and Ecology of Freshwater Arthropods in the Mediterranean Basin,,https://www.scopus.com/inward/record.uri?partnerID=HzOxMe3b&scp=85179202023&origin=inward,https://www.scopus.com/inward/citedby.uri?partnerID=HzOxMe3b&scp=85179202023&origin=inward,,2026-04-12 18:32:41,Book Chapter,10.1016/B978-0-12-821844-0.00011-9,,https://api.elsevier.com/content/abstract/scopus_id/85179202023,,,,,,1.5,3.0,1,2,,,,85179202023,2-s2.0-85179202023
4,Türkmen G.,"Mayfly (Ephemeroptera) fauna of the Camili Biosphere Reserve (Artvin, Turkey), with three new records",2023,Biologia,,https://www.scopus.com/inward/record.uri?partnerID=HzOxMe3b&scp=85141354070&origin=inward,https://www.scopus.com/inward/citedby.uri?partnerID=HzOxMe3b&scp=85141354070&origin=inward,,2026-04-12 18:32:41,Article,10.1007/s11756-022-01252-y,00063088,https://api.elsevier.com/content/abstract/scopus_id/85141354070,78,2,,,,2.0,4.0,1,2,,,,85141354070,2-s2.0-85141354070
2,Prakrongrak N.,Genetic diversity and phylogenetic analysis of mayfly Caenis (Insecta: Ephemeroptera) using Cytochrome C Oxidase I (COI) and 12s rRNA genes from Thailand,2023,Biodiversitas,,https://www.scopus.com/inward/record.uri?partnerID=HzOxMe3b&scp=85159930784&origin=inward,https://www.scopus.com/inward/citedby.uri?partnerID=HzOxMe3b&scp=85159930784&origin=inward,,2026-04-12 18:32:41,Article,10.13057/biodiv/d240407,1412033X,https://api.elsevier.com/content/abstract/scopus_id/85159930784,24,4,,,,1.0,2.0,1,2,,,,85159930784,2-s2.0-85159930784
4,Zheng X.,A new genus and species of Australiphemeridae (Insecta: Ephemeroptera) in mid-Cretaceous Kachin amber of northern Myanmar,2023,Cretaceous Research,,https://www.scopus.com/inward/record.uri?partnerID=HzOxMe3b&scp=85149807462&origin=inward,https://www.scopus.com/inward/citedby.uri?partnerID=HzOxMe3b&scp=85149807462&origin=inward,,2026-04-12 18:32:41,Article,10.1016/j.cretres.2023.105485,01956671,https://api.elsevier.com/content/abstract/scopus_id/85149807462,146,,,,,2.0,4.0,1,2,,,,85149807462,2-s2.0-85149807462
1,Thakur G.,Performance Analysis of Mayfly Algorithm for Problem Solving in Optimization,2023,Lecture Notes on Data Engineering and Communications Technologies,,https://www.scopus.com/inward/record.uri?partnerID=HzOxMe3b&scp=85168651992&origin=inward,https://www.scopus.com/inward/citedby.uri?partnerID=HzOxMe3b&scp=85168651992&origin=inward,,2026-04-12 18:32:41,Book Chapter,10.1007/978-981-99-3432-4_14,23674512,https://api.elsevier.com/content/abstract/scopus_id/85168651992,175,,,,,0.5,1.0,1,2,,,,85168651992,2-s2.0-85168651992
9,Yan Z.,An improved hybrid mayfly algorithm for global optimization,2023,Journal of Supercomputing,,https://www.scopus.com/inward/record.uri?partnerID=HzOxMe3b&scp=85140823505&origin=inward,https://www.scopus.com/inward/citedby.uri?partnerID=HzOxMe3b&scp=85140823505&origin=inward,,2026-04-12 18:32:41,Article,10.1007/s11227-022-04883-9,09208542,https://api.elsevier.com/content/abstract/scopus_id/85140823505,79,6,,,,4.5,9.0,1,2,,,,85140823505,2-s2.0-85140823505
14,Dias J.J.,Mayfly larvae preservation from the Early Cretaceous of Brazilian Gondwana: Analogies with modern mats and other Lagerstätten,2023,Gondwana Research,,https://www.scopus.com/inward/record.uri?partnerID=HzOxMe3b&scp=85166668888&origin=inward,https://www.scopus.com/inward/citedby.uri?partnerID=HzOxMe3b&scp=85166668888&origin=inward,,2026-04-12 18:32:41,Article,10.1016/j.gr.2023.07.007,1342937X,https://api.elsevier.com/content/abstract/scopus_id/85166668888,124,,,,,7.0,14.0,1,2,,,,85166668888,2-s2.0-85166668888
5,Lizarraga E.,Fuzzy Dynamic Parameter Adaptation in the Mayfly Algorithm: Implementation of Fuzzy Adaptation and Tests on Benchmark Functions and Neural Networks,2023,Studies in Computational Intelligence,,https://www.scopus.com/inward/record.uri?partnerID=HzOxMe3b&scp=85152256645&origin=inward,https://www.scopus.com/inward/citedby.uri?partnerID=HzOxMe3b&scp=85152256645&origin=inward,,2026-04-12 18:32:41,Book Chapter,10.1007/978-3-031-22042-5_4,1860949X,https://api.elsevier.com/content/abstract/scopus_id/85152256645,1061,,,,,2.5,5.0,1,2,,,,85152256645,2-s2.0-85152256645
9,Vijaya Bhaskar K.,Multi-Objective Optimal Power Flow Solutions Using Improved Multi-Objective Mayfly Algorithm (IMOMA),2023,Journal of Circuits Systems and Computers,,https://www.scopus.com/inward/record.uri?partnerID=HzOxMe3b&scp=85150222052&origin=inward,https://www.scopus.com/inward/citedby.uri?partnerID=HzOxMe3b&scp=85150222052&origin=inward,,2026-04-12 18:32:41,Article,10.1142/S0218126623502006,02181266,https://api.elsevier.com/content/abstract/scopus_id/85150222052,32,12,,,,4.5,9.0,1,2,,,,85150222052,2-s2.0-85150222052
1,Balakrishnan D.,Enhanced Mayfly Optimization with Active Elite Approach Based Cluster Head Selection for Energy Efficient IoT based Healthcare Monitoring System,2023,2023 2nd International Conference on Smart Technologies and Systems for Next Generation Computing Icstsn 2023,,https://www.scopus.com/inward/record.uri?partnerID=HzOxMe3b&scp=85196507127&origin=inward,https://www.scopus.com/inward/citedby.uri?partnerID=HzOxMe3b&scp=85196507127&origin=inward,,2026-04-12 18:32:41,Conference Paper,10.1109/ICSTSN57873.2023.10151534,,https://api.elsevier.com/content/abstract/scopus_id/85196507127,,,,,,0.5,1.0,1,2,,,,85196507127,2-s2.0-85196507127
15,Zhao Y.,COLMA: a chaos-based mayfly algorithm with opposition-based learning and Levy flight for numerical optimization and engineering design,2023,Journal of Supercomputing,,https://www.scopus.com/inward/record.uri?partnerID=HzOxMe3b&scp=85160857314&origin=inward,https://www.scopus.com/inward/citedby.uri?partnerID=HzOxMe3b&scp=85160857314&origin=inward,,2026-04-12 18:32:41,Article,10.1007/s11227-023-05400-2,09208542,https://api.elsevier.com/content/abstract/scopus_id/85160857314,79,17,,,,7.5,15.0,1,2,,,,85160857314,2-s2.0-85160857314
2,Pai S.G.,FIRST RECORD OF MAYFLY POVILLA (LANGUIDIPES) TAPROBANES HUBBARD FROM KARNATAKA,2023,Indian Journal of Entomology,,https://www.scopus.com/inward/record.uri?partnerID=HzOxMe3b&scp=85174918319&origin=inward,https://www.scopus.com/inward/citedby.uri?partnerID=HzOxMe3b&scp=85174918319&origin=inward,,2026-04-12 18:32:41,Article,10.55446/IJE.2021.392,03678288,https://api.elsevier.com/content/abstract/scopus_id/85174918319,85,3,,,,1.0,2.0,1,2,,,,85174918319,2-s2.0-85174918319
4,Cochran J.K.,Physiological and life history responses in a mayfly (Callibaetis floridanus) inhabiting ponds with saltwater intrusion,2023,Frontiers in Ecology and Evolution,,https://www.scopus.com/inward/record.uri?partnerID=HzOxMe3b&scp=85153383683&origin=inward,https://www.scopus.com/inward/citedby.uri?partnerID=HzOxMe3b&scp=85153383683&origin=inward,,2026-04-12 18:32:41,Article,10.3389/fevo.2023.1135924,,https://api.elsevier.com/content/abstract/scopus_id/85153383683,11,,,,,2.0,4.0,1,2,,,,85153383683,2-s2.0-85153383683
1,Ridden J.D.,The Canterbury Museum mayfly collection data resource,2023,Journal of Limnology,,https://www.scopus.com/inward/record.uri?partnerID=HzOxMe3b&scp=85162250399&origin=inward,https://www.scopus.com/inward/citedby.uri?partnerID=HzOxMe3b&scp=85162250399&origin=inward,,2026-04-12 18:32:41,Article,10.4081/jlimnol.2023.2097,11295767,https://api.elsevier.com/content/abstract/scopus_id/85162250399,82,S1,,,,0.5,1.0,1,2,,,,85162250399,2-s2.0-85162250399
7,Rendoll-Cárcamo J.,Wing reduction and body size variation along a steep elevation gradient: a case study with Magellanic sub-Antarctic mayflies and stoneflies,2023,Frontiers in Ecology and Evolution,,https://www.scopus.com/inward/record.uri?partnerID=HzOxMe3b&scp=85165302809&origin=inward,https://www.scopus.com/inward/citedby.uri?partnerID=HzOxMe3b&scp=85165302809&origin=inward,,2026-04-12 18:32:41,Article,10.3389/fevo.2023.1188889,,https://api.elsevier.com/content/abstract/scopus_id/85165302809,11,,,,,3.5,7.0,1,2,,,,85165302809,2-s2.0-85165302809
5,Hou S.,Flow distribution optimization of parallel pumps based on improved mayfly algorithm,2023,Journal of Intelligent and Fuzzy Systems,,https://www.scopus.com/inward/record.uri?partnerID=HzOxMe3b&scp=85148104527&origin=inward,https://www.scopus.com/inward/citedby.uri?partnerID=HzOxMe3b&scp=85148104527&origin=inward,,2026-04-12 18:32:41,Article,10.3233/JIFS-222783,10641246,https://api.elsevier.com/content/abstract/scopus_id/85148104527,44,2,,,,2.5,5.0,1,2,,,,85148104527,2-s2.0-85148104527
5,Liegeois M.,What ecological factors favor parthenogenesis over sexual reproduction? A study on the facultatively parthenogenetic mayfly alainites muticus in natural populations,2023,American Naturalist,,https://www.scopus.com/inward/record.uri?partnerID=HzOxMe3b&scp=85147235411&origin=inward,https://www.scopus.com/inward/citedby.uri?partnerID=HzOxMe3b&scp=85147235411&origin=inward,,2026-04-12 18:32:41,Article,10.1086/722515,00030147,https://api.elsevier.com/content/abstract/scopus_id/85147235411,201,2,,,,2.5,5.0,1,2,,,,85147235411,2-s2.0-85147235411
6,Li H.,Improved Discrete Mayfly Algorithm for Multi-objective Dynamic Network Community Detection,2023,Journal of Frontiers of Computer Science and Technology,,https://www.scopus.com/inward/record.uri?partnerID=HzOxMe3b&scp=85153509803&origin=inward,https://www.scopus.com/inward/citedby.uri?partnerID=HzOxMe3b&scp=85153509803&origin=inward,,2026-04-12 18:32:41,Article,10.3778/j.issn.1673-9418.2106011,16739418,https://api.elsevier.com/content/abstract/scopus_id/85153509803,17,4,,,,3.0,6.0,1,2,,,,85153509803,2-s2.0-85153509803
5,Chole V.,Locust Mayfly Optimization-Tuned Neural Network for AI-Based Pruning in Chess Game,2023,International Journal of Image and Graphics,,https://www.scopus.com/inward/record.uri?partnerID=HzOxMe3b&scp=85129018348&origin=inward,https://www.scopus.com/inward/citedby.uri?partnerID=HzOxMe3b&scp=85129018348&origin=inward,,2026-04-12 18:32:41,Article,10.1142/S0219467823500286,02194678,https://api.elsevier.com/content/abstract/scopus_id/85129018348,23,4,,,,2.5,5.0,1,2,,,,85129018348,2-s2.0-85129018348
3,Tyufekchieva V.,"Ephemeroptera, Plecoptera and Trichoptera (Insecta) of Mountain Tributaries of the Struma River: Diversity in Relation to Environmental Parameters and Zoogeographic Features",2023,Acta Zoologica Bulgarica,,https://www.scopus.com/inward/record.uri?partnerID=HzOxMe3b&scp=85192763879&origin=inward,https://www.scopus.com/inward/citedby.uri?partnerID=HzOxMe3b&scp=85192763879&origin=inward,,2026-04-12 18:32:41,Article,,03240770,https://api.elsevier.com/content/abstract/scopus_id/85192763879,2023,,,,,1.5,3.0,1,2,,,,85192763879,2-s2.0-85192763879
2,Li M.Y.,"The Exact Morphology of the Species Ephemera pieli Navás, 1934 from Eastern China (Ephemeroptera: Ephemeridae)",2023,Zootaxa,,https://www.scopus.com/inward/record.uri?partnerID=HzOxMe3b&scp=85162221959&origin=inward,https://www.scopus.com/inward/citedby.uri?partnerID=HzOxMe3b&scp=85162221959&origin=inward,,2026-04-12 18:32:41,Article,10.11646/zootaxa.5271.2.8,11755326,https://api.elsevier.com/content/abstract/scopus_id/85162221959,5271,2,,,,1.0,2.0,1,2,,,,85162221959,2-s2.0-85162221959
3,Yang Q.Y.,"Report of intersex individuals from a southeastern Chinese Choroterpes facialis (Gillies, 1951) population (Ephemeroptera: Leptophlebiidae)",2023,Zootaxa,,https://www.scopus.com/inward/record.uri?partnerID=HzOxMe3b&scp=85152327117&origin=inward,https://www.scopus.com/inward/citedby.uri?partnerID=HzOxMe3b&scp=85152327117&origin=inward,,2026-04-12 18:32:41,Article,10.11646/zootaxa.5258.4.10,11755326,https://api.elsevier.com/content/abstract/scopus_id/85152327117,5258,1,,,,1.5,3.0,1,2,,,,85152327117,2-s2.0-85152327117
7,Khasanov M.,Optimal Radial Distribution Network Reconfiguration to Minimize Power Loss by using Mayfly Algorithm,2023,Aip Conference Proceedings,,https://www.scopus.com/inward/record.uri?partnerID=HzOxMe3b&scp=85151340700&origin=inward,https://www.scopus.com/inward/citedby.uri?partnerID=HzOxMe3b&scp=85151340700&origin=inward,,2026-04-12 18:32:41,Conference Paper,10.1063/5.0113629,0094243X,https://api.elsevier.com/content/abstract/scopus_id/85151340700,2612,,,,,3.5,7.0,1,2,,,,85151340700,2-s2.0-85151340700
54,Zou A.,Mobile robot path planning using improved mayfly optimization algorithm and dynamic window approach,2023,Journal of Supercomputing,,https://www.scopus.com/inward/record.uri?partnerID=HzOxMe3b&scp=85143981018&origin=inward,https://www.scopus.com/inward/citedby.uri?partnerID=HzOxMe3b&scp=85143981018&origin=inward,,2026-04-12 18:32:41,Article,10.1007/s11227-022-04998-z,09208542,https://api.elsevier.com/content/abstract/scopus_id/85143981018,79,8,,,,27.0,54.0,1,2,,,,85143981018,2-s2.0-85143981018
34,Zhang T.,Discrete Mayfly Algorithm for spherical asymmetric traveling salesman problem,2023,Expert Systems with Applications,,https://www.scopus.com/inward/record.uri?partnerID=HzOxMe3b&scp=85162895754&origin=inward,https://www.scopus.com/inward/citedby.uri?partnerID=HzOxMe3b&scp=85162895754&origin=inward,,2026-04-12 18:32:41,Article,10.1016/j.eswa.2023.119765,09574174,https://api.elsevier.com/content/abstract/scopus_id/85162895754,221,,,,,17.0,34.0,1,2,,,,85162895754,2-s2.0-85162895754
4,Dujari R.,Adaptive Mayfly Algorithm for UAV Path Planning and Obstacle Avoidance in Indoor Environment,2023,2023 International Conference on Network Multimedia and Information Technology Nmitcon 2023,,https://www.scopus.com/inward/record.uri?partnerID=HzOxMe3b&scp=85175398837&origin=inward,https://www.scopus.com/inward/citedby.uri?partnerID=HzOxMe3b&scp=85175398837&origin=inward,,2026-04-12 18:32:41,Conference Paper,10.1109/NMITCON58196.2023.10276099,,https://api.elsevier.com/content/abstract/scopus_id/85175398837,,,,,,2.0,4.0,1,2,,,,85175398837,2-s2.0-85175398837
14,Xiao Y.,Robust visual tracking based on modified mayfly optimization algorithm,2023,Image and Vision Computing,,https://www.scopus.com/inward/record.uri?partnerID=HzOxMe3b&scp=85159143848&origin=inward,https://www.scopus.com/inward/citedby.uri?partnerID=HzOxMe3b&scp=85159143848&origin=inward,,2026-04-12 18:32:41,Article,10.1016/j.imavis.2023.104691,02628856,https://api.elsevier.com/content/abstract/scopus_id/85159143848,135,,,,,7.0,14.0,1,2,,,,85159143848,2-s2.0-85159143848
4,Yang X.,"Two new species of heptageniids (Insecta, Ephemeroptera) with long antennae from mid-Cretaceous Myanmar amber",2023,Cretaceous Research,,https://www.scopus.com/inward/record.uri?partnerID=HzOxMe3b&scp=85151276321&origin=inward,https://www.scopus.com/inward/citedby.uri?partnerID=HzOxMe3b&scp=85151276321&origin=inward,,2026-04-12 18:32:41,Article,10.1016/j.cretres.2023.105515,01956671,https://api.elsevier.com/content/abstract/scopus_id/85151276321,147,,,,,2.0,4.0,1,2,,,,85151276321,2-s2.0-85151276321
4,Martini J.,The last hideout: Abundance patterns of the not-quite-yet extinct mayfly Prosopistoma pennigerum in the Albanian Vjosa River network,2023,Insect Conservation and Diversity,,https://www.scopus.com/inward/record.uri?partnerID=HzOxMe3b&scp=85142720167&origin=inward,https://www.scopus.com/inward/citedby.uri?partnerID=HzOxMe3b&scp=85142720167&origin=inward,,2026-04-12 18:32:41,Article,10.1111/icad.12620,1752458X,https://api.elsevier.com/content/abstract/scopus_id/85142720167,16,2,,,,2.0,4.0,1,2,,,,85142720167,2-s2.0-85142720167
0,Wei Y.,Android Malicious Application Detection Based on Improved Mayfly Algorithm,2023,Proceedings 2023 IEEE 22nd International Conference on Trust Security and Privacy in Computing and Communications Trustcom Bigdatase Cse Euc Isci 2023,,https://www.scopus.com/inward/record.uri?partnerID=HzOxMe3b&scp=85195491211&origin=inward,https://www.scopus.com/inward/citedby.uri?partnerID=HzOxMe3b&scp=85195491211&origin=inward,,2026-04-12 18:32:41,Conference Paper,10.1109/TrustCom60117.2023.00250,,https://api.elsevier.com/content/abstract/scopus_id/85195491211,,,,,,0.0,0.0,1,2,,,,85195491211,2-s2.0-85195491211
2,Prah N.K.,Combined Economic Emission Dispatch in a Grid-Connected Microgrid Using an Improved Mayfly Algorithm,2023,Journal of Applied Research in Electrical Engineering,,https://www.scopus.com/inward/record.uri?partnerID=HzOxMe3b&scp=105001434118&origin=inward,https://www.scopus.com/inward/citedby.uri?partnerID=HzOxMe3b&scp=105001434118&origin=inward,,2026-04-12 18:32:41,Article,10.22055/jaree.2023.43803.1070,2717414X,https://api.elsevier.com/content/abstract/scopus_id/105001434118,2,2,,,,1.0,2.0,1,2,,,,105001434118,2-s2.0-105001434118
4,Hu H.,Phase-Only Pattern Synthesis for Spaceborne Array Antenna Based on Improved Mayfly Optimization Algorithm,2023,Electronics Switzerland,,https://www.scopus.com/inward/record.uri?partnerID=HzOxMe3b&scp=85148895251&origin=inward,https://www.scopus.com/inward/citedby.uri?partnerID=HzOxMe3b&scp=85148895251&origin=inward,,2026-04-12 18:32:41,Article,10.3390/electronics12040895,,https://api.elsevier.com/content/abstract/scopus_id/85148895251,12,4,,,,2.0,4.0,1,2,,,,85148895251,2-s2.0-85148895251
2,Nascimento S.R.S.,"New species and records of Caenidae Newman, 1853 (Insecta: Ephemeroptera) from Rondônia State, Northern Brazil",2023,Zootaxa,,https://www.scopus.com/inward/record.uri?partnerID=HzOxMe3b&scp=85174224869&origin=inward,https://www.scopus.com/inward/citedby.uri?partnerID=HzOxMe3b&scp=85174224869&origin=inward,,2026-04-12 18:32:41,Article,10.11646/zootaxa.5339.3.2,11755326,https://api.elsevier.com/content/abstract/scopus_id/85174224869,5339,3,,,,1.0,2.0,1,2,,,,85174224869,2-s2.0-85174224869
15,Soucek D.J.,Perfluorooctanesulfonate Adversely Affects a Mayfly (Neocloeon triangulifer) at Environmentally Realistic Concentrations,2023,Environmental Science and Technology Letters,,https://www.scopus.com/inward/record.uri?partnerID=HzOxMe3b&scp=85149479597&origin=inward,https://www.scopus.com/inward/citedby.uri?partnerID=HzOxMe3b&scp=85149479597&origin=inward,,2026-04-12 18:32:41,Article,10.1021/acs.estlett.3c00056,,https://api.elsevier.com/content/abstract/scopus_id/85149479597,10,3,,,,7.5,15.0,1,2,,,,85149479597,2-s2.0-85149479597
10,Gouin N.,Pesticide exposure affects DNA methylation patterns in natural populations of a mayfly,2023,Science of the Total Environment,,https://www.scopus.com/inward/record.uri?partnerID=HzOxMe3b&scp=85144623161&origin=inward,https://www.scopus.com/inward/citedby.uri?partnerID=HzOxMe3b&scp=85144623161&origin=inward,,2026-04-12 18:32:41,Article,10.1016/j.scitotenv.2022.161096,00489697,https://api.elsevier.com/content/abstract/scopus_id/85144623161,864,,,,,5.0,10.0,1,2,,,,85144623161,2-s2.0-85144623161
0,Orlando T.Y.,"New Stage and Species Description on Brazilian Thraulodes Ulmer, 1920 (Ephemeroptera, Leptophlebiidae)",2023,Neotropical Entomology,,https://www.scopus.com/inward/record.uri?partnerID=HzOxMe3b&scp=85171481114&origin=inward,https://www.scopus.com/inward/citedby.uri?partnerID=HzOxMe3b&scp=85171481114&origin=inward,,2026-04-12 18:32:41,Article,10.1007/s13744-023-01078-6,1519566X,https://api.elsevier.com/content/abstract/scopus_id/85171481114,52,6,,,,0.0,0.0,1,2,,,,85171481114,2-s2.0-85171481114
0,Tianyu G.,Improved Mayfly Algorithm Based on Co-Evolution for Feature Selection,2023,Conference Proceedings IEEE International Conference on Systems Man and Cybernetics,,https://www.scopus.com/inward/record.uri?partnerID=HzOxMe3b&scp=85187310868&origin=inward,https://www.scopus.com/inward/citedby.uri?partnerID=HzOxMe3b&scp=85187310868&origin=inward,,2026-04-12 18:32:41,Conference Paper,10.1109/SMC53992.2023.10394292,1062922X,https://api.elsevier.com/content/abstract/scopus_id/85187310868,,,,,,0.0,0.0,1,2,,,,85187310868,2-s2.0-85187310868
9,Orr S.E.,"Salinity-induced ionoregulatory changes in the gill proteome of the mayfly, Neocloeon triangulifer",2023,Environmental Pollution,,https://www.scopus.com/inward/record.uri?partnerID=HzOxMe3b&scp=85141815348&origin=inward,https://www.scopus.com/inward/citedby.uri?partnerID=HzOxMe3b&scp=85141815348&origin=inward,,2026-04-12 18:32:41,Article,10.1016/j.envpol.2022.120609,02697491,https://api.elsevier.com/content/abstract/scopus_id/85141815348,316,,,,,4.5,9.0,1,2,,,,85141815348,2-s2.0-85141815348
9,Gattolliat J.L.,"Baetidae (Baetidae, Ephemeroptera) in the Maghreb: state of the art, key, and perspectives",2023,Zookeys,,https://www.scopus.com/inward/record.uri?partnerID=HzOxMe3b&scp=85146511864&origin=inward,https://www.scopus.com/inward/citedby.uri?partnerID=HzOxMe3b&scp=85146511864&origin=inward,,2026-04-12 18:32:41,Article,10.3897/zookeys.1139.94586,13132989,https://api.elsevier.com/content/abstract/scopus_id/85146511864,2023,1139,,,,4.5,9.0,1,2,,,,85146511864,2-s2.0-85146511864
1,Hu J.,Parallel spectral clustering algorithm using KD tree and chaotic mayfly optimization algorithm,2023,Jisuanji Jicheng Zhizao Xitong Computer Integrated Manufacturing Systems CIMS,,https://www.scopus.com/inward/record.uri?partnerID=HzOxMe3b&scp=85184055311&origin=inward,https://www.scopus.com/inward/citedby.uri?partnerID=HzOxMe3b&scp=85184055311&origin=inward,,2026-04-12 18:32:41,Article,10.13196/j.cims.2021.0491,10065911,https://api.elsevier.com/content/abstract/scopus_id/85184055311,29,12,,,,0.5,1.0,1,2,,,,85184055311,2-s2.0-85184055311
5,Zhao X.,An improved mayfly algorithm based on Kapur entropy for multilevel thresholding color image segmentation,2023,Journal of Intelligent and Fuzzy Systems,,https://www.scopus.com/inward/record.uri?partnerID=HzOxMe3b&scp=85148073217&origin=inward,https://www.scopus.com/inward/citedby.uri?partnerID=HzOxMe3b&scp=85148073217&origin=inward,,2026-04-12 18:32:41,Article,10.3233/JIFS-221161,10641246,https://api.elsevier.com/content/abstract/scopus_id/85148073217,44,1,,,,2.5,5.0,1,2,,,,85148073217,2-s2.0-85148073217
10,Srinivasan S.,An innovative malware detection methodology employing the amalgamation of stacked BiLSTM and CNN+LSTM-based classification networks with the assistance of Mayfly metaheuristic optimization algorithm in cyber-attack,2023,Concurrency and Computation Practice and Experience,,https://www.scopus.com/inward/record.uri?partnerID=HzOxMe3b&scp=85151002519&origin=inward,https://www.scopus.com/inward/citedby.uri?partnerID=HzOxMe3b&scp=85151002519&origin=inward,,2026-04-12 18:32:41,Article,10.1002/cpe.7679,15320626,https://api.elsevier.com/content/abstract/scopus_id/85151002519,35,10,,,,5.0,10.0,1,2,,,,85151002519,2-s2.0-85151002519
1,Suzuki T.,A major flood caused by a typhoon did not affect the population genetic structure of a river mayfly metapopulation,2023,Proceedings of the Royal Society B Biological Sciences,,https://www.scopus.com/inward/record.uri?partnerID=HzOxMe3b&scp=85152863513&origin=inward,https://www.scopus.com/inward/citedby.uri?partnerID=HzOxMe3b&scp=85152863513&origin=inward,,2026-04-12 18:32:41,Article,10.1098/rspb.2023.0177,09628452,https://api.elsevier.com/content/abstract/scopus_id/85152863513,290,1997,,,,0.5,1.0,1,2,,,,85152863513,2-s2.0-85152863513
0,Ziegler J.,No Mayfly: Detection and Analysis of Long-term Twitter Trends,2023,Lecture Notes in Informatics Lni Proceedings Series of the Gesellschaft Fur Informatik Gi,,https://www.scopus.com/inward/record.uri?partnerID=HzOxMe3b&scp=85149909717&origin=inward,https://www.scopus.com/inward/citedby.uri?partnerID=HzOxMe3b&scp=85149909717&origin=inward,,2026-04-12 18:32:41,Conference Paper,10.18420/BTW2023-17,16175468,https://api.elsevier.com/content/abstract/scopus_id/85149909717,P-331,,,,,0.0,0.0,1,2,,,,85149909717,2-s2.0-85149909717
15,Arulprakash P.,Optimal route and cluster head selection using energy efficient-modified African vulture and modified mayfly in manet,2023,Peer to Peer Networking and Applications,,https://www.scopus.com/inward/record.uri?partnerID=HzOxMe3b&scp=85151483369&origin=inward,https://www.scopus.com/inward/citedby.uri?partnerID=HzOxMe3b&scp=85151483369&origin=inward,,2026-04-12 18:32:41,Article,10.1007/s12083-023-01461-5,19366442,https://api.elsevier.com/content/abstract/scopus_id/85151483369,16,2,,,,7.5,15.0,1,2,,,,85151483369,2-s2.0-85151483369
0,Shea J.F.,Evidence that flatheaded mayflies (Heptageniidae) serve as the likely paratenic host for Chordodes morgani (Nematomorpha) in Nebraska,2023,Invertebrate Biology,,https://www.scopus.com/inward/record.uri?partnerID=HzOxMe3b&scp=85161376992&origin=inward,https://www.scopus.com/inward/citedby.uri?partnerID=HzOxMe3b&scp=85161376992&origin=inward,,2026-04-12 18:32:41,Article,10.1111/ivb.12406,10778306,https://api.elsevier.com/content/abstract/scopus_id/85161376992,142,2,,,,0.0,0.0,1,2,,,,85161376992,2-s2.0-85161376992
0,Diaz P.M.,Predicting the tensile behaviour of friction stir welded AA2024 and AA5083 alloy based on artificial neural network and mayfly optimisation algorithm,2023,International Journal of Computational Materials Science and Surface Engineering,,https://www.scopus.com/inward/record.uri?partnerID=HzOxMe3b&scp=85182268223&origin=inward,https://www.scopus.com/inward/citedby.uri?partnerID=HzOxMe3b&scp=85182268223&origin=inward,,2026-04-12 18:32:41,Article,10.1504/IJCMSSE.2023.135833,17533465,https://api.elsevier.com/content/abstract/scopus_id/85182268223,11,3-4,,,,0.0,0.0,1,2,,,,85182268223,2-s2.0-85182268223
2,Ramulifho P.,"Relationships between reference site quality and baetid mayfly assemblages in mountainous streams of the Luvuvhu catchment, South Africa",2023,Water SA,,https://www.scopus.com/inward/record.uri?partnerID=HzOxMe3b&scp=85167725111&origin=inward,https://www.scopus.com/inward/citedby.uri?partnerID=HzOxMe3b&scp=85167725111&origin=inward,,2026-04-12 18:32:41,Article,10.17159/wsa/2023.v49.i3.4023,03784738,https://api.elsevier.com/content/abstract/scopus_id/85167725111,49,3,,,,1.0,2.0,1,2,,,,85167725111,2-s2.0-85167725111
0,Bhagat S.K.,Effect of Several Mayfly Optimized Tilt Controllers in AGC of RES Integrated System,2023,2023 IEEE International Conference on Energy Technologies for Future Grids Etfg 2023,,https://www.scopus.com/inward/record.uri?partnerID=HzOxMe3b&scp=85185795258&origin=inward,https://www.scopus.com/inward/citedby.uri?partnerID=HzOxMe3b&scp=85185795258&origin=inward,,2026-04-12 18:32:41,Conference Paper,10.1109/ETFG55873.2023.10407314,,https://api.elsevier.com/content/abstract/scopus_id/85185795258,,,,,,0.0,0.0,1,2,,,,85185795258,2-s2.0-85185795258
6,Dey S.,Optimal Design of IIR-Type Fractional Order Digital Integrator Using Mayfly Optimization Algorithm,2023,Circuits Systems and Signal Processing,,https://www.scopus.com/inward/record.uri?partnerID=HzOxMe3b&scp=85138687098&origin=inward,https://www.scopus.com/inward/citedby.uri?partnerID=HzOxMe3b&scp=85138687098&origin=inward,,2026-04-12 18:32:41,Article,10.1007/s00034-022-02141-0,0278081X,https://api.elsevier.com/content/abstract/scopus_id/85138687098,42,2,,,,3.0,6.0,1,2,,,,85138687098,2-s2.0-85138687098
2,Ditsche P.,Hydrofoil-like legs help stream mayfly larvae to stay on the ground,2023,Journal of Comparative Physiology A Neuroethology Sensory Neural and Behavioral Physiology,,https://www.scopus.com/inward/record.uri?partnerID=HzOxMe3b&scp=85148526002&origin=inward,https://www.scopus.com/inward/citedby.uri?partnerID=HzOxMe3b&scp=85148526002&origin=inward,,2026-04-12 18:32:41,Article,10.1007/s00359-023-01620-2,03407594,https://api.elsevier.com/content/abstract/scopus_id/85148526002,209,2,,,,1.0,2.0,1,2,,,,85148526002,2-s2.0-85148526002
5,Lalngaihawma S.,Performance Analysis of an Electric Vehicle Fleet for Automatic Generation Control of a Multi Area Multi Source Power System Using a Cascaded Controller Tuned with a Recent Mayfly Optimization Algorithm,2023,2023 IEEE 3rd International Conference on Sustainable Energy and Future Electric Transportation Sefet 2023,,https://www.scopus.com/inward/record.uri?partnerID=HzOxMe3b&scp=85173609192&origin=inward,https://www.scopus.com/inward/citedby.uri?partnerID=HzOxMe3b&scp=85173609192&origin=inward,,2026-04-12 18:32:41,Conference Paper,10.1109/SeFeT57834.2023.10245409,,https://api.elsevier.com/content/abstract/scopus_id/85173609192,,,,,,2.5,5.0,1,2,,,,85173609192,2-s2.0-85173609192
3,Poornachandra Rao G.,Load Balancing and Restoring Service Using Hybrid Ant Lion and Improved Mayfly Optimization Technique,2023,Journal of Asian Energy Studies,,https://www.scopus.com/inward/record.uri?partnerID=HzOxMe3b&scp=85160277148&origin=inward,https://www.scopus.com/inward/citedby.uri?partnerID=HzOxMe3b&scp=85160277148&origin=inward,,2026-04-12 18:32:41,Article,10.24112/jaes.070005,,https://api.elsevier.com/content/abstract/scopus_id/85160277148,7,,,,,1.5,3.0,1,2,,,,85160277148,2-s2.0-85160277148
0,Murthy G.N.K.,Development of Healthcare Model Using AR-DVAE with Mayfly-MLP-BPN for Parkinson's Disease Detection,2023,2023 International Conference on Data Science and Network Security Icdsns 2023,,https://www.scopus.com/inward/record.uri?partnerID=HzOxMe3b&scp=85173609704&origin=inward,https://www.scopus.com/inward/citedby.uri?partnerID=HzOxMe3b&scp=85173609704&origin=inward,,2026-04-12 18:32:41,Conference Paper,10.1109/ICDSNS58469.2023.10245173,,https://api.elsevier.com/content/abstract/scopus_id/85173609704,,,,,,0.0,0.0,1,2,,,,85173609704,2-s2.0-85173609704
2,Jayagayathri I.,Inertia weight updated mayfly optimisation algorithm-based thermal breast cancer image segmentation,2023,International Journal of Bio Inspired Computation,,https://www.scopus.com/inward/record.uri?partnerID=HzOxMe3b&scp=85180270157&origin=inward,https://www.scopus.com/inward/citedby.uri?partnerID=HzOxMe3b&scp=85180270157&origin=inward,,2026-04-12 18:32:41,Article,10.1504/IJBIC.2023.135469,17580366,https://api.elsevier.com/content/abstract/scopus_id/85180270157,22,3,,,,1.0,2.0,1,2,,,,85180270157,2-s2.0-85180270157
6,Chen D.,Mayfly Taylor Optimization-Based Graph Attention Network for Task Scheduling in Edge Computing,2023,Journal of Grid Computing,,https://www.scopus.com/inward/record.uri?partnerID=HzOxMe3b&scp=85172784145&origin=inward,https://www.scopus.com/inward/citedby.uri?partnerID=HzOxMe3b&scp=85172784145&origin=inward,,2026-04-12 18:32:41,Article,10.1007/s10723-023-09685-8,15707873,https://api.elsevier.com/content/abstract/scopus_id/85172784145,21,4,,,,3.0,6.0,1,2,,,,85172784145,2-s2.0-85172784145
0,Singh Verma A.,An Efficient Regression Test Cases Selection & Optimization Using Mayfly Optimization Algorithm,2023,Springer Series in Reliability Engineering,,https://www.scopus.com/inward/record.uri?partnerID=HzOxMe3b&scp=85138171336&origin=inward,https://www.scopus.com/inward/citedby.uri?partnerID=HzOxMe3b&scp=85138171336&origin=inward,,2026-04-12 18:32:41,Book Chapter,10.1007/978-3-031-05347-4_8,16147839,https://api.elsevier.com/content/abstract/scopus_id/85138171336,,,,,,0.0,0.0,1,2,,,,85138171336,2-s2.0-85138171336
13,Zheng X.,A Mayfly algorithm for cardinality constrained portfolio optimization,2023,Expert Systems with Applications,,https://www.scopus.com/inward/record.uri?partnerID=HzOxMe3b&scp=85161310900&origin=inward,https://www.scopus.com/inward/citedby.uri?partnerID=HzOxMe3b&scp=85161310900&origin=inward,,2026-04-12 18:32:41,Article,10.1016/j.eswa.2023.120656,09574174,https://api.elsevier.com/content/abstract/scopus_id/85161310900,230,,,,,6.5,13.0,1,2,,,,85161310900,2-s2.0-85161310900
1,Assudani M.K.,Detection of SARS-COVID-19 Based on CT Images Using Deep Learning-Based Hybrid Particle Swarm and Mayfly Optimization Algorithm,2023,International Journal of Electrical and Electronic Engineering and Telecommunications,,https://www.scopus.com/inward/record.uri?partnerID=HzOxMe3b&scp=85177467491&origin=inward,https://www.scopus.com/inward/citedby.uri?partnerID=HzOxMe3b&scp=85177467491&origin=inward,,2026-04-12 18:32:41,Article,10.18178/ijeetc.12.6.424-432,,https://api.elsevier.com/content/abstract/scopus_id/85177467491,12,6,,,,0.5,1.0,1,2,,,,85177467491,2-s2.0-85177467491
3,Alamro H.,Blockchain with Quantum Mayfly Optimization-Based Clustering Scheme for Secure and Smart Transport Systems,2023,Sustainability Switzerland,,https://www.scopus.com/inward/record.uri?partnerID=HzOxMe3b&scp=85167911267&origin=inward,https://www.scopus.com/inward/citedby.uri?partnerID=HzOxMe3b&scp=85167911267&origin=inward,,2026-04-12 18:32:41,Article,10.3390/su151511782,,https://api.elsevier.com/content/abstract/scopus_id/85167911267,15,15,,,,1.5,3.0,1,2,,,,85167911267,2-s2.0-85167911267
7,Balasubramani M.A.,A mayfly optimisation method to predict load settlement of reinforced railway tracks on soft subgrade with multi-layer geogrid,2023,International Journal of Hydromechatronics,,https://www.scopus.com/inward/record.uri?partnerID=HzOxMe3b&scp=85162146091&origin=inward,https://www.scopus.com/inward/citedby.uri?partnerID=HzOxMe3b&scp=85162146091&origin=inward,,2026-04-12 18:32:41,Article,10.1504/IJHM.2023.130517,25150464,https://api.elsevier.com/content/abstract/scopus_id/85162146091,6,2,,,,3.5,7.0,1,2,,,,85162146091,2-s2.0-85162146091
1,Hamza M.,Optimal Fractional order PID control of a Buck-Boost converter using Mayfly algorithm (MA),2023,2023 International Conference on Emerging Power Technologies Icept 2023,,https://www.scopus.com/inward/record.uri?partnerID=HzOxMe3b&scp=85164538007&origin=inward,https://www.scopus.com/inward/citedby.uri?partnerID=HzOxMe3b&scp=85164538007&origin=inward,,2026-04-12 18:32:41,Conference Paper,10.1109/ICEPT58859.2023.10152383,,https://api.elsevier.com/content/abstract/scopus_id/85164538007,,,,,,0.5,1.0,1,2,,,,85164538007,2-s2.0-85164538007
19,Xu H.,An Improved Mayfly Algorithm with Shading Detection for MPPT of Photovoltaic Systems,2023,IEEE Access,,https://www.scopus.com/inward/record.uri?partnerID=HzOxMe3b&scp=85173065330&origin=inward,https://www.scopus.com/inward/citedby.uri?partnerID=HzOxMe3b&scp=85173065330&origin=inward,,2026-04-12 18:32:41,Article,10.1109/ACCESS.2023.3318129,,https://api.elsevier.com/content/abstract/scopus_id/85173065330,11,,,,,9.5,19.0,1,2,,,,85173065330,2-s2.0-85173065330
1,Li X.J.,Optimal Reconstruction Method of Photovoltaic Arrays Based on Improved Mayfly Algorithm,2023,Proceedings of SPIE the International Society for Optical Engineering,,https://www.scopus.com/inward/record.uri?partnerID=HzOxMe3b&scp=85174244534&origin=inward,https://www.scopus.com/inward/citedby.uri?partnerID=HzOxMe3b&scp=85174244534&origin=inward,,2026-04-12 18:32:41,Conference Paper,10.1117/12.3004433,0277786X,https://api.elsevier.com/content/abstract/scopus_id/85174244534,12788,,,,,0.5,1.0,1,2,,,,85174244534,2-s2.0-85174244534
6,Cruz P.V.,"Two new species of Baetodes Needham & Murphy, 1924 with an updated checklist of Baetidae (Ephemeroptera) of Rondônia state, Brazil",2023,Zootaxa,,https://www.scopus.com/inward/record.uri?partnerID=HzOxMe3b&scp=85165375723&origin=inward,https://www.scopus.com/inward/citedby.uri?partnerID=HzOxMe3b&scp=85165375723&origin=inward,,2026-04-12 18:32:41,Article,10.11646/zootaxa.5311.1.5,11755326,https://api.elsevier.com/content/abstract/scopus_id/85165375723,5311,1,,,,3.0,6.0,1,2,,,,85165375723,2-s2.0-85165375723
8,Eglesfield I.B.,Biotic interactions could control colonization success during stream restoration,2023,Freshwater Science,,https://www.scopus.com/inward/record.uri?partnerID=HzOxMe3b&scp=85180447063&origin=inward,https://www.scopus.com/inward/citedby.uri?partnerID=HzOxMe3b&scp=85180447063&origin=inward,,2026-04-12 18:32:41,Article,10.1086/728054,21619549,https://api.elsevier.com/content/abstract/scopus_id/85180447063,42,4,,,,4.0,8.0,1,2,,,,85180447063,2-s2.0-85180447063
4,Manic K.S.,Framework to Detect Schizophrenia in Brain MRI Slices with Mayfly Algorithm-Selected Deep and Handcrafted Features,2023,Sensors,,https://www.scopus.com/inward/record.uri?partnerID=HzOxMe3b&scp=85145874581&origin=inward,https://www.scopus.com/inward/citedby.uri?partnerID=HzOxMe3b&scp=85145874581&origin=inward,,2026-04-12 18:32:41,Article,10.3390/s23010280,14248220,https://api.elsevier.com/content/abstract/scopus_id/85145874581,23,1,,,,2.0,4.0,1,2,,,,85145874581,2-s2.0-85145874581
2,Mercy S.S.,Diagnostic Framework for Mumps Based on Deep Learning with Enhanced Mayfly Optimization Algorithm,2023,IEEE 1st International Conference on Ambient Intelligence Knowledge Informatics and Industrial Electronics Aikiie 2023,,https://www.scopus.com/inward/record.uri?partnerID=HzOxMe3b&scp=85187249356&origin=inward,https://www.scopus.com/inward/citedby.uri?partnerID=HzOxMe3b&scp=85187249356&origin=inward,,2026-04-12 18:32:41,Conference Paper,10.1109/AIKIIE60097.2023.10390030,,https://api.elsevier.com/content/abstract/scopus_id/85187249356,,,,,,1.0,2.0,1,2,,,,85187249356,2-s2.0-85187249356
9,Çavdar B.,A novel optimal PIλ1Iλ2Dμ1Dμ2 controller using mayfly optimization algorithm for automatic voltage regulator system,2023,Neural Computing and Applications,,https://www.scopus.com/inward/record.uri?partnerID=HzOxMe3b&scp=85164805024&origin=inward,https://www.scopus.com/inward/citedby.uri?partnerID=HzOxMe3b&scp=85164805024&origin=inward,,2026-04-12 18:32:41,Article,10.1007/s00521-023-08834-0,09410643,https://api.elsevier.com/content/abstract/scopus_id/85164805024,35,27,,,,4.5,9.0,1,2,,,,85164805024,2-s2.0-85164805024
0,Barhanpurkar A.,Optimization of Flywheel for Reciprocating Air Compressor using Mayfly Algorithm,2023,International Journal of Engineering Trends and Technology,,https://www.scopus.com/inward/record.uri?partnerID=HzOxMe3b&scp=85177714193&origin=inward,https://www.scopus.com/inward/citedby.uri?partnerID=HzOxMe3b&scp=85177714193&origin=inward,,2026-04-12 18:32:41,Article,10.14445/22315381/IJETT-V71I8P217,23490918,https://api.elsevier.com/content/abstract/scopus_id/85177714193,71,8,,,,0.0,0.0,1,2,,,,85177714193,2-s2.0-85177714193
7,Zghoul F.N.,A Mayfly-Based Approach for CMOS Inverter Design with Symmetrical Switching,2023,Algorithms,,https://www.scopus.com/inward/record.uri?partnerID=HzOxMe3b&scp=85160209343&origin=inward,https://www.scopus.com/inward/citedby.uri?partnerID=HzOxMe3b&scp=85160209343&origin=inward,,2026-04-12 18:32:41,Article,10.3390/a16050237,,https://api.elsevier.com/content/abstract/scopus_id/85160209343,16,5,,,,3.5,7.0,1,2,,,,85160209343,2-s2.0-85160209343
0,Zhao L.,Research on PV Maximum Power Tracking Based on IMA,2023,2023 3rd New Energy and Energy Storage System Control Summit Forum Neessc 2023,,https://www.scopus.com/inward/record.uri?partnerID=HzOxMe3b&scp=85182953964&origin=inward,https://www.scopus.com/inward/citedby.uri?partnerID=HzOxMe3b&scp=85182953964&origin=inward,,2026-04-12 18:32:41,Conference Paper,10.1109/NEESSC59976.2023.10349340,,https://api.elsevier.com/content/abstract/scopus_id/85182953964,,,,,,0.0,0.0,1,2,,,,85182953964,2-s2.0-85182953964
0,Boopathi D.,Mayfly Algorithm Optimized FOPID Regulator for Frequency Improvement in Wind Power Systems,2023,2023 IEEE Pune Section International Conference Punecon 2023,,https://www.scopus.com/inward/record.uri?partnerID=HzOxMe3b&scp=85187774753&origin=inward,https://www.scopus.com/inward/citedby.uri?partnerID=HzOxMe3b&scp=85187774753&origin=inward,,2026-04-12 18:32:41,Conference Paper,10.1109/PUNECON58714.2023.10449994,,https://api.elsevier.com/content/abstract/scopus_id/85187774753,,,,,,0.0,0.0,1,2,,,,85187774753,2-s2.0-85187774753
3,Manko P.,"Integrative taxonomy supports one rather than several species of Palingenia in South-Eastern Europe (Insecta, Ephemeroptera, Palingeniidae)",2023,European Zoological Journal,,https://www.scopus.com/inward/record.uri?partnerID=HzOxMe3b&scp=85151658566&origin=inward,https://www.scopus.com/inward/citedby.uri?partnerID=HzOxMe3b&scp=85151658566&origin=inward,,2026-04-12 18:32:41,Article,10.1080/24750263.2023.2191622,,https://api.elsevier.com/content/abstract/scopus_id/85151658566,90,1,,,,1.5,3.0,1,2,,,,85151658566,2-s2.0-85151658566
0,Chen X.F.,"A contribution to knowledge of Procloeon Bengtsson, 1915 from the Chinese mainland (Ephemeroptera: Baetidae) with description of a new species",2023,Zootaxa,,https://www.scopus.com/inward/record.uri?partnerID=HzOxMe3b&scp=85175737065&origin=inward,https://www.scopus.com/inward/citedby.uri?partnerID=HzOxMe3b&scp=85175737065&origin=inward,,2026-04-12 18:32:41,Article,10.11646/zootaxa.5353.2.6,11755326,https://api.elsevier.com/content/abstract/scopus_id/85175737065,5353,2,,,,0.0,0.0,1,2,,,,85175737065,2-s2.0-85175737065
2,Kwanboon S.,"Taxonomic review of the Oriental genus Polyplocia Lestage, 1921 (Ephemeroptera, Euthyplociidae), with two new records for Thailand",2023,Zookeys,,https://www.scopus.com/inward/record.uri?partnerID=HzOxMe3b&scp=85172264032&origin=inward,https://www.scopus.com/inward/citedby.uri?partnerID=HzOxMe3b&scp=85172264032&origin=inward,,2026-04-12 18:32:41,Article,10.3897/zookeys.1179.107312,13132989,https://api.elsevier.com/content/abstract/scopus_id/85172264032,1179,,,,,1.0,2.0,1,2,,,,85172264032,2-s2.0-85172264032
0,Pavankumar V.S.,Binary Mayfly Optimization with Deep Wavelet Network-Based Malware Detection for Cybersecurity,2023,International Journal of Engineering Trends and Technology,,https://www.scopus.com/inward/record.uri?partnerID=HzOxMe3b&scp=85177083815&origin=inward,https://www.scopus.com/inward/citedby.uri?partnerID=HzOxMe3b&scp=85177083815&origin=inward,,2026-04-12 18:32:41,Article,10.14445/22315381/IJETT-V71I10P216,23490918,https://api.elsevier.com/content/abstract/scopus_id/85177083815,71,10,,,,0.0,0.0,1,2,,,,85177083815,2-s2.0-85177083815
2,Ramakrishna P.,Evolutionary Optimization Algorithm for Classification of Microarray Datasets with Mayfly and Whale Survival,2023,International Journal of Online and Biomedical Engineering,,https://www.scopus.com/inward/record.uri?partnerID=HzOxMe3b&scp=85172192629&origin=inward,https://www.scopus.com/inward/citedby.uri?partnerID=HzOxMe3b&scp=85172192629&origin=inward,,2026-04-12 18:32:41,Article,10.3991/ijoe.v19i13.40145,,https://api.elsevier.com/content/abstract/scopus_id/85172192629,19,13,,,,1.0,2.0,1,2,,,,85172192629,2-s2.0-85172192629
2,Takenaka M.,Genetic differentiation within species exhibiting widespread gene flow; phylogeography of the downstream-inhabiting species Ephemera orientalis (Insecta: Ephemeroptera),2023,Biological Journal of the Linnean Society,,https://www.scopus.com/inward/record.uri?partnerID=HzOxMe3b&scp=85160094599&origin=inward,https://www.scopus.com/inward/citedby.uri?partnerID=HzOxMe3b&scp=85160094599&origin=inward,,2026-04-12 18:32:41,Article,10.1093/biolinnean/blac149,00244066,https://api.elsevier.com/content/abstract/scopus_id/85160094599,138,4,,,,1.0,2.0,1,2,,,,85160094599,2-s2.0-85160094599
0,Lima L.R.C.,The male imago of Fittkaulus cururuensis Savage 1986 (Leptophlebiidae: Ephemeroptera),2023,International Journal of Tropical Insect Science,,https://www.scopus.com/inward/record.uri?partnerID=HzOxMe3b&scp=85176147530&origin=inward,https://www.scopus.com/inward/citedby.uri?partnerID=HzOxMe3b&scp=85176147530&origin=inward,,2026-04-12 18:32:41,Article,10.1007/s42690-023-01102-7,17427584,https://api.elsevier.com/content/abstract/scopus_id/85176147530,43,6,,,,0.0,0.0,1,2,,,,85176147530,2-s2.0-85176147530
1,Rajalakshmi T.,A Robust Deep Learning Model for WBC Classification using Capsule Net and Stacked Sparse Auto Encoder coupled with Mayfly Optimization,2023,International Journal of Intelligent Systems and Applications in Engineering,,https://www.scopus.com/inward/record.uri?partnerID=HzOxMe3b&scp=85174953302&origin=inward,https://www.scopus.com/inward/citedby.uri?partnerID=HzOxMe3b&scp=85174953302&origin=inward,,2026-04-12 18:32:41,Article,,,https://api.elsevier.com/content/abstract/scopus_id/85174953302,11,3,,,,0.5,1.0,1,2,,,,85174953302,2-s2.0-85174953302
3,Lohat S.,Fractional mayfly optimization algorithm-based Infrastructure-to-Vehicle and Vehicle-to-Vehicle scheduling for service message transmission in IoV-fog,2023,International Journal of Communication Systems,,https://www.scopus.com/inward/record.uri?partnerID=HzOxMe3b&scp=85152375628&origin=inward,https://www.scopus.com/inward/citedby.uri?partnerID=HzOxMe3b&scp=85152375628&origin=inward,,2026-04-12 18:32:41,Article,10.1002/dac.5479,10745351,https://api.elsevier.com/content/abstract/scopus_id/85152375628,36,9,,,,1.5,3.0,1,2,,,,85152375628,2-s2.0-85152375628
15,Sonthi V.K.,An Intelligent Telugu Handwritten Character Recognition Using Multi-Objective Mayfly Optimization with Deep Learning-Based DenseNet Model,2023,ACM Transactions on Asian and Low Resource Language Information Processing,,https://www.scopus.com/inward/record.uri?partnerID=HzOxMe3b&scp=85160359525&origin=inward,https://www.scopus.com/inward/citedby.uri?partnerID=HzOxMe3b&scp=85160359525&origin=inward,,2026-04-12 18:32:41,Article,10.1145/3520439,23754699,https://api.elsevier.com/content/abstract/scopus_id/85160359525,22,3,,,,7.5,15.0,1,2,,,,85160359525,2-s2.0-85160359525
1,Suter P.J.,"Skolomystax, a new genus for the Australian species formerly included in Centroptilum Eaton (Ephemeroptera: Baetidae)",2023,Memoirs of Museum Victoria,,https://www.scopus.com/inward/record.uri?partnerID=HzOxMe3b&scp=85149029327&origin=inward,https://www.scopus.com/inward/citedby.uri?partnerID=HzOxMe3b&scp=85149029327&origin=inward,,2026-04-12 18:32:41,Article,10.24199/j.mmv.2023.82.01,14472546,https://api.elsevier.com/content/abstract/scopus_id/85149029327,82,,,,,0.5,1.0,1,2,,,,85149029327,2-s2.0-85149029327
7,Li W.,"The first description of the nymph of Potamanthodes macrophthalmus You, 1984 and reinstatements of the genera Potamanthodes Ulmer, 1920 and Stygifloris Bae, McCafferty, and Edmunds, 1990 (Ephemeroptera: Potamanthidae)",2023,Aquatic Insects,,https://www.scopus.com/inward/record.uri?partnerID=HzOxMe3b&scp=85133160536&origin=inward,https://www.scopus.com/inward/citedby.uri?partnerID=HzOxMe3b&scp=85133160536&origin=inward,,2026-04-12 18:32:41,Article,10.1080/01650424.2022.2074043,01650424,https://api.elsevier.com/content/abstract/scopus_id/85133160536,44,1,,,,3.5,7.0,1,2,,,,85133160536,2-s2.0-85133160536
29,Djalal M.R.,Stability Enhancement of Sulselrabar Electricity System Using Mayfly Algorithm Based on Static Var Compensator and Multi-Band Power System Stabilizer PSS2B,2023,IEEE Access,,https://www.scopus.com/inward/record.uri?partnerID=HzOxMe3b&scp=85161578423&origin=inward,https://www.scopus.com/inward/citedby.uri?partnerID=HzOxMe3b&scp=85161578423&origin=inward,,2026-04-12 18:32:41,Article,10.1109/ACCESS.2023.3283598,,https://api.elsevier.com/content/abstract/scopus_id/85161578423,11,,,,,14.5,29.0,1,2,,,,85161578423,2-s2.0-85161578423
10,Birrell J.H.,Mechanisms underlying thermal breadth differ by species in insects from adjacent but thermally distinct streams – A test of the climate variability hypothesis,2023,Journal of Thermal Biology,,https://www.scopus.com/inward/record.uri?partnerID=HzOxMe3b&scp=85145256469&origin=inward,https://www.scopus.com/inward/citedby.uri?partnerID=HzOxMe3b&scp=85145256469&origin=inward,,2026-04-12 18:32:41,Article,10.1016/j.jtherbio.2022.103435,03064565,https://api.elsevier.com/content/abstract/scopus_id/85145256469,112,,,,,5.0,10.0,1,2,,,,85145256469,2-s2.0-85145256469
3,Zeyad A.M.A.,A Hybrid Text Summarization Approach Using Neural Networks and Metaheuristic Algorithms,2023,International Journal of Safety and Security Engineering,,https://www.scopus.com/inward/record.uri?partnerID=HzOxMe3b&scp=85179184806&origin=inward,https://www.scopus.com/inward/citedby.uri?partnerID=HzOxMe3b&scp=85179184806&origin=inward,,2026-04-12 18:32:41,Article,10.18280/ijsse.130310,20419031,https://api.elsevier.com/content/abstract/scopus_id/85179184806,13,3,,,,1.5,3.0,1,2,,,,85179184806,2-s2.0-85179184806
1,Morton S.G.,Lack of Evidence for Indirect Effects from Stonefly Predators on Primary Production under Future Climate Warming Scenarios,2023,Ecoscience,,https://www.scopus.com/inward/record.uri?partnerID=HzOxMe3b&scp=85164151715&origin=inward,https://www.scopus.com/inward/citedby.uri?partnerID=HzOxMe3b&scp=85164151715&origin=inward,,2026-04-12 18:32:41,Article,10.1080/11956860.2022.2060658,11956860,https://api.elsevier.com/content/abstract/scopus_id/85164151715,29,4,,,,0.5,1.0,1,2,,,,85164151715,2-s2.0-85164151715
33,Boopathi D.,Frequency Regulation of Interlinked Microgrid System Using Mayfly Algorithm-Based PID Controller,2023,Sustainability Switzerland,,https://www.scopus.com/inward/record.uri?partnerID=HzOxMe3b&scp=85161720826&origin=inward,https://www.scopus.com/inward/citedby.uri?partnerID=HzOxMe3b&scp=85161720826&origin=inward,,2026-04-12 18:32:41,Article,10.3390/su15118829,,https://api.elsevier.com/content/abstract/scopus_id/85161720826,15,11,,,,16.5,33.0,1,2,,,,85161720826,2-s2.0-85161720826
2,Mahdavi-Meymand A.,Application of mayfly algorithm for prediction of removed sediment in hydro-suction dredging systems,2023,Ships and Offshore Structures,,https://www.scopus.com/inward/record.uri?partnerID=HzOxMe3b&scp=85141144067&origin=inward,https://www.scopus.com/inward/citedby.uri?partnerID=HzOxMe3b&scp=85141144067&origin=inward,,2026-04-12 18:32:41,Article,10.1080/17445302.2022.2140528,17445302,https://api.elsevier.com/content/abstract/scopus_id/85141144067,18,12,,,,1.0,2.0,1,2,,,,85141144067,2-s2.0-85141144067
4,Azeez A.,MULTI-OBJECTIVE MAYFLY OPTIMIZATION IN PHASE OPTIMIZATION OF OFDM,2023,Iium Engineering Journal,,https://www.scopus.com/inward/record.uri?partnerID=HzOxMe3b&scp=85149669427&origin=inward,https://www.scopus.com/inward/citedby.uri?partnerID=HzOxMe3b&scp=85149669427&origin=inward,,2026-04-12 18:32:41,Article,10.31436/iiumej.v24i1.2625,1511788X,https://api.elsevier.com/content/abstract/scopus_id/85149669427,24,1,,,,2.0,4.0,1,2,,,,85149669427,2-s2.0-85149669427
14,Mahum R.,A Robust Brain Tumor Detector Using BiLSTM and Mayfly Optimization and Multi-Level Thresholding,2023,Biomedicines,,https://www.scopus.com/inward/record.uri?partnerID=HzOxMe3b&scp=85163847327&origin=inward,https://www.scopus.com/inward/citedby.uri?partnerID=HzOxMe3b&scp=85163847327&origin=inward,,2026-04-12 18:32:41,Article,10.3390/biomedicines11061715,,https://api.elsevier.com/content/abstract/scopus_id/85163847327,11,6,,,,7.0,14.0,1,2,,,,85163847327,2-s2.0-85163847327
11,Ijzerman M.M.,An Assessment of the Toxicity of Pesticide Mixtures in Periphyton from Agricultural Streams to the Mayfly Neocloeon triangulifer,2023,Environmental Toxicology and Chemistry,,https://www.scopus.com/inward/record.uri?partnerID=HzOxMe3b&scp=85165720277&origin=inward,https://www.scopus.com/inward/citedby.uri?partnerID=HzOxMe3b&scp=85165720277&origin=inward,,2026-04-12 18:32:41,Article,10.1002/etc.5698,07307268,https://api.elsevier.com/content/abstract/scopus_id/85165720277,42,10,,,,5.5,11.0,1,2,,,,85165720277,2-s2.0-85165720277
2,Xiao M.,Frequency diverse array beampattern synthesis method with low sidelobes by integrating mayfly algorithm and convex programming,2023,Electronics Letters,,https://www.scopus.com/inward/record.uri?partnerID=HzOxMe3b&scp=85175986645&origin=inward,https://www.scopus.com/inward/citedby.uri?partnerID=HzOxMe3b&scp=85175986645&origin=inward,,2026-04-12 18:32:41,Article,10.1049/ell2.13012,00135194,https://api.elsevier.com/content/abstract/scopus_id/85175986645,59,21,,,,1.0,2.0,1,2,,,,85175986645,2-s2.0-85175986645
9,Ayappan G.,Mayfly Optimization with Deep Belief Network-Based Automated COVID-19 Cough Classification Using Biological Audio Signals,2023,Cybernetics and Systems,,https://www.scopus.com/inward/record.uri?partnerID=HzOxMe3b&scp=85146992665&origin=inward,https://www.scopus.com/inward/citedby.uri?partnerID=HzOxMe3b&scp=85146992665&origin=inward,,2026-04-12 18:32:41,Article,10.1080/01969722.2023.2166244,01969722,https://api.elsevier.com/content/abstract/scopus_id/85146992665,54,6,,,,4.5,9.0,1,2,,,,85146992665,2-s2.0-85146992665
0,Parida R.K.,MAYFLY OPTIMIZED EXTREME GRADIENT BOOSTING FOR SINGLE DECOMPOSITION BASED SHORT TERM SOLAR POWER PREDICTION,2023,Journal of Theoretical and Applied Information Technology,,https://www.scopus.com/inward/record.uri?partnerID=HzOxMe3b&scp=85164338138&origin=inward,https://www.scopus.com/inward/citedby.uri?partnerID=HzOxMe3b&scp=85164338138&origin=inward,,2026-04-12 18:32:41,Article,,19928645,https://api.elsevier.com/content/abstract/scopus_id/85164338138,101,12,,,,0.0,0.0,1,2,,,,85164338138,2-s2.0-85164338138
0,Moody J.,Mayflies: a drama limited by time,2023,Lancet Gastroenterology and Hepatology,,https://www.scopus.com/inward/record.uri?partnerID=HzOxMe3b&scp=85149786119&origin=inward,https://www.scopus.com/inward/citedby.uri?partnerID=HzOxMe3b&scp=85149786119&origin=inward,,2026-04-12 18:32:41,Note,10.1016/S2468-1253(23)00037-7,24681253,https://api.elsevier.com/content/abstract/scopus_id/85149786119,8,4,,,,0.0,0.0,1,2,,,,85149786119,2-s2.0-85149786119
2,Mahmud M.,A Longitudinal Assessment of Benthic Macroinvertebrate Diversity and Water Quality along the Bronx River,2023,Northeastern Naturalist,,https://www.scopus.com/inward/record.uri?partnerID=HzOxMe3b&scp=85146833435&origin=inward,https://www.scopus.com/inward/citedby.uri?partnerID=HzOxMe3b&scp=85146833435&origin=inward,,2026-04-12 18:32:41,Article,10.1656/045.029.0403,10926194,https://api.elsevier.com/content/abstract/scopus_id/85146833435,29,4,,,,1.0,2.0,1,2,,,,85146833435,2-s2.0-85146833435
1,Benlasri M.,"First report of Cloeon vanharteni Gattolliat & Sartori, 2008 (Baetidae, Ephemeroptera) in the Maghreb",2023,Alpine Entomology,,https://www.scopus.com/inward/record.uri?partnerID=HzOxMe3b&scp=85174598376&origin=inward,https://www.scopus.com/inward/citedby.uri?partnerID=HzOxMe3b&scp=85174598376&origin=inward,,2026-04-12 18:32:41,Article,10.3897/alpento.7.109562,,https://api.elsevier.com/content/abstract/scopus_id/85174598376,7,,,,,0.5,1.0,1,2,,,,85174598376,2-s2.0-85174598376
5,Iwasaki Y.,Linking levels of trace-metal concentrations and ambient toxicity to cladocerans to levels of effects on macroinvertebrate communities,2023,Environmental Advances,,https://www.scopus.com/inward/record.uri?partnerID=HzOxMe3b&scp=85147585044&origin=inward,https://www.scopus.com/inward/citedby.uri?partnerID=HzOxMe3b&scp=85147585044&origin=inward,,2026-04-12 18:32:41,Article,10.1016/j.envadv.2023.100348,26667657,https://api.elsevier.com/content/abstract/scopus_id/85147585044,11,,,,,2.5,5.0,1,2,,,,85147585044,2-s2.0-85147585044
0,Gong D.W.,"The imaginal and nymphal morphology of Gilliesia pulchra Zhou, 2004 and its contribution to understanding generic phylogeny (Ephemeroptera: Leptophlebiidae)",2023,Zootaxa,,https://www.scopus.com/inward/record.uri?partnerID=HzOxMe3b&scp=85152320808&origin=inward,https://www.scopus.com/inward/citedby.uri?partnerID=HzOxMe3b&scp=85152320808&origin=inward,,2026-04-12 18:32:41,Article,10.11646/zootaxa.5263.4.4,11755326,https://api.elsevier.com/content/abstract/scopus_id/85152320808,5263,1,,,,0.0,0.0,1,2,,,,85152320808,2-s2.0-85152320808
0,Toms R.B.,"ORIGIN OF INSECT WINGS, METAMORPHOSIS, PUPAE AND THE MAJOR INSECT ORDERS",2023,Theoretical Biology Forum,,https://www.scopus.com/inward/record.uri?partnerID=HzOxMe3b&scp=85165995220&origin=inward,https://www.scopus.com/inward/citedby.uri?partnerID=HzOxMe3b&scp=85165995220&origin=inward,,2026-04-12 18:32:41,Article,10.19272/202311402006,22822593,https://api.elsevier.com/content/abstract/scopus_id/85165995220,116,1-2,,,,0.0,0.0,1,2,,,,85165995220,2-s2.0-85165995220
19,Ragab M.,Leveraging mayfly optimization with deep learning for secure remote sensing scene image classification,2023,Computers and Electrical Engineering,,https://www.scopus.com/inward/record.uri?partnerID=HzOxMe3b&scp=85150419402&origin=inward,https://www.scopus.com/inward/citedby.uri?partnerID=HzOxMe3b&scp=85150419402&origin=inward,,2026-04-12 18:32:41,Article,10.1016/j.compeleceng.2023.108672,00457906,https://api.elsevier.com/content/abstract/scopus_id/85150419402,108,,,,,9.5,19.0,1,2,,,,85150419402,2-s2.0-85150419402
8,Dekanová V.,The effect of preservation on biomass and length estimates and its variation within and between two mayfly species,2023,Limnology,,https://www.scopus.com/inward/record.uri?partnerID=HzOxMe3b&scp=85151572608&origin=inward,https://www.scopus.com/inward/citedby.uri?partnerID=HzOxMe3b&scp=85151572608&origin=inward,,2026-04-12 18:32:41,Article,10.1007/s10201-023-00715-8,14398621,https://api.elsevier.com/content/abstract/scopus_id/85151572608,24,3,,,,4.0,8.0,1,2,,,,85151572608,2-s2.0-85151572608
2,Xiao Y.,The Static Adjustment Method of Secondary Suspension Load for Six-Axle Locomotives via Modified Mayfly Optimization Algorithm,2023,IEEE Transactions on Intelligent Transportation Systems,,https://www.scopus.com/inward/record.uri?partnerID=HzOxMe3b&scp=85159791539&origin=inward,https://www.scopus.com/inward/citedby.uri?partnerID=HzOxMe3b&scp=85159791539&origin=inward,,2026-04-12 18:32:41,Article,10.1109/TITS.2023.3270906,15249050,https://api.elsevier.com/content/abstract/scopus_id/85159791539,24,9,,,,1.0,2.0,1,2,,,,85159791539,2-s2.0-85159791539
5,Qin H.,Reentrant Hybrid Flow Shop Scheduling Problem Based on MOMA,2023,Xitong Fangzhen Xuebao Journal of System Simulation,,https://www.scopus.com/inward/record.uri?partnerID=HzOxMe3b&scp=85184004230&origin=inward,https://www.scopus.com/inward/citedby.uri?partnerID=HzOxMe3b&scp=85184004230&origin=inward,,2026-04-12 18:32:41,Article,10.16182/j.issn1004731x.joss.22-1038,1004731X,https://api.elsevier.com/content/abstract/scopus_id/85184004230,36,1,,,,2.5,5.0,1,2,,,,85184004230,2-s2.0-85184004230
6,Cura T.,A parallel mayfly algorithm for the α-neighbor p-center problem,2023,Applied Soft Computing,,https://www.scopus.com/inward/record.uri?partnerID=HzOxMe3b&scp=85162882943&origin=inward,https://www.scopus.com/inward/citedby.uri?partnerID=HzOxMe3b&scp=85162882943&origin=inward,,2026-04-12 18:32:41,Article,10.1016/j.asoc.2023.110527,15684946,https://api.elsevier.com/content/abstract/scopus_id/85162882943,144,,,,,3.0,6.0,1,2,,,,85162882943,2-s2.0-85162882943
3,Yang K.,An Improved Mayfly Optimization Algorithm for Type-2 Multi-Objective Integrated Process Planning and Scheduling,2023,Mathematics,,https://www.scopus.com/inward/record.uri?partnerID=HzOxMe3b&scp=85175541150&origin=inward,https://www.scopus.com/inward/citedby.uri?partnerID=HzOxMe3b&scp=85175541150&origin=inward,,2026-04-12 18:32:41,Article,10.3390/math11204384,,https://api.elsevier.com/content/abstract/scopus_id/85175541150,11,20,,,,1.5,3.0,1,2,,,,85175541150,2-s2.0-85175541150
2,Ivković M.,Aquatic Insects of Plitvice Lakes,2023,Springer Water,,https://www.scopus.com/inward/record.uri?partnerID=HzOxMe3b&scp=85151257180&origin=inward,https://www.scopus.com/inward/citedby.uri?partnerID=HzOxMe3b&scp=85151257180&origin=inward,,2026-04-12 18:32:41,Book Chapter,10.1007/978-3-031-20378-7_11,23646934,https://api.elsevier.com/content/abstract/scopus_id/85151257180,,,,,,1.0,2.0,1,2,,,,85151257180,2-s2.0-85151257180
0,Singh A.K.,Optimization of Wire-EDM Process Parameters for Ti6Al4V Alloy Cutting Using Mayfly Algorithm,2023,Lecture Notes in Mechanical Engineering,,https://www.scopus.com/inward/record.uri?partnerID=HzOxMe3b&scp=85145196033&origin=inward,https://www.scopus.com/inward/citedby.uri?partnerID=HzOxMe3b&scp=85145196033&origin=inward,,2026-04-12 18:32:41,Conference Paper,10.1007/978-981-19-7150-1_20,21954356,https://api.elsevier.com/content/abstract/scopus_id/85145196033,PartF54,,,,,0.0,0.0,1,2,,,,85145196033,2-s2.0-85145196033
7,Zhao Y.,AOBLMOA: A Hybrid Biomimetic Optimization Algorithm for Numerical Optimization and Engineering Design Problems,2023,Biomimetics,,https://www.scopus.com/inward/record.uri?partnerID=HzOxMe3b&scp=85169025988&origin=inward,https://www.scopus.com/inward/citedby.uri?partnerID=HzOxMe3b&scp=85169025988&origin=inward,,2026-04-12 18:32:41,Article,10.3390/biomimetics8040381,,https://api.elsevier.com/content/abstract/scopus_id/85169025988,8,4,,,,3.5,7.0,1,2,,,,85169025988,2-s2.0-85169025988
1,Zaika V.V.,"The mayflies (Ephemeroptera) of the Us River basin in the Western Sayan mountains, Russia",2023,Euroasian Entomological Journal,,https://www.scopus.com/inward/record.uri?partnerID=HzOxMe3b&scp=85172276746&origin=inward,https://www.scopus.com/inward/citedby.uri?partnerID=HzOxMe3b&scp=85172276746&origin=inward,,2026-04-12 18:32:41,Article,10.15298/euroasentj.22.02.11,16844866,https://api.elsevier.com/content/abstract/scopus_id/85172276746,22,2,,,,0.5,1.0,1,2,,,,85172276746,2-s2.0-85172276746
4,Saikrishnan V.,Mayfly Optimization with Deep Learning-based Robust Object Detection and Classification on Surveillance Videos,2023,Engineering Technology and Applied Science Research,,https://www.scopus.com/inward/record.uri?partnerID=HzOxMe3b&scp=85174572169&origin=inward,https://www.scopus.com/inward/citedby.uri?partnerID=HzOxMe3b&scp=85174572169&origin=inward,,2026-04-12 18:32:41,Article,10.48084/etasr.6231,22414487,https://api.elsevier.com/content/abstract/scopus_id/85174572169,13,5,,,,2.0,4.0,1,2,,,,85174572169,2-s2.0-85174572169
0,Cherchesova S.K.,Freshwater Fauna of Invertebrates of the Northern Slopes of the Central Caucasus,2023,Bio Web of Conferences,,https://www.scopus.com/inward/record.uri?partnerID=HzOxMe3b&scp=85179154863&origin=inward,https://www.scopus.com/inward/citedby.uri?partnerID=HzOxMe3b&scp=85179154863&origin=inward,,2026-04-12 18:32:41,Conference Paper,10.1051/bioconf/20236307011,22731709,https://api.elsevier.com/content/abstract/scopus_id/85179154863,63,,,,,0.0,0.0,1,2,,,,85179154863,2-s2.0-85179154863
5,Justin S.,Mayfly optimization with chaos-based image encryption technique for cloud computing environment,2023,Journal of Electronic Imaging,,https://www.scopus.com/inward/record.uri?partnerID=HzOxMe3b&scp=85176100848&origin=inward,https://www.scopus.com/inward/citedby.uri?partnerID=HzOxMe3b&scp=85176100848&origin=inward,,2026-04-12 18:32:41,Article,10.1117/1.JEI.32.5.052303,10179909,https://api.elsevier.com/content/abstract/scopus_id/85176100848,32,5,,,,2.5,5.0,1,2,,,,85176100848,2-s2.0-85176100848
6,Malathi S.R.,A High-Performance Low Complex Design and Implementation of QRS Detector Using Modi¯ed MaMeMi Filter Optimized with Mayfly Optimization Algorithm,2023,Journal of Circuits Systems and Computers,,https://www.scopus.com/inward/record.uri?partnerID=HzOxMe3b&scp=85149360265&origin=inward,https://www.scopus.com/inward/citedby.uri?partnerID=HzOxMe3b&scp=85149360265&origin=inward,,2026-04-12 18:32:41,Article,10.1142/S0218126623500561,02181266,https://api.elsevier.com/content/abstract/scopus_id/85149360265,32,4,,,,3.0,6.0,1,2,,,,85149360265,2-s2.0-85149360265
57,Alzubi O.A.,Quantum Mayfly Optimization with Encoder-Decoder Driven LSTM Networks for Malware Detection and Classification Model,2023,Mobile Networks and Applications,,https://www.scopus.com/inward/record.uri?partnerID=HzOxMe3b&scp=85147701348&origin=inward,https://www.scopus.com/inward/citedby.uri?partnerID=HzOxMe3b&scp=85147701348&origin=inward,,2026-04-12 18:32:41,Article,10.1007/s11036-023-02105-x,1383469X,https://api.elsevier.com/content/abstract/scopus_id/85147701348,28,2,,,,28.5,57.0,1,2,,,,85147701348,2-s2.0-85147701348
0,Nagarajan B.,Blockchain with Mayfly Optimization-based Chaotic Encryption Model for Smart and Secured Question Paper Sharing,2023,International Journal of Engineering Trends and Technology,,https://www.scopus.com/inward/record.uri?partnerID=HzOxMe3b&scp=85149116931&origin=inward,https://www.scopus.com/inward/citedby.uri?partnerID=HzOxMe3b&scp=85149116931&origin=inward,,2026-04-12 18:32:41,Article,10.14445/22315381/IJETT-V71I2P241,23490918,https://api.elsevier.com/content/abstract/scopus_id/85149116931,71,2,,,,0.0,0.0,1,2,,,,85149116931,2-s2.0-85149116931
0,Dadhich A.,The use of soft computing for electronic and mechanical system surveillance and examination,2023,Multidisciplinary Science Journal,,https://www.scopus.com/inward/record.uri?partnerID=HzOxMe3b&scp=85175026276&origin=inward,https://www.scopus.com/inward/citedby.uri?partnerID=HzOxMe3b&scp=85175026276&origin=inward,,2026-04-12 18:32:41,Conference Paper,10.31893/multiscience.2023ss0123,,https://api.elsevier.com/content/abstract/scopus_id/85175026276,5,,,,,0.0,0.0,1,2,,,,85175026276,2-s2.0-85175026276
13,Veeraiah N.,MayGAN: Mayfly Optimization with Generative Adversarial Network-Based Deep Learning Method to Classify Leukemia Form Blood Smear Images,2023,Computer Systems Science and Engineering,,https://www.scopus.com/inward/record.uri?partnerID=HzOxMe3b&scp=85148205248&origin=inward,https://www.scopus.com/inward/citedby.uri?partnerID=HzOxMe3b&scp=85148205248&origin=inward,,2026-04-12 18:32:41,Article,10.32604/csse.2023.036985,02676192,https://api.elsevier.com/content/abstract/scopus_id/85148205248,46,2,,,,6.5,13.0,1,2,,,,85148205248,2-s2.0-85148205248
1,Weise K.,Impact of weathered multi-walled carbon nanotubes on the epithelial cells of the intestinal tract in the freshwater grazers Lymnaea stagnalis and Rhithrogena semicolorata,2023,Environmental Science and Pollution Research,,https://www.scopus.com/inward/record.uri?partnerID=HzOxMe3b&scp=85135278310&origin=inward,https://www.scopus.com/inward/citedby.uri?partnerID=HzOxMe3b&scp=85135278310&origin=inward,,2026-04-12 18:32:41,Article,10.1007/s11356-022-22225-3,09441344,https://api.elsevier.com/content/abstract/scopus_id/85135278310,30,1,,,,0.5,1.0,1,2,,,,85135278310,2-s2.0-85135278310
5,Vijaya J.,Diabetes Disease Prediction Using Various Metaheuristic Optimization Algorithms,2023,2023 IEEE 8th International Conference for Convergence in Technology I2ct 2023,,https://www.scopus.com/inward/record.uri?partnerID=HzOxMe3b&scp=85161344785&origin=inward,https://www.scopus.com/inward/citedby.uri?partnerID=HzOxMe3b&scp=85161344785&origin=inward,,2026-04-12 18:32:41,Conference Paper,10.1109/I2CT57861.2023.10126222,,https://api.elsevier.com/content/abstract/scopus_id/85161344785,,,,,,2.5,5.0,1,2,,,,85161344785,2-s2.0-85161344785
8,Peredo Arce A.,"Has riparian woody vegetation a positive effect on dispersal and distribution of mayfly, stonefly and caddisfly species?",2023,Science of the Total Environment,,https://www.scopus.com/inward/record.uri?partnerID=HzOxMe3b&scp=85151268493&origin=inward,https://www.scopus.com/inward/citedby.uri?partnerID=HzOxMe3b&scp=85151268493&origin=inward,,2026-04-12 18:32:41,Article,10.1016/j.scitotenv.2023.163137,00489697,https://api.elsevier.com/content/abstract/scopus_id/85151268493,879,,,,,4.0,8.0,1,2,,,,85151268493,2-s2.0-85151268493
1,Kumar A.,Hybrid Renewable Energy Storage Systems for Power Quality Improvement Using Mayfly Optimization Technique,2023,2nd IEEE International Conference on Distributed Computing and Electrical Circuits and Electronics Icdcece 2023,,https://www.scopus.com/inward/record.uri?partnerID=HzOxMe3b&scp=85164249927&origin=inward,https://www.scopus.com/inward/citedby.uri?partnerID=HzOxMe3b&scp=85164249927&origin=inward,,2026-04-12 18:32:41,Conference Paper,10.1109/ICDCECE57866.2023.10150435,,https://api.elsevier.com/content/abstract/scopus_id/85164249927,,,,,,0.5,1.0,1,2,,,,85164249927,2-s2.0-85164249927
5,Dambri B.M.,"Baetidae (Insecta: Ephemeroptera) of Aurès Mountains (Algeria): A New Species of the Baetis alpinus Species Group, with Notes on Baetis Laech, 1815 Biogeography within Maghreb",2023,Insects,,https://www.scopus.com/inward/record.uri?partnerID=HzOxMe3b&scp=85178279931&origin=inward,https://www.scopus.com/inward/citedby.uri?partnerID=HzOxMe3b&scp=85178279931&origin=inward,,2026-04-12 18:32:41,Article,10.3390/insects14110899,,https://api.elsevier.com/content/abstract/scopus_id/85178279931,14,11,,,,2.5,5.0,1,2,,,,85178279931,2-s2.0-85178279931
0,,"Corrigendum to: Land use changes biomass and temporal patterns of insect cross-ecosystem flows (Glob Chang Biol., (2023), 29, 1, (81-96), 10.1111/gcb.16462)",2023,Global Change Biology,,https://www.scopus.com/inward/record.uri?partnerID=HzOxMe3b&scp=85169846987&origin=inward,https://www.scopus.com/inward/citedby.uri?partnerID=HzOxMe3b&scp=85169846987&origin=inward,,2026-04-12 18:32:41,Erratum,10.1111/gcb.16911,13541013,https://api.elsevier.com/content/abstract/scopus_id/85169846987,29,19,,,,0.0,0.0,0,2,,,,85169846987,2-s2.0-85169846987
4,Zheng X.,First nymph-imago association in Polyploica confirming the distribution of Euthyplociidae (Ephemeroptera) in China,2023,Deutsche Entomologische Zeitschrift,,https://www.scopus.com/inward/record.uri?partnerID=HzOxMe3b&scp=85150812356&origin=inward,https://www.scopus.com/inward/citedby.uri?partnerID=HzOxMe3b&scp=85150812356&origin=inward,,2026-04-12 18:32:41,Article,10.3897/dez.70.96986,14351951,https://api.elsevier.com/content/abstract/scopus_id/85150812356,70,1,,,,2.0,4.0,1,2,,,,85150812356,2-s2.0-85150812356
3,Silina A.E.,Emergence of Amphibious Insects from an Old Beaver Pond in the Upper Khoper Valley under Conditions of the Forest Steppe,2023,Contemporary Problems of Ecology,,https://www.scopus.com/inward/record.uri?partnerID=HzOxMe3b&scp=85178472442&origin=inward,https://www.scopus.com/inward/citedby.uri?partnerID=HzOxMe3b&scp=85178472442&origin=inward,,2026-04-12 18:32:41,Article,10.1134/S1995425523060197,19954255,https://api.elsevier.com/content/abstract/scopus_id/85178472442,16,6,,,,1.5,3.0,1,2,,,,85178472442,2-s2.0-85178472442
6,Mera R.,"Who is Andesiops peruvianus (Ulmer, 1920) (Ephemeroptera: Baetidae)? New insight from the type basin using morphological and molecular analyses",2023,Zootaxa,,https://www.scopus.com/inward/record.uri?partnerID=HzOxMe3b&scp=85150524092&origin=inward,https://www.scopus.com/inward/citedby.uri?partnerID=HzOxMe3b&scp=85150524092&origin=inward,,2026-04-12 18:32:41,Article,10.11646/zootaxa.5256.4.5,11755326,https://api.elsevier.com/content/abstract/scopus_id/85150524092,5256,4,,,,3.0,6.0,1,2,,,,85150524092,2-s2.0-85150524092
15,K V.B.,An optimal power flow solution to deregulated electricity power market using meta-heuristic algorithms considering load congestion environment,2023,Electric Power Systems Research,,https://www.scopus.com/inward/record.uri?partnerID=HzOxMe3b&scp=85140802432&origin=inward,https://www.scopus.com/inward/citedby.uri?partnerID=HzOxMe3b&scp=85140802432&origin=inward,,2026-04-12 18:32:41,Article,10.1016/j.epsr.2022.108867,03787796,https://api.elsevier.com/content/abstract/scopus_id/85140802432,214,,,,,7.5,15.0,1,2,,,,85140802432,2-s2.0-85140802432
8,Tiple R.C.,Hybrid Approach for Weather Prediction in IoT Network,2023,Idciot 2023 International Conference on Intelligent Data Communication Technologies and Internet of Things Proceedings,,https://www.scopus.com/inward/record.uri?partnerID=HzOxMe3b&scp=85149748635&origin=inward,https://www.scopus.com/inward/citedby.uri?partnerID=HzOxMe3b&scp=85149748635&origin=inward,,2026-04-12 18:32:41,Conference Paper,10.1109/IDCIoT56793.2023.10053510,,https://api.elsevier.com/content/abstract/scopus_id/85149748635,,,,,,4.0,8.0,1,2,,,,85149748635,2-s2.0-85149748635
4,Gonzalez J.C.,Genetic diversity and climatic suitability over time of Baetodes huaico (Ephemeroptera: Baetidae),2023,Zoologischer Anzeiger,,https://www.scopus.com/inward/record.uri?partnerID=HzOxMe3b&scp=85169428339&origin=inward,https://www.scopus.com/inward/citedby.uri?partnerID=HzOxMe3b&scp=85169428339&origin=inward,,2026-04-12 18:32:41,Article,10.1016/j.jcz.2023.07.006,00445231,https://api.elsevier.com/content/abstract/scopus_id/85169428339,306,,,,,2.0,4.0,1,2,,,,85169428339,2-s2.0-85169428339
27,Chandra B.R.,A Parallelly Implemented Hybrid Multi-Objective Efficient Persuasion of Coverage and Redundancy Programming Model for Internet of Things in 5G Networks using Hadoop,2023,Journal of Machine and Computing,,https://www.scopus.com/inward/record.uri?partnerID=HzOxMe3b&scp=85167704817&origin=inward,https://www.scopus.com/inward/citedby.uri?partnerID=HzOxMe3b&scp=85167704817&origin=inward,,2026-04-12 18:32:41,Article,10.53759/7669/jmc202303024,27891801,https://api.elsevier.com/content/abstract/scopus_id/85167704817,3,3,,,,13.5,27.0,1,2,,,,85167704817,2-s2.0-85167704817
5,Vibith A.S.,GBDTMO: as new option for early-stage breast cancer detection and classification using machine learning,2023,Automatika,,https://www.scopus.com/inward/record.uri?partnerID=HzOxMe3b&scp=85163960173&origin=inward,https://www.scopus.com/inward/citedby.uri?partnerID=HzOxMe3b&scp=85163960173&origin=inward,,2026-04-12 18:32:41,Article,10.1080/00051144.2023.2226946,00051144,https://api.elsevier.com/content/abstract/scopus_id/85163960173,64,4,,,,2.5,5.0,1,2,,,,85163960173,2-s2.0-85163960173
0,Zuwerink D.A.,"An Assessment of In-stream Sampling Activity of Macroinvertebrates and Stream Channelization in Dug Run, Allen County, Ohio, USA",2023,Ohio Journal of Science,,https://www.scopus.com/inward/record.uri?partnerID=HzOxMe3b&scp=85181509822&origin=inward,https://www.scopus.com/inward/citedby.uri?partnerID=HzOxMe3b&scp=85181509822&origin=inward,,2026-04-12 18:32:41,Article,10.18061/ojs.v123i2.9205,00300950,https://api.elsevier.com/content/abstract/scopus_id/85181509822,123,2,,,,0.0,0.0,1,2,,,,85181509822,2-s2.0-85181509822
7,Cruz P.V.,Predicting the South American invasion pathways of the mayfly Cloeon dipterum Linnaeus 1761 (Ephemeroptera: Baetidae) using species distribution models,2023,Insect Conservation and Diversity,,https://www.scopus.com/inward/record.uri?partnerID=HzOxMe3b&scp=85151932648&origin=inward,https://www.scopus.com/inward/citedby.uri?partnerID=HzOxMe3b&scp=85151932648&origin=inward,,2026-04-12 18:32:41,Article,10.1111/icad.12642,1752458X,https://api.elsevier.com/content/abstract/scopus_id/85151932648,16,4,,,,3.5,7.0,1,2,,,,85151932648,2-s2.0-85151932648
3,Dharmeshwaraan K.,An Energy-Efficient Cluster Routing Protocol for Wireless Networks Based on Blended Optimization Technique,2023,Proceedings of the International Conference on Artificial Intelligence and Knowledge Discovery in Concurrent Engineering Iceconf 2023,,https://www.scopus.com/inward/record.uri?partnerID=HzOxMe3b&scp=85153078552&origin=inward,https://www.scopus.com/inward/citedby.uri?partnerID=HzOxMe3b&scp=85153078552&origin=inward,,2026-04-12 18:32:41,Conference Paper,10.1109/ICECONF57129.2023.10084155,,https://api.elsevier.com/content/abstract/scopus_id/85153078552,,,,,,1.5,3.0,1,2,,,,85153078552,2-s2.0-85153078552
1,John Joseph S.,Hybrid optimized feature selection and deep learning based COVID-19 disease prediction,2023,Computer Methods in Biomechanics and Biomedical Engineering,,https://www.scopus.com/inward/record.uri?partnerID=HzOxMe3b&scp=85151526204&origin=inward,https://www.scopus.com/inward/citedby.uri?partnerID=HzOxMe3b&scp=85151526204&origin=inward,,2026-04-12 18:32:41,Article,10.1080/10255842.2023.2194476,10255842,https://api.elsevier.com/content/abstract/scopus_id/85151526204,26,16,,,,0.5,1.0,1,2,,,,85151526204,2-s2.0-85151526204
0,Memishishi A.,"The record of Ametropus fragilis Albarda, 1878 (Ephemeroptera, Ametropodidae) from Georgia",2023,Caucasiana,,https://www.scopus.com/inward/record.uri?partnerID=HzOxMe3b&scp=105033033674&origin=inward,https://www.scopus.com/inward/citedby.uri?partnerID=HzOxMe3b&scp=105033033674&origin=inward,,2026-04-12 18:32:41,Article,10.3897/caucasiana.2.e102622,,https://api.elsevier.com/content/abstract/scopus_id/105033033674,2,,,,,0.0,0.0,1,2,,,,105033033674,2-s2.0-105033033674
13,Yentrapragada D.,Deep features based convolutional neural network to detect and automatic classification of white blood cells,2023,Journal of Ambient Intelligence and Humanized Computing,,https://www.scopus.com/inward/record.uri?partnerID=HzOxMe3b&scp=85138762047&origin=inward,https://www.scopus.com/inward/citedby.uri?partnerID=HzOxMe3b&scp=85138762047&origin=inward,,2026-04-12 18:32:41,Article,10.1007/s12652-022-04422-7,18685137,https://api.elsevier.com/content/abstract/scopus_id/85138762047,14,7,,,,6.5,13.0,1,2,,,,85138762047,2-s2.0-85138762047
5,Gao S.,Combined compensation method of robot kinematics error based on MRIPN-IMA,2023,Journal of Supercomputing,,https://www.scopus.com/inward/record.uri?partnerID=HzOxMe3b&scp=85150422388&origin=inward,https://www.scopus.com/inward/citedby.uri?partnerID=HzOxMe3b&scp=85150422388&origin=inward,,2026-04-12 18:32:41,Article,10.1007/s11227-023-05177-4,09208542,https://api.elsevier.com/content/abstract/scopus_id/85150422388,79,12,,,,2.5,5.0,1,2,,,,85150422388,2-s2.0-85150422388
3,Kose I.H.,"Fractional Order PID Controller Design for Hydroelectric Power Plant Model with PSO, GWO and MA Optimization Algorithms",2023,2023 Innovations in Intelligent Systems and Applications Conference Asyu 2023,,https://www.scopus.com/inward/record.uri?partnerID=HzOxMe3b&scp=85178313603&origin=inward,https://www.scopus.com/inward/citedby.uri?partnerID=HzOxMe3b&scp=85178313603&origin=inward,,2026-04-12 18:32:41,Conference Paper,10.1109/ASYU58738.2023.10296772,,https://api.elsevier.com/content/abstract/scopus_id/85178313603,,,,,,1.5,3.0,1,2,,,,85178313603,2-s2.0-85178313603
0,Tiunova T.M.,New Species and First Record of Dannella Edmunds 1959 (Ephemeroptera: Ephemerellidae) from the Eastern Palaearctic,2023,Zootaxa,,https://www.scopus.com/inward/record.uri?partnerID=HzOxMe3b&scp=85147890728&origin=inward,https://www.scopus.com/inward/citedby.uri?partnerID=HzOxMe3b&scp=85147890728&origin=inward,,2026-04-12 18:32:41,Article,10.11646/zootaxa.5227.3.6,11755326,https://api.elsevier.com/content/abstract/scopus_id/85147890728,5227,3,,,,0.0,0.0,1,2,,,,85147890728,2-s2.0-85147890728
2,Din T.,Hybrid railway vehicle trajectory optimisation using a non-convex function and evolutionary hybrid forecast algorithm,2023,Iet Intelligent Transport Systems,,https://www.scopus.com/inward/record.uri?partnerID=HzOxMe3b&scp=85165191512&origin=inward,https://www.scopus.com/inward/citedby.uri?partnerID=HzOxMe3b&scp=85165191512&origin=inward,,2026-04-12 18:32:41,Article,10.1049/itr2.12406,1751956X,https://api.elsevier.com/content/abstract/scopus_id/85165191512,17,12,,,,1.0,2.0,1,2,,,,85165191512,2-s2.0-85165191512
0,Malzacher P.,A new species of Caenis (Ephemeroptera: Caenidae) from Uganda,2023,Integrative Systematics,,https://www.scopus.com/inward/record.uri?partnerID=HzOxMe3b&scp=85182221651&origin=inward,https://www.scopus.com/inward/citedby.uri?partnerID=HzOxMe3b&scp=85182221651&origin=inward,,2026-04-12 18:32:41,Article,10.18476/2023.710151,26282380,https://api.elsevier.com/content/abstract/scopus_id/85182221651,6,2,,,,0.0,0.0,1,2,,,,85182221651,2-s2.0-85182221651
7,Kluge N.,"Diagnosis, variability, distribution and systematic position of Labiobaetis pulchellus (Müller-Liebenau & Hubbard 1985) (Ephemeroptera, Baetidae, Baetis s. l.)",2023,Zootaxa,,https://www.scopus.com/inward/record.uri?partnerID=HzOxMe3b&scp=85152328550&origin=inward,https://www.scopus.com/inward/citedby.uri?partnerID=HzOxMe3b&scp=85152328550&origin=inward,,2026-04-12 18:32:41,Article,10.11646/zootaxa.5264.1.6,11755326,https://api.elsevier.com/content/abstract/scopus_id/85152328550,5264,1,,,,3.5,7.0,1,2,,,,85152328550,2-s2.0-85152328550
10,Jhansi G.,An Enhanced Machine Learning Technique with a Hybrid Metaheuristic Algorithm to Identify the Fish Disease,2023,Wireless Personal Communications,,https://www.scopus.com/inward/record.uri?partnerID=HzOxMe3b&scp=85160816957&origin=inward,https://www.scopus.com/inward/citedby.uri?partnerID=HzOxMe3b&scp=85160816957&origin=inward,,2026-04-12 18:32:41,Article,10.1007/s11277-023-10512-2,09296212,https://api.elsevier.com/content/abstract/scopus_id/85160816957,131,3,,,,5.0,10.0,1,2,,,,85160816957,2-s2.0-85160816957
0,Suter P.J.,"The first record of Caenis Stephens, 1835 in Australia (Ephemeroptera: Caenidae) with descriptions of two new species",2023,Zootaxa,,https://www.scopus.com/inward/record.uri?partnerID=HzOxMe3b&scp=85147825862&origin=inward,https://www.scopus.com/inward/citedby.uri?partnerID=HzOxMe3b&scp=85147825862&origin=inward,,2026-04-12 18:32:41,Article,10.11646/zootaxa.5228.4.6,11755326,https://api.elsevier.com/content/abstract/scopus_id/85147825862,5228,4,,,,0.0,0.0,1,2,,,,85147825862,2-s2.0-85147825862
1,Mu P.,"Revision of the genus Regulaneuria (Ephemeroptera, Heptageniidae, Ecdyonurinae), with description of a new species",2023,Zootaxa,,https://www.scopus.com/inward/record.uri?partnerID=HzOxMe3b&scp=85175252798&origin=inward,https://www.scopus.com/inward/citedby.uri?partnerID=HzOxMe3b&scp=85175252798&origin=inward,,2026-04-12 18:32:41,Article,10.11646/zootaxa.5353.3.2,11755326,https://api.elsevier.com/content/abstract/scopus_id/85175252798,5353,3,,,,0.5,1.0,1,2,,,,85175252798,2-s2.0-85175252798
0,Astakhov M.V.,Winter Dynamics of the Vertical Distribution of Drifting Invertebrates in a Small Salmon River,2023,Inland Water Biology,,https://www.scopus.com/inward/record.uri?partnerID=HzOxMe3b&scp=85163023440&origin=inward,https://www.scopus.com/inward/citedby.uri?partnerID=HzOxMe3b&scp=85163023440&origin=inward,,2026-04-12 18:32:41,Article,10.1134/S1995082923030033,19950829,https://api.elsevier.com/content/abstract/scopus_id/85163023440,16,3,,,,0.0,0.0,1,2,,,,85163023440,2-s2.0-85163023440
67,Zhang H.,Joint Optimization of Caching Placement and Power Allocation in Virtualized Satellite-Terrestrial Network,2023,IEEE Transactions on Wireless Communications,,https://www.scopus.com/inward/record.uri?partnerID=HzOxMe3b&scp=85151537456&origin=inward,https://www.scopus.com/inward/citedby.uri?partnerID=HzOxMe3b&scp=85151537456&origin=inward,,2026-04-12 18:32:41,Article,10.1109/TWC.2023.3257178,15361276,https://api.elsevier.com/content/abstract/scopus_id/85151537456,22,11,,,,33.5,67.0,1,2,,,,85151537456,2-s2.0-85151537456
2,Malzacher P.,Four new species of Elatosara (Ephemeroptera: Caenidae) from Myanmar and the Philippines,2023,Integrative Systematics,,https://www.scopus.com/inward/record.uri?partnerID=HzOxMe3b&scp=85182206867&origin=inward,https://www.scopus.com/inward/citedby.uri?partnerID=HzOxMe3b&scp=85182206867&origin=inward,,2026-04-12 18:32:41,Article,10.18476/2023.456049,26282380,https://api.elsevier.com/content/abstract/scopus_id/85182206867,6,2,,,,1.0,2.0,1,2,,,,85182206867,2-s2.0-85182206867
2,Peñalver E.,Early detritivory and sedimentivory in insects based on in situ gut contents from Triassic aquatic nymphs,2023,Papers in Palaeontology,,https://www.scopus.com/inward/record.uri?partnerID=HzOxMe3b&scp=85145036098&origin=inward,https://www.scopus.com/inward/citedby.uri?partnerID=HzOxMe3b&scp=85145036098&origin=inward,,2026-04-12 18:32:41,Article,10.1002/spp2.1478,,https://api.elsevier.com/content/abstract/scopus_id/85145036098,9,1,,,,1.0,2.0,1,2,,,,85145036098,2-s2.0-85145036098
1,Jagadeesh Kumar M.,High Speed FPGA Assisted IoT Development for Smart PV Grid Monitoring System,2023,2023 International Conference on Energy Materials and Communication Engineering Icemce 2023,,https://www.scopus.com/inward/record.uri?partnerID=HzOxMe3b&scp=85186765002&origin=inward,https://www.scopus.com/inward/citedby.uri?partnerID=HzOxMe3b&scp=85186765002&origin=inward,,2026-04-12 18:32:41,Conference Paper,10.1109/ICEMCE57940.2023.10434182,,https://api.elsevier.com/content/abstract/scopus_id/85186765002,,,,,,0.5,1.0,1,2,,,,85186765002,2-s2.0-85186765002
0,Palanisamy N.,Online grid impedance estimation for grid-connected inverters using APT-BMFO,2023,Sustainable Energy Technologies and Assessments,,https://www.scopus.com/inward/record.uri?partnerID=HzOxMe3b&scp=85149312151&origin=inward,https://www.scopus.com/inward/citedby.uri?partnerID=HzOxMe3b&scp=85149312151&origin=inward,,2026-04-12 18:32:41,Article,10.1016/j.seta.2023.103095,22131388,https://api.elsevier.com/content/abstract/scopus_id/85149312151,56,,,,,0.0,0.0,1,2,,,,85149312151,2-s2.0-85149312151
46,Prosser R.S.,Toxicity of 6PPD-quinone to four freshwater invertebrate species,2023,Environmental Pollution,,https://www.scopus.com/inward/record.uri?partnerID=HzOxMe3b&scp=85171781971&origin=inward,https://www.scopus.com/inward/citedby.uri?partnerID=HzOxMe3b&scp=85171781971&origin=inward,,2026-04-12 18:32:41,Article,10.1016/j.envpol.2023.122512,02697491,https://api.elsevier.com/content/abstract/scopus_id/85171781971,337,,,,,23.0,46.0,1,2,,,,85171781971,2-s2.0-85171781971
1,Varadinova E.D.,Macrozoobenthos in Mountain Standing Water Bodies in Bulgaria,2023,Acta Zoologica Bulgarica,,https://www.scopus.com/inward/record.uri?partnerID=HzOxMe3b&scp=85161855509&origin=inward,https://www.scopus.com/inward/citedby.uri?partnerID=HzOxMe3b&scp=85161855509&origin=inward,,2026-04-12 18:32:41,Article,,03240770,https://api.elsevier.com/content/abstract/scopus_id/85161855509,2023,,,,,0.5,1.0,1,2,,,,85161855509,2-s2.0-85161855509
10,El Yaagoubi S.,"A new species of the Baetis fuscatus group (Ephemeroptera, Baetidae) from Morocco",2023,Zookeys,,https://www.scopus.com/inward/record.uri?partnerID=HzOxMe3b&scp=85172394054&origin=inward,https://www.scopus.com/inward/citedby.uri?partnerID=HzOxMe3b&scp=85172394054&origin=inward,,2026-04-12 18:32:41,Article,10.3897/zookeys.1180.109298,13132989,https://api.elsevier.com/content/abstract/scopus_id/85172394054,1180,,,,,5.0,10.0,1,2,,,,85172394054,2-s2.0-85172394054
8,Brasseur M.V.,Transcriptomic sequencing data illuminate insecticide-induced physiological stress mechanisms in aquatic non-target invertebrates,2023,Environmental Pollution,,https://www.scopus.com/inward/record.uri?partnerID=HzOxMe3b&scp=85169809916&origin=inward,https://www.scopus.com/inward/citedby.uri?partnerID=HzOxMe3b&scp=85169809916&origin=inward,,2026-04-12 18:32:41,Article,10.1016/j.envpol.2023.122306,02697491,https://api.elsevier.com/content/abstract/scopus_id/85169809916,335,,,,,4.0,8.0,1,2,,,,85169809916,2-s2.0-85169809916
11,Thapaliya S.,Cyber Forensic Investigation in IoT Using Deep Learning Based Feature Fusion in Big Data,2023,International Journal of Wireless Information Networks,,https://www.scopus.com/inward/record.uri?partnerID=HzOxMe3b&scp=85143391443&origin=inward,https://www.scopus.com/inward/citedby.uri?partnerID=HzOxMe3b&scp=85143391443&origin=inward,,2026-04-12 18:32:41,Article,10.1007/s10776-022-00586-3,10689605,https://api.elsevier.com/content/abstract/scopus_id/85143391443,30,1,,,,5.5,11.0,1,2,,,,85143391443,2-s2.0-85143391443
2,Bhardwaj U.,Improvement in transient and steady state response of a buck converter by designing optimal fractional order controllers using GA and MA,2023,2023 14th International Conference on Computing Communication and Networking Technologies Icccnt 2023,,https://www.scopus.com/inward/record.uri?partnerID=HzOxMe3b&scp=85179847847&origin=inward,https://www.scopus.com/inward/citedby.uri?partnerID=HzOxMe3b&scp=85179847847&origin=inward,,2026-04-12 18:32:41,Conference Paper,10.1109/ICCCNT56998.2023.10307677,,https://api.elsevier.com/content/abstract/scopus_id/85179847847,,,,,,1.0,2.0,1,2,,,,85179847847,2-s2.0-85179847847
2,Bhardwaj U.,Improvement in transient and steady state response of a buck converter by designing optimal fractional order controllers using GA and MA,2023,2023 14th International Conference on Computing Communication and Networking Technologies Icccnt 2023,,https://www.scopus.com/inward/record.uri?partnerID=HzOxMe3b&scp=85179847847&origin=inward,https://www.scopus.com/inward/citedby.uri?partnerID=HzOxMe3b&scp=85179847847&origin=inward,,2026-04-12 18:32:41,Conference Paper,10.1109/ICCCNT56998.2023.10307677,,https://api.elsevier.com/content/abstract/scopus_id/85179847847,,,,,,1.0,2.0,1,2,,,,85179847847,2-s2.0-85179847847
3,Li B.,"Two new species of the genus Nigrobaetis Kazlauskas (in Novikova & Kluge), 1987 (Ephemeroptera: Baetidae) from Southwest China",2023,Zootaxa,,https://www.scopus.com/inward/record.uri?partnerID=HzOxMe3b&scp=85165469163&origin=inward,https://www.scopus.com/inward/citedby.uri?partnerID=HzOxMe3b&scp=85165469163&origin=inward,,2026-04-12 18:32:41,Article,10.11646/zootaxa.5315.2.3,11755326,https://api.elsevier.com/content/abstract/scopus_id/85165469163,5315,2,,,,1.5,3.0,1,2,,,,85165469163,2-s2.0-85165469163
5,Mariano R.,"Not just a taxonomist, but a naturalist! The foundations of “Froehlich’s Autonomous Stonefly Republic”",2023,Revista Brasileira De Entomologia,,https://www.scopus.com/inward/record.uri?partnerID=HzOxMe3b&scp=85182786679&origin=inward,https://www.scopus.com/inward/citedby.uri?partnerID=HzOxMe3b&scp=85182786679&origin=inward,,2026-04-12 18:32:41,Article,10.1590/1806-9665-RBENT-2023-0066,00855626,https://api.elsevier.com/content/abstract/scopus_id/85182786679,67,Spe,,,,2.5,5.0,1,2,,,,85182786679,2-s2.0-85182786679
6,Kaltenbach T.,"First report of the Afrotropical genus Securiops Jacobus, McCafferty & Gattolliat (Ephemeroptera, Baetidae) from Southeast Asia, with description of a new species",2023,Zookeys,,https://www.scopus.com/inward/record.uri?partnerID=HzOxMe3b&scp=85158035653&origin=inward,https://www.scopus.com/inward/citedby.uri?partnerID=HzOxMe3b&scp=85158035653&origin=inward,,2026-04-12 18:32:41,Article,10.3897/zookeys.1157.99642,13132989,https://api.elsevier.com/content/abstract/scopus_id/85158035653,2023,1157,,,,3.0,6.0,1,2,,,,85158035653,2-s2.0-85158035653
10,El Alami M.,"A new species of the genus Alainites Waltz & McCafferty, 1994 (Ephemeroptera, Baetidae) from the north of Morocco",2023,Zookeys,,https://www.scopus.com/inward/record.uri?partnerID=HzOxMe3b&scp=85170364627&origin=inward,https://www.scopus.com/inward/citedby.uri?partnerID=HzOxMe3b&scp=85170364627&origin=inward,,2026-04-12 18:32:41,Article,10.3897/zookeys.1176.107829,13132989,https://api.elsevier.com/content/abstract/scopus_id/85170364627,2023,1176,,,,5.0,10.0,1,2,,,,85170364627,2-s2.0-85170364627
8,Alami M.E.,"Another new species of the genus Habrophlebia Eaton, 1881 (Ephemeroptera, Leptophlebiidae) from the Maghreb",2023,Zookeys,,https://www.scopus.com/inward/record.uri?partnerID=HzOxMe3b&scp=85182499740&origin=inward,https://www.scopus.com/inward/citedby.uri?partnerID=HzOxMe3b&scp=85182499740&origin=inward,,2026-04-12 18:32:41,Article,10.3897/zookeys.1186.112796,13132989,https://api.elsevier.com/content/abstract/scopus_id/85182499740,2023,1186,,,,4.0,8.0,1,2,,,,85182499740,2-s2.0-85182499740
4,Kaltenbach T.,"New species of Nigrobaetis from Southeast Asia (Ephemeroptera, Baetidae)",2023,Zookeys,,https://www.scopus.com/inward/record.uri?partnerID=HzOxMe3b&scp=85163209833&origin=inward,https://www.scopus.com/inward/citedby.uri?partnerID=HzOxMe3b&scp=85163209833&origin=inward,,2026-04-12 18:32:41,Article,10.3897/zookeys.1166.102941,13132989,https://api.elsevier.com/content/abstract/scopus_id/85163209833,2023,1166,,,,2.0,4.0,1,2,,,,85163209833,2-s2.0-85163209833
2,Vannachak V.,"First records of the genus Elatosara Malzacher, 2020 (Ephemeroptera, Caenidae) from the Lao People’s Democratic Republic",2023,Check List,,https://www.scopus.com/inward/record.uri?partnerID=HzOxMe3b&scp=85172471539&origin=inward,https://www.scopus.com/inward/citedby.uri?partnerID=HzOxMe3b&scp=85172471539&origin=inward,,2026-04-12 18:32:41,Article,10.15560/19.5.647,,https://api.elsevier.com/content/abstract/scopus_id/85172471539,19,5,,,,1.0,2.0,1,2,,,,85172471539,2-s2.0-85172471539
0,Yavorskaya N.M.,Long-Term Variations in Zoobenthos Characteristics in Watercourses on the the Khektsir Ridge,2023,Water Resources,,https://www.scopus.com/inward/record.uri?partnerID=HzOxMe3b&scp=85161693036&origin=inward,https://www.scopus.com/inward/citedby.uri?partnerID=HzOxMe3b&scp=85161693036&origin=inward,,2026-04-12 18:32:41,Article,10.1134/S0097807823010177,00978078,https://api.elsevier.com/content/abstract/scopus_id/85161693036,50,1,,,,0.0,0.0,1,2,,,,85161693036,2-s2.0-85161693036
3,Kluge N.,"Redescription of the subgenus Rhithrogeniella Ulmer 1939 (Ephemeroptera, Heptageniidae, genus Ecdyonurus) based on reared specimens from India and Thailand",2023,Zootaxa,,https://www.scopus.com/inward/record.uri?partnerID=HzOxMe3b&scp=85165901930&origin=inward,https://www.scopus.com/inward/citedby.uri?partnerID=HzOxMe3b&scp=85165901930&origin=inward,,2026-04-12 18:32:41,Article,10.11646/zootaxa.5319.4.2,11755326,https://api.elsevier.com/content/abstract/scopus_id/85165901930,5319,4,,,,1.5,3.0,1,2,,,,85165901930,2-s2.0-85165901930
0,Kesavan S.,Enhanced Machine Learning Techniques for Pest Control and Leaf Disease Identification,2023,Future Farming Advancing Agriculture with Artificial Intelligence,,https://www.scopus.com/inward/record.uri?partnerID=HzOxMe3b&scp=85208327394&origin=inward,https://www.scopus.com/inward/citedby.uri?partnerID=HzOxMe3b&scp=85208327394&origin=inward,,2026-04-12 18:32:41,Book Chapter,10.2174/9789815124729123010004,,https://api.elsevier.com/content/abstract/scopus_id/85208327394,,,,,,0.0,0.0,1,2,,,,85208327394,2-s2.0-85208327394
11,Gerber R.,Landscape models can predict the distribution of aquatic insects across agricultural areas,2023,Landscape Ecology,,https://www.scopus.com/inward/record.uri?partnerID=HzOxMe3b&scp=85169895221&origin=inward,https://www.scopus.com/inward/citedby.uri?partnerID=HzOxMe3b&scp=85169895221&origin=inward,,2026-04-12 18:32:41,Article,10.1007/s10980-023-01761-4,09212973,https://api.elsevier.com/content/abstract/scopus_id/85169895221,38,11,,,,5.5,11.0,1,2,,,,85169895221,2-s2.0-85169895221
3,Rao G.P.C.,Restoration of the service and loss minimization in electrical distribution systems,2023,Indonesian Journal of Electrical Engineering and Computer Science,,https://www.scopus.com/inward/record.uri?partnerID=HzOxMe3b&scp=85177848741&origin=inward,https://www.scopus.com/inward/citedby.uri?partnerID=HzOxMe3b&scp=85177848741&origin=inward,,2026-04-12 18:32:41,Article,10.11591/IJEECS.V32.I3.PP1267-1277,25024752,https://api.elsevier.com/content/abstract/scopus_id/85177848741,32,3,,,,1.5,3.0,1,2,,,,85177848741,2-s2.0-85177848741
0,Shi W.,"First record of hygropetric species in the genus Paegniodes Eaton, 1881 (Ephemeroptera: Heptageniidae) with description of a new species from China",2023,Zootaxa,,https://www.scopus.com/inward/record.uri?partnerID=HzOxMe3b&scp=85147863667&origin=inward,https://www.scopus.com/inward/citedby.uri?partnerID=HzOxMe3b&scp=85147863667&origin=inward,,2026-04-12 18:32:41,Article,10.11646/zootaxa.5227.5.5,11755326,https://api.elsevier.com/content/abstract/scopus_id/85147863667,5227,5,,,,0.0,0.0,1,2,,,,85147863667,2-s2.0-85147863667
11,Behera S.,Dynamic economic emission dispatch including electric vehicles’ demand management and vehicle to grid support considering physical constraints,2023,Journal of Ambient Intelligence and Humanized Computing,,https://www.scopus.com/inward/record.uri?partnerID=HzOxMe3b&scp=85146958557&origin=inward,https://www.scopus.com/inward/citedby.uri?partnerID=HzOxMe3b&scp=85146958557&origin=inward,,2026-04-12 18:32:41,Article,10.1007/s12652-023-04518-8,18685137,https://api.elsevier.com/content/abstract/scopus_id/85146958557,14,3,,,,5.5,11.0,1,2,,,,85146958557,2-s2.0-85146958557
2,Shcherbakov D.E.,The Main Line of the Evolution of Articulata—From Polychaetes to Insects,2023,Paleontological Journal,,https://www.scopus.com/inward/record.uri?partnerID=HzOxMe3b&scp=85185108139&origin=inward,https://www.scopus.com/inward/citedby.uri?partnerID=HzOxMe3b&scp=85185108139&origin=inward,,2026-04-12 18:32:41,Article,10.1134/S0031030123110126,00310301,https://api.elsevier.com/content/abstract/scopus_id/85185108139,57,11,,,,1.0,2.0,1,2,,,,85185108139,2-s2.0-85185108139
1,Savosin E.S.,"Features of Zoobenthos of Pristine Mesohumus Lakes of the Republic of Karelia, Russia",2023,Inland Water Biology,,https://www.scopus.com/inward/record.uri?partnerID=HzOxMe3b&scp=85159950415&origin=inward,https://www.scopus.com/inward/citedby.uri?partnerID=HzOxMe3b&scp=85159950415&origin=inward,,2026-04-12 18:32:41,Article,10.1134/S1995082923020189,19950829,https://api.elsevier.com/content/abstract/scopus_id/85159950415,16,2,,,,0.5,1.0,1,2,,,,85159950415,2-s2.0-85159950415
2,Orondo P.W.,Effect of predators on Anopheles arabiensis and Anopheles funestus larval survivorship in Homa Bay County Western Kenya,2023,Malaria Journal,,https://www.scopus.com/inward/record.uri?partnerID=HzOxMe3b&scp=85173326429&origin=inward,https://www.scopus.com/inward/citedby.uri?partnerID=HzOxMe3b&scp=85173326429&origin=inward,,2026-04-12 18:32:41,Article,10.1186/s12936-023-04741-w,,https://api.elsevier.com/content/abstract/scopus_id/85173326429,22,1,,,,1.0,2.0,1,2,,,,85173326429,2-s2.0-85173326429
2,Martynov A.V.,"The Tribe Hyrtanellini Allen, 1980 (Ephemeroptera: Ephemerellidae) of Western and Central Asia with Description of a New Species †",2023,Insects,,https://www.scopus.com/inward/record.uri?partnerID=HzOxMe3b&scp=85146784967&origin=inward,https://www.scopus.com/inward/citedby.uri?partnerID=HzOxMe3b&scp=85146784967&origin=inward,,2026-04-12 18:32:41,Article,10.3390/insects14010087,,https://api.elsevier.com/content/abstract/scopus_id/85146784967,14,1,,,,1.0,2.0,1,2,,,,85146784967,2-s2.0-85146784967
3,Pantoja G.M.,"A new species of Campsurus Eaton, 1868 (Ephemeroptera: Polymitarcyidae) from the Doce River Basin, Brazil",2023,Zootaxa,,https://www.scopus.com/inward/record.uri?partnerID=HzOxMe3b&scp=85175319307&origin=inward,https://www.scopus.com/inward/citedby.uri?partnerID=HzOxMe3b&scp=85175319307&origin=inward,,2026-04-12 18:32:41,Article,10.11646/zootaxa.5352.1.6,11755326,https://api.elsevier.com/content/abstract/scopus_id/85175319307,5352,1,,,,1.5,3.0,1,2,,,,85175319307,2-s2.0-85175319307
6,Braccia A.,Macroinvertebrate assemblages from a stream-wetland complex: a case study with implications for assessing restored hydrologic functions,2023,Environmental Monitoring and Assessment,,https://www.scopus.com/inward/record.uri?partnerID=HzOxMe3b&scp=85148112967&origin=inward,https://www.scopus.com/inward/citedby.uri?partnerID=HzOxMe3b&scp=85148112967&origin=inward,,2026-04-12 18:32:41,Article,10.1007/s10661-023-10983-7,01676369,https://api.elsevier.com/content/abstract/scopus_id/85148112967,195,3,,,,3.0,6.0,1,2,,,,85148112967,2-s2.0-85148112967
1,Salles F.F.,"A new species of Askola Peters, 1969 (Ephemeroptera: Leptophlebiidae) from Southeastern Brazil",2023,Zootaxa,,https://www.scopus.com/inward/record.uri?partnerID=HzOxMe3b&scp=85165433320&origin=inward,https://www.scopus.com/inward/citedby.uri?partnerID=HzOxMe3b&scp=85165433320&origin=inward,,2026-04-12 18:32:41,Article,10.11646/zootaxa.5315.2.8,11755326,https://api.elsevier.com/content/abstract/scopus_id/85165433320,5315,2,,,,0.5,1.0,1,2,,,,85165433320,2-s2.0-85165433320
4,Doğan H.,Next-Generation Application-Based Artificial Intelligence in Modeling and Estimation for Ni/n-GaAs/In Schottky Barrier Diode,2023,Physica Status Solidi A Applications and Materials Science,,https://www.scopus.com/inward/record.uri?partnerID=HzOxMe3b&scp=85147283899&origin=inward,https://www.scopus.com/inward/citedby.uri?partnerID=HzOxMe3b&scp=85147283899&origin=inward,,2026-04-12 18:32:41,Article,10.1002/pssa.202200740,18626300,https://api.elsevier.com/content/abstract/scopus_id/85147283899,220,6,,,,2.0,4.0,1,2,,,,85147283899,2-s2.0-85147283899
1,Karthika J.,RETRACTION:An efficient hybrid MPA-MOA control approach based on DC microgrid connected constant power loads,2023,Journal of Intelligent and Fuzzy Systems,,https://www.scopus.com/inward/record.uri?partnerID=HzOxMe3b&scp=85148031017&origin=inward,https://www.scopus.com/inward/citedby.uri?partnerID=HzOxMe3b&scp=85148031017&origin=inward,,2026-04-12 18:32:41,Retracted,10.3233/JIFS-221632,10641246,https://api.elsevier.com/content/abstract/scopus_id/85148031017,44,1,,,,0.5,1.0,1,2,,,,85148031017,2-s2.0-85148031017
3,Hrivniak Ľ.,"Big diversity in a small hotspot: two new species of Leptophlebiidae (Insecta, Ephemeroptera) from New Caledonia",2023,Zookeys,,https://www.scopus.com/inward/record.uri?partnerID=HzOxMe3b&scp=85147288909&origin=inward,https://www.scopus.com/inward/citedby.uri?partnerID=HzOxMe3b&scp=85147288909&origin=inward,,2026-04-12 18:32:41,Article,10.3897/zookeys.1143.96148,13132989,https://api.elsevier.com/content/abstract/scopus_id/85147288909,1143,,,,,1.5,3.0,1,2,,,,85147288909,2-s2.0-85147288909
14,Mastrothanasis K.,A bio-inspired computational classifier system for the evaluation of children’s theatrical anxiety at school,2023,Education and Information Technologies,,https://www.scopus.com/inward/record.uri?partnerID=HzOxMe3b&scp=85147766189&origin=inward,https://www.scopus.com/inward/citedby.uri?partnerID=HzOxMe3b&scp=85147766189&origin=inward,,2026-04-12 18:32:41,Article,10.1007/s10639-023-11645-4,13602357,https://api.elsevier.com/content/abstract/scopus_id/85147766189,28,9,,,,7.0,14.0,1,2,,,,85147766189,2-s2.0-85147766189
2,Kluge N.J.,"Redescription of the subgenus Securiops Jacobus, McCafferty & Gattolliat 2006 (Ephemeroptera, Baetidae, Procloeon Bengtsson 1915)",2023,Zootaxa,,https://www.scopus.com/inward/record.uri?partnerID=HzOxMe3b&scp=85173150390&origin=inward,https://www.scopus.com/inward/citedby.uri?partnerID=HzOxMe3b&scp=85173150390&origin=inward,,2026-04-12 18:32:41,Article,10.11646/zootaxa.5343.3.2,11755326,https://api.elsevier.com/content/abstract/scopus_id/85173150390,5343,3,,,,1.0,2.0,1,2,,,,85173150390,2-s2.0-85173150390
0,Baryshev I.A.,"Zoobenthos in the Watercourses of the Kovda River Basin (Composition, Abundance, Diversity, and Saprobity)",2023,Inland Water Biology,,https://www.scopus.com/inward/record.uri?partnerID=HzOxMe3b&scp=85162952285&origin=inward,https://www.scopus.com/inward/citedby.uri?partnerID=HzOxMe3b&scp=85162952285&origin=inward,,2026-04-12 18:32:41,Article,10.1134/S1995082923030045,19950829,https://api.elsevier.com/content/abstract/scopus_id/85162952285,16,3,,,,0.0,0.0,1,2,,,,85162952285,2-s2.0-85162952285
0,Wang K.C.,"A new Neoleptophlebia Kluge, 1997 species from eastern China (Ephemeroptera: Leptophlebiidae)",2023,Zootaxa,,https://www.scopus.com/inward/record.uri?partnerID=HzOxMe3b&scp=85175566065&origin=inward,https://www.scopus.com/inward/citedby.uri?partnerID=HzOxMe3b&scp=85175566065&origin=inward,,2026-04-12 18:32:41,Article,10.11646/zootaxa.5343.4.5,11755326,https://api.elsevier.com/content/abstract/scopus_id/85175566065,5343,4,,,,0.0,0.0,1,2,,,,85175566065,2-s2.0-85175566065
26,Santhadevi D.,Stacked Deep Learning Framework for Edge-Based Intelligent Threat Detection in IoT Network,2023,Journal of Supercomputing,,https://www.scopus.com/inward/record.uri?partnerID=HzOxMe3b&scp=85150030562&origin=inward,https://www.scopus.com/inward/citedby.uri?partnerID=HzOxMe3b&scp=85150030562&origin=inward,,2026-04-12 18:32:41,Article,10.1007/s11227-023-05153-y,09208542,https://api.elsevier.com/content/abstract/scopus_id/85150030562,79,11,,,,13.0,26.0,1,2,,,,85150030562,2-s2.0-85150030562
6,Tiple R.C.,IoT based Weather Monitoring System Using OSSA & MA Techniques,2023,International Conference on Emerging Trends in Engineering and Technology Icetet,,https://www.scopus.com/inward/record.uri?partnerID=HzOxMe3b&scp=85163772827&origin=inward,https://www.scopus.com/inward/citedby.uri?partnerID=HzOxMe3b&scp=85163772827&origin=inward,,2026-04-12 18:32:41,Conference Paper,10.1109/ICETET-SIP58143.2023.10151533,21570477,https://api.elsevier.com/content/abstract/scopus_id/85163772827,2023-April,,,,,3.0,6.0,1,2,,,,85163772827,2-s2.0-85163772827
8,Kluge N.,"Contribution to the knowledge of the subgenus Tenuibaetis Kang & Yang 1994 (Ephemeroptera, Baetidae, Baetis s. l.)",2023,Zootaxa,,https://www.scopus.com/inward/record.uri?partnerID=HzOxMe3b&scp=85160222592&origin=inward,https://www.scopus.com/inward/citedby.uri?partnerID=HzOxMe3b&scp=85160222592&origin=inward,,2026-04-12 18:32:41,Article,10.11646/ZOOTAXA.5277.2.1,11755326,https://api.elsevier.com/content/abstract/scopus_id/85160222592,5277,2,,,,4.0,8.0,1,2,,,,85160222592,2-s2.0-85160222592
5,Abernethy E.F.,"Population connectivity of aquatic insects in a dam-regulated, desert river",2023,River Research and Applications,,https://www.scopus.com/inward/record.uri?partnerID=HzOxMe3b&scp=85128401382&origin=inward,https://www.scopus.com/inward/citedby.uri?partnerID=HzOxMe3b&scp=85128401382&origin=inward,,2026-04-12 18:32:41,Article,10.1002/rra.3972,15351459,https://api.elsevier.com/content/abstract/scopus_id/85128401382,39,3,,,,2.5,5.0,1,2,,,,85128401382,2-s2.0-85128401382
3,Wongyam A.,"Unravelling the diversity of the genus Afronurus Lestage, 1924 (Ephemeroptera, Heptageniidae) in Thailand",2023,Zookeys,,https://www.scopus.com/inward/record.uri?partnerID=HzOxMe3b&scp=85168950189&origin=inward,https://www.scopus.com/inward/citedby.uri?partnerID=HzOxMe3b&scp=85168950189&origin=inward,,2026-04-12 18:32:41,Article,10.3897/zookeys.1176.105159,13132989,https://api.elsevier.com/content/abstract/scopus_id/85168950189,2023,1176,,,,1.5,3.0,1,2,,,,85168950189,2-s2.0-85168950189
22,Narasimhulu N.,Analysis and Impacts of Grid Integrated Photo-Voltaic and Electric Vehicle on Power Quality Issues,2023,Energies,,https://www.scopus.com/inward/record.uri?partnerID=HzOxMe3b&scp=85146735668&origin=inward,https://www.scopus.com/inward/citedby.uri?partnerID=HzOxMe3b&scp=85146735668&origin=inward,,2026-04-12 18:32:41,Review,10.3390/en16020714,,https://api.elsevier.com/content/abstract/scopus_id/85146735668,16,2,,,,11.0,22.0,1,2,,,,85146735668,2-s2.0-85146735668
2,Kluge N.,"Indian species of Teloganodes Eaton 1882 (including subgenera Dudgeodes Sartori 2008 and Derlethina Sartori 2008) (Ephemeroptera, Teloganodidae)",2023,Zootaxa,,https://www.scopus.com/inward/record.uri?partnerID=HzOxMe3b&scp=85149461199&origin=inward,https://www.scopus.com/inward/citedby.uri?partnerID=HzOxMe3b&scp=85149461199&origin=inward,,2026-04-12 18:32:41,Article,10.11646/zootaxa.5244.6.3,11755326,https://api.elsevier.com/content/abstract/scopus_id/85149461199,5244,6,,,,1.0,2.0,1,2,,,,85149461199,2-s2.0-85149461199
7,Yi L.,Intelligent detection of stator and rotor faults of induction motor based on improved backstepping sliding mode observer,2023,International Journal of Dynamics and Control,,https://www.scopus.com/inward/record.uri?partnerID=HzOxMe3b&scp=85136131828&origin=inward,https://www.scopus.com/inward/citedby.uri?partnerID=HzOxMe3b&scp=85136131828&origin=inward,,2026-04-12 18:32:41,Article,10.1007/s40435-022-01010-7,2195268X,https://api.elsevier.com/content/abstract/scopus_id/85136131828,11,2,,,,3.5,7.0,1,2,,,,85136131828,2-s2.0-85136131828
0,Storari A.P.,"Author Correction: A new Gondwanan mayfly family from the Lower Cretaceous Crato Formation, Brazil (Ephemeroptera: Siphlonuroidea: Astraeopteridae fam. nov.) (Scientific Reports, (2023), 13, 1, (11735), 10.1038/s41598-023-36778-x)",2023,Scientific Reports,,https://www.scopus.com/inward/record.uri?partnerID=HzOxMe3b&scp=85175951676&origin=inward,https://www.scopus.com/inward/citedby.uri?partnerID=HzOxMe3b&scp=85175951676&origin=inward,,2026-04-12 18:32:41,Erratum,10.1038/s41598-023-46324-4,,https://api.elsevier.com/content/abstract/scopus_id/85175951676,13,1,,,,0.0,0.0,1,2,,,,85175951676,2-s2.0-85175951676
5,Alotaibi N.S.,An Efficient Cyber Security and Intrusion Detection System Using CRSR with PXORP-ECC and LTH-CNN,2023,Computers Materials and Continua,,https://www.scopus.com/inward/record.uri?partnerID=HzOxMe3b&scp=85173512906&origin=inward,https://www.scopus.com/inward/citedby.uri?partnerID=HzOxMe3b&scp=85173512906&origin=inward,,2026-04-12 18:32:41,Article,10.32604/cmc.2023.039446,15462218,https://api.elsevier.com/content/abstract/scopus_id/85173512906,76,2,,,,2.5,5.0,1,2,,,,85173512906,2-s2.0-85173512906
2,Srinivasan P.,"A new species of Caenis Stephens, 1835 and description of male subimaginal characters of Caenis americani Srinivasan et al., 2021 (Ephemeroptera: Caenidae) from the Western Ghats, South India",2023,Aquatic Insects,,https://www.scopus.com/inward/record.uri?partnerID=HzOxMe3b&scp=85152396539&origin=inward,https://www.scopus.com/inward/citedby.uri?partnerID=HzOxMe3b&scp=85152396539&origin=inward,,2026-04-12 18:32:41,Article,10.1080/01650424.2022.2162085,01650424,https://api.elsevier.com/content/abstract/scopus_id/85152396539,44,4,,,,1.0,2.0,1,2,,,,85152396539,2-s2.0-85152396539
13,Yenurkar G.,Future forecasting prediction of Covid-19 using hybrid deep learning algorithm,2023,Multimedia Tools and Applications,,https://www.scopus.com/inward/record.uri?partnerID=HzOxMe3b&scp=85142218388&origin=inward,https://www.scopus.com/inward/citedby.uri?partnerID=HzOxMe3b&scp=85142218388&origin=inward,,2026-04-12 18:32:41,Article,10.1007/s11042-022-14219-7,13807501,https://api.elsevier.com/content/abstract/scopus_id/85142218388,82,15,,,,6.5,13.0,1,2,,,,85142218388,2-s2.0-85142218388
0,,"Datenbanksysteme fur Business, Technologie und Web, BTW 2023",2023,Lecture Notes in Informatics Lni Proceedings Series of the Gesellschaft Fur Informatik Gi,,https://www.scopus.com/inward/record.uri?partnerID=HzOxMe3b&scp=85149927881&origin=inward,https://www.scopus.com/inward/citedby.uri?partnerID=HzOxMe3b&scp=85149927881&origin=inward,,2026-04-12 18:32:41,Conference Review,,16175468,https://api.elsevier.com/content/abstract/scopus_id/85149927881,P-331,,,,,0.0,0.0,0,2,,,,85149927881,2-s2.0-85149927881
8,Ponraj A.,Radial Basis Function Networks and Contrast-Limited Adaptive Histogram Equalization Filter Based Early-Stage Breast Cancer Detection Techniques,2023,Journal of Computer Science,,https://www.scopus.com/inward/record.uri?partnerID=HzOxMe3b&scp=85162135145&origin=inward,https://www.scopus.com/inward/citedby.uri?partnerID=HzOxMe3b&scp=85162135145&origin=inward,,2026-04-12 18:32:41,Article,10.3844/jcssp.2023.760.774,15493636,https://api.elsevier.com/content/abstract/scopus_id/85162135145,19,6,,,,4.0,8.0,1,2,,,,85162135145,2-s2.0-85162135145
1,Sohil A.,"First record of the genus Alainites Waltz & McCafferty, 1994 (Ephemeroptera, Baetidae) from India with the description of a new species from the North-western Himalayas",2023,European Journal of Taxonomy,,https://www.scopus.com/inward/record.uri?partnerID=HzOxMe3b&scp=85179320582&origin=inward,https://www.scopus.com/inward/citedby.uri?partnerID=HzOxMe3b&scp=85179320582&origin=inward,,2026-04-12 18:32:41,Article,10.5852/ejt.2023.910.2367,,https://api.elsevier.com/content/abstract/scopus_id/85179320582,910,,,,,0.5,1.0,1,2,,,,85179320582,2-s2.0-85179320582
8,Kumar K.R.,Novel Deep Learning Model for Predicting Wind Velocity and Power Estimation in Advanced INVELOX Wind Turbines,2023,Journal of Applied Fluid Mechanics,,https://www.scopus.com/inward/record.uri?partnerID=HzOxMe3b&scp=85152379088&origin=inward,https://www.scopus.com/inward/citedby.uri?partnerID=HzOxMe3b&scp=85152379088&origin=inward,,2026-04-12 18:32:41,Article,10.47176/jafm.16.06.1637,17353572,https://api.elsevier.com/content/abstract/scopus_id/85152379088,16,6,,,,4.0,8.0,1,2,,,,85152379088,2-s2.0-85152379088
4,Lima M.,Hermanella complex on Northern Brazil (Ephemeroptera: Leptophlebiidae): New species and stage descriptions,2023,Revista Brasileira De Entomologia,,https://www.scopus.com/inward/record.uri?partnerID=HzOxMe3b&scp=85180354713&origin=inward,https://www.scopus.com/inward/citedby.uri?partnerID=HzOxMe3b&scp=85180354713&origin=inward,,2026-04-12 18:32:41,Article,10.1590/1806-9665-RBENT-2023-0063,00855626,https://api.elsevier.com/content/abstract/scopus_id/85180354713,67,spe,,,,2.0,4.0,1,2,,,,85180354713,2-s2.0-85180354713
5,Vashisth A.,QMRNB: Design of an Efficient Q-Learning Model to Improve Routing Efficiency of UAV Networks via Bioinspired Optimizations,2023,International Journal of Computer Networks and Applications,,https://www.scopus.com/inward/record.uri?partnerID=HzOxMe3b&scp=85161565928&origin=inward,https://www.scopus.com/inward/citedby.uri?partnerID=HzOxMe3b&scp=85161565928&origin=inward,,2026-04-12 18:32:41,Article,10.22247/ijcna/2023/220740,,https://api.elsevier.com/content/abstract/scopus_id/85161565928,10,2,,,,2.5,5.0,1,2,,,,85161565928,2-s2.0-85161565928
8,Calor A.R.,"LEAq – Laboratório de Entomologia Aquática “Prof. Claudio Gilberto Froehlich” and the task of facing the biodiversity knowledge deficits on Caddisflies (Trichoptera), Bahia, Brazil",2023,Revista Brasileira De Entomologia,,https://www.scopus.com/inward/record.uri?partnerID=HzOxMe3b&scp=85182775194&origin=inward,https://www.scopus.com/inward/citedby.uri?partnerID=HzOxMe3b&scp=85182775194&origin=inward,,2026-04-12 18:32:41,Article,10.1590/1806-9665-RBENT-2023-0065,00855626,https://api.elsevier.com/content/abstract/scopus_id/85182775194,67,spe,,,,4.0,8.0,1,2,,,,85182775194,2-s2.0-85182775194
3,Alotaibi F.,Optimal Deep Recurrent Neural Networks for IoT-enabled Human Activity Recognition in Elderly and Disabled Persons,2023,Journal of Disability Research,,https://www.scopus.com/inward/record.uri?partnerID=HzOxMe3b&scp=105005425013&origin=inward,https://www.scopus.com/inward/citedby.uri?partnerID=HzOxMe3b&scp=105005425013&origin=inward,,2026-04-12 18:32:41,Article,10.57197/JDR-2023-0023,,https://api.elsevier.com/content/abstract/scopus_id/105005425013,2,2,,,,1.5,3.0,1,2,,,,105005425013,2-s2.0-105005425013
13,Divya V.,Signal Conducting System with Effective Optimization Using Deep Learning for Schizophrenia Classification,2023,Computer Systems Science and Engineering,,https://www.scopus.com/inward/record.uri?partnerID=HzOxMe3b&scp=85143683402&origin=inward,https://www.scopus.com/inward/citedby.uri?partnerID=HzOxMe3b&scp=85143683402&origin=inward,,2026-04-12 18:32:41,Article,10.32604/csse.2023.029762,02676192,https://api.elsevier.com/content/abstract/scopus_id/85143683402,45,2,,,,6.5,13.0,1,2,,,,85143683402,2-s2.0-85143683402
2,de Faria A.P.J.,"An updated distribution list of Leptophlebiidae Banks, 1900 (Ephemeroptera: Insecta) for Piauí state",2023,Biota Neotropica,,https://www.scopus.com/inward/record.uri?partnerID=HzOxMe3b&scp=85182836356&origin=inward,https://www.scopus.com/inward/citedby.uri?partnerID=HzOxMe3b&scp=85182836356&origin=inward,,2026-04-12 18:32:41,Article,10.1590/1676-0611-BN-2023-1544,16786424,https://api.elsevier.com/content/abstract/scopus_id/85182836356,23,4,,,,1.0,2.0,1,2,,,,85182836356,2-s2.0-85182836356
78,Li J.,Optimal planning of Electricity–Hydrogen hybrid energy storage system considering demand response in active distribution network,2023,Energy,,https://www.scopus.com/inward/record.uri?partnerID=HzOxMe3b&scp=85150367390&origin=inward,https://www.scopus.com/inward/citedby.uri?partnerID=HzOxMe3b&scp=85150367390&origin=inward,,2026-04-12 18:32:41,Article,10.1016/j.energy.2023.127142,03605442,https://api.elsevier.com/content/abstract/scopus_id/85150367390,273,,,,,39.0,78.0,1,2,,,,85150367390,2-s2.0-85150367390
2,Yang K.,"A new species of Siphlonurus Eaton, 1868 (Ephemeroptera, Siphlonuridae) from Yunnan, China",2023,Zookeys,,https://www.scopus.com/inward/record.uri?partnerID=HzOxMe3b&scp=85162139717&origin=inward,https://www.scopus.com/inward/citedby.uri?partnerID=HzOxMe3b&scp=85162139717&origin=inward,,2026-04-12 18:32:41,Article,10.3897/zookeys.1166.102847,13132989,https://api.elsevier.com/content/abstract/scopus_id/85162139717,2023,1166,,,,1.0,2.0,1,2,,,,85162139717,2-s2.0-85162139717
8,Krosuri L.R.,Feature level fine grained sentiment analysis using boosted long short-term memory with improvised local search whale optimization,2023,Peerj Computer Science,,https://www.scopus.com/inward/record.uri?partnerID=HzOxMe3b&scp=85159782730&origin=inward,https://www.scopus.com/inward/citedby.uri?partnerID=HzOxMe3b&scp=85159782730&origin=inward,,2026-04-12 18:32:41,Article,10.7717/PEERJ-CS.1336,,https://api.elsevier.com/content/abstract/scopus_id/85159782730,9,,,,,4.0,8.0,1,2,,,,85159782730,2-s2.0-85159782730
2,Kaltenbach T.,"A new, widespread genus of Baetidae from South Asia (Insecta, Ephemeroptera)",2023,Zookeys,,https://www.scopus.com/inward/record.uri?partnerID=HzOxMe3b&scp=85164379011&origin=inward,https://www.scopus.com/inward/citedby.uri?partnerID=HzOxMe3b&scp=85164379011&origin=inward,,2026-04-12 18:32:41,Article,10.3897/zookeys.1168.104844,13132989,https://api.elsevier.com/content/abstract/scopus_id/85164379011,2023,1168,,,,1.0,2.0,1,2,,,,85164379011,2-s2.0-85164379011
5,Kaltenbach T.,"New species of Labiobaetis Novikova & Kluge from New Guinea (Ephemeroptera, Baetidae): a never-ending story of diversity",2023,Alpine Entomology,,https://www.scopus.com/inward/record.uri?partnerID=HzOxMe3b&scp=85166412569&origin=inward,https://www.scopus.com/inward/citedby.uri?partnerID=HzOxMe3b&scp=85166412569&origin=inward,,2026-04-12 18:32:41,Article,10.3897/alpento.7.106089,,https://api.elsevier.com/content/abstract/scopus_id/85166412569,7,,,,,2.5,5.0,1,2,,,,85166412569,2-s2.0-85166412569
6,de Oliveira L.A.,"Ephemeroptera (Insecta) from the metropolitan region of Santarém, Pará, Brazil",2023,Biota Neotropica,,https://www.scopus.com/inward/record.uri?partnerID=HzOxMe3b&scp=85153535099&origin=inward,https://www.scopus.com/inward/citedby.uri?partnerID=HzOxMe3b&scp=85153535099&origin=inward,,2026-04-12 18:32:41,Article,10.1590/1676-0611-BN-2022-1437,16786424,https://api.elsevier.com/content/abstract/scopus_id/85153535099,23,1,,,,3.0,6.0,1,2,,,,85153535099,2-s2.0-85153535099
17,Xu P.,Permeability prediction using logging data in a heterogeneous carbonate reservoir: A new self-adaptive predictor,2023,Geoenergy Science and Engineering,,https://www.scopus.com/inward/record.uri?partnerID=HzOxMe3b&scp=85159757641&origin=inward,https://www.scopus.com/inward/citedby.uri?partnerID=HzOxMe3b&scp=85159757641&origin=inward,,2026-04-12 18:32:41,Article,10.1016/j.geoen.2023.211635,,https://api.elsevier.com/content/abstract/scopus_id/85159757641,224,,,,,8.5,17.0,1,2,,,,85159757641,2-s2.0-85159757641
7,Qiang X.H.,"A preliminary review of Isonychia Eaton, 1871 from Chinese mainland with a re-description of I. kiangsinensis Hsu, 1936 (Insecta, Ephemeroptera, Isonychiidae)",2023,Zookeys,,https://www.scopus.com/inward/record.uri?partnerID=HzOxMe3b&scp=85171523853&origin=inward,https://www.scopus.com/inward/citedby.uri?partnerID=HzOxMe3b&scp=85171523853&origin=inward,,2026-04-12 18:32:41,Article,10.3897/zookeys.1178.104619,13132989,https://api.elsevier.com/content/abstract/scopus_id/85171523853,2023,1178,,,,3.5,7.0,1,2,,,,85171523853,2-s2.0-85171523853
0,Mosquera-Murillo Z.,"First record of Traverella Edmunds (Ephemeroptera: Leptophlebiidae) from Chocó, Colombia",2023,Boletin Cientifico Del Centro De Museos,,https://www.scopus.com/inward/record.uri?partnerID=HzOxMe3b&scp=85185320094&origin=inward,https://www.scopus.com/inward/citedby.uri?partnerID=HzOxMe3b&scp=85185320094&origin=inward,,2026-04-12 18:32:41,Article,10.17151/bccm.2023.27.2.8,01233068,https://api.elsevier.com/content/abstract/scopus_id/85185320094,27,2,,,,0.0,0.0,1,2,,,,85185320094,2-s2.0-85185320094
16,Sujatha K.,Innovation in Agriculture Industry by Automated Sorting of Rice Grains,2023,Evergreen,,https://www.scopus.com/inward/record.uri?partnerID=HzOxMe3b&scp=85154550061&origin=inward,https://www.scopus.com/inward/citedby.uri?partnerID=HzOxMe3b&scp=85154550061&origin=inward,,2026-04-12 18:32:41,Article,10.5109/6781076,21890420,https://api.elsevier.com/content/abstract/scopus_id/85154550061,10,1,,,,8.0,16.0,1,2,,,,85154550061,2-s2.0-85154550061
1,Frantz J.K.,Differences in the Critical Thermal Maximum Between Two Size Classes of Stenonema femoratum (Ephemeroptera: Heptageniidae),2023,Great Lakes Entomologist,,https://www.scopus.com/inward/record.uri?partnerID=HzOxMe3b&scp=85173927763&origin=inward,https://www.scopus.com/inward/citedby.uri?partnerID=HzOxMe3b&scp=85173927763&origin=inward,,2026-04-12 18:32:41,Article,10.22543/0090-0222.2441,00900222,https://api.elsevier.com/content/abstract/scopus_id/85173927763,56,1-2,,,,0.5,1.0,1,2,,,,85173927763,2-s2.0-85173927763
2,Long N.T.,A Comparative Study of Wrapper Feature Selection Techniques in Software Fault Prediction,2023,Lecture Notes in Networks and Systems,,https://www.scopus.com/inward/record.uri?partnerID=HzOxMe3b&scp=85172033048&origin=inward,https://www.scopus.com/inward/citedby.uri?partnerID=HzOxMe3b&scp=85172033048&origin=inward,,2026-04-12 18:32:41,Conference Paper,10.1007/978-3-031-36886-8_6,23673370,https://api.elsevier.com/content/abstract/scopus_id/85172033048,734 LNNS,,,,,1.0,2.0,1,2,,,,85172033048,2-s2.0-85172033048
2,Yu H.,Maximizing the number of completed tasks in MEC considering time and energy constraints,2023,Soft Computing,,https://www.scopus.com/inward/record.uri?partnerID=HzOxMe3b&scp=85165260697&origin=inward,https://www.scopus.com/inward/citedby.uri?partnerID=HzOxMe3b&scp=85165260697&origin=inward,,2026-04-12 18:32:41,Article,10.1007/s00500-023-08695-8,14327643,https://api.elsevier.com/content/abstract/scopus_id/85165260697,27,20,,,,1.0,2.0,1,2,,,,85165260697,2-s2.0-85165260697
6,Vijava J.,Optimization Techniques for Deep Learning Based House Price Prediction,2023,Proceedings of the 2023 International Conference on Intelligent Systems for Communication Iot and Security Iciscois 2023,,https://www.scopus.com/inward/record.uri?partnerID=HzOxMe3b&scp=85158132873&origin=inward,https://www.scopus.com/inward/citedby.uri?partnerID=HzOxMe3b&scp=85158132873&origin=inward,,2026-04-12 18:32:41,Conference Paper,10.1109/ICISCoIS56541.2023.10100566,,https://api.elsevier.com/content/abstract/scopus_id/85158132873,,,,,,3.0,6.0,1,2,,,,85158132873,2-s2.0-85158132873
0,Can F.,"Ephemeroptera Limnofauna of Pülümür and Ovacık (Tunceli, Türkiye) Districts",2023,Commagene Journal of Biology,,https://www.scopus.com/inward/record.uri?partnerID=HzOxMe3b&scp=85181923783&origin=inward,https://www.scopus.com/inward/citedby.uri?partnerID=HzOxMe3b&scp=85181923783&origin=inward,,2026-04-12 18:32:41,Article,10.31594/commagene.1378014,,https://api.elsevier.com/content/abstract/scopus_id/85181923783,7,2,,,,0.0,0.0,1,2,,,,85181923783,2-s2.0-85181923783
12,Khamees A.K.,Optimal Power Flow with Stochastic Renewable Energy Using Three Mixture Component Distribution Functions,2023,Sustainability Switzerland,,https://www.scopus.com/inward/record.uri?partnerID=HzOxMe3b&scp=85146010902&origin=inward,https://www.scopus.com/inward/citedby.uri?partnerID=HzOxMe3b&scp=85146010902&origin=inward,,2026-04-12 18:32:41,Article,10.3390/su15010334,,https://api.elsevier.com/content/abstract/scopus_id/85146010902,15,1,,,,6.0,12.0,1,2,,,,85146010902,2-s2.0-85146010902
1,Abuelrub A.,Energy Efficiency and Economic Analysis for School Buildings in Jordan,2023,2023 IEEE Texas Power and Energy Conference Tpec 2023,,https://www.scopus.com/inward/record.uri?partnerID=HzOxMe3b&scp=85152383254&origin=inward,https://www.scopus.com/inward/citedby.uri?partnerID=HzOxMe3b&scp=85152383254&origin=inward,,2026-04-12 18:32:41,Conference Paper,10.1109/TPEC56611.2023.10078523,,https://api.elsevier.com/content/abstract/scopus_id/85152383254,,,,,,0.5,1.0,1,2,,,,85152383254,2-s2.0-85152383254
1,Panch A.,A Unique Approach for Performance Analysis of a Blockchain and Cryptocurrency based Carbon Footprint Reduction System,2023,Web Intelligence,,https://www.scopus.com/inward/record.uri?partnerID=HzOxMe3b&scp=85173238242&origin=inward,https://www.scopus.com/inward/citedby.uri?partnerID=HzOxMe3b&scp=85173238242&origin=inward,,2026-04-12 18:32:41,Article,10.3233/WEB-220049,24056456,https://api.elsevier.com/content/abstract/scopus_id/85173238242,21,3,,,,0.5,1.0,1,2,,,,85173238242,2-s2.0-85173238242
8,Pandi Chandran P.,Optimal Deep Belief Network Enabled Malware Detection and Classification Model,2023,Intelligent Automation and Soft Computing,,https://www.scopus.com/inward/record.uri?partnerID=HzOxMe3b&scp=85141077727&origin=inward,https://www.scopus.com/inward/citedby.uri?partnerID=HzOxMe3b&scp=85141077727&origin=inward,,2026-04-12 18:32:41,Article,10.32604/iasc.2023.029946,10798587,https://api.elsevier.com/content/abstract/scopus_id/85141077727,35,3,,,,4.0,8.0,1,2,,,,85141077727,2-s2.0-85141077727
2,Rodrigues J.A.O.,"New species and new records of Miroculis Edmunds, 1963 (Ephemeroptera: Leptophlebiidae) from Chacoan Domain in northeastern Brazil",2023,Zootaxa,,https://www.scopus.com/inward/record.uri?partnerID=HzOxMe3b&scp=85147877181&origin=inward,https://www.scopus.com/inward/citedby.uri?partnerID=HzOxMe3b&scp=85147877181&origin=inward,,2026-04-12 18:32:41,Article,10.11646/zootaxa.5230.1.2,11755326,https://api.elsevier.com/content/abstract/scopus_id/85147877181,5230,1,,,,1.0,2.0,1,2,,,,85147877181,2-s2.0-85147877181
1,Jasmine Lizy P.,An efficient routing protocol for coherent energy using mayfly optimization algorithm in heterogeneous wireless sensor networks,2023,Cognitive Computation and Systems,,https://www.scopus.com/inward/record.uri?partnerID=HzOxMe3b&scp=85148450809&origin=inward,https://www.scopus.com/inward/citedby.uri?partnerID=HzOxMe3b&scp=85148450809&origin=inward,,2026-04-12 18:32:41,Article,10.1049/ccs2.12074,,https://api.elsevier.com/content/abstract/scopus_id/85148450809,5,1,,,,0.5,1.0,1,2,,,,85148450809,2-s2.0-85148450809
3,Germing K.,Chronic toxicity testing including transcriptomics-based molecular profiling in Cloeon dipterum,2023,Environmental Sciences Europe,,https://www.scopus.com/inward/record.uri?partnerID=HzOxMe3b&scp=85176745969&origin=inward,https://www.scopus.com/inward/citedby.uri?partnerID=HzOxMe3b&scp=85176745969&origin=inward,,2026-04-12 18:32:41,Article,10.1186/s12302-023-00806-4,21904707,https://api.elsevier.com/content/abstract/scopus_id/85176745969,35,1,,,,1.5,3.0,1,2,,,,85176745969,2-s2.0-85176745969
1,Khasanov M.,Optimal distributed generation allocation in distribution system for power loss minimization and voltage stability improvement,2023,E3s Web of Conferences,,https://www.scopus.com/inward/record.uri?partnerID=HzOxMe3b&scp=85169664497&origin=inward,https://www.scopus.com/inward/citedby.uri?partnerID=HzOxMe3b&scp=85169664497&origin=inward,,2026-04-12 18:32:41,Conference Paper,10.1051/e3sconf/202340103071,25550403,https://api.elsevier.com/content/abstract/scopus_id/85169664497,401,,,,,0.5,1.0,1,2,,,,85169664497,2-s2.0-85169664497
17,Cavdar B.,Cascaded fractional order automatic generation control of a PV-reheat thermal power system under a comprehensive nonlinearity effect and cyber-attack,2023,Electrical Engineering,,https://www.scopus.com/inward/record.uri?partnerID=HzOxMe3b&scp=85166927031&origin=inward,https://www.scopus.com/inward/citedby.uri?partnerID=HzOxMe3b&scp=85166927031&origin=inward,,2026-04-12 18:32:41,Article,10.1007/s00202-023-01943-y,09487921,https://api.elsevier.com/content/abstract/scopus_id/85166927031,105,6,,,,8.5,17.0,1,2,,,,85166927031,2-s2.0-85166927031
6,Alowaimer B.H.,Performance Investigation of Phishing Website Detection by Improved Deep Learning Techniques,2023,Wireless Personal Communications,,https://www.scopus.com/inward/record.uri?partnerID=HzOxMe3b&scp=85173589542&origin=inward,https://www.scopus.com/inward/citedby.uri?partnerID=HzOxMe3b&scp=85173589542&origin=inward,,2026-04-12 18:32:41,Article,10.1007/s11277-023-10736-2,09296212,https://api.elsevier.com/content/abstract/scopus_id/85173589542,132,4,,,,3.0,6.0,1,2,,,,85173589542,2-s2.0-85173589542
40,Alrowais F.,Automated Machine Learning Enabled Cybersecurity Threat Detection in Internet of Things Environment,2023,Computer Systems Science and Engineering,,https://www.scopus.com/inward/record.uri?partnerID=HzOxMe3b&scp=85136866168&origin=inward,https://www.scopus.com/inward/citedby.uri?partnerID=HzOxMe3b&scp=85136866168&origin=inward,,2026-04-12 18:32:41,Article,10.32604/csse.2023.030188,02676192,https://api.elsevier.com/content/abstract/scopus_id/85136866168,45,1,,,,20.0,40.0,1,2,,,,85136866168,2-s2.0-85136866168
24,Alshammari A.,Generation forecasting employing Deep Recurrent Neural Network with metaheruistic feature selection methodology for Renewable energy power plants,2023,Sustainable Energy Technologies and Assessments,,https://www.scopus.com/inward/record.uri?partnerID=HzOxMe3b&scp=85144818637&origin=inward,https://www.scopus.com/inward/citedby.uri?partnerID=HzOxMe3b&scp=85144818637&origin=inward,,2026-04-12 18:32:41,Article,10.1016/j.seta.2022.102968,22131388,https://api.elsevier.com/content/abstract/scopus_id/85144818637,55,,,,,12.0,24.0,1,2,,,,85144818637,2-s2.0-85144818637
1,Kluge N.,"Reclassification of Teloganodes Eaton 1882 (including subgenera Dudgeodes Sartori 2008 and Derlethina Sartori 2008) with a new species from Sulawesi (Ephemeroptera, Teloganodidae)",2023,Zootaxa,,https://www.scopus.com/inward/record.uri?partnerID=HzOxMe3b&scp=85149482699&origin=inward,https://www.scopus.com/inward/citedby.uri?partnerID=HzOxMe3b&scp=85149482699&origin=inward,,2026-04-12 18:32:41,Article,10.11646/zootaxa.5244.6.2,11755326,https://api.elsevier.com/content/abstract/scopus_id/85149482699,5244,6,,,,0.5,1.0,1,2,,,,85149482699,2-s2.0-85149482699
2,Türkmen G.,"Biomonitoring in the Caucasus Biodiversity Hotspot: The ecological and habitat preferences of Epeorus (Caucasiron) znojkoi (Ephemeroptera, Heptageniidae) from Northeastern Turkey",2023,Kuwait Journal of Science,,https://www.scopus.com/inward/record.uri?partnerID=HzOxMe3b&scp=85169819833&origin=inward,https://www.scopus.com/inward/citedby.uri?partnerID=HzOxMe3b&scp=85169819833&origin=inward,,2026-04-12 18:32:41,Article,10.1016/j.kjs.2022.11.002,23074108,https://api.elsevier.com/content/abstract/scopus_id/85169819833,50,3,,,,1.0,2.0,1,2,,,,85169819833,2-s2.0-85169819833
12,Rajeshkumar K.,Blockchain-Assisted Homomorphic Encryption Approach for Skin Lesion Diagnosis using Optimal Deep Learning Model,2023,Engineering Technology and Applied Science Research,,https://www.scopus.com/inward/record.uri?partnerID=HzOxMe3b&scp=85164155932&origin=inward,https://www.scopus.com/inward/citedby.uri?partnerID=HzOxMe3b&scp=85164155932&origin=inward,,2026-04-12 18:32:41,Article,10.48084/etasr.5594,22414487,https://api.elsevier.com/content/abstract/scopus_id/85164155932,13,3,,,,6.0,12.0,1,2,,,,85164155932,2-s2.0-85164155932
5,Lau D.C.P.,Fatty-acid based assessment of benthic food-web responses to multiple stressors in a large river system,2023,Environmental Pollution,,https://www.scopus.com/inward/record.uri?partnerID=HzOxMe3b&scp=85172708331&origin=inward,https://www.scopus.com/inward/citedby.uri?partnerID=HzOxMe3b&scp=85172708331&origin=inward,,2026-04-12 18:32:41,Article,10.1016/j.envpol.2023.122598,02697491,https://api.elsevier.com/content/abstract/scopus_id/85172708331,337,,,,,2.5,5.0,1,2,,,,85172708331,2-s2.0-85172708331
3,Khasanov M.,Optimal Allocation of Distributed Generation in Radial Distribution Network for Voltage Stability Improvement and Power Loss Minimization,2023,Aip Conference Proceedings,,https://www.scopus.com/inward/record.uri?partnerID=HzOxMe3b&scp=85151381709&origin=inward,https://www.scopus.com/inward/citedby.uri?partnerID=HzOxMe3b&scp=85151381709&origin=inward,,2026-04-12 18:32:41,Conference Paper,10.1063/5.0113630,0094243X,https://api.elsevier.com/content/abstract/scopus_id/85151381709,2612,,,,,1.5,3.0,1,2,,,,85151381709,2-s2.0-85151381709
2,Patchala S.,Elliptic Seizure Detection on EEG Signals Using Bidirectional Long Short-Term Memory Model,2023,IEEE 1st International Conference on Ambient Intelligence Knowledge Informatics and Industrial Electronics Aikiie 2023,,https://www.scopus.com/inward/record.uri?partnerID=HzOxMe3b&scp=85187253288&origin=inward,https://www.scopus.com/inward/citedby.uri?partnerID=HzOxMe3b&scp=85187253288&origin=inward,,2026-04-12 18:32:41,Conference Paper,10.1109/AIKIIE60097.2023.10390060,,https://api.elsevier.com/content/abstract/scopus_id/85187253288,,,,,,1.0,2.0,1,2,,,,85187253288,2-s2.0-85187253288
10,Karlekar P.V.,Design of an Efficient Bioinspired Model for Optimizing Robotic Arm Movements via Ensemble Learning Operations,2023,2023 IEEE 8th International Conference for Convergence in Technology I2ct 2023,,https://www.scopus.com/inward/record.uri?partnerID=HzOxMe3b&scp=85161319157&origin=inward,https://www.scopus.com/inward/citedby.uri?partnerID=HzOxMe3b&scp=85161319157&origin=inward,,2026-04-12 18:32:41,Conference Paper,10.1109/I2CT57861.2023.10126406,,https://api.elsevier.com/content/abstract/scopus_id/85161319157,,,,,,5.0,10.0,1,2,,,,85161319157,2-s2.0-85161319157
4,Petrin Z.,Road effects on benthic macroinvertebrate assemblages in boreal headwater streams,2023,Science of the Total Environment,,https://www.scopus.com/inward/record.uri?partnerID=HzOxMe3b&scp=85138468855&origin=inward,https://www.scopus.com/inward/citedby.uri?partnerID=HzOxMe3b&scp=85138468855&origin=inward,,2026-04-12 18:32:41,Article,10.1016/j.scitotenv.2022.158957,00489697,https://api.elsevier.com/content/abstract/scopus_id/85138468855,855,,,,,2.0,4.0,1,2,,,,85138468855,2-s2.0-85138468855
0,Dutta A.K.,Optimal Machine Learning Enabled Performance Monitoring for Learning Management Systems,2023,Computer Systems Science and Engineering,,https://www.scopus.com/inward/record.uri?partnerID=HzOxMe3b&scp=85135889769&origin=inward,https://www.scopus.com/inward/citedby.uri?partnerID=HzOxMe3b&scp=85135889769&origin=inward,,2026-04-12 18:32:41,Article,10.32604/csse.2023.028107,02676192,https://api.elsevier.com/content/abstract/scopus_id/85135889769,44,3,,,,0.0,0.0,1,2,,,,85135889769,2-s2.0-85135889769
2,Bosupally D.,Congestion Management of Power Systems by Optimal Allocation of FACTS devices using Hybrid Techniques,2023,International Journal of Electrical and Electronics Research,,https://www.scopus.com/inward/record.uri?partnerID=HzOxMe3b&scp=85160738773&origin=inward,https://www.scopus.com/inward/citedby.uri?partnerID=HzOxMe3b&scp=85160738773&origin=inward,,2026-04-12 18:32:41,Article,10.37391/IJEER.110208,,https://api.elsevier.com/content/abstract/scopus_id/85160738773,11,2,,,,1.0,2.0,1,2,,,,85160738773,2-s2.0-85160738773
8,Yan P.,Fast Identification Method of Mine Water Source Based on Laser-Induced Fluorescence Technology and Optimized LSTM,2023,Water Switzerland,,https://www.scopus.com/inward/record.uri?partnerID=HzOxMe3b&scp=85149205791&origin=inward,https://www.scopus.com/inward/citedby.uri?partnerID=HzOxMe3b&scp=85149205791&origin=inward,,2026-04-12 18:32:41,Article,10.3390/w15040701,,https://api.elsevier.com/content/abstract/scopus_id/85149205791,15,4,,,,4.0,8.0,1,2,,,,85149205791,2-s2.0-85149205791
6,Potadar M.P.,Automatic Multi-Class Brain Tumor Classification Using Residual Network-152 Based Deep Convolutional Neural Network,2023,International Journal of Pattern Recognition and Artificial Intelligence,,https://www.scopus.com/inward/record.uri?partnerID=HzOxMe3b&scp=85151816067&origin=inward,https://www.scopus.com/inward/citedby.uri?partnerID=HzOxMe3b&scp=85151816067&origin=inward,,2026-04-12 18:32:41,Article,10.1142/S0218001423560013,02180014,https://api.elsevier.com/content/abstract/scopus_id/85151816067,37,4,,,,3.0,6.0,1,2,,,,85151816067,2-s2.0-85151816067
1,Yanygina L.V.,Macroinvertebrates of Altai mountain rivers: factors of their formation and features of distribution within altitudinal gradient,2023,Proceedings of the Zoological Institute of the Russian Academy of Sciences,,https://www.scopus.com/inward/record.uri?partnerID=HzOxMe3b&scp=85175561114&origin=inward,https://www.scopus.com/inward/citedby.uri?partnerID=HzOxMe3b&scp=85175561114&origin=inward,,2026-04-12 18:32:41,Article,10.31610/trudyzin/2023.327.3.419,02060477,https://api.elsevier.com/content/abstract/scopus_id/85175561114,327,3,,,,0.5,1.0,1,2,,,,85175561114,2-s2.0-85175561114
65,Athisayamani S.,Feature Extraction Using a Residual Deep Convolutional Neural Network (ResNet-152) and Optimized Feature Dimension Reduction for MRI Brain Tumor Classification,2023,Diagnostics,,https://www.scopus.com/inward/record.uri?partnerID=HzOxMe3b&scp=85148961327&origin=inward,https://www.scopus.com/inward/citedby.uri?partnerID=HzOxMe3b&scp=85148961327&origin=inward,,2026-04-12 18:32:41,Article,10.3390/diagnostics13040668,,https://api.elsevier.com/content/abstract/scopus_id/85148961327,13,4,,,,32.5,65.0,1,2,,,,85148961327,2-s2.0-85148961327
14,Rajita B.S.A.S.,Application of Evolutionary Algorithms in Social Networks: A Comparative Machine Learning Perspective,2023,New Generation Computing,,https://www.scopus.com/inward/record.uri?partnerID=HzOxMe3b&scp=85151495391&origin=inward,https://www.scopus.com/inward/citedby.uri?partnerID=HzOxMe3b&scp=85151495391&origin=inward,,2026-04-12 18:32:41,Article,10.1007/s00354-023-00215-4,02883635,https://api.elsevier.com/content/abstract/scopus_id/85151495391,41,2,,,,7.0,14.0,1,2,,,,85151495391,2-s2.0-85151495391
35,Sait A.R.W.,Deep Learning with Natural Language Processing Enabled Sentimental Analysis on Sarcasm Classification,2023,Computer Systems Science and Engineering,,https://www.scopus.com/inward/record.uri?partnerID=HzOxMe3b&scp=85136036461&origin=inward,https://www.scopus.com/inward/citedby.uri?partnerID=HzOxMe3b&scp=85136036461&origin=inward,,2026-04-12 18:32:41,Article,10.32604/csse.2023.029603,02676192,https://api.elsevier.com/content/abstract/scopus_id/85136036461,44,3,,,,17.5,35.0,1,2,,,,85136036461,2-s2.0-85136036461
42,Mohan E.,Thyroid Detection and Classification Using DNN Based on Hybrid Meta-Heuristic and LSTM Technique,2023,IEEE Access,,https://www.scopus.com/inward/record.uri?partnerID=HzOxMe3b&scp=85163420523&origin=inward,https://www.scopus.com/inward/citedby.uri?partnerID=HzOxMe3b&scp=85163420523&origin=inward,,2026-04-12 18:32:41,Article,10.1109/ACCESS.2023.3289511,,https://api.elsevier.com/content/abstract/scopus_id/85163420523,11,,,,,21.0,42.0,1,2,,,,85163420523,2-s2.0-85163420523
3,Zhang Q.Q.,The first Sharephemeridae (Insecta: Ephemeroptera) from the Jurassic Shiti Formation of South China,2023,Historical Biology,,https://www.scopus.com/inward/record.uri?partnerID=HzOxMe3b&scp=85131190404&origin=inward,https://www.scopus.com/inward/citedby.uri?partnerID=HzOxMe3b&scp=85131190404&origin=inward,,2026-04-12 18:32:41,Article,10.1080/08912963.2022.2077649,08912963,https://api.elsevier.com/content/abstract/scopus_id/85131190404,35,7,,,,1.5,3.0,1,2,,,,85131190404,2-s2.0-85131190404
14,Anandhi D.R.F.R.,Enhanced Sea Horse Optimization with Deep Learning-based Multimodal Fusion Technique for Rice Plant Disease Segmentation and Classification,2023,Engineering Technology and Applied Science Research,,https://www.scopus.com/inward/record.uri?partnerID=HzOxMe3b&scp=85178347040&origin=inward,https://www.scopus.com/inward/citedby.uri?partnerID=HzOxMe3b&scp=85178347040&origin=inward,,2026-04-12 18:32:41,Article,10.48084/etasr.6324,22414487,https://api.elsevier.com/content/abstract/scopus_id/85178347040,13,5,,,,7.0,14.0,1,2,,,,85178347040,2-s2.0-85178347040
5,da Silva Araujo D.S.,"The presence of macrophytes changes the beta diversity of Ephemeroptera, Plecoptera, and Trichoptera (EPT) assemblages in Cerrado streams in Northeastern Brazil",2023,Limnology,,https://www.scopus.com/inward/record.uri?partnerID=HzOxMe3b&scp=85151978872&origin=inward,https://www.scopus.com/inward/citedby.uri?partnerID=HzOxMe3b&scp=85151978872&origin=inward,,2026-04-12 18:32:41,Article,10.1007/s10201-023-00714-9,14398621,https://api.elsevier.com/content/abstract/scopus_id/85151978872,24,3,,,,2.5,5.0,1,2,,,,85151978872,2-s2.0-85151978872
53,Sridhar P.,Fire Sensor and Surveillance Camera-Based GTCNN for Fire Detection System,2023,IEEE Sensors Journal,,https://www.scopus.com/inward/record.uri?partnerID=HzOxMe3b&scp=85149894363&origin=inward,https://www.scopus.com/inward/citedby.uri?partnerID=HzOxMe3b&scp=85149894363&origin=inward,,2026-04-12 18:32:41,Article,10.1109/JSEN.2023.3244833,1530437X,https://api.elsevier.com/content/abstract/scopus_id/85149894363,23,7,,,,26.5,53.0,1,2,,,,85149894363,2-s2.0-85149894363
0,,"8th International and 29th All India Manufacturing Technology, Design and Research conference, AIMTDR 2021",2023,Lecture Notes in Mechanical Engineering,,https://www.scopus.com/inward/record.uri?partnerID=HzOxMe3b&scp=85145214446&origin=inward,https://www.scopus.com/inward/citedby.uri?partnerID=HzOxMe3b&scp=85145214446&origin=inward,,2026-04-12 18:32:41,Conference Review,,21954356,https://api.elsevier.com/content/abstract/scopus_id/85145214446,PartF54,,,,,0.0,0.0,0,2,,,,85145214446,2-s2.0-85145214446
18,Fehlinger L.,Export of dietary lipids via emergent insects from eutrophic fishponds,2023,Hydrobiologia,,https://www.scopus.com/inward/record.uri?partnerID=HzOxMe3b&scp=85136148767&origin=inward,https://www.scopus.com/inward/citedby.uri?partnerID=HzOxMe3b&scp=85136148767&origin=inward,,2026-04-12 18:32:41,Article,10.1007/s10750-022-05040-2,00188158,https://api.elsevier.com/content/abstract/scopus_id/85136148767,850,15,,,,9.0,18.0,1,2,,,,85136148767,2-s2.0-85136148767
78,Zafar M.H.,Hybrid deep learning model for efficient state of charge estimation of Li-ion batteries in electric vehicles,2023,Energy,,https://www.scopus.com/inward/record.uri?partnerID=HzOxMe3b&scp=85164658520&origin=inward,https://www.scopus.com/inward/citedby.uri?partnerID=HzOxMe3b&scp=85164658520&origin=inward,,2026-04-12 18:32:41,Article,10.1016/j.energy.2023.128317,03605442,https://api.elsevier.com/content/abstract/scopus_id/85164658520,282,,,,,39.0,78.0,1,2,,,,85164658520,2-s2.0-85164658520
9,Bora Ç.,A novel objective function design and detailed analysis for the AVR-LFC system,2023,Sadhana Academy Proceedings in Engineering Sciences,,https://www.scopus.com/inward/record.uri?partnerID=HzOxMe3b&scp=85175043961&origin=inward,https://www.scopus.com/inward/citedby.uri?partnerID=HzOxMe3b&scp=85175043961&origin=inward,,2026-04-12 18:32:41,Article,10.1007/s12046-023-02292-z,02562499,https://api.elsevier.com/content/abstract/scopus_id/85175043961,48,4,,,,4.5,9.0,1,2,,,,85175043961,2-s2.0-85175043961
7,Mitra U.,Parameter Estimation of Proton Exchange Membrane Fuel Cell Model Using Chaotic Embedded Particle Swarm Optimization Technique,2023,SN Computer Science,,https://www.scopus.com/inward/record.uri?partnerID=HzOxMe3b&scp=85163049443&origin=inward,https://www.scopus.com/inward/citedby.uri?partnerID=HzOxMe3b&scp=85163049443&origin=inward,,2026-04-12 18:32:41,Article,10.1007/s42979-023-01957-0,2662995X,https://api.elsevier.com/content/abstract/scopus_id/85163049443,4,5,,,,3.5,7.0,1,2,,,,85163049443,2-s2.0-85163049443
16,Uvaneshwari M.,Computer-Aided Diagnosis Model Using Machine Learning for Brain Tumor Detection and Classification,2023,Computer Systems Science and Engineering,,https://www.scopus.com/inward/record.uri?partnerID=HzOxMe3b&scp=85148219525&origin=inward,https://www.scopus.com/inward/citedby.uri?partnerID=HzOxMe3b&scp=85148219525&origin=inward,,2026-04-12 18:32:41,Article,10.32604/csse.2023.035455,02676192,https://api.elsevier.com/content/abstract/scopus_id/85148219525,46,2,,,,8.0,16.0,1,2,,,,85148219525,2-s2.0-85148219525
6,Miao Y.,Design of agricultural product cold chain transportation monitoring system based on Internet of Things technology,2023,Proceedings of the Indian National Science Academy,,https://www.scopus.com/inward/record.uri?partnerID=HzOxMe3b&scp=85148066494&origin=inward,https://www.scopus.com/inward/citedby.uri?partnerID=HzOxMe3b&scp=85148066494&origin=inward,,2026-04-12 18:32:41,Article,10.1007/s43538-023-00156-y,03700046,https://api.elsevier.com/content/abstract/scopus_id/85148066494,89,1,,,,3.0,6.0,1,2,,,,85148066494,2-s2.0-85148066494
56,Alqahtani N.,Deep Belief Networks (DBN) with IoT-Based Alzheimer’s Disease Detection and Classification,2023,Applied Sciences Switzerland,,https://www.scopus.com/inward/record.uri?partnerID=HzOxMe3b&scp=85164780409&origin=inward,https://www.scopus.com/inward/citedby.uri?partnerID=HzOxMe3b&scp=85164780409&origin=inward,,2026-04-12 18:32:41,Article,10.3390/app13137833,,https://api.elsevier.com/content/abstract/scopus_id/85164780409,13,13,,,,28.0,56.0,1,2,,,,85164780409,2-s2.0-85164780409
20,Rivera-Pérez J.M.,"Effect of mining on the EPT (Ephemeroptera, Plecoptera and Trichoptera) assemblage of Amazonian streams based on their environmental specificity",2023,Hydrobiologia,,https://www.scopus.com/inward/record.uri?partnerID=HzOxMe3b&scp=85144201854&origin=inward,https://www.scopus.com/inward/citedby.uri?partnerID=HzOxMe3b&scp=85144201854&origin=inward,,2026-04-12 18:32:41,Article,10.1007/s10750-022-05111-4,00188158,https://api.elsevier.com/content/abstract/scopus_id/85144201854,850,3,,,,10.0,20.0,1,2,,,,85144201854,2-s2.0-85144201854
36,Goh Q.H.,Modelling and multi-objective optimisation of sustainable solar-biomass-based hydrogen and electricity co-supply hub using metaheuristic-TOPSIS approach,2023,Energy Conversion and Management,,https://www.scopus.com/inward/record.uri?partnerID=HzOxMe3b&scp=85174925379&origin=inward,https://www.scopus.com/inward/citedby.uri?partnerID=HzOxMe3b&scp=85174925379&origin=inward,,2026-04-12 18:32:41,Article,10.1016/j.enconman.2023.117484,01968904,https://api.elsevier.com/content/abstract/scopus_id/85174925379,293,,,,,18.0,36.0,1,2,,,,85174925379,2-s2.0-85174925379
42,Palaniswamy T.,Internet of Things and Deep Learning Enabled Diabetic Retinopathy Diagnosis Using Retinal Fundus Images,2023,IEEE Access,,https://www.scopus.com/inward/record.uri?partnerID=HzOxMe3b&scp=85151341728&origin=inward,https://www.scopus.com/inward/citedby.uri?partnerID=HzOxMe3b&scp=85151341728&origin=inward,,2026-04-12 18:32:41,Article,10.1109/ACCESS.2023.3257988,,https://api.elsevier.com/content/abstract/scopus_id/85151341728,11,,,,,21.0,42.0,1,2,,,,85151341728,2-s2.0-85151341728
2,Barreiros N.M.,"Beta diversity of Ephemeroptera, Plecoptera and Trichoptera on multiples spatial extents in Xingu River rapids",2023,Acta Limnologica Brasiliensia,,https://www.scopus.com/inward/record.uri?partnerID=HzOxMe3b&scp=85174897209&origin=inward,https://www.scopus.com/inward/citedby.uri?partnerID=HzOxMe3b&scp=85174897209&origin=inward,,2026-04-12 18:32:41,Article,10.1590/S2179-975X2923,01026712,https://api.elsevier.com/content/abstract/scopus_id/85174897209,35,,,,,1.0,2.0,1,2,,,,85174897209,2-s2.0-85174897209
5,Khurana L.,Toxic Effects Associated With Neonicotinoid Exposure on Non-target Organisms: A Review,2023,Toxicology International,,https://www.scopus.com/inward/record.uri?partnerID=HzOxMe3b&scp=85160431234&origin=inward,https://www.scopus.com/inward/citedby.uri?partnerID=HzOxMe3b&scp=85160431234&origin=inward,,2026-04-12 18:32:41,Review,10.18311/ti/2023/v30i1/30246,09716580,https://api.elsevier.com/content/abstract/scopus_id/85160431234,30,1,,,,2.5,5.0,1,2,,,,85160431234,2-s2.0-85160431234
4,Öztürk S.,Seasonal distribution of Ephemeroptera (Insecta) of the Kızılırmak Basin with evaluation of the water quality based on physicochemical parameters and benthic metrics,2023,Biologia,,https://www.scopus.com/inward/record.uri?partnerID=HzOxMe3b&scp=85141517825&origin=inward,https://www.scopus.com/inward/citedby.uri?partnerID=HzOxMe3b&scp=85141517825&origin=inward,,2026-04-12 18:32:41,Article,10.1007/s11756-022-01250-0,00063088,https://api.elsevier.com/content/abstract/scopus_id/85141517825,78,2,,,,2.0,4.0,1,2,,,,85141517825,2-s2.0-85141517825
45,Adnan R.M.,Application of novel binary optimized machine learning models for monthly streamflow prediction,2023,Applied Water Science,,https://www.scopus.com/inward/record.uri?partnerID=HzOxMe3b&scp=85152764547&origin=inward,https://www.scopus.com/inward/citedby.uri?partnerID=HzOxMe3b&scp=85152764547&origin=inward,,2026-04-12 18:32:41,Article,10.1007/s13201-023-01913-6,21905487,https://api.elsevier.com/content/abstract/scopus_id/85152764547,13,5,,,,22.5,45.0,1,2,,,,85152764547,2-s2.0-85152764547
9,Bespalaya Y.V.,An exploration of the hidden endosymbionts of Corbicula in the native range,2023,Ecology,,https://www.scopus.com/inward/record.uri?partnerID=HzOxMe3b&scp=85139053506&origin=inward,https://www.scopus.com/inward/citedby.uri?partnerID=HzOxMe3b&scp=85139053506&origin=inward,,2026-04-12 18:32:41,Note,10.1002/ecy.3836,00129658,https://api.elsevier.com/content/abstract/scopus_id/85139053506,104,1,,,,4.5,9.0,1,2,,,,85139053506,2-s2.0-85139053506
1,Farr A.,"The genome sequence of the Large Brook Dun, Ecdyonurus torrentis (Kimmins, 1942)",2023,Wellcome Open Research,,https://www.scopus.com/inward/record.uri?partnerID=HzOxMe3b&scp=85181696967&origin=inward,https://www.scopus.com/inward/citedby.uri?partnerID=HzOxMe3b&scp=85181696967&origin=inward,,2026-04-12 18:32:41,Article,10.12688/wellcomeopenres.20149.1,,https://api.elsevier.com/content/abstract/scopus_id/85181696967,8,,,,,0.5,1.0,1,2,,,,85181696967,2-s2.0-85181696967
24,Gillmann S.M.,Habitat development and species arrival drive succession of the benthic invertebrate community in restored urban streams,2023,Environmental Sciences Europe,,https://www.scopus.com/inward/record.uri?partnerID=HzOxMe3b&scp=85162961826&origin=inward,https://www.scopus.com/inward/citedby.uri?partnerID=HzOxMe3b&scp=85162961826&origin=inward,,2026-04-12 18:32:41,Article,10.1186/s12302-023-00756-x,21904707,https://api.elsevier.com/content/abstract/scopus_id/85162961826,35,1,,,,12.0,24.0,1,2,,,,85162961826,2-s2.0-85162961826
1,Rahim A.M.,"A Note on Diversity of Aquatic Insects in Rivers of Royal Belum State Park, Perak",2023,Journal of Tropical Resources and Sustainable Science,,https://www.scopus.com/inward/record.uri?partnerID=HzOxMe3b&scp=105004447879&origin=inward,https://www.scopus.com/inward/citedby.uri?partnerID=HzOxMe3b&scp=105004447879&origin=inward,,2026-04-12 18:32:41,Article,10.47253/jtrss.v11i1.1099,22893946,https://api.elsevier.com/content/abstract/scopus_id/105004447879,11,1,,,,0.5,1.0,1,2,,,,105004447879,2-s2.0-105004447879
0,Hankel G.E.,"Structure, biomass, and secondary production of benthic macroinvertebrates in subtropical Andean rivers",2023,Anais Da Academia Brasileira De Ciencias,,https://www.scopus.com/inward/record.uri?partnerID=HzOxMe3b&scp=85159966469&origin=inward,https://www.scopus.com/inward/citedby.uri?partnerID=HzOxMe3b&scp=85159966469&origin=inward,,2026-04-12 18:32:41,Article,10.1590/0001-3765202320220095,00013765,https://api.elsevier.com/content/abstract/scopus_id/85159966469,95,1,,,,0.0,0.0,1,2,,,,85159966469,2-s2.0-85159966469
13,Niedrist G.H.,Disproportional vulnerability of mountain aquatic invertebrates to climate change effects,2023,Arctic Antarctic and Alpine Research,,https://www.scopus.com/inward/record.uri?partnerID=HzOxMe3b&scp=85150646349&origin=inward,https://www.scopus.com/inward/citedby.uri?partnerID=HzOxMe3b&scp=85150646349&origin=inward,,2026-04-12 18:32:41,Article,10.1080/15230430.2023.2181298,15230430,https://api.elsevier.com/content/abstract/scopus_id/85150646349,55,1,,,,6.5,13.0,1,2,,,,85150646349,2-s2.0-85150646349
8,Benjamin J.M.,"Longitudinal patterns of abundance, diversity and functional feeding guilds of benthic communities in East African tropical high-altitude streams",2023,African Journal of Ecology,,https://www.scopus.com/inward/record.uri?partnerID=HzOxMe3b&scp=85161433780&origin=inward,https://www.scopus.com/inward/citedby.uri?partnerID=HzOxMe3b&scp=85161433780&origin=inward,,2026-04-12 18:32:41,Article,10.1111/aje.13177,01416707,https://api.elsevier.com/content/abstract/scopus_id/85161433780,61,4,,,,4.0,8.0,1,2,,,,85161433780,2-s2.0-85161433780
0,Kubendran T.,"Redescription of Baetis simplex Kapur and Kripalani, 1961 (Baetidae: Ephemeroptera) from Himalayan regions of India",2023,Journal of Entomological Research,,https://www.scopus.com/inward/record.uri?partnerID=HzOxMe3b&scp=85186555973&origin=inward,https://www.scopus.com/inward/citedby.uri?partnerID=HzOxMe3b&scp=85186555973&origin=inward,,2026-04-12 18:32:41,Article,10.5958/0974-4576.2023.00192.5,03789519,https://api.elsevier.com/content/abstract/scopus_id/85186555973,47,,,,,0.0,0.0,1,2,,,,85186555973,2-s2.0-85186555973
5,Das B.K.,"Altitudinal and seasonal distribution of benthic macroinvertebrates in River Tons — a tributary of Yamuna River, Uttarakhand, India",2023,Environmental Monitoring and Assessment,,https://www.scopus.com/inward/record.uri?partnerID=HzOxMe3b&scp=85163599159&origin=inward,https://www.scopus.com/inward/citedby.uri?partnerID=HzOxMe3b&scp=85163599159&origin=inward,,2026-04-12 18:32:41,Article,10.1007/s10661-023-11488-z,01676369,https://api.elsevier.com/content/abstract/scopus_id/85163599159,195,7,,,,2.5,5.0,1,2,,,,85163599159,2-s2.0-85163599159
5,Ndatimana G.,Development of lake macroinvertebrate-based multimetric index for monitoring ecological health in North Central Nigeria,2023,Environmental Monitoring and Assessment,,https://www.scopus.com/inward/record.uri?partnerID=HzOxMe3b&scp=85175949902&origin=inward,https://www.scopus.com/inward/citedby.uri?partnerID=HzOxMe3b&scp=85175949902&origin=inward,,2026-04-12 18:32:41,Article,10.1007/s10661-023-12036-5,01676369,https://api.elsevier.com/content/abstract/scopus_id/85175949902,195,12,,,,2.5,5.0,1,2,,,,85175949902,2-s2.0-85175949902
1,Sharma J.,Taxonomic Diversity and Biological Water Quality Assessment of Rivers Bhagirathi and Yamuna at Gangotri and Yamunotri Using Benthic Macroinvertebrates,2023,Proceedings of the Zoological Society,,https://www.scopus.com/inward/record.uri?partnerID=HzOxMe3b&scp=85153110815&origin=inward,https://www.scopus.com/inward/citedby.uri?partnerID=HzOxMe3b&scp=85153110815&origin=inward,,2026-04-12 18:32:41,Article,10.1007/s12595-023-00474-5,03735893,https://api.elsevier.com/content/abstract/scopus_id/85153110815,76,3,,,,0.5,1.0,1,2,,,,85153110815,2-s2.0-85153110815
0,Mariano R.,"The identity of Thraulodes limbatus Navás, 1936 (Ephemeroptera: Leptophlebiidae)",2023,Zootaxa,,https://www.scopus.com/inward/record.uri?partnerID=HzOxMe3b&scp=85165483706&origin=inward,https://www.scopus.com/inward/citedby.uri?partnerID=HzOxMe3b&scp=85165483706&origin=inward,,2026-04-12 18:32:41,Letter,10.11646/zootaxa.5315.5.4,11755326,https://api.elsevier.com/content/abstract/scopus_id/85165483706,5315,5,,,,0.0,0.0,1,2,,,,85165483706,2-s2.0-85165483706
3,Park J.,"Taxonomic Composition and Dominant Structure of the Macrozoobenthos in the Maritsa River and Some Tributaries, South Bulgaria",2023,Acta Zoologica Bulgarica,,https://www.scopus.com/inward/record.uri?partnerID=HzOxMe3b&scp=85140579584&origin=inward,https://www.scopus.com/inward/citedby.uri?partnerID=HzOxMe3b&scp=85140579584&origin=inward,,2026-04-12 18:32:41,Article,,03240770,https://api.elsevier.com/content/abstract/scopus_id/85140579584,2023,,,,,1.5,3.0,1,2,,,,85140579584,2-s2.0-85140579584
0,Velásquez-Rodríguez K.,DNA Barcode of symbiotic chironomids: Findings in the genus Symbiocladius (Diptera: Chironomidae),2023,Zootaxa,,https://www.scopus.com/inward/record.uri?partnerID=HzOxMe3b&scp=85165922214&origin=inward,https://www.scopus.com/inward/citedby.uri?partnerID=HzOxMe3b&scp=85165922214&origin=inward,,2026-04-12 18:32:41,Article,10.11646/zootaxa.5319.1.3,11755326,https://api.elsevier.com/content/abstract/scopus_id/85165922214,5319,1,,,,0.0,0.0,1,2,,,,85165922214,2-s2.0-85165922214
0,Kamke K.L.,"NEW MISSOURI STATE RECORD FOR ACENTRELLA NADINEAE MCCAFFERTY, WALTZ & WEBB 2009 (EPHEMEROPTERA: BAETIDAE) BASED ON LARVAL IDENTIFICATION FROM A WADEABLE STREAM",2023,Entomological News,,https://www.scopus.com/inward/record.uri?partnerID=HzOxMe3b&scp=85189702777&origin=inward,https://www.scopus.com/inward/citedby.uri?partnerID=HzOxMe3b&scp=85189702777&origin=inward,,2026-04-12 18:32:41,Article,10.3157/021.130.0503,0013872X,https://api.elsevier.com/content/abstract/scopus_id/85189702777,130,5,,,,0.0,0.0,1,2,,,,85189702777,2-s2.0-85189702777
7,Atanda O.G.,Statistical Analysis of a Deep Learning Based Trimodal Biometric System Using Paired Sampling T-Test,2023,2023 International Conference on Science Engineering and Business for Sustainable Development Goals Seb Sdg 2023,,https://www.scopus.com/inward/record.uri?partnerID=HzOxMe3b&scp=85161394249&origin=inward,https://www.scopus.com/inward/citedby.uri?partnerID=HzOxMe3b&scp=85161394249&origin=inward,,2026-04-12 18:32:41,Conference Paper,10.1109/SEB-SDG57117.2023.10124624,,https://api.elsevier.com/content/abstract/scopus_id/85161394249,,,,,,3.5,7.0,1,2,,,,85161394249,2-s2.0-85161394249
17,Grigoropoulou A.,The global EPTO database: Worldwide occurrences of aquatic insects,2023,Global Ecology and Biogeography,,https://www.scopus.com/inward/record.uri?partnerID=HzOxMe3b&scp=85150987064&origin=inward,https://www.scopus.com/inward/citedby.uri?partnerID=HzOxMe3b&scp=85150987064&origin=inward,,2026-04-12 18:32:41,Article,10.1111/geb.13648,1466822X,https://api.elsevier.com/content/abstract/scopus_id/85150987064,32,5,,,,8.5,17.0,1,2,,,,85150987064,2-s2.0-85150987064
3,Srinivasan P.,"Contribution to the knowledge of family Caenidae (Insecta: Ephemeroptera) from Madurai District, Tamil Nadu",2023,Zootaxa,,https://www.scopus.com/inward/record.uri?partnerID=HzOxMe3b&scp=85152324446&origin=inward,https://www.scopus.com/inward/citedby.uri?partnerID=HzOxMe3b&scp=85152324446&origin=inward,,2026-04-12 18:32:41,Article,10.11646/zootaxa.5258.1.2,11755326,https://api.elsevier.com/content/abstract/scopus_id/85152324446,5258,1,,,,1.5,3.0,1,2,,,,85152324446,2-s2.0-85152324446
2,An C.H.,"Complete mitochondrial genome of Macromia manchurica Asahina, 1964 (Odonata: Macromiidae)",2023,Mitochondrial DNA Part B Resources,,https://www.scopus.com/inward/record.uri?partnerID=HzOxMe3b&scp=85145487379&origin=inward,https://www.scopus.com/inward/citedby.uri?partnerID=HzOxMe3b&scp=85145487379&origin=inward,,2026-04-12 18:32:41,Article,10.1080/23802359.2022.2157197,,https://api.elsevier.com/content/abstract/scopus_id/85145487379,8,1,,,,1.0,2.0,1,2,,,,85145487379,2-s2.0-85145487379
7,Mobasher A.,Ecological indicators for qualitative assessment of Ojarud River: A case study,2023,Ecology and Evolution,,https://www.scopus.com/inward/record.uri?partnerID=HzOxMe3b&scp=85165485246&origin=inward,https://www.scopus.com/inward/citedby.uri?partnerID=HzOxMe3b&scp=85165485246&origin=inward,,2026-04-12 18:32:41,Article,10.1002/ece3.10310,,https://api.elsevier.com/content/abstract/scopus_id/85165485246,13,7,,,,3.5,7.0,1,2,,,,85165485246,2-s2.0-85165485246
0,Kirjusina M.,COMMON FRESHWATER FISH NEMATODES IN LATVIA,2023,Acta Biologica Universitatis Daugavpiliensis,,https://www.scopus.com/inward/record.uri?partnerID=HzOxMe3b&scp=85189992604&origin=inward,https://www.scopus.com/inward/citedby.uri?partnerID=HzOxMe3b&scp=85189992604&origin=inward,,2026-04-12 18:32:41,Article,10.59893/abud.23(2).006,14078953,https://api.elsevier.com/content/abstract/scopus_id/85189992604,23,2,,,,0.0,0.0,1,2,,,,85189992604,2-s2.0-85189992604
2,Leal T.B.,"The drift effect on nestedness of ephemeroptera, trichoptera and plecoptera orders in the Xingu River",2023,Biota Neotropica,,https://www.scopus.com/inward/record.uri?partnerID=HzOxMe3b&scp=85153520156&origin=inward,https://www.scopus.com/inward/citedby.uri?partnerID=HzOxMe3b&scp=85153520156&origin=inward,,2026-04-12 18:32:41,Article,10.1590/1676-0611-BN-2022-1354,16786424,https://api.elsevier.com/content/abstract/scopus_id/85153520156,23,1,,,,1.0,2.0,1,2,,,,85153520156,2-s2.0-85153520156
1,Marino A.,"A little story about river pollution, predation, and leg regeneration in Serratella ignita (Poda, 1761) (Ephemeroptera: Ephemerellidae)",2023,Aquatic Insects,,https://www.scopus.com/inward/record.uri?partnerID=HzOxMe3b&scp=85161440647&origin=inward,https://www.scopus.com/inward/citedby.uri?partnerID=HzOxMe3b&scp=85161440647&origin=inward,,2026-04-12 18:32:41,Article,10.1080/01650424.2023.2211972,01650424,https://api.elsevier.com/content/abstract/scopus_id/85161440647,44,4,,,,0.5,1.0,1,2,,,,85161440647,2-s2.0-85161440647
1,Calor A.R.,"Prof. Dr. Claudio Gilberto Froehlich, a naturalistic legacy overcoming the biodiversity knowledge shortfalls",2023,Revista Brasileira De Entomologia,,https://www.scopus.com/inward/record.uri?partnerID=HzOxMe3b&scp=85195779945&origin=inward,https://www.scopus.com/inward/citedby.uri?partnerID=HzOxMe3b&scp=85195779945&origin=inward,,2026-04-12 18:32:41,Article,10.1590/1806-9665-RBENT-2023-0107,00855626,https://api.elsevier.com/content/abstract/scopus_id/85195779945,67,spe,,,,0.5,1.0,1,2,,,,85195779945,2-s2.0-85195779945
6,Fadel A.,The functional relationship between aquatic insects and cyanobacteria: A systematic literature review reveals major knowledge gaps,2023,Total Environment Research Themes,,https://www.scopus.com/inward/record.uri?partnerID=HzOxMe3b&scp=85170657862&origin=inward,https://www.scopus.com/inward/citedby.uri?partnerID=HzOxMe3b&scp=85170657862&origin=inward,,2026-04-12 18:32:41,Article,10.1016/j.totert.2023.100078,,https://api.elsevier.com/content/abstract/scopus_id/85170657862,8,,,,,3.0,6.0,1,2,,,,85170657862,2-s2.0-85170657862
0,Ganguly A.,"Taxonomic inventory of the edible insects of India, a review of the current situation and future perspectives",2023,Journal of Insects as Food and Feed,,https://www.scopus.com/inward/record.uri?partnerID=HzOxMe3b&scp=85187670335&origin=inward,https://www.scopus.com/inward/citedby.uri?partnerID=HzOxMe3b&scp=85187670335&origin=inward,,2026-04-12 18:32:41,Review,10.1163/23524588-20230115,,https://api.elsevier.com/content/abstract/scopus_id/85187670335,10,3,,,,0.0,0.0,1,2,,,,85187670335,2-s2.0-85187670335
2,Tamaris-Turizo C.E.,Diversity of Aquatic Macroinvertebrates Along Altitudinal Gradients in Colombia,2023,Neotropical Gradients and their Analysis,,https://www.scopus.com/inward/record.uri?partnerID=HzOxMe3b&scp=85171005151&origin=inward,https://www.scopus.com/inward/citedby.uri?partnerID=HzOxMe3b&scp=85171005151&origin=inward,,2026-04-12 18:32:41,Book Chapter,10.1007/978-3-031-22848-3_5,,https://api.elsevier.com/content/abstract/scopus_id/85171005151,,,,,,1.0,2.0,1,2,,,,85171005151,2-s2.0-85171005151
0,Sukumaran S.,"Effect of water quality on macrobenthic fauna in Achenkovil River, Southern-Western Ghats, Kerala, India",2023,Acta Limnologica Brasiliensia,,https://www.scopus.com/inward/record.uri?partnerID=HzOxMe3b&scp=85178299742&origin=inward,https://www.scopus.com/inward/citedby.uri?partnerID=HzOxMe3b&scp=85178299742&origin=inward,,2026-04-12 18:32:41,Article,10.1590/S2179-975X1623,01026712,https://api.elsevier.com/content/abstract/scopus_id/85178299742,35,,,,,0.0,0.0,1,2,,,,85178299742,2-s2.0-85178299742
2,Isack R.,"A new species of Thraulus Eaton, 1881 (Ephemeroptera: Leptophlebiidae) from the Western Ghats, South India",2023,Aquatic Insects,,https://www.scopus.com/inward/record.uri?partnerID=HzOxMe3b&scp=85134404272&origin=inward,https://www.scopus.com/inward/citedby.uri?partnerID=HzOxMe3b&scp=85134404272&origin=inward,,2026-04-12 18:32:41,Article,10.1080/01650424.2022.2096241,01650424,https://api.elsevier.com/content/abstract/scopus_id/85134404272,44,2,,,,1.0,2.0,1,2,,,,85134404272,2-s2.0-85134404272
2,Torres-Cambas Y.,A database of freshwater macroinvertebrate occurrence records across Cuba,2023,Scientific Data,,https://www.scopus.com/inward/record.uri?partnerID=HzOxMe3b&scp=85150939930&origin=inward,https://www.scopus.com/inward/citedby.uri?partnerID=HzOxMe3b&scp=85150939930&origin=inward,,2026-04-12 18:32:41,Data Paper,10.1038/s41597-023-02088-0,,https://api.elsevier.com/content/abstract/scopus_id/85150939930,10,1,,,,1.0,2.0,1,2,,,,85150939930,2-s2.0-85150939930
14,Santos J.V.A.d.S.,Assessing physical habitat structure and biological condition in eastern Amazonia stream sites,2023,Water Biology and Security,,https://www.scopus.com/inward/record.uri?partnerID=HzOxMe3b&scp=85146128480&origin=inward,https://www.scopus.com/inward/citedby.uri?partnerID=HzOxMe3b&scp=85146128480&origin=inward,,2026-04-12 18:32:41,Article,10.1016/j.watbs.2022.100132,,https://api.elsevier.com/content/abstract/scopus_id/85146128480,2,2,,,,7.0,14.0,1,2,,,,85146128480,2-s2.0-85146128480
8,Jeyanthi S.,Utilising recurrent neural network technique for predicting strand settlement on brittle sand and geocell,2023,International Journal of Intelligent Engineering Informatics,,https://www.scopus.com/inward/record.uri?partnerID=HzOxMe3b&scp=85176808845&origin=inward,https://www.scopus.com/inward/citedby.uri?partnerID=HzOxMe3b&scp=85176808845&origin=inward,,2026-04-12 18:32:41,Article,10.1504/IJIEI.2023.132699,17588715,https://api.elsevier.com/content/abstract/scopus_id/85176808845,11,2,,,,4.0,8.0,1,2,,,,85176808845,2-s2.0-85176808845
2,Rogers S.L.,"DNA metabarcoding reveals rangewide variation in aquatic diet of a riparian avian insectivore, the Prothonotary Warbler",2023,Ornithology,,https://www.scopus.com/inward/record.uri?partnerID=HzOxMe3b&scp=85191812814&origin=inward,https://www.scopus.com/inward/citedby.uri?partnerID=HzOxMe3b&scp=85191812814&origin=inward,,2026-04-12 18:32:41,Article,10.1093/ornithology/ukad031,00048038,https://api.elsevier.com/content/abstract/scopus_id/85191812814,140,4,,,,1.0,2.0,1,2,,,,85191812814,2-s2.0-85191812814
2,Atwell A.K.,Correlations of Catchment Landscape Features with Instream Environmental Conditions and Benthic Macroinvertebrate Assemblages in the Lookout Creek System (Tennessee River drainage),2023,Southeastern Naturalist,,https://www.scopus.com/inward/record.uri?partnerID=HzOxMe3b&scp=85181872484&origin=inward,https://www.scopus.com/inward/citedby.uri?partnerID=HzOxMe3b&scp=85181872484&origin=inward,,2026-04-12 18:32:41,Article,10.1656/058.022.0401,15287092,https://api.elsevier.com/content/abstract/scopus_id/85181872484,22,4,,,,1.0,2.0,1,2,,,,85181872484,2-s2.0-85181872484
3,Bourlat S.J.,Metabarcoding dietary analysis in the insectivorous bat Nyctalus leisleri and implications for conservation,2023,Biodiversity Data Journal,,https://www.scopus.com/inward/record.uri?partnerID=HzOxMe3b&scp=85178393964&origin=inward,https://www.scopus.com/inward/citedby.uri?partnerID=HzOxMe3b&scp=85178393964&origin=inward,,2026-04-12 18:32:41,Article,10.3897/BDJ.11.E111146,,https://api.elsevier.com/content/abstract/scopus_id/85178393964,11,,,,,1.5,3.0,1,2,,,,85178393964,2-s2.0-85178393964
4,Shahady T.,End-Point Predictors of Water Quality in Tropical Rivers,2023,Pollutants,,https://www.scopus.com/inward/record.uri?partnerID=HzOxMe3b&scp=105004351940&origin=inward,https://www.scopus.com/inward/citedby.uri?partnerID=HzOxMe3b&scp=105004351940&origin=inward,,2026-04-12 18:32:41,Article,10.3390/pollutants3040032,,https://api.elsevier.com/content/abstract/scopus_id/105004351940,3,4,,,,2.0,4.0,1,2,,,,105004351940,2-s2.0-105004351940
1,Srinivasan P.,"First record of the nominotypical subgenus Acentrella Bengtsson, 1912 (Ephemeroptera: Baetidae) from India with description of a new species",2023,Aquatic Insects,,https://www.scopus.com/inward/record.uri?partnerID=HzOxMe3b&scp=85147277903&origin=inward,https://www.scopus.com/inward/citedby.uri?partnerID=HzOxMe3b&scp=85147277903&origin=inward,,2026-04-12 18:32:41,Article,10.1080/01650424.2022.2152463,01650424,https://api.elsevier.com/content/abstract/scopus_id/85147277903,44,3,,,,0.5,1.0,1,2,,,,85147277903,2-s2.0-85147277903
5,Mooney T.J.,Seasonal responses of macroinvertebrate assemblages to magnesium in a seasonally flowing stream,2023,Environmental Pollution,,https://www.scopus.com/inward/record.uri?partnerID=HzOxMe3b&scp=85142161860&origin=inward,https://www.scopus.com/inward/citedby.uri?partnerID=HzOxMe3b&scp=85142161860&origin=inward,,2026-04-12 18:32:41,Article,10.1016/j.envpol.2022.120586,02697491,https://api.elsevier.com/content/abstract/scopus_id/85142161860,316,,,,,2.5,5.0,1,2,,,,85142161860,2-s2.0-85142161860
3,Hachi T.,Assessment and relationship between organic pollution parameters and aquatic bio-indicators (Wadi Tighza. Morocco),2023,Materials Today Proceedings,,https://www.scopus.com/inward/record.uri?partnerID=HzOxMe3b&scp=85139331449&origin=inward,https://www.scopus.com/inward/citedby.uri?partnerID=HzOxMe3b&scp=85139331449&origin=inward,,2026-04-12 18:32:41,Conference Paper,10.1016/j.matpr.2022.09.511,,https://api.elsevier.com/content/abstract/scopus_id/85139331449,72,,,,,1.5,3.0,1,2,,,,85139331449,2-s2.0-85139331449
32,Kefford B.J.,The cumulative impacts of anthropogenic stressors vary markedly along environmental gradients,2023,Global Change Biology,,https://www.scopus.com/inward/record.uri?partnerID=HzOxMe3b&scp=85138707906&origin=inward,https://www.scopus.com/inward/citedby.uri?partnerID=HzOxMe3b&scp=85138707906&origin=inward,,2026-04-12 18:32:41,Article,10.1111/gcb.16435,13541013,https://api.elsevier.com/content/abstract/scopus_id/85138707906,29,3,,,,16.0,32.0,1,2,,,,85138707906,2-s2.0-85138707906
1,Mercan D.,"Investigation of the effects of some environmental variables on the zoobenthic community structure: The case of Porsuk Stream (Sakarya River, Türkiye)",2023,Aquatic Research,,https://www.scopus.com/inward/record.uri?partnerID=HzOxMe3b&scp=105023124869&origin=inward,https://www.scopus.com/inward/citedby.uri?partnerID=HzOxMe3b&scp=105023124869&origin=inward,,2026-04-12 18:32:41,Article,10.3153/AR23006,,https://api.elsevier.com/content/abstract/scopus_id/105023124869,6,1,,,,0.5,1.0,1,2,,,,105023124869,2-s2.0-105023124869
3,Kazila E.,Comparison of quantitative and semi-quantitative sampling methodologies for biomonitoring of Mediterranean streams using benthic macroinvertebrates: a case study from Greece,2023,Environmental Monitoring and Assessment,,https://www.scopus.com/inward/record.uri?partnerID=HzOxMe3b&scp=85141042992&origin=inward,https://www.scopus.com/inward/citedby.uri?partnerID=HzOxMe3b&scp=85141042992&origin=inward,,2026-04-12 18:32:41,Article,10.1007/s10661-022-10620-9,01676369,https://api.elsevier.com/content/abstract/scopus_id/85141042992,195,1,,,,1.5,3.0,1,2,,,,85141042992,2-s2.0-85141042992
3,Bućan D.,Circadian (re)colonisation dynamics of macroinvertebrates in an isolated karst spring,2023,Science Progress,,https://www.scopus.com/inward/record.uri?partnerID=HzOxMe3b&scp=85152283200&origin=inward,https://www.scopus.com/inward/citedby.uri?partnerID=HzOxMe3b&scp=85152283200&origin=inward,,2026-04-12 18:32:41,Article,10.1177/00368504231166956,00368504,https://api.elsevier.com/content/abstract/scopus_id/85152283200,106,2,,,,1.5,3.0,1,2,,,,85152283200,2-s2.0-85152283200
2,Cox T.L.,Diet composition and resource overlap of sympatric native and introduced salmonids across neighboring streams during a peak discharge event,2023,Plos One,,https://www.scopus.com/inward/record.uri?partnerID=HzOxMe3b&scp=85147048427&origin=inward,https://www.scopus.com/inward/citedby.uri?partnerID=HzOxMe3b&scp=85147048427&origin=inward,,2026-04-12 18:32:41,Article,10.1371/journal.pone.0280833,,https://api.elsevier.com/content/abstract/scopus_id/85147048427,18,1 January,,,,1.0,2.0,1,2,,,,85147048427,2-s2.0-85147048427
0,Benfield S.B.,"Assessment of Lotic Macroinvertebrate Assemblage in the Oconaluftee River Basin in Cherokee, North Carolina",2023,Aquatic Sciences and Engineering,,https://www.scopus.com/inward/record.uri?partnerID=HzOxMe3b&scp=85175705039&origin=inward,https://www.scopus.com/inward/citedby.uri?partnerID=HzOxMe3b&scp=85175705039&origin=inward,,2026-04-12 18:32:41,Article,10.26650/ASE20231285476,,https://api.elsevier.com/content/abstract/scopus_id/85175705039,38,4,,,,0.0,0.0,1,2,,,,85175705039,2-s2.0-85175705039
2,Romero Tobias S.,Comprehensive analysis of water quality in the middle and lower basin of the Marquesote River Colombian,2023,Data and Metadata,,https://www.scopus.com/inward/record.uri?partnerID=HzOxMe3b&scp=85170069981&origin=inward,https://www.scopus.com/inward/citedby.uri?partnerID=HzOxMe3b&scp=85170069981&origin=inward,,2026-04-12 18:32:41,Article,10.56294/dm202354,,https://api.elsevier.com/content/abstract/scopus_id/85170069981,2,,,,,1.0,2.0,1,2,,,,85170069981,2-s2.0-85170069981
4,Li Y.,"Community characteristics of macroinvertebrates and ecosystem health assessment in Qin River, a main tributary of the Yellow River in China",2023,Environmental Science and Pollution Research,,https://www.scopus.com/inward/record.uri?partnerID=HzOxMe3b&scp=85149972887&origin=inward,https://www.scopus.com/inward/citedby.uri?partnerID=HzOxMe3b&scp=85149972887&origin=inward,,2026-04-12 18:32:41,Article,10.1007/s11356-023-26314-9,09441344,https://api.elsevier.com/content/abstract/scopus_id/85149972887,30,19,,,,2.0,4.0,1,2,,,,85149972887,2-s2.0-85149972887
3,De Lima C.R.T.,"Additions and corrections to taxonomy of Apobaetis fiuzai Salles & Lugo-Ortiz, 2002 and Apobaetis kallawaya Nieto, 2006 (Ephemeroptera, Baetidae)",2023,European Journal of Taxonomy,,https://www.scopus.com/inward/record.uri?partnerID=HzOxMe3b&scp=85165374475&origin=inward,https://www.scopus.com/inward/citedby.uri?partnerID=HzOxMe3b&scp=85165374475&origin=inward,,2026-04-12 18:32:41,Article,10.5852/ejt.2023.879.2167,,https://api.elsevier.com/content/abstract/scopus_id/85165374475,879,,,,,1.5,3.0,1,2,,,,85165374475,2-s2.0-85165374475
12,Henrique Monteiro do Amaral P.,Effect of eucalyptus plantations on the taxonomic and functional structure of aquatic insect assemblages in Neotropical springs,2023,Studies on Neotropical Fauna and Environment,,https://www.scopus.com/inward/record.uri?partnerID=HzOxMe3b&scp=85102754948&origin=inward,https://www.scopus.com/inward/citedby.uri?partnerID=HzOxMe3b&scp=85102754948&origin=inward,,2026-04-12 18:32:41,Article,10.1080/01650521.2021.1895512,01650521,https://api.elsevier.com/content/abstract/scopus_id/85102754948,58,1,,,,6.0,12.0,1,2,,,,85102754948,2-s2.0-85102754948
2,Shahvaroughi Farahani M.,A Sparrow Search Algorithm-based Hybrid Meta-Heuristic Algorithm for Population Growth Rate Prediction,2023,Big Data and Computing Visions,,https://www.scopus.com/inward/record.uri?partnerID=HzOxMe3b&scp=105003389108&origin=inward,https://www.scopus.com/inward/citedby.uri?partnerID=HzOxMe3b&scp=105003389108&origin=inward,,2026-04-12 18:32:41,Article,10.22105/bdcv.2024.426714.1170,27834956,https://api.elsevier.com/content/abstract/scopus_id/105003389108,3,4,,,,1.0,2.0,1,2,,,,105003389108,2-s2.0-105003389108
5,Ertaş A.,Biological assessment of Demirci Stream in Gediz River Basin (West Anatolia of Turkey) and comparative performance of benthic macroinvertebrate-based metrics,2023,Biologia,,https://www.scopus.com/inward/record.uri?partnerID=HzOxMe3b&scp=85146804087&origin=inward,https://www.scopus.com/inward/citedby.uri?partnerID=HzOxMe3b&scp=85146804087&origin=inward,,2026-04-12 18:32:41,Article,10.1007/s11756-023-01329-2,00063088,https://api.elsevier.com/content/abstract/scopus_id/85146804087,78,4,,,,2.5,5.0,1,2,,,,85146804087,2-s2.0-85146804087
3,Jayawardana J.M.C.K.,Biomonitoring of pesticides in agricultural river catchments: a case study from two river catchments in tropical Sri Lanka,2023,Aquatic Ecology,,https://www.scopus.com/inward/record.uri?partnerID=HzOxMe3b&scp=85150283086&origin=inward,https://www.scopus.com/inward/citedby.uri?partnerID=HzOxMe3b&scp=85150283086&origin=inward,,2026-04-12 18:32:41,Article,10.1007/s10452-023-10013-1,13862588,https://api.elsevier.com/content/abstract/scopus_id/85150283086,57,2,,,,1.5,3.0,1,2,,,,85150283086,2-s2.0-85150283086
2,Eveleens R.A.,One informs the other: Unionid species at risk and benthic macroinvertebrate community monitoring data are complementary,2023,Facets,,https://www.scopus.com/inward/record.uri?partnerID=HzOxMe3b&scp=85174452642&origin=inward,https://www.scopus.com/inward/citedby.uri?partnerID=HzOxMe3b&scp=85174452642&origin=inward,,2026-04-12 18:32:41,Article,10.1139/facets-2022-0207,,https://api.elsevier.com/content/abstract/scopus_id/85174452642,8,,,,,1.0,2.0,1,2,,,,85174452642,2-s2.0-85174452642
9,Vera E.I.,A Maastrichtian insect assemblage from Patagonia sheds light on arthropod diversity previous to the K/Pg event,2023,Communications Biology,,https://www.scopus.com/inward/record.uri?partnerID=HzOxMe3b&scp=85179358655&origin=inward,https://www.scopus.com/inward/citedby.uri?partnerID=HzOxMe3b&scp=85179358655&origin=inward,,2026-04-12 18:32:41,Article,10.1038/s42003-023-05596-2,,https://api.elsevier.com/content/abstract/scopus_id/85179358655,6,1,,,,4.5,9.0,1,2,,,,85179358655,2-s2.0-85179358655
0,Phillips I.D.,Saskatchewan Condition Assessment of Lotic Ecosystems (SCALE): A multivariate tool for assessing the integrity of Northern Great Plains wadeable rivers and streams,2023,Facets,,https://www.scopus.com/inward/record.uri?partnerID=HzOxMe3b&scp=85153735548&origin=inward,https://www.scopus.com/inward/citedby.uri?partnerID=HzOxMe3b&scp=85153735548&origin=inward,,2026-04-12 18:32:41,Article,10.1139/facets-2022-0158,,https://api.elsevier.com/content/abstract/scopus_id/85153735548,8,1,,,,0.0,0.0,1,2,,,,85153735548,2-s2.0-85153735548
3,Djikanović V.,Diet Analysis of the Amur Sleeper (Perccottus glenii) from the Danube River Drainage Channel (Serbia),2023,Turkish Journal of Fisheries and Aquatic Sciences,,https://www.scopus.com/inward/record.uri?partnerID=HzOxMe3b&scp=85169820152&origin=inward,https://www.scopus.com/inward/citedby.uri?partnerID=HzOxMe3b&scp=85169820152&origin=inward,,2026-04-12 18:32:41,Article,10.4194/TRJFAS22854,13032712,https://api.elsevier.com/content/abstract/scopus_id/85169820152,23,12,,,,1.5,3.0,1,2,,,,85169820152,2-s2.0-85169820152
5,Marulanda-Lopez J.F.,"A new species of Americabaetis (Ephemeroptera: Baetidae) from Itatiaia National Park, Brazil",2023,Zoologia,,https://www.scopus.com/inward/record.uri?partnerID=HzOxMe3b&scp=85184277899&origin=inward,https://www.scopus.com/inward/citedby.uri?partnerID=HzOxMe3b&scp=85184277899&origin=inward,,2026-04-12 18:32:41,Article,10.1590/S1984-4689.V40.E22054,19844670,https://api.elsevier.com/content/abstract/scopus_id/85184277899,40,,,,,2.5,5.0,1,2,,,,85184277899,2-s2.0-85184277899
24,Oester R.,Leaf-associated macroinvertebrate assemblage and leaf litter breakdown in headwater streams depend on local riparian vegetation,2023,Hydrobiologia,,https://www.scopus.com/inward/record.uri?partnerID=HzOxMe3b&scp=85140108650&origin=inward,https://www.scopus.com/inward/citedby.uri?partnerID=HzOxMe3b&scp=85140108650&origin=inward,,2026-04-12 18:32:41,Article,10.1007/s10750-022-05049-7,00188158,https://api.elsevier.com/content/abstract/scopus_id/85140108650,850,15,,,,12.0,24.0,1,2,,,,85140108650,2-s2.0-85140108650
0,Numanović M.D.,"Structure and function of benthic invertebrate assemblages of the Derekarska River (southwestern Serbia, Pester plateau)",2023,Archives of Biological Sciences,,https://www.scopus.com/inward/record.uri?partnerID=HzOxMe3b&scp=85165353710&origin=inward,https://www.scopus.com/inward/citedby.uri?partnerID=HzOxMe3b&scp=85165353710&origin=inward,,2026-04-12 18:32:41,Article,10.2298/ABS230306017N,03544664,https://api.elsevier.com/content/abstract/scopus_id/85165353710,75,2,,,,0.0,0.0,1,2,,,,85165353710,2-s2.0-85165353710
12,Feld C.K.,"Direct and indirect effects of salinisation on riverine biota: a case study from river Wipper, Germany",2023,Hydrobiologia,,https://www.scopus.com/inward/record.uri?partnerID=HzOxMe3b&scp=85158083593&origin=inward,https://www.scopus.com/inward/citedby.uri?partnerID=HzOxMe3b&scp=85158083593&origin=inward,,2026-04-12 18:32:41,Article,10.1007/s10750-023-05229-z,00188158,https://api.elsevier.com/content/abstract/scopus_id/85158083593,850,14,,,,6.0,12.0,1,2,,,,85158083593,2-s2.0-85158083593
0,Batista da Silva R.S.,A Scientometric Analysis of the Use Indices for Water Quality Biomonitoring,2023,Fronteiras,,https://www.scopus.com/inward/record.uri?partnerID=HzOxMe3b&scp=85178079269&origin=inward,https://www.scopus.com/inward/citedby.uri?partnerID=HzOxMe3b&scp=85178079269&origin=inward,,2026-04-12 18:32:41,Article,10.21664/2238-8869.2023V12I3.P12-27,,https://api.elsevier.com/content/abstract/scopus_id/85178079269,12,3,,,,0.0,0.0,1,2,,,,85178079269,2-s2.0-85178079269
10,Calderon M.R.,Anthropogenic impacts on rivers: use of multiple indicators to assess environmental quality status,2023,Hydrobiologia,,https://www.scopus.com/inward/record.uri?partnerID=HzOxMe3b&scp=85143130605&origin=inward,https://www.scopus.com/inward/citedby.uri?partnerID=HzOxMe3b&scp=85143130605&origin=inward,,2026-04-12 18:32:41,Article,10.1007/s10750-022-05090-6,00188158,https://api.elsevier.com/content/abstract/scopus_id/85143130605,850,2,,,,5.0,10.0,1,2,,,,85143130605,2-s2.0-85143130605
12,Huang J.,Effectiveness of landscape indicators for explaining the variability of benthic macro-invertebrates in urban streams,2023,Journal of Environmental Management,,https://www.scopus.com/inward/record.uri?partnerID=HzOxMe3b&scp=85158050323&origin=inward,https://www.scopus.com/inward/citedby.uri?partnerID=HzOxMe3b&scp=85158050323&origin=inward,,2026-04-12 18:32:41,Article,10.1016/j.jenvman.2023.118130,03014797,https://api.elsevier.com/content/abstract/scopus_id/85158050323,342,,,,,6.0,12.0,1,2,,,,85158050323,2-s2.0-85158050323
2,Nukazawa K.,Contrasting adaptive genetic consequences of stream insects under changing climate,2023,Science of the Total Environment,,https://www.scopus.com/inward/record.uri?partnerID=HzOxMe3b&scp=85148333220&origin=inward,https://www.scopus.com/inward/citedby.uri?partnerID=HzOxMe3b&scp=85148333220&origin=inward,,2026-04-12 18:32:41,Article,10.1016/j.scitotenv.2023.162258,00489697,https://api.elsevier.com/content/abstract/scopus_id/85148333220,872,,,,,1.0,2.0,1,2,,,,85148333220,2-s2.0-85148333220
0,Misiko M.F.,"Spatial Variations in Aquatic Insect Community Structure in the Winam Gulf of Lake Victoria, Kenya",2023,International Journal of Ecology,,https://www.scopus.com/inward/record.uri?partnerID=HzOxMe3b&scp=85171876438&origin=inward,https://www.scopus.com/inward/citedby.uri?partnerID=HzOxMe3b&scp=85171876438&origin=inward,,2026-04-12 18:32:41,Article,10.1155/2023/8817525,16879708,https://api.elsevier.com/content/abstract/scopus_id/85171876438,2023,,,,,0.0,0.0,1,2,,,,85171876438,2-s2.0-85171876438
2,Callisto M.,Which metrics drive macroinvertebrate drift in neotropical sky island streams?,2023,Water Biology and Security,,https://www.scopus.com/inward/record.uri?partnerID=HzOxMe3b&scp=85138789735&origin=inward,https://www.scopus.com/inward/citedby.uri?partnerID=HzOxMe3b&scp=85138789735&origin=inward,,2026-04-12 18:32:41,Article,10.1016/j.watbs.2022.100077,,https://api.elsevier.com/content/abstract/scopus_id/85138789735,2,1,,,,1.0,2.0,1,2,,,,85138789735,2-s2.0-85138789735
17,Albini D.,The combined effects of treated sewage discharge and land use on rivers,2023,Global Change Biology,,https://www.scopus.com/inward/record.uri?partnerID=HzOxMe3b&scp=85171656733&origin=inward,https://www.scopus.com/inward/citedby.uri?partnerID=HzOxMe3b&scp=85171656733&origin=inward,,2026-04-12 18:32:41,Article,10.1111/gcb.16934,13541013,https://api.elsevier.com/content/abstract/scopus_id/85171656733,29,22,,,,8.5,17.0,1,2,,,,85171656733,2-s2.0-85171656733
19,Rahman M.Z.U.,Fractional Transformation-Based Intelligent H-Infinity Controller of a Direct Current Servo Motor,2023,Fractal and Fractional,,https://www.scopus.com/inward/record.uri?partnerID=HzOxMe3b&scp=85146779418&origin=inward,https://www.scopus.com/inward/citedby.uri?partnerID=HzOxMe3b&scp=85146779418&origin=inward,,2026-04-12 18:32:41,Article,10.3390/fractalfract7010029,,https://api.elsevier.com/content/abstract/scopus_id/85146779418,7,1,,,,9.5,19.0,1,2,,,,85146779418,2-s2.0-85146779418
0,Park J.,Comparative analysis of the structure of benthic macroinvertebrate communities in Maritsa River (Bulgaria) and Han River (South Korea),2023,Ecologia Balkanica,,https://www.scopus.com/inward/record.uri?partnerID=HzOxMe3b&scp=85198113915&origin=inward,https://www.scopus.com/inward/citedby.uri?partnerID=HzOxMe3b&scp=85198113915&origin=inward,,2026-04-12 18:32:41,Article,,13140213,https://api.elsevier.com/content/abstract/scopus_id/85198113915,15,2,,,,0.0,0.0,1,2,,,,85198113915,2-s2.0-85198113915
10,So J.,The impact of selenium on insects,2023,Journal of Economic Entomology,,https://www.scopus.com/inward/record.uri?partnerID=HzOxMe3b&scp=85167844291&origin=inward,https://www.scopus.com/inward/citedby.uri?partnerID=HzOxMe3b&scp=85167844291&origin=inward,,2026-04-12 18:32:41,Article,10.1093/jee/toad084,00220493,https://api.elsevier.com/content/abstract/scopus_id/85167844291,116,4,,,,5.0,10.0,1,2,,,,85167844291,2-s2.0-85167844291
2,Gil-González S.,Diversity of aquatic macroinvertebrates and habitat quality in tributaries of the national natural park Selva Florencia,2023,Acta Biologica Colombiana,,https://www.scopus.com/inward/record.uri?partnerID=HzOxMe3b&scp=85172473951&origin=inward,https://www.scopus.com/inward/citedby.uri?partnerID=HzOxMe3b&scp=85172473951&origin=inward,,2026-04-12 18:32:41,Article,10.15446/abc.v28n2.104022,0120548X,https://api.elsevier.com/content/abstract/scopus_id/85172473951,28,2,,,,1.0,2.0,1,2,,,,85172473951,2-s2.0-85172473951
29,Qu Y.,Significant improvement in freshwater invertebrate biodiversity in all types of English rivers over the past 30 years,2023,Science of the Total Environment,,https://www.scopus.com/inward/record.uri?partnerID=HzOxMe3b&scp=85171617186&origin=inward,https://www.scopus.com/inward/citedby.uri?partnerID=HzOxMe3b&scp=85171617186&origin=inward,,2026-04-12 18:32:41,Article,10.1016/j.scitotenv.2023.167144,00489697,https://api.elsevier.com/content/abstract/scopus_id/85171617186,905,,,,,14.5,29.0,1,2,,,,85171617186,2-s2.0-85171617186
1,Quimbayo-Díaz S.,"Leaf litter decomposition and macroinvertebrate assemblages in a tropical Andean stream (Ibagué, Colombia)",2023,Acta Biologica Colombiana,,https://www.scopus.com/inward/record.uri?partnerID=HzOxMe3b&scp=85172805947&origin=inward,https://www.scopus.com/inward/citedby.uri?partnerID=HzOxMe3b&scp=85172805947&origin=inward,,2026-04-12 18:32:41,Article,10.15446/abc.v28n2.103983,0120548X,https://api.elsevier.com/content/abstract/scopus_id/85172805947,28,2,,,,0.5,1.0,1,2,,,,85172805947,2-s2.0-85172805947
7,Barrett I.C.,Community type and disturbance type interact to determine disturbance response: implications for extending the environmental filter metaphor,2023,Community Ecology,,https://www.scopus.com/inward/record.uri?partnerID=HzOxMe3b&scp=85162893869&origin=inward,https://www.scopus.com/inward/citedby.uri?partnerID=HzOxMe3b&scp=85162893869&origin=inward,,2026-04-12 18:32:41,Article,10.1007/s42974-023-00149-3,15858553,https://api.elsevier.com/content/abstract/scopus_id/85162893869,24,2,,,,3.5,7.0,1,2,,,,85162893869,2-s2.0-85162893869
5,Laini A.,"Dissecting biodiversity: assessing the taxonomic, functional and phylogenetic structure of an insect metacommunity in a river network using morphological and metabarcoding data",2023,European Zoological Journal,,https://www.scopus.com/inward/record.uri?partnerID=HzOxMe3b&scp=85157985779&origin=inward,https://www.scopus.com/inward/citedby.uri?partnerID=HzOxMe3b&scp=85157985779&origin=inward,,2026-04-12 18:32:41,Article,10.1080/24750263.2023.2197924,,https://api.elsevier.com/content/abstract/scopus_id/85157985779,90,1,,,,2.5,5.0,1,2,,,,85157985779,2-s2.0-85157985779
3,Romero-Lizcano J.J.,Functional and taxonomic diversity of aquatic insects (EPT) in an urban river of the Colombian plains,2023,Acta Biologica Colombiana,,https://www.scopus.com/inward/record.uri?partnerID=HzOxMe3b&scp=85172795894&origin=inward,https://www.scopus.com/inward/citedby.uri?partnerID=HzOxMe3b&scp=85172795894&origin=inward,,2026-04-12 18:32:41,Article,10.15446/abc.v28n2.103974,0120548X,https://api.elsevier.com/content/abstract/scopus_id/85172795894,28,2,,,,1.5,3.0,1,2,,,,85172795894,2-s2.0-85172795894
1,Bezmaternykh D.M.,"Composition, structure and formation factors of macroinvertebrate communities in low-mountain lakes of the Russian Altai",2023,Acta Biologica Sibirica,,https://www.scopus.com/inward/record.uri?partnerID=HzOxMe3b&scp=85175424944&origin=inward,https://www.scopus.com/inward/citedby.uri?partnerID=HzOxMe3b&scp=85175424944&origin=inward,,2026-04-12 18:32:41,Article,10.5281/zenodo.8219818,,https://api.elsevier.com/content/abstract/scopus_id/85175424944,9,,,,,0.5,1.0,1,2,,,,85175424944,2-s2.0-85175424944
7,Rodrigues S.,"Intermittent Rivers as a Challenge for Freshwater Ecosystems Quality Evaluation: A Study Case in the Ribeira de Silveirinhos, Portugal",2023,Water Switzerland,,https://www.scopus.com/inward/record.uri?partnerID=HzOxMe3b&scp=85146051842&origin=inward,https://www.scopus.com/inward/citedby.uri?partnerID=HzOxMe3b&scp=85146051842&origin=inward,,2026-04-12 18:32:41,Article,10.3390/w15010017,,https://api.elsevier.com/content/abstract/scopus_id/85146051842,15,1,,,,3.5,7.0,1,2,,,,85146051842,2-s2.0-85146051842
2,Ji L.,Spatial and temporal pattern of benthic macroinvertebrate assemblages in two large Chinese freshwater lakes subjected to different degrees of eutrophication,2023,Journal of Freshwater Ecology,,https://www.scopus.com/inward/record.uri?partnerID=HzOxMe3b&scp=85173752196&origin=inward,https://www.scopus.com/inward/citedby.uri?partnerID=HzOxMe3b&scp=85173752196&origin=inward,,2026-04-12 18:32:41,Article,10.1080/02705060.2023.2259229,02705060,https://api.elsevier.com/content/abstract/scopus_id/85173752196,38,1,,,,1.0,2.0,1,2,,,,85173752196,2-s2.0-85173752196
2,Nasaruddin N.,"Taxonomic and functional diversity of aquatic macroinvertebrate from natural forest as reference for streams health indicators in Lasolo Watershed, Southeast Sulawesi, Indonesia",2023,Biodiversitas,,https://www.scopus.com/inward/record.uri?partnerID=HzOxMe3b&scp=85176935534&origin=inward,https://www.scopus.com/inward/citedby.uri?partnerID=HzOxMe3b&scp=85176935534&origin=inward,,2026-04-12 18:32:41,Article,10.13057/biodiv/d241034,1412033X,https://api.elsevier.com/content/abstract/scopus_id/85176935534,24,10,,,,1.0,2.0,1,2,,,,85176935534,2-s2.0-85176935534
3,Oyeku O.G.,Biological water quality of an impaired tropical river: the macrozoobenthos approach,2023,Biologia,,https://www.scopus.com/inward/record.uri?partnerID=HzOxMe3b&scp=85148048169&origin=inward,https://www.scopus.com/inward/citedby.uri?partnerID=HzOxMe3b&scp=85148048169&origin=inward,,2026-04-12 18:32:41,Article,10.1007/s11756-023-01346-1,00063088,https://api.elsevier.com/content/abstract/scopus_id/85148048169,78,8,,,,1.5,3.0,1,2,,,,85148048169,2-s2.0-85148048169
4,Chakravarty T.,"Spatio-temporal distribution of aquatic insects and functional feeding groups in different stretches of River Jatinga, south Assam, India",2023,Acta Ecologica Sinica,,https://www.scopus.com/inward/record.uri?partnerID=HzOxMe3b&scp=85150455810&origin=inward,https://www.scopus.com/inward/citedby.uri?partnerID=HzOxMe3b&scp=85150455810&origin=inward,,2026-04-12 18:32:41,Article,10.1016/j.chnaes.2023.02.006,18722032,https://api.elsevier.com/content/abstract/scopus_id/85150455810,43,6,,,,2.0,4.0,1,2,,,,85150455810,2-s2.0-85150455810
1,Dirisu A.R.,"Microhabitat associated macrofauna of lotic and lentic systems in the Agbede wetlands, southern Nigeria",2023,Tropical Ecology,,https://www.scopus.com/inward/record.uri?partnerID=HzOxMe3b&scp=85144400906&origin=inward,https://www.scopus.com/inward/citedby.uri?partnerID=HzOxMe3b&scp=85144400906&origin=inward,,2026-04-12 18:32:41,Article,10.1007/s42965-022-00281-7,05643295,https://api.elsevier.com/content/abstract/scopus_id/85144400906,64,3,,,,0.5,1.0,1,2,,,,85144400906,2-s2.0-85144400906
3,Martínez F.,Ecological Quality of the Water Supply Basins in the City of Loja – Ecuador,2023,Revista Politecnica,,https://www.scopus.com/inward/record.uri?partnerID=HzOxMe3b&scp=85177475077&origin=inward,https://www.scopus.com/inward/citedby.uri?partnerID=HzOxMe3b&scp=85177475077&origin=inward,,2026-04-12 18:32:41,Article,10.33333/rp.vol52n2.08,13900129,https://api.elsevier.com/content/abstract/scopus_id/85177475077,52,2,,,,1.5,3.0,1,2,,,,85177475077,2-s2.0-85177475077
7,Akindele E.O.,Macroinvertebrate metric indicators should be juxtaposed with the community conservation index as ecological tools for conservation evaluation of pristine freshwater ecosystems,2023,Biologia,,https://www.scopus.com/inward/record.uri?partnerID=HzOxMe3b&scp=85146811674&origin=inward,https://www.scopus.com/inward/citedby.uri?partnerID=HzOxMe3b&scp=85146811674&origin=inward,,2026-04-12 18:32:41,Article,10.1007/s11756-023-01315-8,00063088,https://api.elsevier.com/content/abstract/scopus_id/85146811674,78,4,,,,3.5,7.0,1,2,,,,85146811674,2-s2.0-85146811674
4,Ji C.W.,Analysis of food preference and competition based on stomach contents of fish species inhabiting fresh and brackish waters in South Korea,2023,Ecology of Freshwater Fish,,https://www.scopus.com/inward/record.uri?partnerID=HzOxMe3b&scp=85133531866&origin=inward,https://www.scopus.com/inward/citedby.uri?partnerID=HzOxMe3b&scp=85133531866&origin=inward,,2026-04-12 18:32:41,Article,10.1111/eff.12670,09066691,https://api.elsevier.com/content/abstract/scopus_id/85133531866,32,1,,,,2.0,4.0,1,2,,,,85133531866,2-s2.0-85133531866
22,Nessel M.P.,Decline of insects and arachnids driven by nutrient enrichment: A meta-analysis,2023,Ecology,,https://www.scopus.com/inward/record.uri?partnerID=HzOxMe3b&scp=85142866078&origin=inward,https://www.scopus.com/inward/citedby.uri?partnerID=HzOxMe3b&scp=85142866078&origin=inward,,2026-04-12 18:32:41,Article,10.1002/ecy.3897,00129658,https://api.elsevier.com/content/abstract/scopus_id/85142866078,104,2,,,,11.0,22.0,1,2,,,,85142866078,2-s2.0-85142866078
2,Moura E Silva M.S.G.,Community assessment of benthic macroinvertebrates in fishponds in the presence and absence of fish,2023,Acta Limnologica Brasiliensia,,https://www.scopus.com/inward/record.uri?partnerID=HzOxMe3b&scp=85166409743&origin=inward,https://www.scopus.com/inward/citedby.uri?partnerID=HzOxMe3b&scp=85166409743&origin=inward,,2026-04-12 18:32:41,Article,10.1590/S2179-975X0723,01026712,https://api.elsevier.com/content/abstract/scopus_id/85166409743,35,,,,,1.0,2.0,1,2,,,,85166409743,2-s2.0-85166409743
1,Joo S.,"Dietary composition of two coexisting bat species, Myotis ikonnikovi and Plecotus ognevi, in the Mt. Jumbong forests, South Korea",2023,Journal of Ecology and Environment,,https://www.scopus.com/inward/record.uri?partnerID=HzOxMe3b&scp=85175070126&origin=inward,https://www.scopus.com/inward/citedby.uri?partnerID=HzOxMe3b&scp=85175070126&origin=inward,,2026-04-12 18:32:41,Article,10.5141/jee.23.049,,https://api.elsevier.com/content/abstract/scopus_id/85175070126,47,,,,,0.5,1.0,1,2,,,,85175070126,2-s2.0-85175070126
2,Hepp L.U.,Agriculture affects functional diversity of aquatic insects in Subtropical Atlantic Forest streams,2023,Acta Limnologica Brasiliensia,,https://www.scopus.com/inward/record.uri?partnerID=HzOxMe3b&scp=85202582869&origin=inward,https://www.scopus.com/inward/citedby.uri?partnerID=HzOxMe3b&scp=85202582869&origin=inward,,2026-04-12 18:32:41,Article,10.1590/S2179-975X2323,,https://api.elsevier.com/content/abstract/scopus_id/85202582869,35,,,,,1.0,2.0,1,2,,,,85202582869,2-s2.0-85202582869
0,Meek J.,Aquatic insect communities remain impaired following large-scale river restoration,2023,Western North American Naturalist,,https://www.scopus.com/inward/record.uri?partnerID=HzOxMe3b&scp=85177996258&origin=inward,https://www.scopus.com/inward/citedby.uri?partnerID=HzOxMe3b&scp=85177996258&origin=inward,,2026-04-12 18:32:41,Article,10.3398/064.083.0206,15270904,https://api.elsevier.com/content/abstract/scopus_id/85177996258,83,2,,,,0.0,0.0,1,2,,,,85177996258,2-s2.0-85177996258
7,Masina F.M.,Macroinvertebrate diversity in relation to limnochemistry in an Austral semi–arid transboundary aquifer region pan system,2023,Science of the Total Environment,,https://www.scopus.com/inward/record.uri?partnerID=HzOxMe3b&scp=85151543608&origin=inward,https://www.scopus.com/inward/citedby.uri?partnerID=HzOxMe3b&scp=85151543608&origin=inward,,2026-04-12 18:32:41,Article,10.1016/j.scitotenv.2023.163161,00489697,https://api.elsevier.com/content/abstract/scopus_id/85151543608,878,,,,,3.5,7.0,1,2,,,,85151543608,2-s2.0-85151543608
11,Ge Y.,Dispersal syndromes mediate phylogenetic distance decay relationships in a dendritic stream network,2023,Journal of Biogeography,,https://www.scopus.com/inward/record.uri?partnerID=HzOxMe3b&scp=85150239342&origin=inward,https://www.scopus.com/inward/citedby.uri?partnerID=HzOxMe3b&scp=85150239342&origin=inward,,2026-04-12 18:32:41,Article,10.1111/jbi.14583,03050270,https://api.elsevier.com/content/abstract/scopus_id/85150239342,50,5,,,,5.5,11.0,1,2,,,,85150239342,2-s2.0-85150239342
2,Nakakubo T.,Modeling the effect of improved sewage disposal rates on ecological status for aquatic organisms in Japan,2023,Heliyon,,https://www.scopus.com/inward/record.uri?partnerID=HzOxMe3b&scp=85174740812&origin=inward,https://www.scopus.com/inward/citedby.uri?partnerID=HzOxMe3b&scp=85174740812&origin=inward,,2026-04-12 18:32:41,Article,10.1016/j.heliyon.2023.e20943,24058440,https://api.elsevier.com/content/abstract/scopus_id/85174740812,9,11,,,,1.0,2.0,1,2,,,,85174740812,2-s2.0-85174740812
0,Wang J.,The Migratory Biology and Feeding Habits of Downstream-Migrating Juvenile Chum Salmon Oncorhynchus keta in the Amur River of Northeast China,2023,Fishes,,https://www.scopus.com/inward/record.uri?partnerID=HzOxMe3b&scp=85172244939&origin=inward,https://www.scopus.com/inward/citedby.uri?partnerID=HzOxMe3b&scp=85172244939&origin=inward,,2026-04-12 18:32:41,Article,10.3390/fishes8090458,,https://api.elsevier.com/content/abstract/scopus_id/85172244939,8,9,,,,0.0,0.0,1,2,,,,85172244939,2-s2.0-85172244939
14,Tasselli S.,Legacy Dichlorodiphenyltrichloroethane (DDT) Pollution in a River Ecosystem: Sediment Contamination and Bioaccumulation in Benthic Invertebrates,2023,Sustainability Switzerland,,https://www.scopus.com/inward/record.uri?partnerID=HzOxMe3b&scp=85156156048&origin=inward,https://www.scopus.com/inward/citedby.uri?partnerID=HzOxMe3b&scp=85156156048&origin=inward,,2026-04-12 18:32:41,Article,10.3390/su15086493,,https://api.elsevier.com/content/abstract/scopus_id/85156156048,15,8,,,,7.0,14.0,1,2,,,,85156156048,2-s2.0-85156156048
11,Mathers K.L.,Seasonal variability of lotic macroinvertebrate communities at the habitat scale demonstrates the value of discriminating fine sediment fractions in ecological assessments,2023,Ecology and Evolution,,https://www.scopus.com/inward/record.uri?partnerID=HzOxMe3b&scp=85173983286&origin=inward,https://www.scopus.com/inward/citedby.uri?partnerID=HzOxMe3b&scp=85173983286&origin=inward,,2026-04-12 18:32:41,Article,10.1002/ece3.10564,,https://api.elsevier.com/content/abstract/scopus_id/85173983286,13,10,,,,5.5,11.0,1,2,,,,85173983286,2-s2.0-85173983286
3,Barrera-Herrera J.A.,"Aquatic macroinvertebrates in an altitudinal gradient of the Garagoa river, eastern Andes of Colombia",2023,Revista De Biologia Tropical,,https://www.scopus.com/inward/record.uri?partnerID=HzOxMe3b&scp=85186446843&origin=inward,https://www.scopus.com/inward/citedby.uri?partnerID=HzOxMe3b&scp=85186446843&origin=inward,,2026-04-12 18:32:41,Article,10.15517/rev.biol.trop..v71i1.51538,00347744,https://api.elsevier.com/content/abstract/scopus_id/85186446843,71,,,,,1.5,3.0,1,2,,,,85186446843,2-s2.0-85186446843
1,Hafiane M.,"Importance of Trophic Functions in the Distribution of Benthic Macroinvertebrates in Rivers: Case of Wadi El Harrach, Algeria",2023,Advances in Science Technology and Innovation,,https://www.scopus.com/inward/record.uri?partnerID=HzOxMe3b&scp=85178520178&origin=inward,https://www.scopus.com/inward/citedby.uri?partnerID=HzOxMe3b&scp=85178520178&origin=inward,,2026-04-12 18:32:41,Conference Paper,10.1007/978-3-031-43169-2_51,25228714,https://api.elsevier.com/content/abstract/scopus_id/85178520178,,,,,,0.5,1.0,1,2,,,,85178520178,2-s2.0-85178520178
11,Dietrich J.S.,Extreme climatic events alter the aquatic insect community in a pristine German stream,2023,Climatic Change,,https://www.scopus.com/inward/record.uri?partnerID=HzOxMe3b&scp=85160009650&origin=inward,https://www.scopus.com/inward/citedby.uri?partnerID=HzOxMe3b&scp=85160009650&origin=inward,,2026-04-12 18:32:41,Article,10.1007/s10584-023-03546-9,01650009,https://api.elsevier.com/content/abstract/scopus_id/85160009650,176,6,,,,5.5,11.0,1,2,,,,85160009650,2-s2.0-85160009650
0,González A.,Dietary comparison of age-0 sturgeon (Scaphirhynchus sp.) between upper and lower Missouri River basins,2023,Journal of Freshwater Ecology,,https://www.scopus.com/inward/record.uri?partnerID=HzOxMe3b&scp=85162959968&origin=inward,https://www.scopus.com/inward/citedby.uri?partnerID=HzOxMe3b&scp=85162959968&origin=inward,,2026-04-12 18:32:41,Article,10.1080/02705060.2023.2219689,02705060,https://api.elsevier.com/content/abstract/scopus_id/85162959968,38,1,,,,0.0,0.0,1,2,,,,85162959968,2-s2.0-85162959968
19,Akindele E.O.,Gold mining impairs the biological water quality of a culturally important river and UNESCO World Heritage Site in Nigeria,2023,Environmental Pollution,,https://www.scopus.com/inward/record.uri?partnerID=HzOxMe3b&scp=85150898804&origin=inward,https://www.scopus.com/inward/citedby.uri?partnerID=HzOxMe3b&scp=85150898804&origin=inward,,2026-04-12 18:32:41,Article,10.1016/j.envpol.2023.121470,02697491,https://api.elsevier.com/content/abstract/scopus_id/85150898804,326,,,,,9.5,19.0,1,2,,,,85150898804,2-s2.0-85150898804
1,Dou Q.,Assessment of a cold temperate mountain river based on the benthic macroinvertebrate-based index of biotic integrity: A case of Huma River,2023,Chinese Journal of Ecology,,https://www.scopus.com/inward/record.uri?partnerID=HzOxMe3b&scp=85170056301&origin=inward,https://www.scopus.com/inward/citedby.uri?partnerID=HzOxMe3b&scp=85170056301&origin=inward,,2026-04-12 18:32:41,Article,10.13292/j.1000-4890.202308.021,10004890,https://api.elsevier.com/content/abstract/scopus_id/85170056301,42,8,,,,0.5,1.0,1,2,,,,85170056301,2-s2.0-85170056301
10,Adedapo A.M.,Using macroinvertebrate functional traits to reveal ecological conditions of two streams in Southwest Nigeria—a case study,2023,Aquatic Ecology,,https://www.scopus.com/inward/record.uri?partnerID=HzOxMe3b&scp=85149069108&origin=inward,https://www.scopus.com/inward/citedby.uri?partnerID=HzOxMe3b&scp=85149069108&origin=inward,,2026-04-12 18:32:41,Article,10.1007/s10452-023-10010-4,13862588,https://api.elsevier.com/content/abstract/scopus_id/85149069108,57,2,,,,5.0,10.0,1,2,,,,85149069108,2-s2.0-85149069108
2,Carlson P.E.,Assessing acidity impacts in Nordic lakes and streams: Development of a macroinvertebrate-based multimetric index to quantify degradation and recovery,2023,Ecological Indicators,,https://www.scopus.com/inward/record.uri?partnerID=HzOxMe3b&scp=85173013652&origin=inward,https://www.scopus.com/inward/citedby.uri?partnerID=HzOxMe3b&scp=85173013652&origin=inward,,2026-04-12 18:32:41,Article,10.1016/j.ecolind.2023.111028,1470160X,https://api.elsevier.com/content/abstract/scopus_id/85173013652,155,,,,,1.0,2.0,1,2,,,,85173013652,2-s2.0-85173013652
0,Werku B.C.,Assessment of macro-invertebrates’ colonization in the context of impacts of exotic and native broadleaf litter species in Ethiopia,2023,Sustainable Water Resources Management,,https://www.scopus.com/inward/record.uri?partnerID=HzOxMe3b&scp=85169699208&origin=inward,https://www.scopus.com/inward/citedby.uri?partnerID=HzOxMe3b&scp=85169699208&origin=inward,,2026-04-12 18:32:41,Article,10.1007/s40899-023-00904-4,23635037,https://api.elsevier.com/content/abstract/scopus_id/85169699208,9,5,,,,0.0,0.0,1,2,,,,85169699208,2-s2.0-85169699208
9,Doychev D.D.,Longitudinal recovery gradient of macroinvertebrates during different hydrological scenarios in a downstream river reach,2023,Journal of Limnology,,https://www.scopus.com/inward/record.uri?partnerID=HzOxMe3b&scp=85164180958&origin=inward,https://www.scopus.com/inward/citedby.uri?partnerID=HzOxMe3b&scp=85164180958&origin=inward,,2026-04-12 18:32:41,Article,10.4081/jlimnol.2023.2125,11295767,https://api.elsevier.com/content/abstract/scopus_id/85164180958,82,,,,,4.5,9.0,1,2,,,,85164180958,2-s2.0-85164180958
14,Sripanya J.,Benthic Macroinvertebrate Communities in Wadeable Rivers and Streams of Lao PDR as a Useful Tool for Biomonitoring Water Quality: A Multimetric Index Approach,2023,Water Switzerland,,https://www.scopus.com/inward/record.uri?partnerID=HzOxMe3b&scp=85149234407&origin=inward,https://www.scopus.com/inward/citedby.uri?partnerID=HzOxMe3b&scp=85149234407&origin=inward,,2026-04-12 18:32:41,Article,10.3390/w15040625,,https://api.elsevier.com/content/abstract/scopus_id/85149234407,15,4,,,,7.0,14.0,1,2,,,,85149234407,2-s2.0-85149234407
22,El Yaagoubi S.,Assessment of functional feeding groups (FFG) structure of aquatic insects in North-western Rif - Morocco,2023,Biodiversity Data Journal,,https://www.scopus.com/inward/record.uri?partnerID=HzOxMe3b&scp=85164583790&origin=inward,https://www.scopus.com/inward/citedby.uri?partnerID=HzOxMe3b&scp=85164583790&origin=inward,,2026-04-12 18:32:41,Article,10.3897/BDJ.11.E104218,,https://api.elsevier.com/content/abstract/scopus_id/85164583790,11,,,,,11.0,22.0,1,2,,,,85164583790,2-s2.0-85164583790
11,Fergus C.E.,Disentangling natural and anthropogenic effects on benthic macroinvertebrate assemblages in western US streams,2023,Ecosphere,,https://www.scopus.com/inward/record.uri?partnerID=HzOxMe3b&scp=85176001945&origin=inward,https://www.scopus.com/inward/citedby.uri?partnerID=HzOxMe3b&scp=85176001945&origin=inward,,2026-04-12 18:32:41,Article,10.1002/ecs2.4688,,https://api.elsevier.com/content/abstract/scopus_id/85176001945,14,11,,,,5.5,11.0,1,2,,,,85176001945,2-s2.0-85176001945
4,Sánchez-Campaña C.,Anticipating where are unknown aquatic insects in Europe to improve biodiversity conservation,2023,Diversity and Distributions,,https://www.scopus.com/inward/record.uri?partnerID=HzOxMe3b&scp=85164195236&origin=inward,https://www.scopus.com/inward/citedby.uri?partnerID=HzOxMe3b&scp=85164195236&origin=inward,,2026-04-12 18:32:41,Article,10.1111/ddi.13714,13669516,https://api.elsevier.com/content/abstract/scopus_id/85164195236,29,8,,,,2.0,4.0,1,2,,,,85164195236,2-s2.0-85164195236
2,Barnett Z.C.,Response of stream macroinvertebrate communities to forest harvesting in the Piedmont region of North Carolina,2023,Forest Ecology and Management,,https://www.scopus.com/inward/record.uri?partnerID=HzOxMe3b&scp=85163833360&origin=inward,https://www.scopus.com/inward/citedby.uri?partnerID=HzOxMe3b&scp=85163833360&origin=inward,,2026-04-12 18:32:41,Article,10.1016/j.foreco.2023.121217,03781127,https://api.elsevier.com/content/abstract/scopus_id/85163833360,544,,,,,1.0,2.0,1,2,,,,85163833360,2-s2.0-85163833360
0,Braccia A.,"Response to comments on: Braccia, Amy, Jamie Lau, Jesse Robinson, Michael Croasdaile, Jeong Park, and Art Parola (2023). “Macroinvertebrate assemblages from a stream-wetland complex: A case study with implications for assessing restored hydrologic functions”",2023,Environmental Monitoring and Assessment,,https://www.scopus.com/inward/record.uri?partnerID=HzOxMe3b&scp=85170631572&origin=inward,https://www.scopus.com/inward/citedby.uri?partnerID=HzOxMe3b&scp=85170631572&origin=inward,,2026-04-12 18:32:41,Letter,10.1007/s10661-023-11648-1,01676369,https://api.elsevier.com/content/abstract/scopus_id/85170631572,195,10,,,,0.0,0.0,1,2,,,,85170631572,2-s2.0-85170631572
5,Narangarvuu D.,"Mining and urbanization affect river chemical water quality and macroinvertebrate communities in the upper Selenga River Basin, Mongolia",2023,Environmental Monitoring and Assessment,,https://www.scopus.com/inward/record.uri?partnerID=HzOxMe3b&scp=85177211821&origin=inward,https://www.scopus.com/inward/citedby.uri?partnerID=HzOxMe3b&scp=85177211821&origin=inward,,2026-04-12 18:32:41,Retracted,10.1007/s10661-023-12022-x,01676369,https://api.elsevier.com/content/abstract/scopus_id/85177211821,195,12,,,,2.5,5.0,1,2,,,,85177211821,2-s2.0-85177211821
10,Haubrock P.J.,Multidecadal data indicate increase of aquatic insects in Central European streams,2023,Science of the Total Environment,,https://www.scopus.com/inward/record.uri?partnerID=HzOxMe3b&scp=85151009685&origin=inward,https://www.scopus.com/inward/citedby.uri?partnerID=HzOxMe3b&scp=85151009685&origin=inward,,2026-04-12 18:32:41,Article,10.1016/j.scitotenv.2023.163017,00489697,https://api.elsevier.com/content/abstract/scopus_id/85151009685,879,,,,,5.0,10.0,1,2,,,,85151009685,2-s2.0-85151009685
36,Roodt A.P.,Aquatic-terrestrial transfer of neonicotinoid insecticides in riparian food webs,2023,Journal of Hazardous Materials,,https://www.scopus.com/inward/record.uri?partnerID=HzOxMe3b&scp=85159429088&origin=inward,https://www.scopus.com/inward/citedby.uri?partnerID=HzOxMe3b&scp=85159429088&origin=inward,,2026-04-12 18:32:41,Article,10.1016/j.jhazmat.2023.131635,03043894,https://api.elsevier.com/content/abstract/scopus_id/85159429088,455,,,,,18.0,36.0,1,2,,,,85159429088,2-s2.0-85159429088
8,Cianferoni F.,Inferring on Speleomantes Foraging Behavior from Gut Contents Examination,2023,Animals,,https://www.scopus.com/inward/record.uri?partnerID=HzOxMe3b&scp=85170259509&origin=inward,https://www.scopus.com/inward/citedby.uri?partnerID=HzOxMe3b&scp=85170259509&origin=inward,,2026-04-12 18:32:41,Article,10.3390/ani13172782,,https://api.elsevier.com/content/abstract/scopus_id/85170259509,13,17,,,,4.0,8.0,1,2,,,,85170259509,2-s2.0-85170259509
2,Bollinger E.,Making the Invisible Visible? Using Stable Isotope Analysis to Detect Indirect Toxicant Effects,2023,Environmental Toxicology and Chemistry,,https://www.scopus.com/inward/record.uri?partnerID=HzOxMe3b&scp=85144028455&origin=inward,https://www.scopus.com/inward/citedby.uri?partnerID=HzOxMe3b&scp=85144028455&origin=inward,,2026-04-12 18:32:41,Article,10.1002/etc.5502,07307268,https://api.elsevier.com/content/abstract/scopus_id/85144028455,42,9,,,,1.0,2.0,1,2,,,,85144028455,2-s2.0-85144028455
17,Di Lorenzo T.,Ingestion of microplastics and textile cellulose particles by some meiofaunal taxa of an urban stream,2023,Chemosphere,,https://www.scopus.com/inward/record.uri?partnerID=HzOxMe3b&scp=85140274752&origin=inward,https://www.scopus.com/inward/citedby.uri?partnerID=HzOxMe3b&scp=85140274752&origin=inward,,2026-04-12 18:32:41,Article,10.1016/j.chemosphere.2022.136830,00456535,https://api.elsevier.com/content/abstract/scopus_id/85140274752,310,,,,,8.5,17.0,1,2,,,,85140274752,2-s2.0-85140274752
13,Kowarik C.,Stream degradation affects aquatic resource subsidies to riparian ground-dwelling spiders,2023,Science of the Total Environment,,https://www.scopus.com/inward/record.uri?partnerID=HzOxMe3b&scp=85138440216&origin=inward,https://www.scopus.com/inward/citedby.uri?partnerID=HzOxMe3b&scp=85138440216&origin=inward,,2026-04-12 18:32:41,Article,10.1016/j.scitotenv.2022.158658,00489697,https://api.elsevier.com/content/abstract/scopus_id/85138440216,855,,,,,6.5,13.0,1,2,,,,85138440216,2-s2.0-85138440216
