Cites,Authors,Title,Year,Source,Publisher,ArticleURL,CitesURL,GSRank,QueryDate,Type,DOI,ISSN,CitationURL,Volume,Issue,StartPage,EndPage,ECC,CitesPerYear,CitesPerAuthor,AuthorCount,Age,Abstract,FullTextURL,RelatedURL,ScopusID,EID
18,Poinar G.,"Vetuformosa buckleyi n. gen., n. sp. (Ephemeroptera: Baetidae; Vetuformosinae n. subfam.), a new subfamily of mayflies in Early Cretaceous Burmese amber",2011,Historical Biology,,https://www.scopus.com/inward/record.uri?partnerID=HzOxMe3b&scp=84858718832&origin=inward,https://www.scopus.com/inward/citedby.uri?partnerID=HzOxMe3b&scp=84858718832&origin=inward,,2026-04-12 18:28:51,Article,10.1080/08912963.2011.559084,08912963,https://api.elsevier.com/content/abstract/scopus_id/84858718832,23,4,,,,1.29,18.0,1,14,,,,84858718832,2-s2.0-84858718832
0,Bhagat R.,"Mayflies (Ephemeroptera) of Jammu, Kashmir and Ladakh Himalaya (North-west): An updated checklist and biodiversity",2011,Journal of Entomological Research,,https://www.scopus.com/inward/record.uri?partnerID=HzOxMe3b&scp=84865178933&origin=inward,https://www.scopus.com/inward/citedby.uri?partnerID=HzOxMe3b&scp=84865178933&origin=inward,,2026-04-12 18:28:51,Article,,03789519,https://api.elsevier.com/content/abstract/scopus_id/84865178933,35,3,,,,0.0,0.0,1,14,,,,84865178933,2-s2.0-84865178933
9,Savić A.,Mayfly (Insecta: Ephemeroptera) community structure as an indicator of the ecological status of the nišava river (Central Balkan peninsula),2011,Aquatic Ecosystem Health and Management,,https://www.scopus.com/inward/record.uri?partnerID=HzOxMe3b&scp=80052535631&origin=inward,https://www.scopus.com/inward/citedby.uri?partnerID=HzOxMe3b&scp=80052535631&origin=inward,,2026-04-12 18:28:51,Article,10.1080/14634988.2011.602595,14634988,https://api.elsevier.com/content/abstract/scopus_id/80052535631,14,3,,,,0.64,9.0,1,14,,,,80052535631,2-s2.0-80052535631
5,Graves P.H.,"Mayfly and stonefly distribution in the mainstem Cahaba River, Alabama",2011,Southeastern Naturalist,,https://www.scopus.com/inward/record.uri?partnerID=HzOxMe3b&scp=80053494611&origin=inward,https://www.scopus.com/inward/citedby.uri?partnerID=HzOxMe3b&scp=80053494611&origin=inward,,2026-04-12 18:28:51,Article,10.1656/058.010.0307,15287092,https://api.elsevier.com/content/abstract/scopus_id/80053494611,10,3,,,,0.36,5.0,1,14,,,,80053494611,2-s2.0-80053494611
13,Galatowitsch M.L.,Benefits and costs of Leptophlebia (Ephemeroptera) mayfly movements between river channels and floodplain wetlands,2011,Canadian Journal of Zoology,,https://www.scopus.com/inward/record.uri?partnerID=HzOxMe3b&scp=79961156524&origin=inward,https://www.scopus.com/inward/citedby.uri?partnerID=HzOxMe3b&scp=79961156524&origin=inward,,2026-04-12 18:28:51,Article,10.1139/z11-044,00084301,https://api.elsevier.com/content/abstract/scopus_id/79961156524,89,8,,,,0.93,13.0,1,14,,,,79961156524,2-s2.0-79961156524
41,Staniczek A.H.,"Coxoplectoptera, a new fossil order of Palaeoptera (Arthropoda: Insecta), with comments on the phylogeny of the stem group of mayflies (Ephemeroptera)",2011,Insect Systematics and Evolution,,https://www.scopus.com/inward/record.uri?partnerID=HzOxMe3b&scp=79960790657&origin=inward,https://www.scopus.com/inward/citedby.uri?partnerID=HzOxMe3b&scp=79960790657&origin=inward,,2026-04-12 18:28:51,Article,10.1163/187631211X578406,1399560X,https://api.elsevier.com/content/abstract/scopus_id/79960790657,42,2,,,,2.93,41.0,1,14,,,,79960790657,2-s2.0-79960790657
17,Lock K.,Distribution and ecology of the mayflies (Ephemeroptera) of Flanders (Belgium),2011,Annales De Limnologie,,https://www.scopus.com/inward/record.uri?partnerID=HzOxMe3b&scp=79961069223&origin=inward,https://www.scopus.com/inward/citedby.uri?partnerID=HzOxMe3b&scp=79961069223&origin=inward,,2026-04-12 18:28:51,Article,10.1051/limn/2011011,00034088,https://api.elsevier.com/content/abstract/scopus_id/79961069223,47,2,,,,1.21,17.0,1,14,,,,79961069223,2-s2.0-79961069223
10,Huang J.,"New mayfly nymphs (Insecta: Ephemeroptera) from Yixian Formation, China",2011,Paleontological Journal,,https://www.scopus.com/inward/record.uri?partnerID=HzOxMe3b&scp=79953876797&origin=inward,https://www.scopus.com/inward/citedby.uri?partnerID=HzOxMe3b&scp=79953876797&origin=inward,,2026-04-12 18:28:51,Article,10.1134/S0031030111020092,00310301,https://api.elsevier.com/content/abstract/scopus_id/79953876797,45,2,,,,0.71,10.0,1,14,,,,79953876797,2-s2.0-79953876797
8,Petrin Z.,Species traits predict assembly of mayfly and stonefly communities along pH gradients,2011,Oecologia,,https://www.scopus.com/inward/record.uri?partnerID=HzOxMe3b&scp=80052665174&origin=inward,https://www.scopus.com/inward/citedby.uri?partnerID=HzOxMe3b&scp=80052665174&origin=inward,,2026-04-12 18:28:51,Article,10.1007/s00442-011-2003-3,00298549,https://api.elsevier.com/content/abstract/scopus_id/80052665174,167,2,,,,0.57,8.0,1,14,,,,80052665174,2-s2.0-80052665174
51,Conley J.M.,Food rationing affects dietary selenium bioaccumulation and life cycle performance in the mayfly Centroptilum triangulifer,2011,Ecotoxicology,,https://www.scopus.com/inward/record.uri?partnerID=HzOxMe3b&scp=80054917608&origin=inward,https://www.scopus.com/inward/citedby.uri?partnerID=HzOxMe3b&scp=80054917608&origin=inward,,2026-04-12 18:28:51,Article,10.1007/s10646-011-0722-1,09639292,https://api.elsevier.com/content/abstract/scopus_id/80054917608,20,8,,,,3.64,51.0,1,14,,,,80054917608,2-s2.0-80054917608
25,Shimano Y.,"Ephemeroptera (Insecta) from east of Mato Grosso State, Brazil",2011,Biota Neotropica,,https://www.scopus.com/inward/record.uri?partnerID=HzOxMe3b&scp=84860912667&origin=inward,https://www.scopus.com/inward/citedby.uri?partnerID=HzOxMe3b&scp=84860912667&origin=inward,,2026-04-12 18:28:51,Article,10.1590/S1676-06032011000400021,16786424,https://api.elsevier.com/content/abstract/scopus_id/84860912667,11,4,,,,1.79,25.0,1,14,,,,84860912667,2-s2.0-84860912667
19,Molineri C.,"New species and records for the mayfly families Caenidae, Leptohyphidae and Coryphoridae (Ephemeroptera, Pannota) from Venezuelan Guayana's uplands",2011,Zootaxa,,https://www.scopus.com/inward/record.uri?partnerID=HzOxMe3b&scp=79251591942&origin=inward,https://www.scopus.com/inward/citedby.uri?partnerID=HzOxMe3b&scp=79251591942&origin=inward,,2026-04-12 18:28:51,Article,10.11646/zootaxa.2750.1.4,11755326,https://api.elsevier.com/content/abstract/scopus_id/79251591942,,2750,,,,1.36,19.0,1,14,,,,79251591942,2-s2.0-79251591942
31,Málnás K.,Bridges as optical barriers and population disruptors for the mayfly Palingenia longicauda: An overlooked threat to freshwater biodiversity?,2011,Journal of Insect Conservation,,https://www.scopus.com/inward/record.uri?partnerID=HzOxMe3b&scp=80855156675&origin=inward,https://www.scopus.com/inward/citedby.uri?partnerID=HzOxMe3b&scp=80855156675&origin=inward,,2026-04-12 18:28:51,Article,10.1007/s10841-011-9380-0,1366638X,https://api.elsevier.com/content/abstract/scopus_id/80855156675,15,6,,,,2.21,31.0,1,14,,,,80855156675,2-s2.0-80855156675
6,Hellmann C.,"Extended larval development compensates for sublethal effects of fish predation in a mayfly population (Rhithrogena semicolorata, Ephemeroptera)",2011,Limnologica,,https://www.scopus.com/inward/record.uri?partnerID=HzOxMe3b&scp=79957592115&origin=inward,https://www.scopus.com/inward/citedby.uri?partnerID=HzOxMe3b&scp=79957592115&origin=inward,,2026-04-12 18:28:51,Article,10.1016/j.limno.2010.10.005,00759511,https://api.elsevier.com/content/abstract/scopus_id/79957592115,41,3,,,,0.43,6.0,1,14,,,,79957592115,2-s2.0-79957592115
33,Opfer S.E.,Heavy metals in sediments and uptake by burrowing mayflies in western Lake Erie basin,2011,Journal of Great Lakes Research,,https://www.scopus.com/inward/record.uri?partnerID=HzOxMe3b&scp=79951578024&origin=inward,https://www.scopus.com/inward/citedby.uri?partnerID=HzOxMe3b&scp=79951578024&origin=inward,,2026-04-12 18:28:51,Article,10.1016/j.jglr.2010.10.005,03801330,https://api.elsevier.com/content/abstract/scopus_id/79951578024,37,1,,,,2.36,33.0,1,14,,,,79951578024,2-s2.0-79951578024
6,Mccafferty W.P.,"New Mexican and central american ephemeroptera records, with first species checklists for Mexican states",2011,Transactions of the American Entomological Society,,https://www.scopus.com/inward/record.uri?partnerID=HzOxMe3b&scp=84879303092&origin=inward,https://www.scopus.com/inward/citedby.uri?partnerID=HzOxMe3b&scp=84879303092&origin=inward,,2026-04-12 18:28:51,Article,10.3157/061.137.0310,00028320,https://api.elsevier.com/content/abstract/scopus_id/84879303092,137,3-4,,,,0.43,6.0,1,14,,,,84879303092,2-s2.0-84879303092
30,Theissinger K.,Molecular data and species distribution models reveal the Pleistocene history of the mayfly Ameletus inopinatus (Ephemeroptera: Siphlonuridae),2011,Freshwater Biology,,https://www.scopus.com/inward/record.uri?partnerID=HzOxMe3b&scp=80054022547&origin=inward,https://www.scopus.com/inward/citedby.uri?partnerID=HzOxMe3b&scp=80054022547&origin=inward,,2026-04-12 18:28:51,Article,10.1111/j.1365-2427.2011.02681.x,00465070,https://api.elsevier.com/content/abstract/scopus_id/80054022547,56,12,,,,2.14,30.0,1,14,,,,80054022547,2-s2.0-80054022547
14,Gattolliat J.L.,"New larvae of Baetidae (Insecta: Ephemeroptera) from Espiritu Santo, Vanuatu",2011,Stuttgarter Beitrage Zur Naturkunde Serie A Biologie,,https://www.scopus.com/inward/record.uri?partnerID=HzOxMe3b&scp=84875574949&origin=inward,https://www.scopus.com/inward/citedby.uri?partnerID=HzOxMe3b&scp=84875574949&origin=inward,,2026-04-12 18:28:51,Article,,03410145,https://api.elsevier.com/content/abstract/scopus_id/84875574949,4,,,,,1.0,14.0,1,14,,,,84875574949,2-s2.0-84875574949
31,Fuller M.,Ecosystem engineering by beavers affects mayfly life histories,2011,Freshwater Biology,,https://www.scopus.com/inward/record.uri?partnerID=HzOxMe3b&scp=79953311390&origin=inward,https://www.scopus.com/inward/citedby.uri?partnerID=HzOxMe3b&scp=79953311390&origin=inward,,2026-04-12 18:28:51,Article,10.1111/j.1365-2427.2010.02548.x,00465070,https://api.elsevier.com/content/abstract/scopus_id/79953311390,56,5,,,,2.21,31.0,1,14,,,,79953311390,2-s2.0-79953311390
19,Alexander L.C.,Loss of genetic diversity in the North American mayfly Ephemerella invaria associated with deforestation of headwater streams,2011,Freshwater Biology,,https://www.scopus.com/inward/record.uri?partnerID=HzOxMe3b&scp=79958737847&origin=inward,https://www.scopus.com/inward/citedby.uri?partnerID=HzOxMe3b&scp=79958737847&origin=inward,,2026-04-12 18:28:51,Article,10.1111/j.1365-2427.2010.02566.x,00465070,https://api.elsevier.com/content/abstract/scopus_id/79958737847,56,7,,,,1.36,19.0,1,14,,,,79958737847,2-s2.0-79958737847
2,Eftenoiu C.C.,Assessment on the ephemeroptera distribution (Insecta) in relation with aquatic parameters in different rivers from Aninei mountains (SW Romania),2011,Aacl Bioflux,,https://www.scopus.com/inward/record.uri?partnerID=HzOxMe3b&scp=78651408198&origin=inward,https://www.scopus.com/inward/citedby.uri?partnerID=HzOxMe3b&scp=78651408198&origin=inward,,2026-04-12 18:28:51,Article,,18448143,https://api.elsevier.com/content/abstract/scopus_id/78651408198,4,1,,,,0.14,2.0,1,14,,,,78651408198,2-s2.0-78651408198
23,Zrelli S.,New reports of mayflies (Insecta: Ephemeroptera) from Tunisia,2011,Revue Suisse De Zoologie,,https://www.scopus.com/inward/record.uri?partnerID=HzOxMe3b&scp=79955423721&origin=inward,https://www.scopus.com/inward/citedby.uri?partnerID=HzOxMe3b&scp=79955423721&origin=inward,,2026-04-12 18:28:51,Article,,0035418X,https://api.elsevier.com/content/abstract/scopus_id/79955423721,118,1,,,,1.64,23.0,1,14,,,,79955423721,2-s2.0-79955423721
10,Strongman D.,"Trifoliellum bioblitzii, a new genus of trichomycete from mayfly nymphs in Nova Scotia, Canada",2011,Mycologia,,https://www.scopus.com/inward/record.uri?partnerID=HzOxMe3b&scp=78751559852&origin=inward,https://www.scopus.com/inward/citedby.uri?partnerID=HzOxMe3b&scp=78751559852&origin=inward,,2026-04-12 18:28:51,Article,10.3852/10-198,00275514,https://api.elsevier.com/content/abstract/scopus_id/78751559852,103,1,,,,0.71,10.0,1,14,,,,78751559852,2-s2.0-78751559852
69,Xie L.,Cadmium exposure route affects antioxidant responses in the mayfly Centroptilum triangulifer,2011,Aquatic Toxicology,,https://www.scopus.com/inward/record.uri?partnerID=HzOxMe3b&scp=79960335504&origin=inward,https://www.scopus.com/inward/citedby.uri?partnerID=HzOxMe3b&scp=79960335504&origin=inward,,2026-04-12 18:28:51,Article,10.1016/j.aquatox.2011.06.009,0166445X,https://api.elsevier.com/content/abstract/scopus_id/79960335504,105,3-4,,,,4.93,69.0,1,14,,,,79960335504,2-s2.0-79960335504
2,McCafferty W.P.,A new genus and species of small minnow mayflies (Ephemeroptera: Baetidae) from Far Northern North America,2011,Transactions of the American Entomological Society,,https://www.scopus.com/inward/record.uri?partnerID=HzOxMe3b&scp=84855209888&origin=inward,https://www.scopus.com/inward/citedby.uri?partnerID=HzOxMe3b&scp=84855209888&origin=inward,,2026-04-12 18:28:51,Article,10.3157/061.137.0102,00028320,https://api.elsevier.com/content/abstract/scopus_id/84855209888,137,1-2,,,,0.14,2.0,1,14,,,,84855209888,2-s2.0-84855209888
22,Ogitani M.,"Habitat segregation and genetic relationship of two heptageniid mayflies, Epeorus latifolium and Epeorus l-nigrus, in the Shinano-gawa River basin",2011,Limnology,,https://www.scopus.com/inward/record.uri?partnerID=HzOxMe3b&scp=79959674033&origin=inward,https://www.scopus.com/inward/citedby.uri?partnerID=HzOxMe3b&scp=79959674033&origin=inward,,2026-04-12 18:28:51,Article,10.1007/s10201-010-0328-y,14398621,https://api.elsevier.com/content/abstract/scopus_id/79959674033,12,2,,,,1.57,22.0,1,14,,,,79959674033,2-s2.0-79959674033
15,Prokop J.,"New middle permian palaeopteran insects from lodève basin in southern france (Ephemeroptera, diaphanopterodea, megasecoptera)",2011,Zookeys,,https://www.scopus.com/inward/record.uri?partnerID=HzOxMe3b&scp=84856423649&origin=inward,https://www.scopus.com/inward/citedby.uri?partnerID=HzOxMe3b&scp=84856423649&origin=inward,,2026-04-12 18:28:51,Article,10.3897/zookeys.130.1311,13132989,https://api.elsevier.com/content/abstract/scopus_id/84856423649,130,,,,,1.07,15.0,1,14,,,,84856423649,2-s2.0-84856423649
13,Hamid S.A.,Seasonal changes in mayfly communities and abundance in relation to water physicochemistry in two rivers at different elevations in northern peninsular Malaysia,2011,Wetland Science,,https://www.scopus.com/inward/record.uri?partnerID=HzOxMe3b&scp=83455172458&origin=inward,https://www.scopus.com/inward/citedby.uri?partnerID=HzOxMe3b&scp=83455172458&origin=inward,,2026-04-12 18:28:51,Article,,16725948,https://api.elsevier.com/content/abstract/scopus_id/83455172458,9,3,,,,0.93,13.0,1,14,,,,83455172458,2-s2.0-83455172458
7,Shin E.H.,"Insecticide susceptibility of Ephemera orientalis (Ephemeroptera: Ephemeridae) and two mosquito species, Anopheles sinensis and Culex pipiens in the Republic of Korea",2011,Journal of Asia Pacific Entomology,,https://www.scopus.com/inward/record.uri?partnerID=HzOxMe3b&scp=79955096412&origin=inward,https://www.scopus.com/inward/citedby.uri?partnerID=HzOxMe3b&scp=79955096412&origin=inward,,2026-04-12 18:28:51,Article,10.1016/j.aspen.2011.03.005,12268615,https://api.elsevier.com/content/abstract/scopus_id/79955096412,14,3,,,,0.5,7.0,1,14,,,,79955096412,2-s2.0-79955096412
9,McCafferty W.P.,Notable New North and Central American records of ephemeroptera species,2011,Transactions of the American Entomological Society,,https://www.scopus.com/inward/record.uri?partnerID=HzOxMe3b&scp=84855242013&origin=inward,https://www.scopus.com/inward/citedby.uri?partnerID=HzOxMe3b&scp=84855242013&origin=inward,,2026-04-12 18:28:51,Article,10.3157/061.137.0101,00028320,https://api.elsevier.com/content/abstract/scopus_id/84855242013,137,1-2,,,,0.64,9.0,1,14,,,,84855242013,2-s2.0-84855242013
9,Copeland R.,"The African burrowing mayfly, povilla adusta (Ephemeroptera: Polymitarcyidae), damages hydrilla verticillata (Alismatales: Hydrocharitaceae) in lake tanganyika",2011,Florida Entomologist,,https://www.scopus.com/inward/record.uri?partnerID=HzOxMe3b&scp=80053920443&origin=inward,https://www.scopus.com/inward/citedby.uri?partnerID=HzOxMe3b&scp=80053920443&origin=inward,,2026-04-12 18:28:51,Article,10.1653/024.094.0332,00154040,https://api.elsevier.com/content/abstract/scopus_id/80053920443,94,3,,,,0.64,9.0,1,14,,,,80053920443,2-s2.0-80053920443
49,Schmidt T.S.,Critical tissue residue approach linking accumulated metals in aquatic insects to population and community-level effects,2011,Environmental Science and Technology,,https://www.scopus.com/inward/record.uri?partnerID=HzOxMe3b&scp=80051740625&origin=inward,https://www.scopus.com/inward/citedby.uri?partnerID=HzOxMe3b&scp=80051740625&origin=inward,,2026-04-12 18:28:51,Article,10.1021/es200215s,0013936X,https://api.elsevier.com/content/abstract/scopus_id/80051740625,45,16,,,,3.5,49.0,1,14,,,,80051740625,2-s2.0-80051740625
22,Epele L.,"Life history, seasonal variation and production of Andesiops torrens (Lugo-Ortiz and McCafferty) and Andesiops peruvianus (Ulmer) (Ephemeroptera: Baetidae) in a headwater Patagonian stream",2011,Limnologica,,https://www.scopus.com/inward/record.uri?partnerID=HzOxMe3b&scp=78650076154&origin=inward,https://www.scopus.com/inward/citedby.uri?partnerID=HzOxMe3b&scp=78650076154&origin=inward,,2026-04-12 18:28:51,Article,10.1016/j.limno.2010.07.002,00759511,https://api.elsevier.com/content/abstract/scopus_id/78650076154,41,1,,,,1.57,22.0,1,14,,,,78650076154,2-s2.0-78650076154
72,Cain D.,Bioaccumulation dynamics and exposure routes of Cd and Cu among species of aquatic mayflies,2011,Environmental Toxicology and Chemistry,,https://www.scopus.com/inward/record.uri?partnerID=HzOxMe3b&scp=80054122534&origin=inward,https://www.scopus.com/inward/citedby.uri?partnerID=HzOxMe3b&scp=80054122534&origin=inward,,2026-04-12 18:28:51,Article,10.1002/etc.663,07307268,https://api.elsevier.com/content/abstract/scopus_id/80054122534,30,11,,,,5.14,72.0,1,14,,,,80054122534,2-s2.0-80054122534
9,Albariño R.J.,Altered mayfly distribution due to strong interactions with alien rainbow trout in Andean streams of Patagonia,2011,Limnologica,,https://www.scopus.com/inward/record.uri?partnerID=HzOxMe3b&scp=79957618637&origin=inward,https://www.scopus.com/inward/citedby.uri?partnerID=HzOxMe3b&scp=79957618637&origin=inward,,2026-04-12 18:28:51,Article,10.1016/j.limno.2010.07.004,00759511,https://api.elsevier.com/content/abstract/scopus_id/79957618637,41,3,,,,0.64,9.0,1,14,,,,79957618637,2-s2.0-79957618637
10,Tungpairojwong N.,"New records of Isonychia formosana, Prosopistoma annamense and Prosopistoma sinense (Ephemeroptera) from Thailand",2011,Entomological Research,,https://www.scopus.com/inward/record.uri?partnerID=HzOxMe3b&scp=79952787869&origin=inward,https://www.scopus.com/inward/citedby.uri?partnerID=HzOxMe3b&scp=79952787869&origin=inward,,2026-04-12 18:28:51,Article,10.1111/j.1748-5967.2011.00317.x,17382297,https://api.elsevier.com/content/abstract/scopus_id/79952787869,41,2,,,,0.71,10.0,1,14,,,,79952787869,2-s2.0-79952787869
24,Myers L.W.,"The mayflies (ephemeroptera), stoneflies (plecoptera), and caddisflies (trichoptera) of the Adirondack Park (New York State)",2011,Transactions of the American Entomological Society,,https://www.scopus.com/inward/record.uri?partnerID=HzOxMe3b&scp=84855230912&origin=inward,https://www.scopus.com/inward/citedby.uri?partnerID=HzOxMe3b&scp=84855230912&origin=inward,,2026-04-12 18:28:51,Article,10.3157/061.137.0118,00028320,https://api.elsevier.com/content/abstract/scopus_id/84855230912,137,1-2,,,,1.71,24.0,1,14,,,,84855230912,2-s2.0-84855230912
13,Zrelli S.,"Rhithrogena sartorii, a new mayfly species (Ephemeroptera: Heptageniidae) from North Africa",2011,Zootaxa,,https://www.scopus.com/inward/record.uri?partnerID=HzOxMe3b&scp=84255171140&origin=inward,https://www.scopus.com/inward/citedby.uri?partnerID=HzOxMe3b&scp=84255171140&origin=inward,,2026-04-12 18:28:51,Article,10.11646/zootaxa.3139.1.4,11755326,https://api.elsevier.com/content/abstract/scopus_id/84255171140,,3139,,,,0.93,13.0,1,14,,,,84255171140,2-s2.0-84255171140
54,Daley J.M.,Aquatic to terrestrial transfer of sediment associated persistent organic pollutants is enhanced by bioamplification processes,2011,Environmental Toxicology and Chemistry,,https://www.scopus.com/inward/record.uri?partnerID=HzOxMe3b&scp=80054840298&origin=inward,https://www.scopus.com/inward/citedby.uri?partnerID=HzOxMe3b&scp=80054840298&origin=inward,,2026-04-12 18:28:51,Article,10.1002/etc.608,07307268,https://api.elsevier.com/content/abstract/scopus_id/80054840298,30,9,,,,3.86,54.0,1,14,,,,80054840298,2-s2.0-80054840298
50,Taubmann J.,Modelling range shifts and assessing genetic diversity distribution of the montane aquatic mayfly Ameletus inopinatus in Europe under climate change scenarios,2011,Conservation Genetics,,https://www.scopus.com/inward/record.uri?partnerID=HzOxMe3b&scp=79952699660&origin=inward,https://www.scopus.com/inward/citedby.uri?partnerID=HzOxMe3b&scp=79952699660&origin=inward,,2026-04-12 18:28:51,Article,10.1007/s10592-010-0157-x,15660621,https://api.elsevier.com/content/abstract/scopus_id/79952699660,12,2,,,,3.57,50.0,1,14,,,,79952699660,2-s2.0-79952699660
27,DeVanna K.,Invasive ecosystem engineers on soft sediment change the habitat preferences of native mayflies and their availability to predators,2011,Freshwater Biology,,https://www.scopus.com/inward/record.uri?partnerID=HzOxMe3b&scp=80054017648&origin=inward,https://www.scopus.com/inward/citedby.uri?partnerID=HzOxMe3b&scp=80054017648&origin=inward,,2026-04-12 18:28:51,Article,10.1111/j.1365-2427.2011.02668.x,00465070,https://api.elsevier.com/content/abstract/scopus_id/80054017648,56,12,,,,1.93,27.0,1,14,,,,80054017648,2-s2.0-80054017648
0,Omoigberale M.,Ephemeropteran assemblage as indicators of the water quality status of a tropical river in Nigeria,2011,Asian Journal of Microbiology Biotechnology and Environmental Sciences,,https://www.scopus.com/inward/record.uri?partnerID=HzOxMe3b&scp=79959882113&origin=inward,https://www.scopus.com/inward/citedby.uri?partnerID=HzOxMe3b&scp=79959882113&origin=inward,,2026-04-12 18:28:51,Article,,09723005,https://api.elsevier.com/content/abstract/scopus_id/79959882113,13,1,,,,0.0,0.0,1,14,,,,79959882113,2-s2.0-79959882113
47,Carew M.,Phylogenetic signals and ecotoxicological responses: Potential implications for aquatic biomonitoring,2011,Ecotoxicology,,https://www.scopus.com/inward/record.uri?partnerID=HzOxMe3b&scp=79955823079&origin=inward,https://www.scopus.com/inward/citedby.uri?partnerID=HzOxMe3b&scp=79955823079&origin=inward,,2026-04-12 18:28:51,Review,10.1007/s10646-011-0615-3,09639292,https://api.elsevier.com/content/abstract/scopus_id/79955823079,20,3,,,,3.36,47.0,1,14,,,,79955823079,2-s2.0-79955823079
6,Freeman K.J.,The effects of dreissenid mussels on the survival and condition of burrowing mayflies (Hexagenia spp.) in western Lake Erie,2011,Journal of Great Lakes Research,,https://www.scopus.com/inward/record.uri?partnerID=HzOxMe3b&scp=80052375459&origin=inward,https://www.scopus.com/inward/citedby.uri?partnerID=HzOxMe3b&scp=80052375459&origin=inward,,2026-04-12 18:28:51,Article,10.1016/j.jglr.2011.04.006,03801330,https://api.elsevier.com/content/abstract/scopus_id/80052375459,37,3,,,,0.43,6.0,1,14,,,,80052375459,2-s2.0-80052375459
42,Lucentini L.,"Geographical and seasonal evidence of cryptic diversity in the Baetis rhodani complex (Ephemeroptera, Baetidae) revealed by means of DNA taxonomy",2011,Hydrobiologia,,https://www.scopus.com/inward/record.uri?partnerID=HzOxMe3b&scp=79960556373&origin=inward,https://www.scopus.com/inward/citedby.uri?partnerID=HzOxMe3b&scp=79960556373&origin=inward,,2026-04-12 18:28:51,Article,10.1007/s10750-011-0778-1,00188158,https://api.elsevier.com/content/abstract/scopus_id/79960556373,673,1,,,,3.0,42.0,1,14,,,,79960556373,2-s2.0-79960556373
7,Gray B.R.,Cumulative effects of restoration efforts on ecological characteristics of an open water area within the Upper Mississippi River,2011,River Research and Applications,,https://www.scopus.com/inward/record.uri?partnerID=HzOxMe3b&scp=79957886850&origin=inward,https://www.scopus.com/inward/citedby.uri?partnerID=HzOxMe3b&scp=79957886850&origin=inward,,2026-04-12 18:28:51,Article,10.1002/rra.1375,15351459,https://api.elsevier.com/content/abstract/scopus_id/79957886850,27,5,,,,0.5,7.0,1,14,,,,79957886850,2-s2.0-79957886850
18,Engen S.,"Disentangling the effects of heterogeneity, stochastic dynamics and sampling in a community of aquatic insects",2011,Ecological Modelling,,https://www.scopus.com/inward/record.uri?partnerID=HzOxMe3b&scp=79953025400&origin=inward,https://www.scopus.com/inward/citedby.uri?partnerID=HzOxMe3b&scp=79953025400&origin=inward,,2026-04-12 18:28:51,Article,10.1016/j.ecolmodel.2011.01.008,03043800,https://api.elsevier.com/content/abstract/scopus_id/79953025400,222,8,,,,1.29,18.0,1,14,,,,79953025400,2-s2.0-79953025400
8,Emmerich D.,A new species of Campsurus (Ephemeroptera: Polymitarcyidae: Campsurinae) from Argentina and Uruguay and redescription of C. evanidus and C. jorgenseni with new synonymies,2011,Zootaxa,,https://www.scopus.com/inward/record.uri?partnerID=HzOxMe3b&scp=79960361616&origin=inward,https://www.scopus.com/inward/citedby.uri?partnerID=HzOxMe3b&scp=79960361616&origin=inward,,2026-04-12 18:28:51,Article,10.11646/zootaxa.2965.1.4,11755326,https://api.elsevier.com/content/abstract/scopus_id/79960361616,,2965,,,,0.57,8.0,1,14,,,,79960361616,2-s2.0-79960361616
104,Vuataz L.,Toward a DNA taxonomy of alpine rhithrogena (Ephemeroptera: Heptageniidae) using a mixed yule-coalescent analysis of mitochondrial and nuclear DNA,2011,Plos One,,https://www.scopus.com/inward/record.uri?partnerID=HzOxMe3b&scp=79956096401&origin=inward,https://www.scopus.com/inward/citedby.uri?partnerID=HzOxMe3b&scp=79956096401&origin=inward,,2026-04-12 18:28:51,Article,10.1371/journal.pone.0019728,,https://api.elsevier.com/content/abstract/scopus_id/79956096401,6,5,,,,7.43,104.0,1,14,,,,79956096401,2-s2.0-79956096401
181,Clare E.L.,Eating local: Influences of habitat on the diet of little brown bats (Myotis lucifugus),2011,Molecular Ecology,,https://www.scopus.com/inward/record.uri?partnerID=HzOxMe3b&scp=79953768954&origin=inward,https://www.scopus.com/inward/citedby.uri?partnerID=HzOxMe3b&scp=79953768954&origin=inward,,2026-04-12 18:28:51,Article,10.1111/j.1365-294X.2011.05040.x,09621083,https://api.elsevier.com/content/abstract/scopus_id/79953768954,20,8,,,,12.93,181.0,1,14,,,,79953768954,2-s2.0-79953768954
2,Lampart-Kałuzniacka M.,Assessment of degree of eutrophization of streams of lake trzesiecko based on biotic indicators,2011,Rocznik Ochrona Srodowiska,,https://www.scopus.com/inward/record.uri?partnerID=HzOxMe3b&scp=84857399941&origin=inward,https://www.scopus.com/inward/citedby.uri?partnerID=HzOxMe3b&scp=84857399941&origin=inward,,2026-04-12 18:28:51,Article,,1506218X,https://api.elsevier.com/content/abstract/scopus_id/84857399941,13,1,,,,0.14,2.0,1,14,,,,84857399941,2-s2.0-84857399941
19,Hughes J.,Aquatic insects in Eastern Australia: A window on ecology and evolution of dispersal in streams,2011,Insects,,https://www.scopus.com/inward/record.uri?partnerID=HzOxMe3b&scp=84869058335&origin=inward,https://www.scopus.com/inward/citedby.uri?partnerID=HzOxMe3b&scp=84869058335&origin=inward,,2026-04-12 18:28:51,Review,10.3390/insects2040447,,https://api.elsevier.com/content/abstract/scopus_id/84869058335,2,4,,,,1.36,19.0,1,14,,,,84869058335,2-s2.0-84869058335
1,Ćuk R.,Characteristics of benthic invertebrate communities in streams in the area of Zagreb and Zagreb County,2011,Hrvatske Vode,,https://www.scopus.com/inward/record.uri?partnerID=HzOxMe3b&scp=79959646142&origin=inward,https://www.scopus.com/inward/citedby.uri?partnerID=HzOxMe3b&scp=79959646142&origin=inward,,2026-04-12 18:28:51,Article,,13301144,https://api.elsevier.com/content/abstract/scopus_id/79959646142,19,75,,,,0.07,1.0,1,14,,,,79959646142,2-s2.0-79959646142
7,Fincke O.M.,"Effects of zebra mussel attachment on the foraging behaviour of a larval dragonfly, Macromia illinoiensis",2011,Ecological Entomology,,https://www.scopus.com/inward/record.uri?partnerID=HzOxMe3b&scp=81855211001&origin=inward,https://www.scopus.com/inward/citedby.uri?partnerID=HzOxMe3b&scp=81855211001&origin=inward,,2026-04-12 18:28:51,Article,10.1111/j.1365-2311.2011.01329.x,03076946,https://api.elsevier.com/content/abstract/scopus_id/81855211001,36,6,,,,0.5,7.0,1,14,,,,81855211001,2-s2.0-81855211001
14,Mariano R.,"Four new species, a new synonymy and new record for Thraulodes Ulmer 1920 (Ephemeroptera: Leptophlebiidae: Atalophlebiinae)",2011,Annales De Limnologie,,https://www.scopus.com/inward/record.uri?partnerID=HzOxMe3b&scp=84856619100&origin=inward,https://www.scopus.com/inward/citedby.uri?partnerID=HzOxMe3b&scp=84856619100&origin=inward,,2026-04-12 18:28:51,Article,10.1051/limn/2011044,00034088,https://api.elsevier.com/content/abstract/scopus_id/84856619100,47,4,,,,1.0,14.0,1,14,,,,84856619100,2-s2.0-84856619100
3,Odom A.,"Distinguishing among declarative, descriptive and causal questions to guide field investigations and student assessment",2011,Journal of Biological Education,,https://www.scopus.com/inward/record.uri?partnerID=HzOxMe3b&scp=81255209305&origin=inward,https://www.scopus.com/inward/citedby.uri?partnerID=HzOxMe3b&scp=81255209305&origin=inward,,2026-04-12 18:28:51,Article,10.1080/00219266.2010.549495,00219266,https://api.elsevier.com/content/abstract/scopus_id/81255209305,45,4,,,,0.21,3.0,1,14,,,,81255209305,2-s2.0-81255209305
25,Baggiano O.,The role of altitude and associated habitat stability in determining patterns of population genetic structure in two species of Atalophlebia (Ephemeroptera: Leptophlebiidae),2011,Freshwater Biology,,https://www.scopus.com/inward/record.uri?partnerID=HzOxMe3b&scp=78650963449&origin=inward,https://www.scopus.com/inward/citedby.uri?partnerID=HzOxMe3b&scp=78650963449&origin=inward,,2026-04-12 18:28:51,Article,10.1111/j.1365-2427.2010.02490.x,00465070,https://api.elsevier.com/content/abstract/scopus_id/78650963449,56,2,,,,1.79,25.0,1,14,,,,78650963449,2-s2.0-78650963449
32,Knecht R.J.,Late Carboniferous paleoichnology reveals the oldest full-body impression of a flying insect,2011,Proceedings of the National Academy of Sciences of the United States of America,,https://www.scopus.com/inward/record.uri?partnerID=HzOxMe3b&scp=79955628160&origin=inward,https://www.scopus.com/inward/citedby.uri?partnerID=HzOxMe3b&scp=79955628160&origin=inward,,2026-04-12 18:28:51,Article,10.1073/pnas.1015948108,00278424,https://api.elsevier.com/content/abstract/scopus_id/79955628160,108,16,,,,2.29,32.0,1,14,,,,79955628160,2-s2.0-79955628160
31,Li J.L.,Three responses to small changes in stream temperature by autumn-emerging aquatic insects,2011,Journal of the North American Benthological Society,,https://www.scopus.com/inward/record.uri?partnerID=HzOxMe3b&scp=79955083669&origin=inward,https://www.scopus.com/inward/citedby.uri?partnerID=HzOxMe3b&scp=79955083669&origin=inward,,2026-04-12 18:28:51,Article,10.1899/10-024.1,08873593,https://api.elsevier.com/content/abstract/scopus_id/79955083669,30,2,,,,2.21,31.0,1,14,,,,79955083669,2-s2.0-79955083669
40,Lancaster J.,Lasting effects of maternal behaviour on the distribution of a dispersive stream insect,2011,Journal of Animal Ecology,,https://www.scopus.com/inward/record.uri?partnerID=HzOxMe3b&scp=79960846486&origin=inward,https://www.scopus.com/inward/citedby.uri?partnerID=HzOxMe3b&scp=79960846486&origin=inward,,2026-04-12 18:28:51,Article,10.1111/j.1365-2656.2011.01847.x,00218790,https://api.elsevier.com/content/abstract/scopus_id/79960846486,80,5,,,,2.86,40.0,1,14,,,,79960846486,2-s2.0-79960846486
14,Phiri C.,"The effect of plant density on epiphytic macroinvertebrates associated with a submerged macrophyte, Lagarosiphon ilicifolius Obermeyer, in Lake Kariba, Zimbabwe",2011,African Journal of Aquatic Science,,https://www.scopus.com/inward/record.uri?partnerID=HzOxMe3b&scp=84855477926&origin=inward,https://www.scopus.com/inward/citedby.uri?partnerID=HzOxMe3b&scp=84855477926&origin=inward,,2026-04-12 18:28:51,Article,10.2989/16085914.2011.636907,16085914,https://api.elsevier.com/content/abstract/scopus_id/84855477926,36,3,,,,1.0,14.0,1,14,,,,84855477926,2-s2.0-84855477926
17,Sabando M.C.,Contrasting population genetic structure of two widespread aquatic insects in the Chilean high-slope rivers,2011,Marine and Freshwater Research,,https://www.scopus.com/inward/record.uri?partnerID=HzOxMe3b&scp=79551496701&origin=inward,https://www.scopus.com/inward/citedby.uri?partnerID=HzOxMe3b&scp=79551496701&origin=inward,,2026-04-12 18:28:51,Article,10.1071/MF10105,13231650,https://api.elsevier.com/content/abstract/scopus_id/79551496701,62,1,,,,1.21,17.0,1,14,,,,79551496701,2-s2.0-79551496701
4,Peckarsky B.L.,Why do vulnerable mayflies thrive in trout streams?,2011,American Entomologist,,https://www.scopus.com/inward/record.uri?partnerID=HzOxMe3b&scp=84906269867&origin=inward,https://www.scopus.com/inward/citedby.uri?partnerID=HzOxMe3b&scp=84906269867&origin=inward,,2026-04-12 18:28:51,Article,10.1093/ae/57.3.152,10462821,https://api.elsevier.com/content/abstract/scopus_id/84906269867,57,3,,,,0.29,4.0,1,14,,,,84906269867,2-s2.0-84906269867
0,,Mayflies in the mist,2011,Wading for Bugs Exploring Streams with the Experts,,https://www.scopus.com/inward/record.uri?partnerID=HzOxMe3b&scp=84903047005&origin=inward,https://www.scopus.com/inward/citedby.uri?partnerID=HzOxMe3b&scp=84903047005&origin=inward,,2026-04-12 18:28:51,Book Chapter,,,https://api.elsevier.com/content/abstract/scopus_id/84903047005,,,,,,0.0,0.0,0,14,,,,84903047005,2-s2.0-84903047005
0,Corkum L.,Mayflies and fly fishing at the forks of the credit,2011,Wading for Bugs Exploring Streams with the Experts,,https://www.scopus.com/inward/record.uri?partnerID=HzOxMe3b&scp=84903116149&origin=inward,https://www.scopus.com/inward/citedby.uri?partnerID=HzOxMe3b&scp=84903116149&origin=inward,,2026-04-12 18:28:51,Book Chapter,,,https://api.elsevier.com/content/abstract/scopus_id/84903116149,,,,,,0.0,0.0,1,14,,,,84903116149,2-s2.0-84903116149
80,Zobitz J.M.,A primer for data assimilation with ecological models using Markov Chain Monte Carlo (MCMC),2011,Oecologia,,https://www.scopus.com/inward/record.uri?partnerID=HzOxMe3b&scp=80054028186&origin=inward,https://www.scopus.com/inward/citedby.uri?partnerID=HzOxMe3b&scp=80054028186&origin=inward,,2026-04-12 18:28:51,Review,10.1007/s00442-011-2107-9,00298549,https://api.elsevier.com/content/abstract/scopus_id/80054028186,167,3,,,,5.71,80.0,1,14,,,,80054028186,2-s2.0-80054028186
27,Van Geest J.,Accumulation and depuration of polychlorinated biphenyls from field-collected sediment in three freshwater organisms,2011,Environmental Science and Technology,,https://www.scopus.com/inward/record.uri?partnerID=HzOxMe3b&scp=80051723562&origin=inward,https://www.scopus.com/inward/citedby.uri?partnerID=HzOxMe3b&scp=80051723562&origin=inward,,2026-04-12 18:28:51,Article,10.1021/es1043744,0013936X,https://api.elsevier.com/content/abstract/scopus_id/80051723562,45,16,,,,1.93,27.0,1,14,,,,80051723562,2-s2.0-80051723562
14,Zafar M.I.,Effects of time-variable exposure regimes of the insecticide chlorpyrifos on freshwater invertebrate communities in microcosms,2011,Environmental Toxicology and Chemistry,,https://www.scopus.com/inward/record.uri?partnerID=HzOxMe3b&scp=79955707105&origin=inward,https://www.scopus.com/inward/citedby.uri?partnerID=HzOxMe3b&scp=79955707105&origin=inward,,2026-04-12 18:28:51,Article,10.1002/etc.509,07307268,https://api.elsevier.com/content/abstract/scopus_id/79955707105,30,6,,,,1.0,14.0,1,14,,,,79955707105,2-s2.0-79955707105
37,Ahmadi R.,Macro-invertebrates in the wetlands of the Zarrineh estuary at the south of urmia lake (Iran),2011,International Journal of Environmental Research,,https://www.scopus.com/inward/record.uri?partnerID=HzOxMe3b&scp=80053352850&origin=inward,https://www.scopus.com/inward/citedby.uri?partnerID=HzOxMe3b&scp=80053352850&origin=inward,,2026-04-12 18:28:51,Article,,17356865,https://api.elsevier.com/content/abstract/scopus_id/80053352850,5,4,,,,2.64,37.0,1,14,,,,80053352850,2-s2.0-80053352850
28,Iwasaki Y.,Effect of zinc on diversity of riverine benthic macroinvertebrates: Estimation of safe concentrations from field data,2011,Environmental Toxicology and Chemistry,,https://www.scopus.com/inward/record.uri?partnerID=HzOxMe3b&scp=80052621346&origin=inward,https://www.scopus.com/inward/citedby.uri?partnerID=HzOxMe3b&scp=80052621346&origin=inward,,2026-04-12 18:28:51,Article,10.1002/etc.612,07307268,https://api.elsevier.com/content/abstract/scopus_id/80052621346,30,10,,,,2.0,28.0,1,14,,,,80052621346,2-s2.0-80052621346
0,Woodling J.,The ghost mayfly,2011,Wading for Bugs Exploring Streams with the Experts,,https://www.scopus.com/inward/record.uri?partnerID=HzOxMe3b&scp=84903015701&origin=inward,https://www.scopus.com/inward/citedby.uri?partnerID=HzOxMe3b&scp=84903015701&origin=inward,,2026-04-12 18:28:51,Book Chapter,,,https://api.elsevier.com/content/abstract/scopus_id/84903015701,,,,,,0.0,0.0,1,14,,,,84903015701,2-s2.0-84903015701
0,Barbour M.,Emergence of a mayfly: Nuisance or blessing?,2011,Wading for Bugs Exploring Streams with the Experts,,https://www.scopus.com/inward/record.uri?partnerID=HzOxMe3b&scp=84903009408&origin=inward,https://www.scopus.com/inward/citedby.uri?partnerID=HzOxMe3b&scp=84903009408&origin=inward,,2026-04-12 18:28:51,Book Chapter,,,https://api.elsevier.com/content/abstract/scopus_id/84903009408,,,,,,0.0,0.0,1,14,,,,84903009408,2-s2.0-84903009408
14,Ramchunder S.J.,Spatial and seasonal variability of peatland stream ecosystems,2011,Ecohydrology,,https://www.scopus.com/inward/record.uri?partnerID=HzOxMe3b&scp=79960477652&origin=inward,https://www.scopus.com/inward/citedby.uri?partnerID=HzOxMe3b&scp=79960477652&origin=inward,,2026-04-12 18:28:51,Article,10.1002/eco.189,19360584,https://api.elsevier.com/content/abstract/scopus_id/79960477652,4,4,,,,1.0,14.0,1,14,,,,79960477652,2-s2.0-79960477652
161,Stiers I.,Impact of three aquatic invasive species on native plants and macroinvertebrates in temperate ponds,2011,Biological Invasions,,https://www.scopus.com/inward/record.uri?partnerID=HzOxMe3b&scp=80255127445&origin=inward,https://www.scopus.com/inward/citedby.uri?partnerID=HzOxMe3b&scp=80255127445&origin=inward,,2026-04-12 18:28:51,Article,10.1007/s10530-011-9942-9,13873547,https://api.elsevier.com/content/abstract/scopus_id/80255127445,13,12,,,,11.5,161.0,1,14,,,,80255127445,2-s2.0-80255127445
8,Lima L.R.C.,New species of Leptohyphidae (Ephemeroptera) from northeastern Brazil,2011,Zootaxa,,https://www.scopus.com/inward/record.uri?partnerID=HzOxMe3b&scp=80053580196&origin=inward,https://www.scopus.com/inward/citedby.uri?partnerID=HzOxMe3b&scp=80053580196&origin=inward,,2026-04-12 18:28:51,Article,10.11646/zootaxa.3050.1.4,11755326,https://api.elsevier.com/content/abstract/scopus_id/80053580196,,3050,,,,0.57,8.0,1,14,,,,80053580196,2-s2.0-80053580196
9,do Nascimento J.,"Two-winged Leptophlebiidae (Ephemeroptera) from Brazil: New species, records and stage description",2011,Aquatic Insects,,https://www.scopus.com/inward/record.uri?partnerID=HzOxMe3b&scp=84858012668&origin=inward,https://www.scopus.com/inward/citedby.uri?partnerID=HzOxMe3b&scp=84858012668&origin=inward,,2026-04-12 18:28:51,Article,10.1080/01650424.2011.597408,01650424,https://api.elsevier.com/content/abstract/scopus_id/84858012668,33,3,,,,0.64,9.0,1,14,,,,84858012668,2-s2.0-84858012668
2,Goulden C.E.,The need for capacity building for biomonitoring of lakes and streams in Asia,2011,Lakes and Reservoirs Science Policy and Management for Sustainable Use,,https://www.scopus.com/inward/record.uri?partnerID=HzOxMe3b&scp=79959293058&origin=inward,https://www.scopus.com/inward/citedby.uri?partnerID=HzOxMe3b&scp=79959293058&origin=inward,,2026-04-12 18:28:51,Article,10.1111/j.1440-1770.2011.00455.x,13205331,https://api.elsevier.com/content/abstract/scopus_id/79959293058,16,2,,,,0.14,2.0,1,14,,,,79959293058,2-s2.0-79959293058
0,Pessacq P.,"A New generic synonymy for leptophlebiidae (Ephemeroptera) from patagonia, and descripti ons of female and subimagos of dactylophlebia carnulenta pescador & Peters",2011,Neotropical Entomology,,https://www.scopus.com/inward/record.uri?partnerID=HzOxMe3b&scp=79952946678&origin=inward,https://www.scopus.com/inward/citedby.uri?partnerID=HzOxMe3b&scp=79952946678&origin=inward,,2026-04-12 18:28:51,Article,10.1590/S1519-566X2011000100016,1519566X,https://api.elsevier.com/content/abstract/scopus_id/79952946678,40,1,,,,0.0,0.0,1,14,,,,79952946678,2-s2.0-79952946678
6,Gonçalves I.C.,"First record and new species of tortopsis Molineri, 2010 (Ephemeroptera, polymitarcyidae) from Brazil",2011,Zootaxa,,https://www.scopus.com/inward/record.uri?partnerID=HzOxMe3b&scp=79955680269&origin=inward,https://www.scopus.com/inward/citedby.uri?partnerID=HzOxMe3b&scp=79955680269&origin=inward,,2026-04-12 18:28:51,Article,10.11646/zootaxa.2866.1.3,11755326,https://api.elsevier.com/content/abstract/scopus_id/79955680269,,2866,,,,0.43,6.0,1,14,,,,79955680269,2-s2.0-79955680269
29,Gregoriẑ M.,"Darwin's bark spider: Giant prey in giant orb webs (Caerostris darwini, Araneae: Araneidae)?",2011,Journal of Arachnology,,https://www.scopus.com/inward/record.uri?partnerID=HzOxMe3b&scp=80054094286&origin=inward,https://www.scopus.com/inward/citedby.uri?partnerID=HzOxMe3b&scp=80054094286&origin=inward,,2026-04-12 18:28:51,Article,10.1636/CB10-95.1,01618202,https://api.elsevier.com/content/abstract/scopus_id/80054094286,39,2,,,,2.07,29.0,1,14,,,,80054094286,2-s2.0-80054094286
26,Albertson L.,Impacts of channel reconstruction on invertebrate assemblages in a restored river,2011,Restoration Ecology,,https://www.scopus.com/inward/record.uri?partnerID=HzOxMe3b&scp=80052599313&origin=inward,https://www.scopus.com/inward/citedby.uri?partnerID=HzOxMe3b&scp=80052599313&origin=inward,,2026-04-12 18:28:51,Article,10.1111/j.1526-100X.2010.00672.x,10612971,https://api.elsevier.com/content/abstract/scopus_id/80052599313,19,5,,,,1.86,26.0,1,14,,,,80052599313,2-s2.0-80052599313
13,Molineri C.,A new species of Asthenopus (Ephemeroptera: Polymitarcyidae: Asthenopodinae) from Brazil and Colombia,2011,Zootaxa,,https://www.scopus.com/inward/record.uri?partnerID=HzOxMe3b&scp=79251585941&origin=inward,https://www.scopus.com/inward/citedby.uri?partnerID=HzOxMe3b&scp=79251585941&origin=inward,,2026-04-12 18:28:51,Article,10.11646/zootaxa.2750.1.3,11755326,https://api.elsevier.com/content/abstract/scopus_id/79251585941,,2750,,,,0.93,13.0,1,14,,,,79251585941,2-s2.0-79251585941
23,Pérez-Fuentetaja A.,Clostridium botulinum type E in Lake Erie: Inter-annual differences and role of benthic invertebrates,2011,Journal of Great Lakes Research,,https://www.scopus.com/inward/record.uri?partnerID=HzOxMe3b&scp=79958023690&origin=inward,https://www.scopus.com/inward/citedby.uri?partnerID=HzOxMe3b&scp=79958023690&origin=inward,,2026-04-12 18:28:51,Article,10.1016/j.jglr.2011.03.013,03801330,https://api.elsevier.com/content/abstract/scopus_id/79958023690,37,2,,,,1.64,23.0,1,14,,,,79958023690,2-s2.0-79958023690
10,Salinas L.G.,Three new species of Baetodes Needham & Murphy (Ephemeroptera: Baetidae) from Colombia,2011,Zootaxa,,https://www.scopus.com/inward/record.uri?partnerID=HzOxMe3b&scp=82355163453&origin=inward,https://www.scopus.com/inward/citedby.uri?partnerID=HzOxMe3b&scp=82355163453&origin=inward,,2026-04-12 18:28:51,Article,10.11646/zootaxa.3110.1.6,11755326,https://api.elsevier.com/content/abstract/scopus_id/82355163453,,3110,,,,0.71,10.0,1,14,,,,82355163453,2-s2.0-82355163453
19,Van Geest J.,A comparison of the bioaccumulation potential of three freshwater organisms exposed to sediment-associated contaminants under laboratory conditions,2011,Environmental Toxicology and Chemistry,,https://www.scopus.com/inward/record.uri?partnerID=HzOxMe3b&scp=79952307958&origin=inward,https://www.scopus.com/inward/citedby.uri?partnerID=HzOxMe3b&scp=79952307958&origin=inward,,2026-04-12 18:28:51,Article,10.1002/etc.456,07307268,https://api.elsevier.com/content/abstract/scopus_id/79952307958,30,4,,,,1.36,19.0,1,14,,,,79952307958,2-s2.0-79952307958
16,Nelson S.M.,Response of stream macroinvertebrate assemblages to erosion control structures in a wastewater dominated urban stream in the southwestern U.S.,2011,Hydrobiologia,,https://www.scopus.com/inward/record.uri?partnerID=HzOxMe3b&scp=79959807803&origin=inward,https://www.scopus.com/inward/citedby.uri?partnerID=HzOxMe3b&scp=79959807803&origin=inward,,2026-04-12 18:28:51,Article,10.1007/s10750-010-0550-y,00188158,https://api.elsevier.com/content/abstract/scopus_id/79959807803,663,1,,,,1.14,16.0,1,14,,,,79959807803,2-s2.0-79959807803
11,Salles F.,Review of the genus Aturbina Lugo-Ortiz & McCafferty (Ephemeroptera: Baetidae),2011,Annales De Limnologie,,https://www.scopus.com/inward/record.uri?partnerID=HzOxMe3b&scp=79961066965&origin=inward,https://www.scopus.com/inward/citedby.uri?partnerID=HzOxMe3b&scp=79961066965&origin=inward,,2026-04-12 18:28:51,Review,10.1051/limn/2010100,00034088,https://api.elsevier.com/content/abstract/scopus_id/79961066965,47,1,,,,0.79,11.0,1,14,,,,79961066965,2-s2.0-79961066965
9,Massariol F.C.,"Two new species of Cloeodes Traver (Ephemeroptera: Baetidae) from Espírito Santo, Southeastern Brazil",2011,Zootaxa,,https://www.scopus.com/inward/record.uri?partnerID=HzOxMe3b&scp=80054013679&origin=inward,https://www.scopus.com/inward/citedby.uri?partnerID=HzOxMe3b&scp=80054013679&origin=inward,,2026-04-12 18:28:51,Article,10.11646/zootaxa.3058.1.1,11755326,https://api.elsevier.com/content/abstract/scopus_id/80054013679,,3058,,,,0.64,9.0,1,14,,,,80054013679,2-s2.0-80054013679
9,Fujitani T.,"Three species of a genus Tenuibaetis (Ephemeroptera: Baetidae) from Japan, with description of a new species",2011,Limnology,,https://www.scopus.com/inward/record.uri?partnerID=HzOxMe3b&scp=80255127370&origin=inward,https://www.scopus.com/inward/citedby.uri?partnerID=HzOxMe3b&scp=80255127370&origin=inward,,2026-04-12 18:28:51,Article,10.1007/s10201-010-0342-0,14398621,https://api.elsevier.com/content/abstract/scopus_id/80255127370,12,3,,,,0.64,9.0,1,14,,,,80255127370,2-s2.0-80255127370
12,Salles F.F.,New species and new records of Miroculis Edmunds (Ephemeroptera: Leptophlebiidae) from Southeastern Brazil,2011,Zootaxa,,https://www.scopus.com/inward/record.uri?partnerID=HzOxMe3b&scp=78751558976&origin=inward,https://www.scopus.com/inward/citedby.uri?partnerID=HzOxMe3b&scp=78751558976&origin=inward,,2026-04-12 18:28:51,Article,10.11646/zootaxa.2740.1.5,11755326,https://api.elsevier.com/content/abstract/scopus_id/78751558976,,2740,,,,0.86,12.0,1,14,,,,78751558976,2-s2.0-78751558976
1,López-Rodríguez M.,The unusual life history of a southern Iberian Peninsula population of Torleya major (Ephemeroptera: Ephemerellidae),2011,Insect Science,,https://www.scopus.com/inward/record.uri?partnerID=HzOxMe3b&scp=80053426091&origin=inward,https://www.scopus.com/inward/citedby.uri?partnerID=HzOxMe3b&scp=80053426091&origin=inward,,2026-04-12 18:28:51,Article,10.1111/j.1744-7917.2010.01373.x,16729609,https://api.elsevier.com/content/abstract/scopus_id/80053426091,18,5,,,,0.07,1.0,1,14,,,,80053426091,2-s2.0-80053426091
10,Cruz P.,Apobaetis Day (Ephemeroptera: Baetidae) from northern Brazil: Description of a new species and of the male imago of A. fiuzai Salles & Lugo-Ortiz,2011,Aquatic Insects,,https://www.scopus.com/inward/record.uri?partnerID=HzOxMe3b&scp=80052298963&origin=inward,https://www.scopus.com/inward/citedby.uri?partnerID=HzOxMe3b&scp=80052298963&origin=inward,,2026-04-12 18:28:51,Article,10.1080/01650424.2011.572557,01650424,https://api.elsevier.com/content/abstract/scopus_id/80052298963,33,1,,,,0.71,10.0,1,14,,,,80052298963,2-s2.0-80052298963
42,Gergs R.,"Temporal variation in zebra mussel (Dreissena polymorpha) density structure the benthic food web and community composition on hard substrates in Lake Constance, Germany",2011,Biological Invasions,,https://www.scopus.com/inward/record.uri?partnerID=HzOxMe3b&scp=80255138762&origin=inward,https://www.scopus.com/inward/citedby.uri?partnerID=HzOxMe3b&scp=80255138762&origin=inward,,2026-04-12 18:28:51,Article,10.1007/s10530-011-9943-8,13873547,https://api.elsevier.com/content/abstract/scopus_id/80255138762,13,12,,,,3.0,42.0,1,14,,,,80255138762,2-s2.0-80255138762
5,Dias L.G.,Association of nymphs and adults of Ephemeroptera (Insecta) using the amplified fragment length polymorphism (AFLP) technique,2011,Annales De Limnologie,,https://www.scopus.com/inward/record.uri?partnerID=HzOxMe3b&scp=79961097629&origin=inward,https://www.scopus.com/inward/citedby.uri?partnerID=HzOxMe3b&scp=79961097629&origin=inward,,2026-04-12 18:28:51,Article,10.1051/limn/2011005,00034088,https://api.elsevier.com/content/abstract/scopus_id/79961097629,47,2,,,,0.36,5.0,1,14,,,,79961097629,2-s2.0-79961097629
31,Barquín J.,Downstream changes in spring-fed stream invertebrate communities: The effect of increased temperature range?,2011,Journal of Limnology,,https://www.scopus.com/inward/record.uri?partnerID=HzOxMe3b&scp=79951627352&origin=inward,https://www.scopus.com/inward/citedby.uri?partnerID=HzOxMe3b&scp=79951627352&origin=inward,,2026-04-12 18:28:51,Article,10.3274/JL11-70-S1-10,11295767,https://api.elsevier.com/content/abstract/scopus_id/79951627352,70,SUPPL.,,,,2.21,31.0,1,14,,,,79951627352,2-s2.0-79951627352
6,Kolm N.,"Environmental correlates of diet in the swordtail characin (Corynopoma riisei, gill)",2011,Environmental Biology of Fishes,,https://www.scopus.com/inward/record.uri?partnerID=HzOxMe3b&scp=80052290868&origin=inward,https://www.scopus.com/inward/citedby.uri?partnerID=HzOxMe3b&scp=80052290868&origin=inward,,2026-04-12 18:28:51,Article,10.1007/s10641-011-9825-z,03781909,https://api.elsevier.com/content/abstract/scopus_id/80052290868,92,2,,,,0.43,6.0,1,14,,,,80052290868,2-s2.0-80052290868
12,Van Geest J.,The effect of organism density on bioaccumulation of contaminants from sediment in three aquatic test species: A case for standardizing to sediment organic carbon,2011,Archives of Environmental Contamination and Toxicology,,https://www.scopus.com/inward/record.uri?partnerID=HzOxMe3b&scp=79955943210&origin=inward,https://www.scopus.com/inward/citedby.uri?partnerID=HzOxMe3b&scp=79955943210&origin=inward,,2026-04-12 18:28:51,Article,10.1007/s00244-010-9573-7,00904341,https://api.elsevier.com/content/abstract/scopus_id/79955943210,60,4,,,,0.86,12.0,1,14,,,,79955943210,2-s2.0-79955943210
45,Verspoor J.,Persistent ecological effects of a salmon-derived nutrient pulse on stream invertebrate communities,2011,Ecosphere,,https://www.scopus.com/inward/record.uri?partnerID=HzOxMe3b&scp=80052067005&origin=inward,https://www.scopus.com/inward/citedby.uri?partnerID=HzOxMe3b&scp=80052067005&origin=inward,,2026-04-12 18:28:51,Article,10.1890/ES10-00011.1,,https://api.elsevier.com/content/abstract/scopus_id/80052067005,2,2,,,,3.21,45.0,1,14,,,,80052067005,2-s2.0-80052067005
11,Sychra J.,The impact of sediment removal on the aquatic macroinvertebrate assemblage in a fishpond littoral zone,2011,Journal of Limnology,,https://www.scopus.com/inward/record.uri?partnerID=HzOxMe3b&scp=79951609914&origin=inward,https://www.scopus.com/inward/citedby.uri?partnerID=HzOxMe3b&scp=79951609914&origin=inward,,2026-04-12 18:28:51,Article,10.3274/JL11-70-1-15,11295767,https://api.elsevier.com/content/abstract/scopus_id/79951609914,70,1,,,,0.79,11.0,1,14,,,,79951609914,2-s2.0-79951609914
51,Pilgrim E.M.,Incorporation of DNA barcoding into a large-scale biomonitoring program: Opportunities and pitfalls,2011,Journal of the North American Benthological Society,,https://www.scopus.com/inward/record.uri?partnerID=HzOxMe3b&scp=79952257076&origin=inward,https://www.scopus.com/inward/citedby.uri?partnerID=HzOxMe3b&scp=79952257076&origin=inward,,2026-04-12 18:28:51,Article,10.1899/10-012.1,08873593,https://api.elsevier.com/content/abstract/scopus_id/79952257076,30,1,,,,3.64,51.0,1,14,,,,79952257076,2-s2.0-79952257076
31,Hamid S.A.,"Influence of substrate embeddedness and canopy cover on the distribution of Ephemeroptera, Plecoptera and Trichoptera (EPT) in tropical rivers",2011,Aquatic Insects,,https://www.scopus.com/inward/record.uri?partnerID=HzOxMe3b&scp=84858034730&origin=inward,https://www.scopus.com/inward/citedby.uri?partnerID=HzOxMe3b&scp=84858034730&origin=inward,,2026-04-12 18:28:51,Article,10.1080/01650424.2011.640940,01650424,https://api.elsevier.com/content/abstract/scopus_id/84858034730,33,4,,,,2.21,31.0,1,14,,,,84858034730,2-s2.0-84858034730
2,Moya N.,Development of a multimetric index based on aquatic macroinvertebrates to assess the biological integrity in streams of the Bolivian inter-Andean valleys,2011,Ecologia Austral,,https://www.scopus.com/inward/record.uri?partnerID=HzOxMe3b&scp=79961236995&origin=inward,https://www.scopus.com/inward/citedby.uri?partnerID=HzOxMe3b&scp=79961236995&origin=inward,,2026-04-12 18:28:51,Article,,03275477,https://api.elsevier.com/content/abstract/scopus_id/79961236995,21,2,,,,0.14,2.0,1,14,,,,79961236995,2-s2.0-79961236995
26,Maiolini B.,"Ephemeroptera, Plecoptera and Trichoptera in springs in Trentino (south-eastern Alps)",2011,Journal of Limnology,,https://www.scopus.com/inward/record.uri?partnerID=HzOxMe3b&scp=79951651476&origin=inward,https://www.scopus.com/inward/citedby.uri?partnerID=HzOxMe3b&scp=79951651476&origin=inward,,2026-04-12 18:28:51,Article,10.4081/jlimnol.2011.s1.122,11295767,https://api.elsevier.com/content/abstract/scopus_id/79951651476,70,SUPPL.,,,,1.86,26.0,1,14,,,,79951651476,2-s2.0-79951651476
3,Webb J.M.,"Contributions to the larvae of North American Nixe (Ephemeroptera: Heptageniidae), with the description of N. dorothae sp. Nov. from southern Indiana",2011,Zootaxa,,https://www.scopus.com/inward/record.uri?partnerID=HzOxMe3b&scp=80054932326&origin=inward,https://www.scopus.com/inward/citedby.uri?partnerID=HzOxMe3b&scp=80054932326&origin=inward,,2026-04-12 18:28:51,Article,10.11646/zootaxa.3065.1.3,11755326,https://api.elsevier.com/content/abstract/scopus_id/80054932326,,3065,,,,0.21,3.0,1,14,,,,80054932326,2-s2.0-80054932326
27,Mundahl N.,"Recovery of stream invertebrates after catastrophic flooding in southeastern Minnesota, USA",2011,Journal of Freshwater Ecology,,https://www.scopus.com/inward/record.uri?partnerID=HzOxMe3b&scp=83155182094&origin=inward,https://www.scopus.com/inward/citedby.uri?partnerID=HzOxMe3b&scp=83155182094&origin=inward,,2026-04-12 18:28:51,Article,10.1080/02705060.2011.596657,02705060,https://api.elsevier.com/content/abstract/scopus_id/83155182094,26,4,,,,1.93,27.0,1,14,,,,83155182094,2-s2.0-83155182094
26,Falcão J.,"Baetidae (Insecta, Ephemeroptera) from Roraima, Brazil: New records and a key to genera and species at nymphal stage",2011,Revista Brasileira De Entomologia,,https://www.scopus.com/inward/record.uri?partnerID=HzOxMe3b&scp=84861712892&origin=inward,https://www.scopus.com/inward/citedby.uri?partnerID=HzOxMe3b&scp=84861712892&origin=inward,,2026-04-12 18:28:51,Article,10.1590/S0085-56262011005000048,00855626,https://api.elsevier.com/content/abstract/scopus_id/84861712892,55,4,,,,1.86,26.0,1,14,,,,84861712892,2-s2.0-84861712892
39,Uieda V.,Feeding selectivity of ichthyofauna in a tropical stream: Space-time variations in trophic plasticity,2011,Community Ecology,,https://www.scopus.com/inward/record.uri?partnerID=HzOxMe3b&scp=79958802316&origin=inward,https://www.scopus.com/inward/citedby.uri?partnerID=HzOxMe3b&scp=79958802316&origin=inward,,2026-04-12 18:28:51,Article,10.1556/ComEc.12.2011.1.5,15858553,https://api.elsevier.com/content/abstract/scopus_id/79958802316,12,1,,,,2.79,39.0,1,14,,,,79958802316,2-s2.0-79958802316
14,Malzacher P.,The West African species of Caenis Stephens (Insecta: Ephemeroptera),2011,Stuttgarter Beitrage Zur Naturkunde Serie A Biologie,,https://www.scopus.com/inward/record.uri?partnerID=HzOxMe3b&scp=84870506671&origin=inward,https://www.scopus.com/inward/citedby.uri?partnerID=HzOxMe3b&scp=84870506671&origin=inward,,2026-04-12 18:28:51,Article,,03410145,https://api.elsevier.com/content/abstract/scopus_id/84870506671,4,,,,,1.0,14.0,1,14,,,,84870506671,2-s2.0-84870506671
63,Merriam E.,Additive effects of mining and residential development on stream conditions in a central Appalachian watershed,2011,Journal of the North American Benthological Society,,https://www.scopus.com/inward/record.uri?partnerID=HzOxMe3b&scp=79955095091&origin=inward,https://www.scopus.com/inward/citedby.uri?partnerID=HzOxMe3b&scp=79955095091&origin=inward,,2026-04-12 18:28:51,Article,10.1899/10-079.1,08873593,https://api.elsevier.com/content/abstract/scopus_id/79955095091,30,2,,,,4.5,63.0,1,14,,,,79955095091,2-s2.0-79955095091
8,Nieto C.,Parakari a new genus of the family Baetidae (Insecta: Ephemeroptera) from Guyana Highlands,2011,Zootaxa,,https://www.scopus.com/inward/record.uri?partnerID=HzOxMe3b&scp=80053016509&origin=inward,https://www.scopus.com/inward/citedby.uri?partnerID=HzOxMe3b&scp=80053016509&origin=inward,,2026-04-12 18:28:51,Article,10.11646/zootaxa.3032.1.5,11755326,https://api.elsevier.com/content/abstract/scopus_id/80053016509,,3032,,,,0.57,8.0,1,14,,,,80053016509,2-s2.0-80053016509
4,Judson S.,"Diversity, phenology, and elevational distribution of ephemeroptera, plecoptera, and trichoptera in American Fork Canyon, Utah",2011,Western North American Naturalist,,https://www.scopus.com/inward/record.uri?partnerID=HzOxMe3b&scp=79951751793&origin=inward,https://www.scopus.com/inward/citedby.uri?partnerID=HzOxMe3b&scp=79951751793&origin=inward,,2026-04-12 18:28:51,Article,10.3398/064.070.0413,15270904,https://api.elsevier.com/content/abstract/scopus_id/79951751793,70,4,,,,0.29,4.0,1,14,,,,79951751793,2-s2.0-79951751793
24,Souza H.M.d.L.,"Baetidae (Insecta, Ephemeroptera) of Cerrado streams in the state of Mato Grosso, Brazil, under different levels of environmental preservation",2011,Iheringia Serie Zoologia,,https://www.scopus.com/inward/record.uri?partnerID=HzOxMe3b&scp=84255167007&origin=inward,https://www.scopus.com/inward/citedby.uri?partnerID=HzOxMe3b&scp=84255167007&origin=inward,,2026-04-12 18:28:51,Article,10.1590/s0073-47212011000200005,00734721,https://api.elsevier.com/content/abstract/scopus_id/84255167007,101,3,,,,1.71,24.0,1,14,,,,84255167007,2-s2.0-84255167007
17,Bio A.,Assessment of habitat and water quality of the Portuguese Febros River and one of its tributaries,2011,Limnetica,,https://www.scopus.com/inward/record.uri?partnerID=HzOxMe3b&scp=80955135552&origin=inward,https://www.scopus.com/inward/citedby.uri?partnerID=HzOxMe3b&scp=80955135552&origin=inward,,2026-04-12 18:28:51,Article,,02138409,https://api.elsevier.com/content/abstract/scopus_id/80955135552,30,1,,,,1.21,17.0,1,14,,,,80955135552,2-s2.0-80955135552
12,Törnblom J.,Rapid assessment of headwater stream macroinvertebrate diversity: An evaluation of surrogates across a land-use gradient,2011,Fundamental and Applied Limnology,,https://www.scopus.com/inward/record.uri?partnerID=HzOxMe3b&scp=79955076854&origin=inward,https://www.scopus.com/inward/citedby.uri?partnerID=HzOxMe3b&scp=79955076854&origin=inward,,2026-04-12 18:28:51,Article,10.1127/1863-9135/2011/0178-0287,18639135,https://api.elsevier.com/content/abstract/scopus_id/79955076854,178,4,,,,0.86,12.0,1,14,,,,79955076854,2-s2.0-79955076854
5,Bogatov V.,Under-ice drift of invertebrates in the piedmont part of Kedrovaya River (Primorskii Krai),2011,Inland Water Biology,,https://www.scopus.com/inward/record.uri?partnerID=HzOxMe3b&scp=79953111799&origin=inward,https://www.scopus.com/inward/citedby.uri?partnerID=HzOxMe3b&scp=79953111799&origin=inward,,2026-04-12 18:28:51,Article,10.1134/S1995082911010032,19950829,https://api.elsevier.com/content/abstract/scopus_id/79953111799,4,1,,,,0.36,5.0,1,14,,,,79953111799,2-s2.0-79953111799
16,Dominguez-Granda L.,Application of classification trees to determine biological and chemical indicators for river assessment: Case study in the Chaguana watershed (Ecuador),2011,Journal of Hydroinformatics,,https://www.scopus.com/inward/record.uri?partnerID=HzOxMe3b&scp=79959810441&origin=inward,https://www.scopus.com/inward/citedby.uri?partnerID=HzOxMe3b&scp=79959810441&origin=inward,,2026-04-12 18:28:51,Article,10.2166/hydro.2010.082,14647141,https://api.elsevier.com/content/abstract/scopus_id/79959810441,13,3,,,,1.14,16.0,1,14,,,,79959810441,2-s2.0-79959810441
13,Martinussen P.,Density-dependent diet composition of juvenile Atlantic salmon (Salmo salar),2011,Ecology of Freshwater Fish,,https://www.scopus.com/inward/record.uri?partnerID=HzOxMe3b&scp=79961014013&origin=inward,https://www.scopus.com/inward/citedby.uri?partnerID=HzOxMe3b&scp=79961014013&origin=inward,,2026-04-12 18:28:51,Article,10.1111/j.1600-0633.2010.00468.x,09066691,https://api.elsevier.com/content/abstract/scopus_id/79961014013,20,3,,,,0.93,13.0,1,14,,,,79961014013,2-s2.0-79961014013
4,Keizer-Vlek H.,Comparison of bioassessment results and costs between preserved and unpreserved macroinvertebrate samples from streams,2011,Environmental Monitoring and Assessment,,https://www.scopus.com/inward/record.uri?partnerID=HzOxMe3b&scp=79952453318&origin=inward,https://www.scopus.com/inward/citedby.uri?partnerID=HzOxMe3b&scp=79952453318&origin=inward,,2026-04-12 18:28:51,Article,10.1007/s10661-010-1555-8,01676369,https://api.elsevier.com/content/abstract/scopus_id/79952453318,175,1-4,,,,0.29,4.0,1,14,,,,79952453318,2-s2.0-79952453318
0,Zherdev V.,A new model of light traps for collecting benthic invertebrates,2011,Zoologicheskii Zhurnal,,https://www.scopus.com/inward/record.uri?partnerID=HzOxMe3b&scp=84865837139&origin=inward,https://www.scopus.com/inward/citedby.uri?partnerID=HzOxMe3b&scp=84865837139&origin=inward,,2026-04-12 18:28:51,Article,,00445134,https://api.elsevier.com/content/abstract/scopus_id/84865837139,90,2,,,,0.0,0.0,1,14,,,,84865837139,2-s2.0-84865837139
9,Alves G.H.Z.,"Food partitioning between sympatric species of Serrapinnus (Osteichthyes, Cheirodontinae) in a tropical stream",2011,Acta Scientiarum Biological Sciences,,https://www.scopus.com/inward/record.uri?partnerID=HzOxMe3b&scp=79957629738&origin=inward,https://www.scopus.com/inward/citedby.uri?partnerID=HzOxMe3b&scp=79957629738&origin=inward,,2026-04-12 18:28:51,Article,10.4025/actascibiolsci.v33i2.7593,16799283,https://api.elsevier.com/content/abstract/scopus_id/79957629738,33,2,,,,0.64,9.0,1,14,,,,79957629738,2-s2.0-79957629738
3,Wu D.,"Responses of benthic insect communities to effluent from the abandoned Ferris-Haggarty copper mine in southeast Wyoming, USA",2011,Journal of Environmental Sciences,,https://www.scopus.com/inward/record.uri?partnerID=HzOxMe3b&scp=83455163215&origin=inward,https://www.scopus.com/inward/citedby.uri?partnerID=HzOxMe3b&scp=83455163215&origin=inward,,2026-04-12 18:28:51,Article,10.1016/S1001-0742(10)60612-2,10010742,https://api.elsevier.com/content/abstract/scopus_id/83455163215,23,11,,,,0.21,3.0,1,14,,,,83455163215,2-s2.0-83455163215
0,Pastuchová Z.,"Microhabitat preferences of selected taxa of aquatic insect larvae (Ephemeroptera, Plecoptera, Trichoptera) applied to small submountain streams (Slovakia)",2011,Insect Habitats Characteristics Diversity and Management,,https://www.scopus.com/inward/record.uri?partnerID=HzOxMe3b&scp=84892204990&origin=inward,https://www.scopus.com/inward/citedby.uri?partnerID=HzOxMe3b&scp=84892204990&origin=inward,,2026-04-12 18:28:51,Book Chapter,,,https://api.elsevier.com/content/abstract/scopus_id/84892204990,,,,,,0.0,0.0,1,14,,,,84892204990,2-s2.0-84892204990
5,Wang Y.Y.,A new species of Baetis from China (Ephemeroptera: Baetidae),2011,Oriental Insects,,https://www.scopus.com/inward/record.uri?partnerID=HzOxMe3b&scp=84862960321&origin=inward,https://www.scopus.com/inward/citedby.uri?partnerID=HzOxMe3b&scp=84862960321&origin=inward,,2026-04-12 18:28:51,Article,10.1080/00305316.2011.579406,00305316,https://api.elsevier.com/content/abstract/scopus_id/84862960321,45,,,,,0.36,5.0,1,14,,,,84862960321,2-s2.0-84862960321
12,Mariano R.,"A new species of Paramaka Savage & Domínguez, 1992 (Ephemeroptera: Leptophlebiidae: Atalophlebiinae) from Brazil",2011,Zootaxa,,https://www.scopus.com/inward/record.uri?partnerID=HzOxMe3b&scp=80053108038&origin=inward,https://www.scopus.com/inward/citedby.uri?partnerID=HzOxMe3b&scp=80053108038&origin=inward,,2026-04-12 18:28:51,Article,10.11646/zootaxa.3038.1.3,11755326,https://api.elsevier.com/content/abstract/scopus_id/80053108038,,3038,,,,0.86,12.0,1,14,,,,80053108038,2-s2.0-80053108038
4,Castillo M.M.,Varipes (ephemeroptera: Baetidae) in venezuela: Description of a new species,2011,Revista Colombiana De Entomologia,,https://www.scopus.com/inward/record.uri?partnerID=HzOxMe3b&scp=84861938977&origin=inward,https://www.scopus.com/inward/citedby.uri?partnerID=HzOxMe3b&scp=84861938977&origin=inward,,2026-04-12 18:28:51,Article,10.25100/socolen.v37i2.9099,01200488,https://api.elsevier.com/content/abstract/scopus_id/84861938977,37,2,,,,0.29,4.0,1,14,,,,84861938977,2-s2.0-84861938977
1,Wongsanoon J.,"Aquatic-insect-based biotic indices to assess water quality in klong pae, Rajjaprabha Dam, Surat Thani province 2008-2009",2011,Chiang Mai Journal of Science,,https://www.scopus.com/inward/record.uri?partnerID=HzOxMe3b&scp=80051721929&origin=inward,https://www.scopus.com/inward/citedby.uri?partnerID=HzOxMe3b&scp=80051721929&origin=inward,,2026-04-12 18:28:51,Article,,01252526,https://api.elsevier.com/content/abstract/scopus_id/80051721929,38,3,,,,0.07,1.0,1,14,,,,80051721929,2-s2.0-80051721929
2,Gonçalves I.C.,"Relative size of gills of Cloeodes jaragua Salles & Lugo-ortiz, 2003 (Ephemeroptera, Baetidae) on pool and riffle areas of streams at the Atlantic Rainforest",2011,Biota Neotropica,,https://www.scopus.com/inward/record.uri?partnerID=HzOxMe3b&scp=80052420129&origin=inward,https://www.scopus.com/inward/citedby.uri?partnerID=HzOxMe3b&scp=80052420129&origin=inward,,2026-04-12 18:28:51,Article,10.1590/S1676-06032011000200022,16786424,https://api.elsevier.com/content/abstract/scopus_id/80052420129,11,2,,,,0.14,2.0,1,14,,,,80052420129,2-s2.0-80052420129
7,Belmont E.L.L.,"Three new species of Leptohyphidae (Insecta: Ephemeroptera) from Central Amazon, Brazil",2011,Zootaxa,,https://www.scopus.com/inward/record.uri?partnerID=HzOxMe3b&scp=80053510579&origin=inward,https://www.scopus.com/inward/citedby.uri?partnerID=HzOxMe3b&scp=80053510579&origin=inward,,2026-04-12 18:28:51,Article,10.11646/zootaxa.3047.1.2,11755326,https://api.elsevier.com/content/abstract/scopus_id/80053510579,,3047,,,,0.5,7.0,1,14,,,,80053510579,2-s2.0-80053510579
5,Dias L.G.,Tricorythodes caunapi: A new species from the rain forest of the Colombian pacific (Ephemeroptera: Leptohyphidae),2011,Revista Colombiana De Entomologia,,https://www.scopus.com/inward/record.uri?partnerID=HzOxMe3b&scp=84861958165&origin=inward,https://www.scopus.com/inward/citedby.uri?partnerID=HzOxMe3b&scp=84861958165&origin=inward,,2026-04-12 18:28:51,Article,10.25100/socolen.v37i2.9096,01200488,https://api.elsevier.com/content/abstract/scopus_id/84861958165,37,2,,,,0.36,5.0,1,14,,,,84861958165,2-s2.0-84861958165
55,Smokorowski K.E.,Ecosystem level assessment of environmentally based flow restrictions for maintaining ecosystem integrity: A comparison of a modified peaking versus unaltered river,2011,Ecohydrology,,https://www.scopus.com/inward/record.uri?partnerID=HzOxMe3b&scp=81855185460&origin=inward,https://www.scopus.com/inward/citedby.uri?partnerID=HzOxMe3b&scp=81855185460&origin=inward,,2026-04-12 18:28:51,Article,10.1002/eco.167,19360584,https://api.elsevier.com/content/abstract/scopus_id/81855185460,4,6,,,,3.93,55.0,1,14,,,,81855185460,2-s2.0-81855185460
9,Pinto G.d.A.,"Seasonal variation in the diet of the sardine Triportheus guentheri (Garman, 1890) (Actinopterygii: Characidae), in the Sobradinho reservoir, São Francisco river, BA",2011,Boletim do Instituto De Pesca,,https://www.scopus.com/inward/record.uri?partnerID=HzOxMe3b&scp=84862219873&origin=inward,https://www.scopus.com/inward/citedby.uri?partnerID=HzOxMe3b&scp=84862219873&origin=inward,,2026-04-12 18:28:51,Article,,00469939,https://api.elsevier.com/content/abstract/scopus_id/84862219873,37,3,,,,0.64,9.0,1,14,,,,84862219873,2-s2.0-84862219873
8,Nieto C.,Three new species of the genus Cloeodes Traver (Ephemeroptera: Baetidae) from Uruguay,2011,Zootaxa,,https://www.scopus.com/inward/record.uri?partnerID=HzOxMe3b&scp=80051710731&origin=inward,https://www.scopus.com/inward/citedby.uri?partnerID=HzOxMe3b&scp=80051710731&origin=inward,,2026-04-12 18:28:51,Article,10.11646/zootaxa.2996.1.4,11755326,https://api.elsevier.com/content/abstract/scopus_id/80051710731,,2996,,,,0.57,8.0,1,14,,,,80051710731,2-s2.0-80051710731
13,Cruz P.V.,Leptohyphidae (Insecta: Ephemeroptera) from Northeastern Brazil,2011,Neotropical Entomology,,https://www.scopus.com/inward/record.uri?partnerID=HzOxMe3b&scp=84855505432&origin=inward,https://www.scopus.com/inward/citedby.uri?partnerID=HzOxMe3b&scp=84855505432&origin=inward,,2026-04-12 18:28:51,Article,10.1590/S1519-566X2011000600008,1519566X,https://api.elsevier.com/content/abstract/scopus_id/84855505432,40,6,,,,0.93,13.0,1,14,,,,84855505432,2-s2.0-84855505432
22,Gazendam E.,Evaluation of the qualitative habitat evaluation Index as a planning and design tool for restoration of rural Ontario waterways,2011,Canadian Water Resources Journal,,https://www.scopus.com/inward/record.uri?partnerID=HzOxMe3b&scp=79958737942&origin=inward,https://www.scopus.com/inward/citedby.uri?partnerID=HzOxMe3b&scp=79958737942&origin=inward,,2026-04-12 18:28:51,Article,10.4296/cwrj3602827,07011784,https://api.elsevier.com/content/abstract/scopus_id/79958737942,36,2,,,,1.57,22.0,1,14,,,,79958737942,2-s2.0-79958737942
6,Rǎescu C.S.,Macrozoobenthic community structure and dynamics in Cerna river (Western Romania),2011,Aacl Bioflux,,https://www.scopus.com/inward/record.uri?partnerID=HzOxMe3b&scp=78651400142&origin=inward,https://www.scopus.com/inward/citedby.uri?partnerID=HzOxMe3b&scp=78651400142&origin=inward,,2026-04-12 18:28:51,Article,,18448143,https://api.elsevier.com/content/abstract/scopus_id/78651400142,4,1,,,,0.43,6.0,1,14,,,,78651400142,2-s2.0-78651400142
40,Wahizatul A.,"Composition and distribution of aquatic insect communities in relation to water quality in two freshwater streams of Hulu Terengganu, Terengganu",2011,Journal of Sustainability Science and Management,,https://www.scopus.com/inward/record.uri?partnerID=HzOxMe3b&scp=79958791308&origin=inward,https://www.scopus.com/inward/citedby.uri?partnerID=HzOxMe3b&scp=79958791308&origin=inward,,2026-04-12 18:28:51,Article,,18238556,https://api.elsevier.com/content/abstract/scopus_id/79958791308,6,1,,,,2.86,40.0,1,14,,,,79958791308,2-s2.0-79958791308
5,Braasch D.,"Two new species of Afronurus Lestage, 1924, from Hong Kong, China (Ephemeroptera: Heptageniidae)",2011,Zootaxa,,https://www.scopus.com/inward/record.uri?partnerID=HzOxMe3b&scp=80054894772&origin=inward,https://www.scopus.com/inward/citedby.uri?partnerID=HzOxMe3b&scp=80054894772&origin=inward,,2026-04-12 18:28:51,Article,10.11646/zootaxa3062.1.7,11755326,https://api.elsevier.com/content/abstract/scopus_id/80054894772,,3062,,,,0.36,5.0,1,14,,,,80054894772,2-s2.0-80054894772
13,Nieto C.,The family Baetidae (Insecta: Ephemeroptera) from venezuelan guayana's uplands,2011,Zootaxa,,https://www.scopus.com/inward/record.uri?partnerID=HzOxMe3b&scp=79953651661&origin=inward,https://www.scopus.com/inward/citedby.uri?partnerID=HzOxMe3b&scp=79953651661&origin=inward,,2026-04-12 18:28:51,Article,10.11646/zootaxa.2808.1.1,11755326,https://api.elsevier.com/content/abstract/scopus_id/79953651661,,2808,,,,0.93,13.0,1,14,,,,79953651661,2-s2.0-79953651661
2,Kim E.J.,"Size-related changes in food of dwarf loach, kichulchoia brevifasciata (Kim & Lee, 1995)",2011,Folia Zoologica,,https://www.scopus.com/inward/record.uri?partnerID=HzOxMe3b&scp=84856257305&origin=inward,https://www.scopus.com/inward/citedby.uri?partnerID=HzOxMe3b&scp=84856257305&origin=inward,,2026-04-12 18:28:51,Article,10.25225/fozo.v60.i4.a5.2011,01397893,https://api.elsevier.com/content/abstract/scopus_id/84856257305,60,4,,,,0.14,2.0,1,14,,,,84856257305,2-s2.0-84856257305
15,Grandjean F.,Use of Ephemeroptera as bioindicators of the occurrence of white-clawed crayfish (Austropotamobius pallipes),2011,Hydrobiologia,,https://www.scopus.com/inward/record.uri?partnerID=HzOxMe3b&scp=79959225229&origin=inward,https://www.scopus.com/inward/citedby.uri?partnerID=HzOxMe3b&scp=79959225229&origin=inward,,2026-04-12 18:28:51,Article,10.1007/s10750-011-0717-1,00188158,https://api.elsevier.com/content/abstract/scopus_id/79959225229,671,1,,,,1.07,15.0,1,14,,,,79959225229,2-s2.0-79959225229
5,Arimoro F.,"The influence of habitat and environmental water quality on the structure and composition of the adult aquatic insect fauna of the Ethiope River, Delta State, Nigeria",2011,Tropical Zoology,,https://www.scopus.com/inward/record.uri?partnerID=HzOxMe3b&scp=84855242444&origin=inward,https://www.scopus.com/inward/citedby.uri?partnerID=HzOxMe3b&scp=84855242444&origin=inward,,2026-04-12 18:28:51,Article,,03946975,https://api.elsevier.com/content/abstract/scopus_id/84855242444,24,2,,,,0.36,5.0,1,14,,,,84855242444,2-s2.0-84855242444
4,Gonçalves I.,Oligoneuria macabaiba sp. nov. (Insecta: Ephemeroptera) from Brazil,2011,Revista De Biologia Tropical,,https://www.scopus.com/inward/record.uri?partnerID=HzOxMe3b&scp=80053288391&origin=inward,https://www.scopus.com/inward/citedby.uri?partnerID=HzOxMe3b&scp=80053288391&origin=inward,,2026-04-12 18:28:51,Article,,00347744,https://api.elsevier.com/content/abstract/scopus_id/80053288391,59,4,,,,0.29,4.0,1,14,,,,80053288391,2-s2.0-80053288391
4,Burian S.,"A new species of Acentrella Bengtsson (Ephemeroptera: Baetidae) from New York and New England (USA), redescription of the nymph of A. parvula (McDunnough), and key to known adult males of Nearctic Acentrella",2011,Aquatic Insects,,https://www.scopus.com/inward/record.uri?partnerID=HzOxMe3b&scp=84858040483&origin=inward,https://www.scopus.com/inward/citedby.uri?partnerID=HzOxMe3b&scp=84858040483&origin=inward,,2026-04-12 18:28:51,Article,10.1080/01650424.2011.639305,01650424,https://api.elsevier.com/content/abstract/scopus_id/84858040483,33,4,,,,0.29,4.0,1,14,,,,84858040483,2-s2.0-84858040483
15,Oberrisser P.,Larval salamanders and diel drift patterns of aquatic invertebrates in an Austrian stream,2011,Freshwater Biology,,https://www.scopus.com/inward/record.uri?partnerID=HzOxMe3b&scp=79954759452&origin=inward,https://www.scopus.com/inward/citedby.uri?partnerID=HzOxMe3b&scp=79954759452&origin=inward,,2026-04-12 18:28:51,Article,10.1111/j.1365-2427.2010.02559.x,00465070,https://api.elsevier.com/content/abstract/scopus_id/79954759452,56,6,,,,1.07,15.0,1,14,,,,79954759452,2-s2.0-79954759452
25,Scott R.W.,Latitudinal gradients and local control of aquatic insect richness in a large river system in northern Canada,2011,Journal of the North American Benthological Society,,https://www.scopus.com/inward/record.uri?partnerID=HzOxMe3b&scp=79960205980&origin=inward,https://www.scopus.com/inward/citedby.uri?partnerID=HzOxMe3b&scp=79960205980&origin=inward,,2026-04-12 18:28:51,Review,10.1899/10-112.1,08873593,https://api.elsevier.com/content/abstract/scopus_id/79960205980,30,3,,,,1.79,25.0,1,14,,,,79960205980,2-s2.0-79960205980
8,Rosa B.F.J.V.,Macroinvertebrates associated with bryophyta in a first-order Atlantic Forest stream,2011,Zoologia,,https://www.scopus.com/inward/record.uri?partnerID=HzOxMe3b&scp=79961088161&origin=inward,https://www.scopus.com/inward/citedby.uri?partnerID=HzOxMe3b&scp=79961088161&origin=inward,,2026-04-12 18:28:51,Article,10.1590/S1984-46702011000300009,19844670,https://api.elsevier.com/content/abstract/scopus_id/79961088161,28,3,,,,0.57,8.0,1,14,,,,79961088161,2-s2.0-79961088161
34,Kalyoncu H.,An application of different biotic and diversity indices for assessing water quality: A case study in the Rivers Çukurca and Isparta (Turkey),2011,African Journal of Agricultural Research,,https://www.scopus.com/inward/record.uri?partnerID=HzOxMe3b&scp=79951705262&origin=inward,https://www.scopus.com/inward/citedby.uri?partnerID=HzOxMe3b&scp=79951705262&origin=inward,,2026-04-12 18:28:51,Article,,,https://api.elsevier.com/content/abstract/scopus_id/79951705262,6,1,,,,2.43,34.0,1,14,,,,79951705262,2-s2.0-79951705262
12,Hafs A.,Efficiency of gastric lavage on age-0 brook trout and the influence on growth and survival,2011,North American Journal of Fisheries Management,,https://www.scopus.com/inward/record.uri?partnerID=HzOxMe3b&scp=79960270442&origin=inward,https://www.scopus.com/inward/citedby.uri?partnerID=HzOxMe3b&scp=79960270442&origin=inward,,2026-04-12 18:28:51,Article,10.1080/02755947.2011.593955,02755947,https://api.elsevier.com/content/abstract/scopus_id/79960270442,31,3,,,,0.86,12.0,1,14,,,,79960270442,2-s2.0-79960270442
9,de-Souzaa M.,"Three new species of baetodes needham and murphy (Ephemeroptera: Baetidae) from Espírito Santo State, Brazil",2011,Aquatic Insects,,https://www.scopus.com/inward/record.uri?partnerID=HzOxMe3b&scp=80051889184&origin=inward,https://www.scopus.com/inward/citedby.uri?partnerID=HzOxMe3b&scp=80051889184&origin=inward,,2026-04-12 18:28:51,Article,10.1080/01650424.2011.576118,01650424,https://api.elsevier.com/content/abstract/scopus_id/80051889184,33,2,,,,0.64,9.0,1,14,,,,80051889184,2-s2.0-80051889184
12,Braasch D.,New species of the family Heptageniidae (Ephemeroptera) from Borneo and the Philippines,2011,Deutsche Entomologische Zeitschrift,,https://www.scopus.com/inward/record.uri?partnerID=HzOxMe3b&scp=81355134053&origin=inward,https://www.scopus.com/inward/citedby.uri?partnerID=HzOxMe3b&scp=81355134053&origin=inward,,2026-04-12 18:28:51,Article,10.1002/mmnd.201100024,14351951,https://api.elsevier.com/content/abstract/scopus_id/81355134053,58,2,,,,0.86,12.0,1,14,,,,81355134053,2-s2.0-81355134053
18,Feeley H.B.,Longitudinal extent of acidification effects of plantation forest on benthic macroinvertebrate communities in soft water streams: Evidence for localised impact and temporal ecological recovery,2011,Hydrobiologia,,https://www.scopus.com/inward/record.uri?partnerID=HzOxMe3b&scp=79959205017&origin=inward,https://www.scopus.com/inward/citedby.uri?partnerID=HzOxMe3b&scp=79959205017&origin=inward,,2026-04-12 18:28:51,Article,10.1007/s10750-011-0719-z,00188158,https://api.elsevier.com/content/abstract/scopus_id/79959205017,671,1,,,,1.29,18.0,1,14,,,,79959205017,2-s2.0-79959205017
94,Kefford B.J.,The definition of species richness used by species sensitivity distributions approximates observed effects of salinity on stream macroinvertebrates,2011,Environmental Pollution,,https://www.scopus.com/inward/record.uri?partnerID=HzOxMe3b&scp=78349304350&origin=inward,https://www.scopus.com/inward/citedby.uri?partnerID=HzOxMe3b&scp=78349304350&origin=inward,,2026-04-12 18:28:51,Article,10.1016/j.envpol.2010.08.025,02697491,https://api.elsevier.com/content/abstract/scopus_id/78349304350,159,1,,,,6.71,94.0,1,14,,,,78349304350,2-s2.0-78349304350
6,Storey R.G.,Biodiversity values of small headwater streams in contrasting land uses in the Auckland region,2011,New Zealand Journal of Marine and Freshwater Research,,https://www.scopus.com/inward/record.uri?partnerID=HzOxMe3b&scp=79957803286&origin=inward,https://www.scopus.com/inward/citedby.uri?partnerID=HzOxMe3b&scp=79957803286&origin=inward,,2026-04-12 18:28:51,Article,10.1080/00288330.2011.555410,00288330,https://api.elsevier.com/content/abstract/scopus_id/79957803286,45,2,,,,0.43,6.0,1,14,,,,79957803286,2-s2.0-79957803286
74,Sundermann A.,Hydromorphological restoration of running waters: Effects on benthic invertebrate assemblages,2011,Freshwater Biology,,https://www.scopus.com/inward/record.uri?partnerID=HzOxMe3b&scp=79959985277&origin=inward,https://www.scopus.com/inward/citedby.uri?partnerID=HzOxMe3b&scp=79959985277&origin=inward,,2026-04-12 18:28:51,Article,10.1111/j.1365-2427.2011.02599.x,00465070,https://api.elsevier.com/content/abstract/scopus_id/79959985277,56,8,,,,5.29,74.0,1,14,,,,79959985277,2-s2.0-79959985277
12,Brito P.,Characteristics of the male reproductive system and spermatozoa of leptophlebiidae (Ephemeroptera),2011,Neotropical Entomology,,https://www.scopus.com/inward/record.uri?partnerID=HzOxMe3b&scp=79952982250&origin=inward,https://www.scopus.com/inward/citedby.uri?partnerID=HzOxMe3b&scp=79952982250&origin=inward,,2026-04-12 18:28:51,Article,10.1590/S1519-566X2011000100015,1519566X,https://api.elsevier.com/content/abstract/scopus_id/79952982250,40,1,,,,0.86,12.0,1,14,,,,79952982250,2-s2.0-79952982250
2,Kocabas M.,"Stomach contents and food habits of brown trout (Salmo trutta L., 1758) in the Munzur Stream, Turkey",2011,Journal of Animal and Veterinary Advances,,https://www.scopus.com/inward/record.uri?partnerID=HzOxMe3b&scp=84872166249&origin=inward,https://www.scopus.com/inward/citedby.uri?partnerID=HzOxMe3b&scp=84872166249&origin=inward,,2026-04-12 18:28:51,Article,10.3923/javaa.2011.3188.3191,16805593,https://api.elsevier.com/content/abstract/scopus_id/84872166249,10,24,,,,0.14,2.0,1,14,,,,84872166249,2-s2.0-84872166249
24,Arimoro F.,"Temporal and spatial variability in macroinvertebrate community structure in relation to environmental variables in Ajijiguan Creek, Niger Delta, Nigeria",2011,African Journal of Aquatic Science,,https://www.scopus.com/inward/record.uri?partnerID=HzOxMe3b&scp=79956200023&origin=inward,https://www.scopus.com/inward/citedby.uri?partnerID=HzOxMe3b&scp=79956200023&origin=inward,,2026-04-12 18:28:51,Article,10.2989/16085914.2011.559687,16085914,https://api.elsevier.com/content/abstract/scopus_id/79956200023,36,1,,,,1.71,24.0,1,14,,,,79956200023,2-s2.0-79956200023
13,Rapp T.,"Diet composition and feeding patterns of adult shovelnose sturgeon (Scaphirhynchus platorynchus) in the lower Platte River, Nebraska, USA",2011,Journal of Applied Ichthyology,,https://www.scopus.com/inward/record.uri?partnerID=HzOxMe3b&scp=79953118526&origin=inward,https://www.scopus.com/inward/citedby.uri?partnerID=HzOxMe3b&scp=79953118526&origin=inward,,2026-04-12 18:28:51,Article,10.1111/j.1439-0426.2011.01743.x,01758659,https://api.elsevier.com/content/abstract/scopus_id/79953118526,27,2,,,,0.93,13.0,1,14,,,,79953118526,2-s2.0-79953118526
3,Ozvarol Z.A.B.,"Feeding ecology of various length-classes of brown trout (salmo trutta) in different streams of coruh river, turkey",2011,Kafkas Universitesi Veteriner Fakultesi Dergisi,,https://www.scopus.com/inward/record.uri?partnerID=HzOxMe3b&scp=79955786584&origin=inward,https://www.scopus.com/inward/citedby.uri?partnerID=HzOxMe3b&scp=79955786584&origin=inward,,2026-04-12 18:28:51,Article,,13006045,https://api.elsevier.com/content/abstract/scopus_id/79955786584,17,3,,,,0.21,3.0,1,14,,,,79955786584,2-s2.0-79955786584
67,Ferreira W.,Development of a benthic multimetric index for biomonitoring of a neotropical watershed,2011,Brazilian Journal of Biology,,https://www.scopus.com/inward/record.uri?partnerID=HzOxMe3b&scp=79953208078&origin=inward,https://www.scopus.com/inward/citedby.uri?partnerID=HzOxMe3b&scp=79953208078&origin=inward,,2026-04-12 18:28:51,Article,10.1590/S1519-69842011000100005,15196984,https://api.elsevier.com/content/abstract/scopus_id/79953208078,71,1,,,,4.79,67.0,1,14,,,,79953208078,2-s2.0-79953208078
58,Suriano M.T.,"Choice of macroinvertebrate metrics to evaluate stream conditions in Atlantic Forest, Brazil",2011,Environmental Monitoring and Assessment,,https://www.scopus.com/inward/record.uri?partnerID=HzOxMe3b&scp=79952449027&origin=inward,https://www.scopus.com/inward/citedby.uri?partnerID=HzOxMe3b&scp=79952449027&origin=inward,,2026-04-12 18:28:51,Article,10.1007/s10661-010-1495-3,01676369,https://api.elsevier.com/content/abstract/scopus_id/79952449027,175,1-4,,,,4.14,58.0,1,14,,,,79952449027,2-s2.0-79952449027
21,Barbola I.F.,"Evaluation of the aquatic macroinvertebrate community as a tool for monitoring a reservoir in the pitangui river basin, Paraná, Brazil",2011,Iheringia Serie Zoologia,,https://www.scopus.com/inward/record.uri?partnerID=HzOxMe3b&scp=80052202814&origin=inward,https://www.scopus.com/inward/citedby.uri?partnerID=HzOxMe3b&scp=80052202814&origin=inward,,2026-04-12 18:28:51,Article,10.1590/s0073-47212011000100002,00734721,https://api.elsevier.com/content/abstract/scopus_id/80052202814,101,1-2,,,,1.5,21.0,1,14,,,,80052202814,2-s2.0-80052202814
23,Watson A.,Feeding-preference trials confirm unexpected stable isotope analysis results: Freshwater macroinvertebrates do consume macrophytes,2011,Marine and Freshwater Research,,https://www.scopus.com/inward/record.uri?partnerID=HzOxMe3b&scp=80054104636&origin=inward,https://www.scopus.com/inward/citedby.uri?partnerID=HzOxMe3b&scp=80054104636&origin=inward,,2026-04-12 18:28:51,Article,10.1071/MF10298,13231650,https://api.elsevier.com/content/abstract/scopus_id/80054104636,62,10,,,,1.64,23.0,1,14,,,,80054104636,2-s2.0-80054104636
40,Lock K.,Benthic macroinvertebrates as indicators of the water quality in Bulgaria: A case-study in the Iskar river basin,2011,Limnologica,,https://www.scopus.com/inward/record.uri?partnerID=HzOxMe3b&scp=80054028702&origin=inward,https://www.scopus.com/inward/citedby.uri?partnerID=HzOxMe3b&scp=80054028702&origin=inward,,2026-04-12 18:28:51,Article,10.1016/j.limno.2011.03.002,00759511,https://api.elsevier.com/content/abstract/scopus_id/80054028702,41,4,,,,2.86,40.0,1,14,,,,80054028702,2-s2.0-80054028702
26,Gonçalves F.B.,"A comparative analysis of biotic indices that use macroinvertebrates to assess water quality in a coastal river of Paraná state, southern Brazil",2011,Biota Neotropica,,https://www.scopus.com/inward/record.uri?partnerID=HzOxMe3b&scp=84860907902&origin=inward,https://www.scopus.com/inward/citedby.uri?partnerID=HzOxMe3b&scp=84860907902&origin=inward,,2026-04-12 18:28:51,Article,10.1590/S1676-06032011000400002,16786424,https://api.elsevier.com/content/abstract/scopus_id/84860907902,11,4,,,,1.86,26.0,1,14,,,,84860907902,2-s2.0-84860907902
17,Arndt E.,Influence of beaver ponds on the Macroinvertebrate benthic community in Lowland Brooks,2011,Polish Journal of Ecology,,https://www.scopus.com/inward/record.uri?partnerID=HzOxMe3b&scp=84864408119&origin=inward,https://www.scopus.com/inward/citedby.uri?partnerID=HzOxMe3b&scp=84864408119&origin=inward,,2026-04-12 18:28:51,Article,,15052249,https://api.elsevier.com/content/abstract/scopus_id/84864408119,59,4,,,,1.21,17.0,1,14,,,,84864408119,2-s2.0-84864408119
169,Wagenhoff A.,Subsidy-stress and multiple-stressor effects along gradients of deposited fine sediment and dissolved nutrients in a regional set of streams and rivers,2011,Freshwater Biology,,https://www.scopus.com/inward/record.uri?partnerID=HzOxMe3b&scp=79961030420&origin=inward,https://www.scopus.com/inward/citedby.uri?partnerID=HzOxMe3b&scp=79961030420&origin=inward,,2026-04-12 18:28:51,Article,10.1111/j.1365-2427.2011.02619.x,00465070,https://api.elsevier.com/content/abstract/scopus_id/79961030420,56,9,,,,12.07,169.0,1,14,,,,79961030420,2-s2.0-79961030420
30,Collier K.J.,Influences of catchment and corridor imperviousness on urban stream macroinvertebrate communities at multiple spatial scales,2011,Hydrobiologia,,https://www.scopus.com/inward/record.uri?partnerID=HzOxMe3b&scp=79955800635&origin=inward,https://www.scopus.com/inward/citedby.uri?partnerID=HzOxMe3b&scp=79955800635&origin=inward,,2026-04-12 18:28:51,Article,10.1007/s10750-010-0580-5,00188158,https://api.elsevier.com/content/abstract/scopus_id/79955800635,664,1,,,,2.14,30.0,1,14,,,,79955800635,2-s2.0-79955800635
7,Hardiman N.,Comparison of stream macroinvertebrate assemblages in canyon ecosystems of the Blue Mountains (Australia) with and without recreational traffic: A pilot study in impossible terrain,2011,Australian Zoologist,,https://www.scopus.com/inward/record.uri?partnerID=HzOxMe3b&scp=81755171181&origin=inward,https://www.scopus.com/inward/citedby.uri?partnerID=HzOxMe3b&scp=81755171181&origin=inward,,2026-04-12 18:28:51,Article,10.7882/AZ.2011.027,00672238,https://api.elsevier.com/content/abstract/scopus_id/81755171181,35,3,,,,0.5,7.0,1,14,,,,81755171181,2-s2.0-81755171181
29,Souto R.,"Influence of environmental factors on benthic macroinvertebrate communities of urban streams in Vereda habitats, Central Brazil",2011,Acta Limnologica Brasiliensia,,https://www.scopus.com/inward/record.uri?partnerID=HzOxMe3b&scp=84859836031&origin=inward,https://www.scopus.com/inward/citedby.uri?partnerID=HzOxMe3b&scp=84859836031&origin=inward,,2026-04-12 18:28:51,Article,10.1590/S2179-975X2012005000008,01026712,https://api.elsevier.com/content/abstract/scopus_id/84859836031,23,3,,,,2.07,29.0,1,14,,,,84859836031,2-s2.0-84859836031
40,Cuffney T.F.,Multilevel regression models describing regional patterns of invertebrate and algal responses to urbanization across the USA,2011,Journal of the North American Benthological Society,,https://www.scopus.com/inward/record.uri?partnerID=HzOxMe3b&scp=79960205981&origin=inward,https://www.scopus.com/inward/citedby.uri?partnerID=HzOxMe3b&scp=79960205981&origin=inward,,2026-04-12 18:28:51,Article,10.1899/10-140.1,08873593,https://api.elsevier.com/content/abstract/scopus_id/79960205981,30,3,,,,2.86,40.0,1,14,,,,79960205981,2-s2.0-79960205981
9,Bhat S.U.,Macro invertebrate community from Sonamarg streams of Kashmir Himalaya,2011,Pakistan Journal of Biological Sciences,,https://www.scopus.com/inward/record.uri?partnerID=HzOxMe3b&scp=79957527223&origin=inward,https://www.scopus.com/inward/citedby.uri?partnerID=HzOxMe3b&scp=79957527223&origin=inward,,2026-04-12 18:28:51,Article,10.3923/pjbs.2011.182.194,10288880,https://api.elsevier.com/content/abstract/scopus_id/79957527223,14,3,,,,0.64,9.0,1,14,,,,79957527223,2-s2.0-79957527223
4,Schneider C.,Ring-based versus disc-based separation of spatial scales: A case study on the impact of arable land proportions on invertebrates in freshwater streams,2011,Aquatic Ecology,,https://www.scopus.com/inward/record.uri?partnerID=HzOxMe3b&scp=79960734154&origin=inward,https://www.scopus.com/inward/citedby.uri?partnerID=HzOxMe3b&scp=79960734154&origin=inward,,2026-04-12 18:28:51,Article,10.1007/s10452-011-9358-8,13862588,https://api.elsevier.com/content/abstract/scopus_id/79960734154,45,3,,,,0.29,4.0,1,14,,,,79960734154,2-s2.0-79960734154
12,Campbell E.Y.,Timber harvest intensifies spawning-salmon disturbance of macroinvertebrates in southeastern Alaskan streams,2011,Journal of the North American Benthological Society,,https://www.scopus.com/inward/record.uri?partnerID=HzOxMe3b&scp=79952272748&origin=inward,https://www.scopus.com/inward/citedby.uri?partnerID=HzOxMe3b&scp=79952272748&origin=inward,,2026-04-12 18:28:51,Article,10.1899/10-040.1,08873593,https://api.elsevier.com/content/abstract/scopus_id/79952272748,30,1,,,,0.86,12.0,1,14,,,,79952272748,2-s2.0-79952272748
12,Lawrence J.,Effects of vineyard coverage and extent on benthic macroinvertebrates in streams of Northern California,2011,Annales De Limnologie,,https://www.scopus.com/inward/record.uri?partnerID=HzOxMe3b&scp=84856601053&origin=inward,https://www.scopus.com/inward/citedby.uri?partnerID=HzOxMe3b&scp=84856601053&origin=inward,,2026-04-12 18:28:51,Article,10.1051/limn/2011043,00034088,https://api.elsevier.com/content/abstract/scopus_id/84856601053,47,4,,,,0.86,12.0,1,14,,,,84856601053,2-s2.0-84856601053
61,Oliveira R.,Towards rapid bioassessment of wadeable streams in Brazil: Development of the Guapiau-Macau Multimetric Index (GMMI) based on benthic macroinvertebrates,2011,Ecological Indicators,,https://www.scopus.com/inward/record.uri?partnerID=HzOxMe3b&scp=79958161074&origin=inward,https://www.scopus.com/inward/citedby.uri?partnerID=HzOxMe3b&scp=79958161074&origin=inward,,2026-04-12 18:28:51,Article,10.1016/j.ecolind.2011.04.001,1470160X,https://api.elsevier.com/content/abstract/scopus_id/79958161074,11,6,,,,4.36,61.0,1,14,,,,79958161074,2-s2.0-79958161074
32,Perić M.S.,Seasonal and fine-scale spatial drift patterns in a tufadepositing barrage hydrosystem,2011,Fundamental and Applied Limnology,,https://www.scopus.com/inward/record.uri?partnerID=HzOxMe3b&scp=79851493357&origin=inward,https://www.scopus.com/inward/citedby.uri?partnerID=HzOxMe3b&scp=79851493357&origin=inward,,2026-04-12 18:28:51,Article,10.1127/1863-9135/2011/0178-0131,18639135,https://api.elsevier.com/content/abstract/scopus_id/79851493357,178,2,,,,2.29,32.0,1,14,,,,79851493357,2-s2.0-79851493357
25,Törnblom J.,Catchment land cover as a proxy for macroinvertebrate assemblage structure in Carpathian Mountain streams,2011,Hydrobiologia,,https://www.scopus.com/inward/record.uri?partnerID=HzOxMe3b&scp=79960563277&origin=inward,https://www.scopus.com/inward/citedby.uri?partnerID=HzOxMe3b&scp=79960563277&origin=inward,,2026-04-12 18:28:51,Article,10.1007/s10750-011-0769-2,00188158,https://api.elsevier.com/content/abstract/scopus_id/79960563277,673,1,,,,1.79,25.0,1,14,,,,79960563277,2-s2.0-79960563277
105,Al-Shami S.A.,"Influence of agricultural, industrial, and anthropogenic stresses on the distribution and diversity of macroinvertebrates in Juru River Basin, Penang, Malaysia",2011,Ecotoxicology and Environmental Safety,,https://www.scopus.com/inward/record.uri?partnerID=HzOxMe3b&scp=79958771090&origin=inward,https://www.scopus.com/inward/citedby.uri?partnerID=HzOxMe3b&scp=79958771090&origin=inward,,2026-04-12 18:28:51,Article,10.1016/j.ecoenv.2011.02.022,01476513,https://api.elsevier.com/content/abstract/scopus_id/79958771090,74,5,,,,7.5,105.0,1,14,,,,79958771090,2-s2.0-79958771090
51,Obolewski K.,Macrozoobenthos patterns along environmental gradients and hydrological connectivity of oxbow lakes,2011,Ecological Engineering,,https://www.scopus.com/inward/record.uri?partnerID=HzOxMe3b&scp=79955597680&origin=inward,https://www.scopus.com/inward/citedby.uri?partnerID=HzOxMe3b&scp=79955597680&origin=inward,,2026-04-12 18:28:51,Article,10.1016/j.ecoleng.2010.06.037,09258574,https://api.elsevier.com/content/abstract/scopus_id/79955597680,37,5,,,,3.64,51.0,1,14,,,,79955597680,2-s2.0-79955597680
3,Sun X.l.,Modification of River Health Comprehensive Assessment Index and Its Application to the Changjiang River,2011,Journal of Ecology and Rural Environment,,https://www.scopus.com/inward/record.uri?partnerID=HzOxMe3b&scp=82455162739&origin=inward,https://www.scopus.com/inward/citedby.uri?partnerID=HzOxMe3b&scp=82455162739&origin=inward,,2026-04-12 18:28:51,Article,,16734831,https://api.elsevier.com/content/abstract/scopus_id/82455162739,27,6,,,,0.21,3.0,1,14,,,,82455162739,2-s2.0-82455162739
14,Niu S.,Environmental flow allocations in monsoonal Hong Kong,2011,Freshwater Biology,,https://www.scopus.com/inward/record.uri?partnerID=HzOxMe3b&scp=79954827804&origin=inward,https://www.scopus.com/inward/citedby.uri?partnerID=HzOxMe3b&scp=79954827804&origin=inward,,2026-04-12 18:28:51,Article,10.1111/j.1365-2427.2010.02558.x,00465070,https://api.elsevier.com/content/abstract/scopus_id/79954827804,56,6,,,,1.0,14.0,1,14,,,,79954827804,2-s2.0-79954827804
89,Dolédec S.,Invertebrate community responses to land use at a broad spatial scale: Trait and taxonomic measures compared in New Zealand rivers,2011,Freshwater Biology,,https://www.scopus.com/inward/record.uri?partnerID=HzOxMe3b&scp=79959933098&origin=inward,https://www.scopus.com/inward/citedby.uri?partnerID=HzOxMe3b&scp=79959933098&origin=inward,,2026-04-12 18:28:51,Article,10.1111/j.1365-2427.2011.02597.x,00465070,https://api.elsevier.com/content/abstract/scopus_id/79959933098,56,8,,,,6.36,89.0,1,14,,,,79959933098,2-s2.0-79959933098
8,Summers R.W.,Lake characteristics and their selection by breeding Slavonian Grebes Podiceps auritus in Scotland,2011,Bird Study,,https://www.scopus.com/inward/record.uri?partnerID=HzOxMe3b&scp=79961082594&origin=inward,https://www.scopus.com/inward/citedby.uri?partnerID=HzOxMe3b&scp=79961082594&origin=inward,,2026-04-12 18:28:51,Article,10.1080/00063657.2011.585630,00063657,https://api.elsevier.com/content/abstract/scopus_id/79961082594,58,3,,,,0.57,8.0,1,14,,,,79961082594,2-s2.0-79961082594
18,Arbačiauskas K.,"Non-indigenous macroinvertebrate species in Lithuanian fresh waters, Part 2: Macroinvertebrate assemblage deviation from naturalness in lotic systems and the consequent potential impacts on ecological quality assessment",2011,Knowledge and Management of Aquatic Ecosystems,,https://www.scopus.com/inward/record.uri?partnerID=HzOxMe3b&scp=84876410885&origin=inward,https://www.scopus.com/inward/citedby.uri?partnerID=HzOxMe3b&scp=84876410885&origin=inward,,2026-04-12 18:28:51,Article,10.1051/kmae/2011076,19619502,https://api.elsevier.com/content/abstract/scopus_id/84876410885,,402,,,,1.29,18.0,1,14,,,,84876410885,2-s2.0-84876410885
47,Menetrey N.,The CIEPT: A macroinvertebrate-based multimetric index for assessing the ecological quality of Swiss lowland ponds,2011,Ecological Indicators,,https://www.scopus.com/inward/record.uri?partnerID=HzOxMe3b&scp=78651400992&origin=inward,https://www.scopus.com/inward/citedby.uri?partnerID=HzOxMe3b&scp=78651400992&origin=inward,,2026-04-12 18:28:51,Article,10.1016/j.ecolind.2010.08.005,1470160X,https://api.elsevier.com/content/abstract/scopus_id/78651400992,11,2,,,,3.36,47.0,1,14,,,,78651400992,2-s2.0-78651400992
25,Boase J.C.,"Movements and distribution of adult Lake Sturgeon from their spawning site in the St. Clair River, Michigan",2011,Journal of Applied Ichthyology,,https://www.scopus.com/inward/record.uri?partnerID=HzOxMe3b&scp=83055177166&origin=inward,https://www.scopus.com/inward/citedby.uri?partnerID=HzOxMe3b&scp=83055177166&origin=inward,,2026-04-12 18:28:51,Article,10.1111/j.1439-0426.2011.01827.x,01758659,https://api.elsevier.com/content/abstract/scopus_id/83055177166,27,SUPPL. 2,,,,1.79,25.0,1,14,,,,83055177166,2-s2.0-83055177166
101,Mordecai R.S.,Addressing challenges when studying mobile or episodic species: Hierarchical Bayes estimation of occupancy and use,2011,Journal of Applied Ecology,,https://www.scopus.com/inward/record.uri?partnerID=HzOxMe3b&scp=78650961118&origin=inward,https://www.scopus.com/inward/citedby.uri?partnerID=HzOxMe3b&scp=78650961118&origin=inward,,2026-04-12 18:28:51,Article,10.1111/j.1365-2664.2010.01921.x,00218901,https://api.elsevier.com/content/abstract/scopus_id/78650961118,48,1,,,,7.21,101.0,1,14,,,,78650961118,2-s2.0-78650961118
38,Weigel B.,"Development, validation, and application of a macroinvertebrate-based Index of Biotic Integrity for nonwadeable rivers of Wisconsin",2011,Journal of the North American Benthological Society,,https://www.scopus.com/inward/record.uri?partnerID=HzOxMe3b&scp=79960234362&origin=inward,https://www.scopus.com/inward/citedby.uri?partnerID=HzOxMe3b&scp=79960234362&origin=inward,,2026-04-12 18:28:51,Article,10.1899/10-161.1,08873593,https://api.elsevier.com/content/abstract/scopus_id/79960234362,30,3,,,,2.71,38.0,1,14,,,,79960234362,2-s2.0-79960234362
5,El-Khayat H.M.M.,Habitat characteristics for different freshwater snail species as determined biologically through macroinvertebrate information.,2011,Journal of the Egyptian Society of Parasitology,,https://www.scopus.com/inward/record.uri?partnerID=HzOxMe3b&scp=84859983658&origin=inward,https://www.scopus.com/inward/citedby.uri?partnerID=HzOxMe3b&scp=84859983658&origin=inward,,2026-04-12 18:28:51,Article,,02535890,https://api.elsevier.com/content/abstract/scopus_id/84859983658,41,3,,,,0.36,5.0,1,14,,,,84859983658,2-s2.0-84859983658
11,Seibert J.R.,Seasonal diet composition of adult shovelnose sturgeon in the middle mississippi river,2011,American Midland Naturalist,,https://www.scopus.com/inward/record.uri?partnerID=HzOxMe3b&scp=79953245716&origin=inward,https://www.scopus.com/inward/citedby.uri?partnerID=HzOxMe3b&scp=79953245716&origin=inward,,2026-04-12 18:28:51,Article,10.1674/0003-0031-165.2.355,00030031,https://api.elsevier.com/content/abstract/scopus_id/79953245716,165,2,,,,0.79,11.0,1,14,,,,79953245716,2-s2.0-79953245716
10,Bellucci C.J.,Characteristics of macroinvertebrate and fish communities from 30 least disturbed small streams in connecticut,2011,Northeastern Naturalist,,https://www.scopus.com/inward/record.uri?partnerID=HzOxMe3b&scp=83455211469&origin=inward,https://www.scopus.com/inward/citedby.uri?partnerID=HzOxMe3b&scp=83455211469&origin=inward,,2026-04-12 18:28:51,Article,10.1656/045.018.0402,10926194,https://api.elsevier.com/content/abstract/scopus_id/83455211469,18,4,,,,0.71,10.0,1,14,,,,83455211469,2-s2.0-83455211469
19,Sakamaki T.,Biogeochemical properties of fine particulate organic matter as an indicator of local and catchment impacts on forested streams,2011,Journal of Applied Ecology,,https://www.scopus.com/inward/record.uri?partnerID=HzOxMe3b&scp=80055079542&origin=inward,https://www.scopus.com/inward/citedby.uri?partnerID=HzOxMe3b&scp=80055079542&origin=inward,,2026-04-12 18:28:51,Article,10.1111/j.1365-2664.2011.02038.x,00218901,https://api.elsevier.com/content/abstract/scopus_id/80055079542,48,6,,,,1.36,19.0,1,14,,,,80055079542,2-s2.0-80055079542
5,Hatami R.,Evaluating the aquaculture effluent impact on macroinvertebrate community and water quality using BMWP index,2011,Journal of Environmental Studies,,https://www.scopus.com/inward/record.uri?partnerID=HzOxMe3b&scp=84857350500&origin=inward,https://www.scopus.com/inward/citedby.uri?partnerID=HzOxMe3b&scp=84857350500&origin=inward,,2026-04-12 18:28:51,Article,,10258620,https://api.elsevier.com/content/abstract/scopus_id/84857350500,37,59,,,,0.36,5.0,1,14,,,,84857350500,2-s2.0-84857350500
9,Lupetti P.,The spermatodesm of Cloeon dipterum (L.): Fine structure and sperm movement,2011,Tissue and Cell,,https://www.scopus.com/inward/record.uri?partnerID=HzOxMe3b&scp=80051593885&origin=inward,https://www.scopus.com/inward/citedby.uri?partnerID=HzOxMe3b&scp=80051593885&origin=inward,,2026-04-12 18:28:51,Article,10.1016/j.tice.2011.01.005,00408166,https://api.elsevier.com/content/abstract/scopus_id/80051593885,43,3,,,,0.64,9.0,1,14,,,,80051593885,2-s2.0-80051593885
24,Kalachova G.S.,Water moss as a food item of the zoobenthos in the Yenisei River,2011,Central European Journal of Biology,,https://www.scopus.com/inward/record.uri?partnerID=HzOxMe3b&scp=79651474546&origin=inward,https://www.scopus.com/inward/citedby.uri?partnerID=HzOxMe3b&scp=79651474546&origin=inward,,2026-04-12 18:28:51,Article,10.2478/s11535-010-0115-0,1895104X,https://api.elsevier.com/content/abstract/scopus_id/79651474546,6,2,,,,1.71,24.0,1,14,,,,79651474546,2-s2.0-79651474546
15,Shelly S.Y.,Comparative ecological study of aquatic macroinvertebrates of mangla dam and chashma barrage wetland areas,2011,Journal of Animal and Plant Sciences,,https://www.scopus.com/inward/record.uri?partnerID=HzOxMe3b&scp=80051650887&origin=inward,https://www.scopus.com/inward/citedby.uri?partnerID=HzOxMe3b&scp=80051650887&origin=inward,,2026-04-12 18:28:51,Article,,10187081,https://api.elsevier.com/content/abstract/scopus_id/80051650887,21,SUPPL. 2,,,,1.07,15.0,1,14,,,,80051650887,2-s2.0-80051650887
11,Dias T.S.,"Comparative dietary analysis of Eurycheilichthys pantherinus and Pareiorhaphis hystrix: Two loricariidae species (Ostariophysi, Siluriformes) from campos sulinos biome, Southern Brazil",2011,Iheringia Serie Zoologia,,https://www.scopus.com/inward/record.uri?partnerID=HzOxMe3b&scp=80052226424&origin=inward,https://www.scopus.com/inward/citedby.uri?partnerID=HzOxMe3b&scp=80052226424&origin=inward,,2026-04-12 18:28:51,Article,10.1590/s0073-47212011000100006,00734721,https://api.elsevier.com/content/abstract/scopus_id/80052226424,101,1-2,,,,0.79,11.0,1,14,,,,80052226424,2-s2.0-80052226424
6,Infante-Rodríguez D.,"Spinosad toxicity to Simulium spp. larvae and associated aquatic biota in a coffee-growing region of Veracruz State, Mexico",2011,Journal of Medical Entomology,,https://www.scopus.com/inward/record.uri?partnerID=HzOxMe3b&scp=79955976373&origin=inward,https://www.scopus.com/inward/citedby.uri?partnerID=HzOxMe3b&scp=79955976373&origin=inward,,2026-04-12 18:28:51,Article,10.1603/ME10099,00222585,https://api.elsevier.com/content/abstract/scopus_id/79955976373,48,3,,,,0.43,6.0,1,14,,,,79955976373,2-s2.0-79955976373
14,Cadbury S.,Hydroecology of a New Zealand glacier-fed river: Linking longitudinal zonation of physical habitat and macroinvertebrate communities,2011,Ecohydrology,,https://www.scopus.com/inward/record.uri?partnerID=HzOxMe3b&scp=79960542560&origin=inward,https://www.scopus.com/inward/citedby.uri?partnerID=HzOxMe3b&scp=79960542560&origin=inward,,2026-04-12 18:28:51,Article,10.1002/eco.185,19360584,https://api.elsevier.com/content/abstract/scopus_id/79960542560,4,4,,,,1.0,14.0,1,14,,,,79960542560,2-s2.0-79960542560
39,Camargo J.A.,Assessing trout farm pollution by biological metrics and indices based on aquatic macrophytes and benthic macroinvertebrates: A case study,2011,Ecological Indicators,,https://www.scopus.com/inward/record.uri?partnerID=HzOxMe3b&scp=78751569590&origin=inward,https://www.scopus.com/inward/citedby.uri?partnerID=HzOxMe3b&scp=78751569590&origin=inward,,2026-04-12 18:28:51,Article,10.1016/j.ecolind.2010.10.001,1470160X,https://api.elsevier.com/content/abstract/scopus_id/78751569590,11,3,,,,2.79,39.0,1,14,,,,78751569590,2-s2.0-78751569590
