Cites,Authors,Title,Year,Source,Publisher,ArticleURL,CitesURL,GSRank,QueryDate,Type,DOI,ISSN,CitationURL,Volume,Issue,StartPage,EndPage,ECC,CitesPerYear,CitesPerAuthor,AuthorCount,Age,Abstract,FullTextURL,RelatedURL,ScopusID,EID
6,Massariol F.C.,"Conservation of mayflies (Insecta, Ephemeroptera) in Espírito Santo, southeastern Brazil",2014,Revista Brasileira De Entomologia,,https://www.scopus.com/inward/record.uri?partnerID=HzOxMe3b&scp=84923191645&origin=inward,https://www.scopus.com/inward/citedby.uri?partnerID=HzOxMe3b&scp=84923191645&origin=inward,,2026-04-12 18:29:38,Article,10.1590/S0085-56262014000400002,00855626,https://api.elsevier.com/content/abstract/scopus_id/84923191645,58,4,,,,0.55,6.0,1,11,,,,84923191645,2-s2.0-84923191645
21,Vilenica M.,"The mayfly fauna (Insecta, ephemeroptera) of the plitvice lakes national park, Croatia",2014,Natura Croatica,,https://www.scopus.com/inward/record.uri?partnerID=HzOxMe3b&scp=84922008046&origin=inward,https://www.scopus.com/inward/citedby.uri?partnerID=HzOxMe3b&scp=84922008046&origin=inward,,2026-04-12 18:29:38,Article,,13300520,https://api.elsevier.com/content/abstract/scopus_id/84922008046,23,2,,,,1.91,21.0,1,11,,,,84922008046,2-s2.0-84922008046
7,Macías N.,Do omnivorous shrimp influence mayfly nymph life history traits in a tropical island stream?,2014,Revista De Biologia Tropical,,https://www.scopus.com/inward/record.uri?partnerID=HzOxMe3b&scp=84907381061&origin=inward,https://www.scopus.com/inward/citedby.uri?partnerID=HzOxMe3b&scp=84907381061&origin=inward,,2026-04-12 18:29:38,Article,10.15517/rbt.v62i0.15777,00347744,https://api.elsevier.com/content/abstract/scopus_id/84907381061,62,,,,,0.64,7.0,1,11,,,,84907381061,2-s2.0-84907381061
14,Liarte S.,"Histological effects and localization of dissolved microcystins LR and LW in the mayfly Ecdyonurus angelieri Thomas (Insecta, Ephemeroptera)",2014,Toxicon,,https://www.scopus.com/inward/record.uri?partnerID=HzOxMe3b&scp=84907513677&origin=inward,https://www.scopus.com/inward/citedby.uri?partnerID=HzOxMe3b&scp=84907513677&origin=inward,,2026-04-12 18:29:38,Article,10.1016/j.toxicon.2014.09.008,00410101,https://api.elsevier.com/content/abstract/scopus_id/84907513677,92,,,,,1.27,14.0,1,11,,,,84907513677,2-s2.0-84907513677
8,Schloesser D.,A 200year chronology of burrowing mayflies (Hexagenia spp.) in Saginaw Bay,2014,Journal of Great Lakes Research,,https://www.scopus.com/inward/record.uri?partnerID=HzOxMe3b&scp=84895857431&origin=inward,https://www.scopus.com/inward/citedby.uri?partnerID=HzOxMe3b&scp=84895857431&origin=inward,,2026-04-12 18:29:38,Article,10.1016/j.jglr.2013.12.016,03801330,https://api.elsevier.com/content/abstract/scopus_id/84895857431,40,1,,,,0.73,8.0,1,11,,,,84895857431,2-s2.0-84895857431
26,Li D.,The phylogeny of Ephemeroptera in Pterygota revealed by the mitochondrial genome of Siphluriscus chinensis (Hexapoda: Insecta),2014,Gene,,https://www.scopus.com/inward/record.uri?partnerID=HzOxMe3b&scp=84901202022&origin=inward,https://www.scopus.com/inward/citedby.uri?partnerID=HzOxMe3b&scp=84901202022&origin=inward,,2026-04-12 18:29:38,Article,10.1016/j.gene.2014.04.059,03781119,https://api.elsevier.com/content/abstract/scopus_id/84901202022,545,1,,,,2.36,26.0,1,11,,,,84901202022,2-s2.0-84901202022
22,Salles F.F.,Discovery of an alien species of mayfly in South America (Ephemeroptera),2014,Zookeys,,https://www.scopus.com/inward/record.uri?partnerID=HzOxMe3b&scp=84898732481&origin=inward,https://www.scopus.com/inward/citedby.uri?partnerID=HzOxMe3b&scp=84898732481&origin=inward,,2026-04-12 18:29:38,Article,10.3897/zookeys.399.6680,13132989,https://api.elsevier.com/content/abstract/scopus_id/84898732481,399,,,,,2.0,22.0,1,11,,,,84898732481,2-s2.0-84898732481
21,Stoyanova T.,"Ephemeroptera, plecoptera and trichoptera as indicators for ecological quality of the Luda Reka River, Southwest Bulgaria",2014,Acta Zoologica Bulgarica,,https://www.scopus.com/inward/record.uri?partnerID=HzOxMe3b&scp=84903732607&origin=inward,https://www.scopus.com/inward/citedby.uri?partnerID=HzOxMe3b&scp=84903732607&origin=inward,,2026-04-12 18:29:38,Article,,03240770,https://api.elsevier.com/content/abstract/scopus_id/84903732607,66,2,,,,1.91,21.0,1,11,,,,84903732607,2-s2.0-84903732607
20,Siegloch A.E.,Effect of land use on mayfly assemblages structure in neotropical headwater streams,2014,Anais Da Academia Brasileira De Ciencias,,https://www.scopus.com/inward/record.uri?partnerID=HzOxMe3b&scp=84920989025&origin=inward,https://www.scopus.com/inward/citedby.uri?partnerID=HzOxMe3b&scp=84920989025&origin=inward,,2026-04-12 18:29:38,Article,10.1590/0001-3765201420130516,00013765,https://api.elsevier.com/content/abstract/scopus_id/84920989025,86,4,,,,1.82,20.0,1,11,,,,84920989025,2-s2.0-84920989025
0,Brunk K.,"Burrowing mayfly populations in Chequamegon Bay, Wisconsin: 2002 and 2012",2014,Journal of Freshwater Ecology,,https://www.scopus.com/inward/record.uri?partnerID=HzOxMe3b&scp=84901193220&origin=inward,https://www.scopus.com/inward/citedby.uri?partnerID=HzOxMe3b&scp=84901193220&origin=inward,,2026-04-12 18:29:38,Article,10.1080/02705060.2014.896294,02705060,https://api.elsevier.com/content/abstract/scopus_id/84901193220,29,3,,,,0.0,0.0,1,11,,,,84901193220,2-s2.0-84901193220
3,Sekiné K.,Current distribution of the polymitarcyid mayfly Ephoron shigae in the Chikuma-gawa River,2014,Japanese Journal of Limnology,,https://www.scopus.com/inward/record.uri?partnerID=HzOxMe3b&scp=84876118601&origin=inward,https://www.scopus.com/inward/citedby.uri?partnerID=HzOxMe3b&scp=84876118601&origin=inward,,2026-04-12 18:29:38,Note,10.3739/rikusui.74.73,00215104,https://api.elsevier.com/content/abstract/scopus_id/84876118601,74,2,,,,0.27,3.0,1,11,,,,84876118601,2-s2.0-84876118601
32,Conley J.M.,"Dynamic selenium assimilation, distribution, efflux, and maternal transfer in Japanese medaka fed a diet of se-enriched mayflies",2014,Environmental Science and Technology,,https://www.scopus.com/inward/record.uri?partnerID=HzOxMe3b&scp=84895522463&origin=inward,https://www.scopus.com/inward/citedby.uri?partnerID=HzOxMe3b&scp=84895522463&origin=inward,,2026-04-12 18:29:38,Article,10.1021/es404933t,0013936X,https://api.elsevier.com/content/abstract/scopus_id/84895522463,48,5,,,,2.91,32.0,1,11,,,,84895522463,2-s2.0-84895522463
10,Kłonowska-Olejnik M.,The effect of environmental factors on the mayfly communities of headwater streams in the Pieniny Mountains (West Carpathians),2014,Biologia Poland,,https://www.scopus.com/inward/record.uri?partnerID=HzOxMe3b&scp=84894076492&origin=inward,https://www.scopus.com/inward/citedby.uri?partnerID=HzOxMe3b&scp=84894076492&origin=inward,,2026-04-12 18:29:38,Article,10.2478/s11756-014-0334-3,00063088,https://api.elsevier.com/content/abstract/scopus_id/84894076492,69,4,,,,0.91,10.0,1,11,,,,84894076492,2-s2.0-84894076492
12,Selvakumar C.,"Impact of riparian land-use patterns on Ephemeroptera community structure in river basins of the southern Western Ghats, India",2014,Knowledge and Management of Aquatic Ecosystems,,https://www.scopus.com/inward/record.uri?partnerID=HzOxMe3b&scp=84898429975&origin=inward,https://www.scopus.com/inward/citedby.uri?partnerID=HzOxMe3b&scp=84898429975&origin=inward,,2026-04-12 18:29:38,Article,10.1051/kmae/2013093,19619502,https://api.elsevier.com/content/abstract/scopus_id/84898429975,,412,,,,1.09,12.0,1,11,,,,84898429975,2-s2.0-84898429975
1,Savolainen E.,"Baetis bundyae (Ephemeroptera: Baetidae), described from Arctic Canada is found in northernmost Europe",2014,Canadian Entomologist,,https://www.scopus.com/inward/record.uri?partnerID=HzOxMe3b&scp=84911400555&origin=inward,https://www.scopus.com/inward/citedby.uri?partnerID=HzOxMe3b&scp=84911400555&origin=inward,,2026-04-12 18:29:38,Article,10.4039/tce.2014.21,0008347X,https://api.elsevier.com/content/abstract/scopus_id/84911400555,146,6,,,,0.09,1.0,1,11,,,,84911400555,2-s2.0-84911400555
36,Camp A.,A stressful shortness of breath: Molting disrupts breathing in the mayfly Cloeon dipterum,2014,Freshwater Science,,https://www.scopus.com/inward/record.uri?partnerID=HzOxMe3b&scp=84906662519&origin=inward,https://www.scopus.com/inward/citedby.uri?partnerID=HzOxMe3b&scp=84906662519&origin=inward,,2026-04-12 18:29:38,Article,10.1086/677899,21619549,https://api.elsevier.com/content/abstract/scopus_id/84906662519,33,3,,,,3.27,36.0,1,11,,,,84906662519,2-s2.0-84906662519
14,Jarvis A.L.,The effects of the pharmaceutical carbamazepine on life history characteristics of flat-headed mayflies (Heptageniidae) and aquatic resource interactions,2014,Ecotoxicology,,https://www.scopus.com/inward/record.uri?partnerID=HzOxMe3b&scp=84909587552&origin=inward,https://www.scopus.com/inward/citedby.uri?partnerID=HzOxMe3b&scp=84909587552&origin=inward,,2026-04-12 18:29:38,Article,10.1007/s10646-014-1309-4,09639292,https://api.elsevier.com/content/abstract/scopus_id/84909587552,23,9,,,,1.27,14.0,1,11,,,,84909587552,2-s2.0-84909587552
23,Brasil L.S.,"The effects of environmental integrity on the diversity of mayflies, Leptophlebiidae (Ephemeroptera), in tropical streams of the Brazilian Cerrado",2014,Annales De Limnologie,,https://www.scopus.com/inward/record.uri?partnerID=HzOxMe3b&scp=85006135678&origin=inward,https://www.scopus.com/inward/citedby.uri?partnerID=HzOxMe3b&scp=85006135678&origin=inward,,2026-04-12 18:29:38,Article,10.1051/limn/2014026,00034088,https://api.elsevier.com/content/abstract/scopus_id/85006135678,50,4,,,,2.09,23.0,1,11,,,,85006135678,2-s2.0-85006135678
3,Chabreyrie R.,Lagrangian approach to understanding the origin of the gill-kinematics switch in mayfly nymphs,2014,Physical Review E Statistical Nonlinear and Soft Matter Physics,,https://www.scopus.com/inward/record.uri?partnerID=HzOxMe3b&scp=84918566155&origin=inward,https://www.scopus.com/inward/citedby.uri?partnerID=HzOxMe3b&scp=84918566155&origin=inward,,2026-04-12 18:29:38,Article,10.1103/PhysRevE.90.062701,15393755,https://api.elsevier.com/content/abstract/scopus_id/84918566155,90,6,,,,0.27,3.0,1,11,,,,84918566155,2-s2.0-84918566155
3,Kureck A.,"Fecundity of the mayfly Ephoron virgo (Olivier, 1791) (Ephemeroptera: Polymitarcyidae): A long-term study in the River Rhine",2014,Limnologica,,https://www.scopus.com/inward/record.uri?partnerID=HzOxMe3b&scp=84901745131&origin=inward,https://www.scopus.com/inward/citedby.uri?partnerID=HzOxMe3b&scp=84901745131&origin=inward,,2026-04-12 18:29:38,Article,10.1016/j.limno.2014.02.001,00759511,https://api.elsevier.com/content/abstract/scopus_id/84901745131,47,,,,,0.27,3.0,1,11,,,,84901745131,2-s2.0-84901745131
7,Hammock B.G.,Trout reverse the effect of water temperature on the foraging of a mayfly,2014,Oecologia,,https://www.scopus.com/inward/record.uri?partnerID=HzOxMe3b&scp=84902822245&origin=inward,https://www.scopus.com/inward/citedby.uri?partnerID=HzOxMe3b&scp=84902822245&origin=inward,,2026-04-12 18:29:38,Article,10.1007/s00442-014-2955-1,00298549,https://api.elsevier.com/content/abstract/scopus_id/84902822245,175,3,,,,0.64,7.0,1,11,,,,84902822245,2-s2.0-84902822245
8,Holland A.,Influence of Aldrich humic acid and metal precipitates on survivorship of mayflies (Atalophlebia spp.) to acid mine drainage,2014,Environmental Toxicology and Chemistry,,https://www.scopus.com/inward/record.uri?partnerID=HzOxMe3b&scp=84894032347&origin=inward,https://www.scopus.com/inward/citedby.uri?partnerID=HzOxMe3b&scp=84894032347&origin=inward,,2026-04-12 18:29:38,Article,10.1002/etc.2459,07307268,https://api.elsevier.com/content/abstract/scopus_id/84894032347,33,3,,,,0.73,8.0,1,11,,,,84894032347,2-s2.0-84894032347
5,Hernandez S.,Do stream mayflies exhibit trade-offs between food acquisition and predator avoidance behaviors?,2014,Freshwater Science,,https://www.scopus.com/inward/record.uri?partnerID=HzOxMe3b&scp=84896364786&origin=inward,https://www.scopus.com/inward/citedby.uri?partnerID=HzOxMe3b&scp=84896364786&origin=inward,,2026-04-12 18:29:38,Article,10.1086/674360,21619549,https://api.elsevier.com/content/abstract/scopus_id/84896364786,33,1,,,,0.45,5.0,1,11,,,,84896364786,2-s2.0-84896364786
2,Holland A.,Humic substances: The answer to improved mayfly survivorship in acidic environments?,2014,Limnologica,,https://www.scopus.com/inward/record.uri?partnerID=HzOxMe3b&scp=84905239620&origin=inward,https://www.scopus.com/inward/citedby.uri?partnerID=HzOxMe3b&scp=84905239620&origin=inward,,2026-04-12 18:29:38,Article,10.1016/j.limno.2014.04.003,00759511,https://api.elsevier.com/content/abstract/scopus_id/84905239620,48,,,,,0.18,2.0,1,11,,,,84905239620,2-s2.0-84905239620
5,Kluge N.J.,"A new species, Procloeon monilistylus sp. n. (Ephemeroptera, Baetidae), from the Russian Far East",2014,Zootaxa,,https://www.scopus.com/inward/record.uri?partnerID=HzOxMe3b&scp=84906326928&origin=inward,https://www.scopus.com/inward/citedby.uri?partnerID=HzOxMe3b&scp=84906326928&origin=inward,,2026-04-12 18:29:38,Article,10.11646/zootaxa.3786.4.6,11755326,https://api.elsevier.com/content/abstract/scopus_id/84906326928,3786,4,,,,0.45,5.0,1,11,,,,84906326928,2-s2.0-84906326928
3,Chuang Y.,Dietary variation and food selection by mayfly grazers in a subtropical mountain stream,2014,Zoological Studies,,https://www.scopus.com/inward/record.uri?partnerID=HzOxMe3b&scp=84922022631&origin=inward,https://www.scopus.com/inward/citedby.uri?partnerID=HzOxMe3b&scp=84922022631&origin=inward,,2026-04-12 18:29:38,Article,10.1186/s40555-014-0054-y,10215506,https://api.elsevier.com/content/abstract/scopus_id/84922022631,53,1,,,,0.27,3.0,1,11,,,,84922022631,2-s2.0-84922022631
50,Rutschmann S.,"Evolution and island endemism of morphologically cryptic Baetis and Cloeon species (Ephemeroptera, Baetidae) on the Canary Islands and Madeira",2014,Freshwater Biology,,https://www.scopus.com/inward/record.uri?partnerID=HzOxMe3b&scp=84911970697&origin=inward,https://www.scopus.com/inward/citedby.uri?partnerID=HzOxMe3b&scp=84911970697&origin=inward,,2026-04-12 18:29:38,Article,10.1111/fwb.12450,00465070,https://api.elsevier.com/content/abstract/scopus_id/84911970697,59,12,,,,4.55,50.0,1,11,,,,84911970697,2-s2.0-84911970697
14,Selvakumar C.,Two new genera and five new species of Teloganodidae (Ephemeroptera) from South India,2014,Zootaxa,,https://www.scopus.com/inward/record.uri?partnerID=HzOxMe3b&scp=84905393015&origin=inward,https://www.scopus.com/inward/citedby.uri?partnerID=HzOxMe3b&scp=84905393015&origin=inward,,2026-04-12 18:29:38,Article,10.11646/zootaxa.3846.1.4,11755326,https://api.elsevier.com/content/abstract/scopus_id/84905393015,3846,1,,,,1.27,14.0,1,11,,,,84905393015,2-s2.0-84905393015
2,García B.Y.P.,"New Records of Callibaetis Eaton, Mayobaetis Mayo and Paracloeodes Day (Insecta, Ephemeroptera, Baetidae) from Venezuela",2014,Entomotropica,,https://www.scopus.com/inward/record.uri?partnerID=HzOxMe3b&scp=84899050086&origin=inward,https://www.scopus.com/inward/citedby.uri?partnerID=HzOxMe3b&scp=84899050086&origin=inward,,2026-04-12 18:29:38,Article,,13175262,https://api.elsevier.com/content/abstract/scopus_id/84899050086,29,1,,,,0.18,2.0,1,11,,,,84899050086,2-s2.0-84899050086
15,Jacobus L.M.,"The genera Anafroptilum Kluge, 2011 and Neocloeon Traver, 1932, reinstated status, in North America, with remarks about the global composition of Centroptilum Eaton, 1869 (Ephemeroptera: Baetidae)",2014,Zootaxa,,https://www.scopus.com/inward/record.uri?partnerID=HzOxMe3b&scp=84902258854&origin=inward,https://www.scopus.com/inward/citedby.uri?partnerID=HzOxMe3b&scp=84902258854&origin=inward,,2026-04-12 18:29:38,Article,10.11646/zootaxa.3814.3.5,11755326,https://api.elsevier.com/content/abstract/scopus_id/84902258854,3814,3,,,,1.36,15.0,1,11,,,,84902258854,2-s2.0-84902258854
11,Wellnitz T.,Can current velocity mediate trophic cascades in a mountain stream?,2014,Freshwater Biology,,https://www.scopus.com/inward/record.uri?partnerID=HzOxMe3b&scp=85027926564&origin=inward,https://www.scopus.com/inward/citedby.uri?partnerID=HzOxMe3b&scp=85027926564&origin=inward,,2026-04-12 18:29:38,Article,10.1111/fwb.12427,00465070,https://api.elsevier.com/content/abstract/scopus_id/85027926564,59,11,,,,1.0,11.0,1,11,,,,85027926564,2-s2.0-85027926564
9,Schneider J.,Flexibility in feeding periodicity of a grazing mayfly in response to different concentrations of benthivorous fish,2014,Limnologica,,https://www.scopus.com/inward/record.uri?partnerID=HzOxMe3b&scp=84892141818&origin=inward,https://www.scopus.com/inward/citedby.uri?partnerID=HzOxMe3b&scp=84892141818&origin=inward,,2026-04-12 18:29:38,Article,10.1016/j.limno.2013.10.002,00759511,https://api.elsevier.com/content/abstract/scopus_id/84892141818,45,,,,,0.82,9.0,1,11,,,,84892141818,2-s2.0-84892141818
16,Braun B.M.,Diversity and ecological aspects of aquatic insect communities from montane streams in southern Brazil,2014,Acta Limnologica Brasiliensia,,https://www.scopus.com/inward/record.uri?partnerID=HzOxMe3b&scp=84907607431&origin=inward,https://www.scopus.com/inward/citedby.uri?partnerID=HzOxMe3b&scp=84907607431&origin=inward,,2026-04-12 18:29:38,Article,10.1590/S2179-975X2014000200009,01026712,https://api.elsevier.com/content/abstract/scopus_id/84907607431,26,2,,,,1.45,16.0,1,11,,,,84907607431,2-s2.0-84907607431
26,Kalčíková G.,Combined effect of UV-irradiation and TiO2-nanoparticles on the predator-prey interaction of gammarids and mayfly nymphs,2014,Environmental Pollution,,https://www.scopus.com/inward/record.uri?partnerID=HzOxMe3b&scp=84891606139&origin=inward,https://www.scopus.com/inward/citedby.uri?partnerID=HzOxMe3b&scp=84891606139&origin=inward,,2026-04-12 18:29:38,Article,10.1016/j.envpol.2013.11.028,02697491,https://api.elsevier.com/content/abstract/scopus_id/84891606139,186,,,,,2.36,26.0,1,11,,,,84891606139,2-s2.0-84891606139
31,Ditsche P.,More than just slippery: The impact of biofilm on the attachment of non-sessile freshwater mayfly larvae,2014,Journal of the Royal Society Interface,,https://www.scopus.com/inward/record.uri?partnerID=HzOxMe3b&scp=84893085874&origin=inward,https://www.scopus.com/inward/citedby.uri?partnerID=HzOxMe3b&scp=84893085874&origin=inward,,2026-04-12 18:29:38,Article,10.1098/rsif.2013.0989,17425689,https://api.elsevier.com/content/abstract/scopus_id/84893085874,11,92,,,,2.82,31.0,1,11,,,,84893085874,2-s2.0-84893085874
12,Larson M.,Effect of metachronal phasing on the pumping efficiency of oscillating plate arrays,2014,Experiments in Fluids,,https://www.scopus.com/inward/record.uri?partnerID=HzOxMe3b&scp=84901565402&origin=inward,https://www.scopus.com/inward/citedby.uri?partnerID=HzOxMe3b&scp=84901565402&origin=inward,,2026-04-12 18:29:38,Article,10.1007/s00348-014-1741-5,07234864,https://api.elsevier.com/content/abstract/scopus_id/84901565402,55,5,,,,1.09,12.0,1,11,,,,84901565402,2-s2.0-84901565402
21,Horváth G.,Anthropogenic polarization and polarized light pollution inducing polarized ecological traps,2014,Polarized Light and Polarization Vision in Animal Sciences Second Edition,,https://www.scopus.com/inward/record.uri?partnerID=HzOxMe3b&scp=84990199501&origin=inward,https://www.scopus.com/inward/citedby.uri?partnerID=HzOxMe3b&scp=84990199501&origin=inward,,2026-04-12 18:29:38,Book Chapter,10.1007/978-3-642-54718-8_20,,https://api.elsevier.com/content/abstract/scopus_id/84990199501,,,,,,1.91,21.0,1,11,,,,84990199501,2-s2.0-84990199501
73,Wesner J.S.,"Metamorphosis enhances the effects of metal exposure on the mayfly, Centroptilum triangulifer",2014,Environmental Science and Technology,,https://www.scopus.com/inward/record.uri?partnerID=HzOxMe3b&scp=84906871585&origin=inward,https://www.scopus.com/inward/citedby.uri?partnerID=HzOxMe3b&scp=84906871585&origin=inward,,2026-04-12 18:29:38,Article,10.1021/es501914y,0013936X,https://api.elsevier.com/content/abstract/scopus_id/84906871585,48,17,,,,6.64,73.0,1,11,,,,84906871585,2-s2.0-84906871585
31,Peters A.,Assessment of the effects of nickel on benthic macroinvertebrates in the field,2014,Environmental Science and Pollution Research,,https://www.scopus.com/inward/record.uri?partnerID=HzOxMe3b&scp=84891631612&origin=inward,https://www.scopus.com/inward/citedby.uri?partnerID=HzOxMe3b&scp=84891631612&origin=inward,,2026-04-12 18:29:38,Article,10.1007/s11356-013-1851-2,09441344,https://api.elsevier.com/content/abstract/scopus_id/84891631612,21,1,,,,2.82,31.0,1,11,,,,84891631612,2-s2.0-84891631612
33,Poteat M.,Phylogeny and size differentially influence dissolved Cd and Zn bioaccumulation parameters among closely related aquatic insects,2014,Environmental Science and Technology,,https://www.scopus.com/inward/record.uri?partnerID=HzOxMe3b&scp=84899790435&origin=inward,https://www.scopus.com/inward/citedby.uri?partnerID=HzOxMe3b&scp=84899790435&origin=inward,,2026-04-12 18:29:38,Article,10.1021/es501096a,0013936X,https://api.elsevier.com/content/abstract/scopus_id/84899790435,48,9,,,,3.0,33.0,1,11,,,,84899790435,2-s2.0-84899790435
20,Rincón J.,Effects of insect and decapod exclusion and leaf litter species identity on breakdown rates in a tropical headwater stream,2014,Revista De Biologia Tropical,,https://www.scopus.com/inward/record.uri?partnerID=HzOxMe3b&scp=84907412960&origin=inward,https://www.scopus.com/inward/citedby.uri?partnerID=HzOxMe3b&scp=84907412960&origin=inward,,2026-04-12 18:29:38,Article,10.15517/rbt.v62i0.15784,00347744,https://api.elsevier.com/content/abstract/scopus_id/84907412960,62,,,,,1.82,20.0,1,11,,,,84907412960,2-s2.0-84907412960
1,Maine J.J.,"Dietary overlap of invertivorous fishes and macroinvertebrates in the Gila River, New Mexico",2014,Southwestern Naturalist,,https://www.scopus.com/inward/record.uri?partnerID=HzOxMe3b&scp=84924001744&origin=inward,https://www.scopus.com/inward/citedby.uri?partnerID=HzOxMe3b&scp=84924001744&origin=inward,,2026-04-12 18:29:38,Article,10.1894/N06-RJE-43.1,00384909,https://api.elsevier.com/content/abstract/scopus_id/84924001744,59,2,,,,0.09,1.0,1,11,,,,84924001744,2-s2.0-84924001744
8,Anderson I.J.,"Differences in benthic macroinvertebrate assemblages associated with a bloom of Didymosphenia geminata in the Lower American River, California",2014,Southwestern Naturalist,,https://www.scopus.com/inward/record.uri?partnerID=HzOxMe3b&scp=84926512161&origin=inward,https://www.scopus.com/inward/citedby.uri?partnerID=HzOxMe3b&scp=84926512161&origin=inward,,2026-04-12 18:29:38,Article,10.1894/FRG-05.1,00384909,https://api.elsevier.com/content/abstract/scopus_id/84926512161,59,3,,,,0.73,8.0,1,11,,,,84926512161,2-s2.0-84926512161
29,Lourenço-Amorim C.,"Control of periphyton standing crop in an Atlantic Forest stream: The relative roles of nutrients, grazers and predators",2014,Freshwater Biology,,https://www.scopus.com/inward/record.uri?partnerID=HzOxMe3b&scp=84907835072&origin=inward,https://www.scopus.com/inward/citedby.uri?partnerID=HzOxMe3b&scp=84907835072&origin=inward,,2026-04-12 18:29:38,Article,10.1111/fwb.12441,00465070,https://api.elsevier.com/content/abstract/scopus_id/84907835072,59,11,,,,2.64,29.0,1,11,,,,84907835072,2-s2.0-84907835072
7,Alvarez M.,Origin and specificity of predatory fish cues detected by Baetis larvae (Ephemeroptera; Insecta),2014,Animal Behaviour,,https://www.scopus.com/inward/record.uri?partnerID=HzOxMe3b&scp=84908570494&origin=inward,https://www.scopus.com/inward/citedby.uri?partnerID=HzOxMe3b&scp=84908570494&origin=inward,,2026-04-12 18:29:38,Article,10.1016/j.anbehav.2014.07.017,00033472,https://api.elsevier.com/content/abstract/scopus_id/84908570494,96,,,,,0.64,7.0,1,11,,,,84908570494,2-s2.0-84908570494
6,Siersma H.,"Trends in the distribution and abundance of Hexagenia spp. in Saginaw Bay, Lake Huron, 1954-2012: Moving towards recovery?",2014,Journal of Great Lakes Research,,https://www.scopus.com/inward/record.uri?partnerID=HzOxMe3b&scp=84901263247&origin=inward,https://www.scopus.com/inward/citedby.uri?partnerID=HzOxMe3b&scp=84901263247&origin=inward,,2026-04-12 18:29:38,Article,10.1016/j.jglr.2014.03.001,03801330,https://api.elsevier.com/content/abstract/scopus_id/84901263247,40,S1,,,,0.55,6.0,1,11,,,,84901263247,2-s2.0-84901263247
10,Beck M.L.,Variation in riparian consumer diet composition and differential bioaccumulation by prey influence the risk of exposure to elements from a recently remediated fly ash spill,2014,Environmental Toxicology and Chemistry,,https://www.scopus.com/inward/record.uri?partnerID=HzOxMe3b&scp=84928825021&origin=inward,https://www.scopus.com/inward/citedby.uri?partnerID=HzOxMe3b&scp=84928825021&origin=inward,,2026-04-12 18:29:38,Article,10.1002/etc.2719,07307268,https://api.elsevier.com/content/abstract/scopus_id/84928825021,33,11,,,,0.91,10.0,1,11,,,,84928825021,2-s2.0-84928825021
5,Czerniawska-Kusza I.,Zoobenthos in post-exploitation reservoirs of marls and limestone in Opole silesia,2014,Polish Journal of Natural Sciences,,https://www.scopus.com/inward/record.uri?partnerID=HzOxMe3b&scp=84936126149&origin=inward,https://www.scopus.com/inward/citedby.uri?partnerID=HzOxMe3b&scp=84936126149&origin=inward,,2026-04-12 18:29:38,Article,,16439953,https://api.elsevier.com/content/abstract/scopus_id/84936126149,29,4,,,,0.45,5.0,1,11,,,,84936126149,2-s2.0-84936126149
2,Bogatov V.,Relationship between biomass and drift of river benthic invertebrates,2014,Inland Water Biology,,https://www.scopus.com/inward/record.uri?partnerID=HzOxMe3b&scp=84902586589&origin=inward,https://www.scopus.com/inward/citedby.uri?partnerID=HzOxMe3b&scp=84902586589&origin=inward,,2026-04-12 18:29:38,Article,10.1134/S1995082914020035,19950829,https://api.elsevier.com/content/abstract/scopus_id/84902586589,7,2,,,,0.18,2.0,1,11,,,,84902586589,2-s2.0-84902586589
4,Spitzer B.,Genetic structure in populations of baetis tricaudatus in the San Bernardino mountains,2014,Western North American Naturalist,,https://www.scopus.com/inward/record.uri?partnerID=HzOxMe3b&scp=84927644496&origin=inward,https://www.scopus.com/inward/citedby.uri?partnerID=HzOxMe3b&scp=84927644496&origin=inward,,2026-04-12 18:29:38,Article,10.3398/064.074.0409,15270904,https://api.elsevier.com/content/abstract/scopus_id/84927644496,74,4,,,,0.36,4.0,1,11,,,,84927644496,2-s2.0-84927644496
35,Finn D.,Evidence from recently deglaciated mountain ranges that baetis alpinus (Ephemeroptera) could lose significant genetic diversity as alpine glaciers disappear,2014,Freshwater Science,,https://www.scopus.com/inward/record.uri?partnerID=HzOxMe3b&scp=84896372058&origin=inward,https://www.scopus.com/inward/citedby.uri?partnerID=HzOxMe3b&scp=84896372058&origin=inward,,2026-04-12 18:29:38,Article,10.1086/674361,21619549,https://api.elsevier.com/content/abstract/scopus_id/84896372058,33,1,,,,3.18,35.0,1,11,,,,84896372058,2-s2.0-84896372058
22,Jacquemin S.J.,"Wabash river freshwater drum Aplodinotus grunniens diet: Effects of body size, sex, and river gradient",2014,Journal of Fish and Wildlife Management,,https://www.scopus.com/inward/record.uri?partnerID=HzOxMe3b&scp=84902788452&origin=inward,https://www.scopus.com/inward/citedby.uri?partnerID=HzOxMe3b&scp=84902788452&origin=inward,,2026-04-12 18:29:38,Note,10.3996/032013-JFWM-027R,,https://api.elsevier.com/content/abstract/scopus_id/84902788452,5,1,,,,2.0,22.0,1,11,,,,84902788452,2-s2.0-84902788452
35,Nagorski S.A.,"Spatial distribution of mercury in southeastern Alaskan streams influenced by glaciers, wetlands, and salmon",2014,Environmental Pollution,,https://www.scopus.com/inward/record.uri?partnerID=HzOxMe3b&scp=84884235913&origin=inward,https://www.scopus.com/inward/citedby.uri?partnerID=HzOxMe3b&scp=84884235913&origin=inward,,2026-04-12 18:29:38,Article,10.1016/j.envpol.2013.07.040,02697491,https://api.elsevier.com/content/abstract/scopus_id/84884235913,184,,,,,3.18,35.0,1,11,,,,84884235913,2-s2.0-84884235913
6,Valle L.,"New species of Paramoebidium (trichomycetes, Mesomycetozoea) from the Mediterranean, with comments about the amoeboid cells in Amoebidiales",2014,Mycologia,,https://www.scopus.com/inward/record.uri?partnerID=HzOxMe3b&scp=84902096479&origin=inward,https://www.scopus.com/inward/citedby.uri?partnerID=HzOxMe3b&scp=84902096479&origin=inward,,2026-04-12 18:29:38,Article,10.3852/13-153,00275514,https://api.elsevier.com/content/abstract/scopus_id/84902096479,106,3,,,,0.55,6.0,1,11,,,,84902096479,2-s2.0-84902096479
3,Kluge N.,New subgenus and new species Nousia (Araucophlebia) latifolia subgen. n. et Sp. N. (Ephemeroptera: Leptophlebiidae) from Chile,2014,Zootaxa,,https://www.scopus.com/inward/record.uri?partnerID=HzOxMe3b&scp=84892553322&origin=inward,https://www.scopus.com/inward/citedby.uri?partnerID=HzOxMe3b&scp=84892553322&origin=inward,,2026-04-12 18:29:38,Article,10.11646/zootaxa.3754.4.9,11755326,https://api.elsevier.com/content/abstract/scopus_id/84892553322,3754,4,,,,0.27,3.0,1,11,,,,84892553322,2-s2.0-84892553322
23,García L.,Macroinvertebrate indicators of ecological status in Mediterranean temporary stream types of the Balearic Islands,2014,Ecological Indicators,,https://www.scopus.com/inward/record.uri?partnerID=HzOxMe3b&scp=84903151246&origin=inward,https://www.scopus.com/inward/citedby.uri?partnerID=HzOxMe3b&scp=84903151246&origin=inward,,2026-04-12 18:29:38,Article,10.1016/j.ecolind.2014.05.030,1470160X,https://api.elsevier.com/content/abstract/scopus_id/84903151246,45,,,,,2.09,23.0,1,11,,,,84903151246,2-s2.0-84903151246
19,Fletcher D.E.,Spatial and taxonomic variation in trace element bioaccumulation in two herbivores from a coal combustion waste contaminated stream,2014,Ecotoxicology and Environmental Safety,,https://www.scopus.com/inward/record.uri?partnerID=HzOxMe3b&scp=84893176916&origin=inward,https://www.scopus.com/inward/citedby.uri?partnerID=HzOxMe3b&scp=84893176916&origin=inward,,2026-04-12 18:29:38,Article,10.1016/j.ecoenv.2013.12.024,01476513,https://api.elsevier.com/content/abstract/scopus_id/84893176916,101,1,,,,1.73,19.0,1,11,,,,84893176916,2-s2.0-84893176916
10,Blaho M.,Unexpected attraction of polarotactic water-leaving insects to matt black car surfaces: Mattness of paintwork cannot eliminate the polarized light pollution of black cars,2014,Plos One,,https://www.scopus.com/inward/record.uri?partnerID=HzOxMe3b&scp=84905011704&origin=inward,https://www.scopus.com/inward/citedby.uri?partnerID=HzOxMe3b&scp=84905011704&origin=inward,,2026-04-12 18:29:38,Article,10.1371/journal.pone.0103339,,https://api.elsevier.com/content/abstract/scopus_id/84905011704,9,7,,,,0.91,10.0,1,11,,,,84905011704,2-s2.0-84905011704
7,Salles F.F.,Oligoneuria Pictet: Phylogenetic analysis and description of three new species from Brazil (Ephemeroptera: Oligoneuriidae),2014,Systematic Entomology,,https://www.scopus.com/inward/record.uri?partnerID=HzOxMe3b&scp=84896863879&origin=inward,https://www.scopus.com/inward/citedby.uri?partnerID=HzOxMe3b&scp=84896863879&origin=inward,,2026-04-12 18:29:38,Article,10.1111/syen.12048,03076970,https://api.elsevier.com/content/abstract/scopus_id/84896863879,39,2,,,,0.64,7.0,1,11,,,,84896863879,2-s2.0-84896863879
4,Kluge N.,"Indonesian species of Dilatognathus Kluge 2012 (Ephemeroptera, Leptophlebiidae, Choroterpes s.l.) and species-specific sexual dimorphism in development of maxilla",2014,Zootaxa,,https://www.scopus.com/inward/record.uri?partnerID=HzOxMe3b&scp=84898022169&origin=inward,https://www.scopus.com/inward/citedby.uri?partnerID=HzOxMe3b&scp=84898022169&origin=inward,,2026-04-12 18:29:38,Article,10.11646/zootaxa.3786.1.2,11755326,https://api.elsevier.com/content/abstract/scopus_id/84898022169,3786,1,,,,0.36,4.0,1,11,,,,84898022169,2-s2.0-84898022169
20,Cruz P.,Callibaetis Eaton (Ephemeroptera: Baetidae) from Brazil,2014,Journal of Natural History,,https://www.scopus.com/inward/record.uri?partnerID=HzOxMe3b&scp=84896056140&origin=inward,https://www.scopus.com/inward/citedby.uri?partnerID=HzOxMe3b&scp=84896056140&origin=inward,,2026-04-12 18:29:38,Article,10.1080/00222933.2013.791883,00222933,https://api.elsevier.com/content/abstract/scopus_id/84896056140,48,11-12,,,,1.82,20.0,1,11,,,,84896056140,2-s2.0-84896056140
20,Horváth G.,Polarization vision of aquatic insects,2014,Polarized Light and Polarization Vision in Animal Sciences Second Edition,,https://www.scopus.com/inward/record.uri?partnerID=HzOxMe3b&scp=85006334759&origin=inward,https://www.scopus.com/inward/citedby.uri?partnerID=HzOxMe3b&scp=85006334759&origin=inward,,2026-04-12 18:29:38,Book Chapter,10.1007/978-3-642-54718-8_5,,https://api.elsevier.com/content/abstract/scopus_id/85006334759,,,,,,1.82,20.0,1,11,,,,85006334759,2-s2.0-85006334759
22,Sueyoshi M.,The relative contributions of refugium types to the persistence of benthic invertebrates in a seasonal snowmelt flood,2014,Freshwater Biology,,https://www.scopus.com/inward/record.uri?partnerID=HzOxMe3b&scp=84891632061&origin=inward,https://www.scopus.com/inward/citedby.uri?partnerID=HzOxMe3b&scp=84891632061&origin=inward,,2026-04-12 18:29:38,Article,10.1111/fwb.12262,00465070,https://api.elsevier.com/content/abstract/scopus_id/84891632061,59,2,,,,2.0,22.0,1,11,,,,84891632061,2-s2.0-84891632061
8,Lima L.R.C.,"A new species of Miroculis Edmunds, 1963 (Ephemeroptera: Leptophlebiidae) from Northeastern Brazil",2014,Zootaxa,,https://www.scopus.com/inward/record.uri?partnerID=HzOxMe3b&scp=84900854011&origin=inward,https://www.scopus.com/inward/citedby.uri?partnerID=HzOxMe3b&scp=84900854011&origin=inward,,2026-04-12 18:29:38,Article,10.11646/zootaxa.3795.4.4,11755326,https://api.elsevier.com/content/abstract/scopus_id/84900854011,3795,4,,,,0.73,8.0,1,11,,,,84900854011,2-s2.0-84900854011
16,De Liege Gama Neto J.,"Leptophlebiidae (Ephemeroptera) of the Serra do Tepequém, Roraima State, Brazil: New records and description of two new species",2014,Zootaxa,,https://www.scopus.com/inward/record.uri?partnerID=HzOxMe3b&scp=84919657348&origin=inward,https://www.scopus.com/inward/citedby.uri?partnerID=HzOxMe3b&scp=84919657348&origin=inward,,2026-04-12 18:29:38,Article,10.11646/zootaxa.3900.2.8,11755326,https://api.elsevier.com/content/abstract/scopus_id/84919657348,3900,2,,,,1.45,16.0,1,11,,,,84919657348,2-s2.0-84919657348
11,Múrria C.,Genetic diversity and species richness patterns in Baetidae (Ephemeroptera) in the Montseny Mountain range (North-East Iberian Peninsula),2014,Limnetica,,https://www.scopus.com/inward/record.uri?partnerID=HzOxMe3b&scp=84940476038&origin=inward,https://www.scopus.com/inward/citedby.uri?partnerID=HzOxMe3b&scp=84940476038&origin=inward,,2026-04-12 18:29:38,Article,,02138409,https://api.elsevier.com/content/abstract/scopus_id/84940476038,33,2,,,,1.0,11.0,1,11,,,,84940476038,2-s2.0-84940476038
8,Kluge N.,"New oriental tribe Iscini, new non-dilatognathan species of Notophlebia Peters & Edmunds 1970 and independent origin of Dilatognathus-type mouth apparatus in Atalophlebiinae (Ephemeroptera: Leptophlebiidae)",2014,Zootaxa,,https://www.scopus.com/inward/record.uri?partnerID=HzOxMe3b&scp=84893700694&origin=inward,https://www.scopus.com/inward/citedby.uri?partnerID=HzOxMe3b&scp=84893700694&origin=inward,,2026-04-12 18:29:38,Article,10.11646/zootaxa.3760.4.2,11755326,https://api.elsevier.com/content/abstract/scopus_id/84893700694,3760,4,,,,0.73,8.0,1,11,,,,84893700694,2-s2.0-84893700694
19,Torres P.J.,Land use effects on leaf litter breakdown in low-order streams draining a rapidly developing tropical watershed in Puerto Rico,2014,Revista De Biologia Tropical,,https://www.scopus.com/inward/record.uri?partnerID=HzOxMe3b&scp=85047285673&origin=inward,https://www.scopus.com/inward/citedby.uri?partnerID=HzOxMe3b&scp=85047285673&origin=inward,,2026-04-12 18:29:38,Article,10.15517/rbt.v62i0.15783,00347744,https://api.elsevier.com/content/abstract/scopus_id/85047285673,62,,,,,1.73,19.0,1,11,,,,85047285673,2-s2.0-85047285673
12,Kubendran T.,"A new species of labiobaetis Novikova and Kluge, 1987 (Ephemeroptera: Baetidae) from the southern Western ghats in India, with comments on the taxonomic status of Labiobaetis",2014,Journal of Insect Science,,https://www.scopus.com/inward/record.uri?partnerID=HzOxMe3b&scp=84906851793&origin=inward,https://www.scopus.com/inward/citedby.uri?partnerID=HzOxMe3b&scp=84906851793&origin=inward,,2026-04-12 18:29:38,Review,10.1673/031.014.86,,https://api.elsevier.com/content/abstract/scopus_id/84906851793,14,,,,,1.09,12.0,1,11,,,,84906851793,2-s2.0-84906851793
20,Tagliaferro M.,"A natural experiment of dietary overlap between introduced Rainbow Trout (Oncorhynchus mykiss) and native Puyen (Galaxias maculatus) in the Santa Cruz River, Patagonia",2014,Environmental Biology of Fishes,,https://www.scopus.com/inward/record.uri?partnerID=HzOxMe3b&scp=84937872255&origin=inward,https://www.scopus.com/inward/citedby.uri?partnerID=HzOxMe3b&scp=84937872255&origin=inward,,2026-04-12 18:29:38,Article,10.1007/s10641-014-0360-6,03781909,https://api.elsevier.com/content/abstract/scopus_id/84937872255,98,5,,,,1.82,20.0,1,11,,,,84937872255,2-s2.0-84937872255
17,Harwood A.D.,"Using Hexagenia in sediment bioassays: Methods, applicability, and relative sensitivity",2014,Environmental Toxicology and Chemistry,,https://www.scopus.com/inward/record.uri?partnerID=HzOxMe3b&scp=84897394886&origin=inward,https://www.scopus.com/inward/citedby.uri?partnerID=HzOxMe3b&scp=84897394886&origin=inward,,2026-04-12 18:29:38,Article,10.1002/etc.2510,07307268,https://api.elsevier.com/content/abstract/scopus_id/84897394886,33,4,,,,1.55,17.0,1,11,,,,84897394886,2-s2.0-84897394886
3,Tong X.,A new species of the genus baetis from China (Ephemeroptera: Baetidae),2014,Entomological News,,https://www.scopus.com/inward/record.uri?partnerID=HzOxMe3b&scp=84897556080&origin=inward,https://www.scopus.com/inward/citedby.uri?partnerID=HzOxMe3b&scp=84897556080&origin=inward,,2026-04-12 18:29:38,Article,10.3157/021.123.0503,0013872X,https://api.elsevier.com/content/abstract/scopus_id/84897556080,123,5,,,,0.27,3.0,1,11,,,,84897556080,2-s2.0-84897556080
1,Lima L.R.C.,"First description of imago and redescription of nymph for Cloeodes irvingi Waltz & McCafferty, 1987 (Ephemeroptera: Baetidae)",2014,Zootaxa,,https://www.scopus.com/inward/record.uri?partnerID=HzOxMe3b&scp=84904637286&origin=inward,https://www.scopus.com/inward/citedby.uri?partnerID=HzOxMe3b&scp=84904637286&origin=inward,,2026-04-12 18:29:38,Article,10.11646/zootaxa.3838.5.6,11755326,https://api.elsevier.com/content/abstract/scopus_id/84904637286,3838,5,,,,0.09,1.0,1,11,,,,84904637286,2-s2.0-84904637286
16,Alvarez M.,Cascading effects of predatory fish on the composition of benthic algae in high-altitude streams,2014,Oikos,,https://www.scopus.com/inward/record.uri?partnerID=HzOxMe3b&scp=84890790480&origin=inward,https://www.scopus.com/inward/citedby.uri?partnerID=HzOxMe3b&scp=84890790480&origin=inward,,2026-04-12 18:29:38,Article,10.1111/j.1600-0706.2013.00397.x,00301299,https://api.elsevier.com/content/abstract/scopus_id/84890790480,123,1,,,,1.45,16.0,1,11,,,,84890790480,2-s2.0-84890790480
54,Stein E.D.,Does DNA barcoding improve performance of traditional stream bioassessment metrics?,2014,Freshwater Science,,https://www.scopus.com/inward/record.uri?partnerID=HzOxMe3b&scp=84896343432&origin=inward,https://www.scopus.com/inward/citedby.uri?partnerID=HzOxMe3b&scp=84896343432&origin=inward,,2026-04-12 18:29:38,Article,10.1086/674782,21619549,https://api.elsevier.com/content/abstract/scopus_id/84896343432,33,1,,,,4.91,54.0,1,11,,,,84896343432,2-s2.0-84896343432
11,Hojos D.C.,Contribution to the knowledge of Haplohyphes Allen (Insecta: Ephemeroptera: Leptohyphidae) from Colombia,2014,Caldasia,,https://www.scopus.com/inward/record.uri?partnerID=HzOxMe3b&scp=84903276931&origin=inward,https://www.scopus.com/inward/citedby.uri?partnerID=HzOxMe3b&scp=84903276931&origin=inward,,2026-04-12 18:29:38,Article,10.15446/caldasia.v36n1.43895,03665232,https://api.elsevier.com/content/abstract/scopus_id/84903276931,36,1,,,,1.0,11.0,1,11,,,,84903276931,2-s2.0-84903276931
157,Weston D.,Toxicity of the insecticide fipronil and its degradates to benthic macroinvertebrates of urban streams,2014,Environmental Science and Technology,,https://www.scopus.com/inward/record.uri?partnerID=HzOxMe3b&scp=84892738368&origin=inward,https://www.scopus.com/inward/citedby.uri?partnerID=HzOxMe3b&scp=84892738368&origin=inward,,2026-04-12 18:29:38,Article,10.1021/es4045874,0013936X,https://api.elsevier.com/content/abstract/scopus_id/84892738368,48,2,,,,14.27,157.0,1,11,,,,84892738368,2-s2.0-84892738368
4,Malzacher P.,A new genus of the tribe Clypeocaenini (Ephemeroptera: Caenidae: Caeninae),2014,Stuttgarter Beitrage Zur Naturkunde Serie A Biologie,,https://www.scopus.com/inward/record.uri?partnerID=HzOxMe3b&scp=85116022987&origin=inward,https://www.scopus.com/inward/citedby.uri?partnerID=HzOxMe3b&scp=85116022987&origin=inward,,2026-04-12 18:29:38,Article,,03410145,https://api.elsevier.com/content/abstract/scopus_id/85116022987,7,,,,,0.36,4.0,1,11,,,,85116022987,2-s2.0-85116022987
29,Di Sabatino A.,"Structure, functional organization and biological traits of macroinvertebrate assemblages from leaf-bags and benthic samples in a third-order stream of Central Apennines (Italy)",2014,Ecological Indicators,,https://www.scopus.com/inward/record.uri?partnerID=HzOxMe3b&scp=84903934074&origin=inward,https://www.scopus.com/inward/citedby.uri?partnerID=HzOxMe3b&scp=84903934074&origin=inward,,2026-04-12 18:29:38,Article,10.1016/j.ecolind.2014.06.005,1470160X,https://api.elsevier.com/content/abstract/scopus_id/84903934074,46,,,,,2.64,29.0,1,11,,,,84903934074,2-s2.0-84903934074
0,Malzacher P.,A further new species of Caenis Stephens from Guinea (Insecta: Ephemeroptera),2014,Stuttgarter Beitrage Zur Naturkunde Serie A Biologie,,https://www.scopus.com/inward/record.uri?partnerID=HzOxMe3b&scp=85125592742&origin=inward,https://www.scopus.com/inward/citedby.uri?partnerID=HzOxMe3b&scp=85125592742&origin=inward,,2026-04-12 18:29:38,Article,,03410145,https://api.elsevier.com/content/abstract/scopus_id/85125592742,7,,,,,0.0,0.0,1,11,,,,85125592742,2-s2.0-85125592742
10,Kim D.G.,Analyses of benthic macroinvertebrate colonization during the early successional phases of created wetlands in temperate Asia,2014,Fundamental and Applied Limnology,,https://www.scopus.com/inward/record.uri?partnerID=HzOxMe3b&scp=84897507815&origin=inward,https://www.scopus.com/inward/citedby.uri?partnerID=HzOxMe3b&scp=84897507815&origin=inward,,2026-04-12 18:29:38,Article,10.1127/1863-9135/2014/0502,18639135,https://api.elsevier.com/content/abstract/scopus_id/84897507815,184,1,,,,0.91,10.0,1,11,,,,84897507815,2-s2.0-84897507815
63,Kluge N.J.,"Systematics of Indobaetis Müller-Liebenau & Morihara 1982, and related implications for some other Baetidae genera (Ephemeroptera)",2014,Zootaxa,,https://www.scopus.com/inward/record.uri?partnerID=HzOxMe3b&scp=84904287679&origin=inward,https://www.scopus.com/inward/citedby.uri?partnerID=HzOxMe3b&scp=84904287679&origin=inward,,2026-04-12 18:29:38,Article,10.11646/zootaxa.3835.2.3,11755326,https://api.elsevier.com/content/abstract/scopus_id/84904287679,3835,2,,,,5.73,63.0,1,11,,,,84904287679,2-s2.0-84904287679
23,Suhaila A.H.,"Seasonal abundance and diversity of aquatic insects in rivers in gunung jerai forest reserve, malaysia",2014,Sains Malaysiana,,https://www.scopus.com/inward/record.uri?partnerID=HzOxMe3b&scp=84900407297&origin=inward,https://www.scopus.com/inward/citedby.uri?partnerID=HzOxMe3b&scp=84900407297&origin=inward,,2026-04-12 18:29:38,Article,,01266039,https://api.elsevier.com/content/abstract/scopus_id/84900407297,43,5,,,,2.09,23.0,1,11,,,,84900407297,2-s2.0-84900407297
9,Del Carmen Zúñiga M.,"Aquatic entomofauna from Gorgona national natural park, Colombian Pacific, with emphasis in Ephemeroptera and Plecoptera",2014,Revista De Biologia Tropical,,https://www.scopus.com/inward/record.uri?partnerID=HzOxMe3b&scp=84946158534&origin=inward,https://www.scopus.com/inward/citedby.uri?partnerID=HzOxMe3b&scp=84946158534&origin=inward,,2026-04-12 18:29:38,Article,10.15517/rbt.v62i0.16278,00347744,https://api.elsevier.com/content/abstract/scopus_id/84946158534,62,,,,,0.82,9.0,1,11,,,,84946158534,2-s2.0-84946158534
27,Winkelmann C.,Top-down and bottom-up control of periphyton by benthivorous fish and light supply in two streams,2014,Freshwater Biology,,https://www.scopus.com/inward/record.uri?partnerID=HzOxMe3b&scp=84897592813&origin=inward,https://www.scopus.com/inward/citedby.uri?partnerID=HzOxMe3b&scp=84897592813&origin=inward,,2026-04-12 18:29:38,Article,10.1111/fwb.12305,00465070,https://api.elsevier.com/content/abstract/scopus_id/84897592813,59,4,,,,2.45,27.0,1,11,,,,84897592813,2-s2.0-84897592813
80,Ditsche P.,Aquatic versus terrestrial attachment: Water makes a difference,2014,Beilstein Journal of Nanotechnology,,https://www.scopus.com/inward/record.uri?partnerID=HzOxMe3b&scp=84970014268&origin=inward,https://www.scopus.com/inward/citedby.uri?partnerID=HzOxMe3b&scp=84970014268&origin=inward,,2026-04-12 18:29:38,Review,10.3762/bjnano.5.252,,https://api.elsevier.com/content/abstract/scopus_id/84970014268,5,1,,,,7.27,80.0,1,11,,,,84970014268,2-s2.0-84970014268
8,Souto P.,"Two new species of Thraulodes Ulmer, 1920 (Ephemeroptera: Leptophlebiidae: Atalophlebiinae) from southeast Brazil",2014,Zootaxa,,https://www.scopus.com/inward/record.uri?partnerID=HzOxMe3b&scp=84893708272&origin=inward,https://www.scopus.com/inward/citedby.uri?partnerID=HzOxMe3b&scp=84893708272&origin=inward,,2026-04-12 18:29:38,Article,10.11646/zootaxa.3760.4.6,11755326,https://api.elsevier.com/content/abstract/scopus_id/84893708272,3760,4,,,,0.73,8.0,1,11,,,,84893708272,2-s2.0-84893708272
52,Ishikawa N.F.,Stable nitrogen isotopic composition of amino acids reveals food web structure in stream ecosystems,2014,Oecologia,,https://www.scopus.com/inward/record.uri?partnerID=HzOxMe3b&scp=84902815733&origin=inward,https://www.scopus.com/inward/citedby.uri?partnerID=HzOxMe3b&scp=84902815733&origin=inward,,2026-04-12 18:29:38,Article,10.1007/s00442-014-2936-4,00298549,https://api.elsevier.com/content/abstract/scopus_id/84902815733,175,3,,,,4.73,52.0,1,11,,,,84902815733,2-s2.0-84902815733
14,Shi W.,"The genus Labiobaetis (Ephemeroptera: Baetidae) in China, with description of a new species",2014,Zootaxa,,https://www.scopus.com/inward/record.uri?partnerID=HzOxMe3b&scp=84902461041&origin=inward,https://www.scopus.com/inward/citedby.uri?partnerID=HzOxMe3b&scp=84902461041&origin=inward,,2026-04-12 18:29:38,Article,10.11646/zootaxa.3815.3.5,11755326,https://api.elsevier.com/content/abstract/scopus_id/84902461041,3815,3,,,,1.27,14.0,1,11,,,,84902461041,2-s2.0-84902461041
29,Pan Y.,"A model for organic fossilization of the early Cretaceous Jehol Lagerstätte based on the taphonomy of ""ephemeropsis trisetalis""",2014,Palaios,,https://www.scopus.com/inward/record.uri?partnerID=HzOxMe3b&scp=84908656905&origin=inward,https://www.scopus.com/inward/citedby.uri?partnerID=HzOxMe3b&scp=84908656905&origin=inward,,2026-04-12 18:29:38,Article,10.2110/palo.2013.119,08831351,https://api.elsevier.com/content/abstract/scopus_id/84908656905,29,7,,,,2.64,29.0,1,11,,,,84908656905,2-s2.0-84908656905
24,Hille S.,Fast reaction of macroinvertebrate communities to stagnation and drought in streams with contrasting nutrient availability,2014,Freshwater Science,,https://www.scopus.com/inward/record.uri?partnerID=HzOxMe3b&scp=84906717873&origin=inward,https://www.scopus.com/inward/citedby.uri?partnerID=HzOxMe3b&scp=84906717873&origin=inward,,2026-04-12 18:29:38,Article,10.1086/677554,21619549,https://api.elsevier.com/content/abstract/scopus_id/84906717873,33,3,,,,2.18,24.0,1,11,,,,84906717873,2-s2.0-84906717873
5,Valle L.G.,"Orphella intropus (Kickxellomycotina), a new insect endosymbiont with an unusual perforating holdfast system and other trichomycetes from Italy",2014,Mycologia,,https://www.scopus.com/inward/record.uri?partnerID=HzOxMe3b&scp=84902089850&origin=inward,https://www.scopus.com/inward/citedby.uri?partnerID=HzOxMe3b&scp=84902089850&origin=inward,,2026-04-12 18:29:38,Article,10.3852/13-349,00275514,https://api.elsevier.com/content/abstract/scopus_id/84902089850,106,3,,,,0.45,5.0,1,11,,,,84902089850,2-s2.0-84902089850
1,Sousa E.d.F.,"Distribution and seasonal variation of ephemeroptera, plecoptera and trichoptera (arthropoda: Insecta) in different aquatic environments of a cerrado area, state of minas gerais, Brazil",2014,Bioscience Journal,,https://www.scopus.com/inward/record.uri?partnerID=HzOxMe3b&scp=84896977525&origin=inward,https://www.scopus.com/inward/citedby.uri?partnerID=HzOxMe3b&scp=84896977525&origin=inward,,2026-04-12 18:29:38,Article,,15163725,https://api.elsevier.com/content/abstract/scopus_id/84896977525,30,3,,,,0.09,1.0,1,11,,,,84896977525,2-s2.0-84896977525
19,Ab Hamid S.,"Ecology of Ephemeroptera, Plecoptera and Trichoptera (Insecta) in Rivers of the Gunung Jerai Forest Reserve: Diversity and Distribution of Functional Feeding Groups",2014,Tropical Life Sciences Research,,https://www.scopus.com/inward/record.uri?partnerID=HzOxMe3b&scp=84906094594&origin=inward,https://www.scopus.com/inward/citedby.uri?partnerID=HzOxMe3b&scp=84906094594&origin=inward,,2026-04-12 18:29:38,Article,,19853718,https://api.elsevier.com/content/abstract/scopus_id/84906094594,25,1,,,,1.73,19.0,1,11,,,,84906094594,2-s2.0-84906094594
41,Li F.,Potential impacts of global warming on the diversity and distribution of stream insects in South Korea,2014,Conservation Biology,,https://www.scopus.com/inward/record.uri?partnerID=HzOxMe3b&scp=84892962888&origin=inward,https://www.scopus.com/inward/citedby.uri?partnerID=HzOxMe3b&scp=84892962888&origin=inward,,2026-04-12 18:29:38,Article,10.1111/cobi.12219,08888892,https://api.elsevier.com/content/abstract/scopus_id/84892962888,28,2,,,,3.73,41.0,1,11,,,,84892962888,2-s2.0-84892962888
16,Rotvit L.,"Egg development of Plecoptera, Ephemeroptera and Odonata along latitudinal gradients",2014,Ecological Entomology,,https://www.scopus.com/inward/record.uri?partnerID=HzOxMe3b&scp=84896694848&origin=inward,https://www.scopus.com/inward/citedby.uri?partnerID=HzOxMe3b&scp=84896694848&origin=inward,,2026-04-12 18:29:38,Article,10.1111/een.12085,03076946,https://api.elsevier.com/content/abstract/scopus_id/84896694848,39,2,,,,1.45,16.0,1,11,,,,84896694848,2-s2.0-84896694848
30,Scheibler E.E.,Temporal and altitudinal variations in benthic macroinvertebrate assemblages in an Andean river basin of Argentina,2014,Journal of Limnology,,https://www.scopus.com/inward/record.uri?partnerID=HzOxMe3b&scp=84896925198&origin=inward,https://www.scopus.com/inward/citedby.uri?partnerID=HzOxMe3b&scp=84896925198&origin=inward,,2026-04-12 18:29:38,Article,10.4081/jlimnol.2014.789,11295767,https://api.elsevier.com/content/abstract/scopus_id/84896925198,73,1,,,,2.73,30.0,1,11,,,,84896925198,2-s2.0-84896925198
4,Nascimento J.M.C.,"Redescription of Leptohyphes cornutus Allen, 1967 (Ephemeroptera: Leptohyphidae) and description of three related new species",2014,Zootaxa,,https://www.scopus.com/inward/record.uri?partnerID=HzOxMe3b&scp=84916623089&origin=inward,https://www.scopus.com/inward/citedby.uri?partnerID=HzOxMe3b&scp=84916623089&origin=inward,,2026-04-12 18:29:38,Article,10.11646/zootaxa.3893.3.5,11755326,https://api.elsevier.com/content/abstract/scopus_id/84916623089,3893,3,,,,0.36,4.0,1,11,,,,84916623089,2-s2.0-84916623089
39,Rugenski A.T.,Climate-moderated responses to wildfire by macroinvertebrates and basal food resources in montane wilderness streams,2014,Ecosphere,,https://www.scopus.com/inward/record.uri?partnerID=HzOxMe3b&scp=84900009968&origin=inward,https://www.scopus.com/inward/citedby.uri?partnerID=HzOxMe3b&scp=84900009968&origin=inward,,2026-04-12 18:29:38,Article,10.1890/ES13-00236.1,,https://api.elsevier.com/content/abstract/scopus_id/84900009968,5,3,,,,3.55,39.0,1,11,,,,84900009968,2-s2.0-84900009968
6,Tarjányi N.,Spatial distribution of phytophilous macroinvertebrates in a side arm of the middle danube river,2014,Acta Zoologica Bulgarica,,https://www.scopus.com/inward/record.uri?partnerID=HzOxMe3b&scp=84904466286&origin=inward,https://www.scopus.com/inward/citedby.uri?partnerID=HzOxMe3b&scp=84904466286&origin=inward,,2026-04-12 18:29:38,Article,,03240770,https://api.elsevier.com/content/abstract/scopus_id/84904466286,66,SUPPL. 7,,,,0.55,6.0,1,11,,,,84904466286,2-s2.0-84904466286
10,Domínguez E.,"Ephemeroptera from the Venezuelan Guayanas's uplands: Families leptophlebiidae, euthyplociidae and oligoneuriidae",2014,Zootaxa,,https://www.scopus.com/inward/record.uri?partnerID=HzOxMe3b&scp=84903851431&origin=inward,https://www.scopus.com/inward/citedby.uri?partnerID=HzOxMe3b&scp=84903851431&origin=inward,,2026-04-12 18:29:38,Article,10.11646/zootaxa.3827.3.1,11755326,https://api.elsevier.com/content/abstract/scopus_id/84903851431,3827,3,,,,0.91,10.0,1,11,,,,84903851431,2-s2.0-84903851431
11,Sproul J.S.,Comparative phylogeography of codistributed aquatic insects in western North America: Insights into dispersal and regional patterns of genetic structure,2014,Freshwater Biology,,https://www.scopus.com/inward/record.uri?partnerID=HzOxMe3b&scp=84908233708&origin=inward,https://www.scopus.com/inward/citedby.uri?partnerID=HzOxMe3b&scp=84908233708&origin=inward,,2026-04-12 18:29:38,Article,10.1111/fwb.12406,00465070,https://api.elsevier.com/content/abstract/scopus_id/84908233708,59,10,,,,1.0,11.0,1,11,,,,84908233708,2-s2.0-84908233708
17,Houghton D.,"Seasonal changes in the critical thermal maxima of four species of aquatic insects (Ephemeroptera, Trichoptera)",2014,Environmental Entomology,,https://www.scopus.com/inward/record.uri?partnerID=HzOxMe3b&scp=84905667424&origin=inward,https://www.scopus.com/inward/citedby.uri?partnerID=HzOxMe3b&scp=84905667424&origin=inward,,2026-04-12 18:29:38,Article,10.1603/EN13344,0046225X,https://api.elsevier.com/content/abstract/scopus_id/84905667424,43,4,,,,1.55,17.0,1,11,,,,84905667424,2-s2.0-84905667424
27,Lancaster J.,Maternal behaviours may explain riffle-scale variations in some stream insect populations,2014,Freshwater Biology,,https://www.scopus.com/inward/record.uri?partnerID=HzOxMe3b&scp=84892440445&origin=inward,https://www.scopus.com/inward/citedby.uri?partnerID=HzOxMe3b&scp=84892440445&origin=inward,,2026-04-12 18:29:38,Article,10.1111/fwb.12281,00465070,https://api.elsevier.com/content/abstract/scopus_id/84892440445,59,3,,,,2.45,27.0,1,11,,,,84892440445,2-s2.0-84892440445
25,Robinson C.,Ecosystem development of streams lengthened by rapid glacial recession,2014,Fundamental and Applied Limnology,,https://www.scopus.com/inward/record.uri?partnerID=HzOxMe3b&scp=84913586805&origin=inward,https://www.scopus.com/inward/citedby.uri?partnerID=HzOxMe3b&scp=84913586805&origin=inward,,2026-04-12 18:29:38,Article,10.1127/fal/2014/0667,18639135,https://api.elsevier.com/content/abstract/scopus_id/84913586805,185,3-4,,,,2.27,25.0,1,11,,,,84913586805,2-s2.0-84913586805
41,Poteat M.D.,Calcium uptake in aquatic insects: Influences of phylogeny and metals (Cd and Zn),2014,Journal of Experimental Biology,,https://www.scopus.com/inward/record.uri?partnerID=HzOxMe3b&scp=84899873711&origin=inward,https://www.scopus.com/inward/citedby.uri?partnerID=HzOxMe3b&scp=84899873711&origin=inward,,2026-04-12 18:29:38,Article,10.1242/jeb.097261,00220949,https://api.elsevier.com/content/abstract/scopus_id/84899873711,217,7,,,,3.73,41.0,1,11,,,,84899873711,2-s2.0-84899873711
9,Knighton J.,Random walk modeling of adult Leuctra ferruginea (stonefly) dispersal,2014,Ecological Informatics,,https://www.scopus.com/inward/record.uri?partnerID=HzOxMe3b&scp=84896981172&origin=inward,https://www.scopus.com/inward/citedby.uri?partnerID=HzOxMe3b&scp=84896981172&origin=inward,,2026-04-12 18:29:38,Article,10.1016/j.ecoinf.2013.11.001,15749541,https://api.elsevier.com/content/abstract/scopus_id/84896981172,19,,,,,0.82,9.0,1,11,,,,84896981172,2-s2.0-84896981172
20,Guzmán-Soto C.J.,"Feeding habits of immature individuals of ephemeroptera, plecoptera, and trichoptera from middle reaches of a tropical mountain stream",2014,Revista De Biologia Tropical,,https://www.scopus.com/inward/record.uri?partnerID=HzOxMe3b&scp=84907411310&origin=inward,https://www.scopus.com/inward/citedby.uri?partnerID=HzOxMe3b&scp=84907411310&origin=inward,,2026-04-12 18:29:38,Article,10.15517/rbt.v62i0.15786,00347744,https://api.elsevier.com/content/abstract/scopus_id/84907411310,62,,,,,1.82,20.0,1,11,,,,84907411310,2-s2.0-84907411310
1,Astakhov M.,"Invertebrate drift in the piedmont part of the Kedrovaya River (Primorsky Krai, Russia) in warm season",2014,Inland Water Biology,,https://www.scopus.com/inward/record.uri?partnerID=HzOxMe3b&scp=84897476288&origin=inward,https://www.scopus.com/inward/citedby.uri?partnerID=HzOxMe3b&scp=84897476288&origin=inward,,2026-04-12 18:29:38,Article,10.1134/S1995082914010039,19950829,https://api.elsevier.com/content/abstract/scopus_id/84897476288,7,1,,,,0.09,1.0,1,11,,,,84897476288,2-s2.0-84897476288
34,White B.P.,Comparison of four species-delimitation methods applied to a DNA barcode data set of insect larvae for use in routine bioassessment,2014,Freshwater Science,,https://www.scopus.com/inward/record.uri?partnerID=HzOxMe3b&scp=84896322579&origin=inward,https://www.scopus.com/inward/citedby.uri?partnerID=HzOxMe3b&scp=84896322579&origin=inward,,2026-04-12 18:29:38,Article,10.1086/674982,21619549,https://api.elsevier.com/content/abstract/scopus_id/84896322579,33,1,,,,3.09,34.0,1,11,,,,84896322579,2-s2.0-84896322579
8,Mencarelli C.,Ultrastructure of the sperm axoneme and molecular analysis of axonemal dynein in ephemeroptera (Insecta),2014,Cytoskeleton,,https://www.scopus.com/inward/record.uri?partnerID=HzOxMe3b&scp=84900024625&origin=inward,https://www.scopus.com/inward/citedby.uri?partnerID=HzOxMe3b&scp=84900024625&origin=inward,,2026-04-12 18:29:38,Article,10.1002/cm.21175,19493584,https://api.elsevier.com/content/abstract/scopus_id/84900024625,71,5,,,,0.73,8.0,1,11,,,,84900024625,2-s2.0-84900024625
26,Domínguez E.,Co-authorship networks (and other contextual factors) behind the growth of taxonomy of South American Ephemeroptera: A scientometric approach,2014,Zootaxa,,https://www.scopus.com/inward/record.uri?partnerID=HzOxMe3b&scp=84892698968&origin=inward,https://www.scopus.com/inward/citedby.uri?partnerID=HzOxMe3b&scp=84892698968&origin=inward,,2026-04-12 18:29:38,Article,10.11646/zootaxa.3754.1.3,11755326,https://api.elsevier.com/content/abstract/scopus_id/84892698968,3754,1,,,,2.36,26.0,1,11,,,,84892698968,2-s2.0-84892698968
3,Yoshimura M.,"Diel response of EPT families to light traps in broad-leaved and planted coniferous forest basins, Japan",2014,Biological Rhythm Research,,https://www.scopus.com/inward/record.uri?partnerID=HzOxMe3b&scp=84896785788&origin=inward,https://www.scopus.com/inward/citedby.uri?partnerID=HzOxMe3b&scp=84896785788&origin=inward,,2026-04-12 18:29:38,Article,10.1080/09291016.2013.781331,09291016,https://api.elsevier.com/content/abstract/scopus_id/84896785788,45,2,,,,0.27,3.0,1,11,,,,84896785788,2-s2.0-84896785788
4,Bhubaneshwari Devi M.,"Aquatic edible insects of Loktak Lake of Manipur, North East, India",2014,Journal of Entomological Research,,https://www.scopus.com/inward/record.uri?partnerID=HzOxMe3b&scp=84937402164&origin=inward,https://www.scopus.com/inward/citedby.uri?partnerID=HzOxMe3b&scp=84937402164&origin=inward,,2026-04-12 18:29:38,Article,,03789519,https://api.elsevier.com/content/abstract/scopus_id/84937402164,38,1,,,,0.36,4.0,1,11,,,,84937402164,2-s2.0-84937402164
124,Clare E.L.,An inordinate fondness for beetles? Variation in seasonal dietary preferences of night-roosting big brown bats (Eptesicus fuscus),2014,Molecular Ecology,,https://www.scopus.com/inward/record.uri?partnerID=HzOxMe3b&scp=84904647385&origin=inward,https://www.scopus.com/inward/citedby.uri?partnerID=HzOxMe3b&scp=84904647385&origin=inward,,2026-04-12 18:29:38,Conference Paper,10.1111/mec.12519,09621083,https://api.elsevier.com/content/abstract/scopus_id/84904647385,23,15,,,,11.27,124.0,1,11,,,,84904647385,2-s2.0-84904647385
26,Mehari A.,"Spatial and seasonal variation in the macro-invertebrates and physico-chemical parameters of the Enfranz River, Lake Tana sub-basin (Ethiopia)",2014,Ecohydrology and Hydrobiology,,https://www.scopus.com/inward/record.uri?partnerID=HzOxMe3b&scp=84927581623&origin=inward,https://www.scopus.com/inward/citedby.uri?partnerID=HzOxMe3b&scp=84927581623&origin=inward,,2026-04-12 18:29:38,Article,10.1016/j.ecohyd.2014.07.004,16423593,https://api.elsevier.com/content/abstract/scopus_id/84927581623,14,4,,,,2.36,26.0,1,11,,,,84927581623,2-s2.0-84927581623
8,Martínez-Sanz C.,Macroinvertebrate richness importance in coastal tropical streams of esmeraldas (Ecuador) and its use and implications in environmental management procedures,2014,International Journal of Ecology,,https://www.scopus.com/inward/record.uri?partnerID=HzOxMe3b&scp=84893847998&origin=inward,https://www.scopus.com/inward/citedby.uri?partnerID=HzOxMe3b&scp=84893847998&origin=inward,,2026-04-12 18:29:38,Article,10.1155/2014/253134,16879708,https://api.elsevier.com/content/abstract/scopus_id/84893847998,2014,,,,,0.73,8.0,1,11,,,,84893847998,2-s2.0-84893847998
99,Chang F.H.,Tolerance values of benthic macroinvertebrates for stream biomonitoring: Assessment of assumptions underlying scoring systems worldwide,2014,Environmental Monitoring and Assessment,,https://www.scopus.com/inward/record.uri?partnerID=HzOxMe3b&scp=84895820362&origin=inward,https://www.scopus.com/inward/citedby.uri?partnerID=HzOxMe3b&scp=84895820362&origin=inward,,2026-04-12 18:29:38,Article,10.1007/s10661-013-3523-6,01676369,https://api.elsevier.com/content/abstract/scopus_id/84895820362,186,4,,,,9.0,99.0,1,11,,,,84895820362,2-s2.0-84895820362
13,Ben Moussa A.,"Diversité taxonomique et structure de la macrofaune benthique des eaux superficielles de l'oued khoumane. Moulay idriss Zerhoun, Maroc (Taxonomic diversity and structure of benthic macrofauna of surface water of Khoumane River. Moulay idriss Zerhoun, Morocco)",2014,Journal of Materials and Environmental Science,,https://www.scopus.com/inward/record.uri?partnerID=HzOxMe3b&scp=84890285271&origin=inward,https://www.scopus.com/inward/citedby.uri?partnerID=HzOxMe3b&scp=84890285271&origin=inward,,2026-04-12 18:29:38,Article,,20282508,https://api.elsevier.com/content/abstract/scopus_id/84890285271,5,1,,,,1.18,13.0,1,11,,,,84890285271,2-s2.0-84890285271
26,Gao X.,"Spatial heterogeneity of stream environmental conditions and macroinvertebrates community in an agriculture dominated watershed and management implications for a large river (the Liao River, China) basin",2014,Environmental Monitoring and Assessment,,https://www.scopus.com/inward/record.uri?partnerID=HzOxMe3b&scp=84895808114&origin=inward,https://www.scopus.com/inward/citedby.uri?partnerID=HzOxMe3b&scp=84895808114&origin=inward,,2026-04-12 18:29:38,Article,10.1007/s10661-013-3545-0,01676369,https://api.elsevier.com/content/abstract/scopus_id/84895808114,186,4,,,,2.36,26.0,1,11,,,,84895808114,2-s2.0-84895808114
4,Wellnitz T.,Do installed stream logjams change benthic community structure?,2014,Limnologica,,https://www.scopus.com/inward/record.uri?partnerID=HzOxMe3b&scp=84908504631&origin=inward,https://www.scopus.com/inward/citedby.uri?partnerID=HzOxMe3b&scp=84908504631&origin=inward,,2026-04-12 18:29:38,Article,10.1016/j.limno.2014.09.002,00759511,https://api.elsevier.com/content/abstract/scopus_id/84908504631,49,,,,,0.36,4.0,1,11,,,,84908504631,2-s2.0-84908504631
5,Jeong K.Y.,"Influence of aquatic macrophytes on the interactions among aquatic organisms in shallow wetlands (Upo Wetland, South Korea)",2014,Journal of Ecology and Environment,,https://www.scopus.com/inward/record.uri?partnerID=HzOxMe3b&scp=84915791142&origin=inward,https://www.scopus.com/inward/citedby.uri?partnerID=HzOxMe3b&scp=84915791142&origin=inward,,2026-04-12 18:29:38,Article,10.5141/ecoenv.2014.022,,https://api.elsevier.com/content/abstract/scopus_id/84915791142,37,4,,,,0.45,5.0,1,11,,,,84915791142,2-s2.0-84915791142
24,Olomukoro J.,Macroinvertebrate community and pollution tolerance index in edion and omodo rivers in derived savannah wetlands in southern nigeria,2014,Jordan Journal of Biological Sciences,,https://www.scopus.com/inward/record.uri?partnerID=HzOxMe3b&scp=84926089321&origin=inward,https://www.scopus.com/inward/citedby.uri?partnerID=HzOxMe3b&scp=84926089321&origin=inward,,2026-04-12 18:29:38,Article,10.12816/0008208,19956673,https://api.elsevier.com/content/abstract/scopus_id/84926089321,7,1,,,,2.18,24.0,1,11,,,,84926089321,2-s2.0-84926089321
6,Cruz P.V.,"Two new species of Apobaetis Day, 1955 (Ephemeroptera: Baetidae) from Brazil",2014,Zootaxa,,https://www.scopus.com/inward/record.uri?partnerID=HzOxMe3b&scp=84907584361&origin=inward,https://www.scopus.com/inward/citedby.uri?partnerID=HzOxMe3b&scp=84907584361&origin=inward,,2026-04-12 18:29:38,Article,10.11646/zootaxa.3866.4.9,11755326,https://api.elsevier.com/content/abstract/scopus_id/84907584361,3866,4,,,,0.55,6.0,1,11,,,,84907584361,2-s2.0-84907584361
8,Molineri C.,"Description of Alloretochus sigillatus new species with comments and new distributional records for Alloretochus peruanicus (Ephemeroptera, Caenidae, Brachycercinae)",2014,Zootaxa,,https://www.scopus.com/inward/record.uri?partnerID=HzOxMe3b&scp=84903123168&origin=inward,https://www.scopus.com/inward/citedby.uri?partnerID=HzOxMe3b&scp=84903123168&origin=inward,,2026-04-12 18:29:38,Article,10.11646/zootaxa.3821.1.11,11755326,https://api.elsevier.com/content/abstract/scopus_id/84903123168,3821,1,,,,0.73,8.0,1,11,,,,84903123168,2-s2.0-84903123168
19,Morelli E.,Aquatic macroinvertebrate diversity in freshwater streams with native riparian vegetation of Uruguay,2014,Revista Mexicana De Biodiversidad,,https://www.scopus.com/inward/record.uri?partnerID=HzOxMe3b&scp=84913533426&origin=inward,https://www.scopus.com/inward/citedby.uri?partnerID=HzOxMe3b&scp=84913533426&origin=inward,,2026-04-12 18:29:38,Article,10.7550/rmb.45419,18703453,https://api.elsevier.com/content/abstract/scopus_id/84913533426,85,4,,,,1.73,19.0,1,11,,,,84913533426,2-s2.0-84913533426
7,Boldrini R.,"Five new species of Camelobaetidius Demoulin, 1966 (Ephemeroptera: Baetidae), and redescription of Camelobaetidius mexicanus (Traver & Edmunds, 1968)",2014,Zootaxa,,https://www.scopus.com/inward/record.uri?partnerID=HzOxMe3b&scp=84901260786&origin=inward,https://www.scopus.com/inward/citedby.uri?partnerID=HzOxMe3b&scp=84901260786&origin=inward,,2026-04-12 18:29:38,Article,10.11646/zootaxa.3796.3.8,11755326,https://api.elsevier.com/content/abstract/scopus_id/84901260786,3796,3,,,,0.64,7.0,1,11,,,,84901260786,2-s2.0-84901260786
12,Blachuta J.,How do environmental parameters relate to macroinvertebrate metrics?-Prospects for river water quality assessment,2014,Polish Journal of Ecology,,https://www.scopus.com/inward/record.uri?partnerID=HzOxMe3b&scp=85024889146&origin=inward,https://www.scopus.com/inward/citedby.uri?partnerID=HzOxMe3b&scp=85024889146&origin=inward,,2026-04-12 18:29:38,Article,10.3161/104.062.0111,15052249,https://api.elsevier.com/content/abstract/scopus_id/85024889146,62,1,,,,1.09,12.0,1,11,,,,85024889146,2-s2.0-85024889146
9,Han Z.,Antifogging properties and mechanism of micron structure in Ephemera pictiventris McLachlan compound eyes,2014,Chinese Science Bulletin,,https://www.scopus.com/inward/record.uri?partnerID=HzOxMe3b&scp=84901194365&origin=inward,https://www.scopus.com/inward/citedby.uri?partnerID=HzOxMe3b&scp=84901194365&origin=inward,,2026-04-12 18:29:38,Article,10.1007/s11434-014-0252-3,10016538,https://api.elsevier.com/content/abstract/scopus_id/84901194365,59,17,,,,0.82,9.0,1,11,,,,84901194365,2-s2.0-84901194365
6,Szczerkowska-Majchrzak E.,Resistance of riverine macroinvertebrate assemblages to hydrological extremes,2014,Oceanological and Hydrobiological Studies,,https://www.scopus.com/inward/record.uri?partnerID=HzOxMe3b&scp=84937196329&origin=inward,https://www.scopus.com/inward/citedby.uri?partnerID=HzOxMe3b&scp=84937196329&origin=inward,,2026-04-12 18:29:38,Article,10.2478/s13545-014-0159-2,1730413X,https://api.elsevier.com/content/abstract/scopus_id/84937196329,43,4,,,,0.55,6.0,1,11,,,,84937196329,2-s2.0-84937196329
34,Yu-Han Q.,Mitochondrial genome of the stonefly kamimuria wangi (Plecoptera: Perlidae) and phylogenetic position of plecoptera based on mitogenomes,2014,Plos One,,https://www.scopus.com/inward/record.uri?partnerID=HzOxMe3b&scp=84899812213&origin=inward,https://www.scopus.com/inward/citedby.uri?partnerID=HzOxMe3b&scp=84899812213&origin=inward,,2026-04-12 18:29:38,Article,10.1371/journal.pone.0086328,,https://api.elsevier.com/content/abstract/scopus_id/84899812213,9,1,,,,3.09,34.0,1,11,,,,84899812213,2-s2.0-84899812213
2,Zhao N.,Research on aquatic ecology in the Naban River and restoration suggestions,2014,Proceedings of the International Conference on Fluvial Hydraulics River Flow 2014,,https://www.scopus.com/inward/record.uri?partnerID=HzOxMe3b&scp=84906691674&origin=inward,https://www.scopus.com/inward/citedby.uri?partnerID=HzOxMe3b&scp=84906691674&origin=inward,,2026-04-12 18:29:38,Conference Paper,10.1201/b17133-315,,https://api.elsevier.com/content/abstract/scopus_id/84906691674,,,,,,0.18,2.0,1,11,,,,84906691674,2-s2.0-84906691674
14,Sartori M.,"The concept of Compsoneuria Eaton, 1881 revisited in light of historical and new material from the Sunda Islands (Ephemeroptera: Heptageniidae: Ecdyonurinae)",2014,Zootaxa,,https://www.scopus.com/inward/record.uri?partnerID=HzOxMe3b&scp=84904319907&origin=inward,https://www.scopus.com/inward/citedby.uri?partnerID=HzOxMe3b&scp=84904319907&origin=inward,,2026-04-12 18:29:38,Article,10.11646/zootaxa.3835.1.1,11755326,https://api.elsevier.com/content/abstract/scopus_id/84904319907,3835,1,,,,1.27,14.0,1,11,,,,84904319907,2-s2.0-84904319907
12,Sartori M.,"Status of the enigmatic Oriental genus Rhithrogeniella Ulmer, 1939 (Ephemeroptera, Heptageniidae)",2014,Zookeys,,https://www.scopus.com/inward/record.uri?partnerID=HzOxMe3b&scp=84905166345&origin=inward,https://www.scopus.com/inward/citedby.uri?partnerID=HzOxMe3b&scp=84905166345&origin=inward,,2026-04-12 18:29:38,Article,10.3897/zookeys.429.8116,13132989,https://api.elsevier.com/content/abstract/scopus_id/84905166345,,429,,,,1.09,12.0,1,11,,,,84905166345,2-s2.0-84905166345
3,Cruz P.V.,"Further notes on South American species of Baetidae (Ephemeroptera) assigned to Moribaetis Waltz &McCafferty, 1985",2014,Zootaxa,,https://www.scopus.com/inward/record.uri?partnerID=HzOxMe3b&scp=84899720324&origin=inward,https://www.scopus.com/inward/citedby.uri?partnerID=HzOxMe3b&scp=84899720324&origin=inward,,2026-04-12 18:29:38,Article,10.11646/zootaxa.3793.3.9,11755326,https://api.elsevier.com/content/abstract/scopus_id/84899720324,3793,3,,,,0.27,3.0,1,11,,,,84899720324,2-s2.0-84899720324
12,Sartori M.,"The species of Thalerosphyrus Eaton, 1881 (Insecta, Ephemeroptera, Heptageniidae, Ecdyonurinae) in Java and Sumatra, with some comments on the diversity of the genus in the Oriental Realm",2014,Zookeys,,https://www.scopus.com/inward/record.uri?partnerID=HzOxMe3b&scp=84903382633&origin=inward,https://www.scopus.com/inward/citedby.uri?partnerID=HzOxMe3b&scp=84903382633&origin=inward,,2026-04-12 18:29:38,Article,10.3897/zookeys.420.7904,13132989,https://api.elsevier.com/content/abstract/scopus_id/84903382633,,420,,,,1.09,12.0,1,11,,,,84903382633,2-s2.0-84903382633
39,Carlisle D.M.,Macroinvertebrate community condition associated with the severity of streamflow alteration,2014,River Research and Applications,,https://www.scopus.com/inward/record.uri?partnerID=HzOxMe3b&scp=84891826555&origin=inward,https://www.scopus.com/inward/citedby.uri?partnerID=HzOxMe3b&scp=84891826555&origin=inward,,2026-04-12 18:29:38,Article,10.1002/rra.2626,15351459,https://api.elsevier.com/content/abstract/scopus_id/84891826555,30,1,,,,3.55,39.0,1,11,,,,84891826555,2-s2.0-84891826555
58,Nguyen H.H.,A multimetric macroinvertebrate index for assessing the water quality of the Cau river basin in Vietnam,2014,Limnologica,,https://www.scopus.com/inward/record.uri?partnerID=HzOxMe3b&scp=84892164020&origin=inward,https://www.scopus.com/inward/citedby.uri?partnerID=HzOxMe3b&scp=84892164020&origin=inward,,2026-04-12 18:29:38,Article,10.1016/j.limno.2013.10.001,00759511,https://api.elsevier.com/content/abstract/scopus_id/84892164020,45,,,,,5.27,58.0,1,11,,,,84892164020,2-s2.0-84892164020
10,Obolewski K.,The use of benthic macroinvertebrate metrics in the assessment of ecological status of floodplain lakes,2014,Journal of Freshwater Ecology,,https://www.scopus.com/inward/record.uri?partnerID=HzOxMe3b&scp=84896397448&origin=inward,https://www.scopus.com/inward/citedby.uri?partnerID=HzOxMe3b&scp=84896397448&origin=inward,,2026-04-12 18:29:38,Article,10.1080/02705060.2013.876943,02705060,https://api.elsevier.com/content/abstract/scopus_id/84896397448,29,2,,,,0.91,10.0,1,11,,,,84896397448,2-s2.0-84896397448
16,Strada L.,"A new genus and species of the family Trachypachidae (Coleoptera, Adephaga) from the upper Ladinian (Middle Triassic) of Monte San Giorgio",2014,Rivista Italiana Di Paleontologia E Stratigrafia,,https://www.scopus.com/inward/record.uri?partnerID=HzOxMe3b&scp=84905733506&origin=inward,https://www.scopus.com/inward/citedby.uri?partnerID=HzOxMe3b&scp=84905733506&origin=inward,,2026-04-12 18:29:38,Article,,00356883,https://api.elsevier.com/content/abstract/scopus_id/84905733506,120,2,,,,1.45,16.0,1,11,,,,84905733506,2-s2.0-84905733506
18,Piersanti S.,The sense of smell in Odonata: An electrophysiological screening,2014,Journal of Insect Physiology,,https://www.scopus.com/inward/record.uri?partnerID=HzOxMe3b&scp=84907567917&origin=inward,https://www.scopus.com/inward/citedby.uri?partnerID=HzOxMe3b&scp=84907567917&origin=inward,,2026-04-12 18:29:38,Article,10.1016/j.jinsphys.2014.09.003,00221910,https://api.elsevier.com/content/abstract/scopus_id/84907567917,70,,,,,1.64,18.0,1,11,,,,84907567917,2-s2.0-84907567917
3,Sartori M.,"On the validity of Epeorella Ulmer, 1939 (Ephemeroptera, Heptageniidae) with general considerations on the Heptageniidae of the Sunda Islands",2014,Zookeys,,https://www.scopus.com/inward/record.uri?partnerID=HzOxMe3b&scp=84908145563&origin=inward,https://www.scopus.com/inward/citedby.uri?partnerID=HzOxMe3b&scp=84908145563&origin=inward,,2026-04-12 18:29:38,Article,10.3897/zookeys.445.8370,13132989,https://api.elsevier.com/content/abstract/scopus_id/84908145563,,445,,,,0.27,3.0,1,11,,,,84908145563,2-s2.0-84908145563
19,Orlofske J.M.,A geometric morphometric approach to establish body-shape trait criteria for aquatic insects,2014,Freshwater Science,,https://www.scopus.com/inward/record.uri?partnerID=HzOxMe3b&scp=84906701779&origin=inward,https://www.scopus.com/inward/citedby.uri?partnerID=HzOxMe3b&scp=84906701779&origin=inward,,2026-04-12 18:29:38,Article,10.1086/676912,21619549,https://api.elsevier.com/content/abstract/scopus_id/84906701779,33,3,,,,1.73,19.0,1,11,,,,84906701779,2-s2.0-84906701779
30,Giraldo L.P.,"Agricultural land use impacts on aquatic macroinvertebrates in small streams from la Vieja River (Valle del Cauca, Colombia)",2014,Revista De Biologia Tropical,,https://www.scopus.com/inward/record.uri?partnerID=HzOxMe3b&scp=84907396070&origin=inward,https://www.scopus.com/inward/citedby.uri?partnerID=HzOxMe3b&scp=84907396070&origin=inward,,2026-04-12 18:29:38,Article,10.15517/rbt.v62i0.15788,00347744,https://api.elsevier.com/content/abstract/scopus_id/84907396070,62,,,,,2.73,30.0,1,11,,,,84907396070,2-s2.0-84907396070
22,Stockdale A.,Recovery of macroinvertebrate species richness in acidified upland waters assessed with a field toxicity model,2014,Ecological Indicators,,https://www.scopus.com/inward/record.uri?partnerID=HzOxMe3b&scp=84883389922&origin=inward,https://www.scopus.com/inward/citedby.uri?partnerID=HzOxMe3b&scp=84883389922&origin=inward,,2026-04-12 18:29:38,Article,10.1016/j.ecolind.2011.11.002,1470160X,https://api.elsevier.com/content/abstract/scopus_id/84883389922,37,PART B,,,,2.0,22.0,1,11,,,,84883389922,2-s2.0-84883389922
42,Moraes A.B.,Reduced riparian zone width compromises aquatic macroinvertebrate communities in streams of southern Brazil,2014,Environmental Monitoring and Assessment,,https://www.scopus.com/inward/record.uri?partnerID=HzOxMe3b&scp=84910012819&origin=inward,https://www.scopus.com/inward/citedby.uri?partnerID=HzOxMe3b&scp=84910012819&origin=inward,,2026-04-12 18:29:38,Article,10.1007/s10661-014-3911-6,01676369,https://api.elsevier.com/content/abstract/scopus_id/84910012819,186,11,,,,3.82,42.0,1,11,,,,84910012819,2-s2.0-84910012819
149,MäcHler E.,Utility of Environmental DNA for Monitoring Rare and Indicator Macroinvertebrate Species,2014,Freshwater Science,,https://www.scopus.com/inward/record.uri?partnerID=HzOxMe3b&scp=84908601386&origin=inward,https://www.scopus.com/inward/citedby.uri?partnerID=HzOxMe3b&scp=84908601386&origin=inward,,2026-04-12 18:29:38,Article,10.1086/678128,21619549,https://api.elsevier.com/content/abstract/scopus_id/84908601386,33,4,,,,13.55,149.0,1,11,,,,84908601386,2-s2.0-84908601386
12,Kosnicki E.,"Defining the reference condition for wadeable streams in the Sand Hills subdivision of the Southeastern Plains ecoregion, USA",2014,Environmental Management,,https://www.scopus.com/inward/record.uri?partnerID=HzOxMe3b&scp=84905985729&origin=inward,https://www.scopus.com/inward/citedby.uri?partnerID=HzOxMe3b&scp=84905985729&origin=inward,,2026-04-12 18:29:38,Article,10.1007/s00267-014-0320-0,0364152X,https://api.elsevier.com/content/abstract/scopus_id/84905985729,54,3,,,,1.09,12.0,1,11,,,,84905985729,2-s2.0-84905985729
6,Omar S.A.S.,"Benthic macroinvertebrates composition and distribution at sungai dawai and sungai dekong in lojing highland, Gua Musang, Kelantan",2014,Jurnal Teknologi Sciences and Engineering,,https://www.scopus.com/inward/record.uri?partnerID=HzOxMe3b&scp=84900843962&origin=inward,https://www.scopus.com/inward/citedby.uri?partnerID=HzOxMe3b&scp=84900843962&origin=inward,,2026-04-12 18:29:38,Article,,01279696,https://api.elsevier.com/content/abstract/scopus_id/84900843962,68,3,,,,0.55,6.0,1,11,,,,84900843962,2-s2.0-84900843962
16,Almeida D.,Regulated small rivers as 'nursery' areas for invasive largemouth bass Micropterus salmoides in Iberian waters,2014,Aquatic Conservation Marine and Freshwater Ecosystems,,https://www.scopus.com/inward/record.uri?partnerID=HzOxMe3b&scp=84919875404&origin=inward,https://www.scopus.com/inward/citedby.uri?partnerID=HzOxMe3b&scp=84919875404&origin=inward,,2026-04-12 18:29:38,Article,10.1002/aqc.2425,10527613,https://api.elsevier.com/content/abstract/scopus_id/84919875404,24,6,,,,1.45,16.0,1,11,,,,84919875404,2-s2.0-84919875404
12,Jandry J.,"Ephemeroptera communities as bioindicators of the suitability of headwater streams for restocking with white-clawed crayfish, Austropotamobius pallipes",2014,Ecological Indicators,,https://www.scopus.com/inward/record.uri?partnerID=HzOxMe3b&scp=84906081338&origin=inward,https://www.scopus.com/inward/citedby.uri?partnerID=HzOxMe3b&scp=84906081338&origin=inward,,2026-04-12 18:29:38,Article,10.1016/j.ecolind.2014.07.005,1470160X,https://api.elsevier.com/content/abstract/scopus_id/84906081338,46,,,,,1.09,12.0,1,11,,,,84906081338,2-s2.0-84906081338
23,Larned S.,Effects of Didymosphenia geminata removal on river macroinvertebrate communities,2014,Journal of Freshwater Ecology,,https://www.scopus.com/inward/record.uri?partnerID=HzOxMe3b&scp=84901238503&origin=inward,https://www.scopus.com/inward/citedby.uri?partnerID=HzOxMe3b&scp=84901238503&origin=inward,,2026-04-12 18:29:38,Article,10.1080/02705060.2014.898595,02705060,https://api.elsevier.com/content/abstract/scopus_id/84901238503,29,3,,,,2.09,23.0,1,11,,,,84901238503,2-s2.0-84901238503
27,Shah D.,Current and Future Latitudinal Gradients in Stream Macroinvertebrate Richness Across North America,2014,Freshwater Science,,https://www.scopus.com/inward/record.uri?partnerID=HzOxMe3b&scp=84924917596&origin=inward,https://www.scopus.com/inward/citedby.uri?partnerID=HzOxMe3b&scp=84924917596&origin=inward,,2026-04-12 18:29:38,Article,10.1086/678492,21619549,https://api.elsevier.com/content/abstract/scopus_id/84924917596,33,4,,,,2.45,27.0,1,11,,,,84924917596,2-s2.0-84924917596
31,Minshall G.W.,"Effects of Nutrient Replacement on Benthic Macroinvertebrates in an Ultraoligotrophic Reach of the Kootenai River, 2003-2010",2014,Freshwater Science,,https://www.scopus.com/inward/record.uri?partnerID=HzOxMe3b&scp=84930864802&origin=inward,https://www.scopus.com/inward/citedby.uri?partnerID=HzOxMe3b&scp=84930864802&origin=inward,,2026-04-12 18:29:38,Review,10.1086/677900,21619549,https://api.elsevier.com/content/abstract/scopus_id/84930864802,33,4,,,,2.82,31.0,1,11,,,,84930864802,2-s2.0-84930864802
18,Orlofske J.M.,Incorporating continuous trait variation into biomonitoring assessments by measuring and assigning trait values to individuals or taxa,2014,Freshwater Biology,,https://www.scopus.com/inward/record.uri?partnerID=HzOxMe3b&scp=84892435656&origin=inward,https://www.scopus.com/inward/citedby.uri?partnerID=HzOxMe3b&scp=84892435656&origin=inward,,2026-04-12 18:29:38,Article,10.1111/fwb.12279,00465070,https://api.elsevier.com/content/abstract/scopus_id/84892435656,59,3,,,,1.64,18.0,1,11,,,,84892435656,2-s2.0-84892435656
18,Bonato K.,Evidence of niche partitioning under ontogenetic influences among three morphologically similar siluriformes in small subtropical streams,2014,Plos One,,https://www.scopus.com/inward/record.uri?partnerID=HzOxMe3b&scp=84908565969&origin=inward,https://www.scopus.com/inward/citedby.uri?partnerID=HzOxMe3b&scp=84908565969&origin=inward,,2026-04-12 18:29:38,Article,10.1371/journal.pone.0110999,,https://api.elsevier.com/content/abstract/scopus_id/84908565969,9,10,,,,1.64,18.0,1,11,,,,84908565969,2-s2.0-84908565969
3,McDermond-Spies N.,Family-level benthic macroinvertebrate indicate successful relocation restoration of a northeast Iowa stream,2014,Ecological Restoration,,https://www.scopus.com/inward/record.uri?partnerID=HzOxMe3b&scp=84987597588&origin=inward,https://www.scopus.com/inward/citedby.uri?partnerID=HzOxMe3b&scp=84987597588&origin=inward,,2026-04-12 18:29:38,Article,10.3368/er.32.2.161,15224740,https://api.elsevier.com/content/abstract/scopus_id/84987597588,32,2,,,,0.27,3.0,1,11,,,,84987597588,2-s2.0-84987597588
5,Hrovat M.,Aquatic insects along environmental gradients in a karst river system: A comparative analysis of EPT larvae assemblage components,2014,International Review of Hydrobiology,,https://www.scopus.com/inward/record.uri?partnerID=HzOxMe3b&scp=84901652930&origin=inward,https://www.scopus.com/inward/citedby.uri?partnerID=HzOxMe3b&scp=84901652930&origin=inward,,2026-04-12 18:29:38,Article,10.1002/iroh.201301641,14342944,https://api.elsevier.com/content/abstract/scopus_id/84901652930,99,3,,,,0.45,5.0,1,11,,,,84901652930,2-s2.0-84901652930
9,Živić I.,Global warming effects on benthic macroinvertebrates: A model case study from a small geothermal stream,2014,Hydrobiologia,,https://www.scopus.com/inward/record.uri?partnerID=HzOxMe3b&scp=84899897331&origin=inward,https://www.scopus.com/inward/citedby.uri?partnerID=HzOxMe3b&scp=84899897331&origin=inward,,2026-04-12 18:29:38,Article,10.1007/s10750-014-1854-0,00188158,https://api.elsevier.com/content/abstract/scopus_id/84899897331,732,1,,,,0.82,9.0,1,11,,,,84899897331,2-s2.0-84899897331
72,Ferreira W.R.,Importance of environmental factors for the richness and distribution of benthic macroinvertebrates in tropical headwater streams,2014,Freshwater Science,,https://www.scopus.com/inward/record.uri?partnerID=HzOxMe3b&scp=84906685684&origin=inward,https://www.scopus.com/inward/citedby.uri?partnerID=HzOxMe3b&scp=84906685684&origin=inward,,2026-04-12 18:29:38,Article,10.1086/676951,21619549,https://api.elsevier.com/content/abstract/scopus_id/84906685684,33,3,,,,6.55,72.0,1,11,,,,84906685684,2-s2.0-84906685684
9,Sartori M.,"What is Ecdyonurus sumatranus Ulmer, 1939? A contribution to the knowledge of the genus Rhithrogena in the Oriental Region (Ephemeroptera, Heptageniidae)",2014,Zootaxa,,https://www.scopus.com/inward/record.uri?partnerID=HzOxMe3b&scp=84901650191&origin=inward,https://www.scopus.com/inward/citedby.uri?partnerID=HzOxMe3b&scp=84901650191&origin=inward,,2026-04-12 18:29:38,Article,10.11646/zootaxa.3802.2.3,11755326,https://api.elsevier.com/content/abstract/scopus_id/84901650191,3802,2,,,,0.82,9.0,1,11,,,,84901650191,2-s2.0-84901650191
3,Tesk A.,"Diet of the knifefish Gymnorhamphichthys petiti Géry & VU-TÂN-TUÊ, 1964 (Rhamphichthyidae) in streams of teles Pires River Basin, Southern Amazon",2014,Bioscience Journal,,https://www.scopus.com/inward/record.uri?partnerID=HzOxMe3b&scp=84906850371&origin=inward,https://www.scopus.com/inward/citedby.uri?partnerID=HzOxMe3b&scp=84906850371&origin=inward,,2026-04-12 18:29:38,Article,,15163725,https://api.elsevier.com/content/abstract/scopus_id/84906850371,30,5,,,,0.27,3.0,1,11,,,,84906850371,2-s2.0-84906850371
15,Tiffan K.,"Prey Availability, Consumption, and Quality Contribute to Variation in Growth of Subyearling Chinook Salmon Rearing in Riverine and Reservoir Habitats",2014,Transactions of the American Fisheries Society,,https://www.scopus.com/inward/record.uri?partnerID=HzOxMe3b&scp=84892378501&origin=inward,https://www.scopus.com/inward/citedby.uri?partnerID=HzOxMe3b&scp=84892378501&origin=inward,,2026-04-12 18:29:38,Article,10.1080/00028487.2013.839958,00028487,https://api.elsevier.com/content/abstract/scopus_id/84892378501,143,1,,,,1.36,15.0,1,11,,,,84892378501,2-s2.0-84892378501
4,Ishaq F.,Seasonal limnological variation and macro benthic diversity of river Yamuna at Kalsi Dehradun of Uttarakhand,2014,Middle East Journal of Scientific Research,,https://www.scopus.com/inward/record.uri?partnerID=HzOxMe3b&scp=84893600114&origin=inward,https://www.scopus.com/inward/citedby.uri?partnerID=HzOxMe3b&scp=84893600114&origin=inward,,2026-04-12 18:29:38,Article,10.5829/idosi.mejsr.2014.19.2.11220,19909233,https://api.elsevier.com/content/abstract/scopus_id/84893600114,19,2,,,,0.36,4.0,1,11,,,,84893600114,2-s2.0-84893600114
11,Quist M.,Effects of management legacies on stream fish and aquatic benthic macroinvertebrate assemblages,2014,Environmental Management,,https://www.scopus.com/inward/record.uri?partnerID=HzOxMe3b&scp=84905975739&origin=inward,https://www.scopus.com/inward/citedby.uri?partnerID=HzOxMe3b&scp=84905975739&origin=inward,,2026-04-12 18:29:38,Article,10.1007/s00267-014-0309-8,0364152X,https://api.elsevier.com/content/abstract/scopus_id/84905975739,54,3,,,,1.0,11.0,1,11,,,,84905975739,2-s2.0-84905975739
87,Conti L.,A trait-based approach to assess the vulnerability of European aquatic insects to climate change,2014,Hydrobiologia,,https://www.scopus.com/inward/record.uri?partnerID=HzOxMe3b&scp=84887890262&origin=inward,https://www.scopus.com/inward/citedby.uri?partnerID=HzOxMe3b&scp=84887890262&origin=inward,,2026-04-12 18:29:38,Article,10.1007/s10750-013-1690-7,00188158,https://api.elsevier.com/content/abstract/scopus_id/84887890262,721,1,,,,7.91,87.0,1,11,,,,84887890262,2-s2.0-84887890262
15,Longo M.,"Shredders are abundant and species-rich in tropical continental-Island low-order streams: Gorgona Island, Tropical Eastern Pacific, Colombia",2014,Revista De Biologia Tropical,,https://www.scopus.com/inward/record.uri?partnerID=HzOxMe3b&scp=84946168699&origin=inward,https://www.scopus.com/inward/citedby.uri?partnerID=HzOxMe3b&scp=84946168699&origin=inward,,2026-04-12 18:29:38,Article,10.15517/rbt.v62i0.15980,00347744,https://api.elsevier.com/content/abstract/scopus_id/84946168699,62,,,,,1.36,15.0,1,11,,,,84946168699,2-s2.0-84946168699
41,Peschke K.,"Invertebrates as indicators for chemical stress in sewage-influenced stream systems: Toxic and endocrine effects in gammarids and reactions at the community level in two tributaries of Lake Constance, Schussen and Argen",2014,Ecotoxicology and Environmental Safety,,https://www.scopus.com/inward/record.uri?partnerID=HzOxMe3b&scp=84900519277&origin=inward,https://www.scopus.com/inward/citedby.uri?partnerID=HzOxMe3b&scp=84900519277&origin=inward,,2026-04-12 18:29:38,Article,10.1016/j.ecoenv.2014.04.011,01476513,https://api.elsevier.com/content/abstract/scopus_id/84900519277,106,,,,,3.73,41.0,1,11,,,,84900519277,2-s2.0-84900519277
32,Glendell M.,Testing the pressure-specific invertebrate index (PSI) as a tool for determining ecologically relevant targets for reducing sedimentation in streams,2014,Freshwater Biology,,https://www.scopus.com/inward/record.uri?partnerID=HzOxMe3b&scp=84891628399&origin=inward,https://www.scopus.com/inward/citedby.uri?partnerID=HzOxMe3b&scp=84891628399&origin=inward,,2026-04-12 18:29:38,Article,10.1111/fwb.12269,00465070,https://api.elsevier.com/content/abstract/scopus_id/84891628399,59,2,,,,2.91,32.0,1,11,,,,84891628399,2-s2.0-84891628399
1,New T.R.,Planipennia: Lacewings,2014,Planipennia Lacewings,,https://www.scopus.com/inward/record.uri?partnerID=HzOxMe3b&scp=85064607211&origin=inward,https://www.scopus.com/inward/citedby.uri?partnerID=HzOxMe3b&scp=85064607211&origin=inward,,2026-04-12 18:29:38,Book,,,https://api.elsevier.com/content/abstract/scopus_id/85064607211,,,,,,0.09,1.0,1,11,,,,85064607211,2-s2.0-85064607211
1,Herrera J.V.,"Dietary selection of Torrent Duck (Merganetta armata) in the upper basin of Quindío river, Colombia",2014,Ornitologia Neotropical,,https://www.scopus.com/inward/record.uri?partnerID=HzOxMe3b&scp=84978640799&origin=inward,https://www.scopus.com/inward/citedby.uri?partnerID=HzOxMe3b&scp=84978640799&origin=inward,,2026-04-12 18:29:38,Article,,10754377,https://api.elsevier.com/content/abstract/scopus_id/84978640799,25,2,,,,0.09,1.0,1,11,,,,84978640799,2-s2.0-84978640799
25,Narangarvuu D.,"Macroinvertebrate assemblage patterns as indicators of water quality in the Xindian watershed, Taiwan",2014,Journal of Asia Pacific Entomology,,https://www.scopus.com/inward/record.uri?partnerID=HzOxMe3b&scp=84901191568&origin=inward,https://www.scopus.com/inward/citedby.uri?partnerID=HzOxMe3b&scp=84901191568&origin=inward,,2026-04-12 18:29:38,Article,10.1016/j.aspen.2014.04.011,12268615,https://api.elsevier.com/content/abstract/scopus_id/84901191568,17,3,,,,2.27,25.0,1,11,,,,84901191568,2-s2.0-84901191568
14,Dehghani R.,Fauna and habitat of aquatic arthropods of Kashan in 2010,2014,Bangladesh Journal of Medical Science,,https://www.scopus.com/inward/record.uri?partnerID=HzOxMe3b&scp=84903548875&origin=inward,https://www.scopus.com/inward/citedby.uri?partnerID=HzOxMe3b&scp=84903548875&origin=inward,,2026-04-12 18:29:38,Article,10.3329/bjms.v13i3.15448,22234721,https://api.elsevier.com/content/abstract/scopus_id/84903548875,13,3,,,,1.27,14.0,1,11,,,,84903548875,2-s2.0-84903548875
9,Kim D.G.,Drought effects on the colonization of benthic macroinvertebrate communities in the early successional phases in experimental mesocosm wetlands,2014,Journal of Freshwater Ecology,,https://www.scopus.com/inward/record.uri?partnerID=HzOxMe3b&scp=84898765361&origin=inward,https://www.scopus.com/inward/citedby.uri?partnerID=HzOxMe3b&scp=84898765361&origin=inward,,2026-04-12 18:29:38,Article,10.1080/02705060.2014.910846,02705060,https://api.elsevier.com/content/abstract/scopus_id/84898765361,29,4,,,,0.82,9.0,1,11,,,,84898765361,2-s2.0-84898765361
33,Silva D.,Visually determined stream mesohabitats influence benthic macroinvertebrate assessments in headwater streams,2014,Environmental Monitoring and Assessment,,https://www.scopus.com/inward/record.uri?partnerID=HzOxMe3b&scp=84905987550&origin=inward,https://www.scopus.com/inward/citedby.uri?partnerID=HzOxMe3b&scp=84905987550&origin=inward,,2026-04-12 18:29:38,Article,10.1007/s10661-014-3797-3,01676369,https://api.elsevier.com/content/abstract/scopus_id/84905987550,186,9,,,,3.0,33.0,1,11,,,,84905987550,2-s2.0-84905987550
37,Gill B.A.,"Morphological taxonomy, DNA barcoding, and species diversity in southern rocky mountain headwater streams",2014,Freshwater Science,,https://www.scopus.com/inward/record.uri?partnerID=HzOxMe3b&scp=84896359408&origin=inward,https://www.scopus.com/inward/citedby.uri?partnerID=HzOxMe3b&scp=84896359408&origin=inward,,2026-04-12 18:29:38,Article,10.1086/674526,21619549,https://api.elsevier.com/content/abstract/scopus_id/84896359408,33,1,,,,3.36,37.0,1,11,,,,84896359408,2-s2.0-84896359408
7,Ihtimanska M.,"Preliminary results about the distribution of macrozoobenthos along the bulgarian stretch of the danube river with respect to loading of nutrients, heavy metals and arsenic",2014,Acta Zoologica Bulgarica,,https://www.scopus.com/inward/record.uri?partnerID=HzOxMe3b&scp=84904469911&origin=inward,https://www.scopus.com/inward/citedby.uri?partnerID=HzOxMe3b&scp=84904469911&origin=inward,,2026-04-12 18:29:38,Article,,03240770,https://api.elsevier.com/content/abstract/scopus_id/84904469911,66,SUPPL. 7,,,,0.64,7.0,1,11,,,,84904469911,2-s2.0-84904469911
5,Qian S.S.,A hierarchical zero-inflated model for species compositional data-from individual taxon responses to community response,2014,Limnology and Oceanography Methods,,https://www.scopus.com/inward/record.uri?partnerID=HzOxMe3b&scp=84905443922&origin=inward,https://www.scopus.com/inward/citedby.uri?partnerID=HzOxMe3b&scp=84905443922&origin=inward,,2026-04-12 18:29:38,Article,10.4319/lom.2014.12.498,,https://api.elsevier.com/content/abstract/scopus_id/84905443922,12,JUL,,,,0.45,5.0,1,11,,,,84905443922,2-s2.0-84905443922
21,Lallement M.E.,Puyehue Cordón -Caulle: Post-eruption analysis of changes in stream benthic fauna of Patagonia,2014,Ecologia Austral,,https://www.scopus.com/inward/record.uri?partnerID=HzOxMe3b&scp=84897472054&origin=inward,https://www.scopus.com/inward/citedby.uri?partnerID=HzOxMe3b&scp=84897472054&origin=inward,,2026-04-12 18:29:38,Article,,03275477,https://api.elsevier.com/content/abstract/scopus_id/84897472054,24,1,,,,1.91,21.0,1,11,,,,84897472054,2-s2.0-84897472054
23,Sandin L.,A trait-based approach to assess climate change sensitivity of freshwater invertebrates across Swedish ecoregions,2014,Current Zoology,,https://www.scopus.com/inward/record.uri?partnerID=HzOxMe3b&scp=84899129953&origin=inward,https://www.scopus.com/inward/citedby.uri?partnerID=HzOxMe3b&scp=84899129953&origin=inward,,2026-04-12 18:29:38,Article,10.1093/czoolo/60.2.221,16745507,https://api.elsevier.com/content/abstract/scopus_id/84899129953,60,2,,,,2.09,23.0,1,11,,,,84899129953,2-s2.0-84899129953
14,Greenwood M.J.,More than a barrier: The complex effects of ecotone vegetation type on terrestrial consumer consumption of an aquatic prey resource,2014,Austral Ecology,,https://www.scopus.com/inward/record.uri?partnerID=HzOxMe3b&scp=84909581959&origin=inward,https://www.scopus.com/inward/citedby.uri?partnerID=HzOxMe3b&scp=84909581959&origin=inward,,2026-04-12 18:29:38,Article,10.1111/aec.12159,14429985,https://api.elsevier.com/content/abstract/scopus_id/84909581959,39,8,,,,1.27,14.0,1,11,,,,84909581959,2-s2.0-84909581959
20,Costello D.M.,Response of stream ecosystem function and structure to sediment metal: Context-dependency and variation among endpoints,2014,Elementa,,https://www.scopus.com/inward/record.uri?partnerID=HzOxMe3b&scp=84992129502&origin=inward,https://www.scopus.com/inward/citedby.uri?partnerID=HzOxMe3b&scp=84992129502&origin=inward,,2026-04-12 18:29:38,Article,10.12952/journal.elementa.000030,,https://api.elsevier.com/content/abstract/scopus_id/84992129502,2,,,,,1.82,20.0,1,11,,,,84992129502,2-s2.0-84992129502
118,Raupach M.J.,Building-Up of a DNA Barcode Library for true bugs (Insecta: Hemiptera: Heteroptera) of Germany reveals taxonomic uncertainties and surprises,2014,Plos One,,https://www.scopus.com/inward/record.uri?partnerID=HzOxMe3b&scp=84929481255&origin=inward,https://www.scopus.com/inward/citedby.uri?partnerID=HzOxMe3b&scp=84929481255&origin=inward,,2026-04-12 18:29:38,Article,10.1371/journal.pone.0106940,,https://api.elsevier.com/content/abstract/scopus_id/84929481255,9,9,,,,10.73,118.0,1,11,,,,84929481255,2-s2.0-84929481255
78,Jackson J.K.,Cryptic biodiversity in streams: A comparison of macroinvertebrate communities based on morphological and DNA barcode identifications,2014,Freshwater Science,,https://www.scopus.com/inward/record.uri?partnerID=HzOxMe3b&scp=84896337661&origin=inward,https://www.scopus.com/inward/citedby.uri?partnerID=HzOxMe3b&scp=84896337661&origin=inward,,2026-04-12 18:29:38,Article,10.1086/675225,21619549,https://api.elsevier.com/content/abstract/scopus_id/84896337661,33,1,,,,7.09,78.0,1,11,,,,84896337661,2-s2.0-84896337661
36,Turley M.D.,Evaluation of a fine sediment biomonitoring tool across a wide range of temperate rivers and streams,2014,Freshwater Biology,,https://www.scopus.com/inward/record.uri?partnerID=HzOxMe3b&scp=84907864351&origin=inward,https://www.scopus.com/inward/citedby.uri?partnerID=HzOxMe3b&scp=84907864351&origin=inward,,2026-04-12 18:29:38,Article,10.1111/fwb.12429,00465070,https://api.elsevier.com/content/abstract/scopus_id/84907864351,59,11,,,,3.27,36.0,1,11,,,,84907864351,2-s2.0-84907864351
16,Zerlin R.,Does water level affect benthic macro-invertebrates of a marginal lake in a tropical river-reservoir transition zone?,2014,Brazilian Journal of Biology,,https://www.scopus.com/inward/record.uri?partnerID=HzOxMe3b&scp=84907341290&origin=inward,https://www.scopus.com/inward/citedby.uri?partnerID=HzOxMe3b&scp=84907341290&origin=inward,,2026-04-12 18:29:38,Article,10.1590/1519-6984.26812,15196984,https://api.elsevier.com/content/abstract/scopus_id/84907341290,74,2,,,,1.45,16.0,1,11,,,,84907341290,2-s2.0-84907341290
4,Stokstad E.,The mountaintop witness,2014,Science,,https://www.scopus.com/inward/record.uri?partnerID=HzOxMe3b&scp=84893703854&origin=inward,https://www.scopus.com/inward/citedby.uri?partnerID=HzOxMe3b&scp=84893703854&origin=inward,,2026-04-12 18:29:38,Short Survey,10.1126/science.343.6171.592,00368075,https://api.elsevier.com/content/abstract/scopus_id/84893703854,343,6171,,,,0.36,4.0,1,11,,,,84893703854,2-s2.0-84893703854
55,Poteat M.,Four reasons why traditional metal toxicity testing with aquatic insects is irrelevant,2014,Environmental Science and Technology,,https://www.scopus.com/inward/record.uri?partnerID=HzOxMe3b&scp=84892745048&origin=inward,https://www.scopus.com/inward/citedby.uri?partnerID=HzOxMe3b&scp=84892745048&origin=inward,,2026-04-12 18:29:38,Note,10.1021/es405529n,0013936X,https://api.elsevier.com/content/abstract/scopus_id/84892745048,48,2,,,,5.0,55.0,1,11,,,,84892745048,2-s2.0-84892745048
8,Román-P C.,Trophic and reproductive ecology of a neotropical characid fish hemibrycon brevispini (teleostei: Characiformes),2014,Caldasia,,https://www.scopus.com/inward/record.uri?partnerID=HzOxMe3b&scp=84924759068&origin=inward,https://www.scopus.com/inward/citedby.uri?partnerID=HzOxMe3b&scp=84924759068&origin=inward,,2026-04-12 18:29:38,Article,10.15446/caldasia/v36n2.47487,03665232,https://api.elsevier.com/content/abstract/scopus_id/84924759068,36,2,,,,0.73,8.0,1,11,,,,84924759068,2-s2.0-84924759068
21,Kovalenko K.E.,Functional changes in littoral macroinvertebrate communities in response to watershed-level anthropogenic stress,2014,Plos One,,https://www.scopus.com/inward/record.uri?partnerID=HzOxMe3b&scp=84903977900&origin=inward,https://www.scopus.com/inward/citedby.uri?partnerID=HzOxMe3b&scp=84903977900&origin=inward,,2026-04-12 18:29:38,Article,10.1371/journal.pone.0101499,,https://api.elsevier.com/content/abstract/scopus_id/84903977900,9,7,,,,1.91,21.0,1,11,,,,84903977900,2-s2.0-84903977900
6,Johnson J.,Examination of the influence of juvenile Atlantic salmon on the feeding mode of juvenile steelhead in Lake Ontario tributaries,2014,Journal of Great Lakes Research,,https://www.scopus.com/inward/record.uri?partnerID=HzOxMe3b&scp=84901248234&origin=inward,https://www.scopus.com/inward/citedby.uri?partnerID=HzOxMe3b&scp=84901248234&origin=inward,,2026-04-12 18:29:38,Article,10.1016/j.jglr.2014.03.005,03801330,https://api.elsevier.com/content/abstract/scopus_id/84901248234,40,2,,,,0.55,6.0,1,11,,,,84901248234,2-s2.0-84901248234
24,Jarvis A.,Relationships between the psychiatric drug carbamazepine and freshwater macroinvertebrate community structure,2014,Science of the Total Environment,,https://www.scopus.com/inward/record.uri?partnerID=HzOxMe3b&scp=84905460071&origin=inward,https://www.scopus.com/inward/citedby.uri?partnerID=HzOxMe3b&scp=84905460071&origin=inward,,2026-04-12 18:29:38,Article,10.1016/j.scitotenv.2014.07.086,00489697,https://api.elsevier.com/content/abstract/scopus_id/84905460071,496,,,,,2.18,24.0,1,11,,,,84905460071,2-s2.0-84905460071
11,Reboredo-Fernández A.,Benthic macroinvertebrate communities as aquatic bioindicators of contamination by Giardia and Cryptosporidium,2014,Parasitology Research,,https://www.scopus.com/inward/record.uri?partnerID=HzOxMe3b&scp=84901336837&origin=inward,https://www.scopus.com/inward/citedby.uri?partnerID=HzOxMe3b&scp=84901336837&origin=inward,,2026-04-12 18:29:38,Article,10.1007/s00436-014-3807-y,09320113,https://api.elsevier.com/content/abstract/scopus_id/84901336837,113,5,,,,1.0,11.0,1,11,,,,84901336837,2-s2.0-84901336837
12,Fletcher D.E.,Variation in trace-element accumulation in predatory fishes from a stream contaminated by coal combustion waste,2014,Archives of Environmental Contamination and Toxicology,,https://www.scopus.com/inward/record.uri?partnerID=HzOxMe3b&scp=84899487783&origin=inward,https://www.scopus.com/inward/citedby.uri?partnerID=HzOxMe3b&scp=84899487783&origin=inward,,2026-04-12 18:29:38,Article,10.1007/s00244-013-9984-3,00904341,https://api.elsevier.com/content/abstract/scopus_id/84899487783,66,3,,,,1.09,12.0,1,11,,,,84899487783,2-s2.0-84899487783
26,Watanabe K.,Adaptive genetic divergence along narrow environmental gradients in four stream insects,2014,Plos One,,https://www.scopus.com/inward/record.uri?partnerID=HzOxMe3b&scp=84899792483&origin=inward,https://www.scopus.com/inward/citedby.uri?partnerID=HzOxMe3b&scp=84899792483&origin=inward,,2026-04-12 18:29:38,Article,10.1371/journal.pone.0093055,,https://api.elsevier.com/content/abstract/scopus_id/84899792483,9,3,,,,2.36,26.0,1,11,,,,84899792483,2-s2.0-84899792483
34,Robinson C.T.,"Spatial relationships between land-use, habitat, water quality and lotic macroinvertebrates in two Swiss catchments",2014,Aquatic Sciences,,https://www.scopus.com/inward/record.uri?partnerID=HzOxMe3b&scp=84902377011&origin=inward,https://www.scopus.com/inward/citedby.uri?partnerID=HzOxMe3b&scp=84902377011&origin=inward,,2026-04-12 18:29:38,Article,10.1007/s00027-014-0341-z,10151621,https://api.elsevier.com/content/abstract/scopus_id/84902377011,76,3,,,,3.09,34.0,1,11,,,,84902377011,2-s2.0-84902377011
