Cites,Authors,Title,Year,Source,Publisher,ArticleURL,CitesURL,GSRank,QueryDate,Type,DOI,ISSN,CitationURL,Volume,Issue,StartPage,EndPage,ECC,CitesPerYear,CitesPerAuthor,AuthorCount,Age,Abstract,FullTextURL,RelatedURL,ScopusID,EID
0,Boonsoong B.,Checklist of mayflies (Ephemeroptera) of Thailand,2025,Aquatic Insects,,https://www.scopus.com/inward/record.uri?partnerID=HzOxMe3b&scp=105021979015&origin=inward,https://www.scopus.com/inward/citedby.uri?partnerID=HzOxMe3b&scp=105021979015&origin=inward,,2026-04-12 18:33:30,Article,10.1080/01650424.2025.2529288,01650424,https://api.elsevier.com/content/abstract/scopus_id/105021979015,,,,,,0,0.0,1,0,,,,105021979015,2-s2.0-105021979015
1,Hezil W.,"Updated checklist of mayflies from northeastern Algeria with biogeographical and ecological insights (Insecta, Ephemeroptera)",2025,Alpine Entomology,,https://www.scopus.com/inward/record.uri?partnerID=HzOxMe3b&scp=105017980430&origin=inward,https://www.scopus.com/inward/citedby.uri?partnerID=HzOxMe3b&scp=105017980430&origin=inward,,2026-04-12 18:33:30,Article,10.3897/alpento.9.156544,,https://api.elsevier.com/content/abstract/scopus_id/105017980430,9,,,,,1,1.0,1,0,,,,105017980430,2-s2.0-105017980430
0,Selvakumar C.,"Diversity and distribution of mayflies (Insecta: Ephemeroptera) in the “sky islands” of Palni Hills, Western Ghats, India",2025,Journal of Insect Biodiversity and Systematics,,https://www.scopus.com/inward/record.uri?partnerID=HzOxMe3b&scp=105001005671&origin=inward,https://www.scopus.com/inward/citedby.uri?partnerID=HzOxMe3b&scp=105001005671&origin=inward,,2026-04-12 18:33:30,Article,10.61186/jibs.11.2.303,,https://api.elsevier.com/content/abstract/scopus_id/105001005671,11,2,,,,0,0.0,1,0,,,,105001005671,2-s2.0-105001005671
0,Zhi-Teng Chen,Comparative Wing Morphology Uncovers a New Mayfly Family (Insecta: Ephemeroptera) from Cretaceous Kachin Amber,2025,Paleontological Journal,,https://www.scopus.com/inward/record.uri?partnerID=HzOxMe3b&scp=105029967499&origin=inward,https://www.scopus.com/inward/citedby.uri?partnerID=HzOxMe3b&scp=105029967499&origin=inward,,2026-04-12 18:33:30,Article,10.1134/S0031030125600593,00310301,https://api.elsevier.com/content/abstract/scopus_id/105029967499,59,10,,,,0,0.0,1,0,,,,105029967499,2-s2.0-105029967499
0,Hrivniak Ľ.,"Evolution of Mayflies (Ephemeroptera) Across the Palearctic Mountains: The Biogeographical Links Between the Caucasus and Adjacent Ranges, Central Asia and the Himalayas",2025,Zoologica Scripta,,https://www.scopus.com/inward/record.uri?partnerID=HzOxMe3b&scp=105013664099&origin=inward,https://www.scopus.com/inward/citedby.uri?partnerID=HzOxMe3b&scp=105013664099&origin=inward,,2026-04-12 18:33:30,Article,10.1111/zsc.70009,03003256,https://api.elsevier.com/content/abstract/scopus_id/105013664099,54,6,,,,0,0.0,1,0,,,,105013664099,2-s2.0-105013664099
0,Li R.,"Chromosome-Level Genome Assembly of the Heptageniid Mayfly Parafronurus youi (Ephemeroptera), and Its Annotation",2025,Genome Biology and Evolution,,https://www.scopus.com/inward/record.uri?partnerID=HzOxMe3b&scp=86000290262&origin=inward,https://www.scopus.com/inward/citedby.uri?partnerID=HzOxMe3b&scp=86000290262&origin=inward,,2026-04-12 18:33:30,Article,10.1093/gbe/evaf027,,https://api.elsevier.com/content/abstract/scopus_id/86000290262,17,3,,,,0,0.0,1,0,,,,86000290262,2-s2.0-86000290262
12,Benhadji N.,Review of mayflies (Insecta Ephemeroptera) as a bioindicator of heavy metals and microplastics in freshwater,2025,Science of the Total Environment,,https://www.scopus.com/inward/record.uri?partnerID=HzOxMe3b&scp=85211747714&origin=inward,https://www.scopus.com/inward/citedby.uri?partnerID=HzOxMe3b&scp=85211747714&origin=inward,,2026-04-12 18:33:30,Review,10.1016/j.scitotenv.2024.178057,00489697,https://api.elsevier.com/content/abstract/scopus_id/85211747714,958,,,,,12,12.0,1,0,,,,85211747714,2-s2.0-85211747714
0,Svatos E.C.,"Effects of Wildfire on Interactions Among Nematode Parasites, Mayfly Hosts and Trout Predators",2025,Freshwater Biology,,https://www.scopus.com/inward/record.uri?partnerID=HzOxMe3b&scp=85219135713&origin=inward,https://www.scopus.com/inward/citedby.uri?partnerID=HzOxMe3b&scp=85219135713&origin=inward,,2026-04-12 18:33:30,Article,10.1111/fwb.70015,00465070,https://api.elsevier.com/content/abstract/scopus_id/85219135713,70,2,,,,0,0.0,1,0,,,,85219135713,2-s2.0-85219135713
2,Ramírez A.,"Hurricane-induced changes in mayfly assemblage structure, production and emergence in a tropical island stream",2025,Ecological Entomology,,https://www.scopus.com/inward/record.uri?partnerID=HzOxMe3b&scp=85207483723&origin=inward,https://www.scopus.com/inward/citedby.uri?partnerID=HzOxMe3b&scp=85207483723&origin=inward,,2026-04-12 18:33:30,Article,10.1111/een.13394,03076946,https://api.elsevier.com/content/abstract/scopus_id/85207483723,50,1,,,,2,2.0,1,0,,,,85207483723,2-s2.0-85207483723
0,Marulanda-Lopez J.,"Neotropical mayflies: general aspects of Baetidae Leach, 1815, and ecological features of Americabaetis Kluge, 1992",2025,Studies on Neotropical Fauna and Environment,,https://www.scopus.com/inward/record.uri?partnerID=HzOxMe3b&scp=105014896507&origin=inward,https://www.scopus.com/inward/citedby.uri?partnerID=HzOxMe3b&scp=105014896507&origin=inward,,2026-04-12 18:33:30,Article,10.1080/01650521.2025.2530939,01650521,https://api.elsevier.com/content/abstract/scopus_id/105014896507,60,3,,,,0,0.0,1,0,,,,105014896507,2-s2.0-105014896507
1,Buffagni A.,Biodiversity of Italian freshwaters: an updated checklist of mayfly species (Ephemeroptera) as a starting point for the next taxonomic (r)evolution,2025,Zookeys,,https://www.scopus.com/inward/record.uri?partnerID=HzOxMe3b&scp=105007476613&origin=inward,https://www.scopus.com/inward/citedby.uri?partnerID=HzOxMe3b&scp=105007476613&origin=inward,,2026-04-12 18:33:30,Article,10.3897/zookeys.1239.147826,13132989,https://api.elsevier.com/content/abstract/scopus_id/105007476613,1239,,,,,1,1.0,1,0,,,,105007476613,2-s2.0-105007476613
0,Chen Z.T.,"Zhoucloeon gen. nov. (Ephemeroptera, Baetidae), a new mayfly from the mid-Cretaceous Kachin amber",2025,Palaeontographica Abteilung A Palaozoologie Stratigraphie,,https://www.scopus.com/inward/record.uri?partnerID=HzOxMe3b&scp=105024693177&origin=inward,https://www.scopus.com/inward/citedby.uri?partnerID=HzOxMe3b&scp=105024693177&origin=inward,,2026-04-12 18:33:30,Book Chapter,10.1127/pala/0168,03750442,https://api.elsevier.com/content/abstract/scopus_id/105024693177,331,4-6,,,,0,0.0,1,0,,,,105024693177,2-s2.0-105024693177
2,Sroka P.,"The first mayfly (Ephemeroptera, Baetidae) from Late Cretaceous amber of North Carolina, USA",2025,Fossil Record,,https://www.scopus.com/inward/record.uri?partnerID=HzOxMe3b&scp=105003592723&origin=inward,https://www.scopus.com/inward/citedby.uri?partnerID=HzOxMe3b&scp=105003592723&origin=inward,,2026-04-12 18:33:30,Article,10.3897/fr.28.e143974,21930066,https://api.elsevier.com/content/abstract/scopus_id/105003592723,28,1,,,,2,2.0,1,0,,,,105003592723,2-s2.0-105003592723
0,Ozoliņš D.,First nationally threatened mayfly (Ephemeroptera) species in Latvia assessed according to the IUCN criteria,2025,Aquatic Insects,,https://www.scopus.com/inward/record.uri?partnerID=HzOxMe3b&scp=105023643373&origin=inward,https://www.scopus.com/inward/citedby.uri?partnerID=HzOxMe3b&scp=105023643373&origin=inward,,2026-04-12 18:33:30,Article,10.1080/01650424.2025.2584824,01650424,https://api.elsevier.com/content/abstract/scopus_id/105023643373,,,,,,0,0.0,1,0,,,,105023643373,2-s2.0-105023643373
1,Sroka P.,The first record of mayflies (Ephemeroptera: Leptophlebiidae) from Cambay amber suggests a Gondwanan mayfly fauna in Early Eocene India,2025,Zoological Journal of the Linnean Society,,https://www.scopus.com/inward/record.uri?partnerID=HzOxMe3b&scp=105009654598&origin=inward,https://www.scopus.com/inward/citedby.uri?partnerID=HzOxMe3b&scp=105009654598&origin=inward,,2026-04-12 18:33:30,Article,10.1093/zoolinnean/zlaf065,00244082,https://api.elsevier.com/content/abstract/scopus_id/105009654598,204,3,,,,1,1.0,1,0,,,,105009654598,2-s2.0-105009654598
1,Li J.,Twenty-One Mayfly Gynandromorphic Cases from China,2025,Diversity,,https://www.scopus.com/inward/record.uri?partnerID=HzOxMe3b&scp=105014506194&origin=inward,https://www.scopus.com/inward/citedby.uri?partnerID=HzOxMe3b&scp=105014506194&origin=inward,,2026-04-12 18:33:30,Article,10.3390/d17080509,,https://api.elsevier.com/content/abstract/scopus_id/105014506194,17,8,,,,1,1.0,1,0,,,,105014506194,2-s2.0-105014506194
0,Villalobos-Borre C.,"Coffee processing affect the strcucture of mayflies assemblages in streams of the Sierra Nevada de Santa Marta, Colombia",2025,Boletin Cientifico Del Centro De Museos,,https://www.scopus.com/inward/record.uri?partnerID=HzOxMe3b&scp=105033395362&origin=inward,https://www.scopus.com/inward/citedby.uri?partnerID=HzOxMe3b&scp=105033395362&origin=inward,,2026-04-12 18:33:30,Article,10.17151/bccm.2025.29.2.11,01233068,https://api.elsevier.com/content/abstract/scopus_id/105033395362,29,2,,,,0,0.0,1,0,,,,105033395362,2-s2.0-105033395362
1,Vilenica M.,Environmental drivers shaping mayfly assemblages in a Ramsar-declared Danube floodplain,2025,Marine and Freshwater Research,,https://www.scopus.com/inward/record.uri?partnerID=HzOxMe3b&scp=105002845427&origin=inward,https://www.scopus.com/inward/citedby.uri?partnerID=HzOxMe3b&scp=105002845427&origin=inward,,2026-04-12 18:33:30,Article,10.1071/MF25022,13231650,https://api.elsevier.com/content/abstract/scopus_id/105002845427,76,6,,,,1,1.0,1,0,,,,105002845427,2-s2.0-105002845427
1,Hrivniak Ľ.,"Discovering diversity of Central Asian and Himalayan Epeorus (Caucasiron) mayflies (Ephemeroptera, Heptageniidae) using DNA barcoding and morphology",2025,Zookeys,,https://www.scopus.com/inward/record.uri?partnerID=HzOxMe3b&scp=105003596519&origin=inward,https://www.scopus.com/inward/citedby.uri?partnerID=HzOxMe3b&scp=105003596519&origin=inward,,2026-04-12 18:33:30,Article,10.3897/zookeys.1234.141196,13132989,https://api.elsevier.com/content/abstract/scopus_id/105003596519,1234,,,,,1,1.0,1,0,,,,105003596519,2-s2.0-105003596519
0,Farrell M.R.,Trophic transfer of per- and polyfluoroalkyl acids in a periphyton-mayfly-zebrafish food chain,2025,Aquatic Toxicology,,https://www.scopus.com/inward/record.uri?partnerID=HzOxMe3b&scp=105012770208&origin=inward,https://www.scopus.com/inward/citedby.uri?partnerID=HzOxMe3b&scp=105012770208&origin=inward,,2026-04-12 18:33:30,Article,10.1016/j.aquatox.2025.107500,0166445X,https://api.elsevier.com/content/abstract/scopus_id/105012770208,287,,,,,0,0.0,1,0,,,,105012770208,2-s2.0-105012770208
0,Kaltenbach T.,Mayflies of the Fiji Islands (Ephemeroptera),2025,Zookeys,,https://www.scopus.com/inward/record.uri?partnerID=HzOxMe3b&scp=105024594380&origin=inward,https://www.scopus.com/inward/citedby.uri?partnerID=HzOxMe3b&scp=105024594380&origin=inward,,2026-04-12 18:33:30,Article,10.3897/zookeys.1259.168521,13132989,https://api.elsevier.com/content/abstract/scopus_id/105024594380,,1259,,,,0,0.0,1,0,,,,105024594380,2-s2.0-105024594380
1,Gutiérrez-Garaviz J.,Diversity and distribution of Ephemeroptera (Insecta) along the Colombian Andean-Amazonian transition,2025,Hydrobiologia,,https://www.scopus.com/inward/record.uri?partnerID=HzOxMe3b&scp=85219626482&origin=inward,https://www.scopus.com/inward/citedby.uri?partnerID=HzOxMe3b&scp=85219626482&origin=inward,,2026-04-12 18:33:30,Article,10.1007/s10750-024-05769-y,00188158,https://api.elsevier.com/content/abstract/scopus_id/85219626482,852,6,,,,1,1.0,1,0,,,,85219626482,2-s2.0-85219626482
1,Kwanboon S.,"Ephoron debaratana sp. nov., A New Species of Burrowing Mayfly (Ephemeroptera: Polymitarcyidae) from Thailand",2025,Tropical Natural History,,https://www.scopus.com/inward/record.uri?partnerID=HzOxMe3b&scp=105023276343&origin=inward,https://www.scopus.com/inward/citedby.uri?partnerID=HzOxMe3b&scp=105023276343&origin=inward,,2026-04-12 18:33:30,Article,10.58837/tnh.25.8.266890,,https://api.elsevier.com/content/abstract/scopus_id/105023276343,,,,,,1,1.0,1,0,,,,105023276343,2-s2.0-105023276343
0,Batucan N.S.P.,Limited effects of chronic exposure to field-realistic concentrations of carbamazepine on Deleatidium spp. mayfly nymphs,2025,Ecotoxicology and Environmental Safety,,https://www.scopus.com/inward/record.uri?partnerID=HzOxMe3b&scp=105013496308&origin=inward,https://www.scopus.com/inward/citedby.uri?partnerID=HzOxMe3b&scp=105013496308&origin=inward,,2026-04-12 18:33:30,Article,10.1016/j.ecoenv.2025.118847,01476513,https://api.elsevier.com/content/abstract/scopus_id/105013496308,303,,,,,0,0.0,1,0,,,,105013496308,2-s2.0-105013496308
1,Jingwei X.,Reactive Power Optimization Model for Port Shore Power Based on Mayfly Algorithm,2025,2025 IEEE International Symposium on the Application of Artificial Intelligence in Electrical Engineering Aaiee 2025,,https://www.scopus.com/inward/record.uri?partnerID=HzOxMe3b&scp=105015446513&origin=inward,https://www.scopus.com/inward/citedby.uri?partnerID=HzOxMe3b&scp=105015446513&origin=inward,,2026-04-12 18:33:30,Conference Paper,10.1109/AAIEE64965.2025.11101130,,https://api.elsevier.com/content/abstract/scopus_id/105015446513,,,,,,1,1.0,1,0,,,,105015446513,2-s2.0-105015446513
1,Vilenica M.,Assessment of Taxonomic and Functional Diversity of Mayfly Assemblages Along the Course of a Large European River,2025,Aquatic Conservation Marine and Freshwater Ecosystems,,https://www.scopus.com/inward/record.uri?partnerID=HzOxMe3b&scp=105005151317&origin=inward,https://www.scopus.com/inward/citedby.uri?partnerID=HzOxMe3b&scp=105005151317&origin=inward,,2026-04-12 18:33:30,Article,10.1002/aqc.70139,10527613,https://api.elsevier.com/content/abstract/scopus_id/105005151317,35,4,,,,1,1.0,1,0,,,,105005151317,2-s2.0-105005151317
0,Karki B.,On the Processing of Radar Data for Mayfly Population Estimation in the Upper Mississipi River Region (UMRR),2025,IEEE International Conference on Electro Information Technology,,https://www.scopus.com/inward/record.uri?partnerID=HzOxMe3b&scp=105014908840&origin=inward,https://www.scopus.com/inward/citedby.uri?partnerID=HzOxMe3b&scp=105014908840&origin=inward,,2026-04-12 18:33:30,Conference Paper,10.1109/eIT64391.2025.11103688,21540357,https://api.elsevier.com/content/abstract/scopus_id/105014908840,,,,,,0,0.0,1,0,,,,105014908840,2-s2.0-105014908840
2,Fierro P.,"Distribution and life cycles of mayflies Andesiops torrens (Lugo-Ortiz and McCafferty, 1999) and Andesiops peruvianus (Ulmer, 1920) (Ephemeroptera: Baetidae): importance for environmental monitoring",2025,Aquatic Insects,,https://www.scopus.com/inward/record.uri?partnerID=HzOxMe3b&scp=105001486629&origin=inward,https://www.scopus.com/inward/citedby.uri?partnerID=HzOxMe3b&scp=105001486629&origin=inward,,2026-04-12 18:33:30,Article,10.1080/01650424.2024.2428863,01650424,https://api.elsevier.com/content/abstract/scopus_id/105001486629,46,1,,,,2,2.0,1,0,,,,105001486629,2-s2.0-105001486629
1,Kaltenbach T.,"New species of Papuanatula Lugo-Ortiz & McCafferty, 1999 from New Guinea (Ephemeroptera, Baetidae) with focus on Batanta Island",2025,Zookeys,,https://www.scopus.com/inward/record.uri?partnerID=HzOxMe3b&scp=105034656803&origin=inward,https://www.scopus.com/inward/citedby.uri?partnerID=HzOxMe3b&scp=105034656803&origin=inward,,2026-04-12 18:33:30,Article,10.3897/zookeys.1259.168419,13132989,https://api.elsevier.com/content/abstract/scopus_id/105034656803,,1259,,,,1,1.0,1,0,,,,105034656803,2-s2.0-105034656803
1,Yanai Z.,Sampling Techniques Affect Mayfly Nymph Community Indices and May Bias Bioassessments,2025,Insects,,https://www.scopus.com/inward/record.uri?partnerID=HzOxMe3b&scp=105011506353&origin=inward,https://www.scopus.com/inward/citedby.uri?partnerID=HzOxMe3b&scp=105011506353&origin=inward,,2026-04-12 18:33:30,Article,10.3390/insects16070723,,https://api.elsevier.com/content/abstract/scopus_id/105011506353,16,7,,,,1,1.0,1,0,,,,105011506353,2-s2.0-105011506353
0,Rebora M.,Ultraviolet reflection in mayfly wings,2025,Journal of Insect Physiology,,https://www.scopus.com/inward/record.uri?partnerID=HzOxMe3b&scp=105005003832&origin=inward,https://www.scopus.com/inward/citedby.uri?partnerID=HzOxMe3b&scp=105005003832&origin=inward,,2026-04-12 18:33:30,Article,10.1016/j.jinsphys.2025.104817,00221910,https://api.elsevier.com/content/abstract/scopus_id/105005003832,163,,,,,0,0.0,1,0,,,,105005003832,2-s2.0-105005003832
1,Sinduja B.,An energy aware routing protocol using mayfly optimization (ERPMO) and TDMA scheduling in wireless sensor networks,2025,Scientific Reports,,https://www.scopus.com/inward/record.uri?partnerID=HzOxMe3b&scp=105022150133&origin=inward,https://www.scopus.com/inward/citedby.uri?partnerID=HzOxMe3b&scp=105022150133&origin=inward,,2026-04-12 18:33:30,Article,10.1038/s41598-025-24315-x,,https://api.elsevier.com/content/abstract/scopus_id/105022150133,15,1,,,,1,1.0,1,0,,,,105022150133,2-s2.0-105022150133
4,Lizarraga E.,A Hybrid Enhanced Mayfly Optimization Algorithm with Improved Performance through Fuzzy-Based Automatic Parameter Adaptation,2025,Computacion Y Sistemas,,https://www.scopus.com/inward/record.uri?partnerID=HzOxMe3b&scp=105010703752&origin=inward,https://www.scopus.com/inward/citedby.uri?partnerID=HzOxMe3b&scp=105010703752&origin=inward,,2026-04-12 18:33:30,Article,10.13053/CyS-29-2-5709,14055546,https://api.elsevier.com/content/abstract/scopus_id/105010703752,29,2,,,,4,4.0,1,0,,,,105010703752,2-s2.0-105010703752
0,Gider C.,"Determination of Ephemeroptera species diversity of Akçay Creek (Sakarya, Türkiye)",2025,Aquatic Research,,https://www.scopus.com/inward/record.uri?partnerID=HzOxMe3b&scp=105022692837&origin=inward,https://www.scopus.com/inward/citedby.uri?partnerID=HzOxMe3b&scp=105022692837&origin=inward,,2026-04-12 18:33:30,Article,10.3153/AR25023,,https://api.elsevier.com/content/abstract/scopus_id/105022692837,8,4,,,,0,0.0,1,0,,,,105022692837,2-s2.0-105022692837
0,Balaji P.C.,Multi-level thresholding of RGB images using Mayfly algorithm comparison with Bat algorithm,2025,Aip Conference Proceedings,,https://www.scopus.com/inward/record.uri?partnerID=HzOxMe3b&scp=105009792782&origin=inward,https://www.scopus.com/inward/citedby.uri?partnerID=HzOxMe3b&scp=105009792782&origin=inward,,2026-04-12 18:33:30,Conference Paper,10.1063/5.0265673,0094243X,https://api.elsevier.com/content/abstract/scopus_id/105009792782,3267,1,,,,0,0.0,1,0,,,,105009792782,2-s2.0-105009792782
1,Batucan N.S.P.,Low Concentrations of Ibuprofen Had No Adverse Effects on Deleatidium spp. Mayfly Nymphs: A 7-Day Experiment,2025,Environments Mdpi,,https://www.scopus.com/inward/record.uri?partnerID=HzOxMe3b&scp=105003630719&origin=inward,https://www.scopus.com/inward/citedby.uri?partnerID=HzOxMe3b&scp=105003630719&origin=inward,,2026-04-12 18:33:30,Article,10.3390/environments12040102,,https://api.elsevier.com/content/abstract/scopus_id/105003630719,12,4,,,,1,1.0,1,0,,,,105003630719,2-s2.0-105003630719
0,Samraoui B.,"Endemism and hidden diversity of Habrophlebia, Eaton, 1881 in Algeria’s Northeastern Mountains (Ephemeroptera, Leptophlebiidae)",2025,Alpine Entomology,,https://www.scopus.com/inward/record.uri?partnerID=HzOxMe3b&scp=105026481269&origin=inward,https://www.scopus.com/inward/citedby.uri?partnerID=HzOxMe3b&scp=105026481269&origin=inward,,2026-04-12 18:33:30,Article,10.3897/alpento.9.171490,,https://api.elsevier.com/content/abstract/scopus_id/105026481269,,9,,,,0,0.0,1,0,,,,105026481269,2-s2.0-105026481269
0,Pang T.,A Multi-UAV Path Planning Method for Simultaneous Arrival Based on an Improved Mayfly Algorithm,2025,2025 8th International Conference on Advanced Algorithms and Control Engineering Icaace 2025,,https://www.scopus.com/inward/record.uri?partnerID=HzOxMe3b&scp=105009081389&origin=inward,https://www.scopus.com/inward/citedby.uri?partnerID=HzOxMe3b&scp=105009081389&origin=inward,,2026-04-12 18:33:30,Conference Paper,10.1109/ICAACE65325.2025.11019632,,https://api.elsevier.com/content/abstract/scopus_id/105009081389,,,,,,0,0.0,1,0,,,,105009081389,2-s2.0-105009081389
0,Balaji P.C.,Accurate Thresholding of Grayscale Images Using Mayfly Algorithm Comparison with Cuckoo Search Algorithm,2025,Aip Conference Proceedings,,https://www.scopus.com/inward/record.uri?partnerID=HzOxMe3b&scp=105004905657&origin=inward,https://www.scopus.com/inward/citedby.uri?partnerID=HzOxMe3b&scp=105004905657&origin=inward,,2026-04-12 18:33:30,Conference Paper,10.1063/5.0262690,0094243X,https://api.elsevier.com/content/abstract/scopus_id/105004905657,3270,1,,,,0,0.0,1,0,,,,105004905657,2-s2.0-105004905657
1,Kluge N.J.,"Geological age of Posteritorna and Anteritorna, the two earliest branches of Recent Ephemeroptera",2025,Historical Biology,,https://www.scopus.com/inward/record.uri?partnerID=HzOxMe3b&scp=105009482232&origin=inward,https://www.scopus.com/inward/citedby.uri?partnerID=HzOxMe3b&scp=105009482232&origin=inward,,2026-04-12 18:33:30,Article,10.1080/08912963.2025.2518612,08912963,https://api.elsevier.com/content/abstract/scopus_id/105009482232,37,12,,,,1,1.0,1,0,,,,105009482232,2-s2.0-105009482232
0,Tao J.,Optimization Design of Excavator Stick Based on Improved Mayfly Optimization Algorithm,2025,Applied Sciences Switzerland,,https://www.scopus.com/inward/record.uri?partnerID=HzOxMe3b&scp=105021458838&origin=inward,https://www.scopus.com/inward/citedby.uri?partnerID=HzOxMe3b&scp=105021458838&origin=inward,,2026-04-12 18:33:30,Article,10.3390/app152111658,,https://api.elsevier.com/content/abstract/scopus_id/105021458838,15,21,,,,0,0.0,1,0,,,,105021458838,2-s2.0-105021458838
0,Mayorga A.,Revisiting the functional morphology of mandibular tusks in burrowing mayfly larvae (Insecta: Ephemeroptera): analysis using micro-computed tomography and 3D morphometrics,2025,Zoological Journal of the Linnean Society,,https://www.scopus.com/inward/record.uri?partnerID=HzOxMe3b&scp=105016488155&origin=inward,https://www.scopus.com/inward/citedby.uri?partnerID=HzOxMe3b&scp=105016488155&origin=inward,,2026-04-12 18:33:30,Article,10.1093/zoolinnean/zlaf122,00244082,https://api.elsevier.com/content/abstract/scopus_id/105016488155,205,1,,,,0,0.0,1,0,,,,105016488155,2-s2.0-105016488155
0,Ye H.,Estimation of parameters of photovoltaic cells using Lévy flight mayfly optimization algorithm with chaotic local search,2025,Aip Advances,,https://www.scopus.com/inward/record.uri?partnerID=HzOxMe3b&scp=105010947509&origin=inward,https://www.scopus.com/inward/citedby.uri?partnerID=HzOxMe3b&scp=105010947509&origin=inward,,2026-04-12 18:33:30,Article,10.1063/5.0274409,,https://api.elsevier.com/content/abstract/scopus_id/105010947509,15,7,,,,0,0.0,1,0,,,,105010947509,2-s2.0-105010947509
2,Gerson J.R.,Selenium Differentially Influences Methylmercury Retention across Mayfly Life Stages,2025,Environmental Science and Technology,,https://www.scopus.com/inward/record.uri?partnerID=HzOxMe3b&scp=105003080250&origin=inward,https://www.scopus.com/inward/citedby.uri?partnerID=HzOxMe3b&scp=105003080250&origin=inward,,2026-04-12 18:33:30,Article,10.1021/acs.est.5c00338,0013936X,https://api.elsevier.com/content/abstract/scopus_id/105003080250,59,16,,,,2,2.0,1,0,,,,105003080250,2-s2.0-105003080250
7,Soucek D.J.,"Acute Toxicity of 4-hydroxydiphenylamine (4-HDPA) and N-(1,3-dimethylbutyl)-N'-phenyl-p-phenylenediamine-quinone (6PPDQ), transformation products of 6PPD, to early instars of the mayfly, Neocloeon triangulifer",2025,Environmental Toxicology and Chemistry,,https://www.scopus.com/inward/record.uri?partnerID=HzOxMe3b&scp=105004052417&origin=inward,https://www.scopus.com/inward/citedby.uri?partnerID=HzOxMe3b&scp=105004052417&origin=inward,,2026-04-12 18:33:30,Article,10.1093/etojnl/vgaf062,07307268,https://api.elsevier.com/content/abstract/scopus_id/105004052417,44,5,,,,7,7.0,1,0,,,,105004052417,2-s2.0-105004052417
0,Zhao Y.,A Discrete Mayfly Optimization Algorithm for the Traveling Salesman Problem and Its Application in Automated Guided Vehicle Routing Optimization,2025,Communications in Computer and Information Science,,https://www.scopus.com/inward/record.uri?partnerID=HzOxMe3b&scp=105013050646&origin=inward,https://www.scopus.com/inward/citedby.uri?partnerID=HzOxMe3b&scp=105013050646&origin=inward,,2026-04-12 18:33:30,Conference Paper,10.1007/978-981-96-9955-1_17,18650929,https://api.elsevier.com/content/abstract/scopus_id/105013050646,2568 CCIS,,,,,0,0.0,1,0,,,,105013050646,2-s2.0-105013050646
1,Vasanth M.,"Description of two new species of the genus Potamanthellus Lestage, 1931 (Ephemeroptera: Neoephemeridae) from India",2025,Journal of Entomological Society of Iran,,https://www.scopus.com/inward/record.uri?partnerID=HzOxMe3b&scp=105003603740&origin=inward,https://www.scopus.com/inward/citedby.uri?partnerID=HzOxMe3b&scp=105003603740&origin=inward,,2026-04-12 18:33:30,Article,10.22034/jesi.45.2.5,02599996,https://api.elsevier.com/content/abstract/scopus_id/105003603740,45,2,,,,1,1.0,1,0,,,,105003603740,2-s2.0-105003603740
3,Hasanah R.N.,Optimal Economic Dispatch Using Mayfly Optimization Algorithm in Sulbagsel Electricity System with Integrated Renewable Energy Sources,2025,International Journal of Intelligent Engineering and Systems,,https://www.scopus.com/inward/record.uri?partnerID=HzOxMe3b&scp=85214257674&origin=inward,https://www.scopus.com/inward/citedby.uri?partnerID=HzOxMe3b&scp=85214257674&origin=inward,,2026-04-12 18:33:30,Article,10.22266/ijies2025.0229.63,2185310X,https://api.elsevier.com/content/abstract/scopus_id/85214257674,18,1,,,,3,3.0,1,0,,,,85214257674,2-s2.0-85214257674
0,Chen Z.T.,"First reliable fossil record of the family Isonychiidae (Insecta, Ephemeroptera) from Cretaceous Kachin amber",2025,Annales De Paleontologie,,https://www.scopus.com/inward/record.uri?partnerID=HzOxMe3b&scp=105021268965&origin=inward,https://www.scopus.com/inward/citedby.uri?partnerID=HzOxMe3b&scp=105021268965&origin=inward,,2026-04-12 18:33:30,Article,10.1016/j.annpal.2025.102902,07533969,https://api.elsevier.com/content/abstract/scopus_id/105021268965,111,4,,,,0,0.0,1,0,,,,105021268965,2-s2.0-105021268965
0,Storari A.P.,"Taphonomy of aquatic insects from the Crato Formation Lagerstätte (Aptian, Lower Cretaceous) under an actualistic look",2025,Plos One,,https://www.scopus.com/inward/record.uri?partnerID=HzOxMe3b&scp=105015638577&origin=inward,https://www.scopus.com/inward/citedby.uri?partnerID=HzOxMe3b&scp=105015638577&origin=inward,,2026-04-12 18:33:30,Article,10.1371/journal.pone.0331656,,https://api.elsevier.com/content/abstract/scopus_id/105015638577,20,9 September,,,,0,0.0,1,0,,,,105015638577,2-s2.0-105015638577
0,Falasco E.,Unexpected guests: epizoic diatoms living on the exoskeleton of four Ephemeroptera genera,2025,Aquatic Insects,,https://www.scopus.com/inward/record.uri?partnerID=HzOxMe3b&scp=105014911728&origin=inward,https://www.scopus.com/inward/citedby.uri?partnerID=HzOxMe3b&scp=105014911728&origin=inward,,2026-04-12 18:33:30,Article,10.1080/01650424.2025.2532554,01650424,https://api.elsevier.com/content/abstract/scopus_id/105014911728,,,,,,0,0.0,1,0,,,,105014911728,2-s2.0-105014911728
0,Carvalho F.G.d.,Amazonian Ephemeroptera (Insecta) across space and time: from the last glacial maximum to future climate scenarios,2025,Studies on Neotropical Fauna and Environment,,https://www.scopus.com/inward/record.uri?partnerID=HzOxMe3b&scp=105017996619&origin=inward,https://www.scopus.com/inward/citedby.uri?partnerID=HzOxMe3b&scp=105017996619&origin=inward,,2026-04-12 18:33:30,Article,10.1080/01650521.2025.2514903,01650521,https://api.elsevier.com/content/abstract/scopus_id/105017996619,60,3,,,,0,0.0,1,0,,,,105017996619,2-s2.0-105017996619
0,Woodland R.J.,"Predictable effects of storage time on δ 13C and δ 15N values of the ethanol-preserved nymphs of Epeorus vitreus (Walker, 1853) and Acentrella turbida (McDunnough, 1924) (Ephemeroptera)",2025,Aquatic Insects,,https://www.scopus.com/inward/record.uri?partnerID=HzOxMe3b&scp=105002974262&origin=inward,https://www.scopus.com/inward/citedby.uri?partnerID=HzOxMe3b&scp=105002974262&origin=inward,,2026-04-12 18:33:30,Article,10.1080/01650424.2025.2468659,01650424,https://api.elsevier.com/content/abstract/scopus_id/105002974262,46,2,,,,0,0.0,1,0,,,,105002974262,2-s2.0-105002974262
0,Gong B.F.,Dynamic Data Migration Strategy for Cloud Computing Based on Improved Mayfly Algorithm,2025,Journal of Network Intelligence,,https://www.scopus.com/inward/record.uri?partnerID=HzOxMe3b&scp=105014609146&origin=inward,https://www.scopus.com/inward/citedby.uri?partnerID=HzOxMe3b&scp=105014609146&origin=inward,,2026-04-12 18:33:30,Article,,,https://api.elsevier.com/content/abstract/scopus_id/105014609146,10,3,,,,0,0.0,1,0,,,,105014609146,2-s2.0-105014609146
0,Funk D.H.,Ameletus Mayflies (Ephemeroptera: Ameletidae) of the Eastern Nearctic †,2025,Insects,,https://www.scopus.com/inward/record.uri?partnerID=HzOxMe3b&scp=105006696234&origin=inward,https://www.scopus.com/inward/citedby.uri?partnerID=HzOxMe3b&scp=105006696234&origin=inward,,2026-04-12 18:33:30,Article,10.3390/insects16050530,,https://api.elsevier.com/content/abstract/scopus_id/105006696234,16,5,,,,0,0.0,1,0,,,,105006696234,2-s2.0-105006696234
0,Buffagni A.,Where we come from and where we would like to go: approaching the Pandora’s box of Italian mayflies (Ephemeroptera),2025,Aquatic Insects,,https://www.scopus.com/inward/record.uri?partnerID=HzOxMe3b&scp=105018942178&origin=inward,https://www.scopus.com/inward/citedby.uri?partnerID=HzOxMe3b&scp=105018942178&origin=inward,,2026-04-12 18:33:30,Article,10.1080/01650424.2025.2566194,01650424,https://api.elsevier.com/content/abstract/scopus_id/105018942178,,,,,,0,0.0,1,0,,,,105018942178,2-s2.0-105018942178
0,Zhang H.,Traffic speed forecasting with spatiotemporal fusion based on the mayfly optimization algorithm,2025,Harbin Gongcheng Daxue Xuebao Journal of Harbin Engineering University,,https://www.scopus.com/inward/record.uri?partnerID=HzOxMe3b&scp=105006732851&origin=inward,https://www.scopus.com/inward/citedby.uri?partnerID=HzOxMe3b&scp=105006732851&origin=inward,,2026-04-12 18:33:30,Article,10.11990/jheu.202303009,10067043,https://api.elsevier.com/content/abstract/scopus_id/105006732851,46,4,,,,0,0.0,1,0,,,,105006732851,2-s2.0-105006732851
0,Fierro P.,The voltinism and diet of the Chilean mayflies Andesiops peruvianus and Meridialaris spina in a North Patagonia Andean stream (Ephemeroptera),2025,Annales De La Societe Entomologique De France,,https://www.scopus.com/inward/record.uri?partnerID=HzOxMe3b&scp=105022177115&origin=inward,https://www.scopus.com/inward/citedby.uri?partnerID=HzOxMe3b&scp=105022177115&origin=inward,,2026-04-12 18:33:30,Article,10.1080/00379271.2025.2574374,00379271,https://api.elsevier.com/content/abstract/scopus_id/105022177115,61,6,,,,0,0.0,1,0,,,,105022177115,2-s2.0-105022177115
0,Jacintha T.A.,Intelligent Scheduling Mechanism for UWSNS using Mayfly-Lion Optimization and DSCN,2025,Proceedings of 5th International Conference on Soft Computing for Security Applications Icscsa 2025,,https://www.scopus.com/inward/record.uri?partnerID=HzOxMe3b&scp=105018464052&origin=inward,https://www.scopus.com/inward/citedby.uri?partnerID=HzOxMe3b&scp=105018464052&origin=inward,,2026-04-12 18:33:30,Conference Paper,10.1109/ICSCSA66339.2025.11171394,,https://api.elsevier.com/content/abstract/scopus_id/105018464052,,,,,,0,0.0,1,0,,,,105018464052,2-s2.0-105018464052
0,Meng F.J.,"The first record of Behningia tshemovae Edmunds, Traver, 1959 from China (Ephemeroptera: Behningiidae)",2025,Euroasian Entomological Journal,,https://www.scopus.com/inward/record.uri?partnerID=HzOxMe3b&scp=105030689333&origin=inward,https://www.scopus.com/inward/citedby.uri?partnerID=HzOxMe3b&scp=105030689333&origin=inward,,2026-04-12 18:33:30,Article,10.15298/euroasentj.24.01.10,16844866,https://api.elsevier.com/content/abstract/scopus_id/105030689333,24,1,,,,0,0.0,1,0,,,,105030689333,2-s2.0-105030689333
0,Chen J.Y.,"The exact morphology of Oligoneuriella pallida (Hagen, 1855) from China (Ephemeroptera: Oligoneuriidae)",2025,Zootaxa,,https://www.scopus.com/inward/record.uri?partnerID=HzOxMe3b&scp=105005431694&origin=inward,https://www.scopus.com/inward/citedby.uri?partnerID=HzOxMe3b&scp=105005431694&origin=inward,,2026-04-12 18:33:30,Article,10.11646/zootaxa.5636.2.10,11755326,https://api.elsevier.com/content/abstract/scopus_id/105005431694,5636,2,,,,0,0.0,1,0,,,,105005431694,2-s2.0-105005431694
0,Sun Y.X.,"The morphology of Chromarcys magnifica Navás, 1932 (Ephemeroptera: Chromarcyidae)",2025,Oriental Insects,,https://www.scopus.com/inward/record.uri?partnerID=HzOxMe3b&scp=105023672772&origin=inward,https://www.scopus.com/inward/citedby.uri?partnerID=HzOxMe3b&scp=105023672772&origin=inward,,2026-04-12 18:33:30,Article,10.1080/00305316.2025.2594704,00305316,https://api.elsevier.com/content/abstract/scopus_id/105023672772,,,,,,0,0.0,1,0,,,,105023672772,2-s2.0-105023672772
0,Gao S.,Dual-channel LSTM-GRU Network with Mayfly-optimized Attention for Multilingual Text Categorization,2025,International Journal of Pattern Recognition and Artificial Intelligence,,https://www.scopus.com/inward/record.uri?partnerID=HzOxMe3b&scp=105017540900&origin=inward,https://www.scopus.com/inward/citedby.uri?partnerID=HzOxMe3b&scp=105017540900&origin=inward,,2026-04-12 18:33:30,Article,10.1142/S0218001425530040,02180014,https://api.elsevier.com/content/abstract/scopus_id/105017540900,39,14,,,,0,0.0,1,0,,,,105017540900,2-s2.0-105017540900
4,Belagoune S.,Reliability-based preventive maintenance scheduling in power generation systems: A lévy flight and chaotic local search-based discrete mayfly algorithm,2025,Computers and Electrical Engineering,,https://www.scopus.com/inward/record.uri?partnerID=HzOxMe3b&scp=85210537006&origin=inward,https://www.scopus.com/inward/citedby.uri?partnerID=HzOxMe3b&scp=85210537006&origin=inward,,2026-04-12 18:33:30,Article,10.1016/j.compeleceng.2024.109904,00457906,https://api.elsevier.com/content/abstract/scopus_id/85210537006,121,,,,,4,4.0,1,0,,,,85210537006,2-s2.0-85210537006
0,Miles G.,"Ephemeroptera research in Ireland: past, present, and future directions—filling the gaps",2025,Aquatic Insects,,https://www.scopus.com/inward/record.uri?partnerID=HzOxMe3b&scp=105007295370&origin=inward,https://www.scopus.com/inward/citedby.uri?partnerID=HzOxMe3b&scp=105007295370&origin=inward,,2026-04-12 18:33:30,Article,10.1080/01650424.2025.2468665,01650424,https://api.elsevier.com/content/abstract/scopus_id/105007295370,,,,,,0,0.0,1,0,,,,105007295370,2-s2.0-105007295370
0,Xu Y.,Mayfly optimization algorithm combined with opposition-based learning for extracting parameters of photovoltaic cells,2025,Aip Advances,,https://www.scopus.com/inward/record.uri?partnerID=HzOxMe3b&scp=105012978628&origin=inward,https://www.scopus.com/inward/citedby.uri?partnerID=HzOxMe3b&scp=105012978628&origin=inward,,2026-04-12 18:33:30,Article,10.1063/5.0262665,,https://api.elsevier.com/content/abstract/scopus_id/105012978628,15,8,,,,0,0.0,1,0,,,,105012978628,2-s2.0-105012978628
0,Ram Babu N.,Application of Mayfly-Based Optimized TID Controller in a Three-Area Automatic Generation Control System,2025,Lecture Notes in Electrical Engineering,,https://www.scopus.com/inward/record.uri?partnerID=HzOxMe3b&scp=85218443992&origin=inward,https://www.scopus.com/inward/citedby.uri?partnerID=HzOxMe3b&scp=85218443992&origin=inward,,2026-04-12 18:33:30,Conference Paper,10.1007/978-981-97-7921-5_9,18761100,https://api.elsevier.com/content/abstract/scopus_id/85218443992,1271,,,,,0,0.0,1,0,,,,85218443992,2-s2.0-85218443992
10,Sui X.F.,Multi-strategy fusion mayfly algorithm on task offloading and scheduling for IoT-based fog computing multi-tasks learning,2025,Artificial Intelligence Review,,https://www.scopus.com/inward/record.uri?partnerID=HzOxMe3b&scp=85218453730&origin=inward,https://www.scopus.com/inward/citedby.uri?partnerID=HzOxMe3b&scp=85218453730&origin=inward,,2026-04-12 18:33:30,Article,10.1007/s10462-025-11145-6,02692821,https://api.elsevier.com/content/abstract/scopus_id/85218453730,58,5,,,,10,10.0,1,0,,,,85218453730,2-s2.0-85218453730
0,Duan J.,Virtual Wind Tower Siting Method Based on Multi-Objective Mayfly Optimization Algorithm,2025,2025 6th International Conference on Computer Engineering and Application Iccea 2025,,https://www.scopus.com/inward/record.uri?partnerID=HzOxMe3b&scp=105014909205&origin=inward,https://www.scopus.com/inward/citedby.uri?partnerID=HzOxMe3b&scp=105014909205&origin=inward,,2026-04-12 18:33:30,Conference Paper,10.1109/ICCEA65460.2025.11103183,,https://api.elsevier.com/content/abstract/scopus_id/105014909205,,,,,,0,0.0,1,0,,,,105014909205,2-s2.0-105014909205
0,Chen Z.T.,The oldest known fossil imago of Ameletopsidae (Ephemeroptera) from 99-million-year-old Kachin amber,2025,Acta Entomologica Musei Nationalis Pragae,,https://www.scopus.com/inward/record.uri?partnerID=HzOxMe3b&scp=105020468909&origin=inward,https://www.scopus.com/inward/citedby.uri?partnerID=HzOxMe3b&scp=105020468909&origin=inward,,2026-04-12 18:33:30,Article,10.37520/aemnp.2025.020,03741036,https://api.elsevier.com/content/abstract/scopus_id/105020468909,65,1,,,,0,0.0,1,0,,,,105020468909,2-s2.0-105020468909
8,Zhou G.,Elite Opposition-Based Bare Bones Mayfly Algorithm for Optimization Wireless Sensor Networks Coverage Problem,2025,Arabian Journal for Science and Engineering,,https://www.scopus.com/inward/record.uri?partnerID=HzOxMe3b&scp=85188547177&origin=inward,https://www.scopus.com/inward/citedby.uri?partnerID=HzOxMe3b&scp=85188547177&origin=inward,,2026-04-12 18:33:30,Article,10.1007/s13369-024-08899-6,2193567X,https://api.elsevier.com/content/abstract/scopus_id/85188547177,50,2,,,,8,8.0,1,0,,,,85188547177,2-s2.0-85188547177
0,Sui X.F.,Mayfly algorithm with elementary functions and mathematical spirals for task scheduling in cloud computing system,2025,Journal of Supercomputing,,https://www.scopus.com/inward/record.uri?partnerID=HzOxMe3b&scp=105003164165&origin=inward,https://www.scopus.com/inward/citedby.uri?partnerID=HzOxMe3b&scp=105003164165&origin=inward,,2026-04-12 18:33:30,Article,10.1007/s11227-025-07231-9,09208542,https://api.elsevier.com/content/abstract/scopus_id/105003164165,81,6,,,,0,0.0,1,0,,,,105003164165,2-s2.0-105003164165
1,Vasanth M.,"Contribution to the genus Platybaetis Müller-Liebenau, 1980 (Ephemeroptera: Baetidae) in India",2025,Zootaxa,,https://www.scopus.com/inward/record.uri?partnerID=HzOxMe3b&scp=85215836416&origin=inward,https://www.scopus.com/inward/citedby.uri?partnerID=HzOxMe3b&scp=85215836416&origin=inward,,2026-04-12 18:33:30,Article,10.11646/zootaxa.5570.3.4,11755326,https://api.elsevier.com/content/abstract/scopus_id/85215836416,5570,3,,,,1,1.0,1,0,,,,85215836416,2-s2.0-85215836416
9,El Yaagoubi S.,"Distribution patterns of Ephemeroptera, Plecoptera, and Trichoptera (EPT) species in the northwestern Rif: environmental and climate change impacts",2025,Hydrobiologia,,https://www.scopus.com/inward/record.uri?partnerID=HzOxMe3b&scp=85211937510&origin=inward,https://www.scopus.com/inward/citedby.uri?partnerID=HzOxMe3b&scp=85211937510&origin=inward,,2026-04-12 18:33:30,Article,10.1007/s10750-024-05756-3,00188158,https://api.elsevier.com/content/abstract/scopus_id/85211937510,852,6,,,,9,9.0,1,0,,,,85211937510,2-s2.0-85211937510
0,Ricaldone D.,"Thermal regimes and life cycles of Serratella ignita (Poda, 1761) (Ephemeroptera: Ephemerellidae) in NW Italy",2025,Aquatic Insects,,https://www.scopus.com/inward/record.uri?partnerID=HzOxMe3b&scp=105018848880&origin=inward,https://www.scopus.com/inward/citedby.uri?partnerID=HzOxMe3b&scp=105018848880&origin=inward,,2026-04-12 18:33:30,Article,10.1080/01650424.2025.2559605,01650424,https://api.elsevier.com/content/abstract/scopus_id/105018848880,,,,,,0,0.0,1,0,,,,105018848880,2-s2.0-105018848880
0,Aruna S.B.,Reliability Improvement in Electrical Distribution Networks using Improved Mayfly Algorithm,2025,International Conference on Electrical Energy Systems Icees,,https://www.scopus.com/inward/record.uri?partnerID=HzOxMe3b&scp=105030714592&origin=inward,https://www.scopus.com/inward/citedby.uri?partnerID=HzOxMe3b&scp=105030714592&origin=inward,,2026-04-12 18:33:30,Conference Paper,10.1109/ICEES67011.2025.11213460,,https://api.elsevier.com/content/abstract/scopus_id/105030714592,,2025,,,,0,0.0,1,0,,,,105030714592,2-s2.0-105030714592
0,Zhou G.,Genetic Operators-Based Mayfly Algorithm for Real-World Spherical Traveling Salesman Problems,2025,Arabian Journal for Science and Engineering,,https://www.scopus.com/inward/record.uri?partnerID=HzOxMe3b&scp=105012034196&origin=inward,https://www.scopus.com/inward/citedby.uri?partnerID=HzOxMe3b&scp=105012034196&origin=inward,,2026-04-12 18:33:30,Article,10.1007/s13369-025-10481-7,2193567X,https://api.elsevier.com/content/abstract/scopus_id/105012034196,,,,,,0,0.0,1,0,,,,105012034196,2-s2.0-105012034196
2,Janakiraman S.,Improved Salp Swarm and Bare Bones Mayfly Optimization Algorithm-based CH Selection and Sink Node Mobility for improving Network Longevity in WSNs,2025,Sadhana Academy Proceedings in Engineering Sciences,,https://www.scopus.com/inward/record.uri?partnerID=HzOxMe3b&scp=105007138764&origin=inward,https://www.scopus.com/inward/citedby.uri?partnerID=HzOxMe3b&scp=105007138764&origin=inward,,2026-04-12 18:33:30,Article,10.1007/s12046-024-02665-y,02562499,https://api.elsevier.com/content/abstract/scopus_id/105007138764,50,2,,,,2,2.0,1,0,,,,105007138764,2-s2.0-105007138764
0,Song X.,Mayfly Algorithm Based on Multi-Strategy Improvement for WSN Localization,2025,Chinese Journal of Sensors and Actuators,,https://www.scopus.com/inward/record.uri?partnerID=HzOxMe3b&scp=105003122564&origin=inward,https://www.scopus.com/inward/citedby.uri?partnerID=HzOxMe3b&scp=105003122564&origin=inward,,2026-04-12 18:33:30,Article,10.3969/j.issn.1004-1699.2025.02.020,10041699,https://api.elsevier.com/content/abstract/scopus_id/105003122564,38,2,,,,0,0.0,1,0,,,,105003122564,2-s2.0-105003122564
2,El Alami M.,"Integrative taxonomy of the genus Habrophlebia Eaton, 1881 in Morocco (Ephemeroptera, Leptophlebiidae): new species, redescriptions, and morphological-mitochondrial discrepancies",2025,Zootaxa,,https://www.scopus.com/inward/record.uri?partnerID=HzOxMe3b&scp=105007173267&origin=inward,https://www.scopus.com/inward/citedby.uri?partnerID=HzOxMe3b&scp=105007173267&origin=inward,,2026-04-12 18:33:30,Article,10.11646/zootaxa.5642.5.1,11755326,https://api.elsevier.com/content/abstract/scopus_id/105007173267,5642,5,,,,2,2.0,1,0,,,,105007173267,2-s2.0-105007173267
0,Jude Moses Anto Devakanth J.,Enhanced Mayfly Optimization Algorithms with Pixel-Based Learning Color Space Data Hiding Using a CNN-LSTM Network,2025,IETE Journal of Research,,https://www.scopus.com/inward/record.uri?partnerID=HzOxMe3b&scp=105012241508&origin=inward,https://www.scopus.com/inward/citedby.uri?partnerID=HzOxMe3b&scp=105012241508&origin=inward,,2026-04-12 18:33:30,Article,10.1080/03772063.2025.2531959,03772063,https://api.elsevier.com/content/abstract/scopus_id/105012241508,71,11,,,,0,0.0,1,0,,,,105012241508,2-s2.0-105012241508
1,De Bruyn A.M.H.,Calibration of a laboratory-based chronic toxicity model to nickel effects on stream invertebrates in the field,2025,Environmental Toxicology and Chemistry,,https://www.scopus.com/inward/record.uri?partnerID=HzOxMe3b&scp=105017771016&origin=inward,https://www.scopus.com/inward/citedby.uri?partnerID=HzOxMe3b&scp=105017771016&origin=inward,,2026-04-12 18:33:30,Article,10.1093/etojnl/vgaf159,07307268,https://api.elsevier.com/content/abstract/scopus_id/105017771016,44,10,,,,1,1.0,1,0,,,,105017771016,2-s2.0-105017771016
3,Buscalioni Á.D.,Exceptional preservation in mayfly nymphs (Insecta: Ephemeroptera) from the Early Cretaceous of the Las Hoyas fossil site,2025,Cretaceous Research,,https://www.scopus.com/inward/record.uri?partnerID=HzOxMe3b&scp=85210294438&origin=inward,https://www.scopus.com/inward/citedby.uri?partnerID=HzOxMe3b&scp=85210294438&origin=inward,,2026-04-12 18:33:30,Article,10.1016/j.cretres.2024.106052,01956671,https://api.elsevier.com/content/abstract/scopus_id/85210294438,167,,,,,3,3.0,1,0,,,,85210294438,2-s2.0-85210294438
0,Helland N.K.S.,"The distribution of Ephemeroptera, Plecoptera and Trichoptera in a Norwegian alpine catchment in relation to environmental gradients",2025,Aquatic Insects,,https://www.scopus.com/inward/record.uri?partnerID=HzOxMe3b&scp=105009008162&origin=inward,https://www.scopus.com/inward/citedby.uri?partnerID=HzOxMe3b&scp=105009008162&origin=inward,,2026-04-12 18:33:30,Article,10.1080/01650424.2025.2510702,01650424,https://api.elsevier.com/content/abstract/scopus_id/105009008162,,,,,,0,0.0,1,0,,,,105009008162,2-s2.0-105009008162
0,Atchaya A.J.,Adaptive mayfly optimization-based denoising for enhanced edge and structure preservation in remote sensing images,2025,Engineering Research Express,,https://www.scopus.com/inward/record.uri?partnerID=HzOxMe3b&scp=105011585552&origin=inward,https://www.scopus.com/inward/citedby.uri?partnerID=HzOxMe3b&scp=105011585552&origin=inward,,2026-04-12 18:33:30,Article,10.1088/2631-8695/adef97,,https://api.elsevier.com/content/abstract/scopus_id/105011585552,7,3,,,,0,0.0,1,0,,,,105011585552,2-s2.0-105011585552
0,Gmeiner I.,Selective Retention of Long-Chain Polyunsaturated Fatty Acids in Heptageniidae (Ephemeroptera) of Subalpine Streams,2025,Freshwater Biology,,https://www.scopus.com/inward/record.uri?partnerID=HzOxMe3b&scp=105007068728&origin=inward,https://www.scopus.com/inward/citedby.uri?partnerID=HzOxMe3b&scp=105007068728&origin=inward,,2026-04-12 18:33:30,Article,10.1111/fwb.70052,00465070,https://api.elsevier.com/content/abstract/scopus_id/105007068728,70,6,,,,0,0.0,1,0,,,,105007068728,2-s2.0-105007068728
0,Ijzerman M.M.,Sensitivity of Mayfly Neocloeon triangulifer to a Reference Toxicant Is Significantly Impacted by the Age of the Diatom Feed Species Navicula pelliculosa,2025,Environmental Science and Technology,,https://www.scopus.com/inward/record.uri?partnerID=HzOxMe3b&scp=105010462817&origin=inward,https://www.scopus.com/inward/citedby.uri?partnerID=HzOxMe3b&scp=105010462817&origin=inward,,2026-04-12 18:33:30,Article,10.1021/acs.est.5c04173,0013936X,https://api.elsevier.com/content/abstract/scopus_id/105010462817,59,29,,,,0,0.0,1,0,,,,105010462817,2-s2.0-105010462817
1,Murali M.,IMPLEMENTATION OF ENHANCED MICROGRID USING MAYFLY ALGORITHM BASED PID CONTROLLER,2025,Journal of Engineering and Technology for Industrial Applications,,https://www.scopus.com/inward/record.uri?partnerID=HzOxMe3b&scp=86000088774&origin=inward,https://www.scopus.com/inward/citedby.uri?partnerID=HzOxMe3b&scp=86000088774&origin=inward,,2026-04-12 18:33:30,Article,10.5935/jetia.v11i51.1468,,https://api.elsevier.com/content/abstract/scopus_id/86000088774,11,51,,,,1,1.0,1,0,,,,86000088774,2-s2.0-86000088774
0,Baskaran J.,Optimal Size & Allocation of Distribution Generation / Distribution Static Compensator using Modified Mayfly Optimization Algorithm,2025,2025 International Conference on Computational Innovations and Engineering Sustainability Iccies 2025,,https://www.scopus.com/inward/record.uri?partnerID=HzOxMe3b&scp=105011977481&origin=inward,https://www.scopus.com/inward/citedby.uri?partnerID=HzOxMe3b&scp=105011977481&origin=inward,,2026-04-12 18:33:30,Conference Paper,10.1109/ICCIES63851.2025.11032363,,https://api.elsevier.com/content/abstract/scopus_id/105011977481,,,,,,0,0.0,1,0,,,,105011977481,2-s2.0-105011977481
0,Abdul Salam M.,Mayfly-based federated learning approach for early detection of fire,2025,International Journal of Data Science and Analytics,,https://www.scopus.com/inward/record.uri?partnerID=HzOxMe3b&scp=105013284618&origin=inward,https://www.scopus.com/inward/citedby.uri?partnerID=HzOxMe3b&scp=105013284618&origin=inward,,2026-04-12 18:33:30,Article,10.1007/s41060-025-00876-y,2364415X,https://api.elsevier.com/content/abstract/scopus_id/105013284618,20,8,,,,0,0.0,1,0,,,,105013284618,2-s2.0-105013284618
0,Abuelrub A.,Modeling and Simulation of CMOS Schmitt Trigger Circuits Using a Multi-Objective Mayfly Optimization Algorithm,2025,International Journal of Numerical Modelling Electronic Networks Devices and Fields,,https://www.scopus.com/inward/record.uri?partnerID=HzOxMe3b&scp=105002477828&origin=inward,https://www.scopus.com/inward/citedby.uri?partnerID=HzOxMe3b&scp=105002477828&origin=inward,,2026-04-12 18:33:30,Article,10.1002/jnm.70047,08943370,https://api.elsevier.com/content/abstract/scopus_id/105002477828,38,2,,,,0,0.0,1,0,,,,105002477828,2-s2.0-105002477828
1,Aruna S.B.,Optimal Allocation of Generation and Reconfiguration of the Distribution Network for Reliability Enhancement using the Mayfly Optimization Algorithm,2025,Ssrg International Journal of Electrical and Electronics Engineering,,https://www.scopus.com/inward/record.uri?partnerID=HzOxMe3b&scp=105008707171&origin=inward,https://www.scopus.com/inward/citedby.uri?partnerID=HzOxMe3b&scp=105008707171&origin=inward,,2026-04-12 18:33:30,Article,10.14445/23488379/IJEEE-V12I5P118,,https://api.elsevier.com/content/abstract/scopus_id/105008707171,12,5,,,,1,1.0,1,0,,,,105008707171,2-s2.0-105008707171
3,Šamulková M.,Is the DNA barcode database fit for purpose? Assessing the feasibility of reverse taxonomy in five key aquatic insect orders relevant to freshwater biomonitoring under the Water Framework Directive,2025,Biologia,,https://www.scopus.com/inward/record.uri?partnerID=HzOxMe3b&scp=105010121223&origin=inward,https://www.scopus.com/inward/citedby.uri?partnerID=HzOxMe3b&scp=105010121223&origin=inward,,2026-04-12 18:33:30,Article,10.1007/s11756-025-01999-0,00063088,https://api.elsevier.com/content/abstract/scopus_id/105010121223,80,10,,,,3,3.0,1,0,,,,105010121223,2-s2.0-105010121223
1,Semenchenko A.A.,"DNA BARCODING OF MAYFLIES (EPHEMEROPTERA) IN KAMCHATKA PENINSULA, RUSSIA",2025,Far Eastern Entomologist,,https://www.scopus.com/inward/record.uri?partnerID=HzOxMe3b&scp=105026095032&origin=inward,https://www.scopus.com/inward/citedby.uri?partnerID=HzOxMe3b&scp=105026095032&origin=inward,,2026-04-12 18:33:30,Article,10.25221/fee.533.2,1026051X,https://api.elsevier.com/content/abstract/scopus_id/105026095032,,533,,,,1,1.0,1,0,,,,105026095032,2-s2.0-105026095032
1,Godunko R.J.,Nebesna sotnia gen. & sp. nov. from Baltic amber supports a Pangean distribution of the amphinotic family Ameletopsidae (Ephemeroptera),2025,Scientific Reports,,https://www.scopus.com/inward/record.uri?partnerID=HzOxMe3b&scp=105006498572&origin=inward,https://www.scopus.com/inward/citedby.uri?partnerID=HzOxMe3b&scp=105006498572&origin=inward,,2026-04-12 18:33:30,Article,10.1038/s41598-025-01722-8,,https://api.elsevier.com/content/abstract/scopus_id/105006498572,15,1,,,,1,1.0,1,0,,,,105006498572,2-s2.0-105006498572
5,Subramanian S.,MDHO: Mayfly Deer Hunting Optimization Algorithm for Optimal Obstacle Avoidance Based Path Planning Using Mobile Robots,2025,Cybernetics and Systems,,https://www.scopus.com/inward/record.uri?partnerID=HzOxMe3b&scp=105004042707&origin=inward,https://www.scopus.com/inward/citedby.uri?partnerID=HzOxMe3b&scp=105004042707&origin=inward,,2026-04-12 18:33:30,Article,10.1080/01969722.2023.2177804,01969722,https://api.elsevier.com/content/abstract/scopus_id/105004042707,56,4,,,,5,5.0,1,0,,,,105004042707,2-s2.0-105004042707
2,MahaLakshmi N.V.,Hyper tuning hybrid MLP-CatBoost classifier using Mayfly optimization for detection of heart disease,2025,Health Services and Outcomes Research Methodology,,https://www.scopus.com/inward/record.uri?partnerID=HzOxMe3b&scp=105002251641&origin=inward,https://www.scopus.com/inward/citedby.uri?partnerID=HzOxMe3b&scp=105002251641&origin=inward,,2026-04-12 18:33:30,Article,10.1007/s10742-025-00341-0,13873741,https://api.elsevier.com/content/abstract/scopus_id/105002251641,25,3,,,,2,2.0,1,0,,,,105002251641,2-s2.0-105002251641
0,Fan A.,Do freshwater insect assemblages in exotic plantations resemble those from native forest? Evidence from environmental DNA,2025,Restoration Ecology,,https://www.scopus.com/inward/record.uri?partnerID=HzOxMe3b&scp=105005869632&origin=inward,https://www.scopus.com/inward/citedby.uri?partnerID=HzOxMe3b&scp=105005869632&origin=inward,,2026-04-12 18:33:30,Article,10.1111/rec.70091,10612971,https://api.elsevier.com/content/abstract/scopus_id/105005869632,33,8,,,,0,0.0,1,0,,,,105005869632,2-s2.0-105005869632
0,Suttinun C.,"DNA barcoding of the genus Platybaetis Müller-Liebenau, 1980 (Ephemeroptera: Baetidae) in Thailand reveals hidden diversity",2025,Aquatic Insects,,https://www.scopus.com/inward/record.uri?partnerID=HzOxMe3b&scp=105023487592&origin=inward,https://www.scopus.com/inward/citedby.uri?partnerID=HzOxMe3b&scp=105023487592&origin=inward,,2026-04-12 18:33:30,Article,10.1080/01650424.2025.2586103,01650424,https://api.elsevier.com/content/abstract/scopus_id/105023487592,,,,,,0,0.0,1,0,,,,105023487592,2-s2.0-105023487592
0,Zhang W.,Intelligent gather optimization for radial interpolation seismic gathers using the multi-objective mayfly algorithm,2025,Journal of Geophysics and Engineering,,https://www.scopus.com/inward/record.uri?partnerID=HzOxMe3b&scp=105021248251&origin=inward,https://www.scopus.com/inward/citedby.uri?partnerID=HzOxMe3b&scp=105021248251&origin=inward,,2026-04-12 18:33:30,Article,10.1093/jge/gxaf103,17422132,https://api.elsevier.com/content/abstract/scopus_id/105021248251,22,6,,,,0,0.0,1,0,,,,105021248251,2-s2.0-105021248251
3,Sridharan S.,Efficient maximum power point tracking in grid connected switched reluctance generator in wind energy conversion system: an enhanced Mayfly Algorithm transient search optimization,2025,Energy Sources Part A Recovery Utilization and Environmental Effects,,https://www.scopus.com/inward/record.uri?partnerID=HzOxMe3b&scp=105001971111&origin=inward,https://www.scopus.com/inward/citedby.uri?partnerID=HzOxMe3b&scp=105001971111&origin=inward,,2026-04-12 18:33:30,Article,10.1080/15567036.2021.2008059,15567036,https://api.elsevier.com/content/abstract/scopus_id/105001971111,47,1,,,,3,3.0,1,0,,,,105001971111,2-s2.0-105001971111
0,Qiang X.H.,"First record of the family Acanthametropodidae (Ephemeroptera) from China and redescription of Acanthametropus nikolskyi Tshernova, 1948",2025,Aquatic Insects,,https://www.scopus.com/inward/record.uri?partnerID=HzOxMe3b&scp=105008448873&origin=inward,https://www.scopus.com/inward/citedby.uri?partnerID=HzOxMe3b&scp=105008448873&origin=inward,,2026-04-12 18:33:30,Article,10.1080/01650424.2025.2504916,01650424,https://api.elsevier.com/content/abstract/scopus_id/105008448873,,,,,,0,0.0,1,0,,,,105008448873,2-s2.0-105008448873
12,Sajja G.S.,Optimizing Retail Supply Chain Sales Forecasting with a Mayfly Algorithm-Enhanced Bidirectional Gated Recurrent Unit,2025,SN Computer Science,,https://www.scopus.com/inward/record.uri?partnerID=HzOxMe3b&scp=105012878774&origin=inward,https://www.scopus.com/inward/citedby.uri?partnerID=HzOxMe3b&scp=105012878774&origin=inward,,2026-04-12 18:33:30,Article,10.1007/s42979-025-04209-5,2662995X,https://api.elsevier.com/content/abstract/scopus_id/105012878774,6,6,,,,12,12.0,1,0,,,,105012878774,2-s2.0-105012878774
1,Palavalasa M.,An improved mayfly optimization with modified perturb and observe based energy management in grid integrated renewable sources,2025,Aims Energy,,https://www.scopus.com/inward/record.uri?partnerID=HzOxMe3b&scp=105019776426&origin=inward,https://www.scopus.com/inward/citedby.uri?partnerID=HzOxMe3b&scp=105019776426&origin=inward,,2026-04-12 18:33:30,Article,10.3934/energy.2025042,23338326,https://api.elsevier.com/content/abstract/scopus_id/105019776426,13,5,,,,1,1.0,1,0,,,,105019776426,2-s2.0-105019776426
0,Barnes L.A.,Differing Impacts of Livestock Farming and Ranching on Aquatic Insect Biodiversity: A Global Meta-Analysis,2025,Global Change Biology,,https://www.scopus.com/inward/record.uri?partnerID=HzOxMe3b&scp=105016605104&origin=inward,https://www.scopus.com/inward/citedby.uri?partnerID=HzOxMe3b&scp=105016605104&origin=inward,,2026-04-12 18:33:30,Review,10.1111/gcb.70513,13541013,https://api.elsevier.com/content/abstract/scopus_id/105016605104,31,9,,,,0,0.0,1,0,,,,105016605104,2-s2.0-105016605104
1,Kwanboon S.,"Rediscovery after two decades and geographic range extension of the rare mayfly species, Behningia baei McCafferty & Jacobus, 2006 (Ephemeroptera, Behningiidae) from Thailand",2025,Check List,,https://www.scopus.com/inward/record.uri?partnerID=HzOxMe3b&scp=105000529875&origin=inward,https://www.scopus.com/inward/citedby.uri?partnerID=HzOxMe3b&scp=105000529875&origin=inward,,2026-04-12 18:33:30,Article,10.15560/21.2.287,,https://api.elsevier.com/content/abstract/scopus_id/105000529875,21,2,,,,1,1.0,1,0,,,,105000529875,2-s2.0-105000529875
0,El Mrabet A.,"Two-Stage Neural Network versus Ant Colony, Mayfly, Stochastic Paint, and Ant Lion Optimizers for Robot Arm Inverse Kinematics",2025,Journal of Robotics and Control Jrc,,https://www.scopus.com/inward/record.uri?partnerID=HzOxMe3b&scp=105034161565&origin=inward,https://www.scopus.com/inward/citedby.uri?partnerID=HzOxMe3b&scp=105034161565&origin=inward,,2026-04-12 18:33:30,Article,10.18196/jrc.v6i6.27795,27155056,https://api.elsevier.com/content/abstract/scopus_id/105034161565,6,6,,,,0,0.0,1,0,,,,105034161565,2-s2.0-105034161565
0,Yu N.,Application of Mayfly Algorithm Optimized Dual-Channel Network in Gearbox Fault Diagnosis,2025,Hsi an Chiao Tung Ta Hsueh Journal of Xi an Jiaotong University,,https://www.scopus.com/inward/record.uri?partnerID=HzOxMe3b&scp=105003962431&origin=inward,https://www.scopus.com/inward/citedby.uri?partnerID=HzOxMe3b&scp=105003962431&origin=inward,,2026-04-12 18:33:30,Article,10.7652/xjtuxb202505021,0253987X,https://api.elsevier.com/content/abstract/scopus_id/105003962431,59,5,,,,0,0.0,1,0,,,,105003962431,2-s2.0-105003962431
1,Mayorga A.,"Mandibular tusks vs. cephalic horns: a comparative study of functional behaviour in three flat-bodied mayfly larvae Polyplocia orientalis Nguyen and Bae, 2003, Rhoenanthus coreanus (Yoon and Bae, 1985), and Jappa furcifera (Eaton, 1871) (Ephemeroptera)",2025,Aquatic Insects,,https://www.scopus.com/inward/record.uri?partnerID=HzOxMe3b&scp=105014937452&origin=inward,https://www.scopus.com/inward/citedby.uri?partnerID=HzOxMe3b&scp=105014937452&origin=inward,,2026-04-12 18:33:30,Article,10.1080/01650424.2025.2529279,01650424,https://api.elsevier.com/content/abstract/scopus_id/105014937452,,,,,,1,1.0,1,0,,,,105014937452,2-s2.0-105014937452
6,Godunko R.J.,A new species and new generic synonymy in the family Vietnamellidae (Insecta: Ephemeroptera) from mid-Cretaceous Burmese amber with notes on ancient dispersal across East Gondwana,2025,Peerj,,https://www.scopus.com/inward/record.uri?partnerID=HzOxMe3b&scp=105000839164&origin=inward,https://www.scopus.com/inward/citedby.uri?partnerID=HzOxMe3b&scp=105000839164&origin=inward,,2026-04-12 18:33:30,Article,10.7717/peerj.19048,,https://api.elsevier.com/content/abstract/scopus_id/105000839164,13,3,,,,6,6.0,1,0,,,,105000839164,2-s2.0-105000839164
0,Srinivasan P.,"Baetis (Rhodobaetis) stoffer sp. nov., a new species of mayfly and the first record of the subgenus Rhodobaetis Jacob 2003 (Ephemeroptera: Baetidae) from India",2025,International Journal of Tropical Insect Science,,https://www.scopus.com/inward/record.uri?partnerID=HzOxMe3b&scp=105008529295&origin=inward,https://www.scopus.com/inward/citedby.uri?partnerID=HzOxMe3b&scp=105008529295&origin=inward,,2026-04-12 18:33:30,Article,10.1007/s42690-025-01506-7,17427584,https://api.elsevier.com/content/abstract/scopus_id/105008529295,45,4,,,,0,0.0,1,0,,,,105008529295,2-s2.0-105008529295
0,Kothai Andal C.,Mayfly Optimization Approach Based Photovoltaic Supplied SRM Driven Water Pumping System Under Partial Shading Conditions,2025,2025 International Conference on Computing Technologies and Data Communication Icctdc 2025,,https://www.scopus.com/inward/record.uri?partnerID=HzOxMe3b&scp=105019049705&origin=inward,https://www.scopus.com/inward/citedby.uri?partnerID=HzOxMe3b&scp=105019049705&origin=inward,,2026-04-12 18:33:30,Conference Paper,10.1109/ICCTDC64446.2025.11159018,,https://api.elsevier.com/content/abstract/scopus_id/105019049705,,,,,,0,0.0,1,0,,,,105019049705,2-s2.0-105019049705
1,Jaber F.F.,PID CONTROLLER FOR SPEED CONTROL OF PMSM BASED ON MAYFLY OPTIMIZATION ALGORITHM,2025,Kufa Journal of Engineering,,https://www.scopus.com/inward/record.uri?partnerID=HzOxMe3b&scp=85217702018&origin=inward,https://www.scopus.com/inward/citedby.uri?partnerID=HzOxMe3b&scp=85217702018&origin=inward,,2026-04-12 18:33:30,Article,10.30572/2018/KJE/160107,20715528,https://api.elsevier.com/content/abstract/scopus_id/85217702018,16,1,,,,1,1.0,1,0,,,,85217702018,2-s2.0-85217702018
0,Zhao L.,PARAMETER IDENTIFICATION METHOD FOR PEMFC VOLTAGE MODEL BASED ON LLIMA,2025,Taiyangneng Xuebao Acta Energiae Solaris Sinica,,https://www.scopus.com/inward/record.uri?partnerID=HzOxMe3b&scp=105023472707&origin=inward,https://www.scopus.com/inward/citedby.uri?partnerID=HzOxMe3b&scp=105023472707&origin=inward,,2026-04-12 18:33:30,Article,10.19912/j.0254-0096.tynxb.2024-0448,02540096,https://api.elsevier.com/content/abstract/scopus_id/105023472707,46,7,,,,0,0.0,1,0,,,,105023472707,2-s2.0-105023472707
1,Buchawongpiwat N.,"Teloganopsis sirindhornae sp. nov. (Ephemeroptera: Ephemerellidae), A New Species of Thai Mayfly Revealed by the Integrative Taxonomy",2025,Tropical Natural History,,https://www.scopus.com/inward/record.uri?partnerID=HzOxMe3b&scp=105023962575&origin=inward,https://www.scopus.com/inward/citedby.uri?partnerID=HzOxMe3b&scp=105023962575&origin=inward,,2026-04-12 18:33:30,Article,10.58837/tnh.25.8.266990,,https://api.elsevier.com/content/abstract/scopus_id/105023962575,,8,,,,1,1.0,1,0,,,,105023962575,2-s2.0-105023962575
0,Sable R.,MAOA-DRN: Mayfly Adam Optimization Based Deep Residual Network - A Framework for Stock Market Prediction,2025,Journal of Intelligent and Fuzzy Systems,,https://www.scopus.com/inward/record.uri?partnerID=HzOxMe3b&scp=105021272115&origin=inward,https://www.scopus.com/inward/citedby.uri?partnerID=HzOxMe3b&scp=105021272115&origin=inward,,2026-04-12 18:33:30,Article,10.1177/18758967251353038,10641246,https://api.elsevier.com/content/abstract/scopus_id/105021272115,49,3,,,,0,0.0,1,0,,,,105021272115,2-s2.0-105021272115
0,Sharmiladevi B.,Analysis of Solar PV Inverter Systems by using May Fly Algorithm,2025,Proceedings of 5th International Conference on Trends in Material Science and Inventive Materials Ictmim 2025,,https://www.scopus.com/inward/record.uri?partnerID=HzOxMe3b&scp=105007977709&origin=inward,https://www.scopus.com/inward/citedby.uri?partnerID=HzOxMe3b&scp=105007977709&origin=inward,,2026-04-12 18:33:30,Conference Paper,10.1109/ICTMIM65579.2025.10988242,,https://api.elsevier.com/content/abstract/scopus_id/105007977709,,,,,,0,0.0,1,0,,,,105007977709,2-s2.0-105007977709
0,Giusto C.,Changes in the ephemeroptera assemblages of the Mignone River (Central Italy) over 42 years: taxonomic and ecological implications,2025,Aquatic Insects,,https://www.scopus.com/inward/record.uri?partnerID=HzOxMe3b&scp=105018831177&origin=inward,https://www.scopus.com/inward/citedby.uri?partnerID=HzOxMe3b&scp=105018831177&origin=inward,,2026-04-12 18:33:30,Article,10.1080/01650424.2025.2559594,01650424,https://api.elsevier.com/content/abstract/scopus_id/105018831177,,,,,,0,0.0,1,0,,,,105018831177,2-s2.0-105018831177
1,Sun J.,A novel approach to optimal design a piezoelectric micro-beam for energy harvesting using Mayfly algorithm,2025,Journal of Applied Physics,,https://www.scopus.com/inward/record.uri?partnerID=HzOxMe3b&scp=105001482710&origin=inward,https://www.scopus.com/inward/citedby.uri?partnerID=HzOxMe3b&scp=105001482710&origin=inward,,2026-04-12 18:33:30,Article,10.1063/5.0244298,00218979,https://api.elsevier.com/content/abstract/scopus_id/105001482710,137,12,,,,1,1.0,1,0,,,,105001482710,2-s2.0-105001482710
0,Ning Y.,Evaluating water quality by examining macroinvertebrates,2025,Global Nest Journal,,https://www.scopus.com/inward/record.uri?partnerID=HzOxMe3b&scp=105004375233&origin=inward,https://www.scopus.com/inward/citedby.uri?partnerID=HzOxMe3b&scp=105004375233&origin=inward,,2026-04-12 18:33:30,Article,10.30955/gnj.06668,17907632,https://api.elsevier.com/content/abstract/scopus_id/105004375233,27,4,,,,0,0.0,1,0,,,,105004375233,2-s2.0-105004375233
6,Verma P.,WebShield 5.0: Harnessing AI and NLP to combat web threats in Industry 5.0,2025,Alexandria Engineering Journal,,https://www.scopus.com/inward/record.uri?partnerID=HzOxMe3b&scp=105005503977&origin=inward,https://www.scopus.com/inward/citedby.uri?partnerID=HzOxMe3b&scp=105005503977&origin=inward,,2026-04-12 18:33:30,Article,10.1016/j.aej.2025.05.018,11100168,https://api.elsevier.com/content/abstract/scopus_id/105005503977,127,,,,,6,6.0,1,0,,,,105005503977,2-s2.0-105005503977
0,,Retraction: Process control of chemical dynamic system based on multi-strategy mayfly optimization algorithm. (Journal of Intelligent & Fuzzy Systems)(46)(3)(7327–7352)(10.3233/jifs-237786),2025,Journal of Intelligent and Fuzzy Systems,,https://www.scopus.com/inward/record.uri?partnerID=HzOxMe3b&scp=105026879419&origin=inward,https://www.scopus.com/inward/citedby.uri?partnerID=HzOxMe3b&scp=105026879419&origin=inward,,2026-04-12 18:33:30,Erratum,10.1177/10641246251331509,10641246,https://api.elsevier.com/content/abstract/scopus_id/105026879419,,,,,,0,0.0,0,0,,,,105026879419,2-s2.0-105026879419
1,Li R.,Two Complete Mitochondrial Genomes of Potamanthidae (Ephemeroptera): Genome Features and Phylogenetic Implications,2025,Diversity,,https://www.scopus.com/inward/record.uri?partnerID=HzOxMe3b&scp=105000859591&origin=inward,https://www.scopus.com/inward/citedby.uri?partnerID=HzOxMe3b&scp=105000859591&origin=inward,,2026-04-12 18:33:30,Article,10.3390/d17030164,,https://api.elsevier.com/content/abstract/scopus_id/105000859591,17,3,,,,1,1.0,1,0,,,,105000859591,2-s2.0-105000859591
1,Riedy J.J.,Experimental evidence quantifying effects of nocturnal light conditions on predation levels by riverine predators on larval prey,2025,Journal of Freshwater Ecology,,https://www.scopus.com/inward/record.uri?partnerID=HzOxMe3b&scp=105000717173&origin=inward,https://www.scopus.com/inward/citedby.uri?partnerID=HzOxMe3b&scp=105000717173&origin=inward,,2026-04-12 18:33:30,Article,10.1080/02705060.2025.2473089,02705060,https://api.elsevier.com/content/abstract/scopus_id/105000717173,40,1,,,,1,1.0,1,0,,,,105000717173,2-s2.0-105000717173
0,Benjamin J.M.,"Aquatic hitchhikers: examining the phoretic associations between blackfly (Diptera: Simuliidae) and mayfly (Ephemeroptera: Heptageniidae, Tricorythidae) larvae in Kenyan river ecosystems",2025,African Journal of Aquatic Science,,https://www.scopus.com/inward/record.uri?partnerID=HzOxMe3b&scp=105011715021&origin=inward,https://www.scopus.com/inward/citedby.uri?partnerID=HzOxMe3b&scp=105011715021&origin=inward,,2026-04-12 18:33:30,Article,10.2989/16085914.2025.2526359,16085914,https://api.elsevier.com/content/abstract/scopus_id/105011715021,50,2,,,,0,0.0,1,0,,,,105011715021,2-s2.0-105011715021
0,Benjamin J.M.,"Aquatic hitchhikers: examining the phoretic associations between blackfly (Diptera: Simuliidae) and mayfly (Ephemeroptera: Heptageniidae, Tricorythidae) larvae in Kenyan river ecosystems",2025,African Journal of Aquatic Science,,https://www.scopus.com/inward/record.uri?partnerID=HzOxMe3b&scp=105011715021&origin=inward,https://www.scopus.com/inward/citedby.uri?partnerID=HzOxMe3b&scp=105011715021&origin=inward,,2026-04-12 18:33:30,Article,10.2989/16085914.2025.2526359,16085914,https://api.elsevier.com/content/abstract/scopus_id/105011715021,50,2,,,,0,0.0,1,0,,,,105011715021,2-s2.0-105011715021
1,Kluge N.J.,Winged stages of Symbiocloeon laoense Palatov 2023 (Ephemeroptera: Baetidae) and systematic position of larvae developing inside mantle cavities of bivalve mollusks,2025,Zootaxa,,https://www.scopus.com/inward/record.uri?partnerID=HzOxMe3b&scp=105026473325&origin=inward,https://www.scopus.com/inward/citedby.uri?partnerID=HzOxMe3b&scp=105026473325&origin=inward,,2026-04-12 18:33:30,Article,10.11646/zootaxa.5737.1.2,11755326,https://api.elsevier.com/content/abstract/scopus_id/105026473325,5737,1,,,,1,1.0,1,0,,,,105026473325,2-s2.0-105026473325
2,He J.,Enhancing convergence speed and accuracy of virtual field optimization method for microseismic source location in tunnels,2025,Tunnelling and Underground Space Technology,,https://www.scopus.com/inward/record.uri?partnerID=HzOxMe3b&scp=85215228196&origin=inward,https://www.scopus.com/inward/citedby.uri?partnerID=HzOxMe3b&scp=85215228196&origin=inward,,2026-04-12 18:33:30,Article,10.1016/j.tust.2025.106366,08867798,https://api.elsevier.com/content/abstract/scopus_id/85215228196,158,,,,,2,2.0,1,0,,,,85215228196,2-s2.0-85215228196
1,Dey S.,Infinite impulse response based reliable fractional order digital differentiator identification using an evolutionary optimization approach,2025,Neural Computing and Applications,,https://www.scopus.com/inward/record.uri?partnerID=HzOxMe3b&scp=85218706391&origin=inward,https://www.scopus.com/inward/citedby.uri?partnerID=HzOxMe3b&scp=85218706391&origin=inward,,2026-04-12 18:33:30,Article,10.1007/s00521-025-11073-0,09410643,https://api.elsevier.com/content/abstract/scopus_id/85218706391,37,15,,,,1,1.0,1,0,,,,85218706391,2-s2.0-85218706391
1,Chen X.,Hybrid Phishing Detection Using Stochastic Gradient Descent and Naïve Bayes Optimized with the Mayfly Algorithm,2025,Informatica Slovenia,,https://www.scopus.com/inward/record.uri?partnerID=HzOxMe3b&scp=105008646083&origin=inward,https://www.scopus.com/inward/citedby.uri?partnerID=HzOxMe3b&scp=105008646083&origin=inward,,2026-04-12 18:33:30,Article,10.31449/inf.v49i21.8056,03505596,https://api.elsevier.com/content/abstract/scopus_id/105008646083,49,21,,,,1,1.0,1,0,,,,105008646083,2-s2.0-105008646083
0,Zhang Z.,A Dynamic Optimization Method of Material Distribution Intervals and Quantity for High-End Equipment Manufacturing,2025,IEEE Access,,https://www.scopus.com/inward/record.uri?partnerID=HzOxMe3b&scp=105016705796&origin=inward,https://www.scopus.com/inward/citedby.uri?partnerID=HzOxMe3b&scp=105016705796&origin=inward,,2026-04-12 18:33:30,Article,10.1109/ACCESS.2025.3609881,,https://api.elsevier.com/content/abstract/scopus_id/105016705796,13,,,,,0,0.0,1,0,,,,105016705796,2-s2.0-105016705796
0,Mao Q.,Chaos ephemeran algorithm combining polynomial difference learning and dimensional variation,2025,Journal of Beijing University of Aeronautics and Astronautics,,https://www.scopus.com/inward/record.uri?partnerID=HzOxMe3b&scp=105031778981&origin=inward,https://www.scopus.com/inward/citedby.uri?partnerID=HzOxMe3b&scp=105031778981&origin=inward,,2026-04-12 18:33:30,Article,10.13700/j.bh.1001-5965.2023.0698,10015965,https://api.elsevier.com/content/abstract/scopus_id/105031778981,51,12,,,,0,0.0,1,0,,,,105031778981,2-s2.0-105031778981
0,Gallegos-Sánchez S.,The effects of multiple stressors in a subtropical river: a perspective from a microcosm experiment,2025,Hydrobiologia,,https://www.scopus.com/inward/record.uri?partnerID=HzOxMe3b&scp=105005211663&origin=inward,https://www.scopus.com/inward/citedby.uri?partnerID=HzOxMe3b&scp=105005211663&origin=inward,,2026-04-12 18:33:30,Article,10.1007/s10750-025-05881-7,00188158,https://api.elsevier.com/content/abstract/scopus_id/105005211663,852,18,,,,0,0.0,1,0,,,,105005211663,2-s2.0-105005211663
1,Kausalya K.,An optimized deep learning approach for detection and classification of player actions in football game,2025,Entertainment Computing,,https://www.scopus.com/inward/record.uri?partnerID=HzOxMe3b&scp=105011510346&origin=inward,https://www.scopus.com/inward/citedby.uri?partnerID=HzOxMe3b&scp=105011510346&origin=inward,,2026-04-12 18:33:30,Article,10.1016/j.entcom.2025.101003,18759521,https://api.elsevier.com/content/abstract/scopus_id/105011510346,55,,,,,1,1.0,1,0,,,,105011510346,2-s2.0-105011510346
0,Moeed S.A.,Efficient Hybrid Mayfly-Harris Hawks Optimization Support Vector Machine (EMHHO-SVM) Based Data Aggregation and Clustering Technique for Wireless Sensor Networks,2025,Wireless Personal Communications,,https://www.scopus.com/inward/record.uri?partnerID=HzOxMe3b&scp=105013567202&origin=inward,https://www.scopus.com/inward/citedby.uri?partnerID=HzOxMe3b&scp=105013567202&origin=inward,,2026-04-12 18:33:30,Article,10.1007/s11277-025-11799-z,09296212,https://api.elsevier.com/content/abstract/scopus_id/105013567202,142,1-2,,,,0,0.0,1,0,,,,105013567202,2-s2.0-105013567202
0,Mekala B.,DETECTION OF BRAIN TUMOR AND PREDICTION OF SEVERITY ANALYSIS USING OPTIMIZATION DRIVEN 3DCONVOLUTION NEURAL NETWORK,2025,Journal of Theoretical and Applied Information Technology,,https://www.scopus.com/inward/record.uri?partnerID=HzOxMe3b&scp=105024138406&origin=inward,https://www.scopus.com/inward/citedby.uri?partnerID=HzOxMe3b&scp=105024138406&origin=inward,,2026-04-12 18:33:30,Article,,19928645,https://api.elsevier.com/content/abstract/scopus_id/105024138406,103,18,,,,0,0.0,1,0,,,,105024138406,2-s2.0-105024138406
0,Feng Y.F.,"Two New Species and First Stage Associations for Two Other Species of the Cincticostella nigra (Uéno, 1928) Complex (Ephemeroptera, Ephemerellidae) from Yunnan, China, with Discussion About Cincticostella Allen, 1971 Species Complexes Based on Winged Stages †",2025,Insects,,https://www.scopus.com/inward/record.uri?partnerID=HzOxMe3b&scp=105026022422&origin=inward,https://www.scopus.com/inward/citedby.uri?partnerID=HzOxMe3b&scp=105026022422&origin=inward,,2026-04-12 18:33:30,Article,10.3390/insects16121221,,https://api.elsevier.com/content/abstract/scopus_id/105026022422,16,12,,,,0,0.0,1,0,,,,105026022422,2-s2.0-105026022422
0,Zhai J.,Task Travel Time Prediction Method Based on IMA-SURBF for Task Dispatching of Heterogeneous AGV System,2025,Biomimetics,,https://www.scopus.com/inward/record.uri?partnerID=HzOxMe3b&scp=105014428862&origin=inward,https://www.scopus.com/inward/citedby.uri?partnerID=HzOxMe3b&scp=105014428862&origin=inward,,2026-04-12 18:33:30,Article,10.3390/biomimetics10080500,,https://api.elsevier.com/content/abstract/scopus_id/105014428862,10,8,,,,0,0.0,1,0,,,,105014428862,2-s2.0-105014428862
0,Priyadarshini K.,GREEN HOUSE CULTIVATION USING ROBOT NAVIGATION SYSTEMS WITH A MODULE FOR IDENTIFYING PESTS AND DISEASES,2025,Journal of Environmental Protection and Ecology,,https://www.scopus.com/inward/record.uri?partnerID=HzOxMe3b&scp=105001164823&origin=inward,https://www.scopus.com/inward/citedby.uri?partnerID=HzOxMe3b&scp=105001164823&origin=inward,,2026-04-12 18:33:30,Article,,13115065,https://api.elsevier.com/content/abstract/scopus_id/105001164823,26,1,,,,0,0.0,1,0,,,,105001164823,2-s2.0-105001164823
0,Guo Z.,Dynamic Marshalling Resilient Control for Permanent Magnetic Maglev Trains Based on Optimized Twin Delayed Deterministic Policy Gradient,2025,Urban Rail Transit,,https://www.scopus.com/inward/record.uri?partnerID=HzOxMe3b&scp=105008457215&origin=inward,https://www.scopus.com/inward/citedby.uri?partnerID=HzOxMe3b&scp=105008457215&origin=inward,,2026-04-12 18:33:30,Article,10.1007/s40864-025-00244-w,21996687,https://api.elsevier.com/content/abstract/scopus_id/105008457215,11,3,,,,0,0.0,1,0,,,,105008457215,2-s2.0-105008457215
3,Betz-Koch S.,Timing matters: impact of different frequencies of low pesticide pulses on aquatic invertebrates,2025,Environmental Sciences Europe,,https://www.scopus.com/inward/record.uri?partnerID=HzOxMe3b&scp=105002910870&origin=inward,https://www.scopus.com/inward/citedby.uri?partnerID=HzOxMe3b&scp=105002910870&origin=inward,,2026-04-12 18:33:30,Article,10.1186/s12302-025-01091-z,21904707,https://api.elsevier.com/content/abstract/scopus_id/105002910870,37,1,,,,3,3.0,1,0,,,,105002910870,2-s2.0-105002910870
6,Let M.,Bioaccumulation of Pharmaceutically Active Compounds from Treated Urban Wastewaters in Aquatic Insect Larvae and Aerial Adults,2025,Environmental Science and Technology,,https://www.scopus.com/inward/record.uri?partnerID=HzOxMe3b&scp=86000148580&origin=inward,https://www.scopus.com/inward/citedby.uri?partnerID=HzOxMe3b&scp=86000148580&origin=inward,,2026-04-12 18:33:30,Article,10.1021/acs.est.4c13781,0013936X,https://api.elsevier.com/content/abstract/scopus_id/86000148580,59,10,,,,6,6.0,1,0,,,,86000148580,2-s2.0-86000148580
1,Yang J.,Online Error Compensation of Gyroscope in MWD Based on MGMA,2025,IEEE Sensors Journal,,https://www.scopus.com/inward/record.uri?partnerID=HzOxMe3b&scp=85211978831&origin=inward,https://www.scopus.com/inward/citedby.uri?partnerID=HzOxMe3b&scp=85211978831&origin=inward,,2026-04-12 18:33:30,Article,10.1109/JSEN.2024.3508658,1530437X,https://api.elsevier.com/content/abstract/scopus_id/85211978831,25,2,,,,1,1.0,1,0,,,,85211978831,2-s2.0-85211978831
0,Liang S.,High Value Target Search Strategy Planning Based on MMA and Two Tier Architecture,2025,2025 Joint International Conference on Automation Intelligence Safety Icais 2025 and International Symposium on Autonomous Systems Isas 2025,,https://www.scopus.com/inward/record.uri?partnerID=HzOxMe3b&scp=105012133709&origin=inward,https://www.scopus.com/inward/citedby.uri?partnerID=HzOxMe3b&scp=105012133709&origin=inward,,2026-04-12 18:33:30,Conference Paper,10.1109/ICAISISAS64483.2025.11051444,,https://api.elsevier.com/content/abstract/scopus_id/105012133709,,,,,,0,0.0,1,0,,,,105012133709,2-s2.0-105012133709
1,Sahu S.,Robust Routing Optimization in VANET Communication Based on Bellman–Ford Multitier Metaheuristic Algorithms,2025,International Journal of Communication Systems,,https://www.scopus.com/inward/record.uri?partnerID=HzOxMe3b&scp=85209129743&origin=inward,https://www.scopus.com/inward/citedby.uri?partnerID=HzOxMe3b&scp=85209129743&origin=inward,,2026-04-12 18:33:30,Article,10.1002/dac.6056,10745351,https://api.elsevier.com/content/abstract/scopus_id/85209129743,38,5,,,,1,1.0,1,0,,,,85209129743,2-s2.0-85209129743
0,Wood H.,Dietary differentiation of two co-occurring common bat species (Eptesicus nilssonii and Pipistrellus pygmaeus),2025,Wildlife Biology,,https://www.scopus.com/inward/record.uri?partnerID=HzOxMe3b&scp=105016472515&origin=inward,https://www.scopus.com/inward/citedby.uri?partnerID=HzOxMe3b&scp=105016472515&origin=inward,,2026-04-12 18:33:30,Article,10.1002/wlb3.01436,09096396,https://api.elsevier.com/content/abstract/scopus_id/105016472515,,,,,,0,0.0,1,0,,,,105016472515,2-s2.0-105016472515
0,McInerney P.J.,Old methane fuels modern river food web,2025,Functional Ecology,,https://www.scopus.com/inward/record.uri?partnerID=HzOxMe3b&scp=105004203095&origin=inward,https://www.scopus.com/inward/citedby.uri?partnerID=HzOxMe3b&scp=105004203095&origin=inward,,2026-04-12 18:33:30,Article,10.1111/1365-2435.70067,02698463,https://api.elsevier.com/content/abstract/scopus_id/105004203095,39,7,,,,0,0.0,1,0,,,,105004203095,2-s2.0-105004203095
1,Uchida N.,Application of Environmental DNA-Based Assessment for Upstream–Downstream Comparison of River Macroinvertebrates in a Metal-Contaminated River,2025,Environmental DNA,,https://www.scopus.com/inward/record.uri?partnerID=HzOxMe3b&scp=105018604957&origin=inward,https://www.scopus.com/inward/citedby.uri?partnerID=HzOxMe3b&scp=105018604957&origin=inward,,2026-04-12 18:33:30,Article,10.1002/edn3.70200,,https://api.elsevier.com/content/abstract/scopus_id/105018604957,7,5,,,,1,1.0,1,0,,,,105018604957,2-s2.0-105018604957
0,Zhang W.,Intelligent optimization based prestack inversion method for high resolution estimation of elastic parameters,2025,Scientific Reports,,https://www.scopus.com/inward/record.uri?partnerID=HzOxMe3b&scp=105019787294&origin=inward,https://www.scopus.com/inward/citedby.uri?partnerID=HzOxMe3b&scp=105019787294&origin=inward,,2026-04-12 18:33:30,Article,10.1038/s41598-025-21265-2,,https://api.elsevier.com/content/abstract/scopus_id/105019787294,15,1,,,,0,0.0,1,0,,,,105019787294,2-s2.0-105019787294
0,Egri Á.,Spectral sensitivity and temporal resolution of the sexually dimorphic compound eyes of Electrogena lateralis,2025,Scientific Reports,,https://www.scopus.com/inward/record.uri?partnerID=HzOxMe3b&scp=105013325929&origin=inward,https://www.scopus.com/inward/citedby.uri?partnerID=HzOxMe3b&scp=105013325929&origin=inward,,2026-04-12 18:33:30,Article,10.1038/s41598-025-14294-4,,https://api.elsevier.com/content/abstract/scopus_id/105013325929,15,1,,,,0,0.0,1,0,,,,105013325929,2-s2.0-105013325929
0,Fu S.,ONLINE MEASUREMENT METHOD FOR TRACTOR DRIVE WHEEL SLIP RATIO BASED ON IMA-PKF,2025,Inmateh Agricultural Engineering,,https://www.scopus.com/inward/record.uri?partnerID=HzOxMe3b&scp=105025120790&origin=inward,https://www.scopus.com/inward/citedby.uri?partnerID=HzOxMe3b&scp=105025120790&origin=inward,,2026-04-12 18:33:30,Article,10.35633/inmateh-77-13,20684215,https://api.elsevier.com/content/abstract/scopus_id/105025120790,77,3,,,,0,0.0,1,0,,,,105025120790,2-s2.0-105025120790
2,El Mrabet A.,"Inverse Kinematics Optimization Using ACO, MOA, SPOA, and ALO: A Benchmark Study on Industrial Robot Arms",2025,Journal of Robotics and Control Jrc,,https://www.scopus.com/inward/record.uri?partnerID=HzOxMe3b&scp=105014279774&origin=inward,https://www.scopus.com/inward/citedby.uri?partnerID=HzOxMe3b&scp=105014279774&origin=inward,,2026-04-12 18:33:30,Article,10.18196/jrc.v6i4.26809,27155056,https://api.elsevier.com/content/abstract/scopus_id/105014279774,6,4,,,,2,2.0,1,0,,,,105014279774,2-s2.0-105014279774
0,Clapp M.K.,Crossing boundaries: Introduced trout alter the bird community in a naturally fishless headwaters ecosystem,2025,Ecosphere,,https://www.scopus.com/inward/record.uri?partnerID=HzOxMe3b&scp=105015169735&origin=inward,https://www.scopus.com/inward/citedby.uri?partnerID=HzOxMe3b&scp=105015169735&origin=inward,,2026-04-12 18:33:30,Article,10.1002/ecs2.70389,,https://api.elsevier.com/content/abstract/scopus_id/105015169735,16,9,,,,0,0.0,1,0,,,,105015169735,2-s2.0-105015169735
2,Al-Arbo A.A.,New Meta-Heuristic Computer-Oriented Algorithms to Solve Unconstrained Optimization Problems,2025,Mathematical Modelling of Engineering Problems,,https://www.scopus.com/inward/record.uri?partnerID=HzOxMe3b&scp=105002662683&origin=inward,https://www.scopus.com/inward/citedby.uri?partnerID=HzOxMe3b&scp=105002662683&origin=inward,,2026-04-12 18:33:30,Article,10.18280/MMEP.120335,23690739,https://api.elsevier.com/content/abstract/scopus_id/105002662683,12,3,,,,2,2.0,1,0,,,,105002662683,2-s2.0-105002662683
2,Muduli U.R.,Enhancing Hydrogen Production in Hybrid Standalone Microgrids,2025,Conference Proceedings IEEE Applied Power Electronics Conference and Exposition APEC,,https://www.scopus.com/inward/record.uri?partnerID=HzOxMe3b&scp=105004820619&origin=inward,https://www.scopus.com/inward/citedby.uri?partnerID=HzOxMe3b&scp=105004820619&origin=inward,,2026-04-12 18:33:30,Conference Paper,10.1109/APEC48143.2025.10977161,10482334,https://api.elsevier.com/content/abstract/scopus_id/105004820619,,,,,,2,2.0,1,0,,,,105004820619,2-s2.0-105004820619
0,Belkaid R.,Improvement of DSIM control using fuzzy third-order sliding mode approach optimized by MOA,2025,International Journal of Power Electronics and Drive Systems,,https://www.scopus.com/inward/record.uri?partnerID=HzOxMe3b&scp=105025405374&origin=inward,https://www.scopus.com/inward/citedby.uri?partnerID=HzOxMe3b&scp=105025405374&origin=inward,,2026-04-12 18:33:30,Article,10.11591/ijpeds.v16.i4.pp2321-2331,20888694,https://api.elsevier.com/content/abstract/scopus_id/105025405374,16,4,,,,0,0.0,1,0,,,,105025405374,2-s2.0-105025405374
0,Pozdeev I.V.,Comparative Analysis of Structure in Benthic Invertebrates Communities of the Upper (Riverine) Parts of Reservoirs in the Kama River Cascade,2025,Inland Water Biology,,https://www.scopus.com/inward/record.uri?partnerID=HzOxMe3b&scp=105008247106&origin=inward,https://www.scopus.com/inward/citedby.uri?partnerID=HzOxMe3b&scp=105008247106&origin=inward,,2026-04-12 18:33:30,Article,10.1134/S1995082924600984,19950829,https://api.elsevier.com/content/abstract/scopus_id/105008247106,18,1,,,,0,0.0,1,0,,,,105008247106,2-s2.0-105008247106
0,Lluge N.,"Review of Indialis Peters & Edmunds 1970 (Ephemeroptera, Leptophlebiidae)",2025,Zootaxa,,https://www.scopus.com/inward/record.uri?partnerID=HzOxMe3b&scp=86000171763&origin=inward,https://www.scopus.com/inward/citedby.uri?partnerID=HzOxMe3b&scp=86000171763&origin=inward,,2026-04-12 18:33:30,Review,10.11646/zootaxa.5594.3.8,11755326,https://api.elsevier.com/content/abstract/scopus_id/86000171763,5594,3,,,,0,0.0,1,0,,,,86000171763,2-s2.0-86000171763
0,Tripathi S.,Creepy crawlers to the rescue: Insects as bioindicators,2025,Insects as Humans Frenemies from Friends to Foes,,https://www.scopus.com/inward/record.uri?partnerID=HzOxMe3b&scp=86000035640&origin=inward,https://www.scopus.com/inward/citedby.uri?partnerID=HzOxMe3b&scp=86000035640&origin=inward,,2026-04-12 18:33:30,Book Chapter,,,https://api.elsevier.com/content/abstract/scopus_id/86000035640,,,,,,0,0.0,1,0,,,,86000035640,2-s2.0-86000035640
0,Chennam K.K.,Load balancing for cloud computing using optimized cluster based federated learning,2025,Scientific Reports,,https://www.scopus.com/inward/record.uri?partnerID=HzOxMe3b&scp=105022610714&origin=inward,https://www.scopus.com/inward/citedby.uri?partnerID=HzOxMe3b&scp=105022610714&origin=inward,,2026-04-12 18:33:30,Article,10.1038/s41598-025-25220-z,,https://api.elsevier.com/content/abstract/scopus_id/105022610714,15,1,,,,0,0.0,1,0,,,,105022610714,2-s2.0-105022610714
0,Kluge N.J.,"Redescriptions of Choroterpes nigrescens Barnard 1932 and Ch. ndebele Agnew 1962 with notes about egg structure of Choroterpes Eaton 1881, Megaglena Peters & Edmunds 1970 and Klugephlebia Selvakumar et al. 2016 (Ephemeroptera, Leptophlebiidae)",2025,Zootaxa,,https://www.scopus.com/inward/record.uri?partnerID=HzOxMe3b&scp=105019749078&origin=inward,https://www.scopus.com/inward/citedby.uri?partnerID=HzOxMe3b&scp=105019749078&origin=inward,,2026-04-12 18:33:30,Article,10.11646/zootaxa.5711.2.3,11755326,https://api.elsevier.com/content/abstract/scopus_id/105019749078,5711,2,,,,0,0.0,1,0,,,,105019749078,2-s2.0-105019749078
1,Kim J.,Analysis of temporal trends and accumulation potential of cyclic volatile methyl siloxanes in a temperate freshwater lake ecosystem,2025,Science of the Total Environment,,https://www.scopus.com/inward/record.uri?partnerID=HzOxMe3b&scp=105007981596&origin=inward,https://www.scopus.com/inward/citedby.uri?partnerID=HzOxMe3b&scp=105007981596&origin=inward,,2026-04-12 18:33:30,Article,10.1016/j.scitotenv.2025.179871,00489697,https://api.elsevier.com/content/abstract/scopus_id/105007981596,989,,,,,1,1.0,1,0,,,,105007981596,2-s2.0-105007981596
0,Baturina M.A.,Monitoring of Zoobenthos as the Basis of the Food Supply for Fish in the Area of Production Activities of the Sredne-Timan Bauxite Mine,2025,Water Resources,,https://www.scopus.com/inward/record.uri?partnerID=HzOxMe3b&scp=105011283450&origin=inward,https://www.scopus.com/inward/citedby.uri?partnerID=HzOxMe3b&scp=105011283450&origin=inward,,2026-04-12 18:33:30,Article,10.1134/S0097807824604898,00978078,https://api.elsevier.com/content/abstract/scopus_id/105011283450,52,4,,,,0,0.0,1,0,,,,105011283450,2-s2.0-105011283450
0,Rao S.K.,Analyzing the Effect of Gypseous Soil Stabilized with Ground Granulated Blast Furnace Slag by DBN-MFO,2025,International Journal of Pavement Research and Technology,,https://www.scopus.com/inward/record.uri?partnerID=HzOxMe3b&scp=85192363283&origin=inward,https://www.scopus.com/inward/citedby.uri?partnerID=HzOxMe3b&scp=85192363283&origin=inward,,2026-04-12 18:33:30,Article,10.1007/s42947-024-00433-z,19966814,https://api.elsevier.com/content/abstract/scopus_id/85192363283,18,6,,,,0,0.0,1,0,,,,85192363283,2-s2.0-85192363283
0,Mahdi S.M.,Enhancing the Performance of a Servo Hydraulic System with Five Effective Nature-Inspired Optimizations for PID Controllers,2025,Proceedings 2025 7th International Conference on Control Systems Mathematical Modeling Automation and Energy Efficiency Summa 2025,,https://www.scopus.com/inward/record.uri?partnerID=HzOxMe3b&scp=105032500004&origin=inward,https://www.scopus.com/inward/citedby.uri?partnerID=HzOxMe3b&scp=105032500004&origin=inward,,2026-04-12 18:33:30,Conference Paper,10.1109/SUMMA68668.2025.11302281,,https://api.elsevier.com/content/abstract/scopus_id/105032500004,,,,,,0,0.0,1,0,,,,105032500004,2-s2.0-105032500004
1,Kluge N.J.,Two new species of the genus Cheleocloeon Wuillot & Gillies 1993 (Ephemeroptera: Baetidae) from Tanzania and corrections to the generic diagnosis,2025,Zootaxa,,https://www.scopus.com/inward/record.uri?partnerID=HzOxMe3b&scp=105010219498&origin=inward,https://www.scopus.com/inward/citedby.uri?partnerID=HzOxMe3b&scp=105010219498&origin=inward,,2026-04-12 18:33:30,Article,10.11646/zootaxa.5660.3.2,11755326,https://api.elsevier.com/content/abstract/scopus_id/105010219498,5660,3,,,,1,1.0,1,0,,,,105010219498,2-s2.0-105010219498
0,Krishnaveni K.,3DOF-PID Controllers based MOA-SVPWM Associated Five Level Inverter for Improving Power Quality of Microgrid Powered by Renewable Energy Sources,2025,5th IEEE International Conference on Sustainable Energy and Future Electric Transportation Sefet 2025,,https://www.scopus.com/inward/record.uri?partnerID=HzOxMe3b&scp=105030336703&origin=inward,https://www.scopus.com/inward/citedby.uri?partnerID=HzOxMe3b&scp=105030336703&origin=inward,,2026-04-12 18:33:30,Conference Paper,10.1109/SEFET65155.2025.11255234,,https://api.elsevier.com/content/abstract/scopus_id/105030336703,,,,,,0,0.0,1,0,,,,105030336703,2-s2.0-105030336703
1,Srinivasan P.,"Two additional species of Labiobaetis Novikova and Kluge, 1987 (Ephemeroptera, Baetidae) from Tamil Nadu, India",2025,Aquatic Insects,,https://www.scopus.com/inward/record.uri?partnerID=HzOxMe3b&scp=85216684624&origin=inward,https://www.scopus.com/inward/citedby.uri?partnerID=HzOxMe3b&scp=85216684624&origin=inward,,2026-04-12 18:33:30,Article,10.1080/01650424.2024.2443449,01650424,https://api.elsevier.com/content/abstract/scopus_id/85216684624,46,2,,,,1,1.0,1,0,,,,85216684624,2-s2.0-85216684624
0,Tiunova T.M.,EGG STRUCTURE OF SOME REPRESENTATIVES OF THE FAMILY PALINGENIIDAE (INSECTA: EPHEMEROPTERA),2025,Far Eastern Entomologist,,https://www.scopus.com/inward/record.uri?partnerID=HzOxMe3b&scp=105026019064&origin=inward,https://www.scopus.com/inward/citedby.uri?partnerID=HzOxMe3b&scp=105026019064&origin=inward,,2026-04-12 18:33:30,Article,10.25221/fee.536.3,1026051X,https://api.elsevier.com/content/abstract/scopus_id/105026019064,,536,,,,0,0.0,1,0,,,,105026019064,2-s2.0-105026019064
0,Gunasheelan A.,SBRIR: A Strategic Blog Recommendation Framework Using Integrative Learning-Reasoning Paradigm,2025,Lecture Notes in Networks and Systems,,https://www.scopus.com/inward/record.uri?partnerID=HzOxMe3b&scp=105005393416&origin=inward,https://www.scopus.com/inward/citedby.uri?partnerID=HzOxMe3b&scp=105005393416&origin=inward,,2026-04-12 18:33:30,Conference Paper,10.1007/978-3-031-88992-9_1,23673370,https://api.elsevier.com/content/abstract/scopus_id/105005393416,1246 LNNS,,,,,0,0.0,1,0,,,,105005393416,2-s2.0-105005393416
0,Al-Nazzal S.,"Constructing Isoscapes of δ13C, δ15N and δ34S Baselines Within a River System: A Spatial Stream Network Modelling Approach",2025,Freshwater Biology,,https://www.scopus.com/inward/record.uri?partnerID=HzOxMe3b&scp=105024094652&origin=inward,https://www.scopus.com/inward/citedby.uri?partnerID=HzOxMe3b&scp=105024094652&origin=inward,,2026-04-12 18:33:30,Article,10.1111/fwb.70140,00465070,https://api.elsevier.com/content/abstract/scopus_id/105024094652,70,12,,,,0,0.0,1,0,,,,105024094652,2-s2.0-105024094652
0,Hui J.,An Integrated Implementation Framework for Warehouse 4.0 Based on Inbound and Outbound Operations,2025,Mathematics,,https://www.scopus.com/inward/record.uri?partnerID=HzOxMe3b&scp=105011622711&origin=inward,https://www.scopus.com/inward/citedby.uri?partnerID=HzOxMe3b&scp=105011622711&origin=inward,,2026-04-12 18:33:30,Article,10.3390/math13142276,,https://api.elsevier.com/content/abstract/scopus_id/105011622711,13,14,,,,0,0.0,1,0,,,,105011622711,2-s2.0-105011622711
0,Yan J.,Cement kiln co-processing compatibility matching method based on MO-MOA,2025,Jiangsu Daxue Xuebao Ziran Kexue Ban Journal of Jiangsu University Natural Science Edition,,https://www.scopus.com/inward/record.uri?partnerID=HzOxMe3b&scp=105021491585&origin=inward,https://www.scopus.com/inward/citedby.uri?partnerID=HzOxMe3b&scp=105021491585&origin=inward,,2026-04-12 18:33:30,Article,10.3969/j.issn.1671-7775.2025.05.016,16717775,https://api.elsevier.com/content/abstract/scopus_id/105021491585,46,5,,,,0,0.0,1,0,,,,105021491585,2-s2.0-105021491585
0,Karthihadevi M.,Multi-Level Priority-Based Optimized Packet Scheduler in Wireless Sensor Network,2025,IETE Journal of Research,,https://www.scopus.com/inward/record.uri?partnerID=HzOxMe3b&scp=105025448333&origin=inward,https://www.scopus.com/inward/citedby.uri?partnerID=HzOxMe3b&scp=105025448333&origin=inward,,2026-04-12 18:33:30,Article,10.1080/03772063.2025.2603664,03772063,https://api.elsevier.com/content/abstract/scopus_id/105025448333,,,,,,0,0.0,1,0,,,,105025448333,2-s2.0-105025448333
0,Liu F.,Enhancing security protocols for smart homes: intrusion risks control Measures,2025,Intelligent Decision Technologies,,https://www.scopus.com/inward/record.uri?partnerID=HzOxMe3b&scp=105013054373&origin=inward,https://www.scopus.com/inward/citedby.uri?partnerID=HzOxMe3b&scp=105013054373&origin=inward,,2026-04-12 18:33:30,Article,10.1177/18724981241302912,18724981,https://api.elsevier.com/content/abstract/scopus_id/105013054373,19,2,,,,0,0.0,1,0,,,,105013054373,2-s2.0-105013054373
6,Chiranjeevi T.,Impact of HVDC link and electric vehicle on multi-area power system using MOA optimized I-TD2N controller,2025,Results in Engineering,,https://www.scopus.com/inward/record.uri?partnerID=HzOxMe3b&scp=85214562476&origin=inward,https://www.scopus.com/inward/citedby.uri?partnerID=HzOxMe3b&scp=85214562476&origin=inward,,2026-04-12 18:33:30,Article,10.1016/j.rineng.2024.103901,,https://api.elsevier.com/content/abstract/scopus_id/85214562476,25,,,,,6,6.0,1,0,,,,85214562476,2-s2.0-85214562476
0,Dias L.G.,A new species of Tricorythodes Ulmer from Amazon region of Colombia (Ephemeroptera: Leptohyphidae),2025,Papeis Avulsos De Zoologia,,https://www.scopus.com/inward/record.uri?partnerID=HzOxMe3b&scp=105013126942&origin=inward,https://www.scopus.com/inward/citedby.uri?partnerID=HzOxMe3b&scp=105013126942&origin=inward,,2026-04-12 18:33:30,Article,10.11606/1807-0205/2025.65.026,00311049,https://api.elsevier.com/content/abstract/scopus_id/105013126942,65,,,,,0,0.0,1,0,,,,105013126942,2-s2.0-105013126942
1,Bauspiess P.,Riparian and aquatic organisms respond differently to altered hydrology and Bacillus thuringiensis israelensis (Bti) application in floodplain mesocosms,2025,Aquatic Sciences,,https://www.scopus.com/inward/record.uri?partnerID=HzOxMe3b&scp=105011697269&origin=inward,https://www.scopus.com/inward/citedby.uri?partnerID=HzOxMe3b&scp=105011697269&origin=inward,,2026-04-12 18:33:30,Article,10.1007/s00027-025-01214-x,10151621,https://api.elsevier.com/content/abstract/scopus_id/105011697269,87,4,,,,1,1.0,1,0,,,,105011697269,2-s2.0-105011697269
8,Eltaly R.I.,Phototoxicity of eosin yellow lactone and phloxine B photosensitizers against mosquito larvae and their associated predators,2025,Saudi Journal of Biological Sciences,,https://www.scopus.com/inward/record.uri?partnerID=HzOxMe3b&scp=85124913830&origin=inward,https://www.scopus.com/inward/citedby.uri?partnerID=HzOxMe3b&scp=85124913830&origin=inward,,2026-04-12 18:33:30,Article,10.1016/j.sjbs.2022.01.042,1319562X,https://api.elsevier.com/content/abstract/scopus_id/85124913830,32,,,,,8,8.0,1,0,,,,85124913830,2-s2.0-85124913830
0,Amaral I.F.,"Cloeodes tovauna: a new species previously identified as Cloeodes aymore Massariol & Salles, 2011 (Ephemeroptera: Baetidae)",2025,Zootaxa,,https://www.scopus.com/inward/record.uri?partnerID=HzOxMe3b&scp=86000109483&origin=inward,https://www.scopus.com/inward/citedby.uri?partnerID=HzOxMe3b&scp=86000109483&origin=inward,,2026-04-12 18:33:30,Article,10.11646/zootaxa.5594.2.7,11755326,https://api.elsevier.com/content/abstract/scopus_id/86000109483,5594,2,,,,0,0.0,1,0,,,,86000109483,2-s2.0-86000109483
0,Ma Y.,Application of deep reinforcement learning algorithms for automatic threat detection and response in dynamic network environments to improve cybersecurity,2025,Journal of Computational Methods in Sciences and Engineering,,https://www.scopus.com/inward/record.uri?partnerID=HzOxMe3b&scp=105007133069&origin=inward,https://www.scopus.com/inward/citedby.uri?partnerID=HzOxMe3b&scp=105007133069&origin=inward,,2026-04-12 18:33:30,Article,10.1177/14727978241309550,14727978,https://api.elsevier.com/content/abstract/scopus_id/105007133069,25,3,,,,0,0.0,1,0,,,,105007133069,2-s2.0-105007133069
1,Sivaruban T.,"New record of of Baetis (Tenuibaetis) panhai Suttinun, Gattolliat & Boonsoong, 2022 (Ephemeroptera: Baetidae) from the Southern Western Ghats, India",2025,Journal of Entomological Society of Iran,,https://www.scopus.com/inward/record.uri?partnerID=HzOxMe3b&scp=105006558054&origin=inward,https://www.scopus.com/inward/citedby.uri?partnerID=HzOxMe3b&scp=105006558054&origin=inward,,2026-04-12 18:33:30,Article,10.22034/jesi.45.2.8,02599996,https://api.elsevier.com/content/abstract/scopus_id/105006558054,45,2,,,,1,1.0,1,0,,,,105006558054,2-s2.0-105006558054
1,Gama Neto J.D.L.,"A closer look reveals the first records of Campsurus Eaton, 1868 (Ephemeroptera: Polymitarcyidae: Campsurinae) from Maranhão state, Northeast Brazil, including a new species",2025,Anais Da Academia Brasileira De Ciencias,,https://www.scopus.com/inward/record.uri?partnerID=HzOxMe3b&scp=105001691011&origin=inward,https://www.scopus.com/inward/citedby.uri?partnerID=HzOxMe3b&scp=105001691011&origin=inward,,2026-04-12 18:33:30,Article,10.1590/0001-3765202520240967,00013765,https://api.elsevier.com/content/abstract/scopus_id/105001691011,97,2,,,,1,1.0,1,0,,,,105001691011,2-s2.0-105001691011
0,Daif N.,"Hybridization of Artificial Neural Networks with Artificial Rabbits Optimization for Improving Monthly Streamflow Forecasting: A Case Study of the Soummam Watershed, Algeria",2025,Russian Meteorology and Hydrology,,https://www.scopus.com/inward/record.uri?partnerID=HzOxMe3b&scp=105007070283&origin=inward,https://www.scopus.com/inward/citedby.uri?partnerID=HzOxMe3b&scp=105007070283&origin=inward,,2026-04-12 18:33:30,Article,10.3103/S1068373924600041,10683739,https://api.elsevier.com/content/abstract/scopus_id/105007070283,50,3,,,,0,0.0,1,0,,,,105007070283,2-s2.0-105007070283
0,Mu P.,"Two new species of Baetis s. l. (Ephemeroptera, Baetidae) from Yintiaoling Nature Reserve of Chongqing, China",2025,Zootaxa,,https://www.scopus.com/inward/record.uri?partnerID=HzOxMe3b&scp=105008885201&origin=inward,https://www.scopus.com/inward/citedby.uri?partnerID=HzOxMe3b&scp=105008885201&origin=inward,,2026-04-12 18:33:30,Article,10.11646/zootaxa.5652.1.18,11755326,https://api.elsevier.com/content/abstract/scopus_id/105008885201,5652,1,,,,0,0.0,1,0,,,,105008885201,2-s2.0-105008885201
0,Goncharov A.V.,Characteristics of Benthic Biocenoses of Rivers in Diverse Landscapes of the Upper Volga Basin,2025,Inland Water Biology,,https://www.scopus.com/inward/record.uri?partnerID=HzOxMe3b&scp=105008249153&origin=inward,https://www.scopus.com/inward/citedby.uri?partnerID=HzOxMe3b&scp=105008249153&origin=inward,,2026-04-12 18:33:30,Article,10.1134/S1995082924601011,19950829,https://api.elsevier.com/content/abstract/scopus_id/105008249153,18,1,,,,0,0.0,1,0,,,,105008249153,2-s2.0-105008249153
3,Mebane C.A.,Bioaccumulation and trophic transfer of selenium in a large oligotrophic river,2025,Environmental Toxicology and Chemistry,,https://www.scopus.com/inward/record.uri?partnerID=HzOxMe3b&scp=105017633758&origin=inward,https://www.scopus.com/inward/citedby.uri?partnerID=HzOxMe3b&scp=105017633758&origin=inward,,2026-04-12 18:33:30,Article,10.1093/etojnl/vgaf149,07307268,https://api.elsevier.com/content/abstract/scopus_id/105017633758,44,10,,,,3,3.0,1,0,,,,105017633758,2-s2.0-105017633758
1,Vasanth M.,"Three new species of the subgenus Tenuibaetis Kang & Yang, 1994 (Ephemeroptera: Baetidae) from India",2025,Zootaxa,,https://www.scopus.com/inward/record.uri?partnerID=HzOxMe3b&scp=105011194543&origin=inward,https://www.scopus.com/inward/citedby.uri?partnerID=HzOxMe3b&scp=105011194543&origin=inward,,2026-04-12 18:33:30,Article,10.11646/zootaxa.5665.3.4,11755326,https://api.elsevier.com/content/abstract/scopus_id/105011194543,5665,3,,,,1,1.0,1,0,,,,105011194543,2-s2.0-105011194543
3,Prabakar D.,Classification of intrusion using Multi-Stream Generative Adversarial Networks in Wireless Sensor Networks,2025,Peer to Peer Networking and Applications,,https://www.scopus.com/inward/record.uri?partnerID=HzOxMe3b&scp=85217642195&origin=inward,https://www.scopus.com/inward/citedby.uri?partnerID=HzOxMe3b&scp=85217642195&origin=inward,,2026-04-12 18:33:30,Article,10.1007/s12083-024-01846-0,19366442,https://api.elsevier.com/content/abstract/scopus_id/85217642195,18,2,,,,3,3.0,1,0,,,,85217642195,2-s2.0-85217642195
1,Huang W.,Predicting brain tumor presence using machine learning models,2025,Multiscale and Multidisciplinary Modeling Experiments and Design,,https://www.scopus.com/inward/record.uri?partnerID=HzOxMe3b&scp=85209554560&origin=inward,https://www.scopus.com/inward/citedby.uri?partnerID=HzOxMe3b&scp=85209554560&origin=inward,,2026-04-12 18:33:30,Article,10.1007/s41939-024-00663-5,25208160,https://api.elsevier.com/content/abstract/scopus_id/85209554560,8,1,,,,1,1.0,1,0,,,,85209554560,2-s2.0-85209554560
0,Pillay K.,"Dietary Differentiation Between Sympatric Ecotypes of Astatotilapia calliptera From Lake Masoko (Kisiba), Tanzania Revealed by Metabarcoding",2025,Environmental DNA,,https://www.scopus.com/inward/record.uri?partnerID=HzOxMe3b&scp=105011871766&origin=inward,https://www.scopus.com/inward/citedby.uri?partnerID=HzOxMe3b&scp=105011871766&origin=inward,,2026-04-12 18:33:30,Article,10.1002/edn3.70146,,https://api.elsevier.com/content/abstract/scopus_id/105011871766,7,4,,,,0,0.0,1,0,,,,105011871766,2-s2.0-105011871766
1,Lizárraga E.,Hybridization of the Mayfly and Roach Infestation Optimization Collective Intelligence Algorithms with Fuzzy System-Based Parameter Adaptation,2025,Studies in Computational Intelligence,,https://www.scopus.com/inward/record.uri?partnerID=HzOxMe3b&scp=105008233669&origin=inward,https://www.scopus.com/inward/citedby.uri?partnerID=HzOxMe3b&scp=105008233669&origin=inward,,2026-04-12 18:33:30,Book Chapter,10.1007/978-3-031-88279-1_13,1860949X,https://api.elsevier.com/content/abstract/scopus_id/105008233669,1204,,,,,1,1.0,1,0,,,,105008233669,2-s2.0-105008233669
4,Panjwani B.,A novel cascade control of PEMFC: Regulation of stack voltage and air breathing subsystem,2025,International Journal of Hydrogen Energy,,https://www.scopus.com/inward/record.uri?partnerID=HzOxMe3b&scp=85215245600&origin=inward,https://www.scopus.com/inward/citedby.uri?partnerID=HzOxMe3b&scp=85215245600&origin=inward,,2026-04-12 18:33:30,Article,10.1016/j.ijhydene.2025.01.071,03603199,https://api.elsevier.com/content/abstract/scopus_id/85215245600,102,,,,,4,4.0,1,0,,,,85215245600,2-s2.0-85215245600
0,Zhang X.,Spatial-temporal fusion short-term traffic flow prediction model based on mode decomposition algorithm,2025,Cluster Computing,,https://www.scopus.com/inward/record.uri?partnerID=HzOxMe3b&scp=105016778941&origin=inward,https://www.scopus.com/inward/citedby.uri?partnerID=HzOxMe3b&scp=105016778941&origin=inward,,2026-04-12 18:33:30,Article,10.1007/s10586-025-05614-4,13867857,https://api.elsevier.com/content/abstract/scopus_id/105016778941,28,13,,,,0,0.0,1,0,,,,105016778941,2-s2.0-105016778941
4,Murali T.,A Hybrid Algorithm-Based Comparative Analysis of a Newly Designed Tool Holder During the Machining of Hastelloy-B3 with MQL,2025,Arabian Journal for Science and Engineering,,https://www.scopus.com/inward/record.uri?partnerID=HzOxMe3b&scp=85196749113&origin=inward,https://www.scopus.com/inward/citedby.uri?partnerID=HzOxMe3b&scp=85196749113&origin=inward,,2026-04-12 18:33:30,Article,10.1007/s13369-024-09218-9,2193567X,https://api.elsevier.com/content/abstract/scopus_id/85196749113,50,4,,,,4,4.0,1,0,,,,85196749113,2-s2.0-85196749113
2,Lu F.,A novel storage location allocation strategy for intelligent E-commerce warehouse with new products,2025,International Journal of Systems Science Operations and Logistics,,https://www.scopus.com/inward/record.uri?partnerID=HzOxMe3b&scp=105017930063&origin=inward,https://www.scopus.com/inward/citedby.uri?partnerID=HzOxMe3b&scp=105017930063&origin=inward,,2026-04-12 18:33:30,Article,10.1080/23302674.2025.2549438,23302674,https://api.elsevier.com/content/abstract/scopus_id/105017930063,12,1,,,,2,2.0,1,0,,,,105017930063,2-s2.0-105017930063
1,Cheng M.,Optimal Sizing and Placement of Electric Vehicle Charging Stations Based on MOMA Algorithm,2025,7th Asia Energy and Electrical Engineering Symposium Aeees 2025,,https://www.scopus.com/inward/record.uri?partnerID=HzOxMe3b&scp=105009141113&origin=inward,https://www.scopus.com/inward/citedby.uri?partnerID=HzOxMe3b&scp=105009141113&origin=inward,,2026-04-12 18:33:30,Conference Paper,10.1109/AEEES64634.2025.11019024,,https://api.elsevier.com/content/abstract/scopus_id/105009141113,,,,,,1,1.0,1,0,,,,105009141113,2-s2.0-105009141113
0,Muthukatturaja M.,"A new species of Choroterpes Eaton, 1881 (Ephemeroptera: Leptophlebiidae) from the River Cauvery, Karnataka, India",2025,Zootaxa,,https://www.scopus.com/inward/record.uri?partnerID=HzOxMe3b&scp=105000305172&origin=inward,https://www.scopus.com/inward/citedby.uri?partnerID=HzOxMe3b&scp=105000305172&origin=inward,,2026-04-12 18:33:30,Article,10.11646/zootaxa.5609.2.1,11755326,https://api.elsevier.com/content/abstract/scopus_id/105000305172,5609,2,,,,0,0.0,1,0,,,,105000305172,2-s2.0-105000305172
1,Salles F.F.,"A review of Paramaka Savage & Peters, 1992 (Ephemeroptera: Leptophlebiidae), with the description of two new species",2025,Zootaxa,,https://www.scopus.com/inward/record.uri?partnerID=HzOxMe3b&scp=85218972973&origin=inward,https://www.scopus.com/inward/citedby.uri?partnerID=HzOxMe3b&scp=85218972973&origin=inward,,2026-04-12 18:33:30,Article,10.11646/zootaxa.5590.3.6,11755326,https://api.elsevier.com/content/abstract/scopus_id/85218972973,5590,3,,,,1,1.0,1,0,,,,85218972973,2-s2.0-85218972973
0,Wang N.,"First record of the adult of Cymbalcloeon confirming its position in Baetidae (Insecta, Ephemeroptera)",2025,Biodiversity Data Journal,,https://www.scopus.com/inward/record.uri?partnerID=HzOxMe3b&scp=105027408018&origin=inward,https://www.scopus.com/inward/citedby.uri?partnerID=HzOxMe3b&scp=105027408018&origin=inward,,2026-04-12 18:33:30,Article,10.3897/BDJ.13.e178464,13142836,https://api.elsevier.com/content/abstract/scopus_id/105027408018,13,,,,,0,0.0,1,0,,,,105027408018,2-s2.0-105027408018
0,Wang N.,"First record of the adult of Cymbalcloeon confirming its position in Baetidae (Insecta, Ephemeroptera)",2025,Biodiversity Data Journal,,https://www.scopus.com/inward/record.uri?partnerID=HzOxMe3b&scp=105027408018&origin=inward,https://www.scopus.com/inward/citedby.uri?partnerID=HzOxMe3b&scp=105027408018&origin=inward,,2026-04-12 18:33:30,Article,10.3897/BDJ.13.e178464,13142836,https://api.elsevier.com/content/abstract/scopus_id/105027408018,13,,,,,0,0.0,1,0,,,,105027408018,2-s2.0-105027408018
24,Macher T.H.,Fit for purpose? Evaluating benthic invertebrate DNA metabarcoding for ecological status class assessment in streams under the Water Framework Directive,2025,Water Research,,https://www.scopus.com/inward/record.uri?partnerID=HzOxMe3b&scp=85212570560&origin=inward,https://www.scopus.com/inward/citedby.uri?partnerID=HzOxMe3b&scp=85212570560&origin=inward,,2026-04-12 18:33:30,Article,10.1016/j.watres.2024.122987,00431354,https://api.elsevier.com/content/abstract/scopus_id/85212570560,272,,,,,24,24.0,1,0,,,,85212570560,2-s2.0-85212570560
0,Wang D.,A new Chinese Ephemera species (Ephemeroptera: Ephemeridae) from a small muddy canal,2025,Journal of Insect Biodiversity,,https://www.scopus.com/inward/record.uri?partnerID=HzOxMe3b&scp=105016506138&origin=inward,https://www.scopus.com/inward/citedby.uri?partnerID=HzOxMe3b&scp=105016506138&origin=inward,,2026-04-12 18:33:30,Article,10.12976/jib/2025.68.1.2,25381318,https://api.elsevier.com/content/abstract/scopus_id/105016506138,68,1,,,,0,0.0,1,0,,,,105016506138,2-s2.0-105016506138
1,Kaltenbach T.,"New species of Labiobaetis Novikova & Kluge from Thailand (Ephemeroptera, Baetidae)",2025,Zookeys,,https://www.scopus.com/inward/record.uri?partnerID=HzOxMe3b&scp=105024572819&origin=inward,https://www.scopus.com/inward/citedby.uri?partnerID=HzOxMe3b&scp=105024572819&origin=inward,,2026-04-12 18:33:30,Article,10.3897/zookeys.1258.166681,13132989,https://api.elsevier.com/content/abstract/scopus_id/105024572819,,1258,,,,1,1.0,1,0,,,,105024572819,2-s2.0-105024572819
0,Ma Z.,An integrative investigation reveals one new oriental species of Epeorus (Belovius) from China (Ephemeroptera: Heptageniidae),2025,Insect Systematics and Evolution,,https://www.scopus.com/inward/record.uri?partnerID=HzOxMe3b&scp=105005765936&origin=inward,https://www.scopus.com/inward/citedby.uri?partnerID=HzOxMe3b&scp=105005765936&origin=inward,,2026-04-12 18:33:30,Article,10.1163/1876312X-bja10075,1399560X,https://api.elsevier.com/content/abstract/scopus_id/105005765936,56,3,,,,0,0.0,1,0,,,,105005765936,2-s2.0-105005765936
2,Stark J.S.,Temporal monitoring of genetic diversity in aquatic insects: a pilot study in the Bavarian Forest National Park,2025,Zookeys,,https://www.scopus.com/inward/record.uri?partnerID=HzOxMe3b&scp=105024226846&origin=inward,https://www.scopus.com/inward/citedby.uri?partnerID=HzOxMe3b&scp=105024226846&origin=inward,,2026-04-12 18:33:30,Article,10.3897/zookeys.1263.147797,13132989,https://api.elsevier.com/content/abstract/scopus_id/105024226846,,1263,,,,2,2.0,1,0,,,,105024226846,2-s2.0-105024226846
0,Abed W.N.A.D.,Modern Meta-Heuristic Algorithms for Solving Combined Economic and Emission Dispatch,2025,Iraqi Journal for Electrical and Electronic Engineering,,https://www.scopus.com/inward/record.uri?partnerID=HzOxMe3b&scp=105026410423&origin=inward,https://www.scopus.com/inward/citedby.uri?partnerID=HzOxMe3b&scp=105026410423&origin=inward,,2026-04-12 18:33:30,Article,10.37917/ijeee.21.2.8,18145892,https://api.elsevier.com/content/abstract/scopus_id/105026410423,21,2,,,,0,0.0,1,0,,,,105026410423,2-s2.0-105026410423
0,CHOPADE P.B.,RETINOPATHY DISEASE DETECTION AND CLASSIFICATION USING COORDINATE ATTENTION MODULE BASED CONVOLUTIONAL NEURAL NETWORK WITH LEAKY RECTIFIED LINEAR UNIT,2025,Iium Engineering Journal,,https://www.scopus.com/inward/record.uri?partnerID=HzOxMe3b&scp=85216431498&origin=inward,https://www.scopus.com/inward/citedby.uri?partnerID=HzOxMe3b&scp=85216431498&origin=inward,,2026-04-12 18:33:30,Article,10.31436/IIUMEJ.V26I1.3194,1511788X,https://api.elsevier.com/content/abstract/scopus_id/85216431498,26,1,,,,0,0.0,1,0,,,,85216431498,2-s2.0-85216431498
0,Harcombe E.B.,"Freshwater Macroinvertebrate Community Responses to Drying Reflect Abiotic Stress, Frequency of Prior Drying and Proximity to a Perennial Reach",2025,Freshwater Biology,,https://www.scopus.com/inward/record.uri?partnerID=HzOxMe3b&scp=105002067291&origin=inward,https://www.scopus.com/inward/citedby.uri?partnerID=HzOxMe3b&scp=105002067291&origin=inward,,2026-04-12 18:33:30,Article,10.1111/fwb.70032,00465070,https://api.elsevier.com/content/abstract/scopus_id/105002067291,70,4,,,,0,0.0,1,0,,,,105002067291,2-s2.0-105002067291
0,Alvim J.,"From Tepuis to the Atlantic: A new Spiritiops Lugo-Ortiz & McCafferty, 1998 (Ephemeroptera: Baetidae) species emerges in Southeastern Brazil",2025,Biologia,,https://www.scopus.com/inward/record.uri?partnerID=HzOxMe3b&scp=105023195038&origin=inward,https://www.scopus.com/inward/citedby.uri?partnerID=HzOxMe3b&scp=105023195038&origin=inward,,2026-04-12 18:33:30,Article,10.1007/s11756-025-02058-4,00063088,https://api.elsevier.com/content/abstract/scopus_id/105023195038,80,12,,,,0,0.0,1,0,,,,105023195038,2-s2.0-105023195038
0,Shamu P.,Weather prediction based on wireless sensor network and internet of things with analysis using hybrid SSOA with MA,2025,International Journal of Mobile Communications,,https://www.scopus.com/inward/record.uri?partnerID=HzOxMe3b&scp=105011707519&origin=inward,https://www.scopus.com/inward/citedby.uri?partnerID=HzOxMe3b&scp=105011707519&origin=inward,,2026-04-12 18:33:30,Article,10.1504/IJMC.2025.147614,1470949X,https://api.elsevier.com/content/abstract/scopus_id/105011707519,26,1,,,,0,0.0,1,0,,,,105011707519,2-s2.0-105011707519
2,Auychinda C.,"A new species of Cincticostella Allen, 1971 (Ephemeroptera: Ephemerellidae) from Thailand",2025,Aquatic Insects,,https://www.scopus.com/inward/record.uri?partnerID=HzOxMe3b&scp=105008321447&origin=inward,https://www.scopus.com/inward/citedby.uri?partnerID=HzOxMe3b&scp=105008321447&origin=inward,,2026-04-12 18:33:30,Article,10.1080/01650424.2025.2492586,01650424,https://api.elsevier.com/content/abstract/scopus_id/105008321447,,,,,,2,2.0,1,0,,,,105008321447,2-s2.0-105008321447
0,Moriondo M.,"Patterns and surrogates of EPT taxa (Ephemeroptera, Plecoptera, Trichoptera) in glacier-fed streams: insights from Western Italian Alps",2025,Aquatic Insects,,https://www.scopus.com/inward/record.uri?partnerID=HzOxMe3b&scp=105010415732&origin=inward,https://www.scopus.com/inward/citedby.uri?partnerID=HzOxMe3b&scp=105010415732&origin=inward,,2026-04-12 18:33:30,Article,10.1080/01650424.2025.2525220,01650424,https://api.elsevier.com/content/abstract/scopus_id/105010415732,,,,,,0,0.0,1,0,,,,105010415732,2-s2.0-105010415732
12,Abuassi M.,Machine learning-based assessment of seismic performance in fiber-reinforced polymer (FRP) retrofitted bridges,2025,Asian Journal of Civil Engineering,,https://www.scopus.com/inward/record.uri?partnerID=HzOxMe3b&scp=105001081718&origin=inward,https://www.scopus.com/inward/citedby.uri?partnerID=HzOxMe3b&scp=105001081718&origin=inward,,2026-04-12 18:33:30,Review,10.1007/s42107-024-01217-3,15630854,https://api.elsevier.com/content/abstract/scopus_id/105001081718,26,3,,,,12,12.0,1,0,,,,105001081718,2-s2.0-105001081718
0,Nahar N.,Effects of the herbicide metazachlor on locomotor activity and biochemical responses of Ephemera danica larvae,2025,Environmental Sciences Europe,,https://www.scopus.com/inward/record.uri?partnerID=HzOxMe3b&scp=105018716854&origin=inward,https://www.scopus.com/inward/citedby.uri?partnerID=HzOxMe3b&scp=105018716854&origin=inward,,2026-04-12 18:33:30,Article,10.1186/s12302-025-01207-5,21904707,https://api.elsevier.com/content/abstract/scopus_id/105018716854,37,1,,,,0,0.0,1,0,,,,105018716854,2-s2.0-105018716854
0,Munusamy A.,Dermoscopy Image-Based Benign/Melanoma Skin Cancer Detection with EfficientNet,2025,Lecture Notes in Networks and Systems,,https://www.scopus.com/inward/record.uri?partnerID=HzOxMe3b&scp=105015747515&origin=inward,https://www.scopus.com/inward/citedby.uri?partnerID=HzOxMe3b&scp=105015747515&origin=inward,,2026-04-12 18:33:30,Conference Paper,10.1007/978-981-96-5214-3_16,23673370,https://api.elsevier.com/content/abstract/scopus_id/105015747515,1362 LNNS,,,,,0,0.0,1,0,,,,105015747515,2-s2.0-105015747515
3,Li Y.,An intelligent scheduling model for achieving green automotive outbound logistics,2025,Journal of Cleaner Production,,https://www.scopus.com/inward/record.uri?partnerID=HzOxMe3b&scp=85216500558&origin=inward,https://www.scopus.com/inward/citedby.uri?partnerID=HzOxMe3b&scp=85216500558&origin=inward,,2026-04-12 18:33:30,Article,10.1016/j.jclepro.2025.144874,09596526,https://api.elsevier.com/content/abstract/scopus_id/85216500558,492,,,,,3,3.0,1,0,,,,85216500558,2-s2.0-85216500558
1,Chen Z.T.,New species and new synonym of the family Pseudironidae (Insecta: Ephemeroptera) from mid-Cretaceous Kachin amber,2025,Journal of Insect Biodiversity,,https://www.scopus.com/inward/record.uri?partnerID=HzOxMe3b&scp=105027984930&origin=inward,https://www.scopus.com/inward/citedby.uri?partnerID=HzOxMe3b&scp=105027984930&origin=inward,,2026-04-12 18:33:30,Article,10.12976/jib/2025.73.2.1,25381318,https://api.elsevier.com/content/abstract/scopus_id/105027984930,73,2,,,,1,1.0,1,0,,,,105027984930,2-s2.0-105027984930
0,Amaral I.F.,Expanding the Knowledge ofAmericabaetis Kluge 1992 (Ephemeroptera: Baetidae): Description of three New Species and Supplementary Description of Americabaetis labiosus Lugo-Ortiz and McCafferty 1996,2025,Neotropical Entomology,,https://www.scopus.com/inward/record.uri?partnerID=HzOxMe3b&scp=105016908912&origin=inward,https://www.scopus.com/inward/citedby.uri?partnerID=HzOxMe3b&scp=105016908912&origin=inward,,2026-04-12 18:33:30,Article,10.1007/s13744-025-01302-5,1519566X,https://api.elsevier.com/content/abstract/scopus_id/105016908912,54,1,,,,0,0.0,1,0,,,,105016908912,2-s2.0-105016908912
1,Tatiparti B.,GNN-DQL-Based Chronic Kidney Disease Classification Using GFR in the Internet of Medical Things Environment,2025,International Arab Journal of Information Technology,,https://www.scopus.com/inward/record.uri?partnerID=HzOxMe3b&scp=105005884702&origin=inward,https://www.scopus.com/inward/citedby.uri?partnerID=HzOxMe3b&scp=105005884702&origin=inward,,2026-04-12 18:33:30,Article,10.34028/iajit/22/3/11,16833198,https://api.elsevier.com/content/abstract/scopus_id/105005884702,22,3,,,,1,1.0,1,0,,,,105005884702,2-s2.0-105005884702
0,Rohith R.,Unveiling the Potential of Machine Learning and Explainable AI for Enhanced Diabetes Prediction: An Extensive Exploration,2025,2025 International Conference on Computing Technologies Icoct 2025,,https://www.scopus.com/inward/record.uri?partnerID=HzOxMe3b&scp=105016312344&origin=inward,https://www.scopus.com/inward/citedby.uri?partnerID=HzOxMe3b&scp=105016312344&origin=inward,,2026-04-12 18:33:30,Conference Paper,10.1109/ICOCT64433.2025.11118430,,https://api.elsevier.com/content/abstract/scopus_id/105016312344,,,,,,0,0.0,1,0,,,,105016312344,2-s2.0-105016312344
0,Emelianov V.,TWO METAPHORS FROM THE EPIC OF GILGAMESH,2025,Zbornik Matice Srpske Za Slavistiku,,https://www.scopus.com/inward/record.uri?partnerID=HzOxMe3b&scp=105011248795&origin=inward,https://www.scopus.com/inward/citedby.uri?partnerID=HzOxMe3b&scp=105011248795&origin=inward,,2026-04-12 18:33:30,Article,10.18485/ms_zmss.2025.107.8,03525007,https://api.elsevier.com/content/abstract/scopus_id/105011248795,107,,,,,0,0.0,1,0,,,,105011248795,2-s2.0-105011248795
2,Sun L.,Optimal Planning of EVCS Integrated with BESS via Multi-Objective Thermal Exchange Optimization,2025,2025 IEEE 3rd International Conference on Power Science and Technology Icpst 2025,,https://www.scopus.com/inward/record.uri?partnerID=HzOxMe3b&scp=105013615945&origin=inward,https://www.scopus.com/inward/citedby.uri?partnerID=HzOxMe3b&scp=105013615945&origin=inward,,2026-04-12 18:33:30,Conference Paper,10.1109/ICPST65050.2025.11089327,,https://api.elsevier.com/content/abstract/scopus_id/105013615945,,,,,,2,2.0,1,0,,,,105013615945,2-s2.0-105013615945
13,Okonkwo P.C.,Techno-economic optimization of renewable hydrogen infrastructure via AI-based dynamic pricing,2025,Scientific Reports,,https://www.scopus.com/inward/record.uri?partnerID=HzOxMe3b&scp=105014207273&origin=inward,https://www.scopus.com/inward/citedby.uri?partnerID=HzOxMe3b&scp=105014207273&origin=inward,,2026-04-12 18:33:30,Article,10.1038/s41598-025-17506-z,,https://api.elsevier.com/content/abstract/scopus_id/105014207273,15,1,,,,13,13.0,1,0,,,,105014207273,2-s2.0-105014207273
1,Gong D.W.,"Review of the genus Isca (Ephemeroptera, Leptophlebiidae) from China with a new species and a new species record",2025,Zookeys,,https://www.scopus.com/inward/record.uri?partnerID=HzOxMe3b&scp=105003542881&origin=inward,https://www.scopus.com/inward/citedby.uri?partnerID=HzOxMe3b&scp=105003542881&origin=inward,,2026-04-12 18:33:30,Article,10.3897/zookeys.1234.140905,13132989,https://api.elsevier.com/content/abstract/scopus_id/105003542881,1234,,,,,1,1.0,1,0,,,,105003542881,2-s2.0-105003542881
1,Takayanagi T.,"Taxonomic review of Epeorus s. l. Eaton, 1881 (Ephemeroptera: Heptageniidae) in Sapporo City and adjacent areas, Hokkaido, Japan",2025,Zootaxa,,https://www.scopus.com/inward/record.uri?partnerID=HzOxMe3b&scp=85219382438&origin=inward,https://www.scopus.com/inward/citedby.uri?partnerID=HzOxMe3b&scp=85219382438&origin=inward,,2026-04-12 18:33:30,Article,10.11646/zootaxa.5594.1.1,11755326,https://api.elsevier.com/content/abstract/scopus_id/85219382438,5594,1,,,,1,1.0,1,0,,,,85219382438,2-s2.0-85219382438
0,Li G.,Machine learning-based prediction of allocative localisation error in wireless sensor networks,2025,International Journal of Mobile Network Design and Innovation,,https://www.scopus.com/inward/record.uri?partnerID=HzOxMe3b&scp=105027130088&origin=inward,https://www.scopus.com/inward/citedby.uri?partnerID=HzOxMe3b&scp=105027130088&origin=inward,,2026-04-12 18:33:30,Article,10.1504/IJMNDI.2025.151004,17442869,https://api.elsevier.com/content/abstract/scopus_id/105027130088,11,4,,,,0,0.0,1,0,,,,105027130088,2-s2.0-105027130088
0,Chowdary K.U.,EFFICIENT MULTI-CLASS ATTACKS CLASSIFICATION FOR INTRUSION DETECTION USING WRAPPER-BASED FEATURE SELECTION,2025,Journal of Theoretical and Applied Information Technology,,https://www.scopus.com/inward/record.uri?partnerID=HzOxMe3b&scp=105024108420&origin=inward,https://www.scopus.com/inward/citedby.uri?partnerID=HzOxMe3b&scp=105024108420&origin=inward,,2026-04-12 18:33:30,Article,,19928645,https://api.elsevier.com/content/abstract/scopus_id/105024108420,103,18,,,,0,0.0,1,0,,,,105024108420,2-s2.0-105024108420
0,Zheng X.,A review of Chinese Prosopistomatidae with a description of the first Asian Prosopistoma imago of a new species (Insecta: Ephemeroptera),2025,Insect Systematics and Evolution,,https://www.scopus.com/inward/record.uri?partnerID=HzOxMe3b&scp=85211209105&origin=inward,https://www.scopus.com/inward/citedby.uri?partnerID=HzOxMe3b&scp=85211209105&origin=inward,,2026-04-12 18:33:30,Article,10.1163/1876312x-bja10070,1399560X,https://api.elsevier.com/content/abstract/scopus_id/85211209105,56,2,,,,0,0.0,1,0,,,,85211209105,2-s2.0-85211209105
0,Nascimento S.R.S.,"New species of Thraulodes Ulmer, 1920 and checklist of Leptophlebiidae (Insecta: Ephemeroptera) from Rondônia State, Northern Brazil",2025,Biologia,,https://www.scopus.com/inward/record.uri?partnerID=HzOxMe3b&scp=105003410827&origin=inward,https://www.scopus.com/inward/citedby.uri?partnerID=HzOxMe3b&scp=105003410827&origin=inward,,2026-04-12 18:33:30,Article,10.1007/s11756-025-01929-0,00063088,https://api.elsevier.com/content/abstract/scopus_id/105003410827,80,7,,,,0,0.0,1,0,,,,105003410827,2-s2.0-105003410827
0,Kluge N.J.,Contribution to the knowledge of psammophylous representatives of Procloeon Bengtsson 1915—Psammonella Glazaczow 1987 and Pseudocentroptiloides Jacob 1987 (Ephemeroptera: Baetidae),2025,Zootaxa,,https://www.scopus.com/inward/record.uri?partnerID=HzOxMe3b&scp=105019725045&origin=inward,https://www.scopus.com/inward/citedby.uri?partnerID=HzOxMe3b&scp=105019725045&origin=inward,,2026-04-12 18:33:30,Article,10.11646/zootaxa.5691.3.3,11755326,https://api.elsevier.com/content/abstract/scopus_id/105019725045,5691,3,,,,0,0.0,1,0,,,,105019725045,2-s2.0-105019725045
0,Lakshmi R.B.,A Study on Nature Inspired Algorithms for Load Balancing in Cloud Computing,2025,2025 IEEE 4th World Conference on Applied Intelligence and Computing Aic 2025,,https://www.scopus.com/inward/record.uri?partnerID=HzOxMe3b&scp=105023640938&origin=inward,https://www.scopus.com/inward/citedby.uri?partnerID=HzOxMe3b&scp=105023640938&origin=inward,,2026-04-12 18:33:30,Conference Paper,10.1109/AIC66080.2025.11212180,,https://api.elsevier.com/content/abstract/scopus_id/105023640938,,,,,,0,0.0,1,0,,,,105023640938,2-s2.0-105023640938
3,Nalinipriya G.,Leveraging explainable artificial intelligence for early detection and mitigation of cyber threat in large-scale network environments,2025,Scientific Reports,,https://www.scopus.com/inward/record.uri?partnerID=HzOxMe3b&scp=105010275685&origin=inward,https://www.scopus.com/inward/citedby.uri?partnerID=HzOxMe3b&scp=105010275685&origin=inward,,2026-04-12 18:33:30,Article,10.1038/s41598-025-08597-9,,https://api.elsevier.com/content/abstract/scopus_id/105010275685,15,1,,,,3,3.0,1,0,,,,105010275685,2-s2.0-105010275685
0,Sujatha K.,AI-Assisted Environmental Parameter Monitoring of Plants in Greenhouse Farming,2025,Optimizing AI Applications for Sustainable Agriculture,,https://www.scopus.com/inward/record.uri?partnerID=HzOxMe3b&scp=105032057774&origin=inward,https://www.scopus.com/inward/citedby.uri?partnerID=HzOxMe3b&scp=105032057774&origin=inward,,2026-04-12 18:33:30,Book Chapter,10.1002/9781394287260.ch17,,https://api.elsevier.com/content/abstract/scopus_id/105032057774,,,,,,0,0.0,1,0,,,,105032057774,2-s2.0-105032057774
1,Öztürk S.,Seasonal Evaluation of Ephemeroptera (Insecta) Fauna of Eastern Mediterranean Basin and Determination of Water Quality With Physicochemical Parameters and Benthic Metrics,2025,Ecohydrology,,https://www.scopus.com/inward/record.uri?partnerID=HzOxMe3b&scp=105003193121&origin=inward,https://www.scopus.com/inward/citedby.uri?partnerID=HzOxMe3b&scp=105003193121&origin=inward,,2026-04-12 18:33:30,Article,10.1002/eco.70040,19360584,https://api.elsevier.com/content/abstract/scopus_id/105003193121,18,3,,,,1,1.0,1,0,,,,105003193121,2-s2.0-105003193121
7,Arunkumar E.,Investigation and optimization of multiple objectives by hybrid evolutionary algorithms for turning of Nimonic 80A under nano MQL environment,2025,Advances in Materials and Processing Technologies,,https://www.scopus.com/inward/record.uri?partnerID=HzOxMe3b&scp=105001975351&origin=inward,https://www.scopus.com/inward/citedby.uri?partnerID=HzOxMe3b&scp=105001975351&origin=inward,,2026-04-12 18:33:30,Article,10.1080/2374068X.2024.2307152,2374068X,https://api.elsevier.com/content/abstract/scopus_id/105001975351,11,1,,,,7,7.0,1,0,,,,105001975351,2-s2.0-105001975351
0,Selin M.,Enhancing Spoof Detection in Automatic Speaker Verification Using CQCC Optimization and ViT Architecture,2025,Journal of Machine and Computing,,https://www.scopus.com/inward/record.uri?partnerID=HzOxMe3b&scp=105016821253&origin=inward,https://www.scopus.com/inward/citedby.uri?partnerID=HzOxMe3b&scp=105016821253&origin=inward,,2026-04-12 18:33:30,Article,10.53759/7669/jmc202505202,27891801,https://api.elsevier.com/content/abstract/scopus_id/105016821253,5,4,,,,0,0.0,1,0,,,,105016821253,2-s2.0-105016821253
0,Rose C.,Field-based Autonomous LiDAR Control for Obstacle Navigation (FALCON),2025,Irish Signals and Systems Conference Signalling Our Strength Issc 2025,,https://www.scopus.com/inward/record.uri?partnerID=HzOxMe3b&scp=105032422066&origin=inward,https://www.scopus.com/inward/citedby.uri?partnerID=HzOxMe3b&scp=105032422066&origin=inward,,2026-04-12 18:33:30,Conference Paper,10.1109/ISSC67739.2025.11291231,,https://api.elsevier.com/content/abstract/scopus_id/105032422066,,,,,,0,0.0,1,0,,,,105032422066,2-s2.0-105032422066
14,Okonkwo P.C.,Bio-inspired computational intelligence metaheuristic-based optimization and sensitivity analysis approach to determine techno-economic feasibility of hydrogen refueling stations for fuel cell vehicles,2025,Scientific Reports,,https://www.scopus.com/inward/record.uri?partnerID=HzOxMe3b&scp=105003130456&origin=inward,https://www.scopus.com/inward/citedby.uri?partnerID=HzOxMe3b&scp=105003130456&origin=inward,,2026-04-12 18:33:30,Article,10.1038/s41598-025-97088-y,,https://api.elsevier.com/content/abstract/scopus_id/105003130456,15,1,,,,14,14.0,1,0,,,,105003130456,2-s2.0-105003130456
9,Ma K.,Trajectory error compensation method for grinding robots based on kinematic calibration and joint variable prediction,2025,Robotics and Computer Integrated Manufacturing,,https://www.scopus.com/inward/record.uri?partnerID=HzOxMe3b&scp=85207250748&origin=inward,https://www.scopus.com/inward/citedby.uri?partnerID=HzOxMe3b&scp=85207250748&origin=inward,,2026-04-12 18:33:30,Article,10.1016/j.rcim.2024.102889,07365845,https://api.elsevier.com/content/abstract/scopus_id/85207250748,92,,,,,9,9.0,1,0,,,,85207250748,2-s2.0-85207250748
5,Maurya P.,Puma optimiser technique for efficient distributed generation planning in electrical distribution network with different load models,2025,International Journal of Ambient Energy,,https://www.scopus.com/inward/record.uri?partnerID=HzOxMe3b&scp=105000438477&origin=inward,https://www.scopus.com/inward/citedby.uri?partnerID=HzOxMe3b&scp=105000438477&origin=inward,,2026-04-12 18:33:30,Article,10.1080/01430750.2025.2478140,01430750,https://api.elsevier.com/content/abstract/scopus_id/105000438477,46,1,,,,5,5.0,1,0,,,,105000438477,2-s2.0-105000438477
0,Atchaya A.J.,Hybrid denoising framework with deep learning and optimization for mixed noise removal in remote sensing images,2025,Engineering Research Express,,https://www.scopus.com/inward/record.uri?partnerID=HzOxMe3b&scp=105016999151&origin=inward,https://www.scopus.com/inward/citedby.uri?partnerID=HzOxMe3b&scp=105016999151&origin=inward,,2026-04-12 18:33:30,Article,10.1088/2631-8695/ae0869,,https://api.elsevier.com/content/abstract/scopus_id/105016999151,7,3,,,,0,0.0,1,0,,,,105016999151,2-s2.0-105016999151
0,Yang Q.,Medium and short-term load forecasting based on NPMA-LSSVM algorithm in the case of unbalance and minority sample data,2025,Electrical Measurement and Instrumentation,,https://www.scopus.com/inward/record.uri?partnerID=HzOxMe3b&scp=105005634571&origin=inward,https://www.scopus.com/inward/citedby.uri?partnerID=HzOxMe3b&scp=105005634571&origin=inward,,2026-04-12 18:33:30,Article,10.19753/j.issn1001-1390.2025.05.019,10011390,https://api.elsevier.com/content/abstract/scopus_id/105005634571,62,5,,,,0,0.0,1,0,,,,105005634571,2-s2.0-105005634571
0,Sivayamini L.,Deep learning for enhanced diagnosis of diabetic retinopathy,2025,Synergies in Smart and Virtual Systems Using Computational Intelligence,,https://www.scopus.com/inward/record.uri?partnerID=HzOxMe3b&scp=105024926380&origin=inward,https://www.scopus.com/inward/citedby.uri?partnerID=HzOxMe3b&scp=105024926380&origin=inward,,2026-04-12 18:33:30,Book Chapter,10.1201/9781003685364-79,,https://api.elsevier.com/content/abstract/scopus_id/105024926380,,,,,,0,0.0,1,0,,,,105024926380,2-s2.0-105024926380
0,Zhang R.,Effectiveness of Farmers’ Professional Cooperatives in Helping Rural Revitalization Using Big Data Analysis,2025,Journal of Trends in Computer Science and Smart Technology,,https://www.scopus.com/inward/record.uri?partnerID=HzOxMe3b&scp=105017471661&origin=inward,https://www.scopus.com/inward/citedby.uri?partnerID=HzOxMe3b&scp=105017471661&origin=inward,,2026-04-12 18:33:30,Article,10.36548/jtcsst.2025.3.014,,https://api.elsevier.com/content/abstract/scopus_id/105017471661,7,3,,,,0,0.0,1,0,,,,105017471661,2-s2.0-105017471661
0,Dos Santos J.S.,"Beta diversity of aquatic insects (Ephemeroptera, Plecoptera and Trichoptera) across stream microhabitats",2025,Acta Limnologica Brasiliensia,,https://www.scopus.com/inward/record.uri?partnerID=HzOxMe3b&scp=105009138753&origin=inward,https://www.scopus.com/inward/citedby.uri?partnerID=HzOxMe3b&scp=105009138753&origin=inward,,2026-04-12 18:33:30,Article,10.1590/S2179-975X7524,,https://api.elsevier.com/content/abstract/scopus_id/105009138753,37,,,,,0,0.0,1,0,,,,105009138753,2-s2.0-105009138753
0,de Araujo Barbosa V.,A Landscape Genetics Approach Reveals Species-Specific Connectivity Patterns for Stream Insects in Fragmented Habitats,2025,Ecology and Evolution,,https://www.scopus.com/inward/record.uri?partnerID=HzOxMe3b&scp=105000137709&origin=inward,https://www.scopus.com/inward/citedby.uri?partnerID=HzOxMe3b&scp=105000137709&origin=inward,,2026-04-12 18:33:30,Article,10.1002/ece3.71084,,https://api.elsevier.com/content/abstract/scopus_id/105000137709,15,3,,,,0,0.0,1,0,,,,105000137709,2-s2.0-105000137709
0,Shaw E.A.,Effect of weir removal on the aquatic macroinvertebrate community of an urban river in the UK,2025,Conservation Evidence,,https://www.scopus.com/inward/record.uri?partnerID=HzOxMe3b&scp=105029929669&origin=inward,https://www.scopus.com/inward/citedby.uri?partnerID=HzOxMe3b&scp=105029929669&origin=inward,,2026-04-12 18:33:30,Article,10.52201/CEJ22/RZYZ4615,,https://api.elsevier.com/content/abstract/scopus_id/105029929669,22,,,,,0,0.0,1,0,,,,105029929669,2-s2.0-105029929669
3,Ramamoorthi R.,Optimal Interval based tuning of 3DOF-PID controllers for power system stabilizers and dynamic performance in multi machine power systems,2025,Renewable Energy Focus,,https://www.scopus.com/inward/record.uri?partnerID=HzOxMe3b&scp=105008513950&origin=inward,https://www.scopus.com/inward/citedby.uri?partnerID=HzOxMe3b&scp=105008513950&origin=inward,,2026-04-12 18:33:30,Article,10.1016/j.ref.2025.100727,17550084,https://api.elsevier.com/content/abstract/scopus_id/105008513950,55,,,,,3,3.0,1,0,,,,105008513950,2-s2.0-105008513950
1,Gopu V.,A Swin-transformer Integrated with Radial Optimization Model for Accurate Diabetic Retinopathy Detection and Classification,2025,International Journal of Information Technology and Computer Science,,https://www.scopus.com/inward/record.uri?partnerID=HzOxMe3b&scp=105025257517&origin=inward,https://www.scopus.com/inward/citedby.uri?partnerID=HzOxMe3b&scp=105025257517&origin=inward,,2026-04-12 18:33:30,Article,10.5815/ijitcs.2025.06.09,20749007,https://api.elsevier.com/content/abstract/scopus_id/105025257517,17,6,,,,1,1.0,1,0,,,,105025257517,2-s2.0-105025257517
0,,"Correction to Recovery and Degradation Drive Changes in the Dispersal Capacity of Stream Macroinvertebrate Communities (Global Change Biology, (2025), 31, 1, 10.1111/gcb.70054)",2025,Global Change Biology,,https://www.scopus.com/inward/record.uri?partnerID=HzOxMe3b&scp=105017832496&origin=inward,https://www.scopus.com/inward/citedby.uri?partnerID=HzOxMe3b&scp=105017832496&origin=inward,,2026-04-12 18:33:30,Erratum,10.1111/gcb.70538,13541013,https://api.elsevier.com/content/abstract/scopus_id/105017832496,31,10,,,,0,0.0,0,0,,,,105017832496,2-s2.0-105017832496
5,Murail C.,From Stream to Bloom: Exploring the Potential Role of Aquatic Insects for Pollination in Wetland Environments,2025,Journal of Applied Entomology,,https://www.scopus.com/inward/record.uri?partnerID=HzOxMe3b&scp=85207022657&origin=inward,https://www.scopus.com/inward/citedby.uri?partnerID=HzOxMe3b&scp=85207022657&origin=inward,,2026-04-12 18:33:30,Review,10.1111/jen.13359,09312048,https://api.elsevier.com/content/abstract/scopus_id/85207022657,149,5,,,,5,5.0,1,0,,,,85207022657,2-s2.0-85207022657
0,Balistrieri L.S.,"Sensitivity of Benthic Biota and Toxicity of Cadmium, Cobalt, Copper, Nickel, Lead, and Zinc Mixtures in Near-Surface Porewater in the Upper Columbia River Basin, Washington, United States, and British Columbia, Canada",2025,Usgs Scientific Investigations Report,,https://www.scopus.com/inward/record.uri?partnerID=HzOxMe3b&scp=85218781980&origin=inward,https://www.scopus.com/inward/citedby.uri?partnerID=HzOxMe3b&scp=85218781980&origin=inward,,2026-04-12 18:33:30,Article,10.3133/sir20255001,2328031X,https://api.elsevier.com/content/abstract/scopus_id/85218781980,2025,,,,,0,0.0,1,0,,,,85218781980,2-s2.0-85218781980
4,Rose C.,Enhancing fault detection and performance for UAVs with digital twin systems in search and rescue missions,2025,Robotics and Autonomous Systems,,https://www.scopus.com/inward/record.uri?partnerID=HzOxMe3b&scp=105014924034&origin=inward,https://www.scopus.com/inward/citedby.uri?partnerID=HzOxMe3b&scp=105014924034&origin=inward,,2026-04-12 18:33:30,Article,10.1016/j.robot.2025.105186,09218890,https://api.elsevier.com/content/abstract/scopus_id/105014924034,194,,,,,4,4.0,1,0,,,,105014924034,2-s2.0-105014924034
0,Babkina I.B.,"Biological characteristics of the Siberian gudgeon Gobio sibiricus (Cyprinidae) and its infection with metacercariae Opisthorchis felineus in the Tom River basin (Tomsk Oblast, Russia)",2025,Vestnik Tomskogo Gosudarstvennogo Universiteta Biologiya,,https://www.scopus.com/inward/record.uri?partnerID=HzOxMe3b&scp=105027305666&origin=inward,https://www.scopus.com/inward/citedby.uri?partnerID=HzOxMe3b&scp=105027305666&origin=inward,,2026-04-12 18:33:30,Article,10.17223/19988591/71/7,19988591,https://api.elsevier.com/content/abstract/scopus_id/105027305666,,71,,,,0,0.0,1,0,,,,105027305666,2-s2.0-105027305666
0,Tüysüz M.,Real-time residential energy management: Evaluating demand side management strategies and harmonic impact using high-resolution appliance data,2025,Journal of Building Engineering,,https://www.scopus.com/inward/record.uri?partnerID=HzOxMe3b&scp=105022153695&origin=inward,https://www.scopus.com/inward/citedby.uri?partnerID=HzOxMe3b&scp=105022153695&origin=inward,,2026-04-12 18:33:30,Article,10.1016/j.jobe.2025.114660,,https://api.elsevier.com/content/abstract/scopus_id/105022153695,116,,,,,0,0.0,1,0,,,,105022153695,2-s2.0-105022153695
4,Sathyabhama B.,An effective deep learning-based automatic prediction and classification of Alzheimer's disease using EGELU-SZN technique,2025,Neural Computing and Applications,,https://www.scopus.com/inward/record.uri?partnerID=HzOxMe3b&scp=85217159675&origin=inward,https://www.scopus.com/inward/citedby.uri?partnerID=HzOxMe3b&scp=85217159675&origin=inward,,2026-04-12 18:33:30,Article,10.1007/s00521-025-10994-0,09410643,https://api.elsevier.com/content/abstract/scopus_id/85217159675,37,9,,,,4,4.0,1,0,,,,85217159675,2-s2.0-85217159675
3,El Yaagoubi S.,"Assessing the impacts of agricultural practices on ephemeroptera, plecoptera, and trichoptera (EPT) seasonal distribution: A genera-level EPT trait-based study in North Africa's river ecosystems",2025,Science of the Total Environment,,https://www.scopus.com/inward/record.uri?partnerID=HzOxMe3b&scp=105006992907&origin=inward,https://www.scopus.com/inward/citedby.uri?partnerID=HzOxMe3b&scp=105006992907&origin=inward,,2026-04-12 18:33:30,Article,10.1016/j.scitotenv.2025.179753,00489697,https://api.elsevier.com/content/abstract/scopus_id/105006992907,987,,,,,3,3.0,1,0,,,,105006992907,2-s2.0-105006992907
1,Simeone D.,"Linking Riparian Forest to the Functional Diversity of Ephemeroptera, Plecoptera, and Trichoptera in First-Order Tropical Streams",2025,Diversity,,https://www.scopus.com/inward/record.uri?partnerID=HzOxMe3b&scp=105011604890&origin=inward,https://www.scopus.com/inward/citedby.uri?partnerID=HzOxMe3b&scp=105011604890&origin=inward,,2026-04-12 18:33:30,Article,10.3390/d17070438,,https://api.elsevier.com/content/abstract/scopus_id/105011604890,17,7,,,,1,1.0,1,0,,,,105011604890,2-s2.0-105011604890
1,Wang S.,IMA-FLADRC-Based Electric-Driven High-Speed Maize Precision Seeding Control Strategy and System,2025,IEEE Access,,https://www.scopus.com/inward/record.uri?partnerID=HzOxMe3b&scp=105004326030&origin=inward,https://www.scopus.com/inward/citedby.uri?partnerID=HzOxMe3b&scp=105004326030&origin=inward,,2026-04-12 18:33:30,Article,10.1109/ACCESS.2025.3566590,,https://api.elsevier.com/content/abstract/scopus_id/105004326030,13,,,,,1,1.0,1,0,,,,105004326030,2-s2.0-105004326030
3,Jooybar S.,A green time-dependent traveling salesman problem with intermediate node and multiple traffic states,2025,Expert Systems with Applications,,https://www.scopus.com/inward/record.uri?partnerID=HzOxMe3b&scp=105002835885&origin=inward,https://www.scopus.com/inward/citedby.uri?partnerID=HzOxMe3b&scp=105002835885&origin=inward,,2026-04-12 18:33:30,Article,10.1016/j.eswa.2025.127575,09574174,https://api.elsevier.com/content/abstract/scopus_id/105002835885,282,,,,,3,3.0,1,0,,,,105002835885,2-s2.0-105002835885
1,Barati H.,Performance Evaluation of Emerging Meta-Heuristic Algorithms on Vehicle Routing Problem,2025,Engineering Reports,,https://www.scopus.com/inward/record.uri?partnerID=HzOxMe3b&scp=105010904743&origin=inward,https://www.scopus.com/inward/citedby.uri?partnerID=HzOxMe3b&scp=105010904743&origin=inward,,2026-04-12 18:33:30,Article,10.1002/eng2.70198,,https://api.elsevier.com/content/abstract/scopus_id/105010904743,7,7,,,,1,1.0,1,0,,,,105010904743,2-s2.0-105010904743
1,Akgul T.,Performance Comparison of Advanced Control Strategies Based on Optimization for Active Suspension Under Real Vertical Speed Reducers Excitation,2025,IEEE Access,,https://www.scopus.com/inward/record.uri?partnerID=HzOxMe3b&scp=105017243224&origin=inward,https://www.scopus.com/inward/citedby.uri?partnerID=HzOxMe3b&scp=105017243224&origin=inward,,2026-04-12 18:33:30,Article,10.1109/ACCESS.2025.3613460,,https://api.elsevier.com/content/abstract/scopus_id/105017243224,13,,,,,1,1.0,1,0,,,,105017243224,2-s2.0-105017243224
0,Barasa C.N.,"Human activities influence on distribution of Ephemeroptera, Plecoptera, and Trichoptera (EPT) in a tropical riverine ecosystem in Kenya",2025,Journal of Freshwater Ecology,,https://www.scopus.com/inward/record.uri?partnerID=HzOxMe3b&scp=105011983749&origin=inward,https://www.scopus.com/inward/citedby.uri?partnerID=HzOxMe3b&scp=105011983749&origin=inward,,2026-04-12 18:33:30,Article,10.1080/02705060.2025.2539125,02705060,https://api.elsevier.com/content/abstract/scopus_id/105011983749,40,1,,,,0,0.0,1,0,,,,105011983749,2-s2.0-105011983749
1,Guney A.,Design and Temperature Control of a Novel Aeroponic Plant Growth Chamber,2025,Electronics Switzerland,,https://www.scopus.com/inward/record.uri?partnerID=HzOxMe3b&scp=105011665254&origin=inward,https://www.scopus.com/inward/citedby.uri?partnerID=HzOxMe3b&scp=105011665254&origin=inward,,2026-04-12 18:33:30,Article,10.3390/electronics14142801,,https://api.elsevier.com/content/abstract/scopus_id/105011665254,14,14,,,,1,1.0,1,0,,,,105011665254,2-s2.0-105011665254
3,Bodha K.D.,Rotational gate based quantum particle swarm optimization for benchmark suites and combined economic emission dispatch,2025,Engineering Research Express,,https://www.scopus.com/inward/record.uri?partnerID=HzOxMe3b&scp=105020677203&origin=inward,https://www.scopus.com/inward/citedby.uri?partnerID=HzOxMe3b&scp=105020677203&origin=inward,,2026-04-12 18:33:30,Article,10.1088/2631-8695/ae1282,,https://api.elsevier.com/content/abstract/scopus_id/105020677203,7,4,,,,3,3.0,1,0,,,,105020677203,2-s2.0-105020677203
4,Mohammed Y.M.,Development of macroinvertebrates-based multimetric index to assess the ecological health of a rural river in North-central Nigeria,2025,Biologia,,https://www.scopus.com/inward/record.uri?partnerID=HzOxMe3b&scp=85209108885&origin=inward,https://www.scopus.com/inward/citedby.uri?partnerID=HzOxMe3b&scp=85209108885&origin=inward,,2026-04-12 18:33:30,Article,10.1007/s11756-024-01824-0,00063088,https://api.elsevier.com/content/abstract/scopus_id/85209108885,80,2,,,,4,4.0,1,0,,,,85209108885,2-s2.0-85209108885
0,Sahoo S.,Evolutionary Algorithms for Cardiovascular Disease Prediction: A Comprehensive Review,2025,3rd International Conference on Advancements in Smart Secure and Intelligent Computing Assic 2025,,https://www.scopus.com/inward/record.uri?partnerID=HzOxMe3b&scp=105018040374&origin=inward,https://www.scopus.com/inward/citedby.uri?partnerID=HzOxMe3b&scp=105018040374&origin=inward,,2026-04-12 18:33:30,Conference Paper,10.1109/ASSIC64892.2025.11157939,,https://api.elsevier.com/content/abstract/scopus_id/105018040374,,,,,,0,0.0,1,0,,,,105018040374,2-s2.0-105018040374
0,Berezina N.A.,"Benthic Producers, Methane Carbon, and Diazotrophic Nitrogen as Sources of Nutrients in the Food Web of a Subarctic Lake",2025,Diversity,,https://www.scopus.com/inward/record.uri?partnerID=HzOxMe3b&scp=105022895681&origin=inward,https://www.scopus.com/inward/citedby.uri?partnerID=HzOxMe3b&scp=105022895681&origin=inward,,2026-04-12 18:33:30,Article,10.3390/d17110799,,https://api.elsevier.com/content/abstract/scopus_id/105022895681,17,11,,,,0,0.0,1,0,,,,105022895681,2-s2.0-105022895681
0,Shahila D.F.D.,'Deep Learning-Driven Fire Detection Through Advanced Image Processing Techniques',2025,2025 8th International Conference on Circuit Power and Computing Technologies Iccpct 2025,,https://www.scopus.com/inward/record.uri?partnerID=HzOxMe3b&scp=105020210131&origin=inward,https://www.scopus.com/inward/citedby.uri?partnerID=HzOxMe3b&scp=105020210131&origin=inward,,2026-04-12 18:33:30,Conference Paper,10.1109/ICCPCT65132.2025.11176529,,https://api.elsevier.com/content/abstract/scopus_id/105020210131,,,,,,0,0.0,1,0,,,,105020210131,2-s2.0-105020210131
1,Sartori M.,"The Leptophlebiidae of New Guinea (Ephemeroptera, Choroterpinae, Thraulini)",2025,Zookeys,,https://www.scopus.com/inward/record.uri?partnerID=HzOxMe3b&scp=105011599980&origin=inward,https://www.scopus.com/inward/citedby.uri?partnerID=HzOxMe3b&scp=105011599980&origin=inward,,2026-04-12 18:33:30,Article,10.3897/zookeys.1245.141723,13132989,https://api.elsevier.com/content/abstract/scopus_id/105011599980,1245,,,,,1,1.0,1,0,,,,105011599980,2-s2.0-105011599980
0,Vdovina O.N.,Macrozoobenthos as an Indicator of the Ecological State of Lakes in Altai Specially Protected Natural Areas,2025,Inland Water Biology,,https://www.scopus.com/inward/record.uri?partnerID=HzOxMe3b&scp=105020948446&origin=inward,https://www.scopus.com/inward/citedby.uri?partnerID=HzOxMe3b&scp=105020948446&origin=inward,,2026-04-12 18:33:30,Article,10.1134/S1995082925600528,19950829,https://api.elsevier.com/content/abstract/scopus_id/105020948446,18,4,,,,0,0.0,1,0,,,,105020948446,2-s2.0-105020948446
3,Hermann M.,"Multiple Stressor Effects of a Neonicotinoid, Heatwaves, and Elevated Temperatures on Aquatic Insect Emergence",2025,Environmental Science and Technology,,https://www.scopus.com/inward/record.uri?partnerID=HzOxMe3b&scp=105010234291&origin=inward,https://www.scopus.com/inward/citedby.uri?partnerID=HzOxMe3b&scp=105010234291&origin=inward,,2026-04-12 18:33:30,Article,10.1021/acs.est.5c01498,0013936X,https://api.elsevier.com/content/abstract/scopus_id/105010234291,59,28,,,,3,3.0,1,0,,,,105010234291,2-s2.0-105010234291
1,Vasanth M.,"Two new species of the genus Thalerosphyrus Eaton, 1881 (Ephemeroptera: Heptageniidae: Ecdyonurinae) from India",2025,Zootaxa,,https://www.scopus.com/inward/record.uri?partnerID=HzOxMe3b&scp=85216853483&origin=inward,https://www.scopus.com/inward/citedby.uri?partnerID=HzOxMe3b&scp=85216853483&origin=inward,,2026-04-12 18:33:30,Article,10.11646/zootaxa.5583.2.2,11755326,https://api.elsevier.com/content/abstract/scopus_id/85216853483,5583,2,,,,1,1.0,1,0,,,,85216853483,2-s2.0-85216853483
0,Brkić M.,Assessment of Water Quality of the Gostelja River Based on the Composition of Macrozoobenthos Communities,2025,Ribarstvo Croatian Journal of Fisheries,,https://www.scopus.com/inward/record.uri?partnerID=HzOxMe3b&scp=105009958147&origin=inward,https://www.scopus.com/inward/citedby.uri?partnerID=HzOxMe3b&scp=105009958147&origin=inward,,2026-04-12 18:33:30,Article,10.2478/cjf-2025-0010,1330061X,https://api.elsevier.com/content/abstract/scopus_id/105009958147,83,2,,,,0,0.0,1,0,,,,105009958147,2-s2.0-105009958147
0,Campos R.,Askola (Ephemeroptera: Leptophlebiidae): Association of Nymph of One Species and Evidence of Cryptic Species Using Molecular Tools,2025,Neotropical Entomology,,https://www.scopus.com/inward/record.uri?partnerID=HzOxMe3b&scp=105004451374&origin=inward,https://www.scopus.com/inward/citedby.uri?partnerID=HzOxMe3b&scp=105004451374&origin=inward,,2026-04-12 18:33:30,Article,10.1007/s13744-025-01274-6,1519566X,https://api.elsevier.com/content/abstract/scopus_id/105004451374,54,1,,,,0,0.0,1,0,,,,105004451374,2-s2.0-105004451374
0,Muluye T.,Development of ecoregion-specific biomonitoring tools for a tropical river: addressing water quality and ecological connectivity in highland-lowland systems,2025,Marine Pollution Bulletin,,https://www.scopus.com/inward/record.uri?partnerID=HzOxMe3b&scp=105013199309&origin=inward,https://www.scopus.com/inward/citedby.uri?partnerID=HzOxMe3b&scp=105013199309&origin=inward,,2026-04-12 18:33:30,Article,10.1016/j.marpolbul.2025.118591,0025326X,https://api.elsevier.com/content/abstract/scopus_id/105013199309,221,,,,,0,0.0,1,0,,,,105013199309,2-s2.0-105013199309
3,Ergović V.,Seasonal Dynamics and Factors Shaping Aquatic Insect Assemblages in Mountain Streams of the Pannonian Lowland Ecoregion,2025,Insects,,https://www.scopus.com/inward/record.uri?partnerID=HzOxMe3b&scp=105003587875&origin=inward,https://www.scopus.com/inward/citedby.uri?partnerID=HzOxMe3b&scp=105003587875&origin=inward,,2026-04-12 18:33:30,Article,10.3390/insects16040344,,https://api.elsevier.com/content/abstract/scopus_id/105003587875,16,4,,,,3,3.0,1,0,,,,105003587875,2-s2.0-105003587875
4,Vdovina O.N.,PATTERNS OF MACROINVERTEBRATE DISTRIBUTION IN WATERCOURSES OF THE KRASNOYARSK STOLBY NATIONAL PARK (EAST SIBERIA),2025,Nature Conservation Research,,https://www.scopus.com/inward/record.uri?partnerID=HzOxMe3b&scp=105000528104&origin=inward,https://www.scopus.com/inward/citedby.uri?partnerID=HzOxMe3b&scp=105000528104&origin=inward,,2026-04-12 18:33:30,Article,10.24189/ncr.2025.004,2500008X,https://api.elsevier.com/content/abstract/scopus_id/105000528104,10,1,,,,4,4.0,1,0,,,,105000528104,2-s2.0-105000528104
2,Taylor T.L.,Spatial and temporal variation in yellow perch (Perca flavescens) diet: Implications for growth,2025,Journal of Great Lakes Research,,https://www.scopus.com/inward/record.uri?partnerID=HzOxMe3b&scp=85216652021&origin=inward,https://www.scopus.com/inward/citedby.uri?partnerID=HzOxMe3b&scp=85216652021&origin=inward,,2026-04-12 18:33:30,Article,10.1016/j.jglr.2025.102532,03801330,https://api.elsevier.com/content/abstract/scopus_id/85216652021,51,6,,,,2,2.0,1,0,,,,85216652021,2-s2.0-85216652021
0,Das Chagas F.S.,Size-mass relationships of aquatic insects in forest streams: addressing a knowledge gap in Neotropical communities,2025,Revista Brasileira De Ciencias Ambientais,,https://www.scopus.com/inward/record.uri?partnerID=HzOxMe3b&scp=105026877467&origin=inward,https://www.scopus.com/inward/citedby.uri?partnerID=HzOxMe3b&scp=105026877467&origin=inward,,2026-04-12 18:33:30,Article,10.5327/Z2176-94782253,18084524,https://api.elsevier.com/content/abstract/scopus_id/105026877467,60,,,,,0,0.0,1,0,,,,105026877467,2-s2.0-105026877467
1,Rasmussen G.,"Food, Growth and Biological Production of the European Eel, Anguilla anguilla, in a Small Stream in Jutland, Denmark",2025,Hydrobiology,,https://www.scopus.com/inward/record.uri?partnerID=HzOxMe3b&scp=105025953740&origin=inward,https://www.scopus.com/inward/citedby.uri?partnerID=HzOxMe3b&scp=105025953740&origin=inward,,2026-04-12 18:33:30,Article,10.3390/hydrobiology4040033,,https://api.elsevier.com/content/abstract/scopus_id/105025953740,4,4,,,,1,1.0,1,0,,,,105025953740,2-s2.0-105025953740
0,Holliday N.J.,"Natural History of Chlaenius cordicollis Kirby (Coleoptera: Carabidae) on Beaches of Lake Winnipeg, Manitoba, Canada",2025,Coleopterists Bulletin,,https://www.scopus.com/inward/record.uri?partnerID=HzOxMe3b&scp=105009148648&origin=inward,https://www.scopus.com/inward/citedby.uri?partnerID=HzOxMe3b&scp=105009148648&origin=inward,,2026-04-12 18:33:30,Article,10.1649/0010-065X-79.2.215,0010065X,https://api.elsevier.com/content/abstract/scopus_id/105009148648,79,2,,,,0,0.0,1,0,,,,105009148648,2-s2.0-105009148648
0,Adino A.,"Assessing the Relationship Between Macroinvertebrate Metrics and Fine Sediment Index for Ecological Biomonitoring in the Little Akaki River, Addis Ababa, Ethiopia",2025,Ecology and Evolution,,https://www.scopus.com/inward/record.uri?partnerID=HzOxMe3b&scp=105026169848&origin=inward,https://www.scopus.com/inward/citedby.uri?partnerID=HzOxMe3b&scp=105026169848&origin=inward,,2026-04-12 18:33:30,Article,10.1002/ece3.72759,,https://api.elsevier.com/content/abstract/scopus_id/105026169848,15,12,,,,0,0.0,1,0,,,,105026169848,2-s2.0-105026169848
0,Campos R.,"New species, semaphoront association, updated records, and identification key in Ulmeritoides Traver (Leptophlebiidae: Ulmeritina)",2025,Studies on Neotropical Fauna and Environment,,https://www.scopus.com/inward/record.uri?partnerID=HzOxMe3b&scp=105001257209&origin=inward,https://www.scopus.com/inward/citedby.uri?partnerID=HzOxMe3b&scp=105001257209&origin=inward,,2026-04-12 18:33:30,Article,10.1080/01650521.2024.2398969,01650521,https://api.elsevier.com/content/abstract/scopus_id/105001257209,60,1,,,,0,0.0,1,0,,,,105001257209,2-s2.0-105001257209
1,Villsen K.,A very picky eater: Species-level prey selection in the endangered Rhone streber [Zingel asper (L. 1758)],2025,Journal of Fish Biology,,https://www.scopus.com/inward/record.uri?partnerID=HzOxMe3b&scp=105006437258&origin=inward,https://www.scopus.com/inward/citedby.uri?partnerID=HzOxMe3b&scp=105006437258&origin=inward,,2026-04-12 18:33:30,Article,10.1111/jfb.70083,00221112,https://api.elsevier.com/content/abstract/scopus_id/105006437258,107,3,,,,1,1.0,1,0,,,,105006437258,2-s2.0-105006437258
0,Oliveira L.A.D.,"Life stages of Brasilocaenis mendesi Malzacher, 1998 (Ephemeroptera: Caenidae) with redescription of male imago",2025,Zootaxa,,https://www.scopus.com/inward/record.uri?partnerID=HzOxMe3b&scp=105016644669&origin=inward,https://www.scopus.com/inward/citedby.uri?partnerID=HzOxMe3b&scp=105016644669&origin=inward,,2026-04-12 18:33:30,Article,10.11646/zootaxa.5692.3.4,11755326,https://api.elsevier.com/content/abstract/scopus_id/105016644669,5692,3,,,,0,0.0,1,0,,,,105016644669,2-s2.0-105016644669
3,Salinas-Jimenez L.G.,"A new species of Americabaetis (Baetidae: Ephemeroptera) from Andean region, Colombia",2025,Papeis Avulsos De Zoologia,,https://www.scopus.com/inward/record.uri?partnerID=HzOxMe3b&scp=105001939826&origin=inward,https://www.scopus.com/inward/citedby.uri?partnerID=HzOxMe3b&scp=105001939826&origin=inward,,2026-04-12 18:33:30,Article,10.11606/1807-0205/2025.65.012,00311049,https://api.elsevier.com/content/abstract/scopus_id/105001939826,65,,,,,3,3.0,1,0,,,,105001939826,2-s2.0-105001939826
0,Carachilo I.,Quantifying and classifying microplastics and microparticles across aquatic heterotrophs from headwater streams in central Pennsylvania,2025,Journal of Freshwater Ecology,,https://www.scopus.com/inward/record.uri?partnerID=HzOxMe3b&scp=105021919119&origin=inward,https://www.scopus.com/inward/citedby.uri?partnerID=HzOxMe3b&scp=105021919119&origin=inward,,2026-04-12 18:33:30,Article,10.1080/02705060.2025.2579096,02705060,https://api.elsevier.com/content/abstract/scopus_id/105021919119,40,1,,,,0,0.0,1,0,,,,105021919119,2-s2.0-105021919119
0,Nakagawa T.,Spatial Segregation of Adult Aquatic Insects From the Water Surface to the Riparian Canopy in a Lowland River,2025,Freshwater Biology,,https://www.scopus.com/inward/record.uri?partnerID=HzOxMe3b&scp=105025554956&origin=inward,https://www.scopus.com/inward/citedby.uri?partnerID=HzOxMe3b&scp=105025554956&origin=inward,,2026-04-12 18:33:30,Article,10.1111/fwb.70156,00465070,https://api.elsevier.com/content/abstract/scopus_id/105025554956,70,12,,,,0,0.0,1,0,,,,105025554956,2-s2.0-105025554956
0,,"Erratum to: Environmental DNA supports importance of heterogeneous pond landscapes for arthropod diversity conservation (Ecosphere, (2025), 16, 2, 10.1002/ecs2.70171)",2025,Ecosphere,,https://www.scopus.com/inward/record.uri?partnerID=HzOxMe3b&scp=105013560225&origin=inward,https://www.scopus.com/inward/citedby.uri?partnerID=HzOxMe3b&scp=105013560225&origin=inward,,2026-04-12 18:33:30,Erratum,10.1002/ecs2.70228,,https://api.elsevier.com/content/abstract/scopus_id/105013560225,16,7,,,,0,0.0,0,0,,,,105013560225,2-s2.0-105013560225
0,Ghia T.A.,"First record of Tortopsis toro Molineri, Dias, and Zúñiga, 2021 (Ephemeroptera: Polymitarcyidae) from Ecuador",2025,Aquatic Insects,,https://www.scopus.com/inward/record.uri?partnerID=HzOxMe3b&scp=105008942945&origin=inward,https://www.scopus.com/inward/citedby.uri?partnerID=HzOxMe3b&scp=105008942945&origin=inward,,2026-04-12 18:33:30,Article,10.1080/01650424.2025.2505722,01650424,https://api.elsevier.com/content/abstract/scopus_id/105008942945,46,3,,,,0,0.0,1,0,,,,105008942945,2-s2.0-105008942945
0,Abdullah D.A.,A REVIEW ON Aerodramus SPP. IN TROPICAL ECOSYSTEMS: EMPHASIS ON FOOD SOURCES FOR EDIBLE BIRD NEST (EBN) PRODUCTION,2025,Journal of Sustainability Science and Management,,https://www.scopus.com/inward/record.uri?partnerID=HzOxMe3b&scp=105007076191&origin=inward,https://www.scopus.com/inward/citedby.uri?partnerID=HzOxMe3b&scp=105007076191&origin=inward,,2026-04-12 18:33:30,Review,10.46754/jssm.2025.05.013,18238556,https://api.elsevier.com/content/abstract/scopus_id/105007076191,20,5,,,,0,0.0,1,0,,,,105007076191,2-s2.0-105007076191
3,de Lima C.R.T.,"Three New Species of Campsurus Eaton, 1868 (Ephemeroptera: Polymitarcyidae) and a List of Polymitarcyidae Banks, 1900 from Rondônia State, Brazil",2025,Zootaxa,,https://www.scopus.com/inward/record.uri?partnerID=HzOxMe3b&scp=85217874610&origin=inward,https://www.scopus.com/inward/citedby.uri?partnerID=HzOxMe3b&scp=85217874610&origin=inward,,2026-04-12 18:33:30,Article,10.11646/zootaxa.5584.4.3,11755326,https://api.elsevier.com/content/abstract/scopus_id/85217874610,5584,4,,,,3,3.0,1,0,,,,85217874610,2-s2.0-85217874610
0,Dewenter B.S.,Annual Temperature Range Drives Thermal Breadth of Freshwater Insects Across Multiple Spatial Scales,2025,Ecology Letters,,https://www.scopus.com/inward/record.uri?partnerID=HzOxMe3b&scp=105024700963&origin=inward,https://www.scopus.com/inward/citedby.uri?partnerID=HzOxMe3b&scp=105024700963&origin=inward,,2026-04-12 18:33:30,Letter,10.1111/ele.70288,1461023X,https://api.elsevier.com/content/abstract/scopus_id/105024700963,28,12,,,,0,0.0,1,0,,,,105024700963,2-s2.0-105024700963
2,Liu G.,Standardized diversity estimation uncovers global distribution patterns and drivers of stream insects,2025,Npj Biodiversity,,https://www.scopus.com/inward/record.uri?partnerID=HzOxMe3b&scp=105010438201&origin=inward,https://www.scopus.com/inward/citedby.uri?partnerID=HzOxMe3b&scp=105010438201&origin=inward,,2026-04-12 18:33:30,Article,10.1038/s44185-025-00098-2,,https://api.elsevier.com/content/abstract/scopus_id/105010438201,4,1,,,,2,2.0,1,0,,,,105010438201,2-s2.0-105010438201
0,Qiang X.H.,"The species diversity and phylogeny of the genus Siphlonurus Eaton, 1868 from China (Ephemeroptera: Siphlonuridae)",2025,Zootaxa,,https://www.scopus.com/inward/record.uri?partnerID=HzOxMe3b&scp=105019728317&origin=inward,https://www.scopus.com/inward/citedby.uri?partnerID=HzOxMe3b&scp=105019728317&origin=inward,,2026-04-12 18:33:30,Article,10.11646/zootaxa.5711.1.1,,https://api.elsevier.com/content/abstract/scopus_id/105019728317,5711,1,,,,0,0.0,1,0,,,,105019728317,2-s2.0-105019728317
0,Moradi-Asl E.,BIOLOGICAL EVALUATION OF THE WATER QUALITY IN NORTHWEST IRAN BY USING AQUATIC INSECT,2025,Indian Journal of Entomology,,https://www.scopus.com/inward/record.uri?partnerID=HzOxMe3b&scp=105028898737&origin=inward,https://www.scopus.com/inward/citedby.uri?partnerID=HzOxMe3b&scp=105028898737&origin=inward,,2026-04-12 18:33:30,Article,10.55446/IJE.2024.1591,03678288,https://api.elsevier.com/content/abstract/scopus_id/105028898737,87,4,,,,0,0.0,1,0,,,,105028898737,2-s2.0-105028898737
0,Rusu A.,The trophic niches of fish species from the Neajlov River Basin: dietary diversity assessment,2025,Present Environment and Sustainable Development,,https://www.scopus.com/inward/record.uri?partnerID=HzOxMe3b&scp=105017589235&origin=inward,https://www.scopus.com/inward/citedby.uri?partnerID=HzOxMe3b&scp=105017589235&origin=inward,,2026-04-12 18:33:30,Article,10.47743/pesd2025191005,18435971,https://api.elsevier.com/content/abstract/scopus_id/105017589235,19,1,,,,0,0.0,1,0,,,,105017589235,2-s2.0-105017589235
5,Kaltenbach T.,"Redescription of Papuanatula Lugo-Ortiz & McCafferty (Ephemeroptera, Baetidae), with description of a new subgenus and 20 new species",2025,Zookeys,,https://www.scopus.com/inward/record.uri?partnerID=HzOxMe3b&scp=85218983694&origin=inward,https://www.scopus.com/inward/citedby.uri?partnerID=HzOxMe3b&scp=85218983694&origin=inward,,2026-04-12 18:33:30,Article,10.3897/zookeys.1227.138100,13132989,https://api.elsevier.com/content/abstract/scopus_id/85218983694,1227,,,,,5,5.0,1,0,,,,85218983694,2-s2.0-85218983694
0,Amatya B.,FEEDING BIOLOGY OF THE GLYPTOSTERNINE CATFISH PARACHILOGLANIS HODGARTI (SILURIFORMES: SISORIDAE) IN NEPAL,2025,Journal of the Bombay Natural History Society,,https://www.scopus.com/inward/record.uri?partnerID=HzOxMe3b&scp=105016007041&origin=inward,https://www.scopus.com/inward/citedby.uri?partnerID=HzOxMe3b&scp=105016007041&origin=inward,,2026-04-12 18:33:30,Article,10.17087/jbnhs/2025/v122/171093,00066982,https://api.elsevier.com/content/abstract/scopus_id/105016007041,122,2,,,,0,0.0,1,0,,,,105016007041,2-s2.0-105016007041
7,Ling N.,"Using faecal DNA metabarcoding to determine the diet of the long-tailed bat, Chalinolobus tuberculatus",2025,New Zealand Journal of Zoology,,https://www.scopus.com/inward/record.uri?partnerID=HzOxMe3b&scp=85167878779&origin=inward,https://www.scopus.com/inward/citedby.uri?partnerID=HzOxMe3b&scp=85167878779&origin=inward,,2026-04-12 18:33:30,Article,10.1080/03014223.2023.2240711,03014223,https://api.elsevier.com/content/abstract/scopus_id/85167878779,52,1,,,,7,7.0,1,0,,,,85167878779,2-s2.0-85167878779
1,Dewenter B.S.,Spatial scale influences relationships between indices of organisms’ thermal tolerance,2025,Journal of Thermal Biology,,https://www.scopus.com/inward/record.uri?partnerID=HzOxMe3b&scp=105013959848&origin=inward,https://www.scopus.com/inward/citedby.uri?partnerID=HzOxMe3b&scp=105013959848&origin=inward,,2026-04-12 18:33:30,Article,10.1016/j.jtherbio.2025.104226,03064565,https://api.elsevier.com/content/abstract/scopus_id/105013959848,132,,,,,1,1.0,1,0,,,,105013959848,2-s2.0-105013959848
0,Hamamura M.,"Two distinct genetic lineages of Drunella trispina (Uéno, 1928) (Ephemeroptera: Ephemerellidae) cohabit but are reproductively isolated in Kyoto, Japan",2025,Aquatic Insects,,https://www.scopus.com/inward/record.uri?partnerID=HzOxMe3b&scp=105009742459&origin=inward,https://www.scopus.com/inward/citedby.uri?partnerID=HzOxMe3b&scp=105009742459&origin=inward,,2026-04-12 18:33:30,Article,10.1080/01650424.2025.2505721,01650424,https://api.elsevier.com/content/abstract/scopus_id/105009742459,46,4,,,,0,0.0,1,0,,,,105009742459,2-s2.0-105009742459
2,Ogbeide C.,Flow Reduction in a Pesticide-Exposed Stream Mesocosm Affects Emerging Aquatic Insects and Alters Riparian Spider Communities,2025,Archives of Environmental Contamination and Toxicology,,https://www.scopus.com/inward/record.uri?partnerID=HzOxMe3b&scp=105013236702&origin=inward,https://www.scopus.com/inward/citedby.uri?partnerID=HzOxMe3b&scp=105013236702&origin=inward,,2026-04-12 18:33:30,Article,10.1007/s00244-025-01146-5,00904341,https://api.elsevier.com/content/abstract/scopus_id/105013236702,89,2,,,,2,2.0,1,0,,,,105013236702,2-s2.0-105013236702
0,Mouna S.C.,Influence of a dam and tributaries on macrobenthos communities and ecological water quality in the Kebir-Rhumel wadi (Northeast Algeria),2025,Oceanological and Hydrobiological Studies,,https://www.scopus.com/inward/record.uri?partnerID=HzOxMe3b&scp=105004767066&origin=inward,https://www.scopus.com/inward/citedby.uri?partnerID=HzOxMe3b&scp=105004767066&origin=inward,,2026-04-12 18:33:30,Article,10.26881/oahs-2025.1.04,1730413X,https://api.elsevier.com/content/abstract/scopus_id/105004767066,54,1,,,,0,0.0,1,0,,,,105004767066,2-s2.0-105004767066
1,Catâneo D.T.B.d.S.,Environmental degradation and its consequences for biological diversity in urban streams of the Southwestern Amazon,2025,Urban Ecosystems,,https://www.scopus.com/inward/record.uri?partnerID=HzOxMe3b&scp=105004678279&origin=inward,https://www.scopus.com/inward/citedby.uri?partnerID=HzOxMe3b&scp=105004678279&origin=inward,,2026-04-12 18:33:30,Article,10.1007/s11252-025-01733-3,10838155,https://api.elsevier.com/content/abstract/scopus_id/105004678279,28,3,,,,1,1.0,1,0,,,,105004678279,2-s2.0-105004678279
1,Huitger C.A.,"Potential Water-Quality and Hydrology Stressors on Freshwater Mussels With Development of Environmental DNA Assays for Selected Mussels and Macroinvertebrates in Big Darby Creek Basin, Ohio, 2020–22",2025,Usgs Scientific Investigations Report,,https://www.scopus.com/inward/record.uri?partnerID=HzOxMe3b&scp=105003770283&origin=inward,https://www.scopus.com/inward/citedby.uri?partnerID=HzOxMe3b&scp=105003770283&origin=inward,,2026-04-12 18:33:30,Article,10.3133/sir20255005,2328031X,https://api.elsevier.com/content/abstract/scopus_id/105003770283,2025,,,,,1,1.0,1,0,,,,105003770283,2-s2.0-105003770283
0,Bućan D.,Studying benthic macroinvertebrates colonisation dynamics in a karst spring: The role of artificial substrates and environment,2025,Ecologica Montenegrina,,https://www.scopus.com/inward/record.uri?partnerID=HzOxMe3b&scp=105008786481&origin=inward,https://www.scopus.com/inward/citedby.uri?partnerID=HzOxMe3b&scp=105008786481&origin=inward,,2026-04-12 18:33:30,Article,10.37828/em.2025.87.6,23370173,https://api.elsevier.com/content/abstract/scopus_id/105008786481,87,,,,,0,0.0,1,0,,,,105008786481,2-s2.0-105008786481
7,Peredo Arce A.,The effect of riparian forest on landscape connectivity for the EPT community across European regions,2025,Hydrobiologia,,https://www.scopus.com/inward/record.uri?partnerID=HzOxMe3b&scp=85171733958&origin=inward,https://www.scopus.com/inward/citedby.uri?partnerID=HzOxMe3b&scp=85171733958&origin=inward,,2026-04-12 18:33:30,Article,10.1007/s10750-023-05353-w,00188158,https://api.elsevier.com/content/abstract/scopus_id/85171733958,852,19,,,,7,7.0,1,0,,,,85171733958,2-s2.0-85171733958
2,Rivera-Pérez J.M.,"Industrial impacts on eastern Amazon streams assessment with benthic EPT community, leaf litter decomposition and associated fauna",2025,Environmental Research,,https://www.scopus.com/inward/record.uri?partnerID=HzOxMe3b&scp=105008110872&origin=inward,https://www.scopus.com/inward/citedby.uri?partnerID=HzOxMe3b&scp=105008110872&origin=inward,,2026-04-12 18:33:30,Article,10.1016/j.envres.2025.122128,00139351,https://api.elsevier.com/content/abstract/scopus_id/105008110872,283,,,,,2,2.0,1,0,,,,105008110872,2-s2.0-105008110872
0,Mbou Okassa M.B.,Diversity of benthic macroinvertebrates in the Mfoa river (Republic of Congo): preliminary results and prospects,2025,International Journal of Biological and Chemical Sciences,,https://www.scopus.com/inward/record.uri?partnerID=HzOxMe3b&scp=105033669214&origin=inward,https://www.scopus.com/inward/citedby.uri?partnerID=HzOxMe3b&scp=105033669214&origin=inward,,2026-04-12 18:33:30,Article,10.4314/ijbcs.v19i6.32,19918631,https://api.elsevier.com/content/abstract/scopus_id/105033669214,19,6,,,,0,0.0,1,0,,,,105033669214,2-s2.0-105033669214
0,Lubembe S.I.,"Effects of Nile Tilapia Fish Cage Farming on Macroinvertebrate Communities in Lake Kivu, Democratic Republic of the Congo",2025,International Review of Hydrobiology,,https://www.scopus.com/inward/record.uri?partnerID=HzOxMe3b&scp=105018778385&origin=inward,https://www.scopus.com/inward/citedby.uri?partnerID=HzOxMe3b&scp=105018778385&origin=inward,,2026-04-12 18:33:30,Article,10.1002/iroh.70023,14342944,https://api.elsevier.com/content/abstract/scopus_id/105018778385,110,2,,,,0,0.0,1,0,,,,105018778385,2-s2.0-105018778385
2,Tomingas P.,Diversity of small waterbodies sustains aquatic biodiversity in drained forest landscapes,2025,Hydrobiologia,,https://www.scopus.com/inward/record.uri?partnerID=HzOxMe3b&scp=86000430752&origin=inward,https://www.scopus.com/inward/citedby.uri?partnerID=HzOxMe3b&scp=86000430752&origin=inward,,2026-04-12 18:33:30,Article,10.1007/s10750-024-05770-5,00188158,https://api.elsevier.com/content/abstract/scopus_id/86000430752,852,6,,,,2,2.0,1,0,,,,86000430752,2-s2.0-86000430752
0,Vimos-Lojano D.,Spatial-temporal distributions of macroinvertebrate communities in high-mountain tropical lakes of Ecuador,2025,Hydrobiologia,,https://www.scopus.com/inward/record.uri?partnerID=HzOxMe3b&scp=105001943095&origin=inward,https://www.scopus.com/inward/citedby.uri?partnerID=HzOxMe3b&scp=105001943095&origin=inward,,2026-04-12 18:33:30,Article,10.1007/s10750-025-05847-9,00188158,https://api.elsevier.com/content/abstract/scopus_id/105001943095,852,16,,,,0,0.0,1,0,,,,105001943095,2-s2.0-105001943095
0,Mohanraj S.,A novel CNN–fuzzy–XAI approach for Alzheimer’s disease severity classification using brain MRI scans,2025,Cogent Engineering,,https://www.scopus.com/inward/record.uri?partnerID=HzOxMe3b&scp=105019568769&origin=inward,https://www.scopus.com/inward/citedby.uri?partnerID=HzOxMe3b&scp=105019568769&origin=inward,,2026-04-12 18:33:30,Article,10.1080/23311916.2025.2575105,,https://api.elsevier.com/content/abstract/scopus_id/105019568769,12,1,,,,0,0.0,1,0,,,,105019568769,2-s2.0-105019568769
1,Wozniak M.M.,Stream macroinvertebrate associations with water chemistry and habitat in low-gradient basins with minimal anthropogenic land use,2025,Hydrobiologia,,https://www.scopus.com/inward/record.uri?partnerID=HzOxMe3b&scp=105004574258&origin=inward,https://www.scopus.com/inward/citedby.uri?partnerID=HzOxMe3b&scp=105004574258&origin=inward,,2026-04-12 18:33:30,Article,10.1007/s10750-025-05880-8,00188158,https://api.elsevier.com/content/abstract/scopus_id/105004574258,852,18,,,,1,1.0,1,0,,,,105004574258,2-s2.0-105004574258
0,Xërxa B.,Evaluation of the Water Quality of the Prizren River (Kosovo) using Benthic Macroinvertebrates as Bioindicators,2025,Acta Zoologica Bulgarica,,https://www.scopus.com/inward/record.uri?partnerID=HzOxMe3b&scp=105009921986&origin=inward,https://www.scopus.com/inward/citedby.uri?partnerID=HzOxMe3b&scp=105009921986&origin=inward,,2026-04-12 18:33:30,Article,10.71424/azb77.2.002865,03240770,https://api.elsevier.com/content/abstract/scopus_id/105009921986,77,2,,,,0,0.0,1,0,,,,105009921986,2-s2.0-105009921986
0,Taş-Divrik M.,Investigation of benthic macroinvertable fauna and some environmental variables in Sızır Waterfall (Gemerek-Sivas),2025,Aquatic Research,,https://www.scopus.com/inward/record.uri?partnerID=HzOxMe3b&scp=105022634990&origin=inward,https://www.scopus.com/inward/citedby.uri?partnerID=HzOxMe3b&scp=105022634990&origin=inward,,2026-04-12 18:33:30,Article,10.3153/AR25002,,https://api.elsevier.com/content/abstract/scopus_id/105022634990,8,1,,,,0,0.0,1,0,,,,105022634990,2-s2.0-105022634990
1,Park S.R.,How Land Use and Hydrological Characteristics Impact Stream Conditions in Impaired Ecosystems,2025,Land,,https://www.scopus.com/inward/record.uri?partnerID=HzOxMe3b&scp=105003738633&origin=inward,https://www.scopus.com/inward/citedby.uri?partnerID=HzOxMe3b&scp=105003738633&origin=inward,,2026-04-12 18:33:30,Article,10.3390/land14040829,,https://api.elsevier.com/content/abstract/scopus_id/105003738633,14,4,,,,1,1.0,1,0,,,,105003738633,2-s2.0-105003738633
0,Huaman Palomino J.,Bibliometric Analysis of Macroinvertebrates as Bioindicators of Freshwater Quality,2025,Proceedings of the Laccei International Multi Conference for Engineering Education and Technology,,https://www.scopus.com/inward/record.uri?partnerID=HzOxMe3b&scp=105019306144&origin=inward,https://www.scopus.com/inward/citedby.uri?partnerID=HzOxMe3b&scp=105019306144&origin=inward,,2026-04-12 18:33:30,Conference Paper,10.18687/LACCEI2025.1.1.2247,,https://api.elsevier.com/content/abstract/scopus_id/105019306144,,2025,,,,0,0.0,1,0,,,,105019306144,2-s2.0-105019306144
0,Ortiz C.G.,Macroinvertebrates of semi-arid mountain rivers of San Luis (Argentina): basis for ecological assessment,2025,Acta Zoologica Lilloana,,https://www.scopus.com/inward/record.uri?partnerID=HzOxMe3b&scp=105024826289&origin=inward,https://www.scopus.com/inward/citedby.uri?partnerID=HzOxMe3b&scp=105024826289&origin=inward,,2026-04-12 18:33:30,Article,10.30550/j.azl/2261,00651729,https://api.elsevier.com/content/abstract/scopus_id/105024826289,69,2,,,,0,0.0,1,0,,,,105024826289,2-s2.0-105024826289
0,Tang J.,Response of macroinvertebrate drift to dam-induced flow fluctuations: A field experiment in the Yarlung Zangbo river,2025,Journal of Environmental Management,,https://www.scopus.com/inward/record.uri?partnerID=HzOxMe3b&scp=105018581915&origin=inward,https://www.scopus.com/inward/citedby.uri?partnerID=HzOxMe3b&scp=105018581915&origin=inward,,2026-04-12 18:33:30,Article,10.1016/j.jenvman.2025.127610,03014797,https://api.elsevier.com/content/abstract/scopus_id/105018581915,394,,,,,0,0.0,1,0,,,,105018581915,2-s2.0-105018581915
0,Wahab H.M.A.,The Effect of Industrial and Wastewater Effluents on the Diversity and Abundance of Macrobenthic Invertebrates in Upper Egypt's River Nile,2025,Egyptian Journal of Aquatic Biology and Fisheries,,https://www.scopus.com/inward/record.uri?partnerID=HzOxMe3b&scp=105000534516&origin=inward,https://www.scopus.com/inward/citedby.uri?partnerID=HzOxMe3b&scp=105000534516&origin=inward,,2026-04-12 18:33:30,Article,10.21608/ejabf.2025.416700,11106131,https://api.elsevier.com/content/abstract/scopus_id/105000534516,29,2,,,,0,0.0,1,0,,,,105000534516,2-s2.0-105000534516
0,Ali S.,Ecological Integrity Assessment of Alpine Lotic Ecosystems: A Case Study of a High-Altitude National Park in Northern Pakistan,2025,Water Switzerland,,https://www.scopus.com/inward/record.uri?partnerID=HzOxMe3b&scp=105010591439&origin=inward,https://www.scopus.com/inward/citedby.uri?partnerID=HzOxMe3b&scp=105010591439&origin=inward,,2026-04-12 18:33:30,Article,10.3390/w17131948,,https://api.elsevier.com/content/abstract/scopus_id/105010591439,17,13,,,,0,0.0,1,0,,,,105010591439,2-s2.0-105010591439
0,Silva M.S.G.M.E.,"Influence of land use on benthic macroinvertebrate assemblages in headwater streams of the Jaguari River Basin, Brazil",2025,Revista Ambiente E Agua,,https://www.scopus.com/inward/record.uri?partnerID=HzOxMe3b&scp=105001509541&origin=inward,https://www.scopus.com/inward/citedby.uri?partnerID=HzOxMe3b&scp=105001509541&origin=inward,,2026-04-12 18:33:30,Article,10.4136/ambi-agua.3044,1980993X,https://api.elsevier.com/content/abstract/scopus_id/105001509541,20,,,,,0,0.0,1,0,,,,105001509541,2-s2.0-105001509541
2,Bandhaw C.,Study of aquatic insect diversity and evaluation of the ecological status of the Sagar Lake,2025,International Journal of Tropical Insect Science,,https://www.scopus.com/inward/record.uri?partnerID=HzOxMe3b&scp=105004073292&origin=inward,https://www.scopus.com/inward/citedby.uri?partnerID=HzOxMe3b&scp=105004073292&origin=inward,,2026-04-12 18:33:30,Article,10.1007/s42690-025-01475-x,17427584,https://api.elsevier.com/content/abstract/scopus_id/105004073292,45,2,,,,2,2.0,1,0,,,,105004073292,2-s2.0-105004073292
1,Rana D.,Current status of Ichthyofaunal diversity of Indravati Stream a tributary of the Bhagirathi River in Uttarkashi,2025,Environment Conservation Journal,,https://www.scopus.com/inward/record.uri?partnerID=HzOxMe3b&scp=105009920558&origin=inward,https://www.scopus.com/inward/citedby.uri?partnerID=HzOxMe3b&scp=105009920558&origin=inward,,2026-04-12 18:33:30,Article,10.36953/ECJ.27602834,09723099,https://api.elsevier.com/content/abstract/scopus_id/105009920558,26,2,,,,1,1.0,1,0,,,,105009920558,2-s2.0-105009920558
1,Langheinrich U.,Recovery of Streams in the Harz National Park (Germany)—The Attenuation of Acidification,2025,Ecologies,,https://www.scopus.com/inward/record.uri?partnerID=HzOxMe3b&scp=105001384924&origin=inward,https://www.scopus.com/inward/citedby.uri?partnerID=HzOxMe3b&scp=105001384924&origin=inward,,2026-04-12 18:33:30,Article,10.3390/ecologies6010013,,https://api.elsevier.com/content/abstract/scopus_id/105001384924,6,1,,,,1,1.0,1,0,,,,105001384924,2-s2.0-105001384924
2,Hnilička M.,Stable isotope analysis reveals fish juveniles as a temporal main resource consumed by invasive pumpkinseed (Lepomis gibbosus),2025,Hydrobiologia,,https://www.scopus.com/inward/record.uri?partnerID=HzOxMe3b&scp=105001060455&origin=inward,https://www.scopus.com/inward/citedby.uri?partnerID=HzOxMe3b&scp=105001060455&origin=inward,,2026-04-12 18:33:30,Article,10.1007/s10750-024-05658-4,00188158,https://api.elsevier.com/content/abstract/scopus_id/105001060455,852,8,,,,2,2.0,1,0,,,,105001060455,2-s2.0-105001060455
4,Lee J.W.,Impact of Environmental Factors of Stream Ecosystems on Aquatic Invertebrate Communities,2025,Sustainability Switzerland,,https://www.scopus.com/inward/record.uri?partnerID=HzOxMe3b&scp=85217641465&origin=inward,https://www.scopus.com/inward/citedby.uri?partnerID=HzOxMe3b&scp=85217641465&origin=inward,,2026-04-12 18:33:30,Article,10.3390/su17031252,,https://api.elsevier.com/content/abstract/scopus_id/85217641465,17,3,,,,4,4.0,1,0,,,,85217641465,2-s2.0-85217641465
1,Athulya P.,"Diversity and distribution of aquatic insects and their relation to water quality parameters at the selected stations of the Chalakudy River, Kerala, India",2025,Aquatic Ecology,,https://www.scopus.com/inward/record.uri?partnerID=HzOxMe3b&scp=85217872759&origin=inward,https://www.scopus.com/inward/citedby.uri?partnerID=HzOxMe3b&scp=85217872759&origin=inward,,2026-04-12 18:33:30,Article,10.1007/s10452-025-10175-0,13862588,https://api.elsevier.com/content/abstract/scopus_id/85217872759,59,2,,,,1,1.0,1,0,,,,85217872759,2-s2.0-85217872759
1,Suhri A.G.M.I.,Diversity and Ecological Role of Aquatic Insects as Bioindicators of Water Quality in Tropical Streams,2025,Egyptian Journal of Aquatic Biology and Fisheries,,https://www.scopus.com/inward/record.uri?partnerID=HzOxMe3b&scp=105017167255&origin=inward,https://www.scopus.com/inward/citedby.uri?partnerID=HzOxMe3b&scp=105017167255&origin=inward,,2026-04-12 18:33:30,Article,10.21608/ejabf.2025.415515.6435,11106131,https://api.elsevier.com/content/abstract/scopus_id/105017167255,29,5,,,,1,1.0,1,0,,,,105017167255,2-s2.0-105017167255
0,Vega-Garzón L.P.,Water quality assessment using biological indicators in Cane River - Colombia,2025,Revista Facultad De Ingenieria,,https://www.scopus.com/inward/record.uri?partnerID=HzOxMe3b&scp=105002395429&origin=inward,https://www.scopus.com/inward/citedby.uri?partnerID=HzOxMe3b&scp=105002395429&origin=inward,,2026-04-12 18:33:30,Article,10.17533/udea.redin.20240516,01206230,https://api.elsevier.com/content/abstract/scopus_id/105002395429,,115,,,,0,0.0,1,0,,,,105002395429,2-s2.0-105002395429
0,Bagra B.,Inventory of aquatic edible insects among selected tribes of central and southwestern Arunachal Pradesh with comparative note on global scenario,2025,Journal of Insects as Food and Feed,,https://www.scopus.com/inward/record.uri?partnerID=HzOxMe3b&scp=105022913055&origin=inward,https://www.scopus.com/inward/citedby.uri?partnerID=HzOxMe3b&scp=105022913055&origin=inward,,2026-04-12 18:33:30,Article,10.1163/23524588-bja10333,,https://api.elsevier.com/content/abstract/scopus_id/105022913055,,,,,,0,0.0,1,0,,,,105022913055,2-s2.0-105022913055
4,Akinpelu O.T.,Comparative investigation provides further insights on how riparian deforestation and different land uses impact the distribution of freshwater macroinvertebrates in Nigerian streams,2025,Ecohydrology and Hydrobiology,,https://www.scopus.com/inward/record.uri?partnerID=HzOxMe3b&scp=85184038503&origin=inward,https://www.scopus.com/inward/citedby.uri?partnerID=HzOxMe3b&scp=85184038503&origin=inward,,2026-04-12 18:33:30,Article,10.1016/j.ecohyd.2024.01.006,16423593,https://api.elsevier.com/content/abstract/scopus_id/85184038503,25,1,,,,4,4.0,1,0,,,,85184038503,2-s2.0-85184038503
0,Pantiga-Tapia A.,"Biological Evaluation of Water Quality with the BMWP Index in a Section of the Tlapaneco River Affected by Two Rural Communities in the Guerrero Mountains, Mexico",2025,Environments Mdpi,,https://www.scopus.com/inward/record.uri?partnerID=HzOxMe3b&scp=105001168589&origin=inward,https://www.scopus.com/inward/citedby.uri?partnerID=HzOxMe3b&scp=105001168589&origin=inward,,2026-04-12 18:33:30,Article,10.3390/environments12030091,,https://api.elsevier.com/content/abstract/scopus_id/105001168589,12,3,,,,0,0.0,1,0,,,,105001168589,2-s2.0-105001168589
5,Munyai L.F.,Environmental characteristics shape macroinvertebrate community structure across spatiotemporal scales in a subtropical African river system,2025,Scientific Reports,,https://www.scopus.com/inward/record.uri?partnerID=HzOxMe3b&scp=85218693136&origin=inward,https://www.scopus.com/inward/citedby.uri?partnerID=HzOxMe3b&scp=85218693136&origin=inward,,2026-04-12 18:33:30,Article,10.1038/s41598-025-91346-9,,https://api.elsevier.com/content/abstract/scopus_id/85218693136,15,1,,,,5,5.0,1,0,,,,85218693136,2-s2.0-85218693136
0,Quist M.C.,"Food Habits of Nonnative Smallmouth Bass in Coeur d’Alene Lake, Idaho",2025,Northwest Science,,https://www.scopus.com/inward/record.uri?partnerID=HzOxMe3b&scp=105015974695&origin=inward,https://www.scopus.com/inward/citedby.uri?partnerID=HzOxMe3b&scp=105015974695&origin=inward,,2026-04-12 18:33:30,Article,10.3955/046.098.0202,0029344X,https://api.elsevier.com/content/abstract/scopus_id/105015974695,98,2,,,,0,0.0,1,0,,,,105015974695,2-s2.0-105015974695
0,Besser A.C.,Differential utilization of submerged leaf litter by microbial biofilms and macroinvertebrates in a large dryland river,2025,Limnology and Oceanography,,https://www.scopus.com/inward/record.uri?partnerID=HzOxMe3b&scp=105018508076&origin=inward,https://www.scopus.com/inward/citedby.uri?partnerID=HzOxMe3b&scp=105018508076&origin=inward,,2026-04-12 18:33:30,Article,10.1002/lno.70225,00243590,https://api.elsevier.com/content/abstract/scopus_id/105018508076,70,11,,,,0,0.0,1,0,,,,105018508076,2-s2.0-105018508076
2,Rhoades S.J.,Reduced Streamflow From Water Diversion Alters Stream Ecology and Fish Behavior,2025,River Research and Applications,,https://www.scopus.com/inward/record.uri?partnerID=HzOxMe3b&scp=86000377743&origin=inward,https://www.scopus.com/inward/citedby.uri?partnerID=HzOxMe3b&scp=86000377743&origin=inward,,2026-04-12 18:33:30,Article,10.1002/rra.4386,15351459,https://api.elsevier.com/content/abstract/scopus_id/86000377743,41,3,,,,2,2.0,1,0,,,,86000377743,2-s2.0-86000377743
1,Carrasco-Baquero J.C.,Aquatic macroinvertebrates as indicators of water quality in the wetlands of the Chimborazo Wildlife Reserve – Ecuador,2025,Limnologica,,https://www.scopus.com/inward/record.uri?partnerID=HzOxMe3b&scp=86000131803&origin=inward,https://www.scopus.com/inward/citedby.uri?partnerID=HzOxMe3b&scp=86000131803&origin=inward,,2026-04-12 18:33:30,Article,10.1016/j.limno.2025.126234,00759511,https://api.elsevier.com/content/abstract/scopus_id/86000131803,112,,,,,1,1.0,1,0,,,,86000131803,2-s2.0-86000131803
1,Bouasria H.,Assessment of Water Quality by Identification of the Faunal Biodiversity of Oum Errabia River in Morocco,2025,Egyptian Journal of Aquatic Biology and Fisheries,,https://www.scopus.com/inward/record.uri?partnerID=HzOxMe3b&scp=105006433091&origin=inward,https://www.scopus.com/inward/citedby.uri?partnerID=HzOxMe3b&scp=105006433091&origin=inward,,2026-04-12 18:33:30,Article,10.21608/ejabf.2025.426900,11106131,https://api.elsevier.com/content/abstract/scopus_id/105006433091,29,3,,,,1,1.0,1,0,,,,105006433091,2-s2.0-105006433091
1,Evangelista C.,Prolonged low flows and non-native fish operate additively to alter insect emergence in mountain streams,2025,Limnology and Oceanography,,https://www.scopus.com/inward/record.uri?partnerID=HzOxMe3b&scp=105011861534&origin=inward,https://www.scopus.com/inward/citedby.uri?partnerID=HzOxMe3b&scp=105011861534&origin=inward,,2026-04-12 18:33:30,Article,10.1002/lno.70112,00243590,https://api.elsevier.com/content/abstract/scopus_id/105011861534,70,S2,,,,1,1.0,1,0,,,,105011861534,2-s2.0-105011861534
0,Zainal S.,The ability of aquatic insects to determine the water quality index (WQI) and simple water quality index (ISQA) upstream reach Pahang river as a model,2025,Aip Conference Proceedings,,https://www.scopus.com/inward/record.uri?partnerID=HzOxMe3b&scp=105021218518&origin=inward,https://www.scopus.com/inward/citedby.uri?partnerID=HzOxMe3b&scp=105021218518&origin=inward,,2026-04-12 18:33:30,Conference Paper,10.1063/5.0290173,0094243X,https://api.elsevier.com/content/abstract/scopus_id/105021218518,3322,1,,,,0,0.0,1,0,,,,105021218518,2-s2.0-105021218518
0,Brakovska A.,AQUATIC INVERTEBRATE DIVERSITY OF SMALL PONDS BY EMYS ORBICULARIS IN LATVIA,2025,Acta Biologica Universitatis Daugavpiliensis,,https://www.scopus.com/inward/record.uri?partnerID=HzOxMe3b&scp=105027779384&origin=inward,https://www.scopus.com/inward/citedby.uri?partnerID=HzOxMe3b&scp=105027779384&origin=inward,,2026-04-12 18:33:30,Article,10.59893/abud.25(2).006,14078953,https://api.elsevier.com/content/abstract/scopus_id/105027779384,25,2,,,,0,0.0,1,0,,,,105027779384,2-s2.0-105027779384
0,Negi P.,"Bioassessment of water quality in the upland streams of Himalaya, Uttarakhand, India lesser Himalaya, Uttarakhand, India",2025,Environment Conservation Journal,,https://www.scopus.com/inward/record.uri?partnerID=HzOxMe3b&scp=105003049862&origin=inward,https://www.scopus.com/inward/citedby.uri?partnerID=HzOxMe3b&scp=105003049862&origin=inward,,2026-04-12 18:33:30,Article,10.36953/ECJ.29182912,09723099,https://api.elsevier.com/content/abstract/scopus_id/105003049862,26,1,,,,0,0.0,1,0,,,,105003049862,2-s2.0-105003049862
1,Kopp D.A.,A model-based assessment of anthropogenic disturbance on lotic macroinvertebrate assemblages,2025,Ecosphere,,https://www.scopus.com/inward/record.uri?partnerID=HzOxMe3b&scp=105018493528&origin=inward,https://www.scopus.com/inward/citedby.uri?partnerID=HzOxMe3b&scp=105018493528&origin=inward,,2026-04-12 18:33:30,Article,10.1002/ecs2.70361,,https://api.elsevier.com/content/abstract/scopus_id/105018493528,16,10,,,,1,1.0,1,0,,,,105018493528,2-s2.0-105018493528
0,Wiberg-Larsen P.,The fate of biodiversity following regulation and restoration of a Lowland River of Danish and European importance,2025,Ecological Engineering,,https://www.scopus.com/inward/record.uri?partnerID=HzOxMe3b&scp=105004553465&origin=inward,https://www.scopus.com/inward/citedby.uri?partnerID=HzOxMe3b&scp=105004553465&origin=inward,,2026-04-12 18:33:30,Article,10.1016/j.ecoleng.2025.107664,09258574,https://api.elsevier.com/content/abstract/scopus_id/105004553465,218,,,,,0,0.0,1,0,,,,105004553465,2-s2.0-105004553465
0,Li X.,Analysis of biological benchmarks for the Chishui River based on benthic integrity assessment,2025,Water Resources Protection,,https://www.scopus.com/inward/record.uri?partnerID=HzOxMe3b&scp=105012551693&origin=inward,https://www.scopus.com/inward/citedby.uri?partnerID=HzOxMe3b&scp=105012551693&origin=inward,,2026-04-12 18:33:30,Article,10.3880/j.issn.1004-6933.2025.02.028,10046933,https://api.elsevier.com/content/abstract/scopus_id/105012551693,41,2,,,,0,0.0,1,0,,,,105012551693,2-s2.0-105012551693
1,Uprety Y.,"Assessing physicochemical and biological indicators and their interactions in high-altitude lakes of Gokyo Valley, Nepal",2025,Environmental Advances,,https://www.scopus.com/inward/record.uri?partnerID=HzOxMe3b&scp=105024831658&origin=inward,https://www.scopus.com/inward/citedby.uri?partnerID=HzOxMe3b&scp=105024831658&origin=inward,,2026-04-12 18:33:30,Article,10.1016/j.envadv.2025.100675,26667657,https://api.elsevier.com/content/abstract/scopus_id/105024831658,22,,,,,1,1.0,1,0,,,,105024831658,2-s2.0-105024831658
0,Zamziba N.L.,"Study the effects of water quality index value on the existence of aquatic insect families at Sungai Kampong Klewang, Royal Belum Perak",2025,Aip Conference Proceedings,,https://www.scopus.com/inward/record.uri?partnerID=HzOxMe3b&scp=105021212510&origin=inward,https://www.scopus.com/inward/citedby.uri?partnerID=HzOxMe3b&scp=105021212510&origin=inward,,2026-04-12 18:33:30,Conference Paper,10.1063/5.0290177,0094243X,https://api.elsevier.com/content/abstract/scopus_id/105021212510,3322,1,,,,0,0.0,1,0,,,,105021212510,2-s2.0-105021212510
1,Preston D.L.,Influence of water source on alpine stream community structure: linking morphological and metabarcoding approaches,2025,Aquatic Sciences,,https://www.scopus.com/inward/record.uri?partnerID=HzOxMe3b&scp=85209779421&origin=inward,https://www.scopus.com/inward/citedby.uri?partnerID=HzOxMe3b&scp=85209779421&origin=inward,,2026-04-12 18:33:30,Article,10.1007/s00027-024-01134-2,10151621,https://api.elsevier.com/content/abstract/scopus_id/85209779421,87,1,,,,1,1.0,1,0,,,,85209779421,2-s2.0-85209779421
0,van Kouwen L.A.H.,An empirically derived riparian forest preference index for lowland stream macroinvertebrates,2025,Ecological Indicators,,https://www.scopus.com/inward/record.uri?partnerID=HzOxMe3b&scp=105004266469&origin=inward,https://www.scopus.com/inward/citedby.uri?partnerID=HzOxMe3b&scp=105004266469&origin=inward,,2026-04-12 18:33:30,Article,10.1016/j.ecolind.2025.113547,1470160X,https://api.elsevier.com/content/abstract/scopus_id/105004266469,175,,,,,0,0.0,1,0,,,,105004266469,2-s2.0-105004266469
1,Mundahl N.D.,"Characterizing Stream Condition with Benthic Macroinvertebrates in Southeastern Minnesota, USA: Agriculture, Channelization, and Karst Geology Impact Lotic Habitats and Communities",2025,Insects,,https://www.scopus.com/inward/record.uri?partnerID=HzOxMe3b&scp=85215816511&origin=inward,https://www.scopus.com/inward/citedby.uri?partnerID=HzOxMe3b&scp=85215816511&origin=inward,,2026-04-12 18:33:30,Article,10.3390/insects16010059,,https://api.elsevier.com/content/abstract/scopus_id/85215816511,16,1,,,,1,1.0,1,0,,,,85215816511,2-s2.0-85215816511
1,Jurina D.,Unraveling the interplay between seasonal variations in macroinvertebrates and microplastics in urban stream sediments,2025,Urban Ecosystems,,https://www.scopus.com/inward/record.uri?partnerID=HzOxMe3b&scp=85208108067&origin=inward,https://www.scopus.com/inward/citedby.uri?partnerID=HzOxMe3b&scp=85208108067&origin=inward,,2026-04-12 18:33:30,Article,10.1007/s11252-024-01638-7,10838155,https://api.elsevier.com/content/abstract/scopus_id/85208108067,28,1,,,,1,1.0,1,0,,,,85208108067,2-s2.0-85208108067
0,Eriksen T.E.,Mine-tailings pollution shape riverine macroinvertebrate communities: A case-study from the River Folla,2025,Fauna Norvegica,,https://www.scopus.com/inward/record.uri?partnerID=HzOxMe3b&scp=105020190672&origin=inward,https://www.scopus.com/inward/citedby.uri?partnerID=HzOxMe3b&scp=105020190672&origin=inward,,2026-04-12 18:33:30,Article,10.5324/fn.v44i0.6354,15024873,https://api.elsevier.com/content/abstract/scopus_id/105020190672,44,,,,,0,0.0,1,0,,,,105020190672,2-s2.0-105020190672
0,Khaliq I.,Documenting climate-driven changes in Swiss macroinvertebrate communities with a ‘temperature index’: An evaluation of different sources of thermal preference data,2025,Ecological Indicators,,https://www.scopus.com/inward/record.uri?partnerID=HzOxMe3b&scp=105014292549&origin=inward,https://www.scopus.com/inward/citedby.uri?partnerID=HzOxMe3b&scp=105014292549&origin=inward,,2026-04-12 18:33:30,Article,10.1016/j.ecolind.2025.114129,1470160X,https://api.elsevier.com/content/abstract/scopus_id/105014292549,178,,,,,0,0.0,1,0,,,,105014292549,2-s2.0-105014292549
0,Yu Y.,"Assessment of the Biodiversity Value of Benthic Macroinvertebrates in the Tuojiang River Basin, Chengdu",2025,Sustainability Switzerland,,https://www.scopus.com/inward/record.uri?partnerID=HzOxMe3b&scp=85215801717&origin=inward,https://www.scopus.com/inward/citedby.uri?partnerID=HzOxMe3b&scp=85215801717&origin=inward,,2026-04-12 18:33:30,Article,10.3390/su17020446,,https://api.elsevier.com/content/abstract/scopus_id/85215801717,17,2,,,,0,0.0,1,0,,,,85215801717,2-s2.0-85215801717
2,McKenzie M.,Stream Invertebrate Responses to Fine Sediment Depend on the Organic and Inorganic Components,2025,Freshwater Biology,,https://www.scopus.com/inward/record.uri?partnerID=HzOxMe3b&scp=105001970833&origin=inward,https://www.scopus.com/inward/citedby.uri?partnerID=HzOxMe3b&scp=105001970833&origin=inward,,2026-04-12 18:33:30,Article,10.1111/fwb.70022,00465070,https://api.elsevier.com/content/abstract/scopus_id/105001970833,70,3,,,,2,2.0,1,0,,,,105001970833,2-s2.0-105001970833
2,Bourne K.,Local land-use decisions drive losses in river biological integrity to 2099: Using machine learning to disentangle interacting drivers of ecological change in policy forecasts,2025,Meteorological Applications,,https://www.scopus.com/inward/record.uri?partnerID=HzOxMe3b&scp=85214206504&origin=inward,https://www.scopus.com/inward/citedby.uri?partnerID=HzOxMe3b&scp=85214206504&origin=inward,,2026-04-12 18:33:30,Article,10.1002/met.70024,13504827,https://api.elsevier.com/content/abstract/scopus_id/85214206504,32,1,,,,2,2.0,1,0,,,,85214206504,2-s2.0-85214206504
3,Eriksen T.E.,Unveiling cryptic macroinvertebrate sentinels to enhance biomonitoring in tropical rivers: Bridging traditional approaches with DNA barcoding in the Indo-Burma biodiversity hotspot,2025,Science of the Total Environment,,https://www.scopus.com/inward/record.uri?partnerID=HzOxMe3b&scp=85212151049&origin=inward,https://www.scopus.com/inward/citedby.uri?partnerID=HzOxMe3b&scp=85212151049&origin=inward,,2026-04-12 18:33:30,Article,10.1016/j.scitotenv.2024.178064,00489697,https://api.elsevier.com/content/abstract/scopus_id/85212151049,958,,,,,3,3.0,1,0,,,,85212151049,2-s2.0-85212151049
0,Arfiati D.,"Community Structure of Benthic Macroinvertebrates as Bioindicators of Water Quality in the Upstream Setail River, Banyuwangi, East Java, Indonesia",2025,Egyptian Journal of Aquatic Biology and Fisheries,,https://www.scopus.com/inward/record.uri?partnerID=HzOxMe3b&scp=105007180505&origin=inward,https://www.scopus.com/inward/citedby.uri?partnerID=HzOxMe3b&scp=105007180505&origin=inward,,2026-04-12 18:33:30,Article,10.21608/ejabf.2025.429568,11106131,https://api.elsevier.com/content/abstract/scopus_id/105007180505,29,3,,,,0,0.0,1,0,,,,105007180505,2-s2.0-105007180505
4,Qu Y.,River invertebrate biodiversity benefits from upstream urban woodland,2025,Landscape and Urban Planning,,https://www.scopus.com/inward/record.uri?partnerID=HzOxMe3b&scp=85208251757&origin=inward,https://www.scopus.com/inward/citedby.uri?partnerID=HzOxMe3b&scp=85208251757&origin=inward,,2026-04-12 18:33:30,Article,10.1016/j.landurbplan.2024.105251,01692046,https://api.elsevier.com/content/abstract/scopus_id/85208251757,254,,,,,4,4.0,1,0,,,,85208251757,2-s2.0-85208251757
3,Feng S.,Effect of Environmental Factors on Macrobenthic Community Structure in Chishui River Basin,2025,Sustainability Switzerland,,https://www.scopus.com/inward/record.uri?partnerID=HzOxMe3b&scp=85215818743&origin=inward,https://www.scopus.com/inward/citedby.uri?partnerID=HzOxMe3b&scp=85215818743&origin=inward,,2026-04-12 18:33:30,Article,10.3390/su17020469,,https://api.elsevier.com/content/abstract/scopus_id/85215818743,17,2,,,,3,3.0,1,0,,,,85215818743,2-s2.0-85215818743
0,Savosin E.S.,Hydrobiocenoses of a small arctic lake under urbanization conditions,2025,Problemy Arktiki I Antarktiki,,https://www.scopus.com/inward/record.uri?partnerID=HzOxMe3b&scp=105012455757&origin=inward,https://www.scopus.com/inward/citedby.uri?partnerID=HzOxMe3b&scp=105012455757&origin=inward,,2026-04-12 18:33:30,Article,10.30758/0555-2648-2025-71-2-201-214,05552648,https://api.elsevier.com/content/abstract/scopus_id/105012455757,71,2,,,,0,0.0,1,0,,,,105012455757,2-s2.0-105012455757
2,Valente-Neto F.,Cost-effective alternatives to facilitate biomonitoring and bioassessment of neotropical streams,2025,Science of the Total Environment,,https://www.scopus.com/inward/record.uri?partnerID=HzOxMe3b&scp=85216560753&origin=inward,https://www.scopus.com/inward/citedby.uri?partnerID=HzOxMe3b&scp=85216560753&origin=inward,,2026-04-12 18:33:30,Article,10.1016/j.scitotenv.2025.178654,00489697,https://api.elsevier.com/content/abstract/scopus_id/85216560753,965,,,,,2,2.0,1,0,,,,85216560753,2-s2.0-85216560753
1,Jiang J.,Diet-microbiome coevolution: the core mechanism for semi-aquatic adaptation and cross-habitat niche coexistence of the web-footed shrew (Nectogale elegans),2025,Frontiers in Microbiology,,https://www.scopus.com/inward/record.uri?partnerID=HzOxMe3b&scp=105023709612&origin=inward,https://www.scopus.com/inward/citedby.uri?partnerID=HzOxMe3b&scp=105023709612&origin=inward,,2026-04-12 18:33:30,Article,10.3389/fmicb.2025.1711143,,https://api.elsevier.com/content/abstract/scopus_id/105023709612,16,,,,,1,1.0,1,0,,,,105023709612,2-s2.0-105023709612
0,Zhao Y.,Health Assessment of Pengxi River Basin in Three Gorges Reservoir Area Based on the Biological Integrity Index of Macrobenthos,2025,Research of Environmental Sciences,,https://www.scopus.com/inward/record.uri?partnerID=HzOxMe3b&scp=105011292393&origin=inward,https://www.scopus.com/inward/citedby.uri?partnerID=HzOxMe3b&scp=105011292393&origin=inward,,2026-04-12 18:33:30,Article,10.13198/j.issn.1001-6929.2025.05.16,10016929,https://api.elsevier.com/content/abstract/scopus_id/105011292393,38,7,,,,0,0.0,1,0,,,,105011292393,2-s2.0-105011292393
8,Lafrenière M.C.,Rare earth elements accumulation and patterns in abiotic and biotic compartments of a large river system influenced by natural and anthropogenic sources in Eastern Canada,2025,Environmental Pollution,,https://www.scopus.com/inward/record.uri?partnerID=HzOxMe3b&scp=85212963820&origin=inward,https://www.scopus.com/inward/citedby.uri?partnerID=HzOxMe3b&scp=85212963820&origin=inward,,2026-04-12 18:33:30,Article,10.1016/j.envpol.2024.125558,02697491,https://api.elsevier.com/content/abstract/scopus_id/85212963820,367,,,,,8,8.0,1,0,,,,85212963820,2-s2.0-85212963820
0,Meng W.,DNA metabarcoding-based diet analysis of Salmo trutta fario in the Yadong River,2025,Journal of Fisheries of China,,https://www.scopus.com/inward/record.uri?partnerID=HzOxMe3b&scp=105018518960&origin=inward,https://www.scopus.com/inward/citedby.uri?partnerID=HzOxMe3b&scp=105018518960&origin=inward,,2026-04-12 18:33:30,Article,10.11964/jfc.20240314415,10000615,https://api.elsevier.com/content/abstract/scopus_id/105018518960,49,11,,,,0,0.0,1,0,,,,105018518960,2-s2.0-105018518960
0,Zhang Y.R.,Evaluation of ecological health and driving factors in Ching River Basin based on biological integrity of benthic macroinvertebrates,2025,Zhongguo Huanjing Kexue China Environmental Science,,https://www.scopus.com/inward/record.uri?partnerID=HzOxMe3b&scp=105019240528&origin=inward,https://www.scopus.com/inward/citedby.uri?partnerID=HzOxMe3b&scp=105019240528&origin=inward,,2026-04-12 18:33:30,Article,,10006923,https://api.elsevier.com/content/abstract/scopus_id/105019240528,45,10,,,,0,0.0,1,0,,,,105019240528,2-s2.0-105019240528
0,Wang C.R.,Patterns of macroinvertebrate communities and their driving factors in streams of Guangdong Liannan Giant Salamander Provincial Nature Reserve,2025,Zhongguo Huanjing Kexue China Environmental Science,,https://www.scopus.com/inward/record.uri?partnerID=HzOxMe3b&scp=105017717115&origin=inward,https://www.scopus.com/inward/citedby.uri?partnerID=HzOxMe3b&scp=105017717115&origin=inward,,2026-04-12 18:33:30,Article,,10006923,https://api.elsevier.com/content/abstract/scopus_id/105017717115,45,9,,,,0,0.0,1,0,,,,105017717115,2-s2.0-105017717115
0,Zhang F.,The spatiotemporal patterns and influencing factors of macroinvertebrate communities in the water diversion and receiving areas during the construction phase of the Central Yunnan Water Diversion Project,2025,Huanjing Kexue Xuebao Acta Scientiae Circumstantiae,,https://www.scopus.com/inward/record.uri?partnerID=HzOxMe3b&scp=105008457148&origin=inward,https://www.scopus.com/inward/citedby.uri?partnerID=HzOxMe3b&scp=105008457148&origin=inward,,2026-04-12 18:33:30,Article,10.13671/j.hjkxxb.2025.0002,02532468,https://api.elsevier.com/content/abstract/scopus_id/105008457148,45,6,,,,0,0.0,1,0,,,,105008457148,2-s2.0-105008457148
2,van Leeuwen C.H.A.,Length–Dry Mass Relationships of Aquatic Insects: Geographic and Taxonomic Variation in a Digital Database,2025,Freshwater Biology,,https://www.scopus.com/inward/record.uri?partnerID=HzOxMe3b&scp=105009843863&origin=inward,https://www.scopus.com/inward/citedby.uri?partnerID=HzOxMe3b&scp=105009843863&origin=inward,,2026-04-12 18:33:30,Article,10.1111/fwb.70056,00465070,https://api.elsevier.com/content/abstract/scopus_id/105009843863,70,7,,,,2,2.0,1,0,,,,105009843863,2-s2.0-105009843863
0,Rios-Escalante P.R.D.l.,"Aquatic insects in river of Andean relict of central Chilean native forest (Alto Huemul, 34°S, Chile)",2025,Brazilian Journal of Biology,,https://www.scopus.com/inward/record.uri?partnerID=HzOxMe3b&scp=105019728725&origin=inward,https://www.scopus.com/inward/citedby.uri?partnerID=HzOxMe3b&scp=105019728725&origin=inward,,2026-04-12 18:33:30,Article,10.1590/1519-6984.295368,15196984,https://api.elsevier.com/content/abstract/scopus_id/105019728725,85,,,,,0,0.0,1,0,,,,105019728725,2-s2.0-105019728725
0,Mahabir P.N.,"Environmental and ecological factors, but not agricultural activity, are associated with brain size in creek chub (Semotilus atromaculatus)",2025,Environmental Biology of Fishes,,https://www.scopus.com/inward/record.uri?partnerID=HzOxMe3b&scp=85211953721&origin=inward,https://www.scopus.com/inward/citedby.uri?partnerID=HzOxMe3b&scp=85211953721&origin=inward,,2026-04-12 18:33:30,Article,10.1007/s10641-024-01649-5,03781909,https://api.elsevier.com/content/abstract/scopus_id/85211953721,108,1,,,,0,0.0,1,0,,,,85211953721,2-s2.0-85211953721
2,Simović P.,The Effects of Data Quality on Deep Learning Performance for Aquatic Insect Identification: Advances for Biomonitoring Studies,2025,Water Switzerland,,https://www.scopus.com/inward/record.uri?partnerID=HzOxMe3b&scp=85214496780&origin=inward,https://www.scopus.com/inward/citedby.uri?partnerID=HzOxMe3b&scp=85214496780&origin=inward,,2026-04-12 18:33:30,Article,10.3390/w17010021,,https://api.elsevier.com/content/abstract/scopus_id/85214496780,17,1,,,,2,2.0,1,0,,,,85214496780,2-s2.0-85214496780
2,Campbell K.,"Photosynthetic oxygen bubble stream sounds from aquatic macrophytes, and their consequences for acoustic biodiversity inventories and acoustic communication in shallow freshwater settings",2025,Plos One,,https://www.scopus.com/inward/record.uri?partnerID=HzOxMe3b&scp=105003093289&origin=inward,https://www.scopus.com/inward/citedby.uri?partnerID=HzOxMe3b&scp=105003093289&origin=inward,,2026-04-12 18:33:30,Article,10.1371/journal.pone.0317424,,https://api.elsevier.com/content/abstract/scopus_id/105003093289,20,4 April,,,,2,2.0,1,0,,,,105003093289,2-s2.0-105003093289
0,Zanotelli A.L.,Integrating Life Cycle Assessment into Insect Biofactory Systems: Environmental Evaluation of Habrobracon hebetor Production,2025,Neotropical Entomology,,https://www.scopus.com/inward/record.uri?partnerID=HzOxMe3b&scp=105025681616&origin=inward,https://www.scopus.com/inward/citedby.uri?partnerID=HzOxMe3b&scp=105025681616&origin=inward,,2026-04-12 18:33:30,Article,10.1007/s13744-025-01345-8,1519566X,https://api.elsevier.com/content/abstract/scopus_id/105025681616,54,1,,,,0,0.0,1,0,,,,105025681616,2-s2.0-105025681616
0,Harrison S.,The Citizen Science Stream Index - a simple and effective citizen science biomonitoring protocol using six key macroinvertebrate indicator taxa,2025,Science of the Total Environment,,https://www.scopus.com/inward/record.uri?partnerID=HzOxMe3b&scp=105022870183&origin=inward,https://www.scopus.com/inward/citedby.uri?partnerID=HzOxMe3b&scp=105022870183&origin=inward,,2026-04-12 18:33:30,Article,10.1016/j.scitotenv.2025.181002,00489697,https://api.elsevier.com/content/abstract/scopus_id/105022870183,1009,,,,,0,0.0,1,0,,,,105022870183,2-s2.0-105022870183
2,Krtolica I.,Use of Artificial Neural Networks (ANNs) to assess xenobiotics in a river catchment using macroinvertebrates as bioindicators,2025,Aquatic Toxicology,,https://www.scopus.com/inward/record.uri?partnerID=HzOxMe3b&scp=105009274107&origin=inward,https://www.scopus.com/inward/citedby.uri?partnerID=HzOxMe3b&scp=105009274107&origin=inward,,2026-04-12 18:33:30,Article,10.1016/j.aquatox.2025.107466,0166445X,https://api.elsevier.com/content/abstract/scopus_id/105009274107,286,,,,,2,2.0,1,0,,,,105009274107,2-s2.0-105009274107
0,Augusto F.G.,Opposing δ13C and δ15N signatures in terrestrial and aquatic insects from Brazilian ecosystems by human disturbance,2025,Science of the Total Environment,,https://www.scopus.com/inward/record.uri?partnerID=HzOxMe3b&scp=105018960803&origin=inward,https://www.scopus.com/inward/citedby.uri?partnerID=HzOxMe3b&scp=105018960803&origin=inward,,2026-04-12 18:33:30,Article,10.1016/j.scitotenv.2025.180745,00489697,https://api.elsevier.com/content/abstract/scopus_id/105018960803,1003,,,,,0,0.0,1,0,,,,105018960803,2-s2.0-105018960803
0,Eich R.G.F.,An overview of campaniform sensilla arrangement and location on hexapod legs,2025,Arthropod Structure and Development,,https://www.scopus.com/inward/record.uri?partnerID=HzOxMe3b&scp=105013127721&origin=inward,https://www.scopus.com/inward/citedby.uri?partnerID=HzOxMe3b&scp=105013127721&origin=inward,,2026-04-12 18:33:30,Article,10.1016/j.asd.2025.101477,14678039,https://api.elsevier.com/content/abstract/scopus_id/105013127721,88,,,,,0,0.0,1,0,,,,105013127721,2-s2.0-105013127721
1,Paiva F.F.,Impact of different land uses and covers on taxonomic and functional diversity and secondary production of benthic fauna in tropical reservoirs,2025,Environmental Monitoring and Assessment,,https://www.scopus.com/inward/record.uri?partnerID=HzOxMe3b&scp=105003371484&origin=inward,https://www.scopus.com/inward/citedby.uri?partnerID=HzOxMe3b&scp=105003371484&origin=inward,,2026-04-12 18:33:30,Article,10.1007/s10661-025-14001-w,01676369,https://api.elsevier.com/content/abstract/scopus_id/105003371484,197,5,,,,1,1.0,1,0,,,,105003371484,2-s2.0-105003371484
11,Cananzi G.,Active or passive? A multi-marker approach to compare active and passive eDNA sampling in riverine environments,2025,Science of the Total Environment,,https://www.scopus.com/inward/record.uri?partnerID=HzOxMe3b&scp=105000897914&origin=inward,https://www.scopus.com/inward/citedby.uri?partnerID=HzOxMe3b&scp=105000897914&origin=inward,,2026-04-12 18:33:30,Article,10.1016/j.scitotenv.2025.179247,00489697,https://api.elsevier.com/content/abstract/scopus_id/105000897914,974,,,,,11,11.0,1,0,,,,105000897914,2-s2.0-105000897914
