Cites,Authors,Title,Year,Source,Publisher,ArticleURL,CitesURL,GSRank,QueryDate,Type,DOI,ISSN,CitationURL,Volume,Issue,StartPage,EndPage,ECC,CitesPerYear,CitesPerAuthor,AuthorCount,Age,Abstract,FullTextURL,RelatedURL
0,"NE ROWE, CBE ESQ, M dear Norbert",""" DRAGONFLY"" TIE",,"cambridge.org","","https://www.cambridge.org/core/journals/the-journal-of-the-helicopter-association-of-great-britain/article/notices/917401ACE5A683C049B4C619F14BC306","",523,"2026-04-12 18:56:36","","","",,,,,,0,0.00,0,3,,"The tie would be of dark maroon terylene, embroidered with the Dragonfly emblem of the Association, and would cost£ 1 including postage Members wishing to obtain a tie are invited …","","https://scholar.google.com/scholar?q=related:NLJesRuFTN8J:scholar.google.com/&scioq=odonata%7Cdragonfly%7Cdragonflies%7Cdamselfly%7Cdamselflies&hl=en&as_sdt=0,5&as_ylo=2023&as_yhi=2023"
1,"E Denck, J Ehlert, AP Pinto","150th anniversary of Alberto Santos-Dumont's birth, the father of aviation: the damselfly Cyanallagma demoiselle sp. nov. from the Brazilian Atlantic Forest (Odonata …",2023,"International Journal of Odonatology","biotaxa.org","https://www.biotaxa.org/ijo/article/view/84771","https://scholar.google.com/scholar?cites=12361447979916295784&as_sdt=2005&sciodt=0,5&hl=en",285,"2026-04-12 18:56:36","","","",,,,,,1,0.33,0,3,3,"Cyanallagma demoiselle sp. nov.(holotype male deposited in DZUP: Brazil, São Paulo State, Cananéia, Ilha do Cardoso State Park), a new small greenish blue and black damselfly, is …","https://www.biotaxa.org/ijo/article/download/84771/79678","https://scholar.google.com/scholar?q=related:aH5hqHGvjKsJ:scholar.google.com/&scioq=odonata%7Cdragonfly%7Cdragonflies%7Cdamselfly%7Cdamselflies&hl=en&as_sdt=0,5&as_ylo=2023&as_yhi=2023"
0,"H White","1963 Historic meeting of North American Odonata specialists at Purdue University",,"researchgate.net","","https://www.researchgate.net/profile/Harold-White/publication/394497534_963_Historic_meeting_of_North_American_Odonata_specialists_at_Purdue_University/links/689f3d662c7d3e0029b10ad1/963-Historic-meeting-of-North-American-Odonata-specialists-at-Purdue-University.pdf","",538,"2026-04-12 18:56:36","PDF","","",,,,,,0,0.00,0,1,,"A little over 60 years ago in March 1963, about 30 North American Odonata specialists met at Purdue University in a historic gathering (Fig. 1). For many years they had corresponded …","https://www.researchgate.net/profile/Harold-White/publication/394497534_963_Historic_meeting_of_North_American_Odonata_specialists_at_Purdue_University/links/689f3d662c7d3e0029b10ad1/963-Historic-meeting-of-North-American-Odonata-specialists-at-Purdue-University.pdf","https://scholar.google.com/scholar?q=related:2sl-vMqjbGwJ:scholar.google.com/&scioq=odonata%7Cdragonfly%7Cdragonflies%7Cdamselfly%7Cdamselflies&hl=en&as_sdt=0,5&as_ylo=2023&as_yhi=2023"
10,"YD Dwivedi, PK Mohanta, AR Paul, X Tang","3-D CFD analysis of bio-inspired corrugated wings for MAVs",2023,"Materials Today: Proceedings","Elsevier","https://www.sciencedirect.com/science/article/pii/S2214785323012555","https://scholar.google.com/scholar?cites=5434770483370632159&as_sdt=2005&sciodt=0,5&hl=en",627,"2026-04-12 18:56:36","","","",,,,,,10,3.33,3,4,3,"… The dragonfly is one of the most agile natural flyers. The dragonfly wings are not like aircraft … the mid-section of the real dragonfly forewing and simulated by the Computational Fluid …","","https://scholar.google.com/scholar?q=related:36MVwfUubEsJ:scholar.google.com/&scioq=odonata%7Cdragonfly%7Cdragonflies%7Cdamselfly%7Cdamselflies&hl=en&as_sdt=0,5&as_ylo=2023&as_yhi=2023"
0,"OL Katsamenis, AG Tabriz, Q Gonot-Munck, A Baudoux…","3D Printing of Personalised Carvedilol Tablets Using Selective Laser Sintering-Underlying Data",2023,"(No Title)","cir.nii.ac.jp","https://cir.nii.ac.jp/crid/1881992116319735936","",989,"2026-04-12 18:56:36","","","",,,,,,0,0.00,0,5,3,"… file) of object printed at 25% laser power<br> 10 µm voxel size isotropic SLS-3DP_OLK-CorrectRes.xlsx Analysis results &graphs X-ray CT analysis conducted using Dragonfly …","","https://scholar.google.com/scholar?q=related:l8tPWIry4jcJ:scholar.google.com/&scioq=odonata%7Cdragonfly%7Cdragonflies%7Cdamselfly%7Cdamselflies&hl=en&as_sdt=0,5&as_ylo=2023&as_yhi=2023"
7,"MA Patten, BR Benson","A broader flight season for Norway's Odonata across a century and a half",2023,"Oikos","Wiley Online Library","https://nsojournals.onlinelibrary.wiley.com/doi/abs/10.1111/oik.09882","https://scholar.google.com/scholar?cites=1196754319252241874&as_sdt=2005&sciodt=0,5&hl=en",78,"2026-04-12 18:56:36","","10.1111/oik.09882","",,,,,,7,2.33,4,2,3,"… We amassed flight season data for the insect order Odonata, the dragonflies and damselflies… Zygoptera, the damselflies, but not for Anisoptera, the dragonflies, or for the Odonata as a …","https://nsojournals.onlinelibrary.wiley.com/doi/pdfdirect/10.1111/oik.09882","https://scholar.google.com/scholar?q=related:0r1xcra5mxAJ:scholar.google.com/&scioq=odonata%7Cdragonfly%7Cdragonflies%7Cdamselfly%7Cdamselflies&hl=en&as_sdt=0,5&as_ylo=2023&as_yhi=2023"
20,"ER Tolman, CD Beatty, J Bush, M Kohli…","A Chromosome-length Assembly of the Black Petaltail (Tanypteryx hageni) Dragonfly",2023,"Genome biology and …","academic.oup.com","https://academic.oup.com/gbe/article-abstract/15/3/evad024/7046113","https://scholar.google.com/scholar?cites=12110596660467479285&as_sdt=2005&sciodt=0,5&hl=en",53,"2026-04-12 18:56:36","","","",,,,,,20,6.67,4,5,3,"… dragonfly (Tanypteryx hageni), the first genome assembly for any non-libelluloid dragonfly. … a life history uncommon in the vast majority of dragonflies. We hope that the availability of this …","https://academic.oup.com/gbe/article/15/3/evad024/7046113","https://scholar.google.com/scholar?q=related:9TIyfX97EagJ:scholar.google.com/&scioq=odonata%7Cdragonfly%7Cdragonflies%7Cdamselfly%7Cdamselflies&hl=en&as_sdt=0,5&as_ylo=2023&as_yhi=2023"
6,"T Florez, L Comoglio, T Pinzón, CA Bota Sierra…","A collecting trip to San José del Guaviare, Colombia, with the description of a new species of Perissolestes (Zygoptera: Perilestidae)",2023,"","ri.conicet.gov.ar","https://ri.conicet.gov.ar/handle/11336/218792","https://scholar.google.com/scholar?cites=2675372448815837575&as_sdt=2005&sciodt=0,5&hl=en",544,"2026-04-12 18:56:36","","","",,,,,,6,2.00,1,5,3,"… This study aims to preliminary assess the taxonomic diversity of dragonflies and damselflies from San José del Guaviare, Guaviare Department, Colombia. A total of 47 species were …","https://ri.conicet.gov.ar/bitstream/handle/11336/218792/CONICET_Digital_Nro.b1bb44fb-cdfd-404e-b5d1-7889132bf6a2_B.pdf?sequence=2","https://scholar.google.com/scholar?q=related:h_GIRRHVICUJ:scholar.google.com/&scioq=odonata%7Cdragonfly%7Cdragonflies%7Cdamselfly%7Cdamselflies&hl=en&as_sdt=0,5&as_ylo=2023&as_yhi=2023"
11,"AZ Hasik, SP Tye, T Ping, AM Siepielski","A common measure of prey immune function is not constrained by the cascading effects of predators",2023,"Evolutionary Ecology","Springer","https://link.springer.com/article/10.1007/s10682-021-10124-x","https://scholar.google.com/scholar?cites=1293969396968569466&as_sdt=2005&sciodt=0,5&hl=en",703,"2026-04-12 18:56:36","","10.1007/s10682-021-10124-x","",,,,,,11,3.67,3,4,3,"… reducing damselfly densities had the greatest effect on damselfly … damselfly activity rates, since density-dependent growth in damselflies (ie, the slope relating growth rates to damselfly …","https://par.nsf.gov/servlets/purl/10326565","https://scholar.google.com/scholar?q=related:erqJkE8a9REJ:scholar.google.com/&scioq=odonata%7Cdragonfly%7Cdragonflies%7Cdamselfly%7Cdamselflies&hl=en&as_sdt=0,5&as_ylo=2023&as_yhi=2023"
0,"M Peckham, A Jones, T Truman, A Tucker","A Comparison of the Nike Vaporfly and Nike Dragonfly's Effect on Running Economy",2023,"","digitalcommons.hope.edu","https://digitalcommons.hope.edu/curca_22/42/","",653,"2026-04-12 18:56:36","","","",,,,,,0,0.00,0,4,3,"… the Dragonfly shoe at 14 … Dragonfly shoes result in similar running economy and stride parameters. Further research should investigate the performance of the Vaporfly and Dragonfly …","https://digitalcommons.hope.edu/cgi/viewcontent.cgi?article=1041&context=curca_22","https://scholar.google.com/scholar?q=related:nJEiEW6YzxEJ:scholar.google.com/&scioq=odonata%7Cdragonfly%7Cdragonflies%7Cdamselfly%7Cdamselflies&hl=en&as_sdt=0,5&as_ylo=2023&as_yhi=2023"
24,"M Joshi, K Kalita, P Jangir, I Ahmadianfar…","A conceptual comparison of dragonfly algorithm variants for CEC-2021 global optimization problems",2023,"Arabian Journal for …","Springer","https://link.springer.com/article/10.1007/s13369-022-06880-9","https://scholar.google.com/scholar?cites=16660535900063227670&as_sdt=2005&sciodt=0,5&hl=en",20,"2026-04-12 18:56:36","","10.1007/s13369-022-06880-9","",,,,,,24,8.00,5,5,3,"… dragonfly algorithm (DA) and its seven different variants, ie, hybrid memory-based dragonfly … -behaved and Gaussian mutational dragonfly algorithm (QGDA), memory-based hybrid …","","https://scholar.google.com/scholar?q=related:Fl_pOiEdNucJ:scholar.google.com/&scioq=odonata%7Cdragonfly%7Cdragonflies%7Cdamselfly%7Cdamselflies&hl=en&as_sdt=0,5&as_ylo=2023&as_yhi=2023"
2,"Y He, X Yang, H Han, Q Wang, H Zhang","A dragonfly-like flapping wing structure based on geometry and stiffness similarity",2023,"Acta Aeronautica et Astronautica Sinica","","","https://scholar.google.com/scholar?cites=6378746896685384158&as_sdt=2005&sciodt=0,5&hl=en",748,"2026-04-12 18:56:36","CITATION","","",,,,,,2,0.67,0,5,3,"","","https://scholar.google.com/scholar?q=related:3sEOqYHchVgJ:scholar.google.com/&scioq=odonata%7Cdragonfly%7Cdragonflies%7Cdamselfly%7Cdamselflies&hl=en&as_sdt=0,5&as_ylo=2023&as_yhi=2023"
35,"J Chang, X Gao, W Peng, Z Yu, Z Chu, J Gao, M Liu…","A dragonfly-wing-like energy harvester with enhanced magneto-mechano-electric coupling",2023,"Device","cell.com","https://www.cell.com/device/fulltext/S2666-9986(23)00021-2?uuid=uuid%3Aabea1ed8-ac13-45ca-b8ee-9b7f536cc78f","https://scholar.google.com/scholar?cites=16352574736595920626&as_sdt=2005&sciodt=0,5&hl=en",33,"2026-04-12 18:56:36","HTML","","",,,,,,35,11.67,4,8,3,"Energy harvesting is crucial for sustainable micropower sources, but conventional energy harvesters have limited power-generation capabilities. To address this, we introduce a novel …","https://www.cell.com/device/fulltext/S2666-9986(23)00021-2?uuid=uuid%3Aabea1ed8-ac13-45ca-b8ee-9b7f536cc78f","https://scholar.google.com/scholar?q=related:8qbTURUE8OIJ:scholar.google.com/&scioq=odonata%7Cdragonfly%7Cdragonflies%7Cdamselfly%7Cdamselflies&hl=en&as_sdt=0,5&as_ylo=2023&as_yhi=2023"
1,"S Khan, M Bibi, B Akbar, N Ahmad, W Ahmad…","A Faunistic Survey of Dragonfly Species (Anisoptera; Odonata) in Babuzai, Including New Records for the Swat District, Pakistan",2023,"Entomology …","esvpub.com","https://esvpub.com/storage/files/article/4fff71ff-7864-4db4-bde1-e5333a711ab9-b98hijX8Nj3P6j1E/ezNeNCpjhVCPTcC.pdf","https://scholar.google.com/scholar?cites=4960146180303055792&as_sdt=2005&sciodt=0,5&hl=en",436,"2026-04-12 18:56:36","PDF","","",,,,,,1,0.33,0,6,3,"… This study aims to fill this research gap by documenting the dragonfly … of dragonfly diversity in Babuzai, Swat, conducted between April 2021 and July 2022. A total of eighteen dragonfly …","https://esvpub.com/storage/files/article/4fff71ff-7864-4db4-bde1-e5333a711ab9-b98hijX8Nj3P6j1E/ezNeNCpjhVCPTcC.pdf","https://scholar.google.com/scholar?q=related:sGv5xqv61UQJ:scholar.google.com/&scioq=odonata%7Cdragonfly%7Cdragonflies%7Cdamselfly%7Cdamselflies&hl=en&as_sdt=0,5&as_ylo=2023&as_yhi=2023"
2,"SR Mary, RM Prasad, R Suguna","A feature selection using improved dragonfly algorithm with support vector machine for breast cancer prediction",2023,"Computer Methods in …","Taylor &Francis","https://www.tandfonline.com/doi/abs/10.1080/21681163.2023.2212086","https://scholar.google.com/scholar?cites=914562569245961497&as_sdt=2005&sciodt=0,5&hl=en",242,"2026-04-12 18:56:36","","10.1080/21681163.2023.2212086","",,,,,,2,0.67,1,3,3,"Breast cancer is the most common cancer-related death in women, accounting for 16% of all cancer-related fatalities globally. Breast cancer is fatal in just half of all cases. Radiologists …","","https://scholar.google.com/scholar?q=related:GS3GqM8tsQwJ:scholar.google.com/&scioq=odonata%7Cdragonfly%7Cdragonflies%7Cdamselfly%7Cdamselflies&hl=en&as_sdt=0,5&as_ylo=2023&as_yhi=2023"
1,"M Rocha-Ortega, XJ Sánchez-Rivero, P Rodríguez…","A functional diversity approach indicates that dragonflies and damselflies are a resilient insect order to land use change",2023,"","assets-eu.researchsquare.com","https://assets-eu.researchsquare.com/files/rs-3406060/v1/024b3402-a6d7-4725-9201-4516cece3612.pdf","https://scholar.google.com/scholar?cites=9190391781136617368&as_sdt=2005&sciodt=0,5&hl=en",324,"2026-04-12 18:56:36","PDF","","",,,,,,1,0.33,0,4,3,"Functional diversity is one sound approach to understand how communities respond and structure themselves in the face of anthropogenic disturbance. We here used historical …","https://assets-eu.researchsquare.com/files/rs-3406060/v1/024b3402-a6d7-4725-9201-4516cece3612.pdf","https://scholar.google.com/scholar?q=related:mE9R1aHUin8J:scholar.google.com/&scioq=odonata%7Cdragonfly%7Cdragonflies%7Cdamselfly%7Cdamselflies&hl=en&as_sdt=0,5&as_ylo=2023&as_yhi=2023"
8,"T Kassanuk, K Phasinam","A hybrid binary bird swarm optimization (BSO) and dragonfly algorithm (DA) for VM allocation and load balancing in Cloud",2023,"International Journal of Cloud …","igi-global.com","https://www.igi-global.com/article/a-hybrid-binary-bird-swarm-optimization-bso-and-dragonfly-algorithm-da-for-vm-allocation-and-load-balancing-in-cloud/318698","https://scholar.google.com/scholar?cites=11951506055730396667&as_sdt=2005&sciodt=0,5&hl=en",191,"2026-04-12 18:56:36","HTML","","",,,,,,8,2.67,4,2,3,"The cloud platform is becoming one of the fastest-rising environments in human activities, connecting the whole world in the upcoming decades. The three crucial aspects of cloud …","https://www.igi-global.com/article/a-hybrid-binary-bird-swarm-optimization-bso-and-dragonfly-algorithm-da-for-vm-allocation-and-load-balancing-in-cloud/318698","https://scholar.google.com/scholar?q=related:-329lm9H3KUJ:scholar.google.com/&scioq=odonata%7Cdragonfly%7Cdragonflies%7Cdamselfly%7Cdamselflies&hl=en&as_sdt=0,5&as_ylo=2023&as_yhi=2023"
12,"Y Chen, B Gao, T Lu, H Li, Y Wu, D Zhang, X Liao","A hybrid binary dragonfly algorithm with an adaptive directed differential operator for feature selection",2023,"Remote Sensing","mdpi.com","https://www.mdpi.com/2072-4292/15/16/3980","https://scholar.google.com/scholar?cites=11587234533544622958&as_sdt=2005&sciodt=0,5&hl=en",59,"2026-04-12 18:56:36","HTML","","",,,,,,12,4.00,2,7,3,"… Dragonfly algorithms have a powerful search capability that … , we propose an improved dragonfly algorithm combined with … updating mechanism where the dragonfly step size decreases …","https://www.mdpi.com/2072-4292/15/16/3980","https://scholar.google.com/scholar?q=related:bvsQnWogzqAJ:scholar.google.com/&scioq=odonata%7Cdragonfly%7Cdragonflies%7Cdamselfly%7Cdamselflies&hl=en&as_sdt=0,5&as_ylo=2023&as_yhi=2023"
15,"M Marinaki, A Taxidou, Y Marinakis","A hybrid Dragonfly algorithm for the vehicle routing problem with stochastic demands",2023,"Intelligent Systems with Applications","Elsevier","https://www.sciencedirect.com/science/article/pii/S2667305323000509","https://scholar.google.com/scholar?cites=5205763936266866381&as_sdt=2005&sciodt=0,5&hl=en",40,"2026-04-12 18:56:36","HTML","","",,,,,,15,5.00,5,3,3,"… One of them is the Dragonfly Algorithm that has been proved very efficient in the problems … In this paper, a new hybridized version of the Dragonfly Algorithm with the Combinatorial …","https://www.sciencedirect.com/science/article/pii/S2667305323000509","https://scholar.google.com/scholar?q=related:zc65_beWPkgJ:scholar.google.com/&scioq=odonata%7Cdragonfly%7Cdragonflies%7Cdamselfly%7Cdamselflies&hl=en&as_sdt=0,5&as_ylo=2023&as_yhi=2023"
11,"J Zhao, D Zhang, Q He, L Li","A hybrid-strategy-improved dragonfly algorithm for the parameter identification of an SDM",2023,"Sustainability","mdpi.com","https://www.mdpi.com/2071-1050/15/15/11791","https://scholar.google.com/scholar?cites=16489429187427920896&as_sdt=2005&sciodt=0,5&hl=en",26,"2026-04-12 18:56:36","HTML","","",,,,,,11,3.67,3,4,3,"… In this paper, a hybrid-strategy-improved dragonfly algorithm (HIDA) is proposed to meet the … individual dragonflies and aids in increasing the population diversity. Individual dragonflies …","https://www.mdpi.com/2071-1050/15/15/11791","https://scholar.google.com/scholar?q=related:AGyZMXs41uQJ:scholar.google.com/&scioq=odonata%7Cdragonfly%7Cdragonflies%7Cdamselfly%7Cdamselflies&hl=en&as_sdt=0,5&as_ylo=2023&as_yhi=2023"
30,"TS Priyadarshana, EM Slade","A meta‐analysis reveals that dragonflies and damselflies can provide effective biological control of mosquitoes",2023,"Journal of Animal Ecology","Wiley Online Library","https://besjournals.onlinelibrary.wiley.com/doi/abs/10.1111/1365-2656.13965","https://scholar.google.com/scholar?cites=266612105139708662&as_sdt=2005&sciodt=0,5&hl=en",2,"2026-04-12 18:56:36","","10.1111/1365-2656.13965","",,,,,,30,10.00,15,2,3,"… by a single individual dragonfly/damselfly naiad on these mosquito … dragonflies/damselflies for mosquito control. We also built an interaction network for predator-dragonflies/damselflies …","https://besjournals.onlinelibrary.wiley.com/doi/pdf/10.1111/1365-2656.13965","https://scholar.google.com/scholar?q=related:9uKrC0wyswMJ:scholar.google.com/&scioq=odonata%7Cdragonfly%7Cdragonflies%7Cdamselfly%7Cdamselflies&hl=en&as_sdt=0,5&as_ylo=2023&as_yhi=2023"
6,"A Nelli, R Jogdand","A Min-Max Workload Scheduling Technique Using Soft-Computing Approach in Multi-Cloud Platform.",2023,"International Journal of Intelligent Engineering & …","inass.org","https://inass.org/wp-content/uploads/2023/03/2023083110-2.pdf","https://scholar.google.com/scholar?cites=914038042186626807&as_sdt=2005&sciodt=0,5&hl=en",750,"2026-04-12 18:56:36","PDF","","",,,,,,6,2.00,3,2,3,"… objective function using dragonfly soft computing approach. … SLA violation using dragonfly soft computing approach. The … workload-scheduling adaptive-dragonfly algorithm (WS-ADA), …","https://inass.org/wp-content/uploads/2023/03/2023083110-2.pdf","https://scholar.google.com/scholar?q=related:9za6r8FQrwwJ:scholar.google.com/&scioq=odonata%7Cdragonfly%7Cdragonflies%7Cdamselfly%7Cdamselflies&hl=en&as_sdt=0,5&as_ylo=2023&as_yhi=2023"
0,"R Mishra","A Miniscule and Self-Adaptive Autoregressive Dragonfly Optimization for Secrecy Conserved Data Publication in Mobile Cloud Computing",2023,"SN Computer Science","Springer","https://link.springer.com/article/10.1007/s42979-023-02231-z","",384,"2026-04-12 18:56:36","","10.1007/s42979-023-02231-z","",,,,,,0,0.00,0,1,3,"An intelligent system that improves the mobile apps that users may access from their mobile devices for a variety of tasks, Mobile Cloud Computing (MCC) is on the rise. The MCC …","","https://scholar.google.com/scholar?q=related:jiXx13I8CxYJ:scholar.google.com/&scioq=odonata%7Cdragonfly%7Cdragonflies%7Cdamselfly%7Cdamselflies&hl=en&as_sdt=0,5&as_ylo=2023&as_yhi=2023"
9,"SJ Pratha, V Asanambigai…","A modified whale‐dragonfly algorithm and self‐adaptive cuckoo search‐based clustering strategy for augmenting network lifetime in wireless sensor networks",2023,"International Journal of …","Wiley Online Library","https://onlinelibrary.wiley.com/doi/abs/10.1002/dac.5482","https://scholar.google.com/scholar?cites=8109208105079970190&as_sdt=2005&sciodt=0,5&hl=en",161,"2026-04-12 18:56:36","","10.1002/dac.5482","",,,,,,9,3.00,3,3,3,"… In IDFOA, the population of dragonfly population is partitioned into … of dragonfly mimics the exploration and exploitation of IDFOA. In this context, the positioning movement of dragonfly …","","https://scholar.google.com/scholar?q=related:jpkCoc6xiXAJ:scholar.google.com/&scioq=odonata%7Cdragonfly%7Cdragonflies%7Cdamselfly%7Cdamselflies&hl=en&as_sdt=0,5&as_ylo=2023&as_yhi=2023"
3,"L Boudet, A Nel, D Huang","A new basal hawker dragonfly from the earliest Late Jurassic of Daohugou, northeastern China (Odonata: Anisoptera: Mesuropetalidae)",2023,"Historical Biology","Taylor &Francis","https://www.tandfonline.com/doi/abs/10.1080/08912963.2022.2086804","https://scholar.google.com/scholar?cites=16728529273230908232&as_sdt=2005&sciodt=0,5&hl=en",222,"2026-04-12 18:56:36","","10.1080/08912963.2022.2086804","",,,,,,3,1.00,1,3,3,"Sinomesuropetala daohugensis gen. nov. et sp. nov., first accurate Chinese representative of the Mesozoic family Mesuropetalidae, is described from the Haifanggou Formation near …","","https://scholar.google.com/scholar?q=related:SNumEb6sJ-gJ:scholar.google.com/&scioq=odonata%7Cdragonfly%7Cdragonflies%7Cdamselfly%7Cdamselflies&hl=en&as_sdt=0,5&as_ylo=2023&as_yhi=2023"
3,"F Tian, D Zheng, A Nel, Y Ye, T Mei…","A new campterophlebiid damsel-dragonfly (Odonata: Isophlebioidea) from the Middle Jurassic Yanan Formation of Yulin City, Shaanxi Province, NW China",2023,"Comptes Rendus …","sciencepress.mnhn.fr","https://sciencepress.mnhn.fr/en/periodiques/comptes-rendus-palevol/22/23","https://scholar.google.com/scholar?cites=1967280377297811244&as_sdt=2005&sciodt=0,5&hl=en",205,"2026-04-12 18:56:36","","","",,,,,,3,1.00,1,6,3,"… of Odonata Fabricius, 1793, especially hosting a high diversification in northern China. The Chinese campterophlebiid damsel-dragonflies … The new damsel-dragonfly comes from a new …","","https://scholar.google.com/scholar?q=related:LLdufhQvTRsJ:scholar.google.com/&scioq=odonata%7Cdragonfly%7Cdragonflies%7Cdamselfly%7Cdamselflies&hl=en&as_sdt=0,5&as_ylo=2023&as_yhi=2023"
2,"A Nel, GJ Palazzo, A Aase","A new damselfly from the Lower Eocene Green River Formation (Odonata: Dysagrionidae). Palaeoentomology, 6 (4), 336–339",2023,"","","","https://scholar.google.com/scholar?cites=4401831517205173783&as_sdt=2005&sciodt=0,5&hl=en",737,"2026-04-12 18:56:36","CITATION","","",,,,,,2,0.67,1,3,3,"","","https://scholar.google.com/scholar?q=related:FxYiaHFyFj0J:scholar.google.com/&scioq=odonata%7Cdragonfly%7Cdragonflies%7Cdamselfly%7Cdamselflies&hl=en&as_sdt=0,5&as_ylo=2023&as_yhi=2023"
1,"A Nel, GJ Palazzo, A Aase","A new damselfy from the Lower Eocene Green River Formation (Odonata, Dysagrionidae)",2023,"Palaeoentomology","ui.adsabs.harvard.edu","https://ui.adsabs.harvard.edu/abs/2023Plegy...6..4.5N/abstract","https://scholar.google.com/scholar?cites=18031630569853438913&as_sdt=2005&sciodt=0,5&hl=en",344,"2026-04-12 18:56:36","","","",,,,,,1,0.33,0,3,3,"The Eocene Green River Formation in the USA is well known as a Konservat-Lagerstätte, and has yielded an enormous number of beautifully preserved fossil insects from the …","","https://scholar.google.com/scholar?q=related:wUswtXc4PfoJ:scholar.google.com/&scioq=odonata%7Cdragonfly%7Cdragonflies%7Cdamselfly%7Cdamselflies&hl=en&as_sdt=0,5&as_ylo=2023&as_yhi=2023"
1,"GC Ribeiro, A Nel","A new dragonfly genus and species from the Crato Formation, with a revised phylogenetic study of the Mesozoic family Liupanshaniidae (Odonata: Aeshnoptera)",2023,"Cretaceous Research","Elsevier","https://www.sciencedirect.com/science/article/pii/S0195667123000733","https://scholar.google.com/scholar?cites=16901515246246667127&as_sdt=2005&sciodt=0,5&hl=en",290,"2026-04-12 18:56:36","","","",,,,,,1,0.33,1,2,3,"The fourth genus and species of the Cretaceous aeshnopteran family Liupanshaniidae discovered in the Aptian Crato Formation, is described and illustrated as Brasiliupanshania …","","https://scholar.google.com/scholar?q=related:d6NhgpE-juoJ:scholar.google.com/&scioq=odonata%7Cdragonfly%7Cdragonflies%7Cdamselfly%7Cdamselflies&hl=en&as_sdt=0,5&as_ylo=2023&as_yhi=2023"
5,"P Singh, B Mangu, S Saho","A new dragonfly optimized fuzzy logic-based MPPT technique for photovoltaic systems",2023,"International Journal of …","ijeer.forexjournal.co.in","https://ijeer.forexjournal.co.in/archive/volume-11/ijeer-110429.html","https://scholar.google.com/scholar?cites=14586202929810955677&as_sdt=2005&sciodt=0,5&hl=en",114,"2026-04-12 18:56:36","","","",,,,,,5,1.67,2,3,3,"… To overcome this problem, this paper proposes the Dragonfly optimization-based fuzzy logic MPPT approach for maximum power extraction of photovoltaic (PV) systems. The …","https://ijeer.forexjournal.co.in/papers-pdf/ijeer-110429.pdf","https://scholar.google.com/scholar?q=related:nd0knUiabMoJ:scholar.google.com/&scioq=odonata%7Cdragonfly%7Cdragonflies%7Cdamselfly%7Cdamselflies&hl=en&as_sdt=0,5&as_ylo=2023&as_yhi=2023"
9,"M Guendouz, A Amine","A new feature selection method based on dragonfly algorithm for Android malware detection using machine learning techniques",2023,"… Journal of Information Security and Privacy …","igi-global.com","https://www.igi-global.com/article/a-new-feature-selection-method-based-on-dragonfly-algorithm-for-android-malware-detection-using-machine-learning-techniques/319018","https://scholar.google.com/scholar?cites=7858770508016242689&as_sdt=2005&sciodt=0,5&hl=en",108,"2026-04-12 18:56:36","HTML","","",,,,,,9,3.00,5,2,3,"… In this paper, the authors proposed a new method of feature selection based on the dragonfly … Experimental results show that incorporating dragonfly algorithm into Android malware …","https://www.igi-global.com/article/a-new-feature-selection-method-based-on-dragonfly-algorithm-for-android-malware-detection-using-machine-learning-techniques/319018","https://scholar.google.com/scholar?q=related:AdCftSP2D20J:scholar.google.com/&scioq=odonata%7Cdragonfly%7Cdragonflies%7Cdamselfly%7Cdamselflies&hl=en&as_sdt=0,5&as_ylo=2023&as_yhi=2023"
3,"A Nel","A new genus and species of damselfy (Zygoptera, 'Megapodagrionidae' sensu lato) from the Lower Eocene Green river Formation in USA",2023,"Historical Biology","Taylor &Francis","https://www.tandfonline.com/doi/abs/10.1080/08912963.2022.2136033","https://scholar.google.com/scholar?cites=14047742990234600072&as_sdt=2005&sciodt=0,5&hl=en",573,"2026-04-12 18:56:36","","10.1080/08912963.2022.2136033","",,,,,,3,1.00,3,1,3,"… well-preserved fossil of a small damselfly from the Lower Eocene Green … The new discovery confirms that the damselflies with … damselfly from the Parachute Creek Member in Colorado. …","","https://scholar.google.com/scholar?q=related:iMLqTNKb88IJ:scholar.google.com/&scioq=odonata%7Cdragonfly%7Cdragonflies%7Cdamselfly%7Cdamselflies&hl=en&as_sdt=0,5&as_ylo=2023&as_yhi=2023"
0,"C Jouault, A Nel","A new genus and species of the damsel-dragonfly family Burmaphlebiidae (Odonata: Epiproctophora)",2023,"Annales de la Société entomologique de France …","Taylor &Francis","https://www.tandfonline.com/doi/abs/10.1080/00379271.2023.2193825","",218,"2026-04-12 18:56:36","","10.1080/00379271.2023.2193825","",,,,,,0,0.00,0,2,3,"Bilebullephlebia legendrei n. gen., n. sp. is described, illustrated, and placed into the small epiproctophoran family Burmaphlebiidae. This family was previously known from the mid-…","","https://scholar.google.com/scholar?q=related:TzPAoVfvJBIJ:scholar.google.com/&scioq=odonata%7Cdragonfly%7Cdragonflies%7Cdamselfly%7Cdamselflies&hl=en&as_sdt=0,5&as_ylo=2023&as_yhi=2023"
1,"JF Petrulevicius","A New Nelala (Odonata: Frenguelliidae) from the Eocene of Arroyo Chacay, Patagonia, Argentina",2023,"","ri.conicet.gov.ar","https://ri.conicet.gov.ar/handle/11336/238668","https://scholar.google.com/scholar?cites=7607199340002495478&as_sdt=2005&sciodt=0,5&hl=en",360,"2026-04-12 18:56:36","","","",,,,,,1,0.33,1,1,3,"A new species of Odonata, Nelala chacay sp. nov., from the Eocene of Northern Patagonia, Argentina, is described. The new species is the sixth one of the endemic Patagonian Eocene …","https://ri.conicet.gov.ar/bitstream/handle/11336/238668/CONICET_Digital_Nro.592b3d6c-1685-4459-b5ae-e092a705b1a7_B.pdf?sequence=2&isAllowed=y","https://scholar.google.com/scholar?q=related:9ktvvH4zkmkJ:scholar.google.com/&scioq=odonata%7Cdragonfly%7Cdragonflies%7Cdamselfly%7Cdamselflies&hl=en&as_sdt=0,5&as_ylo=2023&as_yhi=2023"
0,"G De Knijf, M Billqvist, R van Grunsven…","A new Red List of the dragonflies and damselflies of Europe 2023",2023,"International …","pureportal.inbo.be","https://pureportal.inbo.be/nl/publications/a-new-red-list-of-the-dragonflies-and-damselflies-of-europe-2023/","",762,"2026-04-12 18:56:36","CITATION","","",,,,,,0,0.00,0,4,3,"A new Red List of the dragonflies and damselflies of Europe 2023 - Instituut Natuur-en Bosonderzoek … A new Red List of the dragonflies and damselflies of Europe 2023 …","","https://scholar.google.com/scholar?q=related:VwJr9a5Q_NAJ:scholar.google.com/&scioq=odonata%7Cdragonfly%7Cdragonflies%7Cdamselfly%7Cdamselflies&hl=en&as_sdt=0,5&as_ylo=2023&as_yhi=2023"
3,"C Bota-Sierra, MS Herrera","A new species of bannerwing damselfly, Polythore albistriata sp. nov. (Odonata: Polythoridae)",2023,"International Journal of Odonatology","biotaxa.org","https://www.biotaxa.org/ijo/article/download/83391/78270","https://scholar.google.com/scholar?cites=7646453990191718485&as_sdt=2005&sciodt=0,5&hl=en",184,"2026-04-12 18:56:36","PDF","","",,,,,,3,1.00,2,2,3,"The traditional method of classifying the twenty-one species within the South American genus Polythore has been relying on wing color patterns and male genital ligula shape. However…","https://www.biotaxa.org/ijo/article/download/83391/78270","https://scholar.google.com/scholar?q=related:VeC-NGSpHWoJ:scholar.google.com/&scioq=odonata%7Cdragonfly%7Cdragonflies%7Cdamselfly%7Cdamselflies&hl=en&as_sdt=0,5&as_ylo=2023&as_yhi=2023"
2,"CC Mendoza-Penagos, MKES Goncalves, DS Vilela","A new species of Dimeragrion Calvert, 1913 (Odonata: Zygoptera: Heteragrionidae) from Northwestern Brazil.",2023,"Zootaxa","europepmc.org","https://europepmc.org/article/med/37518373","https://scholar.google.com/scholar?cites=13438134107773578338&as_sdt=2005&sciodt=0,5&hl=en",516,"2026-04-12 18:56:36","","","",,,,,,2,0.67,1,3,3,"Dimeragrion Calvert, 1913 is a genus with five species, restricted to the Pantepui region. Here, we describe Dimeragrion baniwa sp. nov.(Holotype.♂(LABECO, N 12276), BRAZIL, …","","https://scholar.google.com/scholar?q=related:Yqzn0cXXfboJ:scholar.google.com/&scioq=odonata%7Cdragonfly%7Cdragonflies%7Cdamselfly%7Cdamselflies&hl=en&as_sdt=0,5&as_ylo=2023&as_yhi=2023"
3,"AV Chandran, DV Raju, SK Jose, ZA Mirza","A new species of epithemis Laidlaw, 1955 (Odonata: Libellulidae), from the Western Ghats, India",2023,"Journal of Asia-Pacific …","Elsevier","https://www.sciencedirect.com/science/article/pii/S2287884X23000961","https://scholar.google.com/scholar?cites=13330297636354277702&as_sdt=2005&sciodt=0,5&hl=en",351,"2026-04-12 18:56:36","HTML","","",,,,,,3,1.00,1,4,3,"The monotypic genus Epithemis Laidlaw, 1955, is endemic to the Western Ghats and is represented by the nominate species Epithemis mariae (Laidlaw, 1915). Epithemis mariae is …","https://www.sciencedirect.com/science/article/pii/S2287884X23000961","https://scholar.google.com/scholar?q=related:RkEgxRK7_rgJ:scholar.google.com/&scioq=odonata%7Cdragonfly%7Cdragonflies%7Cdamselfly%7Cdamselflies&hl=en&as_sdt=0,5&as_ylo=2023&as_yhi=2023"
6,"DS Vilela, GC Jacques, MM Souza","A new species of Minagrion Santos, 1965 (Odonata: Coenagrionidae) from the Cerrado of Northern Minas Gerais state, Brazil",2023,"Zootaxa","bambui.ifmg.edu.br","https://www.bambui.ifmg.edu.br/portal/images/2024/07_julho/Nova_lib%C3%A9lula/2023_-_Vilela_et_al.pdf","https://scholar.google.com/scholar?cites=5162554940602090251&as_sdt=2005&sciodt=0,5&hl=en",281,"2026-04-12 18:56:36","PDF","","",,,,,,6,2.00,2,3,3,"… Santos, ND (1965) Contribuição ao conhecimento dos “Odonata” da região de Poços de Caldas, MG. “Minagrion” gen. n., para “Telagrion mecistogastrum” Selys Longchamps 1865, …","https://www.bambui.ifmg.edu.br/portal/images/2024/07_julho/Nova_lib%C3%A9lula/2023_-_Vilela_et_al.pdf","https://scholar.google.com/scholar?q=related:C4MGuF0UpUcJ:scholar.google.com/&scioq=odonata%7Cdragonfly%7Cdragonflies%7Cdamselfly%7Cdamselflies&hl=en&as_sdt=0,5&as_ylo=2023&as_yhi=2023"
4,"T Kovács, G Theischinger","A new species of Nososticta Hagen, 1860, from Batanta Island, West Papua, Indonesia (Odonata: Platycnemididae)",2023,"Odonatologica","BioOne","https://bioone.org/journals/odonatologica/volume-52/issue-3-4/odon.v52i3-4.a9/A-new-species-of-Nososticta-Hagen-1860-from-Batanta-Island/10.60024/odon.v52i3-4.a9.short","https://scholar.google.com/scholar?cites=3979303410847564185&as_sdt=2005&sciodt=0,5&hl=en",177,"2026-04-12 18:56:36","","10.60024/odon.v52i3-4.a9.short","",,,,,,4,1.33,2,2,3,". A new species of damselfly, Nososticta peti sp. nov., is described from Batanta Island, Indonesia. It belongs to a group of Nososticta in which the male synthorax exhibits discrete …","https://batantaproject.com/images/eredmenyek/cikkek/2023_10.60024_odon.%20v52i3-4.a9_Kovacs_Theischinger-1.pdf","https://scholar.google.com/scholar?q=related:mcERcV5TOTcJ:scholar.google.com/&scioq=odonata%7Cdragonfly%7Cdragonflies%7Cdamselfly%7Cdamselflies&hl=en&as_sdt=0,5&as_ylo=2023&as_yhi=2023"
0,"R Fang, D Zheng","A new tarsophlebiid dragonfly from the Lower Cretaceous of western Liaoning, NE China (Insecta: Odonatoptera, Panodonata)",2023,"Cretaceous Research","Elsevier","https://www.sciencedirect.com/science/article/pii/S0195667122002889","",478,"2026-04-12 18:56:36","","","",,,,,,0,0.00,0,2,3,"A well-preserved dragonfly Turanophlebia liaoningensis sp. nov., belonging to the family Tarsophlebiidae, is described from the Lower Cretaceous Yixian Formation in the …","","https://scholar.google.com/scholar?q=related:-pzpIE8EJNoJ:scholar.google.com/&scioq=odonata%7Cdragonfly%7Cdragonflies%7Cdamselfly%7Cdamselflies&hl=en&as_sdt=0,5&as_ylo=2023&as_yhi=2023"
0,"F Dôme","A new type of feeding trace caused by a donaciine beetle (Coleoptera, Chrysomelidae) on a leaf from the Paleocene of Menat (France)",2023,"","researchgate.net","https://www.researchgate.net/profile/Jean-Paul-Kundura/publication/371532644_A_new_type_of_feeding_trace_caused_by_a_donaciine_beetle_Coleoptera_Chrysomelidae_on_a_leaf_from_the_Paleocene_of_Menat_France/links/648e9c6f8de7ed28ba32fae0/A-new-type-of-feeding-trace-caused-by-a-donaciine-beetle-Coleoptera-Chrysomelidae-on-a-leaf-from-the-Paleocene-of-Menat-France.pdf?origin=journalDetail&_tp=eyJwYWdlIjoiam91cm5hbERldGFpbCJ9","",797,"2026-04-12 18:56:36","PDF","","",,,,,,0,0.00,0,1,3,"… by damselflies, 0.8 to 1.0 mm long vs. 1.2 to 1.5 mm in Zygoptera (Hellmund &Hellmund, 1996a, b, c, 1998, 2002a, 2016). In some cases, the traces of oviposition by damselflies are …","https://www.researchgate.net/profile/Jean-Paul-Kundura/publication/371532644_A_new_type_of_feeding_trace_caused_by_a_donaciine_beetle_Coleoptera_Chrysomelidae_on_a_leaf_from_the_Paleocene_of_Menat_France/links/648e9c6f8de7ed28ba32fae0/A-new-type-of-feeding-trace-caused-by-a-donaciine-beetle-Coleoptera-Chrysomelidae-on-a-leaf-from-the-Paleocene-of-Menat-France.pdf?origin=journalDetail&_tp=eyJwYWdlIjoiam91cm5hbERldGFpbCJ9","https://scholar.google.com/scholar?q=related:Ny3t-z6iVHsJ:scholar.google.com/&scioq=odonata%7Cdragonfly%7Cdragonflies%7Cdamselfly%7Cdamselflies&hl=en&as_sdt=0,5&as_ylo=2023&as_yhi=2023"
24,"S Li, L Chu, J Hu, S Pu, J Li, Z Hou, W Sun","A novel A-ECMS energy management strategy based on dragonfly algorithm for plug-in FCEVs",2023,"Sensors","mdpi.com","https://www.mdpi.com/1424-8220/23/3/1192","https://scholar.google.com/scholar?cites=4656705362828800607&as_sdt=2005&sciodt=0,5&hl=en",27,"2026-04-12 18:56:36","HTML","","",,,,,,24,8.00,3,7,3,"… on Dragonfly Algorithm This section presents the A-ECMS EMS based on the dragonfly … factors are iteratively optimized based on the dragonfly algorithm. Consequently, the economy of …","https://www.mdpi.com/1424-8220/23/3/1192","https://scholar.google.com/scholar?q=related:XzIR79rwn0AJ:scholar.google.com/&scioq=odonata%7Cdragonfly%7Cdragonflies%7Cdamselfly%7Cdamselflies&hl=en&as_sdt=0,5&as_ylo=2023&as_yhi=2023"
3,"CA Zucker, L Amaya, W Farrell, MP Kinzel","A Numerical Investigation of the Dragonfly Lander Exiting an Aero Backshell During Descent into Titan",2023,"AIAA SCITECH 2023 …","arc.aiaa.org","https://arc.aiaa.org/doi/abs/10.2514/6.2023-1948","https://scholar.google.com/scholar?cites=18329641778579795788&as_sdt=2005&sciodt=0,5&hl=en",282,"2026-04-12 18:56:36","","10.2514/6.2023-1948","",,,,,,3,1.00,1,4,3,"… (Dragonfly). On its entry into Titan, and at near surface atmospheric conditions, Dragonfly will exit … The goal of this paper is to highlight aerodynamic trends experienced by the Dragonfly …","","https://scholar.google.com/scholar?q=related:TG9oQBX4X_4J:scholar.google.com/&scioq=odonata%7Cdragonfly%7Cdragonflies%7Cdamselfly%7Cdamselflies&hl=en&as_sdt=0,5&as_ylo=2023&as_yhi=2023"
0,"MDNG Junior, MT dos Santos Damasceno","A ORDEM ODONATA NO ESTADO DO AMAPÁ, BRASIL",,"researchgate.net","","https://www.researchgate.net/profile/Manoel-Daltro-Nunes-Garcia-Junior/publication/369431948_A_ORDEM_ODONATA_NO_ESTADO_DO_AMAPA_BRASIL/links/6422e10e92cfd54f84354b5b/A-ORDEM-ODONATA-NO-ESTADO-DO-AMAPA-BRASIL.pdf","",603,"2026-04-12 18:56:36","PDF","","",,,,,,0,0.00,0,2,,"… existem poucas informações sobre a diversidade de Odonata. A partir disso, o presente … São registradas até o momento 121 espécies, 53 gêneros e 10 famílias de Odonata para o …","https://www.researchgate.net/profile/Manoel-Daltro-Nunes-Garcia-Junior/publication/369431948_A_ORDEM_ODONATA_NO_ESTADO_DO_AMAPA_BRASIL/links/6422e10e92cfd54f84354b5b/A-ORDEM-ODONATA-NO-ESTADO-DO-AMAPA-BRASIL.pdf","https://scholar.google.com/scholar?q=related:CnBjEpzCCxEJ:scholar.google.com/&scioq=odonata%7Cdragonfly%7Cdragonflies%7Cdamselfly%7Cdamselflies&hl=en&as_sdt=0,5&as_ylo=2023&as_yhi=2023"
5,"N Sharma, D Singh, S Sharma…","A preliminary assessment of Odonata (dragonflies & damselflies) across an elevation gradient–insights from Shiwaliks to Alpines, northwestern Himalaya, India",2023,"Journal of Threatened …","threatenedtaxa.org","http://threatenedtaxa.org/index.php/JoTT/article/view/8203","https://scholar.google.com/scholar?cites=6524734078771889628&as_sdt=2005&sciodt=0,5&hl=en",77,"2026-04-12 18:56:36","","","",,,,,,5,1.67,1,4,3,"Understanding the species distribution and richness along an environmental gradient helps identify hotspots and prioritize conservation efforts at landscape scale. This is more effective …","http://threatenedtaxa.org/index.php/JoTT/article/download/8203/9420","https://scholar.google.com/scholar?q=related:3IUVOxODjFoJ:scholar.google.com/&scioq=odonata%7Cdragonfly%7Cdragonflies%7Cdamselfly%7Cdamselflies&hl=en&as_sdt=0,5&as_ylo=2023&as_yhi=2023"
0,"JM Chew, CK Yap, MS Ismail, SA Wakid…","A preliminary random checklist of benthic organisms in selected lakes of west peninsular Malaysia",2023,"Int J Hydro","researchgate.net","https://www.researchgate.net/profile/Mohamad-Ismail-18/publication/380145349_A_preliminary_random_checklist_of_benthic_organisms_in_selected_lakes_of_west_peninsular_Malaysia/links/663dd8493524304153855d2d/A-preliminary-random-checklist-of-benthic-organisms-in-selected-lakes-of-west-peninsular-Malaysia.pdf","",662,"2026-04-12 18:56:36","PDF","","",,,,,,0,0.00,0,5,3,"… Another spotted organism, a dragonfly nymph, has a broad body compared to a damselfly … finlike gills seen in a damselfly nymph. The common dragonflies were usually found in ponds …","https://www.researchgate.net/profile/Mohamad-Ismail-18/publication/380145349_A_preliminary_random_checklist_of_benthic_organisms_in_selected_lakes_of_west_peninsular_Malaysia/links/663dd8493524304153855d2d/A-preliminary-random-checklist-of-benthic-organisms-in-selected-lakes-of-west-peninsular-Malaysia.pdf","https://scholar.google.com/scholar?q=related:wJkmhgTboyIJ:scholar.google.com/&scioq=odonata%7Cdragonfly%7Cdragonflies%7Cdamselfly%7Cdamselflies&hl=en&as_sdt=0,5&as_ylo=2023&as_yhi=2023"
2,"CC YEN","A preliminary study of dragonflies and damselflies (Odonata) of Batu Caves, Selangor, Malaysia.",2023,"Malayan Nature Journal","search.ebscohost.com","https://search.ebscohost.com/login.aspx?direct=true&profile=ehost&scope=site&authtype=crawler&jrnl=00251291&AN=163575605&h=tFIFWre1pt3Qc9dsxvOysgfI7Pcr7edLMz8ZzB6vAFNcIAULAdNo0uVJkY4S4FFeqeYUUrqVseJ7DdlhcGNVvA%3D%3D&crl=c","https://scholar.google.com/scholar?cites=8261794176047518425&as_sdt=2005&sciodt=0,5&hl=en",172,"2026-04-12 18:56:36","","","",,,,,,2,0.67,2,1,3,"… : Dragonflies and damselflies (Order Odonata) are a group of aquatic insects that are important biotic components in an aquatic ecosystem. More than 250 species of Odonata … Odonata …","","https://scholar.google.com/scholar?q=related:2RK0vgfKp3IJ:scholar.google.com/&scioq=odonata%7Cdragonfly%7Cdragonflies%7Cdamselfly%7Cdamselflies&hl=en&as_sdt=0,5&as_ylo=2023&as_yhi=2023"
4,"K Sadasivan, VP Nair, KA Samuel","A review of Macromia Rambur, 1842 (Odonata, Macromiidae) of Western Ghats, with taxonomic notes on Macromia miniata Fraser, 1924 and M. irata Fraser, 1924",2023,"Entomon","entomon.in","http://entomon.in/index.php/Entomon/article/view/894","https://scholar.google.com/scholar?cites=14914322921228413491&as_sdt=2005&sciodt=0,5&hl=en",326,"2026-04-12 18:56:36","","","",,,,,,4,1.33,1,3,3,"A review of the genus Macromia Rambur, 1842 (Odonata, Macromiidae) of Western Ghats of Peninsular India is presented with its updated distribution. An attempt is made to collate the …","https://entomon.in/index.php/Entomon/article/download/894/451","https://scholar.google.com/scholar?q=related:MypJaa1R-s4J:scholar.google.com/&scioq=odonata%7Cdragonfly%7Cdragonflies%7Cdamselfly%7Cdamselflies&hl=en&as_sdt=0,5&as_ylo=2023&as_yhi=2023"
6,"SA Aseeri, A Gopal Chatterjee…","A scheduling policy to save 10% of communication time in parallel fast Fourier transform",2023,"Concurrency and …","Wiley Online Library","https://onlinelibrary.wiley.com/doi/abs/10.1002/cpe.6508","https://scholar.google.com/scholar?cites=7177939667403199902&as_sdt=2005&sciodt=0,5&hl=en",848,"2026-04-12 18:56:36","","10.1002/cpe.6508","",,,,,,6,2.00,2,3,3,"… Anando Chatterjee, the final invited speaker, discussed aspects of the current work in which the Dragonfly network topology 13 of Shaheen II the Cray XC40 at KAUST 14 were …","https://repository.kaust.edu.sa/bitstreams/7b901ccd-afe8-476f-9a79-be7201220488/download","https://scholar.google.com/scholar?q=related:ntXA3hgqnWMJ:scholar.google.com/&scioq=odonata%7Cdragonfly%7Cdragonflies%7Cdamselfly%7Cdamselflies&hl=en&as_sdt=0,5&as_ylo=2023&as_yhi=2023"
0,"Z Qiao, J Lv, Q Chen, Q Yang, S Yan…","A Solar Cell Dragonfly Bionic Antenna",2023,"… on Microwave and …","ieeexplore.ieee.org","https://ieeexplore.ieee.org/abstract/document/10276798/","",447,"2026-04-12 18:56:36","","","",,,,,,0,0.00,0,6,3,"This paper proposes a solar cell dragonfly bionic antenna based on the concept of antenna camouflage. The designed sample is based on the real dragonfly, and the wings of the …","","https://scholar.google.com/scholar?q=related:iCmey3r5YSMJ:scholar.google.com/&scioq=odonata%7Cdragonfly%7Cdragonflies%7Cdamselfly%7Cdamselflies&hl=en&as_sdt=0,5&as_ylo=2023&as_yhi=2023"
6,"NA Saxton, GS Powell, SM Bybee","A story of vicariance? How the geology of oceanic archipelagos influenced the evolutionary history of endemic damselflies",2023,"Molecular Phylogenetics and Evolution","Elsevier","https://www.sciencedirect.com/science/article/pii/S1055790323001318","https://scholar.google.com/scholar?cites=1022068448245075360&as_sdt=2005&sciodt=0,5&hl=en",94,"2026-04-12 18:56:36","","","",,,,,,6,2.00,2,3,3,"… (Odonata: Zygoptera) from the South Pacific, based on five molecular loci, in order to examine patterns of speciation in the region. We used the endemic damselfly … in these damselflies. …","https://www.sciencedirect.com/science/article/am/pii/S1055790323001318","https://scholar.google.com/scholar?q=related:oE3IqdYdLw4J:scholar.google.com/&scioq=odonata%7Cdragonfly%7Cdragonflies%7Cdamselfly%7Cdamselflies&hl=en&as_sdt=0,5&as_ylo=2023&as_yhi=2023"
0,"CD Kazemba, BJ Libben, HS Alpert","A Stratospheric Test Methodology for Characterizing Free-Flight Dynamics of Entry Vehicles",2023,"20th International Planetary …","ntrs.nasa.gov","https://ntrs.nasa.gov/api/citations/20230007074/downloads/IPPW_2023_Kazemba_final.pdf","",860,"2026-04-12 18:56:36","PDF","","",,,,,,0,0.00,0,3,3,"… All of NASA’s ongoing entry missions (MSR SRL, MSR EES, and Dragonfly) currently have dynamic stability challenges that drive system requirements. Experimental facilities capable …","https://ntrs.nasa.gov/api/citations/20230007074/downloads/IPPW_2023_Kazemba_final.pdf","https://scholar.google.com/scholar?q=related:uNs9XLNqOsYJ:scholar.google.com/&scioq=odonata%7Cdragonfly%7Cdragonflies%7Cdamselfly%7Cdamselflies&hl=en&as_sdt=0,5&as_ylo=2023&as_yhi=2023"
0,"A SARAVANAN, AJJ RAJ…","A SURVEY OF DRAGONFLIES POPULATION IN AND AROUND ERODE DISTRICT, TAMIL NADU, INDIA",2023,"… Journal of Current …","IJCSPUB (www. ijcspub. org)","","",824,"2026-04-12 18:56:36","CITATION","","",,,,,,0,0.00,0,3,3,"","","https://scholar.google.com/scholar?q=related:kdyoPUCiajoJ:scholar.google.com/&scioq=odonata%7Cdragonfly%7Cdragonflies%7Cdamselfly%7Cdamselflies&hl=en&as_sdt=0,5&as_ylo=2023&as_yhi=2023"
64,"CM Rahman, TA Rashid, A Alsadoon, N Bacanin…","A survey on dragonfly algorithm and its applications in engineering",2023,"Evolutionary …","Springer","https://link.springer.com/article/10.1007/s12065-021-00659-x","https://scholar.google.com/scholar?cites=6088842114207591222&as_sdt=2005&sciodt=0,5&hl=en",3,"2026-04-12 18:56:36","","10.1007/s12065-021-00659-x","",,,,,,64,21.33,13,5,3,"… comprehensive investigation of the dragonfly algorithm in the … engineering area that used the dragonfly algorithm is offered. … To evaluate the ability of the dragonfly algorithm and other …","https://arxiv.org/pdf/2002.12126","https://scholar.google.com/scholar?q=related:NivIjqTpf1QJ:scholar.google.com/&scioq=odonata%7Cdragonfly%7Cdragonflies%7Cdamselfly%7Cdamselflies&hl=en&as_sdt=0,5&as_ylo=2023&as_yhi=2023"
0,"MR Priya, S Sujatha","A survey on Dragonfly heuristic optimization algorithm, applications, and challenges",,"psvpec.in","","https://www.psvpec.in/jcres/2024_1/91.pdf","",472,"2026-04-12 18:56:36","PDF","","",,,,,,0,0.00,0,2,,"… of dragonflies in the wild served as the basis for the Dragonfly Algorithm. In the Dragonfly Algorithm… solutions to an optimization problem are represented as a swarm of dragonflies. Each …","https://www.psvpec.in/jcres/2024_1/91.pdf","https://scholar.google.com/scholar?q=related:bFH8n_86BdoJ:scholar.google.com/&scioq=odonata%7Cdragonfly%7Cdragonflies%7Cdamselfly%7Cdamselflies&hl=en&as_sdt=0,5&as_ylo=2023&as_yhi=2023"
6,"X Wei, H Huang","A survey on several new popular swarm intelligence optimization algorithms",2023,"","assets-eu.researchsquare.com","https://assets-eu.researchsquare.com/files/rs-2450545/v1_covered_be2cdb30-9283-455e-93cf-f824cbc6bc8a.pdf","https://scholar.google.com/scholar?cites=14119670259516657785&as_sdt=2005&sciodt=0,5&hl=en",820,"2026-04-12 18:56:36","PDF","","",,,,,,6,2.00,3,2,3,"… of dragonflies searching for prey. The algorithm is derived from the dynamic and static intelligent swarm behavior of dragonflies … if a dragonfly has at least one neighboring dragonfly 10. …","https://assets-eu.researchsquare.com/files/rs-2450545/v1_covered_be2cdb30-9283-455e-93cf-f824cbc6bc8a.pdf","https://scholar.google.com/scholar?q=related:eVAjtEol88MJ:scholar.google.com/&scioq=odonata%7Cdragonfly%7Cdragonflies%7Cdamselfly%7Cdamselflies&hl=en&as_sdt=0,5&as_ylo=2023&as_yhi=2023"
2,"A Koehnsen, SN Gorb, S Büsse","A switchable joint in the head of dragonfly larvae (Insecta: Odonata) as key to the multifunctionality of the prehensile labial mask",2023,"Journal of Experimental …","Wiley Online Library","https://onlinelibrary.wiley.com/doi/abs/10.1002/jez.2706","https://scholar.google.com/scholar?cites=11544972219335595187&as_sdt=2005&sciodt=0,5&hl=en",198,"2026-04-12 18:56:36","","10.1002/jez.2706","",,,,,,2,0.67,1,3,3,"… Dragonfly and damselfly larvae (Insecta: Odonata) capture … to a mechanical problem in Odonata larvae: while the labium … of the labial joints in the dragonfly larva Anax imperator. Our …","https://onlinelibrary.wiley.com/doi/pdfdirect/10.1002/jez.2706","https://scholar.google.com/scholar?q=related:s1RAyxD7N6AJ:scholar.google.com/&scioq=odonata%7Cdragonfly%7Cdragonflies%7Cdamselfly%7Cdamselflies&hl=en&as_sdt=0,5&as_ylo=2023&as_yhi=2023"
0,"H Zheng, M Akbarzadeh","A Web-based Interactive Structural Pattern Generation Tool with Graphic Statics and Machine Learning of Dragonfly Wings",2023,"42nd Annual Conference of the …","scholars.cityu.edu.hk","https://scholars.cityu.edu.hk/en/publications/a-web-based-interactive-structural-pattern-generation-tool-with-g/","",522,"2026-04-12 18:56:36","","","",,,,,,0,0.00,0,2,3,"… The dragonfly wing is among the many natural structures that have … the dragonfly wing structure and machine learning models to generate the topology and geometry of a dragonfly wing …","","https://scholar.google.com/scholar?q=related:K4zRfa-o0ZAJ:scholar.google.com/&scioq=odonata%7Cdragonfly%7Cdragonflies%7Cdamselfly%7Cdamselflies&hl=en&as_sdt=0,5&as_ylo=2023&as_yhi=2023"
0,"AA Muhammad, ORF Ph","ABUNDANCE AND COMPOSITION OF AQUATIC INSECTSOF OWENA RIVER, ONDO STATE, SOUTHWESTERN NIGERIA.",2023,"GSJ","researchgate.net","https://www.researchgate.net/profile/Abubakar-Muhammad-57/publication/374910986_ABUNDANCE_AND_COMPOSITION_OF_AQUATIC_INSECTSOF_OWENA_RIVER_ONDO_STATE_SOUTHWESTERN_NIGERIA/links/65359e8a5d51a8012b63bf12/ABUNDANCE-AND-COMPOSITION-OF-AQUATIC-INSECTSOF-OWENA-RIVER-ONDO-STATE-SOUTHWESTERN-NIGERIA.pdf","",872,"2026-04-12 18:56:36","PDF","","",,,,,,0,0.00,0,2,3,"… dragonflies (Odonata) tolerate somewhat pollution, others are pollution tolerant species like blackfly larva and so their presence in the water body indicate very bad water quality (Hepp …","https://www.researchgate.net/profile/Abubakar-Muhammad-57/publication/374910986_ABUNDANCE_AND_COMPOSITION_OF_AQUATIC_INSECTSOF_OWENA_RIVER_ONDO_STATE_SOUTHWESTERN_NIGERIA/links/65359e8a5d51a8012b63bf12/ABUNDANCE-AND-COMPOSITION-OF-AQUATIC-INSECTSOF-OWENA-RIVER-ONDO-STATE-SOUTHWESTERN-NIGERIA.pdf","https://scholar.google.com/scholar?q=related:ZxCPSUckDpYJ:scholar.google.com/&scioq=odonata%7Cdragonfly%7Cdragonflies%7Cdamselfly%7Cdamselflies&hl=en&as_sdt=0,5&as_ylo=2023&as_yhi=2023"
1,"B Das, MAR Choudhury, CK Dash…","Abundance and fluctuation pattern of insect pests and natural enemies in winter brinjal plant in Sylhet",2023,"Bangladesh Journal of …","researchgate.net","https://www.researchgate.net/profile/Md-Choudhury-3/publication/373826601_ABUNDANCE_AND_FLUCTUATION_PATTERN_OF_INSECT_PESTS_AND_NATURAL_ENEMIES_IN_WINTER_BRINJAL_PLANT_IN_SYLHET/links/64ff02ad25ee6b7564e10eee/ABUNDANCE-AND-FLUCTUATION-PATTERN-OF-INSECT-PESTS-AND-NATURAL-ENEMIES-IN-WINTER-BRINJAL-PLANT-IN-SYLHET.pdf","https://scholar.google.com/scholar?cites=18180498225134053044&as_sdt=2005&sciodt=0,5&hl=en",832,"2026-04-12 18:56:36","PDF","","",,,,,,1,0.33,0,4,3,"… Availability of the remaining natural enemies viz., black ant, dragonfly, spider, preying mantids were found throughout the entire cropping season following similar trend with the harmful …","https://www.researchgate.net/profile/Md-Choudhury-3/publication/373826601_ABUNDANCE_AND_FLUCTUATION_PATTERN_OF_INSECT_PESTS_AND_NATURAL_ENEMIES_IN_WINTER_BRINJAL_PLANT_IN_SYLHET/links/64ff02ad25ee6b7564e10eee/ABUNDANCE-AND-FLUCTUATION-PATTERN-OF-INSECT-PESTS-AND-NATURAL-ENEMIES-IN-WINTER-BRINJAL-PLANT-IN-SYLHET.pdf","https://scholar.google.com/scholar?q=related:tCa8tM8aTvwJ:scholar.google.com/&scioq=odonata%7Cdragonfly%7Cdragonflies%7Cdamselfly%7Cdamselflies&hl=en&as_sdt=0,5&as_ylo=2023&as_yhi=2023"
0,"AM Núñez, M Lockwood, JMO Vidal…","Actualització de la distribució de Sympetrum vulgatum ibericum Ocharan, 1985 a Catalunya (Odonata: Libellulidae)",2023,"Butlletí de la Institució …","raco.cat","https://www.raco.cat/index.php/ButlletiICHN/article/download/429309/523725","",773,"2026-04-12 18:56:36","PDF","","",,,,,,0,0.00,0,4,3,"2016). No s’ han tingut en compte els registres antics de l’espècie de finals del segle XIX i principis del XX, ja que no es pot descartar que siguin identificacions errònies i confusions …","https://www.raco.cat/index.php/ButlletiICHN/article/download/429309/523725","https://scholar.google.com/scholar?q=related:W4ldVY-XlM8J:scholar.google.com/&scioq=odonata%7Cdragonfly%7Cdragonflies%7Cdamselfly%7Cdamselflies&hl=en&as_sdt=0,5&as_ylo=2023&as_yhi=2023"
0,"JM Simpson","Acute Copper (Cu) Toxicity in Dragonfly Naiads (Insecta: Odonata)",2023,"","digitalcommons.unl.edu","https://digitalcommons.unl.edu/entodistmasters/118/","",464,"2026-04-12 18:56:36","","","",,,,,,0,0.00,0,1,3,"The objective of this study was to examine the effects copper (Cu) on mortality within a pair of test groups of naiads in the order Odonata, and to replicate previous observations …","https://digitalcommons.unl.edu/cgi/viewcontent.cgi?article=1118&context=entodistmasters","https://scholar.google.com/scholar?q=related:8C13PJOxc5QJ:scholar.google.com/&scioq=odonata%7Cdragonfly%7Cdragonflies%7Cdamselfly%7Cdamselflies&hl=en&as_sdt=0,5&as_ylo=2023&as_yhi=2023"
10,"K Sarwagya, PK Nayak, S Ranjan","Adaptive coordination of directional overcurrent relays for meshed distribution networks with distributed generations using dragonfly algorithm",2023,"Electrical Engineering","Springer","https://link.springer.com/article/10.1007/s00202-023-01905-4","https://scholar.google.com/scholar?cites=10172290820373646880&as_sdt=2005&sciodt=0,5&hl=en",110,"2026-04-12 18:56:36","","10.1007/s00202-023-01905-4","",,,,,,10,3.33,3,3,3,"… algorithm called the dragonfly algorithm (DA). The main inspiration of the proposed DA optimization technique originates from static and dynamic swarming behaviours of dragonflies. In …","","https://scholar.google.com/scholar?q=related:II5WJJs8K40J:scholar.google.com/&scioq=odonata%7Cdragonfly%7Cdragonflies%7Cdamselfly%7Cdamselflies&hl=en&as_sdt=0,5&as_ylo=2023&as_yhi=2023"
1,"X Cai, M Li, X Shi, J Shen, C Wu…","Adaptive routing with hierarchical reinforcement learning on dragonfly networks",2023,"ICC 2023-IEEE …","ieeexplore.ieee.org","https://ieeexplore.ieee.org/abstract/document/10278794/","https://scholar.google.com/scholar?cites=6087635552106619436&as_sdt=2005&sciodt=0,5&hl=en",289,"2026-04-12 18:56:36","","","",,,,,,1,0.33,0,6,3,"… In this paper, we study adaptive routing for Dragonfly networks from a new … , Dragonfly is usually composed of hundreds or thousands of routers. When Q-routing is applied to Dragonfly …","https://www.researchgate.net/profile/Xuhong-Cai/publication/374939995_Adaptive_Routing_with_Hierarchical_Reinforcement_Learning_on_Dragonfly_Networks/links/65444df83fa26f66f4ca837d/Adaptive-Routing-with-Hierarchical-Reinforcement-Learning-on-Dragonfly-Networks.pdf","https://scholar.google.com/scholar?q=related:LKJa7Uege1QJ:scholar.google.com/&scioq=odonata%7Cdragonfly%7Cdragonflies%7Cdamselfly%7Cdamselflies&hl=en&as_sdt=0,5&as_ylo=2023&as_yhi=2023"
3,"V Tejaswini, D Susitra","Adaptive step vector-based dragonfly optimization: a new deed for localizing and sizing D-STATCOM in distribution system",2023,"Australian Journal of Electrical and …","Taylor &Francis","https://www.tandfonline.com/doi/abs/10.1080/1448837X.2022.2100545","https://scholar.google.com/scholar?cites=4809028100038007390&as_sdt=2005&sciodt=0,5&hl=en",343,"2026-04-12 18:56:36","","10.1080/1448837X.2022.2100545","",,,,,,3,1.00,2,2,3,"… Dragonfly algorithm is implemented for placement of DSTATCOM, but it has some drawback as low convergence speed. So, in this paper, Adaptive Step vector based Dragonfly …","","https://scholar.google.com/scholar?q=related:Xhqj4ZMZvUIJ:scholar.google.com/&scioq=odonata%7Cdragonfly%7Cdragonflies%7Cdamselfly%7Cdamselflies&hl=en&as_sdt=0,5&as_ylo=2023&as_yhi=2023"
0,"M Seehausen","Addendum zu: Nachweise der an Libellen parasitierenden Gnitze Forcipomyia paludis in Vorpommern und auf Rügen (Odonata; Diptera: Ceratopogonidae) Libellula …",2023,"Libellula","search.ebscohost.com","https://search.ebscohost.com/login.aspx?direct=true&profile=ehost&scope=site&authtype=crawler&jrnl=07236514&asa=N&AN=173710738&h=aGok74fKr0Ha8hIHj3kyKecyVvkwC%2BZF45N2Or0lRLrEUbB5t2aqEsFskCff6zU3useo5C4QM79pSvj9Hvle1A%3D%3D&crl=c","",598,"2026-04-12 18:56:36","","","",,,,,,0,0.00,0,1,3,"English The article"" Addendum to: Evidence of the midge Forcipomyia paludis in Vorpommern and on Rügen"" presents evidence of the midge Forcipomyia paludis on dragonfly wings …","","https://scholar.google.com/scholar?q=related:9SdK97jesYwJ:scholar.google.com/&scioq=odonata%7Cdragonfly%7Cdragonflies%7Cdamselfly%7Cdamselflies&hl=en&as_sdt=0,5&as_ylo=2023&as_yhi=2023"
4,"D Datta, BK Agarwala…","Addition to the Odonata fauna of Tripura, India",2023,"Journal of Threatened Taxa","threatenedtaxa.org","https://threatenedtaxa.org/index.php/JoTT/article/view/7811","https://scholar.google.com/scholar?cites=8470065303276750361&as_sdt=2005&sciodt=0,5&hl=en",159,"2026-04-12 18:56:36","","","",,,,,,4,1.33,1,3,3,"The present study was conducted in nine different locations (forested areas and unclassified natural areas) of six administrative districts of Tripura State from March 2012 to May 2019 …","http://threatenedtaxa.org/index.php/JoTT/article/download/7811/9327","https://scholar.google.com/scholar?q=related:GQYsWoS3i3UJ:scholar.google.com/&scioq=odonata%7Cdragonfly%7Cdragonflies%7Cdamselfly%7Cdamselflies&hl=en&as_sdt=0,5&as_ylo=2023&as_yhi=2023"
17,"AP Girija","ADEPT Drag Modulation Aerocapture: Applications for Future Titan Exploration",2023,"arXiv preprint arXiv:2306.10412","arxiv.org","https://arxiv.org/abs/2306.10412","https://scholar.google.com/scholar?cites=7883752140530054304&as_sdt=2005&sciodt=0,5&hl=en",738,"2026-04-12 18:56:36","","","",,,,,,17,5.67,17,1,3,"… of Titan and complement Dragonfly’s local and … Dragonfly’s planned mission life, it is possible Dragonfly continues to operate when a future NF orbiter arrives at Titan. Since Dragonfly …","https://arxiv.org/pdf/2306.10412","https://scholar.google.com/scholar?q=related:oPSESc22aG0J:scholar.google.com/&scioq=odonata%7Cdragonfly%7Cdragonflies%7Cdamselfly%7Cdamselflies&hl=en&as_sdt=0,5&as_ylo=2023&as_yhi=2023"
0,"A Pradeepkumar Girija","ADEPT Drag Modulation Aerocapture: Applications for Future Titan Exploration",2023,"arXiv e-prints","ui.adsabs.harvard.edu","https://ui.adsabs.harvard.edu/abs/2023arXiv230610412P/abstract","",929,"2026-04-12 18:56:36","","","",,,,,,0,0.00,0,1,3,"… Dragonfly, a single element mission which fits within the New Frontiers cost cap will arrive at … The study shows how a Dragonfly-like lander, and a Titan orbiter which each individually fit …","","https://scholar.google.com/scholar?q=related:Fhb6Aqxqg6MJ:scholar.google.com/&scioq=odonata%7Cdragonfly%7Cdragonflies%7Cdamselfly%7Cdamselflies&hl=en&as_sdt=0,5&as_ylo=2023&as_yhi=2023"
0,"P Simek","Adipokinetic hormones provide inference for the phylogeny of Odonata",2023,"Journal of Insect Physiology","academia.edu","https://www.academia.edu/download/107614339/j.jinsphys.2010.11.00220231121-1-lxeso9.pdf","",393,"2026-04-12 18:56:36","HTML","","",,,,,,0,0.00,0,1,3,"… cardiaca of 17 species of Odonata encompassing mainly Received 17 … This divergence Phylogeny of Odonata from all other … Evolution of AKHs in anisopteran Odonata are likely due to …","https://www.academia.edu/download/107614339/j.jinsphys.2010.11.00220231121-1-lxeso9.pdf","https://scholar.google.com/scholar?q=related:Z5DF6yKEyiMJ:scholar.google.com/&scioq=odonata%7Cdragonfly%7Cdragonflies%7Cdamselfly%7Cdamselflies&hl=en&as_sdt=0,5&as_ylo=2023&as_yhi=2023"
15,"J Verheyen, K Cuypers, R Stoks","Adverse effects of the pesticide chlorpyrifos on the physiology of a damselfly only occur at the cold and hot extremes of a temperature gradient",2023,"Environmental Pollution","Elsevier","https://www.sciencedirect.com/science/article/pii/S0269749123004402","https://scholar.google.com/scholar?cites=6362121630014370071&as_sdt=2005&sciodt=0,5&hl=en",72,"2026-04-12 18:56:36","","","",,,,,,15,5.00,5,3,3,"Ecotoxicological studies considerably improved realism by assessing the toxicity of pollutants at different temperatures. Nevertheless, they may miss key interaction patterns between …","","https://scholar.google.com/scholar?q=related:F_HVHurLSlgJ:scholar.google.com/&scioq=odonata%7Cdragonfly%7Cdragonflies%7Cdamselfly%7Cdamselflies&hl=en&as_sdt=0,5&as_ylo=2023&as_yhi=2023"
3,"A Menzer, H Dong","Aerodynamic forces and wake analysis of wing damaged flapping flight",2023,"AIAA SCITECH 2023 Forum","arc.aiaa.org","https://arc.aiaa.org/doi/abs/10.2514/6.2023-0463","https://scholar.google.com/scholar?cites=3307512264096253977&as_sdt=2005&sciodt=0,5&hl=en",861,"2026-04-12 18:56:36","","10.2514/6.2023-0463","",,,,,,3,1.00,2,2,3,"… To start, we show the time history of the dragonflies 𝐶𝑉, 𝐶𝐻 (which are defined in a global sense) for each of the wigs in Fig. 3. The DS period is denoted by a grey background and US …","https://par.nsf.gov/servlets/purl/10473222","https://scholar.google.com/scholar?q=related:GYi0V-Gk5i0J:scholar.google.com/&scioq=odonata%7Cdragonfly%7Cdragonflies%7Cdamselfly%7Cdamselflies&hl=en&as_sdt=0,5&as_ylo=2023&as_yhi=2023"
0,"C Zucker, L Amaya, W Farrell, M Kinzel","Aerodynamic Investigation of a Rotorcraft Lander Fixed to a Descending Capsule Backshell",2023,"AIAA SciTech Forum and …","pure.psu.edu","https://pure.psu.edu/en/publications/aerodynamic-investigation-of-a-rotorcraft-lander-fixed-to-a-desce/","",881,"2026-04-12 18:56:36","","","",,,,,,0,0.00,0,4,3,"… (Dragonfly). On its entry into Titan, and at near surface atmospheric conditions, Dragonfly will exit … The goal of this paper is to highlight aerodynamic trends experienced by the Dragonfly …","","https://scholar.google.com/scholar?q=related:8ai4_6XeRHsJ:scholar.google.com/&scioq=odonata%7Cdragonfly%7Cdragonflies%7Cdamselfly%7Cdamselflies&hl=en&as_sdt=0,5&as_ylo=2023&as_yhi=2023"
0,"E Salami, E Montazer, TA Ward…","Aerodynamic Performance of a Dragonfly-Inspired Tandem Wing System for a Biomimetic Micro",2023,"… to design processes …","books.google.com","https://books.google.com/books?hl=en&lr=&id=jxS2EAAAQBAJ&oi=fnd&pg=PA77&dq=odonata%7Cdragonfly%7Cdragonflies%7Cdamselfly%7Cdamselflies&ots=QarP30bB1i&sig=6j-NTnO_ocFVolmgH8PJdEZtmdI","",417,"2026-04-12 18:56:36","","","",,,,,,0,0.00,0,4,3,"… dragonfly wings and its comparison with artificial wings by providing detailed 3D wing geometries of dragonflies … in this study are validated by real dragonfly data benchmarks taken from …","","https://scholar.google.com/scholar?q=related:5wUp5J-Q-VQJ:scholar.google.com/&scioq=odonata%7Cdragonfly%7Cdragonflies%7Cdamselfly%7Cdamselflies&hl=en&as_sdt=0,5&as_ylo=2023&as_yhi=2023"
9,"Y Fujita, M Iima","Aerodynamic performance of dragonfly wing model that starts impulsively: how vortex motion works",2023,"Journal of Fluid Science and Technology","jstage.jst.go.jp","https://www.jstage.jst.go.jp/article/jfst/18/1/18_2023jfst0013/_article/-char/ja/","https://scholar.google.com/scholar?cites=7443973038837433160&as_sdt=2005&sciodt=0,5&hl=en",97,"2026-04-12 18:56:36","","","",,,,,,9,3.00,5,2,3,"… The dragonfly wing is a typical example. Dragonfly flight was observed at the low Reynolds numbers (Re; Re = O(103)), which is smaller than those for birds and airplanes (Re = O(105 …","https://www.jstage.jst.go.jp/article/jfst/18/1/18_2023jfst0013/_pdf","https://scholar.google.com/scholar?q=related:SIN9-QlOTmcJ:scholar.google.com/&scioq=odonata%7Cdragonfly%7Cdragonflies%7Cdamselfly%7Cdamselflies&hl=en&as_sdt=0,5&as_ylo=2023&as_yhi=2023"
0,"M Ferreras-Romero…","Aeshna affinis Vander Linden, 1820 (Odonata: Aeshnidae) en la península ibérica: revisión de los registros antiguos y recientes, y un estudio biométrico …",2023,"Revista chilena de …","SciELO Chile","https://www.scielo.cl/scielo.php?pid=S0718-89942023000100093&script=sci_arttext","",726,"2026-04-12 18:56:36","HTML","","",,,,,,0,0.00,0,2,3,"Aeshna affinis, conocida como ""halconero migrador sureño o halconero de ojos azules"", es un odonato nativo poco común en muchas áreas de la península ibérica. Las …","https://www.scielo.cl/scielo.php?pid=S0718-89942023000100093&script=sci_arttext","https://scholar.google.com/scholar?q=related:WnL2b9ywVqcJ:scholar.google.com/&scioq=odonata%7Cdragonfly%7Cdragonflies%7Cdamselfly%7Cdamselflies&hl=en&as_sdt=0,5&as_ylo=2023&as_yhi=2023"
1,"M Ferreras-Romero…","Aeshna affinis Vander Linden, 1820 (Odonata: Aeshnidae) in the Iberian Peninsula: A review of past and recent records, and a larval biometric study",2023,"Revista Chilena de …","biotaxa.org","https://www.biotaxa.org/rce/article/view/80690","https://scholar.google.com/scholar?cites=11005999906988178020&as_sdt=2005&sciodt=0,5&hl=en",492,"2026-04-12 18:56:36","","","",,,,,,1,0.33,1,2,3,"Aeshna affinis, known as “Southern Migrant Hawker, Blue-eyed Hawker” is a native odonate species uncommon in many areas of the Iberian Peninsula. Field observations in Andalusia…","https://www.biotaxa.org/rce/article/download/80690/75572","https://scholar.google.com/scholar?q=related:ZDoDZpoqvZgJ:scholar.google.com/&scioq=odonata%7Cdragonfly%7Cdragonflies%7Cdamselfly%7Cdamselflies&hl=en&as_sdt=0,5&as_ylo=2023&as_yhi=2023"
0,"J Mitchell","All Things New Vol. II: Christmas and Epiphany",2023,"","academia.edu","https://www.academia.edu/download/106691672/All_Things_New_Vol._2_Christmas_and_Ephiphany.pdf","",880,"2026-04-12 18:56:36","HTML","","",,,,,,0,0.00,0,1,3,"… Dragonflies have an important role for the stability of the ecosystem that is as predator and … the species richness of dragonflies in the habitats. Reasearch on dragonfly comunity structure …","https://www.academia.edu/download/106691672/All_Things_New_Vol._2_Christmas_and_Ephiphany.pdf","https://scholar.google.com/scholar?q=related:4fS6Cw4LryUJ:scholar.google.com/&scioq=odonata%7Cdragonfly%7Cdragonflies%7Cdamselfly%7Cdamselflies&hl=en&as_sdt=0,5&as_ylo=2023&as_yhi=2023"
1,"B Jiang, Y Yao, R Mauersberger, DJ Mikolajewski","Allometry of Defense: Predator Shift Alters Ontogenetic Growth Patterns in an Antipredator Trait",2023,"Insects","mdpi.com","https://www.mdpi.com/2075-4450/14/8/712","https://scholar.google.com/scholar?cites=6951849677919157059&as_sdt=2005&sciodt=0,5&hl=en",721,"2026-04-12 18:56:36","HTML","","",,,,,,1,0.33,0,4,3,"… Species of the dragonfly genus Leucorrhinia are distributed in … In larval dragonflies, the spine is one of the most efficient … curves in five species of Leucorrhinia dragonfly larvae. Here, we …","https://www.mdpi.com/2075-4450/14/8/712","https://scholar.google.com/scholar?q=related:Q_tIGHPueWAJ:scholar.google.com/&scioq=odonata%7Cdragonfly%7Cdragonflies%7Cdamselfly%7Cdamselflies&hl=en&as_sdt=0,5&as_ylo=2023&as_yhi=2023"
21,"VRS Ferreira, BO de Resende, RC Bastos…","Amazonian Odonata trait bank",2023,"Ecology and …","Wiley Online Library","https://onlinelibrary.wiley.com/doi/abs/10.1002/ece3.10149","https://scholar.google.com/scholar?cites=15119610262881363848&as_sdt=2005&sciodt=0,5&hl=en",9,"2026-04-12 18:56:36","","10.1002/ece3.10149","",,,,,,21,7.00,5,4,3,"… Discussion regarding the gaps of knowledge on Odonata is … 68 functional traits of 218 Odonata species that occur in the … different functional patterns for the Odonata suborders, as well …","https://onlinelibrary.wiley.com/doi/pdfdirect/10.1002/ece3.10149","https://scholar.google.com/scholar?q=related:iOdkTW2l09EJ:scholar.google.com/&scioq=odonata%7Cdragonfly%7Cdragonflies%7Cdamselfly%7Cdamselflies&hl=en&as_sdt=0,5&as_ylo=2023&as_yhi=2023"
7,"VRS Ferreira, BO De Resende, RC Bastos, JS da Brito…","Amazonian Odonata Trait Bank. Ecol. Evol. 13: e10149",2023,"","","","https://scholar.google.com/scholar?cites=6732996025220199589&as_sdt=2005&sciodt=0,5&hl=en",960,"2026-04-12 18:56:36","CITATION","","",,,,,,7,2.33,1,5,3,"","","https://scholar.google.com/scholar?q=related:pfRdRTZocF0J:scholar.google.com/&scioq=odonata%7Cdragonfly%7Cdragonflies%7Cdamselfly%7Cdamselflies&hl=en&as_sdt=0,5&as_ylo=2023&as_yhi=2023"
0,"B Santos","Ampliando o conhecimento sobre o comportamento de agregaÃ § Ã£ o em voo de libÃ© lulas (Insecta: Odonata: Anisoptera): histÃ³ria natural de odonatos do …",2023,"","teses.usp.br","https://www.teses.usp.br/teses/disponiveis/59/59131/tde-26032024-080017/en.php","",588,"2026-04-12 18:56:36","","","",,,,,,0,0.00,0,1,3,"… dragonfly species observed in the state of Sergipe, which has a significant occurrence of dragonfly … preliminary observations showed that dragonfly aggregation occurred frequently, and …","","https://scholar.google.com/scholar?q=related:0kORQmFjfjUJ:scholar.google.com/&scioq=odonata%7Cdragonfly%7Cdragonflies%7Cdamselfly%7Cdamselflies&hl=en&as_sdt=0,5&as_ylo=2023&as_yhi=2023"
0,"R Mishra","An Autoregressive Dragonfly Optimization-Based Assignment Planning Procedures for Refining Enactment and Data Security in Mobile Cloud Computing",2023,"SN Computer Science","Springer","https://link.springer.com/article/10.1007/s42979-023-02190-5","",383,"2026-04-12 18:56:36","","10.1007/s42979-023-02190-5","",,,,,,0,0.00,0,1,3,"Customers pay a nominal monthly charge to use the Mobile Cloud Computing's (MCC) shared pool of virtualized cloud resources, which includes storage, data processing, network, …","","https://scholar.google.com/scholar?q=related:mBehdgKGfh4J:scholar.google.com/&scioq=odonata%7Cdragonfly%7Cdragonflies%7Cdamselfly%7Cdamselflies&hl=en&as_sdt=0,5&as_ylo=2023&as_yhi=2023"
2,"A Prashar, J Thakur","An Energy Efficient VM Selection Using Updated Dragonfly Algorithm in Cloud Computing",2023,"","academia.edu","https://www.academia.edu/download/109900577/latest.pdf","https://scholar.google.com/scholar?cites=15192115244520490945&as_sdt=2005&sciodt=0,5&hl=en",349,"2026-04-12 18:56:36","PDF","","",,,,,,2,0.67,1,2,3,"… The proposed work uses modification in the dragonfly fitness function to achieve the claimed outcomes. The proposed dragonfly algorithm is implemented to compute the efficiency of …","https://www.academia.edu/download/109900577/latest.pdf","https://scholar.google.com/scholar?q=related:wcdw2FI81dIJ:scholar.google.com/&scioq=odonata%7Cdragonfly%7Cdragonflies%7Cdamselfly%7Cdamselflies&hl=en&as_sdt=0,5&as_ylo=2023&as_yhi=2023"
0,"G Deepa, G Thirunavukkarasu…","An Energy Optimization in WSN using Dragonfly Optimization Algorithm for IoT Applications",2023,"2023 14th …","ieeexplore.ieee.org","https://ieeexplore.ieee.org/abstract/document/10307690/","",407,"2026-04-12 18:56:36","","","",,,,,,0,0.00,0,3,3,"… The goal of this research is toapply the suggested Dragonfly algorithm to create a model with a sensor that has a longer expected lifespan. The DA method is used to choose the CH. …","","https://scholar.google.com/scholar?q=related:hVwPyrcsGpIJ:scholar.google.com/&scioq=odonata%7Cdragonfly%7Cdragonflies%7Cdamselfly%7Cdamselflies&hl=en&as_sdt=0,5&as_ylo=2023&as_yhi=2023"
0,"R Shivakumar, S Sowranchana","An Improved Dragonfly Algorithm tuned Optimizer for Improving Stability of Multimachine system",2023,"2023 2nd International …","ieeexplore.ieee.org","https://ieeexplore.ieee.org/abstract/document/10199487/","",416,"2026-04-12 18:56:36","","","",,,,,,0,0.00,0,2,3,"Power system stabilizers are mainly implemented in power system to overcome the unwanted low frequency oscillations. The generating system undergoes an unstable oscillating …","","https://scholar.google.com/scholar?q=related:pYAC9fRPqhAJ:scholar.google.com/&scioq=odonata%7Cdragonfly%7Cdragonflies%7Cdamselfly%7Cdamselflies&hl=en&as_sdt=0,5&as_ylo=2023&as_yhi=2023"
69,"SM Alirahmi, A Behzadi, P Ahmadi, S Sadrizadeh","An innovative four-objective dragonfly-inspired optimization algorithm for an efficient, green, and cost-effective waste heat recovery from SOFC",2023,"Energy","Elsevier","https://www.sciencedirect.com/science/article/pii/S0360544222024938","https://scholar.google.com/scholar?cites=9790456289598859299&as_sdt=2005&sciodt=0,5&hl=en",23,"2026-04-12 18:56:36","HTML","","",,,,,,69,23.00,17,4,3,"This work proposes a novel yet practical dragonfly optimization algorithm that addresses four competing objectives simultaneously. The proposed algorithm is applied to a hybrid system …","https://www.sciencedirect.com/science/article/pii/S0360544222024938","https://scholar.google.com/scholar?q=related:I2iHkh-w3ocJ:scholar.google.com/&scioq=odonata%7Cdragonfly%7Cdragonflies%7Cdamselfly%7Cdamselflies&hl=en&as_sdt=0,5&as_ylo=2023&as_yhi=2023"
0,"S Maccracken, IM Miller…","AN INTERCONTINENTAL ASSOCIATION OF DRAGONFLY OVIPOSITION ON A FLOATING AQUATIC PLANT FROM THE LATE CRETACEOUS OF …",2023,"ANATOMICAL …","… ST, HOBOKEN 07030-5774, NJ USA","","",870,"2026-04-12 18:56:36","CITATION","","",,,,,,0,0.00,0,3,3,"","","https://scholar.google.com/scholar?q=related:YAYES1kz7PgJ:scholar.google.com/&scioq=odonata%7Cdragonfly%7Cdragonflies%7Cdamselfly%7Cdamselflies&hl=en&as_sdt=0,5&as_ylo=2023&as_yhi=2023"
17,"BAS Emambocus, MB Jasser, S Rejepov…","An optimized hybrid dragonfly algorithm applied for solving the optimal reactive power dispatch problem in smart grids",2023,"2023 IEEE 13th …","ieeexplore.ieee.org","https://ieeexplore.ieee.org/abstract/document/10237155/","https://scholar.google.com/scholar?cites=2651066933515818062&as_sdt=2005&sciodt=0,5&hl=en",80,"2026-04-12 18:56:36","","","",,,,,,17,5.67,4,4,3,"World’s growing population has resulted in an up-surged demand for electricity worldwide. The resulting pressure on the power systems has urged the search for measures to increase …","","https://scholar.google.com/scholar?q=related:TpT-f1R7yiQJ:scholar.google.com/&scioq=odonata%7Cdragonfly%7Cdragonflies%7Cdamselfly%7Cdamselflies&hl=en&as_sdt=0,5&as_ylo=2023&as_yhi=2023"
0,"A Miralles Núñez, C Zaldívar, F Prunier…","An updated and agreed-upon proposal for the common names of dragonflies and damselflies in Spanish",2023,"XX Congreso Ibérico …","digibuo.uniovi.es","https://digibuo.uniovi.es/dspace/handle/10651/69035","",530,"2026-04-12 18:56:36","","","",,,,,,0,0.00,0,4,3,"Odonata (dragonflies) is one of the most attractive Order of … names in Spanish for dragonfly species present in Spain. … the use of common names for dragonflies, albeit with a lack of …","","https://scholar.google.com/scholar?q=related:Btiuk9HNjf0J:scholar.google.com/&scioq=odonata%7Cdragonfly%7Cdragonflies%7Cdamselfly%7Cdamselflies&hl=en&as_sdt=0,5&as_ylo=2023&as_yhi=2023"
2,"QT Phan, QP Ngo","An updated checklist of dragonflies and damselflies (Insecta: Odonata) of Phu Quoc National Park, southern Vietnam",2023,"International Dragonfly Fund–Report","","","https://scholar.google.com/scholar?cites=11399247271022731386&as_sdt=2005&sciodt=0,5&hl=en",701,"2026-04-12 18:56:36","CITATION","","",,,,,,2,0.67,1,2,3,"","","https://scholar.google.com/scholar?q=related:eqAmSP9CMp4J:scholar.google.com/&scioq=odonata%7Cdragonfly%7Cdragonflies%7Cdamselfly%7Cdamselflies&hl=en&as_sdt=0,5&as_ylo=2023&as_yhi=2023"
4,"ABN As-sajid, RE Putra","Analisis Dan Pengujian Dictionary Attack Terhadap Wpa3 Berbasis Script",2023,"Journal of Informatics and Computer …","ejournal.unesa.ac.id","https://ejournal.unesa.ac.id/index.php/jinacs/article/view/57071","https://scholar.google.com/scholar?cites=8140056155800366343&as_sdt=2005&sciodt=0,5&hl=en",996,"2026-04-12 18:56:36","","","",,,,,,4,1.33,2,2,3,"… WPA3 menggunakan Dragonfly handshake untuk menjaga keamanan jaringan sama halnya dengan … jaringan terkini, tetap saja ditemukannya celah pada sistem keamanan Dragonfly …","https://ejournal.unesa.ac.id/index.php/jinacs/article/download/57071/44940","https://scholar.google.com/scholar?q=related:B202IvJJ93AJ:scholar.google.com/&scioq=odonata%7Cdragonfly%7Cdragonflies%7Cdamselfly%7Cdamselflies&hl=en&as_sdt=0,5&as_ylo=2023&as_yhi=2023"
0,"HS WU, XY Qian, Y Zhang","Analysis of Heavy Metal Distribution and Ecological Risk in Typical Wetlands in Nanjing City, China",2023,"AGU Fall Meeting Abstracts","ui.adsabs.harvard.edu","https://ui.adsabs.harvard.edu/abs/2023AGUFM.H23K1721W/abstract","",873,"2026-04-12 18:56:36","","","",,,,,,0,0.00,0,3,3,"… wetland water, sediments, and dragonfly larvae, and conducted an ecological … dragonfly larvae were all less than 1, indicating no accumulation of sediment heavy metals in dragonfly …","","https://scholar.google.com/scholar?q=related:B0QvmbwS4eMJ:scholar.google.com/&scioq=odonata%7Cdragonfly%7Cdragonflies%7Cdamselfly%7Cdamselflies&hl=en&as_sdt=0,5&as_ylo=2023&as_yhi=2023"
1,"A Sophian","Analysis of Purity and Concentration of DNA Isolated in Dragonfly (Onychogomphus forcipatus)",,"Wahana-Bio: Jurnal Biologi dan Pembelajarannya","ppjp.ulm.ac.id","https://ppjp.ulm.ac.id/journal/index.php/wb/article/view/13209","https://scholar.google.com/scholar?cites=3287198104250869966&as_sdt=2005&sciodt=0,5&hl=en",327,"2026-04-12 18:56:36","","","",,,,,,1,0.00,1,1,,"… The main difficulty faced in this research is how to get a sample from the dragonfly being tested, where when sampling is done, dragonflies have different body characteristics from …","https://ppjp.ulm.ac.id/journal/index.php/wb/article/viewFile/13209/8773","https://scholar.google.com/scholar?q=related:zug1bkJ5ni0J:scholar.google.com/&scioq=odonata%7Cdragonfly%7Cdragonflies%7Cdamselfly%7Cdamselflies&hl=en&as_sdt=0,5&as_ylo=2023&as_yhi=2023"
3,"A Sophian, LO Nasir","Analysis of purity and concentration of DNA isolated in dragonfly (Onychogomphus forcipatus). Wahana-Bio: Jurnal Biologi dan Pembelajarannya, 14 (2) …",2023,"","","","https://scholar.google.com/scholar?cites=4842026837037857708&as_sdt=2005&sciodt=0,5&hl=en",948,"2026-04-12 18:56:36","CITATION","","",,,,,,3,1.00,2,2,3,"","","https://scholar.google.com/scholar?q=related:rLuMDsFVMkMJ:scholar.google.com/&scioq=odonata%7Cdragonfly%7Cdragonflies%7Cdamselfly%7Cdamselflies&hl=en&as_sdt=0,5&as_ylo=2023&as_yhi=2023"
2,"FAA Lencioni","Analysis of Telebasis Selys, 1865-Part I.(Odonata: Coenagrionidae)",2023,"Zootaxa","pubmed.ncbi.nlm.nih.gov","https://pubmed.ncbi.nlm.nih.gov/37045085/","https://scholar.google.com/scholar?cites=17027029190701109517&as_sdt=2005&sciodt=0,5&hl=en",568,"2026-04-12 18:56:36","","","",,,,,,2,0.67,2,1,3,"All species of Telebasis Selys, 1865 are analyzed and Telebasis sensu lato is redefined, Helveciagrion Machado, 1980 is removed from synonym and revalidated based on …","","https://scholar.google.com/scholar?q=related:DVHy-9UoTOwJ:scholar.google.com/&scioq=odonata%7Cdragonfly%7Cdragonflies%7Cdamselfly%7Cdamselflies&hl=en&as_sdt=0,5&as_ylo=2023&as_yhi=2023"
0,"TS Keetapithchayakul, N Makbun, K Rattanachan…","and Pacific Island Odonata",,"researchgate.net","","https://www.researchgate.net/profile/Noppadon-Makbun/publication/374156936_Contribution_to_the_knowledge_of_the_Odonata_fauna_of_Khao_Yai_National_Park_and_the_adjacent_regions_in_Thailand/links/651143b561f18040c223092a/Contribution-to-the-knowledge-of-the-Odonata-fauna-of-Khao-Yai-National-Park-and-the-adjacent-regions-in-Thailand.pdf","",463,"2026-04-12 18:56:36","PDF","","",,,,,,0,0.00,0,4,,"The diversity and distribution of dragonflies and damselflies were investigated at Khao Yai National Park (KYNP) during January 2019–March 2022. Adults and larvae of 78 species …","https://www.researchgate.net/profile/Noppadon-Makbun/publication/374156936_Contribution_to_the_knowledge_of_the_Odonata_fauna_of_Khao_Yai_National_Park_and_the_adjacent_regions_in_Thailand/links/651143b561f18040c223092a/Contribution-to-the-knowledge-of-the-Odonata-fauna-of-Khao-Yai-National-Park-and-the-adjacent-regions-in-Thailand.pdf","https://scholar.google.com/scholar?q=related:XlHGSZ5AwwoJ:scholar.google.com/&scioq=odonata%7Cdragonfly%7Cdragonflies%7Cdamselfly%7Cdamselflies&hl=en&as_sdt=0,5&as_ylo=2023&as_yhi=2023"
0,"M Ešner","ANDOR Flagship High-Speed Confocal System: Dragonfly 600 Deeper Imaging. Deeper Insights. Deeper Understanding.",2023,"","","","",1000,"2026-04-12 18:56:36","CITATION","","",,,,,,0,0.00,0,1,3,"","","https://scholar.google.com/scholar?q=related:31mJCreyxEQJ:scholar.google.com/&scioq=odonata%7Cdragonfly%7Cdragonflies%7Cdamselfly%7Cdamselflies&hl=en&as_sdt=0,5&as_ylo=2023&as_yhi=2023"
0,"H Lohmann","Anmerkungen und Replik zur historischen Verbreitung von Coenagrion scitulum in Nordwestdeutschland (Odonata: Coenagrionidae).",2023,"Libellula","libellula.org","https://www.libellula.org/wp-content/uploads/2024/12/Libellula-42-2023-1_2-63-68-Anmerkungen-und-Replik-zur-historischen-Verbreitung-von-Coenagrion-scitulum-in-Nordwestdeutschland-Odonata-Coenagrionidae-Lohmann.pdf","",596,"2026-04-12 18:56:36","PDF","","",,,,,,0,0.00,0,1,3,"Die Angaben und Recherchen zu den Funden von Coenagrion scitulum in Lieckweg et al.(2023) wurden überprüft. Hierbei wurde bestätigt, dass der angebliche Fund bei Bremerhaven …","https://www.libellula.org/wp-content/uploads/2024/12/Libellula-42-2023-1_2-63-68-Anmerkungen-und-Replik-zur-historischen-Verbreitung-von-Coenagrion-scitulum-in-Nordwestdeutschland-Odonata-Coenagrionidae-Lohmann.pdf","https://scholar.google.com/scholar?q=related:GBd5lu9niLoJ:scholar.google.com/&scioq=odonata%7Cdragonfly%7Cdragonflies%7Cdamselfly%7Cdamselflies&hl=en&as_sdt=0,5&as_ylo=2023&as_yhi=2023"
0,"L SWIERK","ANOLIS (NOROPS) AQUATICUS (Water Anole).",2023,"Herpetological Review","search.ebscohost.com","https://search.ebscohost.com/login.aspx?direct=true&profile=ehost&scope=site&authtype=crawler&jrnl=0018084X&asa=N&AN=175735115&h=R2THHZuQuq1KStZA1fL3oBPkoDd%2FpCp3v3ODaSgyfvcuRgcbCkge8Xk%2Ffncm4g4MTVh4nhLuEN4Cu1h9DB39pQ%3D%3D&crl=c","",803,"2026-04-12 18:56:36","","","",,,,,,0,0.00,0,1,3,"… 5 mm of the dragonfly’s wings and terminal abdominal appendages were still outside of the … lizard’s mouth and the entire dragonfly was pulled free. The dragonfly was partially digested, …","","https://scholar.google.com/scholar?q=related:cZjajdsRJUAJ:scholar.google.com/&scioq=odonata%7Cdragonfly%7Cdragonflies%7Cdamselfly%7Cdamselflies&hl=en&as_sdt=0,5&as_ylo=2023&as_yhi=2023"
0,"A THONIS","ANOLIS CUVIERI (Puerto Rican Giant Anole).",2023,"Herpetological Review","search.ebscohost.com","https://search.ebscohost.com/login.aspx?direct=true&profile=ehost&scope=site&authtype=crawler&jrnl=0018084X&asa=N&AN=175735116&h=XF7FlLKnLevjIAzNen0Sn6DmzdjbWyZJF6AulKVgea4ccBDZnli5G%2Fx1YUJ4aBqXGs2lPL%2F7YD0yxUlLhSZF5A%3D%3D&crl=c","",736,"2026-04-12 18:56:36","","","",,,,,,0,0.00,0,1,3,"… 5 mm of the dragonfly’s wings and terminal abdominal appendages were still outside of the … lizard’s mouth and the entire dragonfly was pulled free. The dragonfly was partially digested, …","","https://scholar.google.com/scholar?q=related:iAj68uZTUQAJ:scholar.google.com/&scioq=odonata%7Cdragonfly%7Cdragonflies%7Cdamselfly%7Cdamselflies&hl=en&as_sdt=0,5&as_ylo=2023&as_yhi=2023"
0,"K Singh, T Sheikh, M Riyaz","ANOTOGASTER BASALIS SELYS, 1854: A NOTEWORTHY ADDITION TO THE ODONATA FAUNA OF JAMMU AND KASHMIR, INDIA",,"researchgate.net","","https://www.researchgate.net/profile/Taslima-Sheikh/publication/377014443_Anotogaster_Basalis_Selys_1854_A_noteworthy_addition_to_the_Odonata_fauna_of_Jammu_and_Kashmir_India/links/6591f2456f6e450f19ba4c9f/Anotogaster-Basalis-Selys-1854-A-noteworthy-addition-to-the-Odonata-fauna-of-Jammu-and-Kashmir-India.pdf","",547,"2026-04-12 18:56:36","PDF","","",,,,,,0,0.00,0,3,,"… on areas with suitable dragonfly habitat such as rivers, … the dragonfly breeding season to locate and observe Odonata fauna … High-quality photographs of the adult dragonfly Anotogaster …","https://www.researchgate.net/profile/Taslima-Sheikh/publication/377014443_Anotogaster_Basalis_Selys_1854_A_noteworthy_addition_to_the_Odonata_fauna_of_Jammu_and_Kashmir_India/links/6591f2456f6e450f19ba4c9f/Anotogaster-Basalis-Selys-1854-A-noteworthy-addition-to-the-Odonata-fauna-of-Jammu-and-Kashmir-India.pdf","https://scholar.google.com/scholar?q=related:zHbDwo-kB9cJ:scholar.google.com/&scioq=odonata%7Cdragonfly%7Cdragonflies%7Cdamselfly%7Cdamselflies&hl=en&as_sdt=0,5&as_ylo=2023&as_yhi=2023"
0,"E Barón Merino","Análisis de congestión en el nodo final sobre diversos escenarios de red",2023,"","repositorio.unican.es","https://repositorio.unican.es/xmlui/handle/10902/30034","",926,"2026-04-12 18:56:36","","","",,,,,,0,0.00,0,1,3,"… modelado de la topología de red Dragonfly, lo cual restringía … simulación sobre una red Dragonfly son consistentes con el … a lo analizado en la topología Dragonfly. Los resultados …","","https://scholar.google.com/scholar?q=related:glhIymM5n84J:scholar.google.com/&scioq=odonata%7Cdragonfly%7Cdragonflies%7Cdamselfly%7Cdamselflies&hl=en&as_sdt=0,5&as_ylo=2023&as_yhi=2023"
0,"D Herreros Cerro","Análisis de congestión en el nodo final y mecanismos de mitigación en redes Dragonfly",2023,"","repositorio.unican.es","https://repositorio.unican.es/xmlui/handle/10902/30812","",599,"2026-04-12 18:56:36","","","",,,,,,0,0.00,0,1,3,"Las redes de interconexión de sistemas son uno de los elementos claves que permiten la computación a gran escala en entornos de supercomputación y datacenters. Para poder …","","https://scholar.google.com/scholar?q=related:gUKBddaFwmEJ:scholar.google.com/&scioq=odonata%7Cdragonfly%7Cdragonflies%7Cdamselfly%7Cdamselflies&hl=en&as_sdt=0,5&as_ylo=2023&as_yhi=2023"
4,"R Sharma, OP Verma, P Kumari","Application of dragonfly algorithm-based interval type-2 fuzzy logic closed-loop control system to regulate the mean arterial blood pressure",2023,"… on machine intelligence for research & …","Springer","https://link.springer.com/chapter/10.1007/978-981-99-8135-9_16","https://scholar.google.com/scholar?cites=15087533202634211712&as_sdt=2005&sciodt=0,5&hl=en",220,"2026-04-12 18:56:36","","10.1007/978-981-99-8135-9_16","",,,,,,4,1.33,1,3,3,"… 4 Optimization Algorithm: Dragonfly Algorithm In this research work, the dragonfly algorithm (DFA) is … Mirjalili projected a new and significant optimization procedure named as dragonfly …","","https://scholar.google.com/scholar?q=related:gIHst4KvYdEJ:scholar.google.com/&scioq=odonata%7Cdragonfly%7Cdragonflies%7Cdamselfly%7Cdamselflies&hl=en&as_sdt=0,5&as_ylo=2023&as_yhi=2023"
3,"O Shtepa","Application of Project Management approaches in running an Organization in modern conditions",2023,"Věda a perspektivy","academia.edu","https://www.academia.edu/download/101708254/3488.pdf","https://scholar.google.com/scholar?cites=5267073621069791120&as_sdt=2005&sciodt=0,5&hl=en",859,"2026-04-12 18:56:36","HTML","","",,,,,,3,1.00,3,1,3,"… Dragonflies have an important role for the stability of the ecosystem that is as predator and … the species richness of dragonflies in the habitats. Reasearch on dragonfly comunity structure …","https://www.academia.edu/download/101708254/3488.pdf","https://scholar.google.com/scholar?q=related:kP-xXY1nGEkJ:scholar.google.com/&scioq=odonata%7Cdragonfly%7Cdragonflies%7Cdamselfly%7Cdamselflies&hl=en&as_sdt=0,5&as_ylo=2023&as_yhi=2023"
1,"ZT Raouf, DH Abd","Applying Dragonfly Algorithm for Feature Selection Optimizing in Machine Learning Classification",2023,"2023 16th International Conference on …","ieeexplore.ieee.org","https://ieeexplore.ieee.org/abstract/document/10468960/","https://scholar.google.com/scholar?cites=12557264682552569674&as_sdt=2005&sciodt=0,5&hl=en",263,"2026-04-12 18:56:36","","","",,,,,,1,0.33,1,2,3,"… Metaheuristic algorithms have garnered considerable attention due to their prowess in solving many optimization problems such as feature section, in this paper using Dragonfly …","","https://scholar.google.com/scholar?q=related:Sq8akrJdRK4J:scholar.google.com/&scioq=odonata%7Cdragonfly%7Cdragonflies%7Cdamselfly%7Cdamselflies&hl=en&as_sdt=0,5&as_ylo=2023&as_yhi=2023"
1,"SL Konyak","Aquatic fauna biodiversity in Dzuna River, Jotsoma, Nagaland, India",2023,"","researchgate.net","https://www.researchgate.net/profile/Shekhumcha-Y/publication/371576913_Aquatic_fauna_biodiversity_in_Dzuna_River_Jotsoma_Nagaland_India/links/648e6617c41fb852dd0da277/Aquatic-fauna-biodiversity-in-Dzuna-River-Jotsoma-Nagaland-India.pdf","https://scholar.google.com/scholar?cites=17836362906640204285&as_sdt=2005&sciodt=0,5&hl=en",727,"2026-04-12 18:56:36","PDF","","",,,,,,1,0.33,1,1,3,"The present investigation was conducted in Dzuna river of Jotsoma village under Kohima district of Nagaland, India to study the aquatic fauna biodiversity in between 2020 to 2021. …","https://www.researchgate.net/profile/Shekhumcha-Y/publication/371576913_Aquatic_fauna_biodiversity_in_Dzuna_River_Jotsoma_Nagaland_India/links/648e6617c41fb852dd0da277/Aquatic-fauna-biodiversity-in-Dzuna-River-Jotsoma-Nagaland-India.pdf","https://scholar.google.com/scholar?q=related:_UE-_499h_cJ:scholar.google.com/&scioq=odonata%7Cdragonfly%7Cdragonflies%7Cdamselfly%7Cdamselflies&hl=en&as_sdt=0,5&as_ylo=2023&as_yhi=2023"
0,"P Herrera-Paniagua, M Martínez, OG Nucamendi","Aquatic Groups in Freshwater Systems in the Semidesierto Queretano, Mexico: Algae, Bryophytes, Vascular Plants, and Odonata",,"growthzonesitesprod.azureedge.net","","https://growthzonesitesprod.azureedge.net/wp-content/uploads/sites/1889/2023/08/Jan2022_Aquatic-Groups-in-Freshwater-Systems.pdf","",505,"2026-04-12 18:56:36","PDF","","",,,,,,0,0.00,0,3,,"Freshwater ecosystems occupy an estimated 5.4-6.8% of the global land surface and host almost 9.5% of the Earths described species, including one-third of vertebrates. A large …","https://growthzonesitesprod.azureedge.net/wp-content/uploads/sites/1889/2023/08/Jan2022_Aquatic-Groups-in-Freshwater-Systems.pdf","https://scholar.google.com/scholar?q=related:H_w_vB-9DTUJ:scholar.google.com/&scioq=odonata%7Cdragonfly%7Cdragonflies%7Cdamselfly%7Cdamselflies&hl=en&as_sdt=0,5&as_ylo=2023&as_yhi=2023"
3,"A Martens, S Kohl, H Wildermuth","Are anal spines of anisopteran larvae an antipredator device? A case study in Boyeria irene (Odonata: Aeshnidae)",2023,"Odonatologica","BioOne","https://bioone.org/journals/odonatologica/volume-52/issue-1-2/odon.v52i1-2.a4/Are-anal-spines-of-anisopteran-larvae-an-antipredator-device-A/10.60024/odon.v52i1-2.a4.short","https://scholar.google.com/scholar?cites=10043903731469528538&as_sdt=2005&sciodt=0,5&hl=en",233,"2026-04-12 18:56:36","","10.60024/odon.v52i1-2.a4.short","",,,,,,3,1.00,1,3,3,". Boyeria irene larvae of different stages sampled at several localities in the headwaters of the Gardon River, Southern France, frequently showed malformations and injuries in their …","","https://scholar.google.com/scholar?q=related:2i12mDodY4sJ:scholar.google.com/&scioq=odonata%7Cdragonfly%7Cdragonflies%7Cdamselfly%7Cdamselflies&hl=en&as_sdt=0,5&as_ylo=2023&as_yhi=2023"
2,"DS Vilela, R Guillermo-Ferreira, R Koroiva","Argia koroivarum sp. nov.(Odonata: Coenagrionidae) from Minas Gerais state, Southeastern Brazil.",2023,"Zootaxa","europepmc.org","https://europepmc.org/article/med/37518457","https://scholar.google.com/scholar?cites=12270063245754353784&as_sdt=2005&sciodt=0,5&hl=en",298,"2026-04-12 18:56:36","","","",,,,,,2,0.67,1,3,3,"… (Odonata: Coenagrionidae) from Minas Gerais state, Southeastern Brazil. - Abstract - Europe PMC … (Odonata: Coenagrionidae) from Minas Gerais state, Southeastern Brazil. …","","https://scholar.google.com/scholar?q=related:eMjDLoMFSKoJ:scholar.google.com/&scioq=odonata%7Cdragonfly%7Cdragonflies%7Cdamselfly%7Cdamselflies&hl=en&as_sdt=0,5&as_ylo=2023&as_yhi=2023"
12,"GA Ali, H Abubakar, SAS Alzaeemi, AHM Almawgani…","Artificial dragonfly algorithm in the Hopfield neural network for optimal Exact Boolean k satisfiability representation",2023,"Plos one","journals.plos.org","https://journals.plos.org/plosone/article?id=10.1371/journal.pone.0286874","https://scholar.google.com/scholar?cites=17799391179553502556&as_sdt=2005&sciodt=0,5&hl=en",93,"2026-04-12 18:56:36","HTML","","",,,,,,12,4.00,2,5,3,"This study proposes a novel hybrid computational approach that integrates the artificial dragonfly algorithm (ADA) with the Hopfield neural network (HNN) to achieve an optimal …","https://journals.plos.org/plosone/article?id=10.1371/journal.pone.0286874","https://scholar.google.com/scholar?q=related:XPWB-_gjBPcJ:scholar.google.com/&scioq=odonata%7Cdragonfly%7Cdragonflies%7Cdamselfly%7Cdamselflies&hl=en&as_sdt=0,5&as_ylo=2023&as_yhi=2023"
9,"J Kašák, O Holuša, M Mazalová","Artificial habitat – a chance for survival of a rare montane dragonfly (Odonata): case study on an alpine emerald (Somatochlora alpestris)",2023,"Journal of Insect Conservation","Springer","https://link.springer.com/article/10.1007/s10841-023-00457-z","https://scholar.google.com/scholar?cites=1859499093002012585&as_sdt=2005&sciodt=0,5&hl=en",96,"2026-04-12 18:56:36","HTML","10.1007/s10841-023-00457-z","",,,,,,9,3.00,3,3,3,"The mountain ecosystems of Central Europe are an important natural phenomenon. The character of small isolated islands also predetermines their vulnerability. Typical inhabitant of …","https://link.springer.com/article/10.1007/s10841-023-00457-z","https://scholar.google.com/scholar?q=related:qceLspJEzhkJ:scholar.google.com/&scioq=odonata%7Cdragonfly%7Cdragonflies%7Cdamselfly%7Cdamselflies&hl=en&as_sdt=0,5&as_ylo=2023&as_yhi=2023"
5,"KA Thor, KA Ołdak, D Klich, K Gajewska, B Popczyk…","Artificial Waterholes for European Bison as Biodiversity Hotspots in Forest Ecosystems: Ecological Effects of Species Reintroduction Activities",2023,"Diversity","mdpi.com","https://www.mdpi.com/1424-2818/15/3/446","https://scholar.google.com/scholar?cites=799782470148387847&as_sdt=2005&sciodt=0,5&hl=en",615,"2026-04-12 18:56:36","HTML","","",,,,,,5,1.67,1,6,3,"… The aim of the presented study was to examine the impact of waterholes for European bison on the development of local populations of amphibians and dragonflies (Odonata), as well …","https://www.mdpi.com/1424-2818/15/3/446","https://scholar.google.com/scholar?q=related:B3THTutlGQsJ:scholar.google.com/&scioq=odonata%7Cdragonfly%7Cdragonflies%7Cdamselfly%7Cdamselflies&hl=en&as_sdt=0,5&as_ylo=2023&as_yhi=2023"
1,"Z Zhang","Artistic sousveillance in the societal surveillant assemblage – on Dragonfly Eyes and Eye Contact",2023,"Journal of Visual Art Practice","Taylor &Francis","https://www.tandfonline.com/doi/abs/10.1080/14702029.2022.2123628","https://scholar.google.com/scholar?cites=12895323817078745037&as_sdt=2005&sciodt=0,5&hl=en",382,"2026-04-12 18:56:36","","10.1080/14702029.2022.2123628","",,,,,,1,0.33,1,1,3,"Built on theoretical frameworks of surveillant assemblage, sousveillance and other surveillance and biopolitical scholarship, I analyze two Chinese art projects, Dragonfly Eyes (2017), …","https://www.tandfonline.com/doi/pdf/10.1080/14702029.2022.2123628","https://scholar.google.com/scholar?q=related:zeecdLBk9bIJ:scholar.google.com/&scioq=odonata%7Cdragonfly%7Cdragonflies%7Cdamselfly%7Cdamselflies&hl=en&as_sdt=0,5&as_ylo=2023&as_yhi=2023"
20,"A Goodman, E Tolman, R Uche-Dike…","Assessment of targeted enrichment locus capture across time and museums using odonate specimens",2023,"Insect Systematics …","academic.oup.com","https://academic.oup.com/isd/article-abstract/7/3/5/7205312","https://scholar.google.com/scholar?cites=15662760929279127845&as_sdt=2005&sciodt=0,5&hl=en",753,"2026-04-12 18:56:36","","","",,,,,,20,6.67,5,4,3,"… Dragonflies and damselflies are ubiquitous in freshwater ecosystems and are commonly collected and preserved insects in museum collections hence their use in this study. However, …","https://academic.oup.com/isd/article-pdf/7/3/5/50767738/ixad011.pdf","https://scholar.google.com/scholar?q=related:JbGMjxROXdkJ:scholar.google.com/&scioq=odonata%7Cdragonfly%7Cdragonflies%7Cdamselfly%7Cdamselflies&hl=en&as_sdt=0,5&as_ylo=2023&as_yhi=2023"
6,"J Cranston, NJB Isaac, R Early","Associations between a range‐shifting damselfly (Erythromma viridulum) and the UK's resident Odonata suggest habitat sharing is more important than antagonism",2023,"Insect Conservation and …","Wiley Online Library","https://resjournals.onlinelibrary.wiley.com/doi/abs/10.1111/icad.12630","https://scholar.google.com/scholar?cites=2360727363748799685&as_sdt=2005&sciodt=0,5&hl=en",45,"2026-04-12 18:56:36","","10.1111/icad.12630","",,,,,,6,2.00,2,3,3,"… into the United Kingdom since 1999 and may affect resident Odonata via intraguild predation. We asked whether the damselfly's arrival is associated with a decline in resident Odonata. …","https://resjournals.onlinelibrary.wiley.com/doi/pdf/10.1111/icad.12630","https://scholar.google.com/scholar?q=related:xaTKlwf9wiAJ:scholar.google.com/&scioq=odonata%7Cdragonfly%7Cdragonflies%7Cdamselfly%7Cdamselflies&hl=en&as_sdt=0,5&as_ylo=2023&as_yhi=2023"
0,"KSS Reis, CF Braga…","Atividade Predatória de Insetos Aquáticos (Odonata: Libellulidae e Coleóptera: Hydrophilidae) em Condições Laboratoriais: Atividade Predatória de Insetos …",2023,"Acta Brasiliensis","actabra.revistas.ufcg.edu.br","https://actabra.revistas.ufcg.edu.br/index.php/actabra/article/view/627","",608,"2026-04-12 18:56:36","","","",,,,,,0,0.00,0,3,3,"A predação regula o funcionamento das comunidades e afeta a dinâmica populacional dos organismos no ambiente. Os principais predadores aquáticos estão representados pelos …","https://actabra.revistas.ufcg.edu.br/index.php/actabra/article/download/627/161","https://scholar.google.com/scholar?q=related:QX_DIwe9_0kJ:scholar.google.com/&scioq=odonata%7Cdragonfly%7Cdragonflies%7Cdamselfly%7Cdamselflies&hl=en&as_sdt=0,5&as_ylo=2023&as_yhi=2023"
0,"RJC Cannon","Attracting and stimulating the other sex (near-range courtship) II. dances and displays.",2023,"","cabidigitallibrary.org","https://www.cabidigitallibrary.org/doi/full/10.5555/20230270999","",919,"2026-04-12 18:56:36","","10.5555/20230270999","",,,,,,0,0.00,0,1,3,"… and display flights in broad-winged damselflies (Calopterygidae) and jewels (Chlorocyphidae), as well as the courtship behaviour of dragonflies. Additionally, it explores wing waving …","","https://scholar.google.com/scholar?q=related:zIhSCsFVJbsJ:scholar.google.com/&scioq=odonata%7Cdragonfly%7Cdragonflies%7Cdamselfly%7Cdamselflies&hl=en&as_sdt=0,5&as_ylo=2023&as_yhi=2023"
1,"L Tsu, S Alshehri, R Katkar, E Bsoul…","Automated segmentation of the dentition in the maxillae and mandible using the U-Net deep learning model and segmentation wizard on DragonflyTM software",2023,"Oral Surgery, Oral …","Elsevier","https://www.sciencedirect.com/science/article/pii/S2212440322012287","https://scholar.google.com/scholar?cites=6877446983542876153&as_sdt=2005&sciodt=0,5&hl=en",668,"2026-04-12 18:56:36","","","",,,,,,1,0.33,0,5,3,"… the “segmentation wizard” in Dragonfly TM , a 3D visualization … minimal training of the deep learning model in Dragonfly TM . … Dragonfly TM successfully distinguished differences in the …","","https://scholar.google.com/scholar?q=related:-aen35eZcV8J:scholar.google.com/&scioq=odonata%7Cdragonfly%7Cdragonflies%7Cdamselfly%7Cdamselflies&hl=en&as_sdt=0,5&as_ylo=2023&as_yhi=2023"
2,"B Hemalatha, N Rajkumar","Automatic detection of dental age assessment using an efficient elman neural network with dragonfly optimization",2023,"Computational Intelligence in …","taylorfrancis.com","https://www.taylorfrancis.com/chapters/edit/10.1201/9781003181668-1/automatic-detection-dental-age-assessment-using-efficient-elman-neural-network-dragonfly-optimization-hemalatha-rajkumar","https://scholar.google.com/scholar?cites=14504887290920729474&as_sdt=2005&sciodt=0,5&hl=en",304,"2026-04-12 18:56:36","","10.1201/9781003181668-1","",,,,,,2,0.67,1,2,3,"… To show the dragonflies swarming characteristics, three primitive swarming standards are given… for dragonfly’s location updating the search space and movement’s imitation. Dragonfly’s …","","https://scholar.google.com/scholar?q=related:gntoEiS2S8kJ:scholar.google.com/&scioq=odonata%7Cdragonfly%7Cdragonflies%7Cdamselfly%7Cdamselflies&hl=en&as_sdt=0,5&as_ylo=2023&as_yhi=2023"
0,"D Boopathi, K Jagatheesan…","Automatic Frequency Control for Interlinked DSTS Power Grid Using Dragonfly algorithm tuned PID Controller",2023,"2023 IEEE 20th India …","ieeexplore.ieee.org","https://ieeexplore.ieee.org/abstract/document/10440739/","",413,"2026-04-12 18:56:36","","","",,,,,,0,0.00,0,3,3,"This article discussed the automatic frequency fluctuation control in an interlinked power network. Power quality issue arises at the time uncertainty in the loading. The power network is …","","https://scholar.google.com/scholar?q=related:YUjY8txPFUUJ:scholar.google.com/&scioq=odonata%7Cdragonfly%7Cdragonflies%7Cdamselfly%7Cdamselflies&hl=en&as_sdt=0,5&as_ylo=2023&as_yhi=2023"
0,"JP Korbin, T Stangebye, S Bowie","Automation of NDT Inspection by Dragonfly Scripting and HPC Batch Processing",2023,"","osti.gov","https://www.osti.gov/servlets/purl/2431518","",621,"2026-04-12 18:56:36","","","",,,,,,0,0.00,0,3,3,"… Dragonfly scripting has become a critical to automating the final two steps … WE IMPLEMENTED A COMPUTING ENVIRONMENT TO SUPPORT OUR AUTOMATED …","","https://scholar.google.com/scholar?q=related:Mz2Sf_SHVOYJ:scholar.google.com/&scioq=odonata%7Cdragonfly%7Cdragonflies%7Cdamselfly%7Cdamselflies&hl=en&as_sdt=0,5&as_ylo=2023&as_yhi=2023"
8,"Y Oelmann, D Fiedler, R Michaelis, M Leivits, A Braun…","Autumn migration of the migrant hawker (Aeshna mixta) at the Baltic coast",2023,"Movement Ecology","Springer","https://link.springer.com/article/10.1186/s40462-023-00415-z","https://scholar.google.com/scholar?cites=5592458729735384772&as_sdt=2005&sciodt=0,5&hl=en",734,"2026-04-12 18:56:36","HTML","10.1186/s40462-023-00415-z","",,,,,,8,2.67,1,6,3,"… Migratory behaviour and captures of dragonflies in bird traps suggest autumn migration of dragonflies along coastlines while the origin and regularity of this migration remain unclear. …","https://link.springer.com/article/10.1186/s40462-023-00415-z","https://scholar.google.com/scholar?q=related:xO7oppVnnE0J:scholar.google.com/&scioq=odonata%7Cdragonfly%7Cdragonflies%7Cdamselfly%7Cdamselflies&hl=en&as_sdt=0,5&as_ylo=2023&as_yhi=2023"
0,"G Mayer","Ballet School–Der vierte Schwan: Die Kinderbuchreihe über Ballett der SPIEGEL-Bestsellerautorin| Mädchen im Leistungssport| Tanz-Akademie in …",2023,"","Dragonfly","","",746,"2026-04-12 18:56:36","CITATION","","",,,,,,0,0.00,0,1,3,"","","https://scholar.google.com/scholar?q=related:cdN79HpXsHIJ:scholar.google.com/&scioq=odonata%7Cdragonfly%7Cdragonflies%7Cdamselfly%7Cdamselflies&hl=en&as_sdt=0,5&as_ylo=2023&as_yhi=2023"
3,"D Ji, Z Sun","Bayesian network structure learning algorithm combining improved dragonfly optimization",2023,"IEEE Access","ieeexplore.ieee.org","https://ieeexplore.ieee.org/abstract/document/10229153/","https://scholar.google.com/scholar?cites=10734051137005111255&as_sdt=2005&sciodt=0,5&hl=en",203,"2026-04-12 18:56:36","","","",,,,,,3,1.00,2,2,3,"… In SO algorithms, dragonfly optimization has the advantages of multiple group strategies and parallelization [5]. Therefore, this study improves the dragonfly SO algorithm and applies it …","https://ieeexplore.ieee.org/iel7/6287639/6514899/10229153.pdf","https://scholar.google.com/scholar?q=related:10cRPqMC95QJ:scholar.google.com/&scioq=odonata%7Cdragonfly%7Cdragonflies%7Cdamselfly%7Cdamselflies&hl=en&as_sdt=0,5&as_ylo=2023&as_yhi=2023"
1,"F Palacino-Rodríguez, J Silva-Brito, L Juen…","Behavior diversity in Odonata larvae is increased by water turbidity",2023,"","researchsquare.com","https://www.researchsquare.com/article/rs-2843312/latest","https://scholar.google.com/scholar?cites=9742692022930299724&as_sdt=2005&sciodt=0,5&hl=en",323,"2026-04-12 18:56:36","","","",,,,,,1,0.33,0,4,3,"Aquatic insects’ behavior changes due to physiological constraints, trophic interactions, habitat selection, and biotic interactions. Addressing these topics can help to potentiate our …","","https://scholar.google.com/scholar?q=related:TNvKnsb-NIcJ:scholar.google.com/&scioq=odonata%7Cdragonfly%7Cdragonflies%7Cdamselfly%7Cdamselflies&hl=en&as_sdt=0,5&as_ylo=2023&as_yhi=2023"
2,"SM Mogali, BA Shanbhag…","Behavioral responses of tadpoles of Clinotarsus curtipes (Anura: Ranidae) to odor cues of dragonfly larvae",2023,"Phyllomedusa: Journal of …","academia.edu","https://www.academia.edu/download/123297363/195885.pdf","https://scholar.google.com/scholar?cites=8101675106363389302&as_sdt=2005&sciodt=0,5&hl=en",300,"2026-04-12 18:56:36","PDF","","",,,,,,2,0.67,1,3,3,"… The behavioral responses of tadpoles of Clinotarsus curtipes to predatory larvae of the dragonfly Pantala flavescens were studied in the laboratory. The predator’s kairomones (water …","https://www.academia.edu/download/123297363/195885.pdf","https://scholar.google.com/scholar?q=related:djVqsJXubnAJ:scholar.google.com/&scioq=odonata%7Cdragonfly%7Cdragonflies%7Cdamselfly%7Cdamselflies&hl=en&as_sdt=0,5&as_ylo=2023&as_yhi=2023"
1,"BJL Marcellino","Behavioural responses as a function of temperature and interactions between behaviour and melanin ornaments in dragonflies",2023,"","search.proquest.com","https://search.proquest.com/openview/4355669df7aa21491681f6ab0a74cfbf/1?pq-origsite=gscholar&cbl=18750&diss=y","https://scholar.google.com/scholar?cites=9371211520664717115&as_sdt=2005&sciodt=0,5&hl=en",354,"2026-04-12 18:56:36","BOOK","","",,,,,,1,0.33,1,1,3,"… thermoregulatory behaviour in Celithemis elisa and Leucorrhinia intacta dragonflies. In C. elisa, I … My results suggest that some dragonflies will have reduced time windows for mating as …","https://utoronto.scholaris.ca/bitstreams/48d69f91-aa06-442b-8906-575501a168ea/download","https://scholar.google.com/scholar?q=related:O8dELDo7DYIJ:scholar.google.com/&scioq=odonata%7Cdragonfly%7Cdragonflies%7Cdamselfly%7Cdamselflies&hl=en&as_sdt=0,5&as_ylo=2023&as_yhi=2023"
34,"V Gerstle, A Manfrin, S Kolbenschlag, M Gerken…","Benthic macroinvertebrate community shifts based on Bti-induced chironomid reduction also decrease Odonata emergence",2023,"Environmental …","Elsevier","https://www.sciencedirect.com/science/article/pii/S026974912201702X","https://scholar.google.com/scholar?cites=4288751449658323635&as_sdt=2005&sciodt=0,5&hl=en",68,"2026-04-12 18:56:36","HTML","","",,,,,,34,11.33,7,5,3,"Chironomid larvae (Diptera: Chironomidae) often dominate aquatic macroinvertebrate communities and are a key food source for many aquatic predators, such as dragonfly and …","https://www.sciencedirect.com/science/article/pii/S026974912201702X","https://scholar.google.com/scholar?q=related:s3LTfri0hDsJ:scholar.google.com/&scioq=odonata%7Cdragonfly%7Cdragonflies%7Cdamselfly%7Cdamselflies&hl=en&as_sdt=0,5&as_ylo=2023&as_yhi=2023"
8,"D Góral, D Makhkamov","Bernard (2023): Taxonomic status of the Central Asian damselfly Calopteryx samarcandica Bartenev, 1912 (Odonata: Calopterygidae)",2023,"Internafional Journal of Odonatology","researchgate.net","https://www.researchgate.net/profile/Nikola-Goral/publication/375632741_Taxonomic_status_of_the_Central_Asian_damselfly_Calopteryx_samarcandica_Bartenev_1912_Odonata_Calopterygidae/links/6553909eb86a1d521be29c8e/Taxonomic-status-of-the-Central-Asian-damselfly-Calopteryx-samarcandica-Bartenev-1912-Odonata-Calopterygidae.pdf","https://scholar.google.com/scholar?cites=3723726653952131480&as_sdt=2005&sciodt=0,5&hl=en",55,"2026-04-12 18:56:36","PDF","","",,,,,,8,2.67,4,2,3,"The taxonomic status of the Central Asian damselfly Calopteryx samarcandi ca was determined on the basis of molecular and phenotypic data from the Kugitang Mountains, SE …","https://www.researchgate.net/profile/Nikola-Goral/publication/375632741_Taxonomic_status_of_the_Central_Asian_damselfly_Calopteryx_samarcandica_Bartenev_1912_Odonata_Calopterygidae/links/6553909eb86a1d521be29c8e/Taxonomic-status-of-the-Central-Asian-damselfly-Calopteryx-samarcandica-Bartenev-1912-Odonata-Calopterygidae.pdf","https://scholar.google.com/scholar?q=related:mIF4oalVrTMJ:scholar.google.com/&scioq=odonata%7Cdragonfly%7Cdragonflies%7Cdamselfly%7Cdamselflies&hl=en&as_sdt=0,5&as_ylo=2023&as_yhi=2023"
0,"SR Silva, EL de Lima, JMB Oliveira-Junior…","Beta Diversity Assessment of Odonata Communities in Amazonian Streams with Altered Environments",2023,"","researchsquare.com","https://www.researchsquare.com/article/rs-3427733/latest","",440,"2026-04-12 18:56:36","","","",,,,,,0,0.00,0,4,3,"… of Odonata species adult in Amazonian streams using different beta diversity indices. The Odonata … Our results show that all methods used are effective in detecting changes in Odonata …","https://www.researchsquare.com/article/rs-3427733/latest.pdf","https://scholar.google.com/scholar?q=related:cb41zB6b0xoJ:scholar.google.com/&scioq=odonata%7Cdragonfly%7Cdragonflies%7Cdamselfly%7Cdamselflies&hl=en&as_sdt=0,5&as_ylo=2023&as_yhi=2023"
20,"LA Mähn, C Hof, R Brandl…","Beyond latitude: Temperature, productivity and thermal niche conservatism drive global body size variation in Odonata",2023,"Global Ecology and …","Wiley Online Library","https://onlinelibrary.wiley.com/doi/abs/10.1111/geb.13661","https://scholar.google.com/scholar?cites=5783887938033664304&as_sdt=2005&sciodt=0,5&hl=en",69,"2026-04-12 18:56:36","","10.1111/geb.13661","",,,,,,20,6.67,5,4,3,"… resource availability for the respective suborders of Odonata that differ markedly in their body shape… We show that body length in Odonata increases only weakly with increasing latitude. …","https://onlinelibrary.wiley.com/doi/pdf/10.1111/geb.13661","https://scholar.google.com/scholar?q=related:MMEpb29_RFAJ:scholar.google.com/&scioq=odonata%7Cdragonfly%7Cdragonflies%7Cdamselfly%7Cdamselflies&hl=en&as_sdt=0,5&as_ylo=2023&as_yhi=2023"
0,"A O'Hanlon","Bibliography of Irish insects (1802-2020)",2023,"The Irish Naturalists' Journal","search.proquest.com","https://search.proquest.com/openview/93862b97974e075159270859590ef13a/1?pq-origsite=gscholar&cbl=2047010","",898,"2026-04-12 18:56:36","","","",,,,,,0,0.00,0,1,3,"… , naturalists focusing on Irish dragonflies can skip straight to the chapter on Odonata and search through 292 references exclusively related to Ireland’s dragonflies and damselflies. …","","https://scholar.google.com/scholar?q=related:P9SywKeK3e4J:scholar.google.com/&scioq=odonata%7Cdragonfly%7Cdragonflies%7Cdamselfly%7Cdamselflies&hl=en&as_sdt=0,5&as_ylo=2023&as_yhi=2023"
2,"M Ilie, G Sullivan","Bio-inspired, low-Reynolds number, aerodynamics of flapping airfoils in tandem; computational studies using LES",2023,"AIAA SCITECH 2023 Forum","arc.aiaa.org","https://arc.aiaa.org/doi/abs/10.2514/6.2023-1026","https://scholar.google.com/scholar?cites=1239211615164865879&as_sdt=2005&sciodt=0,5&hl=en",710,"2026-04-12 18:56:36","","10.2514/6.2023-1026","",,,,,,2,0.67,1,2,3,"… Studies showed that the dragonfly can reach speeds … dragonflies can generated lift force of high magnitudes equivalent to 15-20 times their own body weight. Moreover, the dragonflies …","","https://scholar.google.com/scholar?q=related:V51w-2WQMhEJ:scholar.google.com/&scioq=odonata%7Cdragonfly%7Cdragonflies%7Cdamselfly%7Cdamselflies&hl=en&as_sdt=0,5&as_ylo=2023&as_yhi=2023"
3,"M Let, K Grabicová, F Ložek, M Bláha","Bioconcentrations, depuration, shift in metabolome and a behavioural response in the nymphs of the dragonfly Aeshna cyanea (Müller, 1764) to environmentally …",2023,"Aquatic Toxicology","Elsevier","https://www.sciencedirect.com/science/article/pii/S0166445X23000826","https://scholar.google.com/scholar?cites=2598208468969776163&as_sdt=2005&sciodt=0,5&hl=en",251,"2026-04-12 18:56:36","","","",,,,,,3,1.00,1,4,3,"Bioconcentrations, depuration, shift in metabolome and a behavioural response in the nymphs of the dragonfly Aeshna cyanea (Müller, 1764) to environmentally relevant concentrations …","","https://scholar.google.com/scholar?q=related:I-RaLdawDiQJ:scholar.google.com/&scioq=odonata%7Cdragonfly%7Cdragonflies%7Cdamselfly%7Cdamselflies&hl=en&as_sdt=0,5&as_ylo=2023&as_yhi=2023"
0,"O Buntara","BIODIVERSITAS DAN PREFERENSI HABITAT CAPUNG (ODONATA) DI KAWASAN WISATA KALIURANG YOGYAKARTA",2023,"","digilib.uin-suka.ac.id","https://digilib.uin-suka.ac.id/id/eprint/63494/","",814,"2026-04-12 18:56:36","","","",,,,,,0,0.00,0,1,3,"Kaliurang dikenal oleh masyarakat sebagai salah satu destinasti wisata di Yogyakarta. Adanya aktivitas wisatawan dikhawatirkan akan menganggu keberlangsungan hidup capung …","","https://scholar.google.com/scholar?q=related:uQUwY_eK3icJ:scholar.google.com/&scioq=odonata%7Cdragonfly%7Cdragonflies%7Cdamselfly%7Cdamselflies&hl=en&as_sdt=0,5&as_ylo=2023&as_yhi=2023"
0,"SCK Mun","Biodiversity Record: A riverhawk dragonfly, Onychothemis testacea, at Yishun Central",2023,"","science.nus.edu.sg","https://www.science.nus.edu.sg/wp-content/uploads/sites/11/2024/03/NIS-2023-0091.pdf","",507,"2026-04-12 18:56:36","","","",,,,,,0,0.00,0,1,3,"Remarks: According to Ngiam &Ng (2022), the riverhawk has a restricted distribution in Singapore where it was recorded sporadically from forest streams in the Central Catchment …","","https://scholar.google.com/scholar?q=related:6jGhYB1lHiEJ:scholar.google.com/&scioq=odonata%7Cdragonfly%7Cdragonflies%7Cdamselfly%7Cdamselflies&hl=en&as_sdt=0,5&as_ylo=2023&as_yhi=2023"
3,"HB Thio, RWJ Ngiam","Biodiversity Record: Heterospecific pairing of scarlet skimmer and sultan dragonflies",2023,"Nature in Singapore","","","https://scholar.google.com/scholar?cites=10036793593687704109&as_sdt=2005&sciodt=0,5&hl=en",790,"2026-04-12 18:56:36","CITATION","","",,,,,,3,1.00,2,2,3,"","","https://scholar.google.com/scholar?q=related:LQKso5jaSYsJ:scholar.google.com/&scioq=odonata%7Cdragonfly%7Cdragonflies%7Cdamselfly%7Cdamselflies&hl=en&as_sdt=0,5&as_ylo=2023&as_yhi=2023"
3,"RWJ Ngiam, HB Thio, HB Tang","Biodiversity Record: New Singapore record of the damselfly, Aciagrion borneense",2023,"Nature in Singapore","lkcnhm.nus.edu.sg","https://lkcnhm.nus.edu.sg/wp-content/uploads/sites/10/2023/03/NIS-2023-0024.pdf","https://scholar.google.com/scholar?cites=12861169707782909945&as_sdt=2005&sciodt=0,5&hl=en",192,"2026-04-12 18:56:36","PDF","","",,,,,,3,1.00,1,3,3,"On the following day, Robin Ngiam and Tang Hung Bun visited the site where presumably the same individual was found perched low on a sedge (Figs. 4 &5). It was about 15 m from …","https://lkcnhm.nus.edu.sg/wp-content/uploads/sites/10/2023/03/NIS-2023-0024.pdf","https://scholar.google.com/scholar?q=related:-S9qNLUNfLIJ:scholar.google.com/&scioq=odonata%7Cdragonfly%7Cdragonflies%7Cdamselfly%7Cdamselflies&hl=en&as_sdt=0,5&as_ylo=2023&as_yhi=2023"
0,"R Toh","Biodiversity Record: The dragonfly, Brachygonia oculata, at Admiralty Park",2023,"","science.nus.edu.sg","https://www.science.nus.edu.sg/wp-content/uploads/sites/11/2024/03/NIS-2023-0036.pdf","",554,"2026-04-12 18:56:36","","","",,,,,,0,0.00,0,1,3,"Remarks: Brachygonia oculata inhabits lowland swamp forest and is widespread in Indochina and Sundaland with the exception of Java (Orr, 2005). In Singapore, this species is …","","https://scholar.google.com/scholar?q=related:85NzaaCvgWwJ:scholar.google.com/&scioq=odonata%7Cdragonfly%7Cdragonflies%7Cdamselfly%7Cdamselflies&hl=en&as_sdt=0,5&as_ylo=2023&as_yhi=2023"
11,"J Wang, W Zhou, Y Liu, G He…","Biomimetic compound eyes with gradient ommatidium arrays",2023,"ACS Applied Materials & …","ACS Publications","https://pubs.acs.org/doi/abs/10.1021/acsami.3c08063","https://scholar.google.com/scholar?cites=616298420529969919&as_sdt=2005&sciodt=0,5&hl=en",759,"2026-04-12 18:56:36","","10.1021/acsami.3c08063","",,,,,,11,3.67,2,5,3,"… compound eye, we combined the gradient structures of the dragonfly compound eye with a replica-then-cast preparation scheme based on polymer materials (PDMS is used here) to …","","https://scholar.google.com/scholar?q=related:_7pS7yWIjQgJ:scholar.google.com/&scioq=odonata%7Cdragonfly%7Cdragonflies%7Cdamselfly%7Cdamselflies&hl=en&as_sdt=0,5&as_ylo=2023&as_yhi=2023"
0,"S Suparman","Biotic and dragonfly diversity indices as ecological quality",2023,"BIODIVERSITAS","repository.unsri.ac.id","https://repository.unsri.ac.id/141674/1/Biotic%20and%20dragonfly%20diversity%20indices%20as%20ecological%20quality%20evaluation%20in%20Lahat%20District%20Rivers%2C%20South%20Sumatra%2C%20Indonesia.pdf","",429,"2026-04-12 18:56:36","PDF","","",,,,,,0,0.00,0,1,3,"… the ecological conditions using a dragonfly as a bio-indicator. Dragonfly surveys were conducted … Dragonflies were captured by visual observations, direct capture, and sticky traps. Data …","https://repository.unsri.ac.id/141674/1/Biotic%20and%20dragonfly%20diversity%20indices%20as%20ecological%20quality%20evaluation%20in%20Lahat%20District%20Rivers%2C%20South%20Sumatra%2C%20Indonesia.pdf","https://scholar.google.com/scholar?q=related:IxMe8WCIXmYJ:scholar.google.com/&scioq=odonata%7Cdragonfly%7Cdragonflies%7Cdamselfly%7Cdamselflies&hl=en&as_sdt=0,5&as_ylo=2023&as_yhi=2023"
7,"A RACHMAWATI, I YUSTIAN…","Biotic and dragonfly diversity indices as ecological quality evaluation in Lahat District Rivers, South Sumatra, Indonesia.",2023,"Biodiversitas …","search.ebscohost.com","https://search.ebscohost.com/login.aspx?direct=true&profile=ehost&scope=site&authtype=crawler&jrnl=1412033X&AN=187457809&h=d%2Bbz%2BfL1jmY2GWvvy%2Fp1VxHiZakFI8Ew3nS827mGs366qcrmq7z6PAFGrrWiAowzTSCx7lfUblsMyzwcCvsgbA%3D%3D&crl=c","https://scholar.google.com/scholar?cites=15649232861947228145&as_sdt=2005&sciodt=0,5&hl=en",111,"2026-04-12 18:56:36","","","",,,,,,7,2.33,2,3,3,"… the ecological conditions using a dragonfly as a bio-indicator. Dragonfly surveys were conducted … Dragonflies were captured by visual observations, direct capture, and sticky traps. Data …","https://www.researchgate.net/profile/Arinafril-Arinafril-2/publication/377944398_Biotic_and_dragonfly_diversity_indices_as_ecological_quality_evaluation_in_Lahat_District_Rivers_South_Sumatra_Indonesia/links/689181f158199117bcaa7426/Biotic-and-dragonfly-diversity-indices-as-ecological-quality-evaluation-in-Lahat-District-Rivers-South-Sumatra-Indonesia.pdf","https://scholar.google.com/scholar?q=related:8e-7718-LdkJ:scholar.google.com/&scioq=odonata%7Cdragonfly%7Cdragonflies%7Cdamselfly%7Cdamselflies&hl=en&as_sdt=0,5&as_ylo=2023&as_yhi=2023"
0,"Y Etsunaga","BIRDS-X Satellite Project 'Dragonfly'Telecommunication Subsystem",2023,"","kyutech.repo.nii.ac.jp","https://kyutech.repo.nii.ac.jp/record/2001555/files/LaSEINE-2023_051.pdf","",558,"2026-04-12 18:56:36","","","",,,,,,0,0.00,0,1,3,"This paper introduces the Telecommunication system in the development framework of Dragonfly, a 2U CubeSat part of the BIRDS-X project based on the BIRDS Open Source design …","","https://scholar.google.com/scholar?q=related:ypvj3cH4CKEJ:scholar.google.com/&scioq=odonata%7Cdragonfly%7Cdragonflies%7Cdamselfly%7Cdamselflies&hl=en&as_sdt=0,5&as_ylo=2023&as_yhi=2023"
0,"A Miralles-Núñez, MA Conesa-García, PL Pino…","Brachythemis impartita (Karsch, 1890)(Odonata: Libellulidae) en Aragón y Cataluña (noreste de España)",,"researchgate.net","","https://www.researchgate.net/profile/Adria-Miralles-Nunez/publication/372166673_Brachythemis_impartita_Karsch_1890_Odonata_Libellulidae_in_Aragon_and_Catalonia_northeast_of_Spain/links/64a7f5208de7ed28ba82169e/Brachythemis-impartita-Karsch-1890-Odonata-Libellulidae-in-Aragon-and-Catalonia-northeast-of-Spain.pdf","",855,"2026-04-12 18:56:36","PDF","","",,,,,,0,0.00,0,4,,"Se registra por primera vez Brachythemis impartita en las provincias de Teruel y Tarragona, correspondiendo también a las primeras observaciones de la especie en las Comunidades …","https://www.researchgate.net/profile/Adria-Miralles-Nunez/publication/372166673_Brachythemis_impartita_Karsch_1890_Odonata_Libellulidae_in_Aragon_and_Catalonia_northeast_of_Spain/links/64a7f5208de7ed28ba82169e/Brachythemis-impartita-Karsch-1890-Odonata-Libellulidae-in-Aragon-and-Catalonia-northeast-of-Spain.pdf","https://scholar.google.com/scholar?q=related:Zf-Hs3xCDL8J:scholar.google.com/&scioq=odonata%7Cdragonfly%7Cdragonflies%7Cdamselfly%7Cdamselflies&hl=en&as_sdt=0,5&as_ylo=2023&as_yhi=2023"
0,"AM Núñez, MAC García, PL Pino, GJ Giral…","Brachythemis impartita (Karsch, 1890)(Odonata: Libellulidae) en Aragón y Cataluña (noreste de España).",2023,"Boletín de la …","dialnet.unirioja.es","https://dialnet.unirioja.es/servlet/articulo?codigo=9038678","",982,"2026-04-12 18:56:36","CITATION","","",,,,,,0,0.00,0,5,3,"Se registra por primera vez Brachythemis impartita en las provincias de Teruel y Tarragona, correspondiendo también a las primeras observaciones de la especie en las Comunidades …","","https://scholar.google.com/scholar?q=related:eidA0AbrCAEJ:scholar.google.com/&scioq=odonata%7Cdragonfly%7Cdragonflies%7Cdamselfly%7Cdamselflies&hl=en&as_sdt=0,5&as_ylo=2023&as_yhi=2023"
2,"MP Gonçalves, S Vilela, R da Silva…","Brasil (2023): New records of Odonata (Insecta) for the extreme northwest of the Brazilian Amazon",2023,"Internafional Journal of …","researchgate.net","https://www.researchgate.net/profile/Diogo-Vilela/publication/376651160_New_records_of_Odonata_Insectafor_the_extreme_northwest_of_the_Brazilian_Amazon/links/6582c0750bb2c7472bf9c3a0/New-records-of-Odonata-Insectafor-the-extreme-northwest-of-the-Brazilian-Amazon.pdf","https://scholar.google.com/scholar?cites=4022898544612891944&as_sdt=2005&sciodt=0,5&hl=en",258,"2026-04-12 18:56:36","PDF","","",,,,,,2,0.67,1,4,3,"… Brazil hosts a wide range of Odonata species, including … study aimed to survey the Odonata species in the municipality … The survey was conducted at 11 water bodies, where 67 Odonata …","https://www.researchgate.net/profile/Diogo-Vilela/publication/376651160_New_records_of_Odonata_Insectafor_the_extreme_northwest_of_the_Brazilian_Amazon/links/6582c0750bb2c7472bf9c3a0/New-records-of-Odonata-Insectafor-the-extreme-northwest-of-the-Brazilian-Amazon.pdf","https://scholar.google.com/scholar?q=related:KF0Wf-k01DcJ:scholar.google.com/&scioq=odonata%7Cdragonfly%7Cdragonflies%7Cdamselfly%7Cdamselflies&hl=en&as_sdt=0,5&as_ylo=2023&as_yhi=2023"
8,"C Da Silva Junior, ME Carvalho","Brasil (2023): Use of the Zygoptera/Aniso ptera Ratio (Insecta: Odonata) for Habitat Alteration Assessment in Cerrado Streams",2023,"Internafional Journal of …","pdfs.semanticscholar.org","https://pdfs.semanticscholar.org/b90d/96cc141071d1f11ddd73c5b82f2dfc3fcfd3.pdf","https://scholar.google.com/scholar?cites=4178202767158379563&as_sdt=2005&sciodt=0,5&hl=en",252,"2026-04-12 18:56:36","PDF","","",,,,,,8,2.67,4,2,3,"… streams, leading to changes in Odonata assemblages. Due to their … We sampled Odonata communities and measured the … quality of the streams and the Odonata ratios, we performed …","https://pdfs.semanticscholar.org/b90d/96cc141071d1f11ddd73c5b82f2dfc3fcfd3.pdf","https://scholar.google.com/scholar?q=related:K4QHmEf1-zkJ:scholar.google.com/&scioq=odonata%7Cdragonfly%7Cdragonflies%7Cdamselfly%7Cdamselflies&hl=en&as_sdt=0,5&as_ylo=2023&as_yhi=2023"
8,"A Dillon, J Simaika, V Clausnitzer, A Thompson…","Bridging people and nature through Odonata",2023,"Dragonflies and Damselflies","","","https://scholar.google.com/scholar?cites=16498655949664881738&as_sdt=2005&sciodt=0,5&hl=en",629,"2026-04-12 18:56:36","CITATION","","",,,,,,8,2.67,2,5,3,"","","https://scholar.google.com/scholar?q=related:SgwpLywA9-QJ:scholar.google.com/&scioq=odonata%7Cdragonfly%7Cdragonflies%7Cdamselfly%7Cdamselflies&hl=en&as_sdt=0,5&as_ylo=2023&as_yhi=2023"
1,"S Taschinski, K Teich","Bruno",2023,"","litrix.de","https://www.litrix.de/apps/litrix_publications/data/pdf2/lp_taschinski_bruno_de.pdf","https://scholar.google.com/scholar?cites=12097480077399437565&as_sdt=2005&sciodt=0,5&hl=en",675,"2026-04-12 18:56:36","BOOK","","",,,,,,1,0.33,1,2,3,"Leseprobe Stefanie Taschinski / Karsten Teich Bruno Dragonfly Verlag, Hamburg 2023 ISBN 978-3-748-80208-2 S. 1-10 … Dragonfly Verlag, Hamburg 2023 ISBN 978-3-748-80208-2 …","","https://scholar.google.com/scholar?q=related:_TDCAgni4qcJ:scholar.google.com/&scioq=odonata%7Cdragonfly%7Cdragonflies%7Cdamselfly%7Cdamselflies&hl=en&as_sdt=0,5&as_ylo=2023&as_yhi=2023"
0,"A Cano, C Camarero, C Martínez, R Beivide","Buffer architecture for Dragonfly topologies",2023,"","upcommons.upc.edu","https://upcommons.upc.edu/bitstreams/6ba1afed-02fe-436a-ba06-23aed5720a96/download","",453,"2026-04-12 18:56:36","PDF","","",,,,,,0,0.00,0,4,3,"… The Dragonfly topology is composed of a global … Dragonfly topology is showed in Figure 1. The Frontier supercomputer, currently number one in the TOP500 list, employs a Dragonfly …","https://upcommons.upc.edu/bitstreams/6ba1afed-02fe-436a-ba06-23aed5720a96/download","https://scholar.google.com/scholar?q=related:Bwoj81jOWYoJ:scholar.google.com/&scioq=odonata%7Cdragonfly%7Cdragonflies%7Cdamselfly%7Cdamselflies&hl=en&as_sdt=0,5&as_ylo=2023&as_yhi=2023"
0,"M Woodbury","Building a Database and Website for Eco-fiction Resources",2023,"Climate Literacy in Education","pubs.lib.umn.edu","https://pubs.lib.umn.edu/index.php/cle/article/view/5524","",676,"2026-04-12 18:56:36","","","",,,,,,0,0.00,0,1,3,"… Abstract This essay offers an overview of Dragonfly.eco—a collaborative project for … and climate literacy fits into Dragonfly and provides a site road map for finding teacher's resources. …","https://pubs.lib.umn.edu/index.php/cle/article/download/5524/3488","https://scholar.google.com/scholar?q=related:dDxCUnBUOCAJ:scholar.google.com/&scioq=odonata%7Cdragonfly%7Cdragonflies%7Cdamselfly%7Cdamselflies&hl=en&as_sdt=0,5&as_ylo=2023&as_yhi=2023"
3,"A Yoshioka, T Mitamura, N Matsuki, A Shimizu, H Ouchi…","Camera-trapping estimates of the relative population density of Sympetrum dragonflies: application to multihabitat users in agricultural landscapes",2023,"PeerJ","peerj.com","https://peerj.com/articles/14881/","https://scholar.google.com/scholar?cites=2308743298745361329&as_sdt=2005&sciodt=0,5&hl=en",183,"2026-04-12 18:56:36","HTML","","",,,,,,3,1.00,1,6,3,"… Among such insects, perching dragonflies of the genus Sympetrum (darter dragonflies) are … dragonflies can be used to assess the relative population density of darter dragonflies, …","https://peerj.com/articles/14881/","https://scholar.google.com/scholar?q=related:seNHR8xNCiAJ:scholar.google.com/&scioq=odonata%7Cdragonfly%7Cdragonflies%7Cdamselfly%7Cdamselflies&hl=en&as_sdt=0,5&as_ylo=2023&as_yhi=2023"
10,"M Pinilla-Rosa, G García-Saúco, A Santiago…","Can botanic gardens serve as refuges for taxonomic and functional diversity of Odonata? The case of the botanic garden of Castilla–La Mancha (Spain)",2023,"Limnology","Springer","https://link.springer.com/article/10.1007/s10201-022-00704-3","https://scholar.google.com/scholar?cites=8966869206949818214&as_sdt=2005&sciodt=0,5&hl=en",118,"2026-04-12 18:56:36","","10.1007/s10201-022-00704-3","",,,,,,10,3.33,3,4,3,"… of Odonata and if low habitat diversity might limit their functional diversity. We sampled … Odonata from five water bodies along a gradient of human impact and characterized the Odonata …","https://pmc.ncbi.nlm.nih.gov/articles/PMC9559554/pdf/10201_2022_Article_704.pdf","https://scholar.google.com/scholar?q=related:Zu-hAwm4cHwJ:scholar.google.com/&scioq=odonata%7Cdragonfly%7Cdragonflies%7Cdamselfly%7Cdamselflies&hl=en&as_sdt=0,5&as_ylo=2023&as_yhi=2023"
0,"AR Biddy, NE McIntyre","Can species distributionmodels predict genomic isolation? A case study with a high-altitude, stream specialist damselfly (Canyon Rubyspot, Hetaerina …",2023,"INTEGRATIVE …","… DEPT, 2001 EVANS RD, CARY, NC …","","",858,"2026-04-12 18:56:36","CITATION","","",,,,,,0,0.00,0,2,3,"","","https://scholar.google.com/scholar?q=related:oSUCZx97tUUJ:scholar.google.com/&scioq=odonata%7Cdragonfly%7Cdragonflies%7Cdamselfly%7Cdamselflies&hl=en&as_sdt=0,5&as_ylo=2023&as_yhi=2023"
0,"N Wendel, T Thiele, F Siebe…","Capabilities of the Combined Sensor System for Titan Atmosphere (COSSTA) and Dragonfly Entry Aerosciences Measurements (DrEAM) Data Acquisition System",2023,"… Group May 2023","ui.adsabs.harvard.edu","https://ui.adsabs.harvard.edu/abs/2023LPICo2992.6010W/abstract","",619,"2026-04-12 18:56:36","","","",,,,,,0,0.00,0,4,3,"… Capabilities of the Combined Sensor System for Titan Atmosphere (COSSTA) and Dragonfly Entry Aerosciences Measurements (DrEAM) Data Acquisition System … DLR and …","","https://scholar.google.com/scholar?q=related:HR5uj8yhS2wJ:scholar.google.com/&scioq=odonata%7Cdragonfly%7Cdragonflies%7Cdamselfly%7Cdamselflies&hl=en&as_sdt=0,5&as_ylo=2023&as_yhi=2023"
0,"PMI Moreno, GMA Bonilla, MGH Guillot…","CASE STUDY: Macroinvertebrate composition as a determinant of larval abundance in the dragonfly, Miathyria marcella in tropical wetlands",2023,"","GLOBAL JOURNAL OF …","","",467,"2026-04-12 18:56:36","CITATION","","",,,,,,0,0.00,0,4,3,"","","https://scholar.google.com/scholar?q=related:44N_C2L5tJoJ:scholar.google.com/&scioq=odonata%7Cdragonfly%7Cdragonflies%7Cdamselfly%7Cdamselflies&hl=en&as_sdt=0,5&as_ylo=2023&as_yhi=2023"
2,"A Elme-Tumpay, A Bustamante-Navarrete…","Catalogación de las libélulas (Insecta: Odonata) de un humedal andino en el departamento de Cusco, Perú",2023,"Revista chilena de …","SciELO Chile","https://www.scielo.cl/scielo.php?pid=S0718-89942023000200325&script=sci_arttext","https://scholar.google.com/scholar?cites=15013402140723269166&as_sdt=2005&sciodt=0,5&hl=en",433,"2026-04-12 18:56:36","HTML","","",,,,,,2,0.67,1,3,3,"Tres especies de odonatos representadas en la Colección Entomológica de la Universidad Nacional de San Antonio Abad del Cusco (CEUC) son catalogadas para el humedal andino …","https://www.scielo.cl/scielo.php?pid=S0718-89942023000200325&script=sci_arttext","https://scholar.google.com/scholar?q=related:Lk7m27NRWtAJ:scholar.google.com/&scioq=odonata%7Cdragonfly%7Cdragonflies%7Cdamselfly%7Cdamselflies&hl=en&as_sdt=0,5&as_ylo=2023&as_yhi=2023"
133,"O Bánki","Catalogue of life checklist",2023,"(No Title)","cir.nii.ac.jp","https://cir.nii.ac.jp/crid/1882835442866628352","https://scholar.google.com/scholar?cites=18082869080988941105&as_sdt=2005&sciodt=0,5&hl=en",939,"2026-04-12 18:56:36","","","",,,,,,133,44.33,133,1,3,"The Catalogue of Life is an assembly of expert-based global species checklists with the aim to build a comprehensive catalogue of all known species of organisms on Earth. Continuous …","","https://scholar.google.com/scholar?q=related:MXs9PJ9B8_oJ:scholar.google.com/&scioq=odonata%7Cdragonfly%7Cdragonflies%7Cdamselfly%7Cdamselflies&hl=en&as_sdt=0,5&as_ylo=2023&as_yhi=2023"
0,"A Barajas, T Kim","Cattle Grazing Does Not Alter Early Season Insect Community Composition in Tallgrass Prairies",2023,"","krex.k-state.edu","https://krex.k-state.edu/items/7dd04ead-8ccd-493d-bfde-7811197e14a9","",935,"2026-04-12 18:56:36","","","",,,,,,0,0.00,0,2,3,"… , and Odonata (dragon/damselflies) not being present in ungrazed sites. Further investigation into these differences could give deeper insights to the effects of cattle grazing on these …","","https://scholar.google.com/scholar?q=related:f2wgegwzwDIJ:scholar.google.com/&scioq=odonata%7Cdragonfly%7Cdragonflies%7Cdamselfly%7Cdamselflies&hl=en&as_sdt=0,5&as_ylo=2023&as_yhi=2023"
0,"AS Dosanjh","Causes and consequences of evolution in wing allometry in Odonata",2023,"","14.139.227.205","http://14.139.227.205:8080/jspui/handle/123456789/2231","",589,"2026-04-12 18:56:36","","","",,,,,,0,0.00,0,1,3,"Allometry refers to the study of the relationship between the size or shape of a body part and the overall size or shape of an organism. This phenomenon has been observed across a …","","https://scholar.google.com/scholar?q=related:s7gsLKpDmU8J:scholar.google.com/&scioq=odonata%7Cdragonfly%7Cdragonflies%7Cdamselfly%7Cdamselflies&hl=en&as_sdt=0,5&as_ylo=2023&as_yhi=2023"
8,"D Linklater, EP Ivanova","Challenges to the design and testing of antimicrobial nanostructured surfaces",2023,"Microbiology Australia","connectsci.au","https://connectsci.au/ma/article-abstract/44/2/79/74185","https://scholar.google.com/scholar?cites=15973096471915844846&as_sdt=2005&sciodt=0,5&hl=en",728,"2026-04-12 18:56:36","","","",,,,,,8,2.67,4,2,3,"… A decade ago, we discovered that the nanopillar topography of insect wings such as cicadas, dragonflies and damselflies, were not repelling bacteria as previously surmised, but …","https://connectsci.au/ma/article-pdf/44/2/79/459116/ma23023.pdf","https://scholar.google.com/scholar?q=related:7tSWs5zWq90J:scholar.google.com/&scioq=odonata%7Cdragonfly%7Cdragonflies%7Cdamselfly%7Cdamselflies&hl=en&as_sdt=0,5&as_ylo=2023&as_yhi=2023"
0,"D Styczynski, E Ivanova","Challenges to the design and testing of antimicrobial nanostructured surfaces",2023,"","research-repository.rmit.edu.au","https://research-repository.rmit.edu.au/articles/journal_contribution/Challenges_to_the_design_and_testing_of_antimicrobial_nanostructured_surfaces/27575463","",934,"2026-04-12 18:56:36","","","",,,,,,0,0.00,0,2,3,"… A decade ago, we discovered that the nanopillar topography of insect wings such as cicadas, dragonflies and damselflies, were not repelling bacteria as previously surmised, but …","","https://scholar.google.com/scholar?q=related:HurDTvxETcsJ:scholar.google.com/&scioq=odonata%7Cdragonfly%7Cdragonflies%7Cdamselfly%7Cdamselflies&hl=en&as_sdt=0,5&as_ylo=2023&as_yhi=2023"
8,"ER Tolman, OR Bruchim, ES Driever, D Jordan…","Changes in effective population size of Odonata in response to climate change revealed through genomics",2023,"International Journal of …","par.nsf.gov","https://par.nsf.gov/biblio/10510197","https://scholar.google.com/scholar?cites=12351402558657425938&as_sdt=2005&sciodt=0,5&hl=en",88,"2026-04-12 18:56:36","","","",,,,,,8,2.67,2,5,3,"The advent of third generation sequencing technologies has led to a boom of high-quality, chromosome level genome assemblies of Odonata, but to date, these have not been widely …","https://par.nsf.gov/servlets/purl/10510197","https://scholar.google.com/scholar?q=related:EnKgwi__aKsJ:scholar.google.com/&scioq=odonata%7Cdragonfly%7Cdragonflies%7Cdamselfly%7Cdamselflies&hl=en&as_sdt=0,5&as_ylo=2023&as_yhi=2023"
15,"C Ai, S He, X Fan, W Wang","Chaotic time series wind power prediction method based on OVMD-PE and improved multi-objective state transition algorithm",2023,"Energy","Elsevier","https://www.sciencedirect.com/science/article/pii/S0360544223010897","https://scholar.google.com/scholar?cites=15072307935387328401&as_sdt=2005&sciodt=0,5&hl=en",649,"2026-04-12 18:56:36","","","",,,,,,15,5.00,4,4,3,"As the global wind power generation capacity is constantly increasing, the problems of safe operation and utilization after grid connection are becoming more and more prominent. …","","https://scholar.google.com/scholar?q=related:kR8Q8jWYK9EJ:scholar.google.com/&scioq=odonata%7Cdragonfly%7Cdragonflies%7Cdamselfly%7Cdamselflies&hl=en&as_sdt=0,5&as_ylo=2023&as_yhi=2023"
1,"F Nakamura, T Isoshima, H Kimura-Suda…","Characterization of dragonfly wing membranes using FTIR imaging and IR dichroism imaging",2023,"… Crystals and Liquid …","Taylor &Francis","https://www.tandfonline.com/doi/abs/10.1080/15421406.2023.2176048","https://scholar.google.com/scholar?cites=6086808154650209059&as_sdt=2005&sciodt=0,5&hl=en",322,"2026-04-12 18:56:36","","10.1080/15421406.2023.2176048","",,,,,,1,0.33,0,4,3,"… In this study, we first analyzed the wings from three species of dragonfly by means of FTIR imaging. Dragonfly wings present one of the most sophisticated patterns and shapes in nature …","","https://scholar.google.com/scholar?q=related:I2vgccSveFQJ:scholar.google.com/&scioq=odonata%7Cdragonfly%7Cdragonflies%7Cdamselfly%7Cdamselflies&hl=en&as_sdt=0,5&as_ylo=2023&as_yhi=2023"
1,"RP Perkins, MG Trainer, CD Neish…","Characterization of Impact Melt at the Haughton Impact Structure: Applications for the Dragonfly Mission to Titan",2023,"54th Lunar and …","ui.adsabs.harvard.edu","https://ui.adsabs.harvard.edu/abs/2023LPICo2806.2575P/abstract","https://scholar.google.com/scholar?cites=17431712585503277422&as_sdt=2005&sciodt=0,5&hl=en",917,"2026-04-12 18:56:36","CITATION","","",,,,,,1,0.33,0,4,3,"Characterization of Impact Melt at the Haughton Impact Structure: Applications for the Dragonfly Mission to Titan - ADS … Characterization of Impact Melt at the Haughton Impact …","","https://scholar.google.com/scholar?q=related:bgGhRT3i6fEJ:scholar.google.com/&scioq=odonata%7Cdragonfly%7Cdragonflies%7Cdamselfly%7Cdamselflies&hl=en&as_sdt=0,5&as_ylo=2023&as_yhi=2023"
2,"M Miga, PNS Jahari, S Parimannan…","Characterization of the nearly complete mitochondrial genome of ochraceous darkies, Euphaea ochracea Selys, 1859 (Odonata: Zygoptera: Euphaeidae) and …",2023,"… DNA Part B","Taylor &Francis","https://www.tandfonline.com/doi/abs/10.1080/23802359.2023.2179355","https://scholar.google.com/scholar?cites=1377880791853987659&as_sdt=2005&sciodt=0,5&hl=en",280,"2026-04-12 18:56:36","","10.1080/23802359.2023.2179355","",,,,,,2,0.67,1,4,3,"In the present study, the nearly complete mitochondrial genome of Euphaea ochracea was described and its phylogenetic position in the family Euphaeidae was analyzed. Here, we …","https://www.tandfonline.com/doi/pdf/10.1080/23802359.2023.2179355","https://scholar.google.com/scholar?q=related:S3dKpUc3HxMJ:scholar.google.com/&scioq=odonata%7Cdragonfly%7Cdragonflies%7Cdamselfly%7Cdamselflies&hl=en&as_sdt=0,5&as_ylo=2023&as_yhi=2023"
2,"I Madan, MG Trainer, GC Collins…","Characterizing phase transitions for Titan's surface molecules: Implications for Dragonfly",2023,"Planetary and Space …","Elsevier","https://www.sciencedirect.com/science/article/pii/S0032063323001733","https://scholar.google.com/scholar?cites=3173879887047387058&as_sdt=2005&sciodt=0,5&hl=en",175,"2026-04-12 18:56:36","","","",,,,,,2,0.67,1,4,3,"… , Dragonfly, is set to arrive on Titan's surface in the mid-2030s. Two of the main scientific goals of the Dragonfly … To address these mission goals, Dragonfly is equipped with a linear ion …","https://www.sciencedirect.com/science/article/am/pii/S0032063323001733","https://scholar.google.com/scholar?q=related:smc3-_DiCywJ:scholar.google.com/&scioq=odonata%7Cdragonfly%7Cdragonflies%7Cdamselfly%7Cdamselflies&hl=en&as_sdt=0,5&as_ylo=2023&as_yhi=2023"
0,"Y Cano-Cobos, C Mendoza-Penagos…","Check-list of the Odonata from the Guainía Department in Colombia, including fourteen new national records",2023,"Odonatologica","BioOne","https://bioone.org/journals/odonatologica/volume-52/issue-3-4/odon.v52i3-4.a4/Check-list-of-the-Odonata-from-the-Guain%C3%ADa-Department-in/10.60024/odon.v52i3-4.a4.short","",367,"2026-04-12 18:56:36","","10.60024/odon.v52i3-4.a4.short","",,,,,,0,0.00,0,3,3,". The Department of Guainía, in the Colombian Amazon, has a privileged situation in terms of biodiversity, but it remained for many years as one of the least explored territories of the …","https://www.researchgate.net/profile/Yiselle-Cano-Cobos/publication/376510796_Check-list_of_the_Odonata_from_the_Guainia_Department_in_Colombia_including_fourteen_new_national_records/links/67474c32359dcb4d9d3bc3e6/Check-list-of-the-Odonata-from-the-Guainia-Department-in-Colombia-including-fourteen-new-national-records.pdf","https://scholar.google.com/scholar?q=related:j1IPMfpzNL8J:scholar.google.com/&scioq=odonata%7Cdragonfly%7Cdragonflies%7Cdamselfly%7Cdamselflies&hl=en&as_sdt=0,5&as_ylo=2023&as_yhi=2023"
5,"AL Vale, WF de Ávila Jr, G de Castro Jacques…","Check-list of the Odonata from the Sempre-Vivas National Park in the Cerrado region, Minas Gerais, south-eastern Brazil",2023,"Odonatologica","BioOne","https://bioone.org/journals/odonatologica/volume-52/issue-3-4/odon.v52i3-4.a6/Check-list-of-the-Odonata-from-the-Sempre-Vivas-National/10.60024/odon.v52i3-4.a6.short","https://scholar.google.com/scholar?cites=10720810400005642117&as_sdt=2005&sciodt=0,5&hl=en",167,"2026-04-12 18:56:36","","10.60024/odon.v52i3-4.a6.short","",,,,,,5,1.67,1,4,3,". This study is the first check-list of Odonata from the Sempre-Vivas National Park, a rocky field formation in the Cerrado domain in the north-eastern region of Minas Gerais, south-…","https://www.researchgate.net/profile/Walter-De-Avila-Jr-2/publication/376492902_Check-list_of_the_Odonata_from_the_Sempre-Vivas_National_Park_in_the_Cerrado_region_Minas_Gerais_south-eastern_Brazil/links/657c40956610947889cf3e6c/Check-list-of-the-Odonata-from-the-Sempre-Vivas-National-Park-in-the-Cerrado-region-Minas-Gerais-south-eastern-Brazil.pdf","https://scholar.google.com/scholar?q=related:hVem7EH4x5QJ:scholar.google.com/&scioq=odonata%7Cdragonfly%7Cdragonflies%7Cdamselfly%7Cdamselflies&hl=en&as_sdt=0,5&as_ylo=2023&as_yhi=2023"
8,"M Sysiak, B Pietrzak, M Kubiak, A Bednarska…","Chemical cannibalistic cues make damselfly larvae hide rather than hunt",2023,"Scientific Reports","nature.com","https://www.nature.com/articles/s41598-023-40732-2","https://scholar.google.com/scholar?cites=651635870372109720&as_sdt=2005&sciodt=0,5&hl=en",49,"2026-04-12 18:56:36","HTML","","",,,,,,8,2.67,2,5,3,"… In this study we aimed to test whether damselfly larvae shift towards bolder and more exploratory (cannibalistic) behavior, or become more careful to avoid potential cannibals (as prey) …","https://www.nature.com/articles/s41598-023-40732-2","https://scholar.google.com/scholar?q=related:mJ1uIF8TCwkJ:scholar.google.com/&scioq=odonata%7Cdragonfly%7Cdragonflies%7Cdamselfly%7Cdamselflies&hl=en&as_sdt=0,5&as_ylo=2023&as_yhi=2023"
0,"GK Walia, SS Chahal, N Singh","Chromosomal characterisation of three dragonflies' species (Odonata: Anisoptera: Gomphidae)",2023,"Proceedings of the Zoological Society","Springer","https://link.springer.com/article/10.1007/s12595-023-00468-3","",371,"2026-04-12 18:56:36","","10.1007/s12595-023-00468-3","",,,,,,0,0.00,0,3,3,"Dragonflies of the family Gomphidae (order Odanata) possess characterstic club-like structure in the last segment of abdomen. Male germ cell chromosomes of Lamelligomphus …","https://www.researchgate.net/profile/Gurinder-Walia/publication/367416427_Chromosomal_characterisation_of_three_dragonflies%27_species_Odonata_Anisoptera_Gomphidae/links/6625f4e043f8df018d1f9f5f/Chromosomal-characterisation-of-three-dragonflies-species-Odonata-Anisoptera-Gomphidae.pdf","https://scholar.google.com/scholar?q=related:2t-gIy3tKIMJ:scholar.google.com/&scioq=odonata%7Cdragonfly%7Cdragonflies%7Cdamselfly%7Cdamselflies&hl=en&as_sdt=0,5&as_ylo=2023&as_yhi=2023"
0,"PK Pareek, K Vidyalakshmi, AN Prasad…","Classification for Jaundice Symptoms Using Improved Dragonfly with XGBoost Model",2023,"… Conference on Data …","ieeexplore.ieee.org","https://ieeexplore.ieee.org/abstract/document/10245611/","",404,"2026-04-12 18:56:36","","","",,,,,,0,0.00,0,4,3,"… dragonfly algorithm. Produce m populations of dragonflies in N-dimensional space; each dragonfly's … The dragonfly population's fitness function value, f(x), is computed and compared. …","","https://scholar.google.com/scholar?q=related:M9CWtnoGwmYJ:scholar.google.com/&scioq=odonata%7Cdragonfly%7Cdragonflies%7Cdamselfly%7Cdamselflies&hl=en&as_sdt=0,5&as_ylo=2023&as_yhi=2023"
0,"R Novelo-Gutiérrez","Clave actualizada para la separación de familias y géneros de las larvas de Zygoptera de México (Insecta: Odonata).",2023,"Dugesiana","search.ebscohost.com","https://search.ebscohost.com/login.aspx?direct=true&profile=ehost&scope=site&authtype=crawler&jrnl=10283420&AN=161236102&h=MG0Zs1VUqIJcoo6q9W3jLOlRvEwoqwlqx6qy4MGiErJb6qTfNSh0SIrTx%2B0ZyCb6aVLXOMgFlwgGruh%2FqASKEA%3D%3D&crl=c","",518,"2026-04-12 18:56:36","","","",,,,,,0,0.00,0,1,3,"… Desde entonces a la fecha, han habido varios cambios sustanciales en la clasificación del orden Odonata basados en estudios morfológicos y moleculares (p. ej. Dijkstra et al …","","https://scholar.google.com/scholar?q=related:V79MyVeUncsJ:scholar.google.com/&scioq=odonata%7Cdragonfly%7Cdragonflies%7Cdamselfly%7Cdamselflies&hl=en&as_sdt=0,5&as_ylo=2023&as_yhi=2023"
17,"D Gil-Tapetado, D López-Collar, JF Gómez…","Climate change as a driver of insect invasions: Dispersal patterns of a dragonfly species colonizing a new region",2023,"PloS one","journals.plos.org","https://journals.plos.org/plosone/article?id=10.1371/journal.pone.0291270","https://scholar.google.com/scholar?cites=11715311347054448432&as_sdt=2005&sciodt=0,5&hl=en",79,"2026-04-12 18:56:36","HTML","","",,,,,,17,5.67,4,4,3,"The dragonfly Trithemis kirbyi Sélys, 1891 recently colonized Western Europe from North Africa. Since its first record in the Iberian Peninsula in 2007, the species has been spreading …","https://journals.plos.org/plosone/article?id=10.1371/journal.pone.0291270","https://scholar.google.com/scholar?q=related:MI9IipkllaIJ:scholar.google.com/&scioq=odonata%7Cdragonfly%7Cdragonflies%7Cdamselfly%7Cdamselflies&hl=en&as_sdt=0,5&as_ylo=2023&as_yhi=2023"
0,"M Savard","Climate perturbation: dragonflies now in November in the plain of Lac Saint-Jean and Saguenay, province of Québec, Canada",,"researchgate.net","","https://www.researchgate.net/profile/Michel-Savard/publication/370118781_Climate_perturbation_dragonflies_now_in_November_in_the_plain_of_Lac_Saint-Jean_and_Saguenay_province_of_Quebec_Canada/links/6440144a2eca706c8b6d2f46/Climate-perturbation-dragonflies-now-in-November-in-the-plain-of-Lac-Saint-Jean-and-Saguenay-province-of-Quebec-Canada.pdf","",521,"2026-04-12 18:56:36","PDF","","",,,,,,0,0.00,0,1,,"For many Quebecers, the appearance of medium-sized red dragonflies announces the arrival of fall. These are fully mature Meadowhawks (Sympetrum sp.), a genus of dragonflies with …","https://www.researchgate.net/profile/Michel-Savard/publication/370118781_Climate_perturbation_dragonflies_now_in_November_in_the_plain_of_Lac_Saint-Jean_and_Saguenay_province_of_Quebec_Canada/links/6440144a2eca706c8b6d2f46/Climate-perturbation-dragonflies-now-in-November-in-the-plain-of-Lac-Saint-Jean-and-Saguenay-province-of-Quebec-Canada.pdf","https://scholar.google.com/scholar?q=related:VqQllxT9GcsJ:scholar.google.com/&scioq=odonata%7Cdragonfly%7Cdragonflies%7Cdamselfly%7Cdamselflies&hl=en&as_sdt=0,5&as_ylo=2023&as_yhi=2023"
7,"M Saini, VS Maan, A Kumar…","Cloud infrastructure availability optimization using Dragonfly and Grey Wolf optimization algorithms for health systems",2023,"Journal of Intelligent & …","journals.sagepub.com","https://journals.sagepub.com/doi/abs/10.3233/JIFS-231513","https://scholar.google.com/scholar?cites=5325512826621401864&as_sdt=2005&sciodt=0,5&hl=en",143,"2026-04-12 18:56:36","","10.3233/JIFS-231513","",,,,,,7,2.33,2,4,3,"… For this purpose, a novel stochastic model is proposed and optimized using dragonfly algorithm (… It is revealed that grey wolf optimization algorithm performed better than the Dragonfly …","","https://scholar.google.com/scholar?q=related:CBuONbMF6EkJ:scholar.google.com/&scioq=odonata%7Cdragonfly%7Cdragonflies%7Cdamselfly%7Cdamselflies&hl=en&as_sdt=0,5&as_ylo=2023&as_yhi=2023"
44,"S Kaveripakam, R Chinthaginjala","Clustering-based dragonfly optimization algorithm for underwater wireless sensor networks",2023,"Alexandria Engineering Journal","Elsevier","https://www.sciencedirect.com/science/article/pii/S1110016823008359","https://scholar.google.com/scholar?cites=7507004879968895194&as_sdt=2005&sciodt=0,5&hl=en",13,"2026-04-12 18:56:36","HTML","","",,,,,,44,14.67,22,2,3,"… As a clustering approach for sensor nodes in underwater wireless sensor networks (UWSNs), we present a clustering-based dragonfly optimisation (CDFO) algorithm with decentralised …","https://www.sciencedirect.com/science/article/pii/S1110016823008359","https://scholar.google.com/scholar?q=related:2oCrHSo9LmgJ:scholar.google.com/&scioq=odonata%7Cdragonfly%7Cdragonflies%7Cdamselfly%7Cdamselflies&hl=en&as_sdt=0,5&as_ylo=2023&as_yhi=2023"
4,"A Tańczuk, G Tończyk","Collecting Data of Late Recordings of Dragonflies in Poland in the Period of 2013-2020, as an Example of the Citizen Science",2023,"Studia Ecologiae et Bioethicae","ceeol.com","https://www.ceeol.com/search/article-detail?id=1107528","https://scholar.google.com/scholar?cites=5703368085518820820&as_sdt=2005&sciodt=0,5&hl=en",186,"2026-04-12 18:56:36","","","",,,,,,4,1.33,2,2,3,"The group “Ważki (Odonata) w Polsce” is an excellent … very late appearances of dragonflies and damselflies in the years … and taking photos of adult dragonflies. After thoroughly studying …","https://bibliotekanauki.pl/articles/54673804.pdf","https://scholar.google.com/scholar?q=related:1CWmWA5vJk8J:scholar.google.com/&scioq=odonata%7Cdragonfly%7Cdragonflies%7Cdamselfly%7Cdamselflies&hl=en&as_sdt=0,5&as_ylo=2023&as_yhi=2023"
0,"EJ Driggs, SM Bybee","Coloration Strategies in Sympatric Vietnamese Damselflies",2023,"","scholarsarchive.byu.edu","https://scholarsarchive.byu.edu/library_studentposters_2023/60/","",561,"2026-04-12 18:56:36","","","",,,,,,0,0.00,0,2,3,"… Odonates (dragonflies and damselflies) have evolved vibrant … the evolutionary pressures for damselflies. Color has not been … damselflies and the role of color in biodiversity hotspots. …","","https://scholar.google.com/scholar?q=related:fEk8pLlumm0J:scholar.google.com/&scioq=odonata%7Cdragonfly%7Cdragonflies%7Cdamselfly%7Cdamselflies&hl=en&as_sdt=0,5&as_ylo=2023&as_yhi=2023"
8,"S Patil, S Mishra, SS Kachhwaha","Comparative Analysis of Nature Inspired Optimization Algorithms for Biodiesel Yield Prediction using Extreme Learning Machine",2023,"2023 IEEE International …","ieeexplore.ieee.org","https://ieeexplore.ieee.org/abstract/document/10474272/","https://scholar.google.com/scholar?cites=14065216405021551593&as_sdt=2005&sciodt=0,5&hl=en",624,"2026-04-12 18:56:36","","","",,,,,,8,2.67,3,3,3,"… The results obtained from the first dataset reveal that Dragonfly Optimization was found to … , with Firefly Optimization and Dragonfly Optimization emerging as standout performers for …","","https://scholar.google.com/scholar?q=related:6WtOtsyvMcMJ:scholar.google.com/&scioq=odonata%7Cdragonfly%7Cdragonflies%7Cdamselfly%7Cdamselflies&hl=en&as_sdt=0,5&as_ylo=2023&as_yhi=2023"
0,"JY Pyo, JS Park, I Kim, SS Kim","Complete mitochondrial genome of Ceriagrion nipponicum (Odonata: Coenagrionidae) and comparison to Zygoptera groups",2023,"한국응용곤충학회 학술대회논문집","","","",887,"2026-04-12 18:56:36","CITATION","","",,,,,,0,0.00,0,4,3,"","","https://scholar.google.com/scholar?q=related:iUkTYsOVj98J:scholar.google.com/&scioq=odonata%7Cdragonfly%7Cdragonflies%7Cdamselfly%7Cdamselflies&hl=en&as_sdt=0,5&as_ylo=2023&as_yhi=2023"
3,"KY Jeong, JY Choi, H Jo, KS Jeong","Complete mitochondrial genome of Ischnura asiatica (Brauer, 1865) assembled from next-generation sequencing data",2023,"Mitochondrial DNA Part B","Taylor &Francis","https://www.tandfonline.com/doi/abs/10.1080/23802359.2023.2181651","https://scholar.google.com/scholar?cites=15919826630463903070&as_sdt=2005&sciodt=0,5&hl=en",644,"2026-04-12 18:56:36","","10.1080/23802359.2023.2181651","",,,,,,3,1.00,1,4,3,"… Ischnura asiatica (Brauer, 1865) is a freshwater damselfly belonging to the family … This study contributes to the phylogeny of damselflies and other members of the family …","https://www.tandfonline.com/doi/pdf/10.1080/23802359.2023.2181651","https://scholar.google.com/scholar?q=related:XtWaOvmV7twJ:scholar.google.com/&scioq=odonata%7Cdragonfly%7Cdragonflies%7Cdamselfly%7Cdamselflies&hl=en&as_sdt=0,5&as_ylo=2023&as_yhi=2023"
2,"CH An, KS Cheon, JE Jang, HG Lee","Complete mitochondrial genome of Macromia manchurica Asahina, 1964 (Odonata: Macromiidae)",2023,"Mitochondrial DNA Part B","Taylor &Francis","https://www.tandfonline.com/doi/abs/10.1080/23802359.2022.2157197","https://scholar.google.com/scholar?cites=14231865182413098592&as_sdt=2005&sciodt=0,5&hl=en",425,"2026-04-12 18:56:36","","10.1080/23802359.2022.2157197","",,,,,,2,0.67,1,4,3,"We describe the first time sequencing and assembly of the complete mitochondrial genome of Macromia manchurica Asahina, 1964 (Odonata; Macromiidae; Macromia). The …","https://www.tandfonline.com/doi/pdf/10.1080/23802359.2022.2157197","https://scholar.google.com/scholar?q=related:YI770Pq9gcUJ:scholar.google.com/&scioq=odonata%7Cdragonfly%7Cdragonflies%7Cdamselfly%7Cdamselflies&hl=en&as_sdt=0,5&as_ylo=2023&as_yhi=2023"
17,"S Chen, H Zhang, KI Zykova, HG Touchaei…","Computational intelligence models for predicting the frictional resistance of driven pile foundations in cold regions",2023,"Computers and …","techno-press.org","http://www.techno-press.org/content/?page=article&journal=cac&volume=32&num=2&ordernum=8","https://scholar.google.com/scholar?cites=4706146623135521171&as_sdt=2005&sciodt=0,5&hl=en",896,"2026-04-12 18:56:36","","","",,,,,,17,5.67,3,5,3,"Numerous studies have been performed on the behavior of pile foundations in cold regions. This study first attempted to employ artificial neural networks (ANN) to predict pile-bearing …","","https://scholar.google.com/scholar?q=related:k5nlZGuXT0EJ:scholar.google.com/&scioq=odonata%7Cdragonfly%7Cdragonflies%7Cdamselfly%7Cdamselflies&hl=en&as_sdt=0,5&as_ylo=2023&as_yhi=2023"
0,"E Luong, B Cazzolato…","Computational modelling of optic flow sensitive neurons in the dragonfly",2023,"JOURNAL OF …","… VAN GODEWIJCKSTRAAT 30 …","","",921,"2026-04-12 18:56:36","CITATION","","",,,,,,0,0.00,0,3,3,"","","https://scholar.google.com/scholar?q=related:rStNOVWgTZIJ:scholar.google.com/&scioq=odonata%7Cdragonfly%7Cdragonflies%7Cdamselfly%7Cdamselflies&hl=en&as_sdt=0,5&as_ylo=2023&as_yhi=2023"
5,"H Mahdjoub, R Zebsa, A Kahalerras, H Amari…","Condition-dependent survival and movement behavior in an endangered endemic damselfly",2023,"Scientific Reports","nature.com","https://www.nature.com/articles/s41598-023-48162-w","https://scholar.google.com/scholar?cites=11223812755663117525&as_sdt=2005&sciodt=0,5&hl=en",24,"2026-04-12 18:56:36","HTML","","",,,,,,5,1.67,1,5,3,"Movement is essential for the maintenance of populations in their natural habitats, particularly for threatened species living in fluctuating environments. Empirical evidence suggests that …","https://www.nature.com/articles/s41598-023-48162-w","https://scholar.google.com/scholar?q=related:1VzMJjz-wpsJ:scholar.google.com/&scioq=odonata%7Cdragonfly%7Cdragonflies%7Cdamselfly%7Cdamselflies&hl=en&as_sdt=0,5&as_ylo=2023&as_yhi=2023"
3,"Á Aristizábal‐Botero, JM Snoeks, E Realpe…","Conductivity and water level modulate developmental plasticity and explain distribution patterns in a diverse neotropical Odonata assemblage",2023,"Freshwater …","Wiley Online Library","https://onlinelibrary.wiley.com/doi/abs/10.1111/fwb.14151","https://scholar.google.com/scholar?cites=7295134936038021041&as_sdt=2005&sciodt=0,5&hl=en",210,"2026-04-12 18:56:36","","10.1111/fwb.14151","",,,,,,3,1.00,1,4,3,"… However, assessing life-history plasticity in a complete Odonata assemblage would be … dragonflies and damselflies respond to cues of impending pond drying, we studied an Odonata …","","https://scholar.google.com/scholar?q=related:sZcWs5KGPWUJ:scholar.google.com/&scioq=odonata%7Cdragonfly%7Cdragonflies%7Cdamselfly%7Cdamselflies&hl=en&as_sdt=0,5&as_ylo=2023&as_yhi=2023"
2,"AB Sánchez, MAC García","Confirmación de la reproducción de Orthetrum ransonnetii (Brauer, 1865)(Odonata: Libellulidae) en Fuerteventura (Islas Canarias)",2023,"Boletín de la SEA","researchgate.net","https://www.researchgate.net/profile/Miguel-Angel-Conesa-Garcia/publication/376314292_000_000_BSEA_73_NC_Orthetrum_ransonnetii_Fuerteventura/links/6572db106610947889a9dfca/000-000-BSEA-73-NC-Orthetrum-ransonnetii-Fuerteventura.pdf","https://scholar.google.com/scholar?cites=16493082615523887426&as_sdt=2005&sciodt=0,5&hl=en",595,"2026-04-12 18:56:36","PDF","","",,,,,,2,0.67,1,2,3,"… Odonata in southern Morocco, with first records of Orthetrum ransonnetii and Sympetrum sinaiticum (Odonata: Libellulidae). Libellula, 28: 97-115. MEARNS, B. … First record of Orthetrum …","https://www.researchgate.net/profile/Miguel-Angel-Conesa-Garcia/publication/376314292_000_000_BSEA_73_NC_Orthetrum_ransonnetii_Fuerteventura/links/6572db106610947889a9dfca/000-000-BSEA-73-NC-Orthetrum-ransonnetii-Fuerteventura.pdf","https://scholar.google.com/scholar?q=related:Qsl4NUEz4-QJ:scholar.google.com/&scioq=odonata%7Cdragonfly%7Cdragonflies%7Cdamselfly%7Cdamselflies&hl=en&as_sdt=0,5&as_ylo=2023&as_yhi=2023"
1,"P Martínez-Darve, J García","Confirmación de la reproducción de Pantala flavescens (Fabricius, 1798)(Odonata, Libellulidae) por primera vez en las Islas Canarias y en España",2023,"Boletín de la Asociación española …","dialnet.unirioja.es","https://dialnet.unirioja.es/servlet/articulo?codigo=9297731","https://scholar.google.com/scholar?cites=7092583070692883514&as_sdt=2005&sciodt=0,5&hl=en",942,"2026-04-12 18:56:36","CITATION","","",,,,,,1,0.33,1,2,3,"Confirmación de la reproducción de Pantala flavescens (Fabricius, 1798) (Odonata, Libellulidae) por primera vez en las Islas Canarias y en España - Dialnet … Confirmación …","","https://scholar.google.com/scholar?q=related:OjyZhLnqbWIJ:scholar.google.com/&scioq=odonata%7Cdragonfly%7Cdragonflies%7Cdamselfly%7Cdamselflies&hl=en&as_sdt=0,5&as_ylo=2023&as_yhi=2023"
0,"MHR Naim, M Shalauddin, DR Antu","Confirmatory report of Damselfly (Odonata) Pixie Dartlet, Ischnura nursei (Morton, 1907) from Bangladesh",2023,"Bangladesh Journal of Zoology","banglajol.info","https://banglajol.info/index.php/BJZ/article/view/68722/46036","",361,"2026-04-12 18:56:36","PDF","","",,,,,,0,0.00,0,3,3,"Odonata (dragonflies and damselflies) are one of the finest known and gorgeous aquatic insects distributed all over the world except Antarctica (Trueman 2007) and predominantly …","https://banglajol.info/index.php/BJZ/article/view/68722/46036","https://scholar.google.com/scholar?q=related:jv5sPnLZtUIJ:scholar.google.com/&scioq=odonata%7Cdragonfly%7Cdragonflies%7Cdamselfly%7Cdamselflies&hl=en&as_sdt=0,5&as_ylo=2023&as_yhi=2023"
0,"H Wataru, Y Mayumi, J Nagano Atsushi…","Conservation genomics of an endangered floodplain dragonfly, Sympetrum pedemontanum elatum (Selys), in Japan",2023,"Conservation Genetics","cir.nii.ac.jp","https://cir.nii.ac.jp/crid/1050863395956995584","",751,"2026-04-12 18:56:36","CITATION","","",,,,,,0,0.00,0,4,3,"Conservation genomics of an endangered floodplain dragonfly, Sympetrum pedemontanum elatum (Selys), in Japan | CiNii Research … Conservation genomics of an endangered …","","https://scholar.google.com/scholar?q=related:gRRdJRROxeUJ:scholar.google.com/&scioq=odonata%7Cdragonfly%7Cdragonflies%7Cdamselfly%7Cdamselflies&hl=en&as_sdt=0,5&as_ylo=2023&as_yhi=2023"
2,"M Hartung","Contribution to the Calopteryx-forms of the Peloponnesus (Odonata: Calopterygidae)",2023,"SCIREA Journal of Biology","article.scienceresearchassociation …","http://article.scienceresearchassociation.com/pdf/180295.pdf","https://scholar.google.com/scholar?cites=12300141502466011720&as_sdt=2005&sciodt=0,5&hl=en",262,"2026-04-12 18:56:36","PDF","","",,,,,,2,0.67,2,1,3,"Forty-four specimens of the Calopteryx splendens/balcanica complex of the Peloponnesus and adjacent areas have been found and were analyzed by different methods. The aim of this …","http://article.scienceresearchassociation.com/pdf/180295.pdf","https://scholar.google.com/scholar?q=related:SLKGDYfhsqoJ:scholar.google.com/&scioq=odonata%7Cdragonfly%7Cdragonflies%7Cdamselfly%7Cdamselflies&hl=en&as_sdt=0,5&as_ylo=2023&as_yhi=2023"
0,"AF Babalean","CONTRIBUTION TO THE DAMSELFLY FAUNA (ODONATA: ZYGOPTERA) OF DOLJ COUNTY (SW ROMANIA)",2023,"ANNALS OF THE UNIVERSITY OF CRAIOVA …","researchgate.net","https://www.researchgate.net/profile/Anda-Babalean/publication/376707856_CONTRIBUTION_TO_THE_DAMSELFLY_FAUNA_ODONATA_ZYGOPTERA_OF_DOLJ_COUNTY_SW_ROMANIA/links/688c86f156c0be2cef5a4b40/CONTRIBUTION-TO-THE-DAMSELFLY-FAUNA-ODONATA-ZYGOPTERA-OF-DOLJ-COUNTY-SW-ROMANIA.pdf","",445,"2026-04-12 18:56:36","PDF","","",,,,,,0,0.00,0,1,3,"This paper presents the result of the damselfly faunal investigation during May 2022–July 2023 in Dolj county (Oltenia Plain, SW part of Romania). The faunal list includes 12 collected …","https://www.researchgate.net/profile/Anda-Babalean/publication/376707856_CONTRIBUTION_TO_THE_DAMSELFLY_FAUNA_ODONATA_ZYGOPTERA_OF_DOLJ_COUNTY_SW_ROMANIA/links/688c86f156c0be2cef5a4b40/CONTRIBUTION-TO-THE-DAMSELFLY-FAUNA-ODONATA-ZYGOPTERA-OF-DOLJ-COUNTY-SW-ROMANIA.pdf","https://scholar.google.com/scholar?q=related:8RJ6VUf08TsJ:scholar.google.com/&scioq=odonata%7Cdragonfly%7Cdragonflies%7Cdamselfly%7Cdamselflies&hl=en&as_sdt=0,5&as_ylo=2023&as_yhi=2023"
0,"B Anda Felicia","CONTRIBUTION TO THE DAMSELFLY FAUNA (ODONATA: ZYGOPTERA) OF DOLJ COUNTY (SW ROMANIA).",2023,"Analele Universitatii din Craiova. Seria …","search.ebscohost.com","https://search.ebscohost.com/login.aspx?direct=true&profile=ehost&scope=site&authtype=crawler&jrnl=14531275&AN=175287668&h=3Mgu8lRw%2BI3ApldGOG1LVYzGtk67MYUZ6CVIy2DI3AZ%2FFK2je%2FE8eXwNmfg2kZTiSBKAdMujRvity5IfJ8YMLA%3D%3D&crl=c","",476,"2026-04-12 18:56:36","","","",,,,,,0,0.00,0,1,3,"This paper presents the result of the damselfly faunal investigation during May 2022–July 2023 in Dolj county (Oltenia Plain, SW part of Romania). The faunal list includes 12 collected …","","https://scholar.google.com/scholar?q=related:yXrKW5TncckJ:scholar.google.com/&scioq=odonata%7Cdragonfly%7Cdragonflies%7Cdamselfly%7Cdamselflies&hl=en&as_sdt=0,5&as_ylo=2023&as_yhi=2023"
0,"BA Felicia, AF Babalean","Contribution to the genus Sympetrum Newman, 1833 (Odonata, Anisoptera) from SW Romania, and an analysis of the European species",2023,"Authorea Preprints","authorea.com","https://www.authorea.com/doi/full/10.22541/au.169349649.98563247","",553,"2026-04-12 18:56:36","","10.22541/au.169349649.98563247","",,,,,,0,0.00,0,2,3,"The paper presents the results of a faunistic investigation on the genus Sympetrum in two regions in the SW part of Romania-Timiș Plain (Banat region) and Oltenia region. The …","https://www.authorea.com/doi/pdf/10.22541/au.169349649.98563247","https://scholar.google.com/scholar?q=related:s4YRVxTmXBoJ:scholar.google.com/&scioq=odonata%7Cdragonfly%7Cdragonflies%7Cdamselfly%7Cdamselflies&hl=en&as_sdt=0,5&as_ylo=2023&as_yhi=2023"
0,"AF Babalean","CONTRIBUTION TO THE GENUS SYMPETRUM NEWMAN, 1833 (ODONATA, ANISOPTERA) FROM SW ROMANIA, WITH A GENERAL DISCUSSION ON …",2023,"ANNALS OF THE UNIVERSITY OF …","anale-horticultura.reviste.ucv.ro","https://anale-horticultura.reviste.ucv.ro/index.php/bihpt/article/view/112","",552,"2026-04-12 18:56:36","","","",,,,,,0,0.00,0,1,3,"… Species evolution in time could be valid for many Odonata, it may occur at a high speed, … Europe’s dragonflies, A field guide to the damselflies and dragonflies. Princeton University …","https://anale-horticultura.reviste.ucv.ro/index.php/bihpt/article/download/112/109","https://scholar.google.com/scholar?q=related:Y7rtnxJHjnQJ:scholar.google.com/&scioq=odonata%7Cdragonfly%7Cdragonflies%7Cdamselfly%7Cdamselflies&hl=en&as_sdt=0,5&as_ylo=2023&as_yhi=2023"
0,"B Anda Felicia","CONTRIBUTION TO THE GENUS SYMPETRUM NEWMAN, 1833 (ODONATA, ANISOPTERA) FROM SW ROMANIA, WITH A GENERAL DISCUSSION ON …",2023,"Analele Universitatii din Craiova. Seria Biologie …","researchgate.net","https://www.researchgate.net/profile/Anda-Babalean/publication/376671349_CONTRIBUTION_TO_THE_GENUS_SYMPETRUM_NEWMAN_1833_ODONATA_ANISOPTERA_FROM_SW_ROMANIA_WITH_A_GENERAL_DISCUSSION_ON_SYMPETRUM_SPECIES/links/688c874212647e01a03b04ee/CONTRIBUTION-TO-THE-GENUS-SYMPETRUM-NEWMAN-1833-ODONATA-ANISOPTERA-FROM-SW-ROMANIA-WITH-A-GENERAL-DISCUSSION-ON-SYMPETRUM-SPECIES.pdf","",580,"2026-04-12 18:56:36","PDF","","",,,,,,0,0.00,0,1,3,"… Species evolution in time could be valid for many Odonata, it may occur at a high speed, … Europe’s dragonflies, A field guide to the damselflies and dragonflies. Princeton University …","https://www.researchgate.net/profile/Anda-Babalean/publication/376671349_CONTRIBUTION_TO_THE_GENUS_SYMPETRUM_NEWMAN_1833_ODONATA_ANISOPTERA_FROM_SW_ROMANIA_WITH_A_GENERAL_DISCUSSION_ON_SYMPETRUM_SPECIES/links/688c874212647e01a03b04ee/CONTRIBUTION-TO-THE-GENUS-SYMPETRUM-NEWMAN-1833-ODONATA-ANISOPTERA-FROM-SW-ROMANIA-WITH-A-GENERAL-DISCUSSION-ON-SYMPETRUM-SPECIES.pdf","https://scholar.google.com/scholar?q=related:gezq6QOiFRkJ:scholar.google.com/&scioq=odonata%7Cdragonfly%7Cdragonflies%7Cdamselfly%7Cdamselflies&hl=en&as_sdt=0,5&as_ylo=2023&as_yhi=2023"
3,"TS Keetapithchayakul, N Makbun, K Rattanachan…","Contribution to the knowledge of the Odonata fauna of Khao Yai National Park and the adjacent regions in Thailand",2023,"… and Pacific Island Odonata","","","https://scholar.google.com/scholar?cites=12797717749050016830&as_sdt=2005&sciodt=0,5&hl=en",780,"2026-04-12 18:56:36","CITATION","","",,,,,,3,1.00,1,4,3,"","","https://scholar.google.com/scholar?q=related:PoTWz3ygmrEJ:scholar.google.com/&scioq=odonata%7Cdragonfly%7Cdragonflies%7Cdamselfly%7Cdamselflies&hl=en&as_sdt=0,5&as_ylo=2023&as_yhi=2023"
4,"M Marinov, B Rashni","Contribution to the Odonata of Kadavu, Fiji with erection of three new species (Insecta: Odonata)",2023,"… : A Journal of the International Dragonfly …","repository.usp.ac.fj","https://repository.usp.ac.fj/id/eprint/14281/","https://scholar.google.com/scholar?cites=7319649762324163843&as_sdt=2005&sciodt=0,5&hl=en",613,"2026-04-12 18:56:36","CITATION","","",,,,,,4,1.33,2,2,3,"… Contribution to the Odonata of Kadavu, Fiji with erection of three new species (Insecta: Odonata) … Marinov, Milen and Rashni, Bindiya (2023) Contribution to the Odonata of Kadavu …","","https://scholar.google.com/scholar?q=related:A62ae62elGUJ:scholar.google.com/&scioq=odonata%7Cdragonfly%7Cdragonflies%7Cdamselfly%7Cdamselflies&hl=en&as_sdt=0,5&as_ylo=2023&as_yhi=2023"
0,"MK Khan, S Paul, M Rayhan, ME Herberstein","Cooler and drier conditions increase parasitism in subtropical damselfly populations",2023,"","ecoevorxiv.org","https://ecoevorxiv.org/repository/view/5974/","",399,"2026-04-12 18:56:36","","","",,,,,,0,0.00,0,4,3,"… Moreover, tropical insects (eg damselfly) are more vulnerable 64 to climate change than … in damselflies parasitism is of high priority to predict how 66 climate change will affect damselfly-…","https://ecoevorxiv.org/repository/object/5974/download/11646/","https://scholar.google.com/scholar?q=related:69LyBTfFeAgJ:scholar.google.com/&scioq=odonata%7Cdragonfly%7Cdragonflies%7Cdamselfly%7Cdamselflies&hl=en&as_sdt=0,5&as_ylo=2023&as_yhi=2023"
1,"T Schneider, IG Plyushch, A Vierstraete…","Cordulegaster coronata in eastern Afghanistan (Odonata: Cordulegastridae)",2023,"Notulae …","BioOne","https://bioone.org/journals/notulae-odonatologicae/volume-10/issue-1/nodo.v10i1.a1/iCordulegaster-coronatai-in-eastern-Afghanistan-Odonata-Cordulegastridae/10.60024/nodo.v10i1.a1.short","https://scholar.google.com/scholar?cites=6675579417616135345&as_sdt=2005&sciodt=0,5&hl=en",422,"2026-04-12 18:56:36","","10.60024/nodo.v10i1.a1.short","",,,,,,1,0.33,0,4,3,". In the last decades only a little knowledge has been gained regarding the Odonata fauna of Afghanistan, principally due to ongoing conflict within the country. Nevertheless, Ukrainian …","","https://scholar.google.com/scholar?q=related:sTTrkBxspFwJ:scholar.google.com/&scioq=odonata%7Cdragonfly%7Cdragonflies%7Cdamselfly%7Cdamselflies&hl=en&as_sdt=0,5&as_ylo=2023&as_yhi=2023"
0,"M Gayathri, PP Anand, YS Vardhanan","Correction to: Wing size, shape, and asymmetry analysis of the wandering glider, Pantala flavescens (Odonata: Libellulidae) revealed that hindwings are …",2023,"Biologia","Springer","https://link.springer.com/article/10.1007/s11756-023-01404-8","",767,"2026-04-12 18:56:36","CITATION","10.1007/s11756-023-01404-8","",,,,,,0,0.00,0,3,3,"Correction to: Wing size, shape, and asymmetry analysis of the wandering glider, Pantala flavescens (Odonata: Libellulidae) reve … Correction to: Wing size, shape, and asymmetry …","","https://scholar.google.com/scholar?q=related:JXTz4_SmuOYJ:scholar.google.com/&scioq=odonata%7Cdragonfly%7Cdragonflies%7Cdamselfly%7Cdamselflies&hl=en&as_sdt=0,5&as_ylo=2023&as_yhi=2023"
0,"M Sittenthaler, I Fischer, A Chovanec…","Correction: DNA barcoding of exuviae for species identification of Central European damselflies and dragonflies (Insecta: Odonata)",2023,"Journal of Insect …","search.proquest.com","https://search.proquest.com/openview/999fad46e49de07228f21bd40ca1adcd/1?pq-origsite=gscholar&cbl=55391","",430,"2026-04-12 18:56:36","","","",,,,,,0,0.00,0,4,3,"Vol.:(0123456789) Journal of Insect Conservation (2023) 27: 451–453 https://doi. org/10.1007/s10841-023-00476-w CORRECTION Correction: DNA barcoding of exuviae for species …","","https://scholar.google.com/scholar?q=related:S5QlXkDAZUoJ:scholar.google.com/&scioq=odonata%7Cdragonfly%7Cdragonflies%7Cdamselfly%7Cdamselflies&hl=en&as_sdt=0,5&as_ylo=2023&as_yhi=2023"
7,"T Carroll, R Stafford, PK Gillingham…","Correlated biodiversity change between plant and insect assemblages resurveyed after 80 years across a dynamic habitat mosaic",2023,"Ecology and …","Wiley Online Library","https://onlinelibrary.wiley.com/doi/abs/10.1002/ece3.10168","https://scholar.google.com/scholar?cites=16878317611860182484&as_sdt=2005&sciodt=0,5&hl=en",843,"2026-04-12 18:56:36","","10.1002/ece3.10168","",,,,,,7,2.33,2,4,3,"… (Hymenoptera: Formicinae), hoverflies (Diptera: Syrphidae), and dragonflies and damselflies (Odonata). All taxa exhibited high levels of turnover across the ca. 80‐year time period. …","https://onlinelibrary.wiley.com/doi/pdf/10.1002/ece3.10168","https://scholar.google.com/scholar?q=related:1EUlXXHUO-oJ:scholar.google.com/&scioq=odonata%7Cdragonfly%7Cdragonflies%7Cdamselfly%7Cdamselflies&hl=en&as_sdt=0,5&as_ylo=2023&as_yhi=2023"
0,"J Schulz, O Schroeder","Coupled Material Response Simulations of Dragonfly Capsule and DrEAM Reconstruction",2023,"13th Ablation Workshop","ntrs.nasa.gov","https://ntrs.nasa.gov/citations/20230015829","",587,"2026-04-12 18:56:36","","","",,,,,,0,0.00,0,2,3,"… response of the Dragonfly capsule for a variety of problems. Since the Dragonfly capsule will be … tools can aid in understanding Dragonfly Entry Aerosciences Measurements (DrEAM). In …","","https://scholar.google.com/scholar?q=related:My7KxKaF3jQJ:scholar.google.com/&scioq=odonata%7Cdragonfly%7Cdragonflies%7Cdamselfly%7Cdamselflies&hl=en&as_sdt=0,5&as_ylo=2023&as_yhi=2023"
0,"RJC Cannon","Courtship I. pre-copulatory courtship behaviour.",2023,"","cabidigitallibrary.org","https://www.cabidigitallibrary.org/doi/full/10.5555/20230271004","",903,"2026-04-12 18:56:36","","10.5555/20230271004","",,,,,,0,0.00,0,1,3,"… The chapter also examines insects with rapid courtship rituals, like house flies, dragonflies, and damselflies. It further explores insects with short and simple courtship routines, including …","","https://scholar.google.com/scholar?q=related:QO-Znz88VZYJ:scholar.google.com/&scioq=odonata%7Cdragonfly%7Cdragonflies%7Cdamselfly%7Cdamselflies&hl=en&as_sdt=0,5&as_ylo=2023&as_yhi=2023"
0,"J Zhang, C Wu, Q Gao, K Zhang, L Wang…","Crashworthiness Design of a Multicell Elliptic Tube Inspired by Dragonfly Under Multiple Impact Load Cases",,"Available at SSRN …","papers.ssrn.com","https://papers.ssrn.com/sol3/papers.cfm?abstract_id=4627487","",533,"2026-04-12 18:56:36","","","",,,,,,0,0.00,0,6,,"… Dragonfly is a kind of insect with double symmetrical wings. Through studying the microstructure of dragonfly wings, it is found that they have the characteristic of being lightweight, high …","https://papers.ssrn.com/sol3/Delivery.cfm?abstractid=4627487","https://scholar.google.com/scholar?q=related:Y07PMJQuoCEJ:scholar.google.com/&scioq=odonata%7Cdragonfly%7Cdragonflies%7Cdamselfly%7Cdamselflies&hl=en&as_sdt=0,5&as_ylo=2023&as_yhi=2023"
1,"LS Lima, NJ Silva…","Criação de larvas de Odonata no município do Cantá e Boa Vista, Roraima, em condições de laboratório",2023,"ZOOLOGIA …","editoracientifica.com.br","https://www.editoracientifica.com.br/books/chapter/criacao-de-larvas-de-odonata-no-municipio-do-canta-e-boa-vista-roraima-em-condicoes-de-laboratorio","https://scholar.google.com/scholar?cites=16637019465693356359&as_sdt=2005&sciodt=0,5&hl=en",546,"2026-04-12 18:56:36","","","",,,,,,1,0.33,0,3,3,"… objetivo conhecer as espécies de Odonata, através da criação das … Resultados: Foram obtidas 77 larvas de Odonata (44 na seca e … taxonômica de Odonata em igarapés de Roraima. …","","https://scholar.google.com/scholar?q=related:R2HprQ6R4uYJ:scholar.google.com/&scioq=odonata%7Cdragonfly%7Cdragonflies%7Cdamselfly%7Cdamselflies&hl=en&as_sdt=0,5&as_ylo=2023&as_yhi=2023"
0,"AF Will","Culturas em contato na tradução de Geni Hirata do romance Dragonfly in amber, de Diana Gabaldon",2023,"","Universidade Tecnológica Federal …","","",648,"2026-04-12 18:56:36","CITATION","","",,,,,,0,0.00,0,1,3,"","","https://scholar.google.com/scholar?q=related:_xM4dVJoVPcJ:scholar.google.com/&scioq=odonata%7Cdragonfly%7Cdragonflies%7Cdamselfly%7Cdamselflies&hl=en&as_sdt=0,5&as_ylo=2023&as_yhi=2023"
6,"U Sakthi, TM Chen…","CyberHelp: sentiment analysis on social media data using deep belief network to predict suicidal ideation of students",2023,"… on Intelligent Data …","ieeexplore.ieee.org","https://ieeexplore.ieee.org/abstract/document/10053425/","https://scholar.google.com/scholar?cites=1871001641529704629&as_sdt=2005&sciodt=0,5&hl=en",789,"2026-04-12 18:56:36","","","",,,,,,6,2.00,2,3,3,"… This paper presents an optimized Dragonfly algorithm (DFA) using a Deep Belief Network (… The dragonfly heuristic optimization algorithm is used for tuning the hyperparameter in the …","","https://scholar.google.com/scholar?q=related:tQCNeRQi9xkJ:scholar.google.com/&scioq=odonata%7Cdragonfly%7Cdragonflies%7Cdamselfly%7Cdamselflies&hl=en&as_sdt=0,5&as_ylo=2023&as_yhi=2023"
7,"E Romero-Lebrón, M Fernández-Monescillo…","Damselflies (Coenagrionidae) have been avoiding leaf veins during oviposition for at least 52 million years",2023,"Iscience","cell.com","https://www.cell.com/iscience/fulltext/S2589-0042(23)00942-2","https://scholar.google.com/scholar?cites=3079840105311412234&as_sdt=2005&sciodt=0,5&hl=en",126,"2026-04-12 18:56:36","HTML","","",,,,,,7,2.33,2,3,3,"… We have studied about 1350 endophytic egg traces of coenagrionid damselflies (Odonata: … that Coenagrionidae damselflies (narrow-winged damselflies or pond damselflies) have …","https://www.cell.com/iscience/fulltext/S2589-0042(23)00942-2","https://scholar.google.com/scholar?q=related:CqAWEkLKvSoJ:scholar.google.com/&scioq=odonata%7Cdragonfly%7Cdragonflies%7Cdamselfly%7Cdamselflies&hl=en&as_sdt=0,5&as_ylo=2023&as_yhi=2023"
0,"C Marshall","Damselflies, Climate Change, and Microbiomes",2023,"","diva-portal.org","https://www.diva-portal.org/smash/get/diva2:1777103/FULLTEXT01.pdf","",353,"2026-04-12 18:56:36","PDF","","",,,,,,0,0.00,0,1,3,"… In this study damselflies were used to experimentally study … identify bacterial communities within damselfly guts. Species of … damselfly larva microbiome. The overall composition of the …","https://www.diva-portal.org/smash/get/diva2:1777103/FULLTEXT01.pdf","https://scholar.google.com/scholar?q=related:d_TVaNhX39IJ:scholar.google.com/&scioq=odonata%7Cdragonfly%7Cdragonflies%7Cdamselfly%7Cdamselflies&hl=en&as_sdt=0,5&as_ylo=2023&as_yhi=2023"
0,"L Lapiņa","Dancing with Dragonflies. Site-specific dance and multispecies methods",2023,"Lifetimes conference","","","",920,"2026-04-12 18:56:36","CITATION","","",,,,,,0,0.00,0,1,3,"","","https://scholar.google.com/scholar?q=related:pf3YZziGnoUJ:scholar.google.com/&scioq=odonata%7Cdragonfly%7Cdragonflies%7Cdamselfly%7Cdamselflies&hl=en&as_sdt=0,5&as_ylo=2023&as_yhi=2023"
0,"L Lapiņa","Dancing with dragonflies: Entangled multispecies temporalities by an urban marshland",2023,"Lifetimes conference","forskning.ruc.dk","https://forskning.ruc.dk/en/publications/dancing-with-dragonflies-entangled-multispecies-temporalities-by--2/","",884,"2026-04-12 18:56:36","CITATION","","",,,,,,0,0.00,0,1,3,"Dancing with dragonflies: Entangled multispecies temporalities by an urban marshland - Roskilde University Research Portal … Dancing with dragonflies: Entangled multispecies …","","https://scholar.google.com/scholar?q=related:8UNx6pE45PAJ:scholar.google.com/&scioq=odonata%7Cdragonfly%7Cdragonflies%7Cdamselfly%7Cdamselflies&hl=en&as_sdt=0,5&as_ylo=2023&as_yhi=2023"
0,"J Wu","Data Analysis Method of English Education",2023,"Innovative Computing Vol 2-Emerging Topics in Future …","books.google.com","https://books.google.com/books?hl=en&lr=&id=noy8EAAAQBAJ&oi=fnd&pg=PA89&dq=odonata%7Cdragonfly%7Cdragonflies%7Cdamselfly%7Cdamselflies&ots=7zWDBnZS2N&sig=HPoHDjnbBOCT62qdOmy_HCoie7U","",891,"2026-04-12 18:56:36","","","",,,,,,0,0.00,0,1,3,"… between Dragonfly I and surrounding dragonflies. In this study, dragonflies represent medical education data information elements; 10. It represents the coordinates of dragonfly J in …","","https://scholar.google.com/scholar?q=related:cnb5N_jN2lsJ:scholar.google.com/&scioq=odonata%7Cdragonfly%7Cdragonflies%7Cdamselfly%7Cdamselflies&hl=en&as_sdt=0,5&as_ylo=2023&as_yhi=2023"
1,"J Wu","Data Analysis Method of English Education Based on Improved Deep Learning Algorithm",2023,"International Conference on Innovative Computing","Springer","https://link.springer.com/chapter/10.1007/978-981-99-2287-1_13","https://scholar.google.com/scholar?cites=7034909458240114932&as_sdt=2005&sciodt=0,5&hl=en",805,"2026-04-12 18:56:36","","10.1007/978-981-99-2287-1_13","",,,,,,1,0.33,1,1,3,"… between Dragonfly I and surrounding dragonflies. In this study, dragonflies represent medical education data information elements; 10. It represents the coordinates of dragonfly J in …","","https://scholar.google.com/scholar?q=related:9BBwNeEEoWEJ:scholar.google.com/&scioq=odonata%7Cdragonfly%7Cdragonflies%7Cdamselfly%7Cdamselflies&hl=en&as_sdt=0,5&as_ylo=2023&as_yhi=2023"
2,"G Palomar, G Wos, R Stoks, S Sniegula","Data from: Latitude-specific urbanization effects on life history traits in the damselfly Ischnura elegans. Figshare",2023,"","","","https://scholar.google.com/scholar?cites=9149916587590820298&as_sdt=2005&sciodt=0,5&hl=en",791,"2026-04-12 18:56:36","CITATION","","",,,,,,2,0.67,1,4,3,"","","https://scholar.google.com/scholar?q=related:yiHOd6gI-34J:scholar.google.com/&scioq=odonata%7Cdragonfly%7Cdragonflies%7Cdamselfly%7Cdamselflies&hl=en&as_sdt=0,5&as_ylo=2023&as_yhi=2023"
1,"B Willink, K Tunström, S Nilén, R Chikhi, T Lemane…","Data from: The genomics and evolution of inter-sexual mimicry and female-limited polymorphisms in damselflies",2023,"(No Title)","cir.nii.ac.jp","https://cir.nii.ac.jp/crid/1883116917876422912","https://scholar.google.com/scholar?cites=2671248954559173226&as_sdt=2005&sciodt=0,5&hl=en",428,"2026-04-12 18:56:36","","","",,,,,,1,0.33,0,6,3,"The dataset contains intermediate output files required to reproduce the figures in the main text and Supporting Material of Willink et al. 2023. The genomics and evolution of inter-…","","https://scholar.google.com/scholar?q=related:ahIic8UuEiUJ:scholar.google.com/&scioq=odonata%7Cdragonfly%7Cdragonflies%7Cdamselfly%7Cdamselflies&hl=en&as_sdt=0,5&as_ylo=2023&as_yhi=2023"
1,"A Davidson, C Ryland Stunkle, J Armstrong…","Data from: warming and top-down control of stage-structured prey: linking theory to patterns in natural systems",2023,"…","ui.adsabs.harvard.edu","https://ui.adsabs.harvard.edu/abs/2023zndo..10070054D/abstract","https://scholar.google.com/scholar?cites=362299627178143263&as_sdt=2005&sciodt=0,5&hl=en",784,"2026-04-12 18:56:36","","","",,,,,,1,0.33,0,4,3,"… dragonfly nymph predators and … dragonfly nymphs could consume them in. This was consistent with data collected in rock pool ecosystems, where the negative effects of dragonfly …","","https://scholar.google.com/scholar?q=related:H641ZJclBwUJ:scholar.google.com/&scioq=odonata%7Cdragonfly%7Cdragonflies%7Cdamselfly%7Cdamselflies&hl=en&as_sdt=0,5&as_ylo=2023&as_yhi=2023"
1,"T Kovács, D Murányi","Data to the distribution of Helenoperla malickyi Sivec, 1997 (Plecoptera: Perlidae)",2023,"Folia historico-naturalia Musei Matraensis","researchgate.net","https://www.researchgate.net/profile/Tibor-Kovacs-2/publication/376758894_Data_to_the_distribution_of_Helenoperla_malickyi_Sivec_1997_Plecoptera_Perlidae/links/6586c94f0bb2c7472b07fb54/Data-to-the-distribution-of-Helenoperla-malickyi-Sivec-1997-Plecoptera-Perlidae.pdf","https://scholar.google.com/scholar?cites=17855945663608360276&as_sdt=2005&sciodt=0,5&hl=en",892,"2026-04-12 18:56:36","PDF","","",,,,,,1,0.33,1,2,3,"… We characterize the habitats and present the list of cohabiting Plecoptera and Odonata. We … Other Plecoptera and Odonata species living in the known Helenoperla habitats are summa…","https://www.researchgate.net/profile/Tibor-Kovacs-2/publication/376758894_Data_to_the_distribution_of_Helenoperla_malickyi_Sivec_1997_Plecoptera_Perlidae/links/6586c94f0bb2c7472b07fb54/Data-to-the-distribution-of-Helenoperla-malickyi-Sivec-1997-Plecoptera-Perlidae.pdf","https://scholar.google.com/scholar?q=related:VI0N6PkPzfcJ:scholar.google.com/&scioq=odonata%7Cdragonfly%7Cdragonflies%7Cdamselfly%7Cdamselflies&hl=en&as_sdt=0,5&as_ylo=2023&as_yhi=2023"
1,"JT Hermans","De Venwitsnuitlibel (Leucorrhinia dubia) in Limburg (Odonata: Libellulidae)",2023,"Natuurhistorisch Maandblad","natuurtijdschriften.nl","https://natuurtijdschriften.nl/pub/1024249/NAHM2023112012002.pdf","https://scholar.google.com/scholar?cites=2549042995577245867&as_sdt=2005&sciodt=0,5&hl=en",532,"2026-04-12 18:56:36","PDF","","",,,,,,1,0.33,1,1,3,"De habitat in Nederland komt overeen met de situatie van de buurlanden: voedselarme en zure wateren met (drijvend) veenmos en open verlandingsvegetaties met biezen of zeggen. …","https://natuurtijdschriften.nl/pub/1024249/NAHM2023112012002.pdf","https://scholar.google.com/scholar?q=related:q1CUXBkFYCMJ:scholar.google.com/&scioq=odonata%7Cdragonfly%7Cdragonflies%7Cdamselfly%7Cdamselflies&hl=en&as_sdt=0,5&as_ylo=2023&as_yhi=2023"
0,"D Schönberger","Deciphering the evolution of metabolic allometry in an ancient insect order (Odonata)",2023,"","lup.lub.lu.se","https://lup.lub.lu.se/student-papers/search/publication/9135531","",500,"2026-04-12 18:56:36","HTML","","",,,,,,0,0.00,0,1,3,"… exponent for 56 dragonfly and damselfly species is drastically … considerably between all dragonfly or damselfly species. This … rate of dragonflies and damselflies stayed relatively stable …","https://lup.lub.lu.se/student-papers/search/publication/9135531","https://scholar.google.com/scholar?q=related:HDqDDmXMMEEJ:scholar.google.com/&scioq=odonata%7Cdragonfly%7Cdragonflies%7Cdamselfly%7Cdamselflies&hl=en&as_sdt=0,5&as_ylo=2023&as_yhi=2023"
13,"PJ Shermila, A Ahilan, M Shunmugathammal…","DEEPFIC: Food item classification with calorie calculation using dragonfly deep learning network",2023,"Signal, Image and Video …","Springer","https://link.springer.com/article/10.1007/s11760-023-02600-4","https://scholar.google.com/scholar?cites=10423937050899029507&as_sdt=2005&sciodt=0,5&hl=en",74,"2026-04-12 18:56:36","","10.1007/s11760-023-02600-4","",,,,,,13,4.33,3,4,3,"Nowadays, many people are suffered from obesity, they tend to maintain their body weight by consuming a sufficient number of calories in their routine life. In this research, a novel …","","https://scholar.google.com/scholar?q=related:A57e94RDqZAJ:scholar.google.com/&scioq=odonata%7Cdragonfly%7Cdragonflies%7Cdamselfly%7Cdamselflies&hl=en&as_sdt=0,5&as_ylo=2023&as_yhi=2023"
2,"Z Eslami Barzoki, S Sadeghi, M Ebrahimi","Demographic characteristics of Ischnura elegans (Vander Linden, 1820) (Odonata: Coenagrionidae) in arid regions: sex and female morphs differences in survival …",2023,"Aquatic Insects","Taylor &Francis","https://www.tandfonline.com/doi/abs/10.1080/01650424.2022.2074044","https://scholar.google.com/scholar?cites=17785965269768506806&as_sdt=2005&sciodt=0,5&hl=en",427,"2026-04-12 18:56:36","","10.1080/01650424.2022.2074044","",,,,,,2,0.67,1,3,3,"… Yet the demographic characteristics of damselfly populations inhabiting arid regions are … may affect damselflies behaviour and population dynamic. Investigating damselflies population …","","https://scholar.google.com/scholar?q=related:to38wy1x1PYJ:scholar.google.com/&scioq=odonata%7Cdragonfly%7Cdragonflies%7Cdamselfly%7Cdamselflies&hl=en&as_sdt=0,5&as_ylo=2023&as_yhi=2023"
16,"SG Cardwell, FS Chance","Dendritic computation for neuromorphic applications",2023,"… of the 2023 International Conference on …","dl.acm.org","https://dl.acm.org/doi/abs/10.1145/3589737.3606001","https://scholar.google.com/scholar?cites=8466246458226019187&as_sdt=2005&sciodt=0,5&hl=en",758,"2026-04-12 18:56:36","","10.1145/3589737.3606001","",,,,,,16,5.33,8,2,3,"… to implement interception in a model of dragonfly prey-interception neural circuitry based on [3]. … For simplicity, we constrain the dragonfly and its target to move in one plane of motion, …","https://dl.acm.org/doi/pdf/10.1145/3589737.3606001","https://scholar.google.com/scholar?q=related:c4t4M0wmfnUJ:scholar.google.com/&scioq=odonata%7Cdragonfly%7Cdragonflies%7Cdamselfly%7Cdamselflies&hl=en&as_sdt=0,5&as_ylo=2023&as_yhi=2023"
0,"TMD de Oliveira, DS Vilela…","Depredación de Progomphus complicatus Selys, 1854 (Odonata) por Oxyopsis sp.(Mantodea)",,"Hetaerina. Boletín de la …","researchgate.net","https://www.researchgate.net/profile/Emmy-Medina-Espinoza/publication/373360255_HETAERINA_Boletin_de_la_Sociedad_de_Odonatologia_Latinoamericana_V5_No_2_2023-2/links/64e785b70acf2e2b520dc0eb/HETAERINA-Boletin-de-la-Sociedad-de-Odonatologia-Latinoamericana-V5-No-2-2023-2.pdf#page=24","",572,"2026-04-12 18:56:36","PDF","","",,,,,,0,0.00,0,3,,"Las libélulas (Odonata) desempeñan un papel relevante en el flujo de energía de ecosistemas terrestres y de agua dulce, ya que actúan tanto como depredadores así como presas. No …","https://www.researchgate.net/profile/Emmy-Medina-Espinoza/publication/373360255_HETAERINA_Boletin_de_la_Sociedad_de_Odonatologia_Latinoamericana_V5_No_2_2023-2/links/64e785b70acf2e2b520dc0eb/HETAERINA-Boletin-de-la-Sociedad-de-Odonatologia-Latinoamericana-V5-No-2-2023-2.pdf#page=24","https://scholar.google.com/scholar?q=related:fqRWlJaLrQ0J:scholar.google.com/&scioq=odonata%7Cdragonfly%7Cdragonflies%7Cdamselfly%7Cdamselflies&hl=en&as_sdt=0,5&as_ylo=2023&as_yhi=2023"
2,"EDF Ferreira, TMD de Oliveira, DS Vilela…","Depredación de Progomphus complicatus Selys, 1854 (Odonata) por Oxyopsis sp.(Mantodea). Hetaerina",2023,"Boletín de la Sociedad de …","","","https://scholar.google.com/scholar?cites=187810462039932210&as_sdt=2005&sciodt=0,5&hl=en",949,"2026-04-12 18:56:36","CITATION","","",,,,,,2,0.67,1,4,3,"","","https://scholar.google.com/scholar?q=related:Mv39wp48mwIJ:scholar.google.com/&scioq=odonata%7Cdragonfly%7Cdragonflies%7Cdamselfly%7Cdamselflies&hl=en&as_sdt=0,5&as_ylo=2023&as_yhi=2023"
2,"LF de Armas","Depredación por arañas (Araneae: Araneidae) de Aeshna interrupta en Canadá y Gynacantha nervosa (Odonata: Aeshnidae) en Cuba",2023,"Revista ibérica de aracnología","dialnet.unirioja.es","https://dialnet.unirioja.es/servlet/articulo?codigo=9340010","https://scholar.google.com/scholar?cites=93694686715536253&as_sdt=2005&sciodt=0,5&hl=en",579,"2026-04-12 18:56:36","","","",,,,,,2,0.67,2,1,3,"Se registra la depredación de las libélulas Aeshna interrupta Walker, 1908 y Gynacantha nervosa Rambur, 1842 (Aeshnidae) por las arañas Aculepeira packardi (Thorell, 1875) y …","","https://scholar.google.com/scholar?q=related:fWMFN9LeTAEJ:scholar.google.com/&scioq=odonata%7Cdragonfly%7Cdragonflies%7Cdamselfly%7Cdamselflies&hl=en&as_sdt=0,5&as_ylo=2023&as_yhi=2023"
0,"JA Márquez, JS Rodríguez, G Hankel…","Desarrollo larval de Argia joergenseni (Odonata: Coenagrionidae) en dos diferentes latitudes en Argentina.",2023,"Revista de la Sociedad …","go.gale.com","https://go.gale.com/ps/i.do?id=GALE%7CA778126750&sid=googleScholar&v=2.1&it=r&linkaccess=abs&issn=03735680&p=IFME&sw=w","",412,"2026-04-12 18:56:36","","","",,,,,,0,0.00,0,4,3,"Nuestro objetivo fue investigar el desarrollo larval de Argia joergenseni Ris en tres arroyos ubicados en diferentes latitudes y ecorregiones (Yungas y Chaco) en Argentina. Medimos el …","","https://scholar.google.com/scholar?q=related:nGic-sNZjBkJ:scholar.google.com/&scioq=odonata%7Cdragonfly%7Cdragonflies%7Cdamselfly%7Cdamselflies&hl=en&as_sdt=0,5&as_ylo=2023&as_yhi=2023"
3,"AV Chandran, R Chandran, SR Suraj, SK Jose…","Description of Phylloneura rupestris sp. nov. (Odonata, Platycnemididae) from the Western Ghats, India with notes on its reproductive behavior",2023,"bioRxiv","biorxiv.org","https://www.biorxiv.org/content/10.1101/2023.09.13.557666.abstract","https://scholar.google.com/scholar?cites=5562032862465389&as_sdt=2005&sciodt=0,5&hl=en",224,"2026-04-12 18:56:36","","10.1101/2023.09.13.557666.abstract","",,,,,,3,1.00,1,5,3,"Phylloneura Fraser, 1922 is a genus of damselflies which was till date regarded monotypic. It is represented by the nominate species, Phylloneura westermanni (Hagen in Selys, 1860) …","https://www.biorxiv.org/content/biorxiv/early/2023/09/17/2023.09.13.557666.full.pdf","https://scholar.google.com/scholar?q=related:bQ3_sKPCEwAJ:scholar.google.com/&scioq=odonata%7Cdragonfly%7Cdragonflies%7Cdamselfly%7Cdamselflies&hl=en&as_sdt=0,5&as_ylo=2023&as_yhi=2023"
0,"A VC, R Chandran, R SS, SK Jose, P Koparde","Description of Phylloneura rupestris sp. nov.(Odonata, Platycnemididae) from the Western Ghats, India with notes on its reproductive behavior",2023,"","europepmc.org","https://europepmc.org/article/ppr/ppr726173","",578,"2026-04-12 18:56:36","","","",,,,,,0,0.00,0,5,3,"Phylloneura Fraser, 1922 is a genus of damselflies which was till date regarded monotypic. It is represented by the nominate species, Phylloneura westermanni (Hagen in Selys, 1860) …","","https://scholar.google.com/scholar?q=related:8-5mCMTjnEIJ:scholar.google.com/&scioq=odonata%7Cdragonfly%7Cdragonflies%7Cdamselfly%7Cdamselflies&hl=en&as_sdt=0,5&as_ylo=2023&as_yhi=2023"
6,"A Payra, R Chandran, A Deshpande, P Koparde","Description of Protosticta armageddonensis sp. nov. (Odonata: Zygoptera: Platystictidae) from the Western Ghats of India",2023,"bioRxiv","biorxiv.org","https://www.biorxiv.org/content/10.1101/2023.01.11.523583.abstract","https://scholar.google.com/scholar?cites=17147121091260380883&as_sdt=2005&sciodt=0,5&hl=en",200,"2026-04-12 18:56:36","","10.1101/2023.01.11.523583.abstract","",,,,,,6,2.00,2,4,3,"A new species of Protosticta Selys, 1885 (Odonata: Zygoptera: Platystictidae) is described based on two male specimens collected from Kerala, at the southern end of the Western …","https://www.biorxiv.org/content/10.1101/2023.01.11.523583.full.pdf","https://scholar.google.com/scholar?q=related:0_YufcjP9u0J:scholar.google.com/&scioq=odonata%7Cdragonfly%7Cdragonflies%7Cdamselfly%7Cdamselflies&hl=en&as_sdt=0,5&as_ylo=2023&as_yhi=2023"
3,"MM Gurung, QT Phan","Description of Protosticta samtsensis sp. nov.(Odonata: Zygoptera: Platystictidae) from Samtse district, Bhutan",2023,"Zootaxa","researchgate.net","https://www.researchgate.net/profile/Mer-Gurung/publication/374383272_Description_of_Protosticta_samtsensis_sp_nov_Odonata_Zygoptera_Platystictidae_from_Samtse_district_Bhutan/links/654a602db1398a779d6e0f05/Description-of-Protosticta-samtsensis-sp-nov-Odonata-Zygoptera-Platystictidae-from-Samtse-district-Bhutan.pdf","https://scholar.google.com/scholar?cites=3531985576625400101&as_sdt=2005&sciodt=0,5&hl=en",249,"2026-04-12 18:56:36","PDF","","",,,,,,3,1.00,2,2,3,"… In Bhutan, 125 species of dragonflies and damselflies have been recorded so far and with more intensive field research the number of recorded species has increased over the …","https://www.researchgate.net/profile/Mer-Gurung/publication/374383272_Description_of_Protosticta_samtsensis_sp_nov_Odonata_Zygoptera_Platystictidae_from_Samtse_district_Bhutan/links/654a602db1398a779d6e0f05/Description-of-Protosticta-samtsensis-sp-nov-Odonata-Zygoptera-Platystictidae-from-Samtse-district-Bhutan.pdf","https://scholar.google.com/scholar?q=related:JWmPLisiBDEJ:scholar.google.com/&scioq=odonata%7Cdragonfly%7Cdragonflies%7Cdamselfly%7Cdamselflies&hl=en&as_sdt=0,5&as_ylo=2023&as_yhi=2023"
0,"SP Adambukulam, FK Kakkassery","Description of the final instar larva of Burmagomphus laidlawi Fraser, 1924, an endemic of the Western Ghats, India (Odonata: Gomphidae)",2023,"Odonatologica","BioOne","https://bioone.org/journals/odonatologica/volume-52/issue-3-4/odon.v52i3-4.a7/Description-of-the-final-instar-larva-of-Burmagomphus-laidlawi-Fraser/10.60024/odon.v52i3-4.a7.short","",562,"2026-04-12 18:56:36","","10.60024/odon.v52i3-4.a7.short","",,,,,,0,0.00,0,2,3,". The final instar larva of Burmagomphus laidlawi Fraser, 1924 , is described for the first time based on one larva and several exuviae collected from the Tejaswini River, Kannur district …","","https://scholar.google.com/scholar?q=related:8RnamaXE51EJ:scholar.google.com/&scioq=odonata%7Cdragonfly%7Cdragonflies%7Cdamselfly%7Cdamselflies&hl=en&as_sdt=0,5&as_ylo=2023&as_yhi=2023"
0,"R Novelo-Gutierrez, CA Bota-Sierra","Description of the larva of Miocora aurea (Ris, 1918) (Odonata: Polythoridae) (vol 5182, pg 279, 2022)",2023,"ZOOTAXA","MAGNOLIA PRESS 250F Marua …","","",827,"2026-04-12 18:56:36","CITATION","","",,,,,,0,0.00,0,2,3,"","","https://scholar.google.com/scholar?q=related:E8iVFw7xrsMJ:scholar.google.com/&scioq=odonata%7Cdragonfly%7Cdragonflies%7Cdamselfly%7Cdamselflies&hl=en&as_sdt=0,5&as_ylo=2023&as_yhi=2023"
2,"M Hartung","Description of The Larva of Oxyallagma dissidens (Selys, 1876)(Odonata: Coenagriidae, Ischnurinae)",2023,"American Journal of Entomology","","","https://scholar.google.com/scholar?cites=18293894013325444710&as_sdt=2005&sciodt=0,5&hl=en",796,"2026-04-12 18:56:36","CITATION","","",,,,,,2,0.67,2,1,3,"","","https://scholar.google.com/scholar?q=related:ZoboDq734P0J:scholar.google.com/&scioq=odonata%7Cdragonfly%7Cdragonflies%7Cdamselfly%7Cdamselflies&hl=en&as_sdt=0,5&as_ylo=2023&as_yhi=2023"
1,"AV Chandran, SK Jose, P Dawn","Description of the Last Instar Larva of Platylestes platystylus (Rambur, 1842) from Kerala, India (Odonata: Lestidae).",2023,"Zootaxa","europepmc.org","https://europepmc.org/article/med/38221288","https://scholar.google.com/scholar?cites=1921174892240659716&as_sdt=2005&sciodt=0,5&hl=en",490,"2026-04-12 18:56:36","","","",,,,,,1,0.33,0,3,3,"The description of the final instar larva and the subsequent exuvia of Platylestes platystylus (Rambur, 1842) is given based on a single male larva collected from Kerala and reared in …","","https://scholar.google.com/scholar?q=related:BGVnu2JiqRoJ:scholar.google.com/&scioq=odonata%7Cdragonfly%7Cdragonflies%7Cdamselfly%7Cdamselflies&hl=en&as_sdt=0,5&as_ylo=2023&as_yhi=2023"
0,"AV Chandran, SK Jose, P Rangnekar…","Description of the male Macrogomphus wynaadicus Fraser, 1924, from the Western Ghats, India (Odonata: Gomphidae)",2023,"Odonatologica","BioOne","https://bioone.org/journals/odonatologica/volume-52/issue-3-4/odon.v52i3-4.a8/Description-of-the-male-Macrogomphus-wynaadicus-Fraser-1924-from-the/10.60024/odon.v52i3-4.a8.short","",582,"2026-04-12 18:56:36","","10.60024/odon.v52i3-4.a8.short","",,,,,,0,0.00,0,4,3,"… Dragonfly, Anisoptera, South Asia … A survey of the odonate (dragonfly) fauna of Western India with special remarks on the genera Macromia and Idionyx and descriptions of …","","https://scholar.google.com/scholar?q=related:f8DrEZAh7iMJ:scholar.google.com/&scioq=odonata%7Cdragonfly%7Cdragonflies%7Cdamselfly%7Cdamselflies&hl=en&as_sdt=0,5&as_ylo=2023&as_yhi=2023"
0,"A Payra, R Chandran, A Deshpande, P Koparde","Description ofProtosticta armageddonensis sp. nov. (Odonata: Zygoptera: Platystictidae) from the Western Ghats of India",2023,"","europepmc.org","https://europepmc.org/article/ppr/ppr596912","",600,"2026-04-12 18:56:36","","","",,,,,,0,0.00,0,4,3,"A new species of Protosticta Selys, 1885 (Odonata: Zygoptera: Platystictidae) is described based on two male specimens collected from Kerala, at the southern end of the Western …","","https://scholar.google.com/scholar?q=related:zpcIpiKqHvkJ:scholar.google.com/&scioq=odonata%7Cdragonfly%7Cdragonflies%7Cdamselfly%7Cdamselflies&hl=en&as_sdt=0,5&as_ylo=2023&as_yhi=2023"
27,"AM Abdel-hamed, AY Abdelaziz, A El-Shahat","Design of a 2DOF-PID control scheme for frequency/power regulation in a two-area power system using dragonfly algorithm with integral-based weighted …",2023,"Energies","mdpi.com","https://www.mdpi.com/1996-1073/16/1/486","https://scholar.google.com/scholar?cites=5581614902240617476&as_sdt=2005&sciodt=0,5&hl=en",75,"2026-04-12 18:56:36","HTML","","",,,,,,27,9.00,9,3,3,"The increase in power demand, nonlinearity, complexity, varying structure, and other important causes has necessitated the implementation of artificial intelligent control methodologies …","https://www.mdpi.com/1996-1073/16/1/486","https://scholar.google.com/scholar?q=related:BCQUUS7hdU0J:scholar.google.com/&scioq=odonata%7Cdragonfly%7Cdragonflies%7Cdamselfly%7Cdamselflies&hl=en&as_sdt=0,5&as_ylo=2023&as_yhi=2023"
0,"E Xhina, O Lici, I Bilo, A Ktona…","Designing a software that will facilitate access to biodiversity data and its implementation for ODONATA species and their habitats in Albania",2023,"2023 IEEE 27th …","ieeexplore.ieee.org","https://ieeexplore.ieee.org/abstract/document/10297644/","",398,"2026-04-12 18:56:36","","","",,,,,,0,0.00,0,5,3,"… , order ODONATA is one of the best studied orders in Europe. More than 30 countries have complete data on the distribution of ODONATA in their countries. This makes dragonflies a …","","https://scholar.google.com/scholar?q=related:50ljbLd1bLQJ:scholar.google.com/&scioq=odonata%7Cdragonfly%7Cdragonflies%7Cdamselfly%7Cdamselflies&hl=en&as_sdt=0,5&as_ylo=2023&as_yhi=2023"
1,"B Dvorak","Designing green roofs for dragonflies",2023,"Living Architecture Monitor","livingarchitecturemonitor.com","https://livingarchitecturemonitor.com/articles/designing-green-roofs-for-dragonflies-su23","https://scholar.google.com/scholar?cites=17831230090131671236&as_sdt=2005&sciodt=0,5&hl=en",315,"2026-04-12 18:56:36","HTML","","",,,,,,1,0.33,1,1,3,"One of the surest signs that summer has arrived is the emergence of dragonflies. Although one may not typically think of dragonflies and green roofs, the presence of dragonflies on …","https://livingarchitecturemonitor.com/articles/designing-green-roofs-for-dragonflies-su23","https://scholar.google.com/scholar?q=related:xAiOBktBdfcJ:scholar.google.com/&scioq=odonata%7Cdragonfly%7Cdragonflies%7Cdamselfly%7Cdamselflies&hl=en&as_sdt=0,5&as_ylo=2023&as_yhi=2023"
4,"A Chatain, A Le Gall, JJ Berthelier, RD Lorenz…","Detection and characterization of wind-blown charged sand grains on Titan with the DraGMet/EFIELD experiment on Dragonfly",2023,"Icarus","Elsevier","https://www.sciencedirect.com/science/article/pii/S0019103522004377","https://scholar.google.com/scholar?cites=7046283518689859408&as_sdt=2005&sciodt=0,5&hl=en",248,"2026-04-12 18:56:36","","","",,,,,,4,1.33,1,5,3,"… on the Dragonfly mission, which … Dragonfly landing site. The probes will be mounted at two different locations on the body of the rotorcraft lander. The exploration zone of the Dragonfly …","https://www.sciencedirect.com/science/article/am/pii/S0019103522004377","https://scholar.google.com/scholar?q=related:UNcyBodtyWEJ:scholar.google.com/&scioq=odonata%7Cdragonfly%7Cdragonflies%7Cdamselfly%7Cdamselflies&hl=en&as_sdt=0,5&as_ylo=2023&as_yhi=2023"
0,"C Graf, AE Finneran, KM Coates, GF Grether…","Determination of the total energy budget of Hetaerina titia: Method development and application to the study of seasonal and regional polyphenism",2023,"","digitalcommons.pepperdine.edu","https://digitalcommons.pepperdine.edu/scursas/2023/posters/10/","",973,"2026-04-12 18:56:36","","","",,,,,,0,0.00,0,5,3,"The Smoky Rubyspot damselfly, Hetaerina titia, displays seasonal and regional variations in pigmentation. These variations are linked to behavior and reproductive success. This has …","","https://scholar.google.com/scholar?q=related:jT4ZiWjNwwMJ:scholar.google.com/&scioq=odonata%7Cdragonfly%7Cdragonflies%7Cdamselfly%7Cdamselflies&hl=en&as_sdt=0,5&as_ylo=2023&as_yhi=2023"
0,"B Nagarajan","Development and Performance Evaluation of the Flapping Wing with In-situ Piezoceramic Actuator",2023,"","etd.iisc.ac.in","https://etd.iisc.ac.in/handle/2005/6156","",802,"2026-04-12 18:56:36","","","",,,,,,0,0.00,0,1,3,"… Dragonfly wing was found to give maximum tip velocity ( ). The maximum value for υ of 114.7 mm/s was obtained for a dragonfly … clamped condition for the dragonfly wing. Insects use …","","https://scholar.google.com/scholar?q=related:I-qZEDIEyIEJ:scholar.google.com/&scioq=odonata%7Cdragonfly%7Cdragonflies%7Cdamselfly%7Cdamselflies&hl=en&as_sdt=0,5&as_ylo=2023&as_yhi=2023"
2,"P Sullivan, S Violette","Development and qualification of PICA-D materials to support Mars sample return and dragonfly missions",2023,"2023 IEEE Aerospace Conference","ieeexplore.ieee.org","https://ieeexplore.ieee.org/abstract/document/10115974/","https://scholar.google.com/scholar?cites=11408476276270329722&as_sdt=2005&sciodt=0,5&hl=en",284,"2026-04-12 18:56:36","","","",,,,,,2,0.67,1,2,3,"… in the upcoming NF4 Dragonfly Titan Exploration and Mars … PICA-D for use on Dragonfly and Mars Sample Return. This … Since then, Spirit has been fabricating materials for Dragonfly…","","https://scholar.google.com/scholar?q=related:em-Qg7oMU54J:scholar.google.com/&scioq=odonata%7Cdragonfly%7Cdragonflies%7Cdamselfly%7Cdamselflies&hl=en&as_sdt=0,5&as_ylo=2023&as_yhi=2023"
1,"J Hogreve, F Suhling","Development of Sympetrum striolatum and S. vulgatum (Odonata: Libellulidae) in brackish water",2023,"International Journal of Odonatology","researchgate.net","https://www.researchgate.net/profile/Frank-Suhling/publication/375661965_Development_of_Sympetrum_striolatum_and_S_vulgatum_Odonata_Libellulidae_in_brackish_water/links/6554dd05b86a1d521be6d016/Development-of-Sympetrum-striolatum-and-S-vulgatum-Odonata-Libellulidae-in-brackish-water.pdf","https://scholar.google.com/scholar?cites=13830955752743544861&as_sdt=2005&sciodt=0,5&hl=en",269,"2026-04-12 18:56:36","PDF","","",,,,,,1,0.33,1,2,3,"… be a wider range of salinity concentrations Odonata larvae may adapt to, … Odonata becomes an interesting research topic because increased salinity may have an impact on dragonfly …","https://www.researchgate.net/profile/Frank-Suhling/publication/375661965_Development_of_Sympetrum_striolatum_and_S_vulgatum_Odonata_Libellulidae_in_brackish_water/links/6554dd05b86a1d521be6d016/Development-of-Sympetrum-striolatum-and-S-vulgatum-Odonata-Libellulidae-in-brackish-water.pdf","https://scholar.google.com/scholar?q=related:HahsQvps8b8J:scholar.google.com/&scioq=odonata%7Cdragonfly%7Cdragonflies%7Cdamselfly%7Cdamselflies&hl=en&as_sdt=0,5&as_ylo=2023&as_yhi=2023"
3,"JC Stern, MG Trainer, WB Brinckerhoff…","Development of the Dragonfly Mass Spectrometer (DraMS) for Titan",2023,"54th LPSC Lunar and …","insu.hal.science","https://insu.hal.science/insu-04485408/","https://scholar.google.com/scholar?cites=13117381773842248026&as_sdt=2005&sciodt=0,5&hl=en",223,"2026-04-12 18:56:36","","","",,,,,,3,1.00,1,4,3,"… NASA's Dragonfly New Frontiers mission is a rotorcraft … Two primary science goals of the Dragonfly mission are to … These objectives are addressed by the Dragonfly Mass Spectrometer (…","https://insu.hal.science/insu-04485408/document","https://scholar.google.com/scholar?q=related:WvEMdTlNCrYJ:scholar.google.com/&scioq=odonata%7Cdragonfly%7Cdragonflies%7Cdamselfly%7Cdamselflies&hl=en&as_sdt=0,5&as_ylo=2023&as_yhi=2023"
11,"E Laudato, V Salzano","DHOST gravity in ultra-diffuse galaxies—Part II: NGC 1052-DF4 and Dragonfly 44",2023,"The European Physical Journal C","Springer","https://link.springer.com/article/10.1140/epjc/s10052-023-11564-1","https://scholar.google.com/scholar?cites=16206486816636382492&as_sdt=2005&sciodt=0,5&hl=en",250,"2026-04-12 18:56:36","HTML","10.1140/epjc/s10052-023-11564-1","",,,,,,11,3.67,6,2,3,"… Here we consider two systems, NGC1052-DF4 and Dragonfly 44, which are respectively dark … On the contrary, Dragonfly 44 requires dark matter both in General Relativity and in our …","https://link.springer.com/article/10.1140/epjc/s10052-023-11564-1","https://scholar.google.com/scholar?q=related:HK2p4uQB6eAJ:scholar.google.com/&scioq=odonata%7Cdragonfly%7Cdragonflies%7Cdamselfly%7Cdamselflies&hl=en&as_sdt=0,5&as_ylo=2023&as_yhi=2023"
1,"CA Bota-Sierra, KJ Tennessenb","Diaphlebia richteri Bota-Sierra, 2015 is a junior synonym of Zonophora nobilis Belle, 1983 (Gomphidae: Odonata)",2023,"International Journal of …","pdfs.semanticscholar.org","https://pdfs.semanticscholar.org/17de/b2e6435763569579c6b04358a2526c80464f.pdf","https://scholar.google.com/scholar?cites=17980135077215414874&as_sdt=2005&sciodt=0,5&hl=en",494,"2026-04-12 18:56:36","PDF","","",,,,,,1,0.33,1,2,3,"Diaphlebia richteri is shown to be a junior synonym of Zonophora nobilis. The confusion started by a generic misplacement due to the failure to observe the subalar carina spine which …","https://pdfs.semanticscholar.org/17de/b2e6435763569579c6b04358a2526c80464f.pdf","https://scholar.google.com/scholar?q=related:Wir3ApdFhvkJ:scholar.google.com/&scioq=odonata%7Cdragonfly%7Cdragonflies%7Cdamselfly%7Cdamselflies&hl=en&as_sdt=0,5&as_ylo=2023&as_yhi=2023"
0,"A Landmann","Die Libellenfauna (Odonata) eines Wildflusstales in den Alpen (Tiroler Lechtal)–mit Bemerkungen zum Erstnachweis von Gomphus pulchellus in Tirol",2023,"Entomologica Austriaca","entomologie.org","https://www.entomologie.org/rails/active_storage/disk/eyJfcmFpbHMiOnsibWVzc2FnZSI6IkJBaDdDVG9JYTJWNVNTSWhhRzAzTVdVMmNtaHdNbkl4YjNONWVtRmxkMnBvY1Roc2RHdGpiUVk2QmtWVU9oQmthWE53YjNOcGRHbHZia2tpWDJsdWJHbHVaVHNnWm1sc1pXNWhiV1U5SWpBNFgwVkJNekJmVEdGdVpHMWhibTVmTmpjdE9EUXVjR1JtSWpzZ1ptbHNaVzVoYldVcVBWVlVSaTA0Snljd09GOUZRVE13WDB4aGJtUnRZVzV1WHpZM0xUZzBMbkJrWmdZN0JsUTZFV052Ym5SbGJuUmZkSGx3WlVraUZHRndjR3hwWTJGMGFXOXVMM0JrWmdZN0JsUTZFWE5sY25acFkyVmZibUZ0WlRvS2JHOWpZV3c9IiwiZXhwIjpudWxsLCJwdXIiOiJibG9iX2tleSJ9fQ==--f3534890d24c88580c800c9c362380fea28ebdee/08_EA30_Landmann_67-84.pdf","",489,"2026-04-12 18:56:36","PDF","","",,,,,,0,0.00,0,1,3,"… for dragonflies and damselflies. This paper illustrates the regional diversity and distribution patterns of Odonata … reported as new for the Tyrolean Odonata fauna based on a record from …","https://www.entomologie.org/rails/active_storage/disk/eyJfcmFpbHMiOnsibWVzc2FnZSI6IkJBaDdDVG9JYTJWNVNTSWhhRzAzTVdVMmNtaHdNbkl4YjNONWVtRmxkMnBvY1Roc2RHdGpiUVk2QmtWVU9oQmthWE53YjNOcGRHbHZia2tpWDJsdWJHbHVaVHNnWm1sc1pXNWhiV1U5SWpBNFgwVkJNekJmVEdGdVpHMWhibTVmTmpjdE9EUXVjR1JtSWpzZ1ptbHNaVzVoYldVcVBWVlVSaTA0Snljd09GOUZRVE13WDB4aGJtUnRZVzV1WHpZM0xUZzBMbkJrWmdZN0JsUTZFV052Ym5SbGJuUmZkSGx3WlVraUZHRndjR3hwWTJGMGFXOXVMM0JrWmdZN0JsUTZFWE5sY25acFkyVmZibUZ0WlRvS2JHOWpZV3c9IiwiZXhwIjpudWxsLCJwdXIiOiJibG9iX2tleSJ9fQ==--f3534890d24c88580c800c9c362380fea28ebdee/08_EA30_Landmann_67-84.pdf","https://scholar.google.com/scholar?q=related:gjcjwwOQ19UJ:scholar.google.com/&scioq=odonata%7Cdragonfly%7Cdragonflies%7Cdamselfly%7Cdamselflies&hl=en&as_sdt=0,5&as_ylo=2023&as_yhi=2023"
4,"A CHOVANEC","Die Libellenfauna von Leitenbach, Sandbach und Aschach (Oberösterreich) im Jahr 2022: aktueller Status und Vergleich mit 2015 (Insecta: Odonata)",2023,"Beiträge zur Entomofaunistik","oegef.at","https://www.oegef.at/rails/active_storage/disk/eyJfcmFpbHMiOnsiZGF0YSI6eyJrZXkiOiJybWFyMG12MDh1MDRwMW1ybGE3azRxMHBpdm5vIiwiZGlzcG9zaXRpb24iOiJpbmxpbmU7IGZpbGVuYW1lPVwiYnplMjRfY2hvdmFuZWMucGRmXCI7IGZpbGVuYW1lKj1VVEYtOCcnYnplMjRfY2hvdmFuZWMucGRmIiwiY29udGVudF90eXBlIjoiYXBwbGljYXRpb24vcGRmIiwic2VydmljZV9uYW1lIjoibG9jYWwifSwicHVyIjoiYmxvYl9rZXkifX0=--a4e8c48f866c8eff6bcd08b5067551aec0fccc18/bze24_chovanec.pdf","https://scholar.google.com/scholar?cites=2790824205502903179&as_sdt=2005&sciodt=0,5&hl=en",528,"2026-04-12 18:56:36","PDF","","",,,,,,4,1.33,4,1,3,"… reflected in the dragonfly fauna since 2015. In … dragonfly-based ecological status of the sections subjected to rehabilitation measures was based on comparing the current dragonfly …","https://www.oegef.at/rails/active_storage/disk/eyJfcmFpbHMiOnsiZGF0YSI6eyJrZXkiOiJybWFyMG12MDh1MDRwMW1ybGE3azRxMHBpdm5vIiwiZGlzcG9zaXRpb24iOiJpbmxpbmU7IGZpbGVuYW1lPVwiYnplMjRfY2hvdmFuZWMucGRmXCI7IGZpbGVuYW1lKj1VVEYtOCcnYnplMjRfY2hvdmFuZWMucGRmIiwiY29udGVudF90eXBlIjoiYXBwbGljYXRpb24vcGRmIiwic2VydmljZV9uYW1lIjoibG9jYWwifSwicHVyIjoiYmxvYl9rZXkifX0=--a4e8c48f866c8eff6bcd08b5067551aec0fccc18/bze24_chovanec.pdf","https://scholar.google.com/scholar?q=related:i_OPF9T_uiYJ:scholar.google.com/&scioq=odonata%7Cdragonfly%7Cdragonflies%7Cdamselfly%7Cdamselflies&hl=en&as_sdt=0,5&as_ylo=2023&as_yhi=2023"
0,"J Dreger, F Kampmeier, K Grabow, A Martens","Die Zebra-Muschel Dreissena polymorpha als Aufsitzer der Larve von Anax imperator (Bivalvia: Dreissenidae; Odonata: Aeshnidae)",2023,"Libellula","libellula.org","https://www.libellula.org/wp-content/uploads/2024/12/Libellula-42-2023-1_2-79-83-Die-Zebra-Muschel-Dreissena-polymorpha-als-Aufsitzer-der-Larve-von-Anax-imperator-Bivalvia-Dreissenidae-Odonata-Aeshnidae-Dreger-et-al.pdf","",548,"2026-04-12 18:56:36","PDF","","",,,,,,0,0.00,0,4,3,"… Dreissenidae; Odonata: Aeshnidae) – One Dreissena polymorpha was reported from an exuviae of a male A. imperator collected from a stake at the northern shore of Lake Starnberg …","https://www.libellula.org/wp-content/uploads/2024/12/Libellula-42-2023-1_2-79-83-Die-Zebra-Muschel-Dreissena-polymorpha-als-Aufsitzer-der-Larve-von-Anax-imperator-Bivalvia-Dreissenidae-Odonata-Aeshnidae-Dreger-et-al.pdf","https://scholar.google.com/scholar?q=related:DpPbwHMLVdkJ:scholar.google.com/&scioq=odonata%7Cdragonfly%7Cdragonflies%7Cdamselfly%7Cdamselflies&hl=en&as_sdt=0,5&as_ylo=2023&as_yhi=2023"
1,"WB Worthen, MD Harrell","Differences in perch height and response to intruders for territorial and non-territorial Calopteryx maculata (Odonata: Calopterygidae)",2023,"Int J Odonatol","worlddragonfly.org","https://www.worlddragonfly.org/s/tijo20v026a17_Worthen_Harrell.pdf","https://scholar.google.com/scholar?cites=11984390927926875965&as_sdt=2005&sciodt=0,5&hl=en",313,"2026-04-12 18:56:36","PDF","","",,,,,,1,0.33,1,2,3,"In the damselfly Calopteryx maculata, territorial males court potential mates and guard ovipositing females near the surface of the water. We conducted a survey and an experiment to …","https://www.worlddragonfly.org/s/tijo20v026a17_Worthen_Harrell.pdf","https://scholar.google.com/scholar?q=related:Pdd-jA0cUaYJ:scholar.google.com/&scioq=odonata%7Cdragonfly%7Cdragonflies%7Cdamselfly%7Cdamselflies&hl=en&as_sdt=0,5&as_ylo=2023&as_yhi=2023"
2,"A Riquet, F Quesque, ML Charkaluk…","Differentiating genetic forms of pontocerebellar hypoplasia from acquired lesions resembling pontocerebellar hypoplasia: clinical, neurodevelopmental, and imaging …",2023,"Journal of Child …","journals.sagepub.com","https://journals.sagepub.com/doi/abs/10.1177/08830738231201926","https://scholar.google.com/scholar?cites=17992738724264789181&as_sdt=2005&sciodt=0,5&hl=en",866,"2026-04-12 18:56:36","","10.1177/08830738231201926","",,,,,,2,0.67,1,4,3,"… a dragonfly (see Figure 1), whereas the vermis remains relatively preserved, resembling the head of a dragonfly… Among the patients in our study, 13 of 19 exhibited this dragonfly pattern …","","https://scholar.google.com/scholar?q=related:vcQ3RIoMs_kJ:scholar.google.com/&scioq=odonata%7Cdragonfly%7Cdragonflies%7Cdamselfly%7Cdamselflies&hl=en&as_sdt=0,5&as_ylo=2023&as_yhi=2023"
2,"Y Wang, Y Li","Dimension-extended dragonfly: A more flexible interconnection network aimed at reducing hardware cost",2023,"2023 Eleventh International Symposium on …","ieeexplore.ieee.org","https://ieeexplore.ieee.org/abstract/document/10406181/","https://scholar.google.com/scholar?cites=1517839517932050624&as_sdt=2005&sciodt=0,5&hl=en",240,"2026-04-12 18:56:36","","","",,,,,,2,0.67,1,2,3,"… flexible topology called Dimension-Extended Dragonfly (DED). Instead of … dragonfly and cascade (an alternative to dragonfly). Additionally, DED is more flexible than classical dragonfly …","https://www.researchgate.net/profile/Wang-Yaodong/publication/377715262_Dimension-Extended_Dragonfly_A_More_Flexible_Interconnection_Network_Aimed_at_Reducing_Hardware_Cost/links/6933ac81a1fd0179890587e3/Dimension-Extended-Dragonfly-A-More-Flexible-Interconnection-Network-Aimed-at-Reducing-Hardware-Cost.pdf","https://scholar.google.com/scholar?q=related:wNhj7P9yEBUJ:scholar.google.com/&scioq=odonata%7Cdragonfly%7Cdragonflies%7Cdamselfly%7Cdamselflies&hl=en&as_sdt=0,5&as_ylo=2023&as_yhi=2023"
2,"X Zhang, D Zheng, Y Li, S Song, H Zhang","Discovery of Sinaeschnidia heishankowense (Odonata: Aeschnidiidae) from the Lower Cretaceous of Baiwan Basin, southwestern Henan, China: Biogeographic …",2023,"Cretaceous Research","Elsevier","https://www.sciencedirect.com/science/article/pii/S0195667123000411","https://scholar.google.com/scholar?cites=4948626872729810805&as_sdt=2005&sciodt=0,5&hl=en",260,"2026-04-12 18:56:36","","","",,,,,,2,0.67,0,5,3,"The Jehol Biota is the best-preserved Cretaceous terrestrial biota and one of the most important treasures housing exceptionally-preserved fossils in the world. The Jehol Biota sensus …","","https://scholar.google.com/scholar?q=related:dTcD--sNrUQJ:scholar.google.com/&scioq=odonata%7Cdragonfly%7Cdragonflies%7Cdamselfly%7Cdamselflies&hl=en&as_sdt=0,5&as_ylo=2023&as_yhi=2023"
7,"T Sato, K Yamamoto, M Matsumura, E Shlofmitz…","Discrimination of calcified nodule as a cause of coronary angiographic radiolucent mass",2023,"Cardiovascular …","jacc.org","https://www.jacc.org/doi/full/10.1016/j.jcin.2023.04.013","https://scholar.google.com/scholar?cites=18004845224321424106&as_sdt=2005&sciodt=0,5&hl=en",819,"2026-04-12 18:56:36","HTML","10.1016/j.jcin.2023.04.013","",,,,,,7,2.33,1,5,3,"… OCT images were acquired with the ILUMIEN OPTIS system with the Dragonfly Duo or Dragonfly OPTIS imaging catheter (Abbott Vascular). On OCT, CNs were defined as the …","https://www.jacc.org/doi/full/10.1016/j.jcin.2023.04.013","https://scholar.google.com/scholar?q=related:6hqRd1YP3vkJ:scholar.google.com/&scioq=odonata%7Cdragonfly%7Cdragonflies%7Cdamselfly%7Cdamselflies&hl=en&as_sdt=0,5&as_ylo=2023&as_yhi=2023"
5,"I Deregnaucourt, J Bardin, L Villier, R Julliard…","Disparification and extinction trade-offs shaped the evolution of Permian to Jurassic Odonata",2023,"Iscience","cell.com","https://www.cell.com/iscience/fulltext/S2589-0042(23)01497-9","https://scholar.google.com/scholar?cites=3006620759409475517&as_sdt=2005&sciodt=0,5&hl=en",168,"2026-04-12 18:56:36","HTML","","",,,,,,5,1.67,1,5,3,"… Odonata (dragon- and damselflies and stem-relatives) appear ideally suited. Wing venation homologies of Odonata … the end-Triassic events, on Odonata evolution, we collected data on …","https://www.cell.com/iscience/fulltext/S2589-0042(23)01497-9","https://scholar.google.com/scholar?q=related:vb_qoqapuSkJ:scholar.google.com/&scioq=odonata%7Cdragonfly%7Cdragonflies%7Cdamselfly%7Cdamselflies&hl=en&as_sdt=0,5&as_ylo=2023&as_yhi=2023"
0,"J Bardin, L Villier, R Julliard, O Bethoux","Disparification and extinction trade-offs shaped the evolution of Permian to Jurassic Odonata",,"scienceopen.com","","https://www.scienceopen.com/document_file/c8b67658-9adc-4a36-9312-a74a0f66cf85/PubMedCentral/c8b67658-9adc-4a36-9312-a74a0f66cf85.pdf","",525,"2026-04-12 18:56:36","PDF","","",,,,,,0,0.00,0,4,,"… , ie, disparity, using wings of Permian to Jurassic Odonata as model. Our results show a … Early representatives of Odonata continuously evolved new shapes, a pattern contrasting …","https://www.scienceopen.com/document_file/c8b67658-9adc-4a36-9312-a74a0f66cf85/PubMedCentral/c8b67658-9adc-4a36-9312-a74a0f66cf85.pdf","https://scholar.google.com/scholar?q=related:PlKtmVWSq7sJ:scholar.google.com/&scioq=odonata%7Cdragonfly%7Cdragonflies%7Cdamselfly%7Cdamselflies&hl=en&as_sdt=0,5&as_ylo=2023&as_yhi=2023"
1,"AP Sumanapala, DR Sumanapala, DK Weerakoon","Distribution and biogeography of Sri Lankan Odonata: a preliminary review",2023,"","researchgate.net","https://www.researchgate.net/profile/Amila-Sumanapala/publication/379053162_DISTRIBUTION_AND_BIOGEOGRAPHY_OF_SRI_LANKAN_ODONATA_A_PRELIMINARY_REVIEW/links/65f933ea1f0aec67e2a68293/DISTRIBUTION-AND-BIOGEOGRAPHY-OF-SRI-LANKAN-ODONATA-A-PRELIMINARY-REVIEW.pdf","https://scholar.google.com/scholar?cites=13950810526020480724&as_sdt=2005&sciodt=0,5&hl=en",309,"2026-04-12 18:56:36","PDF","","",,,,,,1,0.33,0,3,3,"… of Odonata is reported from the mid-country wet Odonata zone and Northern mid-country wet Odonata … The four montane Odonata zones have relatively less species richness but high …","https://www.researchgate.net/profile/Amila-Sumanapala/publication/379053162_DISTRIBUTION_AND_BIOGEOGRAPHY_OF_SRI_LANKAN_ODONATA_A_PRELIMINARY_REVIEW/links/65f933ea1f0aec67e2a68293/DISTRIBUTION-AND-BIOGEOGRAPHY-OF-SRI-LANKAN-ODONATA-A-PRELIMINARY-REVIEW.pdf","https://scholar.google.com/scholar?q=related:1C47REI8m8EJ:scholar.google.com/&scioq=odonata%7Cdragonfly%7Cdragonflies%7Cdamselfly%7Cdamselflies&hl=en&as_sdt=0,5&as_ylo=2023&as_yhi=2023"
1,"P Chalmers, G Melchers, K Tikka…","Distribution of the grappletail dragonfly (Octogomphus specularis), a lake outlet stream specialist at its northern range limit",2023,"… and Applied Limnology","schweizerbart.de","https://www.schweizerbart.de/papers/fal/detail/197/102735/Distribution_of_the_grappletail_dragonfly_Octogomp","https://scholar.google.com/scholar?cites=16158411036796564308&as_sdt=2005&sciodt=0,5&hl=en",388,"2026-04-12 18:56:36","","","",,,,,,1,0.33,0,4,3,"Distribution of the grappletail dragonfly (Octogomphus specularis), a lake outlet stream specialist at its northern range limit - Fundamental and Applied Limnology Volume 197 Nr. 1 …","","https://scholar.google.com/scholar?q=related:VLMCHzo1PuAJ:scholar.google.com/&scioq=odonata%7Cdragonfly%7Cdragonflies%7Cdamselfly%7Cdamselflies&hl=en&as_sdt=0,5&as_ylo=2023&as_yhi=2023"
6,"G Assandri, G Bazzi, A Festi, F Leandri","Distribution, ecology and conservation of Aeshna caerulea (Ström, 1793) and Aeshna subarctica elisabethae Djakonov, 1922 (Insecta: Odonata) at the southernmost …",2023,"Aquatic Insects","Taylor &Francis","https://www.tandfonline.com/doi/abs/10.1080/01650424.2022.2098341","https://scholar.google.com/scholar?cites=10526237077842673520&as_sdt=2005&sciodt=0,5&hl=en",306,"2026-04-12 18:56:36","","10.1080/01650424.2022.2098341","",,,,,,6,2.00,2,4,3,"We provide an overview of the distribution, habitat preference, phenology, and conservation of Aeshna caerulea (Ström, 1793) and Aeshna subarctica elisabethae Djakonov, 1922 in …","","https://scholar.google.com/scholar?q=related:cL9bFtq0FJIJ:scholar.google.com/&scioq=odonata%7Cdragonfly%7Cdragonflies%7Cdamselfly%7Cdamselflies&hl=en&as_sdt=0,5&as_ylo=2023&as_yhi=2023"
0,"JAG Anaya, BB Aguilar, GV Hurtado…","Diversidad y distribución de larvas de Odonata (Insecta) en una laguna subtropical con diferentes usos de suelo en Veracruz, México",2023,"Revista Mexicana de …","dialnet.unirioja.es","https://dialnet.unirioja.es/servlet/articulo?codigo=9254269","",681,"2026-04-12 18:56:36","","","",,,,,,0,0.00,0,4,3,"… Odonata diversity in a subtropical lagoon. During 1 year, physicochemical variables were measured, and Odonata … in this lagoon is still incipient on Odonata diversity. The diversion and …","","https://scholar.google.com/scholar?q=related:hR2W1amhqMoJ:scholar.google.com/&scioq=odonata%7Cdragonfly%7Cdragonflies%7Cdamselfly%7Cdamselflies&hl=en&as_sdt=0,5&as_ylo=2023&as_yhi=2023"
0,"JA Gómez-Anaya, B Brug-Aguilar, G Vázquez-Hurtado…","Diversidad y distribución de larvas de Odonata (Insecta) en una laguna subtropical con diferentes usos de suelo en Veracruz, México",2023,"","agris.fao.org","https://agris.fao.org/search/en/providers/124974/records/691dd6ec49e41686f7931d8a","",682,"2026-04-12 18:56:36","","","",,,,,,0,0.00,0,4,3,"… Odonata diversity in a subtropical lagoon. During 1 year, physicochemical variables were measured, and Odonata … in this lagoon is still incipient on Odonata diversity. The diversion and …","","https://scholar.google.com/scholar?q=related:zFztQUJYpiMJ:scholar.google.com/&scioq=odonata%7Cdragonfly%7Cdragonflies%7Cdamselfly%7Cdamselflies&hl=en&as_sdt=0,5&as_ylo=2023&as_yhi=2023"
0,"JS LÓ","Diversidade de Odonata (insecta) do parque Nacional da Amazônia, Pará, Brasil",2023,"","Universidade Federal do Oeste do …","","",915,"2026-04-12 18:56:36","CITATION","","",,,,,,0,0.00,0,1,3,"","","https://scholar.google.com/scholar?q=related:kASZLQwiK2gJ:scholar.google.com/&scioq=odonata%7Cdragonfly%7Cdragonflies%7Cdamselfly%7Cdamselflies&hl=en&as_sdt=0,5&as_ylo=2023&as_yhi=2023"
1,"EM Silaturahim","Diversitas capung (odonata) pada perairan beberapa situ di Tangerang Selatan",2023,"","Fakultas Sains dan Teknologi UIN …","","https://scholar.google.com/scholar?cites=12447546342937195276&as_sdt=2005&sciodt=0,5&hl=en",635,"2026-04-12 18:56:36","CITATION","","",,,,,,1,0.33,1,1,3,"","","https://scholar.google.com/scholar?q=related:DPP773KRvqwJ:scholar.google.com/&scioq=odonata%7Cdragonfly%7Cdragonflies%7Cdamselfly%7Cdamselflies&hl=en&as_sdt=0,5&as_ylo=2023&as_yhi=2023"
5,"S Dolai, MAI Mallick, N Ghorai","Diversity and abundance of odonates (dragonflies and damselflies) and lepidopteran (butterflies) fauna of Kalyani Lake Park",2023,"Nadia district, West Bengal, India","","","https://scholar.google.com/scholar?cites=18000308730562083294&as_sdt=2005&sciodt=0,5&hl=en",704,"2026-04-12 18:56:36","CITATION","","",,,,,,5,1.67,2,3,3,"","","https://scholar.google.com/scholar?q=related:3vmDtGvxzfkJ:scholar.google.com/&scioq=odonata%7Cdragonfly%7Cdragonflies%7Cdamselfly%7Cdamselflies&hl=en&as_sdt=0,5&as_ylo=2023&as_yhi=2023"
5,"S Dolai, MAI Mallick, N Ghorai","Diversity and abundance of odonates (dragonflies and damselflies) and lepidopteran (butterflies) fauna of Kalyani Lake Park, Nadia district, West Bengal, India",2023,"","researchsquare.com","https://www.researchsquare.com/article/rs-3808915/latest","https://scholar.google.com/scholar?cites=6080298888520832191&as_sdt=2005&sciodt=0,5&hl=en",28,"2026-04-12 18:56:36","","","",,,,,,5,1.67,2,3,3,"… The dragonflies, damselflies and butterflies species were … In this survey 25 species of dragonflies, 10 species of damselflies … , 25 species of dragonflies, 10 species of damselflies and …","https://www.researchsquare.com/article/rs-3808915/latest.pdf","https://scholar.google.com/scholar?q=related:v5R80p-PYVQJ:scholar.google.com/&scioq=odonata%7Cdragonfly%7Cdragonflies%7Cdamselfly%7Cdamselflies&hl=en&as_sdt=0,5&as_ylo=2023&as_yhi=2023"
12,"MAD Susanto, NF Firdhausi…","Diversity and Community Structure of Dragonflies (Odonata) in Various Types of Habitat at Lakarsantri District, Surabaya, Indonesia.",2023,"Journal of Tropical …","search.ebscohost.com","https://search.ebscohost.com/login.aspx?direct=true&profile=ehost&scope=site&authtype=crawler&jrnl=25409573&AN=171800248&h=gwq0I%2Fj1mOB98Y4nLSsH4yclT0cfs2MaBPrG1u7QmHl6IUurJq16BgEzMN9E0bHlVlsgcxLFTgOsgaWfRJsThQ%3D%3D&crl=c","https://scholar.google.com/scholar?cites=11712156998772565349&as_sdt=2005&sciodt=0,5&hl=en",8,"2026-04-12 18:56:36","","","",,,,,,12,4.00,4,3,3,"… Dragonflies are insects that are very dependent on the existence of freshwater ecosystems, However, the population of dragonflies in … and efforts to preserve dragonflies in urban areas. …","","https://scholar.google.com/scholar?q=related:ZaVxmbzwiaIJ:scholar.google.com/&scioq=odonata%7Cdragonfly%7Cdragonflies%7Cdamselfly%7Cdamselflies&hl=en&as_sdt=0,5&as_ylo=2023&as_yhi=2023"
0,"A Kumar, MK Mishra, R Pandey, S Jaiswal","Diversity and Conservation of Natural Enemies to Boost the Agro-ecosystem",,"researchgate.net","","https://www.researchgate.net/profile/Arun-Kumar-763/publication/372751964_Diversity_and_Conservation_of_Natural_Enemies_to_Boost_the_Agro-ecosystem/links/64c630c99142d464b21520cc/Diversity-and-Conservation-of-Natural-Enemies-to-Boost-the-Agro-ecosystem.pdf","",722,"2026-04-12 18:56:36","PDF","","",,,,,,0,0.00,0,4,,"… When at rest, damselflies fold their wings alongside their body. Similar to dragonflies, damselfly … They possess a similar hunting mechanism as dragonfly nymphs, using their extendable …","https://www.researchgate.net/profile/Arun-Kumar-763/publication/372751964_Diversity_and_Conservation_of_Natural_Enemies_to_Boost_the_Agro-ecosystem/links/64c630c99142d464b21520cc/Diversity-and-Conservation-of-Natural-Enemies-to-Boost-the-Agro-ecosystem.pdf","https://scholar.google.com/scholar?q=related:YJJi2UzxojAJ:scholar.google.com/&scioq=odonata%7Cdragonfly%7Cdragonflies%7Cdamselfly%7Cdamselflies&hl=en&as_sdt=0,5&as_ylo=2023&as_yhi=2023"
0,"S Saha, S Chowdhury, D Raychaudhuri","Diversity and distribution of dragonflies and damselflies (Order: Odonata) in forested &urban areas of North and South 24 Parganas &Kolkata Districts of West …",,"Reading Time","worldscientificnews.com","https://worldscientificnews.com/wp-content/uploads/2024/01/WSN-184-2023-103-129.pdf","",437,"2026-04-12 18:56:36","PDF","","",,,,,,0,0.00,0,3,,"… two suborders Anisoptera (dragonflies) and Zygoptera (damselflies) were encountered. … Among dragonflies Brachythemis contaminata (Fabricius) was the most common, abundant …","https://worldscientificnews.com/wp-content/uploads/2024/01/WSN-184-2023-103-129.pdf","https://scholar.google.com/scholar?q=related:jwsIwh3sqXcJ:scholar.google.com/&scioq=odonata%7Cdragonfly%7Cdragonflies%7Cdamselfly%7Cdamselflies&hl=en&as_sdt=0,5&as_ylo=2023&as_yhi=2023"
1,"JA Gómez-Anaya, B Brug-Aguilar…","Diversity and distribution of Odonata (Insecta) larvae in a subtropical lagoon with different land uses in Veracruz, Mexico",2023,"Revista mexicana de …","scielo.org.mx","https://www.scielo.org.mx/scielo.php?pid=S1870-34532023000100316&script=sci_arttext&tlng=en","https://scholar.google.com/scholar?cites=3934397030353644495&as_sdt=2005&sciodt=0,5&hl=en",302,"2026-04-12 18:56:36","HTML","","",,,,,,1,0.33,0,3,3,"… Odonata diversity in a subtropical lagoon. During 1 year, physicochemical variables were measured, and Odonata … in this lagoon is still incipient on Odonata diversity. The diversion and …","https://www.scielo.org.mx/scielo.php?pid=S1870-34532023000100316&script=sci_arttext&tlng=en","https://scholar.google.com/scholar?q=related:z6uU90DJmTYJ:scholar.google.com/&scioq=odonata%7Cdragonfly%7Cdragonflies%7Cdamselfly%7Cdamselflies&hl=en&as_sdt=0,5&as_ylo=2023&as_yhi=2023"
0,"S Mahatoa, S Mandalb, D Dasc","DIVERSITY AND SEASONAL OCCURRENCE OF ODONATES IN THE DRY DECIDUOUS ECOREGION OF PURULIA, WEST BENGAL, INDIA",,"academia.edu","","https://www.academia.edu/download/112550617/02_mahato_z____e_2023_33_1_642b618270679.pdf","",663,"2026-04-12 18:56:36","PDF","","",,,,,,0,0.00,0,3,,"… as an inclusive form that refers to both dragonflies and damselflies. Odonates spend their … ; 86.36E), Purulia, West Bengal, India to document the dragonfly and damselfly diversity in this …","https://www.academia.edu/download/112550617/02_mahato_z____e_2023_33_1_642b618270679.pdf","https://scholar.google.com/scholar?q=related:j7D43liEzDwJ:scholar.google.com/&scioq=odonata%7Cdragonfly%7Cdragonflies%7Cdamselfly%7Cdamselflies&hl=en&as_sdt=0,5&as_ylo=2023&as_yhi=2023"
1,"N Salsabila, AP Kurniawan","Diversity of Anisoptera in Cisuru village, Cilacap Regency, Central Java",2023,"Jurnal Biologi Tropis","jurnalfkip.unram.ac.id","https://jurnalfkip.unram.ac.id/index.php/JBT/article/view/5912","https://scholar.google.com/scholar?cites=8541833045178303414&as_sdt=2005&sciodt=0,5&hl=en",933,"2026-04-12 18:56:36","","","",,,,,,1,0.33,1,2,3,"… Abstract: Anisoptera is a suborder of Odonata and is a biological wealth that has an … However, no research has ever been conducted on dragonflies, especially Anisoptera at the site. …","https://jurnalfkip.unram.ac.id/index.php/JBT/article/download/5912/3430","https://scholar.google.com/scholar?q=related:tsOL5OWvinYJ:scholar.google.com/&scioq=odonata%7Cdragonfly%7Cdragonflies%7Cdamselfly%7Cdamselflies&hl=en&as_sdt=0,5&as_ylo=2023&as_yhi=2023"
0,"VEKOS PRIHATIN, S ARIYUNITA","Diversity of Dragonflies (Odonata) at Pancur Resort Alas Purwo National Park, Indonesia",,"academia.edu","","https://www.academia.edu/download/97313127/1769.pdf","",403,"2026-04-12 18:56:36","PDF","","",,,,,,0,0.00,0,2,,"… Dragonflies are crucial to the ecosystem's equilibrium as … presence of dragonflies affect the diversity of dragonflies in a … type and diversity index of the dragonflies in this park. The sample …","https://www.academia.edu/download/97313127/1769.pdf","https://scholar.google.com/scholar?q=related:n6VLQz57PKcJ:scholar.google.com/&scioq=odonata%7Cdragonfly%7Cdragonflies%7Cdamselfly%7Cdamselflies&hl=en&as_sdt=0,5&as_ylo=2023&as_yhi=2023"
3,"EP Agustin, DM Zahro, TE Rani…","Diversity Of Dragonflies (Odonata) In Puthuk Panggang Welut Waterfall Area, Mojokerto District",2023,"Al-Hayat: Journal …","journal.walisongo.ac.id","https://journal.walisongo.ac.id/index.php/hayat/article/view/17295","https://scholar.google.com/scholar?cites=17390438534674112005&as_sdt=2005&sciodt=0,5&hl=en",201,"2026-04-12 18:56:36","","","",,,,,,3,1.00,1,4,3,"… This study aimed to determine the diversity of dragonflies (Odonata) in the Puthuk … The variation in dragonfly species and individual counts across the three research locations …","https://journal.walisongo.ac.id/index.php/hayat/article/download/17295/5273","https://scholar.google.com/scholar?q=related:Bd6Dc7U_V_EJ:scholar.google.com/&scioq=odonata%7Cdragonfly%7Cdragonflies%7Cdamselfly%7Cdamselflies&hl=en&as_sdt=0,5&as_ylo=2023&as_yhi=2023"
0,"D Burduja, G Buşmachiu, GS Grozdeva","Diversity of insects (odonata, hemiptera: auchenorrhyncha, coleoptera: coccinellidae) from the phacelia culture,"" Plaiul fagului"" Reserve, Republic of …",2023,"Biology and sustainable development","","","",979,"2026-04-12 18:56:36","CITATION","","",,,,,,0,0.00,0,3,3,"","","https://scholar.google.com/scholar?q=related:a3Nhnv7qV-UJ:scholar.google.com/&scioq=odonata%7Cdragonfly%7Cdragonflies%7Cdamselfly%7Cdamselflies&hl=en&as_sdt=0,5&as_ylo=2023&as_yhi=2023"
0,"DS Sy, A Ahamada, HM Diagne, M Diédhiou…","Diversity of insects associated to systemic integration of millet and shrubs (Faidherbia albida and Guiera senegalensis) in Niakhar area Sénégal",2023,"European Congress of …","hal.science","https://hal.science/hal-05181237/document","",850,"2026-04-12 18:56:36","PDF","","",,,,,,0,0.00,0,5,3,"We show how an ar ficial neural network (ANN), given some novel specific developments, can capture the rela onship between species response traits and environmental drivers to …","https://hal.science/hal-05181237/document","https://scholar.google.com/scholar?q=related:BrbfBRwbtUAJ:scholar.google.com/&scioq=odonata%7Cdragonfly%7Cdragonflies%7Cdamselfly%7Cdamselflies&hl=en&as_sdt=0,5&as_ylo=2023&as_yhi=2023"
0,"JC Abbott, V Kalkman, CA Bota-Sierra, JP Boudot…","Diversity of Nearctic and Palaearctid Dragonflies and Damselflies",2023,"","par.nsf.gov","https://par.nsf.gov/biblio/10509976","",350,"2026-04-12 18:56:36","","","",,,,,,0,0.00,0,5,3,"… Odonata diversity for the entire Nearctic realm by including Canada, the United States, and Mexico. For the first time, we explored Odonata … held by significant Odonata repositories and …","","https://scholar.google.com/scholar?q=related:yUz7rNNYMN0J:scholar.google.com/&scioq=odonata%7Cdragonfly%7Cdragonflies%7Cdamselfly%7Cdamselflies&hl=en&as_sdt=0,5&as_ylo=2023&as_yhi=2023"
1,"G Buşmachiu, C Mînzat","Diversity of odonata and hymenoptera (Formicidae) fron the Orhei National Park",2023,"Biology and sustainable development","","","https://scholar.google.com/scholar?cites=16631167564267654600&as_sdt=2005&sciodt=0,5&hl=en",955,"2026-04-12 18:56:36","CITATION","","",,,,,,1,0.33,1,2,3,"","","https://scholar.google.com/scholar?q=related:yA0stMjGzeYJ:scholar.google.com/&scioq=odonata%7Cdragonfly%7Cdragonflies%7Cdamselfly%7Cdamselflies&hl=en&as_sdt=0,5&as_ylo=2023&as_yhi=2023"
3,"KR Manikandan, M Muthuswami, N Chitra, M Ananthan","Diversity of odonata in a coffee ecosystem",2023,"Indian Journal of …","","","https://scholar.google.com/scholar?cites=12487319180429920871&as_sdt=2005&sciodt=0,5&hl=en",268,"2026-04-12 18:56:36","CITATION","","",,,,,,3,1.00,1,4,3,"","","https://scholar.google.com/scholar?q=related:Z4pySqLeS60J:scholar.google.com/&scioq=odonata%7Cdragonfly%7Cdragonflies%7Cdamselfly%7Cdamselflies&hl=en&as_sdt=0,5&as_ylo=2023&as_yhi=2023"
0,"P PHMGC, R WASPP","Diversity of Odonata in Kirala Kele Sanctuary, Matara District, Sri Lanka",2023,"Proceedings of International Forestry …","journals.sjp.ac.lk","http://journals.sjp.ac.lk/index.php/fesympo/article/view/6545","",543,"2026-04-12 18:56:36","","","",,,,,,0,0.00,0,2,3,"… to different species of dragonflies and damselflies were counted … The results showed that there were 27 species of Odonata from … has a considerable diversity of Odonata. The number of …","","https://scholar.google.com/scholar?q=related:RN-HjoczBIQJ:scholar.google.com/&scioq=odonata%7Cdragonfly%7Cdragonflies%7Cdamselfly%7Cdamselflies&hl=en&as_sdt=0,5&as_ylo=2023&as_yhi=2023"
2,"W Rathnayake, H Janith, P Priyadarshana…","Diversity of Odonata in Kirala Kele Sanctuary, Matara District, Sri Lanka",2023,"27th International Forestry …","","","https://scholar.google.com/scholar?cites=2655661182775989201&as_sdt=2005&sciodt=0,5&hl=en",777,"2026-04-12 18:56:36","CITATION","","",,,,,,2,0.67,1,4,3,"","","https://scholar.google.com/scholar?q=related:0RMog8bN2iQJ:scholar.google.com/&scioq=odonata%7Cdragonfly%7Cdragonflies%7Cdamselfly%7Cdamselflies&hl=en&as_sdt=0,5&as_ylo=2023&as_yhi=2023"
5,"SL Asrori, KA Putri, S Diniarsih, P Lupiyaningdyah…","Diversity of Odonata in Langsa Urban Forest, Langsa, Aceh, Indonesia",2023,"Treubia","ejournal.brin.go.id","https://ejournal.brin.go.id/treubia/article/view/10039","https://scholar.google.com/scholar?cites=4490282175233870588&as_sdt=2005&sciodt=0,5&hl=en",158,"2026-04-12 18:56:36","","","",,,,,,5,1.67,1,5,3,"Odonata is important as environmental bioindicator as well as pest control. Langsa Urban Forest (LUF) is a 10-ha green open space in Langsa City, Aceh Province which serves the …","https://ejournal.brin.go.id/treubia/article/download/10039/7731","https://scholar.google.com/scholar?q=related:_EoVDNmvUD4J:scholar.google.com/&scioq=odonata%7Cdragonfly%7Cdragonflies%7Cdamselfly%7Cdamselflies&hl=en&as_sdt=0,5&as_ylo=2023&as_yhi=2023"
2,"SL Asrori, KA Putri, S Diniarsih, P Lupiyaningdyah…","Diversity of Odonata in Langsa Urban Forest, Langsa, Aceh, Indonesia. Treubia, 50 (1), 1–10",2023,"","","","https://scholar.google.com/scholar?cites=9456749598585675209&as_sdt=2005&sciodt=0,5&hl=en",974,"2026-04-12 18:56:36","CITATION","","",,,,,,2,0.67,0,5,3,"","","https://scholar.google.com/scholar?q=related:yV2E6acfPYMJ:scholar.google.com/&scioq=odonata%7Cdragonfly%7Cdragonflies%7Cdamselfly%7Cdamselflies&hl=en&as_sdt=0,5&as_ylo=2023&as_yhi=2023"
9,"AA Qureshi, NA Paray, RM Khandi, S Syeed, RA Ganai","Diversity of Odonata of district Pulwama of Kashmir",2023,"Indian Journal of …","","","https://scholar.google.com/scholar?cites=5832639766239210392&as_sdt=2005&sciodt=0,5&hl=en",64,"2026-04-12 18:56:36","CITATION","","",,,,,,9,3.00,2,5,3,"","https://ums.iust.ac.in/UploadedDocuments/EmployeeDocuments/ResearchPapers/2093_EAWAHX.pdf","https://scholar.google.com/scholar?q=related:mGuB-fay8VAJ:scholar.google.com/&scioq=odonata%7Cdragonfly%7Cdragonflies%7Cdamselfly%7Cdamselflies&hl=en&as_sdt=0,5&as_ylo=2023&as_yhi=2023"
4,"M Mairif, L Bendifallah, S Doumandji","Diversity of Odonates (Odonata, Anisoptera &Zygoptera) in the Theniet El‎ Had National Park-North West of Algeria",2023,"Journal of Insect Biodiversity and …","biotaxa.org","https://www.biotaxa.org/jibs/article/view/77405","https://scholar.google.com/scholar?cites=13582117224574487076&as_sdt=2005&sciodt=0,5&hl=en",213,"2026-04-12 18:56:36","","","",,,,,,4,1.33,1,3,3,"The aim of this study is to make an inventory of the fauna of the Odonata in Theniet El Had National Park, which helps managers to make appropriate decisions for the conservation of …","https://www.biotaxa.org/jibs/article/download/77405/74972","https://scholar.google.com/scholar?q=related:JAp6lKdffbwJ:scholar.google.com/&scioq=odonata%7Cdragonfly%7Cdragonflies%7Cdamselfly%7Cdamselflies&hl=en&as_sdt=0,5&as_ylo=2023&as_yhi=2023"
3,"S Isworo, PS Oetari","Diversity of vegetation, birds, dragonflies and butterflies at coal mining reclamation sites in South Kalimantan, Indonesia",2023,"Biodiversitas","","","https://scholar.google.com/scholar?cites=17046736245895386551&as_sdt=2005&sciodt=0,5&hl=en",778,"2026-04-12 18:56:36","CITATION","","",,,,,,3,1.00,2,2,3,"","","https://scholar.google.com/scholar?q=related:t9VeVEwskuwJ:scholar.google.com/&scioq=odonata%7Cdragonfly%7Cdragonflies%7Cdamselfly%7Cdamselflies&hl=en&as_sdt=0,5&as_ylo=2023&as_yhi=2023"
25,"M Sittenthaler, I Fischer, A Chovanec…","DNA barcoding of exuviae for species identification of Central European damselflies and dragonflies (Insecta: Odonata)",2023,"Journal of Insect …","Springer","https://link.springer.com/article/10.1007/s10841-023-00467-x","https://scholar.google.com/scholar?cites=2441560504991017588&as_sdt=2005&sciodt=0,5&hl=en",6,"2026-04-12 18:56:36","HTML","10.1007/s10841-023-00467-x","",,,,,,25,8.33,6,4,3,"… In this study, we demonstrated successful isolation of DNA from dragonfly and damselfly exuviae and application of a specially tailored DNA barcoding approach for odonate species …","https://link.springer.com/article/10.1007/s10841-023-00467-x","https://scholar.google.com/scholar?q=related:dOqc5Vcq4iEJ:scholar.google.com/&scioq=odonata%7Cdragonfly%7Cdragonflies%7Cdamselfly%7Cdamselflies&hl=en&as_sdt=0,5&as_ylo=2023&as_yhi=2023"
0,"AA Rani, A Mishra, M Jayashankar","Documenting Odonata along the Sri Krishna Lake, Bengaluru, Karnataka.",2023,"","researchgate.net","https://www.researchgate.net/profile/Jayashankar-Munirathinam/publication/371985318_Documenting_Odonata_along_the_Sri_Krishna_Lake_Bengaluru_Karnataka/links/64a15a00c41fb852dd45c2d2/Documenting-Odonata-along-the-Sri-Krishna-Lake-Bengaluru-Karnataka.pdf","",479,"2026-04-12 18:56:36","PDF","","",,,,,,0,0.00,0,3,3,"… (dragonflies) (Insecta: Odonata) inhabit a wide range of habitats viz., forest, fields, pond, lake, swamps and marshes. Dragonflies are … This is first time observation of dragonfly diversity …","https://www.researchgate.net/profile/Jayashankar-Munirathinam/publication/371985318_Documenting_Odonata_along_the_Sri_Krishna_Lake_Bengaluru_Karnataka/links/64a15a00c41fb852dd45c2d2/Documenting-Odonata-along-the-Sri-Krishna-Lake-Bengaluru-Karnataka.pdf","https://scholar.google.com/scholar?q=related:0WHF6YL-bQQJ:scholar.google.com/&scioq=odonata%7Cdragonfly%7Cdragonflies%7Cdamselfly%7Cdamselflies&hl=en&as_sdt=0,5&as_ylo=2023&as_yhi=2023"
6,"E Mavromati, D Kemitzoglou, V Tsiaoussi","Does littoral substrate affect macroinvertebrate assemblages in Mediterranean lakes?",2023,"Aquatic Ecology","Springer","https://link.springer.com/article/10.1007/s10452-023-10037-7","https://scholar.google.com/scholar?cites=5470689807396888992&as_sdt=2005&sciodt=0,5&hl=en",875,"2026-04-12 18:56:36","HTML","10.1007/s10452-023-10037-7","",,,,,,6,2.00,2,3,3,"… of Oligochaeta and the relative abundance of Odonata. In the context of designing site-adapted … zones, which host rich macroinvertebrate assemblages with abundant taxa of Odonata. …","https://link.springer.com/article/10.1007/s10452-023-10037-7","https://scholar.google.com/scholar?q=related:oOE9FmXL60sJ:scholar.google.com/&scioq=odonata%7Cdragonfly%7Cdragonflies%7Cdamselfly%7Cdamselflies&hl=en&as_sdt=0,5&as_ylo=2023&as_yhi=2023"
0,"M Blecher","Does the Desert Skimmer Orthetrum ransonnetii (Odonata: Libellulidae) avoid perching on vegetation?",2023,"Israel Journal of entomology","hal.science","https://hal.science/hal-04872423/","",485,"2026-04-12 18:56:36","","","",,,,,,0,0.00,0,1,3,"… recorded during a long-term (2013–2021) Odonata survey in the Dead Sea area, Israel. The … ransonnetii for perching has been noted in the literature on Odonata for a long time, but the …","https://hal.science/hal-04872423/document","https://scholar.google.com/scholar?q=related:wfr52ixOx78J:scholar.google.com/&scioq=odonata%7Cdragonfly%7Cdragonflies%7Cdamselfly%7Cdamselflies&hl=en&as_sdt=0,5&as_ylo=2023&as_yhi=2023"
0,"LM Morris","Don't Put All Your Eggs in One Basket: Increasing Survivorship in a Headstarting Program for the Endangered Hine's Emerald Dragonfly (Somatochlora …",2023,"","search.proquest.com","https://search.proquest.com/openview/b31b3dcc5e960dd05cda3d59fdb2ce92/1?pq-origsite=gscholar&cbl=18750&diss=y","",487,"2026-04-12 18:56:36","BOOK","","",,,,,,0,0.00,0,1,3,"… The federally endangered Hine’s Emerald dragonfly (Somatochlora hineana) is receiving … , and the number of Hine’s emerald dragonflies introduced back into their native habitat. …","https://red.library.usd.edu/cgi/viewcontent.cgi?article=1197&context=diss-thesis","https://scholar.google.com/scholar?q=related:3cOnHcYU6XQJ:scholar.google.com/&scioq=odonata%7Cdragonfly%7Cdragonflies%7Cdamselfly%7Cdamselflies&hl=en&as_sdt=0,5&as_ylo=2023&as_yhi=2023"
4,"G Rueppell, D Hilfert-Rueppell","Double function of flight in Calopteryx splendens (Odonata: Calopterygidae) males",2023,"Internafional Journal of …","worlddragonfly.org","https://www.worlddragonfly.org/s/tijo20v026a20_Rueppell.pdf","https://scholar.google.com/scholar?cites=12570141259626590261&as_sdt=2005&sciodt=0,5&hl=en",116,"2026-04-12 18:56:36","PDF","","",,,,,,4,1.33,2,2,3,"Different flight manoeuvres of males of Calopteryx splendens were analysed by means of slow-motion filming. The wingbeat frequencies of males flying in tandem were higher than …","https://www.worlddragonfly.org/s/tijo20v026a20_Rueppell.pdf","https://scholar.google.com/scholar?q=related:NTCGTOAccq4J:scholar.google.com/&scioq=odonata%7Cdragonfly%7Cdragonflies%7Cdamselfly%7Cdamselflies&hl=en&as_sdt=0,5&as_ylo=2023&as_yhi=2023"
3,"M Jeanmougin, A Bonn, D Bowler, J Bried…","DRAGON-Dragonflies as bellwether for the human impact on interface ecosystems",2023,"","… Fondation pour la Recherche sur la …","","https://scholar.google.com/scholar?cites=12045932978906491822&as_sdt=2005&sciodt=0,5&hl=en",952,"2026-04-12 18:56:36","CITATION","","",,,,,,3,1.00,1,5,3,"","","https://scholar.google.com/scholar?q=related:rmvi4zjAK6cJ:scholar.google.com/&scioq=odonata%7Cdragonfly%7Cdragonflies%7Cdamselfly%7Cdamselflies&hl=en&as_sdt=0,5&as_ylo=2023&as_yhi=2023"
3,"H Šigutová, A Dolný, MJ Samways, A Cordoba‐Aguilar…","Dragonflies and Damselflies",2023,"","Oxford University Press","","https://scholar.google.com/scholar?cites=14327114154055581553&as_sdt=2005&sciodt=0,5&hl=en",705,"2026-04-12 18:56:36","CITATION","","",,,,,,3,1.00,1,5,3,"","","https://scholar.google.com/scholar?q=related:cT_0MGoi1MYJ:scholar.google.com/&scioq=odonata%7Cdragonfly%7Cdragonflies%7Cdamselfly%7Cdamselflies&hl=en&as_sdt=0,5&as_ylo=2023&as_yhi=2023"
335,"A Córdoba-Aguilar, C Beatty, JT Bried","Dragonflies and damselflies: model organisms for ecological and evolutionary research",2023,"","books.google.com","https://books.google.com/books?hl=en&lr=&id=fQuYEAAAQBAJ&oi=fnd&pg=PP1&dq=odonata%7Cdragonfly%7Cdragonflies%7Cdamselfly%7Cdamselflies&ots=DCRB9Q2H1o&sig=7RMnw60ybE-Pm-D_LiDjvzFK4tY","https://scholar.google.com/scholar?cites=6126238963250358125&as_sdt=2005&sciodt=0,5&hl=en",1,"2026-04-12 18:56:36","BOOK","","",,,,,,335,111.67,112,3,3,"This research level text documents the latest advances in odonate biology and relates these to a broader ecological and evolutionary research agenda. Despite being one of the …","","https://scholar.google.com/scholar?q=related:beex_eDFBFUJ:scholar.google.com/&scioq=odonata%7Cdragonfly%7Cdragonflies%7Cdamselfly%7Cdamselflies&hl=en&as_sdt=0,5&as_ylo=2023&as_yhi=2023"
2,"G Kriska","Dragonflies and damselflies: Odonata",2023,"Freshwater Invertebrates in Central Europe: A Field …","Springer","https://link.springer.com/chapter/10.1007/978-3-030-95323-2_14","https://scholar.google.com/scholar?cites=11900236149057786498&as_sdt=2005&sciodt=0,5&hl=en",7,"2026-04-12 18:56:36","","10.1007/978-3-030-95323-2_14","",,,,,,2,0.67,2,1,3,"… Dragonflies and damselflies comprise one of the eldest orders of … maxillae, what is also refiected by their scientific name (‘Odonata’ … The order is divided into two suborders: damselflies (…","","https://scholar.google.com/scholar?q=related:ghLaN7ohJqUJ:scholar.google.com/&scioq=odonata%7Cdragonfly%7Cdragonflies%7Cdamselfly%7Cdamselflies&hl=en&as_sdt=0,5&as_ylo=2023&as_yhi=2023"
4,"B Ahmed, M Amin, A Zia, M Qasim, M Khan, Z Ullah…","Dragonflies fauna (Odonata: Anisoptera) of Kech Balochistan, Pakistan",2023,"Jammu Kashmir Journal of …","","","https://scholar.google.com/scholar?cites=13787376494481667665&as_sdt=2005&sciodt=0,5&hl=en",534,"2026-04-12 18:56:36","CITATION","","",,,,,,4,1.33,1,7,3,"","","https://scholar.google.com/scholar?q=related:UXYmgt-ZVr8J:scholar.google.com/&scioq=odonata%7Cdragonfly%7Cdragonflies%7Cdamselfly%7Cdamselflies&hl=en&as_sdt=0,5&as_ylo=2023&as_yhi=2023"
0,"O Dyatlova","Dragonflies of Moldova: an updated checklist of the Odonata fauna",2023,"Geo&Bio","museumkiev.org","http://museumkiev.org/public/visnyk/25_2023/pdf/gb2510-dyatlova.pdf","",271,"2026-04-12 18:56:36","PDF","","",,,,,,0,0.00,0,1,3,"… lack of data on the presence of dragonflies. This elucidated the … help in planning further research into dragonflies of Moldova. … We expect that 10 to 20 species of dragonflies remain to be …","http://museumkiev.org/public/visnyk/25_2023/pdf/gb2510-dyatlova.pdf","https://scholar.google.com/scholar?q=related:NT27Iis4drcJ:scholar.google.com/&scioq=odonata%7Cdragonfly%7Cdragonflies%7Cdamselfly%7Cdamselflies&hl=en&as_sdt=0,5&as_ylo=2023&as_yhi=2023"
3,"K Legler, D Legler, D Jackson","Dragonflies of Wisconsin",2023,"","","","https://scholar.google.com/scholar?cites=2043506779814346254&as_sdt=2005&sciodt=0,5&hl=en",783,"2026-04-12 18:56:36","CITATION","","",,,,,,3,1.00,1,3,3,"","","https://scholar.google.com/scholar?q=related:Dr7v2pb-WxwJ:scholar.google.com/&scioq=odonata%7Cdragonfly%7Cdragonflies%7Cdamselfly%7Cdamselflies&hl=en&as_sdt=0,5&as_ylo=2023&as_yhi=2023"
0,"M Choi","Dragonfly",2023,"K-Writer","dbpia.co.kr","https://www.dbpia.co.kr/Journal/articleDetail?nodeId=NODE12115881","",650,"2026-04-12 18:56:36","CITATION","","",,,,,,0,0.00,0,1,3,"… a dragonfly. Catching the light, its transparent wings, symmetrically unfolded, shimmered like leaf veins inlaid with delicately crafted gold. The dragonfly's … off the dragonfly for a long time. …","","https://scholar.google.com/scholar?q=related:-KOapqcsTWUJ:scholar.google.com/&scioq=odonata%7Cdragonfly%7Cdragonflies%7Cdamselfly%7Cdamselflies&hl=en&as_sdt=0,5&as_ylo=2023&as_yhi=2023"
3,"L Tools","Dragonfly",2023,"","","","https://scholar.google.com/scholar?cites=12348210657020700978&as_sdt=2005&sciodt=0,5&hl=en",856,"2026-04-12 18:56:36","CITATION","","",,,,,,3,1.00,3,1,3,"","","https://scholar.google.com/scholar?q=related:MmlpPyuoXasJ:scholar.google.com/&scioq=odonata%7Cdragonfly%7Cdragonflies%7Cdamselfly%7Cdamselflies&hl=en&as_sdt=0,5&as_ylo=2023&as_yhi=2023"
4,"MR Zumar, AA Romzalis…","Dragonfly (Odonata) Species Diversity in the Sigolo-Golo Tourism Area, Jombang, East Java",2023,"Biosfer: Jurnal …","ejournal.radenintan.ac.id","https://ejournal.radenintan.ac.id/index.php/biosfer/article/view/18536","https://scholar.google.com/scholar?cites=18140577983160452359&as_sdt=2005&sciodt=0,5&hl=en",295,"2026-04-12 18:56:36","","","",,,,,,4,1.33,1,3,3,"… for dragonfly diversity. This study aims to analyze the composition and diversity of dragonflies in … This study aims to analyze the composition and diversity of dragonflies (Odonata) in the …","https://ejournal.radenintan.ac.id/index.php/biosfer/article/download/18536/6932","https://scholar.google.com/scholar?q=related:BwWNEpBHwPsJ:scholar.google.com/&scioq=odonata%7Cdragonfly%7Cdragonflies%7Cdamselfly%7Cdamselflies&hl=en&as_sdt=0,5&as_ylo=2023&as_yhi=2023"
2,"R Rachmatiyah, P Lupiyaningdyah","Dragonfly (Odonata) Specimens Collection of Bogor Botanical Garden: Creation and Identification Process",2023,"MANILKARA: Journal of Bioscience","","","https://scholar.google.com/scholar?cites=6946887580032748822&as_sdt=2005&sciodt=0,5&hl=en",307,"2026-04-12 18:56:36","CITATION","","",,,,,,2,0.67,1,2,3,"","","https://scholar.google.com/scholar?q=related:Fs1spnJNaGAJ:scholar.google.com/&scioq=odonata%7Cdragonfly%7Cdragonflies%7Cdamselfly%7Cdamselflies&hl=en&as_sdt=0,5&as_ylo=2023&as_yhi=2023"
2,"S Bitchkei","Dragonfly 2.0 Targets Energy Sector Gaining Access To SCADA Systems",2023,"Accessed: Jan","","","https://scholar.google.com/scholar?cites=13194832967172247648&as_sdt=2005&sciodt=0,5&hl=en",851,"2026-04-12 18:56:36","CITATION","","",,,,,,2,0.67,2,1,3,"","","https://scholar.google.com/scholar?q=related:YFDqpqx2HbcJ:scholar.google.com/&scioq=odonata%7Cdragonfly%7Cdragonflies%7Cdamselfly%7Cdamselflies&hl=en&as_sdt=0,5&as_ylo=2023&as_yhi=2023"
2,"Comet Technologies Canada Inc","Dragonfly 2022.2 [windows]",2023,"","","","https://scholar.google.com/scholar?cites=14768255140148295203&as_sdt=2005&sciodt=0,5&hl=en",854,"2026-04-12 18:56:36","CITATION","","",,,,,,2,0.67,2,1,3,"","","https://scholar.google.com/scholar?q=related:Izbg7M1h88wJ:scholar.google.com/&scioq=odonata%7Cdragonfly%7Cdragonflies%7Cdamselfly%7Cdamselflies&hl=en&as_sdt=0,5&as_ylo=2023&as_yhi=2023"
4,"AM Brandis, C Naughton, D Saunders…","Dragonfly aerothermal environment and aerosciences instrumentation",2023,"AIAA SCITECH 2023 …","arc.aiaa.org","https://arc.aiaa.org/doi/abs/10.2514/6.2023-0602","https://scholar.google.com/scholar?cites=5561133900389457454&as_sdt=2005&sciodt=0,5&hl=en",221,"2026-04-12 18:56:36","","10.2514/6.2023-0602","",,,,,,4,1.33,1,4,3,"… in the aerothermal calculations for TPS sizing of Dragonfly’s entry and descent into Titan’s … Frontiers missions, an overview of the Dragonfly Entry Aerosciences Measurements (DrEAM) …","","https://scholar.google.com/scholar?q=related:Lp4YedEdLU0J:scholar.google.com/&scioq=odonata%7Cdragonfly%7Cdragonflies%7Cdamselfly%7Cdamselflies&hl=en&as_sdt=0,5&as_ylo=2023&as_yhi=2023"
0,"PT Prinson, A Geetha","Dragonfly Algorithm and Variants for Feature Selection: A Review",2023,"2023 International Conference on …","ieeexplore.ieee.org","https://ieeexplore.ieee.org/abstract/document/10391693/","",385,"2026-04-12 18:56:36","","","",,,,,,0,0.00,0,2,3,"… A review of Dragonfly algorithms and variants is presented … Dragonfly Algorithm, emphasizing its limitations with suggested solutions that lead to future directions Keywords—Dragonfly …","","https://scholar.google.com/scholar?q=related:NP2q18a3X_kJ:scholar.google.com/&scioq=odonata%7Cdragonfly%7Cdragonflies%7Cdamselfly%7Cdamselflies&hl=en&as_sdt=0,5&as_ylo=2023&as_yhi=2023"
2,"MGM Hamami, ZH Ismail","Dragonfly Algorithm Strategy Parameters Analysis on Swarm Robot Multi-Target Search Efficiency",2023,"2023 19th IEEE International …","ieeexplore.ieee.org","https://ieeexplore.ieee.org/abstract/document/10087728/","https://scholar.google.com/scholar?cites=14285569018265518557&as_sdt=2005&sciodt=0,5&hl=en",321,"2026-04-12 18:56:36","","","",,,,,,2,0.67,1,2,3,"… dragonflies tend to search for more dragonflies to adjust their flying path. If it fails to detect any other dragonfly, … To prevent such a scenario from happening, the dragonfly is required to …","","https://scholar.google.com/scholar?q=related:3cEKfFWJQMYJ:scholar.google.com/&scioq=odonata%7Cdragonfly%7Cdragonflies%7Cdamselfly%7Cdamselflies&hl=en&as_sdt=0,5&as_ylo=2023&as_yhi=2023"
8,"AC Tibère-Inglesse, CO Johnston, AM Brandis…","Dragonfly backshell radiation measurements in the EAST facility",2023,"AIAA AVIATION 2023 …","arc.aiaa.org","https://arc.aiaa.org/doi/abs/10.2514/6.2023-3730","https://scholar.google.com/scholar?cites=3569222857670510499&as_sdt=2005&sciodt=0,5&hl=en",81,"2026-04-12 18:56:36","","10.2514/6.2023-3730","",,,,,,8,2.67,2,4,3,"… The test campaign focused on reproducing conditions similar to those encountered on the backshell of the Dragonfly spacecraft during Titan entry. Measurements of shock-layer …","","https://scholar.google.com/scholar?q=related:o8enS0dtiDEJ:scholar.google.com/&scioq=odonata%7Cdragonfly%7Cdragonflies%7Cdamselfly%7Cdamselflies&hl=en&as_sdt=0,5&as_ylo=2023&as_yhi=2023"
24,"FB Khan, A Asad, H Durad, SM Mohsin…","Dragonfly cyber threats: A case study of malware attacks targeting power grids",2023,"Journal of Computing & …","jcbi.org","https://jcbi.org/index.php/Main/article/view/137","https://scholar.google.com/scholar?cites=17246247883762347943&as_sdt=2005&sciodt=0,5&hl=en",47,"2026-04-12 18:56:36","","","",,,,,,24,8.00,5,5,3,"… the malware samples utilized by the Dragonfly group. Through a … Dragonfly group's experience. This section will provide a thorough investigation of malware used by the Dragonfly …","https://jcbi.org/index.php/Main/article/download/137/82","https://scholar.google.com/scholar?q=related:p6_8YxP7Vu8J:scholar.google.com/&scioq=odonata%7Cdragonfly%7Cdragonflies%7Cdamselfly%7Cdamselflies&hl=en&as_sdt=0,5&as_ylo=2023&as_yhi=2023"
2,"SK Zilpe, VG Badhe, S SG","Dragonfly Diversity Around Anjangaon Surji Region of Maharashtra, India",2023,"Journal of Emerging Technologies and …","rscollege.ac.in","https://rscollege.ac.in/pdf/Research24/15_SKZ.pdf","https://scholar.google.com/scholar?cites=13877004329367378308&as_sdt=2005&sciodt=0,5&hl=en",273,"2026-04-12 18:56:36","PDF","","",,,,,,2,0.67,1,3,3,"… to record dragonflies in the … of dragonflies is the very important and common fact that each one can study to know their social and environmental behaviours. Dragonflies and damselflies …","https://rscollege.ac.in/pdf/Research24/15_SKZ.pdf","https://scholar.google.com/scholar?q=related:hBmA_ukFlcAJ:scholar.google.com/&scioq=odonata%7Cdragonfly%7Cdragonflies%7Cdamselfly%7Cdamselflies&hl=en&as_sdt=0,5&as_ylo=2023&as_yhi=2023"
2,"ASW Sumah, MZ Al Banna","Dragonfly diversity in a residential environment",2023,"Jurnal Biologi Tropis","jurnalfkip.unram.ac.id","https://jurnalfkip.unram.ac.id/index.php/JBT/article/view/4579","https://scholar.google.com/scholar?cites=12782449600203640862&as_sdt=2005&sciodt=0,5&hl=en",329,"2026-04-12 18:56:36","","","",,,,,,2,0.67,1,2,3,"… This study was to determine the diversity of dragonflies in three types of … dragonflies. The results of the analysis show that wind speed and temperature affect the presence of dragonflies …","https://jurnalfkip.unram.ac.id/index.php/JBT/article/download/4579/2849","https://scholar.google.com/scholar?q=related:HtB44y9iZLEJ:scholar.google.com/&scioq=odonata%7Cdragonfly%7Cdragonflies%7Cdamselfly%7Cdamselflies&hl=en&as_sdt=0,5&as_ylo=2023&as_yhi=2023"
0,"A Brandis, E Stern, J Santos, H Hwang, A Gulhan…","Dragonfly Entry Aerosciences Measurements (DrEAM) Suite Science Objectives",2023,"IPPW 2023","ntrs.nasa.gov","https://ntrs.nasa.gov/citations/20230012150","",531,"2026-04-12 18:56:36","","","",,,,,,0,0.00,0,6,3,"… Dragonfly Entry Aerosciences Measurements (DrEAM). DrEAM will provide key aerothermodynamic data and performance analysis for Dragonfly’s … and performance of …","","https://scholar.google.com/scholar?q=related:qwlrbw_cayEJ:scholar.google.com/&scioq=odonata%7Cdragonfly%7Cdragonflies%7Cdamselfly%7Cdamselflies&hl=en&as_sdt=0,5&as_ylo=2023&as_yhi=2023"
3,"RG Winski, AR Pensado","Dragonfly Entry and Descent Flight Mechanics Modeling and Analysis",2023,"AIAA SCITECH 2023 Forum","arc.aiaa.org","https://arc.aiaa.org/doi/abs/10.2514/6.2023-0601","https://scholar.google.com/scholar?cites=11717213929397728718&as_sdt=2005&sciodt=0,5&hl=en",232,"2026-04-12 18:56:36","","10.2514/6.2023-0601","",,,,,,3,1.00,2,2,3,"… • Dragonfly is a New Frontiers Program mission that will deliver a rotorcraft lander to Saturn’… • The purpose of this presentation is to give an overview of the status of Dragonfly flight …","https://ntrs.nasa.gov/api/citations/20220017807/downloads/2023_Scitech_Dragonfly_v3.pptx.pdf","https://scholar.google.com/scholar?q=related:zrUCA_3nm6IJ:scholar.google.com/&scioq=odonata%7Cdragonfly%7Cdragonflies%7Cdamselfly%7Cdamselflies&hl=en&as_sdt=0,5&as_ylo=2023&as_yhi=2023"
0,"A Pensado, R Winski, J Williams","Dragonfly Entry and Descent Flight Mechanics Modeling and Analysis for Mission PDR",2023,"20th International Planetary Probe …","ntrs.nasa.gov","https://ntrs.nasa.gov/citations/20230011389","",594,"2026-04-12 18:56:36","","","",,,,,,0,0.00,0,3,3,"… This study presents the updated design and analysis performed for the Dragonfly mission PDR. The entry vehicle analysis includes the phases of entry and descent prior to cruise stage …","","https://scholar.google.com/scholar?q=related:4uVfzTTSVukJ:scholar.google.com/&scioq=odonata%7Cdragonfly%7Cdragonflies%7Cdamselfly%7Cdamselflies&hl=en&as_sdt=0,5&as_ylo=2023&as_yhi=2023"
5,"M Wright, KT Edquist","Dragonfly Entry and Descent Overview",2023,"AIAA SciTech 2023 Forum","arc.aiaa.org","https://arc.aiaa.org/doi/abs/10.2514/6.2023-0600","https://scholar.google.com/scholar?cites=805471860553717458&as_sdt=2005&sciodt=0,5&hl=en",176,"2026-04-12 18:56:36","","10.2514/6.2023-0600","",,,,,,5,1.67,3,2,3,"… Dragonfly is a New Frontiers class mission led Johns Hopkins Applied Physics Laboratory (APL) which will deliver a rotorcraft lander to Saturn’s moon Titan [1] for an extended science …","","https://scholar.google.com/scholar?q=related:0pbgvGOcLQsJ:scholar.google.com/&scioq=odonata%7Cdragonfly%7Cdragonflies%7Cdamselfly%7Cdamselflies&hl=en&as_sdt=0,5&as_ylo=2023&as_yhi=2023"
1,"M Delithalia, R Mahatma","Dragonfly Inventory and Active Time in Kasang Kulim Zoo Area, Riau, Indonesia",2023,"Bioeksperimen: Jurnal Penelitian …","journals.ums.ac.id","https://journals.ums.ac.id/bioeksperimen/article/view/23006","https://scholar.google.com/scholar?cites=2374197945907023473&as_sdt=2005&sciodt=0,5&hl=en",152,"2026-04-12 18:56:36","","","",,,,,,1,0.33,1,2,3,"… , Odonata (dragonfly) will also changes, both in distribution and diversity. This study aims to identif, invent and determine the activity time of dragonflies … pm, while dragonfly species from …","https://journals.ums.ac.id/bioeksperimen/article/download/23006/8783","https://scholar.google.com/scholar?q=related:cQ5A6HPY8iAJ:scholar.google.com/&scioq=odonata%7Cdragonfly%7Cdragonflies%7Cdamselfly%7Cdamselflies&hl=en&as_sdt=0,5&as_ylo=2023&as_yhi=2023"
0,"JJ Willacker, CS Emery, BL Johnson…","Dragonfly Mercury Project Data Summaries (Tableau)(ver. 2.0, April 2024)",2023,"US Geological …","ui.adsabs.harvard.edu","https://ui.adsabs.harvard.edu/abs/2023usgs.data..563W/abstract","",559,"2026-04-12 18:56:36","","","",,,,,,0,0.00,0,4,3,"The Dragonfly Mercury Project measures biological mercury exposure in waterbodies across the US, with emphasis on protected lands managed by the National Park Service, US Fish …","","https://scholar.google.com/scholar?q=related:ZECEYES55osJ:scholar.google.com/&scioq=odonata%7Cdragonfly%7Cdragonflies%7Cdamselfly%7Cdamselflies&hl=en&as_sdt=0,5&as_ylo=2023&as_yhi=2023"
4,"AM Mashraqi, HT Halawani","Dragonfly Optimization with Deep Learning Enabled Sentiment Analysis for Arabic Tweets.",2023,"Comput. Syst. Sci. Eng.","pdfs.semanticscholar.org","https://pdfs.semanticscholar.org/edb3/2b082861bceea5e4b5f96af612136dfa525f.pdf","https://scholar.google.com/scholar?cites=15817312976785496390&as_sdt=2005&sciodt=0,5&hl=en",231,"2026-04-12 18:56:36","PDF","","",,,,,,4,1.33,2,2,3,"… dragonflies fly in one direction as a swarm ie, large groups, during migration. The hunting behavior of dragonflies is named as static swarm (feeding) in which the dragonflies fly as a …","https://pdfs.semanticscholar.org/edb3/2b082861bceea5e4b5f96af612136dfa525f.pdf","https://scholar.google.com/scholar?q=related:Rtl5QlligtsJ:scholar.google.com/&scioq=odonata%7Cdragonfly%7Cdragonflies%7Cdamselfly%7Cdamselflies&hl=en&as_sdt=0,5&as_ylo=2023&as_yhi=2023"
5,"M Mcquaide, D Ellison, J Englander…","Dragonfly Phase B Mission Design",2023,"AAS/AIAA …","researchgate.net","https://www.researchgate.net/profile/Martin-Ozimek/publication/373256268_Dragonfly_Phase_B_Mission_Design/links/64e376430acf2e2b52094a79/Dragonfly-Phase-B-Mission-Design.pdf","https://scholar.google.com/scholar?cites=13025799664550743545&as_sdt=2005&sciodt=0,5&hl=en",160,"2026-04-12 18:56:36","PDF","","",,,,,,5,1.67,1,4,3,"The Dragonfly mission is designed to conduct a scientific survey of Titan with a relocatable lander and is enabled by a high-energy Delta-V Earth Gravity Assist (∆ V-EGA3+) trajectory. …","https://www.researchgate.net/profile/Martin-Ozimek/publication/373256268_Dragonfly_Phase_B_Mission_Design/links/64e376430acf2e2b52094a79/Dragonfly-Phase-B-Mission-Design.pdf","https://scholar.google.com/scholar?q=related:-Q3zAMjvxLQJ:scholar.google.com/&scioq=odonata%7Cdragonfly%7Cdragonflies%7Cdamselfly%7Cdamselflies&hl=en&as_sdt=0,5&as_ylo=2023&as_yhi=2023"
7,"S Muppidi, OP PG, KB","Dragonfly political optimizer algorithm-based rider deep long short-term memory for soil moisture and heat level prediction in iot",2023,"The Computer Journal","academic.oup.com","https://academic.oup.com/comjnl/article-abstract/66/6/1350/6518263","https://scholar.google.com/scholar?cites=9500850305058258540&as_sdt=2005&sciodt=0,5&hl=en",227,"2026-04-12 18:56:36","","","",,,,,,7,2.33,2,3,3,"… phase for representing social interaction of the dragonflies to navigate or to search their food. The unique and the swarming behavior of dragonflies make it to move toward global best …","","https://scholar.google.com/scholar?q=related:bL4oyQPN2YMJ:scholar.google.com/&scioq=odonata%7Cdragonfly%7Cdragonflies%7Cdamselfly%7Cdamselflies&hl=en&as_sdt=0,5&as_ylo=2023&as_yhi=2023"
2,"DH Ellison, JA Englander…","Dragonfly Preliminary Launch Targeting",2023,"AAS Astrodynamics …","researchgate.net","https://www.researchgate.net/profile/Donald-Ellison-2/publication/373245626_AAS_23-223_DRAGONFLY_PRELIMINARY_LAUNCH_TARGETING/links/64e2d171177c5904130ba166/AAS-23-223-DRAGONFLY-PRELIMINARY-LAUNCH-TARGETING.pdf","https://scholar.google.com/scholar?cites=17246253858566615141&as_sdt=2005&sciodt=0,5&hl=en",229,"2026-04-12 18:56:36","PDF","","",,,,,,2,0.67,1,3,3,"The Dragonfly mission will deliver a relocatable lander to Saturn’s moon Titan in the mid-2030s. The flight system will utilize a 3: 1∆ v-Earth gravity-assist (EGA) trajectory that will …","https://www.researchgate.net/profile/Donald-Ellison-2/publication/373245626_AAS_23-223_DRAGONFLY_PRELIMINARY_LAUNCH_TARGETING/links/64e2d171177c5904130ba166/AAS-23-223-DRAGONFLY-PRELIMINARY-LAUNCH-TARGETING.pdf","https://scholar.google.com/scholar?q=related:ZbASgoIAV-8J:scholar.google.com/&scioq=odonata%7Cdragonfly%7Cdragonflies%7Cdamselfly%7Cdamselflies&hl=en&as_sdt=0,5&as_ylo=2023&as_yhi=2023"
0,"RF Bonny","Dragonfly Preliminary OBC Design",2023,"","infoscience.epfl.ch","https://infoscience.epfl.ch/bitstreams/cacc7754-ba05-42bb-9eff-ed5258094776/download","",451,"2026-04-12 18:56:36","PDF","","",,,,,,0,0.00,0,1,3,"The goal of this semester project was the development of the first iteration of an On-Board Computer (OBC) based on a Raspberry Pi embedded board to read out a camera payload. …","https://infoscience.epfl.ch/bitstreams/cacc7754-ba05-42bb-9eff-ed5258094776/download","https://scholar.google.com/scholar?q=related:sNPNCMwfNmgJ:scholar.google.com/&scioq=odonata%7Cdragonfly%7Cdragonflies%7Cdamselfly%7Cdamselflies&hl=en&as_sdt=0,5&as_ylo=2023&as_yhi=2023"
0,"R Crane, C Brothers, P Leary…","Dragonfly pursuit of artificial prey with biologically relevant flight behaviors",2023,"INTEGRATIVE …","… DEPT, 2001 EVANS RD, CARY, NC …","","",883,"2026-04-12 18:56:36","CITATION","","",,,,,,0,0.00,0,4,3,"","","https://scholar.google.com/scholar?q=related:BJBNzcRM0HsJ:scholar.google.com/&scioq=odonata%7Cdragonfly%7Cdragonflies%7Cdamselfly%7Cdamselflies&hl=en&as_sdt=0,5&as_ylo=2023&as_yhi=2023"
2,"A Nelli, R Jogdand","Dragonfly soft-computing approach for workload scheduling resource utilization maximization using multi-cloud platform",2023,"Int J Inform Technol Secur","ijits-bg.com","https://ijits-bg.com/sites/default/files/archive/2023%28vol.15%29/No1/contents/2023-N1-03.pdf","https://scholar.google.com/scholar?cites=10443148173662431619&as_sdt=2005&sciodt=0,5&hl=en",319,"2026-04-12 18:56:36","PDF","","",,,,,,2,0.67,1,2,3,"The execution of the real-time workload in the multi-cloud platform with the Service Level Agreement (SLA) requirements is a challenging task. Existing workload scheduling models …","https://ijits-bg.com/sites/default/files/archive/2023%28vol.15%29/No1/contents/2023-N1-03.pdf","https://scholar.google.com/scholar?q=related:gynrC--D7ZAJ:scholar.google.com/&scioq=odonata%7Cdragonfly%7Cdragonflies%7Cdamselfly%7Cdamselflies&hl=en&as_sdt=0,5&as_ylo=2023&as_yhi=2023"
1,"E Stern, M Mahzari","Dragonfly TPS Sizing and Analysis",2023,"AIAA Science and Technology (SciTech) Forum …","ntrs.nasa.gov","https://ntrs.nasa.gov/citations/20230000933","https://scholar.google.com/scholar?cites=8195548493071633717&as_sdt=2005&sciodt=0,5&hl=en",312,"2026-04-12 18:56:36","","","",,,,,,1,0.33,1,2,3,"… Dragonfly thermal protection system (TPS) are presented. The presentation is divided into two parts. In the first part, the primary components of the Dragonfly … to the Dragonfly/Titan entry …","https://ntrs.nasa.gov/api/citations/20230000933/downloads/aiaa_scitech_2023_presentation.pdf","https://scholar.google.com/scholar?q=related:Nc0Fve5vvHEJ:scholar.google.com/&scioq=odonata%7Cdragonfly%7Cdragonflies%7Cdamselfly%7Cdamselflies&hl=en&as_sdt=0,5&as_ylo=2023&as_yhi=2023"
0,"A Poudel","Dragonfly-Needham's Skimmer ENT532",2023,"","scholarsphere.psu.edu","https://scholarsphere.psu.edu/resources/9f48ef8f-478a-4f2c-a706-164e91b16701","",913,"2026-04-12 18:56:36","CITATION","","",,,,,,0,0.00,0,1,3,"… Dragonfly - Needham's Skimmer ENT532 This dragonfly was captured near the water's edge at our Powdermill Nature Reserve station. With its swift and agile flight, it gracefully …","","https://scholar.google.com/scholar?q=related:-RzAkp1M8XEJ:scholar.google.com/&scioq=odonata%7Cdragonfly%7Cdragonflies%7Cdamselfly%7Cdamselflies&hl=en&as_sdt=0,5&as_ylo=2023&as_yhi=2023"
0,"E Stern","Dragonfly: A Case Study in Dynamic Stability Characterization",2023,"International Planetary Probe Workshop","ntrs.nasa.gov","https://ntrs.nasa.gov/citations/20230012570","",448,"2026-04-12 18:56:36","","","",,,,,,0,0.00,0,1,3,"Next decade, the Dragonfly probe will enter Titan’s atmosphere on a mission to explore and characterize its unique and complex organic chemistry. In contrast to Mars entry missions, …","https://ntrs.nasa.gov/api/citations/20230012570/downloads/ippw_dragonfly_dynamics.pdf","https://scholar.google.com/scholar?q=related:8i4SUF9SG_UJ:scholar.google.com/&scioq=odonata%7Cdragonfly%7Cdragonflies%7Cdamselfly%7Cdamselflies&hl=en&as_sdt=0,5&as_ylo=2023&as_yhi=2023"
8,"RD Lorenz","Dragonfly: Entry and descent one titan year after huygens",2023,"AIAA SCITECH 2023 Forum","arc.aiaa.org","https://arc.aiaa.org/doi/abs/10.2514/6.2023-0599","https://scholar.google.com/scholar?cites=7653355371063851728&as_sdt=2005&sciodt=0,5&hl=en",145,"2026-04-12 18:56:36","","10.2514/6.2023-0599","",,,,,,8,2.67,8,1,3,"… , Dragonfly must first make a hypersonic entry into and descent through Titan’s thick atmosphere. Fortunately the season and latitude of Dragonfly’… accommodated in Dragonfly’s design. …","","https://scholar.google.com/scholar?q=related:0LoWKCkuNmoJ:scholar.google.com/&scioq=odonata%7Cdragonfly%7Cdragonflies%7Cdamselfly%7Cdamselflies&hl=en&as_sdt=0,5&as_ylo=2023&as_yhi=2023"
29,"E Ghabashneh, C Bothra, R Govindan…","Dragonfly: Higher perceptual quality for continuous 360 video playback",2023,"Proceedings of the …","dl.acm.org","https://dl.acm.org/doi/abs/10.1145/3603269.3604876","https://scholar.google.com/scholar?cites=11488702648325361515&as_sdt=2005&sciodt=0,5&hl=en",12,"2026-04-12 18:56:36","","10.1145/3603269.3604876","",,,,,,29,9.67,7,4,3,"… Dragonfly, a new 360 system that preserves interactive experience by avoiding playback stalls while maintaining high perceptual quality. Dragonfly … we show that Dragonfly has higher …","https://dl.acm.org/doi/pdf/10.1145/3603269.3604876","https://scholar.google.com/scholar?q=related:a8-FWzAScJ8J:scholar.google.com/&scioq=odonata%7Cdragonfly%7Cdragonflies%7Cdamselfly%7Cdamselflies&hl=en&as_sdt=0,5&as_ylo=2023&as_yhi=2023"
0,"JP García","Dragonfly: la misión astrobiológica más ambiciosa",2023,"Astronomía","dialnet.unirioja.es","https://dialnet.unirioja.es/servlet/articulo?codigo=8745281","",999,"2026-04-12 18:56:36","CITATION","","",,,,,,0,0.00,0,1,3,"Dragonfly: la misión astrobiológica más ambiciosa - Dialnet … Dragonfly: la misión astrobiológica más ambiciosa …","","https://scholar.google.com/scholar?q=related:KZg4GIYcPAYJ:scholar.google.com/&scioq=odonata%7Cdragonfly%7Cdragonflies%7Cdamselfly%7Cdamselflies&hl=en&as_sdt=0,5&as_ylo=2023&as_yhi=2023"
1,"H Liu, J He, G Holtzman, B Williams, D Lin, R Coker…","Dragonfly: lander computational fluid dynamics (CFD) thermal analysis on Titan surface",2023,"","ttu-ir.tdl.org","https://ttu-ir.tdl.org/items/00be57b8-81d0-4222-bda1-a558261b3c21","https://scholar.google.com/scholar?cites=16486004822013385223&as_sdt=2005&sciodt=0,5&hl=en",381,"2026-04-12 18:56:36","","","",,,,,,1,0.33,0,7,3,"… One of the main design and operational challenges of the Dragonfly mission on Titan is … of the Dragonfly on Titan, including conduction, convection, and radiation. The entire Dragonfly …","https://ttu-ir.tdl.org/bitstreams/7711a2e4-7e6d-4695-9b08-8fc5fad0b538/download","https://scholar.google.com/scholar?q=related:Bxp8_QkOyuQJ:scholar.google.com/&scioq=odonata%7Cdragonfly%7Cdragonflies%7Cdamselfly%7Cdamselflies&hl=en&as_sdt=0,5&as_ylo=2023&as_yhi=2023"
1,"R Coker, G Holtzman, ZJ He, H Liu, B Williams, D Lin…","Dragonfly: lander thermal system modeling",2023,"","ttu-ir.tdl.org","https://ttu-ir.tdl.org/items/bc747b42-c946-43c4-b777-1fa3228bf40f","https://scholar.google.com/scholar?cites=4748670056550506312&as_sdt=2005&sciodt=0,5&hl=en",358,"2026-04-12 18:56:36","","","",,,,,,1,0.33,0,7,3,"Dragonfly is a NASA New Frontiers mission that will send a rotorcraft lander to Titan, Saturn's largest moon. Titan has low gravity and a dense atmosphere, making flight an ideal way to …","https://ttu-ir.tdl.org/bitstreams/0737a596-5ba9-488b-9cc6-0b2ed93e2cd5/download","https://scholar.google.com/scholar?q=related:SB86xEGq5kEJ:scholar.google.com/&scioq=odonata%7Cdragonfly%7Cdragonflies%7Cdamselfly%7Cdamselflies&hl=en&as_sdt=0,5&as_ylo=2023&as_yhi=2023"
2,"D Lin, G Holtzman, H Liu, R Coker, ZJ He, B Williams…","Dragonfly: Lander Thermal Testing",2023,"","ttu-ir.tdl.org","https://ttu-ir.tdl.org/items/7624e174-9225-436d-8ae3-a12b932f1d73","https://scholar.google.com/scholar?cites=4769509084878954428&as_sdt=2005&sciodt=0,5&hl=en",277,"2026-04-12 18:56:36","","","",,,,,,2,0.67,0,7,3,"Dragonfly is a NASA New Frontiers mission that will send a rotorcraft lander to Titan, Saturn's largest moon. Titan has low gravity and a dense atmosphere, making flight an ideal way to …","https://ttu-ir.tdl.org/bitstreams/54af4870-3cce-4367-9452-55f8f2c96b0d/download","https://scholar.google.com/scholar?q=related:vF81JT6zMEIJ:scholar.google.com/&scioq=odonata%7Cdragonfly%7Cdragonflies%7Cdamselfly%7Cdamselflies&hl=en&as_sdt=0,5&as_ylo=2023&as_yhi=2023"
0,"J Barnes","Dragonfly: NASA's Robotic Rotorcraft Mission to Saturn's Moon Titan",2023,"Bulletin of the American Physical Society","APS","https://meetings.aps.org/Meeting/NWS23/Session/N01.1","",597,"2026-04-12 18:56:36","","","",,,,,,0,0.00,0,1,3,"… Dragonfly will explore the chemistry of the resulting mixture … and low gravity, the Dragonfly vehicle moves around the … scientific experiments that the Dragonfly lander will enable, as …","","https://scholar.google.com/scholar?q=related:5AD1kBf1KxUJ:scholar.google.com/&scioq=odonata%7Cdragonfly%7Cdragonflies%7Cdamselfly%7Cdamselflies&hl=en&as_sdt=0,5&as_ylo=2023&as_yhi=2023"
2,"G Holtzman, ZJ He, R Coker, H Liu, D Lin, B Williams…","Dragonfly: Thermal Control System Design Overview",2023,"","ttu-ir.tdl.org","https://ttu-ir.tdl.org/items/64b95f62-b147-427a-9015-5a07b2b71a50","https://scholar.google.com/scholar?cites=3961055382854140966&as_sdt=2005&sciodt=0,5&hl=en",230,"2026-04-12 18:56:36","","","",,,,,,2,0.67,0,7,3,"Dragonfly is a NASA New Frontiers mission that will send a rotorcraft lander to Titan, Saturn's largest moon. Titan has low gravity and a dense atmosphere, making flight an ideal way to …","https://ttu-ir.tdl.org/bitstreams/2377dc98-90c5-4b76-9d99-c762a7b12b59/download","https://scholar.google.com/scholar?q=related:JoSrVuJ--DYJ:scholar.google.com/&scioq=odonata%7Cdragonfly%7Cdragonflies%7Cdamselfly%7Cdamselflies&hl=en&as_sdt=0,5&as_ylo=2023&as_yhi=2023"
20,"H Zheng, H Mofatteh, M Hablicsek…","Dragonfly‐Inspired Wing Design Enabled by Machine Learning and Maxwell's Reciprocal Diagrams",2023,"Advanced …","Wiley Online Library","https://advanced.onlinelibrary.wiley.com/doi/abs/10.1002/advs.202207635","https://scholar.google.com/scholar?cites=13702894881815942031&as_sdt=2005&sciodt=0,5&hl=en",31,"2026-04-12 18:56:36","","10.1002/advs.202207635","",,,,,,20,6.67,5,4,3,"… We propose to: a) extract the main features of the dragonfly wings using graphic statics; b) train machine learning models using the form and force diagrams to generate dragonfly wing …","https://advanced.onlinelibrary.wiley.com/doi/pdf/10.1002/advs.202207635","https://scholar.google.com/scholar?q=related:j1MoQUt2Kr4J:scholar.google.com/&scioq=odonata%7Cdragonfly%7Cdragonflies%7Cdamselfly%7Cdamselflies&hl=en&as_sdt=0,5&as_ylo=2023&as_yhi=2023"
0,"H Zheng, H Mofatteh, M Hablicsek…","Dragonfly‐Inspired Wing Design Enabled by Machine Learning and Maxwell's Reciprocal Diagrams (Adv. Sci. 18/2023)",2023,"Advanced …","Wiley Online Library","https://advanced.onlinelibrary.wiley.com/doi/abs/10.1002/advs.202370111","",550,"2026-04-12 18:56:36","","10.1002/advs.202370111","",,,,,,0,0.00,0,4,3,"This research resorts to artificial intelligence to inspire from a 2D dragonfly wing skeleton for developing an internal structure of airplane wings. It relates the thickness of the dragonfly …","","https://scholar.google.com/scholar?q=related:DtWzrRobK_oJ:scholar.google.com/&scioq=odonata%7Cdragonfly%7Cdragonflies%7Cdamselfly%7Cdamselflies&hl=en&as_sdt=0,5&as_ylo=2023&as_yhi=2023"
10,"T Woods, DJ McGarvey","Drivers of Odonata flight timing revealed by natural history collection data",2023,"Journal of Animal Ecology","Wiley Online Library","https://besjournals.onlinelibrary.wiley.com/doi/abs/10.1111/1365-2656.13795","https://scholar.google.com/scholar?cites=18191120676838382240&as_sdt=2005&sciodt=0,5&hl=en",91,"2026-04-12 18:56:36","","10.1111/1365-2656.13795","",,,,,,10,3.33,5,2,3,"… Using North American odonates (damselflies and dragonflies) as a model system, we show how a combination of natural history museum and community science collections, beginning …","https://besjournals.onlinelibrary.wiley.com/doi/pdfdirect/10.1111/1365-2656.13795","https://scholar.google.com/scholar?q=related:oBo3-d_Xc_wJ:scholar.google.com/&scioq=odonata%7Cdragonfly%7Cdragonflies%7Cdamselfly%7Cdamselflies&hl=en&as_sdt=0,5&as_ylo=2023&as_yhi=2023"
16,"J Xu, W Liu, W Shang, J Chen, J Lian","Drop impact dynamic and directional transport on dragonfly wing surface",2023,"Friction","Springer","https://link.springer.com/article/10.1007/s40544-022-0653-2","https://scholar.google.com/scholar?cites=403688116391884419&as_sdt=2005&sciodt=0,5&hl=en",50,"2026-04-12 18:56:36","","10.1007/s40544-022-0653-2","",,,,,,16,5.33,3,5,3,"… Studies regarding the unique structure of the dragonfly wing surface and its correlation with … wing surface of dragonfly wings. In this study, the dragonfly wing surface is considered as the …","https://link.springer.com/content/pdf/10.1007/s40544-022-0653-2.pdf","https://scholar.google.com/scholar?q=related:g7aV-TMwmgUJ:scholar.google.com/&scioq=odonata%7Cdragonfly%7Cdragonflies%7Cdamselfly%7Cdamselflies&hl=en&as_sdt=0,5&as_ylo=2023&as_yhi=2023"
12,"G Skinner, R Cooke, J Keum, A Purvis, C Raw…","Dynameta: A dynamic platform for ecological meta-analyses in R Shiny",2023,"Softwarex","Elsevier","https://www.sciencedirect.com/science/article/pii/S2352711023001358","https://scholar.google.com/scholar?cites=2188463822878115300&as_sdt=2005&sciodt=0,5&hl=en",845,"2026-04-12 18:56:36","HTML","","",,,,,,12,4.00,2,6,3,"… We also include sample meta-analytic data testing the effect of pesticide application on dragonfly and damselfly (Odonata) biodiversity, to provide a template for data accepted by the …","https://www.sciencedirect.com/science/article/pii/S2352711023001358","https://scholar.google.com/scholar?q=related:5IVxfkD8Xh4J:scholar.google.com/&scioq=odonata%7Cdragonfly%7Cdragonflies%7Cdamselfly%7Cdamselflies&hl=en&as_sdt=0,5&as_ylo=2023&as_yhi=2023"
13,"AM Goodman, JM Kass, J Ware","Dynamic distribution modelling of the swamp tigertail dragonfly Synthemis eustalacta (Odonata: Anisoptera: Synthemistidae) over a 20‐year bushfire regime",2023,"Ecological Entomology","Wiley Online Library","https://resjournals.onlinelibrary.wiley.com/doi/abs/10.1111/een.13216","https://scholar.google.com/scholar?cites=18101413014609745302&as_sdt=2005&sciodt=0,5&hl=en",60,"2026-04-12 18:56:36","","10.1111/een.13216","",,,,,,13,4.33,4,3,3,"… for the common Australian tigertail dragonfly S. … dragonfly over this period, yet annual variables directly affected by fire activity had the largest importance for predicting the dragonfly's …","https://resjournals.onlinelibrary.wiley.com/doi/am-pdf/10.1111/een.13216","https://scholar.google.com/scholar?q=related:llVyPDsjNfsJ:scholar.google.com/&scioq=odonata%7Cdragonfly%7Cdragonflies%7Cdamselfly%7Cdamselflies&hl=en&as_sdt=0,5&as_ylo=2023&as_yhi=2023"
18,"Y Fujita, M Iima","Dynamic lift enhancement mechanism of dragonfly wing model by vortex-corrugation interaction",2023,"Physical Review Fluids","APS","https://journals.aps.org/prfluids/abstract/10.1103/PhysRevFluids.8.123101","https://scholar.google.com/scholar?cites=175881816301310195&as_sdt=2005&sciodt=0,5&hl=en",44,"2026-04-12 18:56:36","","10.1103/PhysRevFluids.8.123101","",,,,,,18,6.00,9,2,3,"… Real-life dragonflies flap their wings at high AoA during most … nonstationary mechanisms that dragonflies use during flight [… investigating specific aspects of dragonfly wing structure and …","https://arxiv.org/pdf/2304.13942","https://scholar.google.com/scholar?q=related:8xAXf5TbcAIJ:scholar.google.com/&scioq=odonata%7Cdragonfly%7Cdragonflies%7Cdamselfly%7Cdamselflies&hl=en&as_sdt=0,5&as_ylo=2023&as_yhi=2023"
13,"H Tian, C Tian, C Yuan, K Li","Dynamic operation optimization based on improved dynamic multi-objective dragonfly algorithm in continuous annealing process.",2023,"Journal of Industrial & …","search.ebscohost.com","https://search.ebscohost.com/login.aspx?direct=true&profile=ehost&scope=site&authtype=crawler&jrnl=15475816&AN=163173383&h=ZQ8rnVkdEEX2TXmGb2I0TgOY1zlck71FWncUleYfW1qf5FTBB5LwozmyqtZSm16m3tM%2FzO%2BOU3s9FhWTSTUDWw%3D%3D&crl=c","https://scholar.google.com/scholar?cites=7109763522351831109&as_sdt=2005&sciodt=0,5&hl=en",87,"2026-04-12 18:56:36","","","",,,,,,13,4.33,3,4,3,"… It bases on the static and dynamic swarm behavior of dragonflies. For high-dimensional optimization models, this algorithm has obvious advantages. For example, the binary dragonfly …","","https://scholar.google.com/scholar?q=related:RZjPIkH0qmIJ:scholar.google.com/&scioq=odonata%7Cdragonfly%7Cdragonflies%7Cdamselfly%7Cdamselflies&hl=en&as_sdt=0,5&as_ylo=2023&as_yhi=2023"
0,"R Bronner, K Thompson…","DYNAMIC OPERATION OPTIMIZATION BASED ON IMPROVED DYNAMIC MULTI-OBJECTIVE DRAGONFLY ALGORITHM IN CONTINUOUS …",2023,"…","… IPGP-GOPEL-BUREAU 566, 1 RUE …","","",897,"2026-04-12 18:56:36","CITATION","","",,,,,,0,0.00,0,3,3,"","","https://scholar.google.com/scholar?q=related:rk6S88w5UNIJ:scholar.google.com/&scioq=odonata%7Cdragonfly%7Cdragonflies%7Cdamselfly%7Cdamselflies&hl=en&as_sdt=0,5&as_ylo=2023&as_yhi=2023"
0,"P PHMGC, SRD Ranaweera, SMR Shafa…","Dynamics of Odonata in an Agroecosystem: Effects of Paddy Cultivation Phases on the Diversity of Dragonflies and Damselflies",2023,"Proceedings of …","journals.sjp.ac.lk","http://journals.sjp.ac.lk/index.php/fesympo/article/view/6546","",498,"2026-04-12 18:56:36","","","",,,,,,0,0.00,0,4,3,"… few studies that observed the Odonata diversity in man-made … field ecosystem on the diversity of Odonata. The paddy culture … cycle, the number of Odonata species and their abundance …","","https://scholar.google.com/scholar?q=related:KZ7xP8OL_bQJ:scholar.google.com/&scioq=odonata%7Cdragonfly%7Cdragonflies%7Cdamselfly%7Cdamselflies&hl=en&as_sdt=0,5&as_ylo=2023&as_yhi=2023"
0,"RSF Pereira","E se mudássemos o passado? Resgate histórico ea cultura das Terras Altas na Escócia do Século XVIII, nas obras Outlander (1991) e Dragonfly in Amber (1992), de …",2023,"","repositorio.unesp.br","https://repositorio.unesp.br/entities/publication/ffb86e4e-daa0-42f6-af0f-df85c7f27a82","",604,"2026-04-12 18:56:36","","","",,,,,,0,0.00,0,1,3,"Esta pesquisa analisa os romances Outlander (1991) e Dragonfly in Amber (1992), da autora estadunidense Diana Gabaldon. O enredo retrata as tentativas de Claire Beauchamp, …","https://repositorio.unesp.br/bitstreams/3a0e07a4-5ee7-46ad-a245-1a0a5dcc191f/download","https://scholar.google.com/scholar?q=related:7QCgRfc_XUkJ:scholar.google.com/&scioq=odonata%7Cdragonfly%7Cdragonflies%7Cdamselfly%7Cdamselflies&hl=en&as_sdt=0,5&as_ylo=2023&as_yhi=2023"
2,"DX George, R Tittu","Edwin Raj, Ananth Rajkumar, and M. Carolin Mabel."" Optimal sizing of solar-wind based hybrid energy system using modified dragonfly algorithm for an …",2023,"Energy Conversion and Management","","","https://scholar.google.com/scholar?cites=10081637542585560262&as_sdt=2005&sciodt=0,5&hl=en",782,"2026-04-12 18:56:36","CITATION","","",,,,,,2,0.67,1,2,3,"","","https://scholar.google.com/scholar?q=related:xuwNIO4r6YsJ:scholar.google.com/&scioq=odonata%7Cdragonfly%7Cdragonflies%7Cdamselfly%7Cdamselflies&hl=en&as_sdt=0,5&as_ylo=2023&as_yhi=2023"
57,"G Yogarajan, N Alsubaie, G Rajasekaran, T Revathi…","EEG-based epileptic seizure detection using binary dragonfly algorithm and deep neural network",2023,"Scientific Reports","nature.com","https://www.nature.com/articles/s41598-023-44318-w","https://scholar.google.com/scholar?cites=490145467279937831&as_sdt=2005&sciodt=0,5&hl=en",18,"2026-04-12 18:56:36","HTML","","",,,,,,57,19.00,11,5,3,"… dragonfly algorithm (BDFA) has been adopted for selecting the optimal features from the extracted features from EEG signals 38 . The Dragonfly … version of the dragonfly algorithm. …","https://www.nature.com/articles/s41598-023-44318-w","https://scholar.google.com/scholar?q=related:JxF9obRYzQYJ:scholar.google.com/&scioq=odonata%7Cdragonfly%7Cdragonflies%7Cdamselfly%7Cdamselflies&hl=en&as_sdt=0,5&as_ylo=2023&as_yhi=2023"
1,"G Yogarajan","EEG-based epileptic seizure detection using binary dragonfly algorithm and deep neural network PMCID: PMC10584945",2023,"","","","https://scholar.google.com/scholar?cites=14267728590890027859&as_sdt=2005&sciodt=0,5&hl=en",927,"2026-04-12 18:56:36","CITATION","","",,,,,,1,0.33,1,1,3,"","","https://scholar.google.com/scholar?q=related:U0uvS48nAcYJ:scholar.google.com/&scioq=odonata%7Cdragonfly%7Cdragonflies%7Cdamselfly%7Cdamselflies&hl=en&as_sdt=0,5&as_ylo=2023&as_yhi=2023"
0,"LA Valencia López","Efecto del parasitismo y temperatura ambiental sobre la tolerancia térmica en caballitos del diablo (Odonata: Zygoptera)",2023,"","ru.dgb.unam.mx","https://ru.dgb.unam.mx/items/1aa50e8a-6c62-4fec-9ff4-123c0c2e73eb","",994,"2026-04-12 18:56:36","CITATION","","",,,,,,0,0.00,0,1,3,"Efecto del parasitismo y temperatura ambiental sobre la tolerancia térmica en caballitos del diablo (Odonata: Zygoptera) …","","https://scholar.google.com/scholar?q=related:D2OxaXIC8rAJ:scholar.google.com/&scioq=odonata%7Cdragonfly%7Cdragonflies%7Cdamselfly%7Cdamselflies&hl=en&as_sdt=0,5&as_ylo=2023&as_yhi=2023"
0,"A Montgomery, A Welch","Effect of elevated salinity on predator-prey interactions of amphibian tadpoles and dragonfly nymphs",2023,"INTEGRATIVE …","… DEPT, 2001 EVANS RD, CARY, NC …","","",877,"2026-04-12 18:56:36","CITATION","","",,,,,,0,0.00,0,2,3,"","","https://scholar.google.com/scholar?q=related:4gN4qZPWycAJ:scholar.google.com/&scioq=odonata%7Cdragonfly%7Cdragonflies%7Cdamselfly%7Cdamselflies&hl=en&as_sdt=0,5&as_ylo=2023&as_yhi=2023"
16,"TS Rocha, LB Calvão, L Juen…","Effect of environmental integrity on the functional composition of the Odonata (Insecta) community in streams in the Eastern Amazon",2023,"Frontiers in Ecology and …","frontiersin.org","https://www.frontiersin.org/journals/ecology-and-evolution/articles/10.3389/fevo.2023.1166057/full","https://scholar.google.com/scholar?cites=4770300714980826233&as_sdt=2005&sciodt=0,5&hl=en",38,"2026-04-12 18:56:36","HTML","10.3389/fevo.2023.1166057","",,,,,,16,5.33,4,4,3,"… In this context, we evaluated how the biological functional characteristics of the Odonata … We sampled adults of Odonata in 98 preserved and altered streams in the Eastern Amazon. …","https://www.frontiersin.org/journals/ecology-and-evolution/articles/10.3389/fevo.2023.1166057/full","https://scholar.google.com/scholar?q=related:eVw55DmDM0IJ:scholar.google.com/&scioq=odonata%7Cdragonfly%7Cdragonflies%7Cdamselfly%7Cdamselflies&hl=en&as_sdt=0,5&as_ylo=2023&as_yhi=2023"
0,"F Yiga","Effect of human activities on the distribution of macroinvertebrates along Vupyobicenge stream, Kampala, Uganda",2023,"","dissertations.mak.ac.ug","https://dissertations.mak.ac.ug/handle/20.500.12281/16641","",906,"2026-04-12 18:56:36","","","",,,,,,0,0.00,0,1,3,"… Diptera were the most predominant, with 58.6% of the sampled specimens of macroinvertebrates, followed by Odonata with 15.9 % and Gastropoda being the least with 1.3%. Among …","","https://scholar.google.com/scholar?q=related:JgPllMMsqBQJ:scholar.google.com/&scioq=odonata%7Cdragonfly%7Cdragonflies%7Cdamselfly%7Cdamselflies&hl=en&as_sdt=0,5&as_ylo=2023&as_yhi=2023"
1,"N Umamaheswari, S Ravi, JB John…","Effect of sound masking using child-friendly masker sounds on the perception of the dental drill noise in pediatric dental practice: An interventional study",2023,"SRM Journal of …","journals.lww.com","https://journals.lww.com/srmj/fulltext/2023/14020/effect_of_sound_masking_using_child_friendly.3.aspx","https://scholar.google.com/scholar?cites=17178576146535023133&as_sdt=2005&sciodt=0,5&hl=en",692,"2026-04-12 18:56:36","HTML","","",,,,,,1,0.33,0,4,3,"… The mean annoyance rate of dental drill noise dragonfly sound and whistle sound was 4.83, 1.15, and 3.82, respectively. Gender has a significant effect on masking effect in …","https://journals.lww.com/srmj/fulltext/2023/14020/effect_of_sound_masking_using_child_friendly.3.aspx","https://scholar.google.com/scholar?q=related:HQI4Qf2PZu4J:scholar.google.com/&scioq=odonata%7Cdragonfly%7Cdragonflies%7Cdamselfly%7Cdamselflies&hl=en&as_sdt=0,5&as_ylo=2023&as_yhi=2023"
4,"G Bompem, N Chiluka, D Pandluri","Effective Twitter Sentiment Analysis Using Deep Belief Network with Enhanced Dragonfly Optimization Algorithm.",2023,"International Journal of Intelligent …","inass.org","https://inass.org/wp-content/uploads/2022/10/2023043006-3.pdf","https://scholar.google.com/scholar?cites=15105187739164054644&as_sdt=2005&sciodt=0,5&hl=en",206,"2026-04-12 18:56:36","PDF","","",,,,,,4,1.33,1,3,3,"In this research article, an effective model is implemented for predicting the outcome of the Indian general election 2019 and farmer’s protest by utilizing the sentiment analysis of Twitter …","https://inass.org/wp-content/uploads/2022/10/2023043006-3.pdf","https://scholar.google.com/scholar?q=related:dJR10jdooNEJ:scholar.google.com/&scioq=odonata%7Cdragonfly%7Cdragonflies%7Cdamselfly%7Cdamselflies&hl=en&as_sdt=0,5&as_ylo=2023&as_yhi=2023"
8,"T Fukuoka, R Tamura, S Yamasaki, S Ohba","Effects of different prey on larval growth in the diving beetle Cybister sugillatus Erichson, 1834 (Coleoptera: Dytiscidae)",2023,"Aquatic Insects","Taylor &Francis","https://www.tandfonline.com/doi/abs/10.1080/01650424.2022.2141259","https://scholar.google.com/scholar?cites=9186485393977711222&as_sdt=2005&sciodt=0,5&hl=en",574,"2026-04-12 18:56:36","","10.1080/01650424.2022.2141259","",,,,,,8,2.67,2,4,3,"… six Odonata nymphs in the Odonata nymph treatment, six tadpoles in the tadpole treatment, and three Odonata nymphs and three tadpoles in the Odonata … Odonata nymph and Odonata …","","https://scholar.google.com/scholar?q=related:dhpbMsvzfH8J:scholar.google.com/&scioq=odonata%7Cdragonfly%7Cdragonflies%7Cdamselfly%7Cdamselflies&hl=en&as_sdt=0,5&as_ylo=2023&as_yhi=2023"
16,"L Chen, W Sun, YQ Wang","Effects of flapping deviation on the hovering performance of tandem pitching-plunging foils",2023,"Computers &Fluids","Elsevier","https://www.sciencedirect.com/science/article/pii/S0045793022003012","https://scholar.google.com/scholar?cites=1786935712271019270&as_sdt=2005&sciodt=0,5&hl=en",849,"2026-04-12 18:56:36","","","",,,,,,16,5.33,5,3,3,"Dragonfly-like flapping wings and foils take an in-line arrangement and their performance is strongly affected by the wing–wing interaction. In this study of tandem pitching-plunging foils…","","https://scholar.google.com/scholar?q=related:Bq1fDpB4zBgJ:scholar.google.com/&scioq=odonata%7Cdragonfly%7Cdragonflies%7Cdamselfly%7Cdamselflies&hl=en&as_sdt=0,5&as_ylo=2023&as_yhi=2023"
7,"C Theys, J Verheyen, L Janssens, N Tuezuen…","Effects of heat and pesticide stress on life history, physiology and the gut microbiome of two congeneric damselflies that differ in stressor tolerance",2023,"Science of The Total …","Elsevier","https://www.sciencedirect.com/science/article/pii/S0048969723012330","https://scholar.google.com/scholar?cites=5726657439400029054&as_sdt=2005&sciodt=0,5&hl=en",151,"2026-04-12 18:56:36","","","",,,,,,7,2.33,1,5,3,"The combined impact of toxicants and warming on organisms is getting increased attention in ecotoxicology, but is still hard to predict, especially with regard to heat waves. Recent …","","https://scholar.google.com/scholar?q=related:fmvJmZkseU8J:scholar.google.com/&scioq=odonata%7Cdragonfly%7Cdragonflies%7Cdamselfly%7Cdamselflies&hl=en&as_sdt=0,5&as_ylo=2023&as_yhi=2023"
7,"A Gazzola, B Guadin, A Balestrieri, D Pellitteri-Rosa","Effects of predation risk on the sensory asymmetries and defensive strategies of Bufotes balearicus tadpoles",2023,"Animal Cognition","Springer","https://link.springer.com/article/10.1007/s10071-022-01687-5","https://scholar.google.com/scholar?cites=13113894768837984671&as_sdt=2005&sciodt=0,5&hl=en",841,"2026-04-12 18:56:36","HTML","10.1007/s10071-022-01687-5","",,,,,,7,2.33,2,4,3,"… predator types (native vs alien, ie dragonfly larvae Aeshna cyanea and adult red swamp … ), fasted dragonfly larvae and crayfish, and tadpole-fed dragonfly larvae and crayfish. Green …","https://link.springer.com/article/10.1007/s10071-022-01687-5","https://scholar.google.com/scholar?q=related:nwFx1s_p_bUJ:scholar.google.com/&scioq=odonata%7Cdragonfly%7Cdragonflies%7Cdamselfly%7Cdamselflies&hl=en&as_sdt=0,5&as_ylo=2023&as_yhi=2023"
0,"YP Wang, G He","Effects of spatiotemporal parameters and flexible corrugated structures on dragonfly aerodynamics",2023,"","researchsquare.com","https://www.researchsquare.com/article/rs-3118594/latest","",460,"2026-04-12 18:56:36","","","",,,,,,0,0.00,0,2,3,"… To illustrate the corrugated structures’s aerodynamic performance in forward flight, a new dragonfly wing model is proposed in this paper. We use a unified cylindrical structure to …","https://www.researchsquare.com/article/rs-3118594/latest.pdf","https://scholar.google.com/scholar?q=related:PSGChbfHCVoJ:scholar.google.com/&scioq=odonata%7Cdragonfly%7Cdragonflies%7Cdamselfly%7Cdamselflies&hl=en&as_sdt=0,5&as_ylo=2023&as_yhi=2023"
0,"HA Hassan, AA Al-Awamry, MB Abdelhalim…","Efficient implementation of multi-level Dragonfly networks with Hamming graph for future optical networks",2023,"Journal of Optics","Springer","https://link.springer.com/article/10.1007/s12596-023-01142-9","",376,"2026-04-12 18:56:36","","10.1007/s12596-023-01142-9","",,,,,,0,0.00,0,4,3,"… Dragonfly topologies based on SDN basis. It also presents a novel addressing scheme for Dragonfly … -minimal, and adaptive routing in Dragonfly networks to extract a Python code using …","","https://scholar.google.com/scholar?q=related:3aNN-WWNHlMJ:scholar.google.com/&scioq=odonata%7Cdragonfly%7Cdragonflies%7Cdamselfly%7Cdamselflies&hl=en&as_sdt=0,5&as_ylo=2023&as_yhi=2023"
0,"MM Giraldin, JV Bernardy, PV de Azevedo Brito…","Egg Morphology of Two Neotropical Dragonflies: Micrathyria hesperis and Miathyria simplex (Odonata: Libellulidae)",2023,"Neotropical …","Springer","https://link.springer.com/article/10.1007/s13744-023-01081-x","",346,"2026-04-12 18:56:36","","10.1007/s13744-023-01081-x","",,,,,,0,0.00,0,4,3,"Odonata species live through their immature development in aquatic habitats, where the eggs are adapted to survive the initial stages. The survival of the eggs is linked to the layers that …","","https://scholar.google.com/scholar?q=related:tKvBHcGGzcMJ:scholar.google.com/&scioq=odonata%7Cdragonfly%7Cdragonflies%7Cdamselfly%7Cdamselflies&hl=en&as_sdt=0,5&as_ylo=2023&as_yhi=2023"
1,"A CHOVANEC…","Eine Schlossmauer als ungewöhnlicher Ort der Emergenz von Libellen (Odonata): Enallagma cyathigerum (CHARPENTIER, 1840)(Coenagrionidae) und …",2023,"Zeitschrift der …","researchgate.net","https://www.researchgate.net/profile/Andreas-Chovanec/publication/376488662_Eine_Schlossmauer_als_ungewohnlicher_Ort_der_Emergenz_von_Libellen_Odonata_Enallagma_cyathigerum_Charpentier_1840_Coenagrionidae_und_Orthetrum_cancellatum_Linnaeus_1758_Libellulidae/links/657ac38bea5f7f02056e653f/Eine-Schlossmauer-als-ungewoehnlicher-Ort-der-Emergenz-von-Libellen-Odonata-Enallagma-cyathigerum-Charpentier-1840-Coenagrionidae-und-Orthetrum-cancellatum-Linnaeus-1758-Libellulidae.pdf","https://scholar.google.com/scholar?cites=9033630140028523851&as_sdt=2005&sciodt=0,5&hl=en",408,"2026-04-12 18:56:36","PDF","","",,,,,,1,0.33,1,2,3,"… covered a total distance (calculated as a sum of the length of all horizontal and vertical stretches) of 6.7 m, which represents one of the longest walking distances of a damselfly species …","https://www.researchgate.net/profile/Andreas-Chovanec/publication/376488662_Eine_Schlossmauer_als_ungewohnlicher_Ort_der_Emergenz_von_Libellen_Odonata_Enallagma_cyathigerum_Charpentier_1840_Coenagrionidae_und_Orthetrum_cancellatum_Linnaeus_1758_Libellulidae/links/657ac38bea5f7f02056e653f/Eine-Schlossmauer-als-ungewoehnlicher-Ort-der-Emergenz-von-Libellen-Odonata-Enallagma-cyathigerum-Charpentier-1840-Coenagrionidae-und-Orthetrum-cancellatum-Linnaeus-1758-Libellulidae.pdf","https://scholar.google.com/scholar?q=related:S5WpCMDmXX0J:scholar.google.com/&scioq=odonata%7Cdragonfly%7Cdragonflies%7Cdamselfly%7Cdamselflies&hl=en&as_sdt=0,5&as_ylo=2023&as_yhi=2023"
0,"BA McIvor","Electromagnetic Actuators for Dragonfly Inspired Micro Aerial Vehicles",2023,"","University of South Australia","","",931,"2026-04-12 18:56:36","CITATION","","",,,,,,0,0.00,0,1,3,"","","https://scholar.google.com/scholar?q=related:Oaf1Kk-4Jn0J:scholar.google.com/&scioq=odonata%7Cdragonfly%7Cdragonflies%7Cdamselfly%7Cdamselflies&hl=en&as_sdt=0,5&as_ylo=2023&as_yhi=2023"
0,"E Nieves, EN Team, HC Team","Energy Dependent Morphology of HAWCJ2019+ 368, a High Energy Pulsar in the Dragonfly Nebula",2023,"APS March Meeting …","ui.adsabs.harvard.edu","https://ui.adsabs.harvard.edu/abs/2023APS..MARF47008N/abstract","",607,"2026-04-12 18:56:36","","","",,,,,,0,0.00,0,3,3,"Inside the Dragonfly nebula is the pulsar PSRJ2021+ 3651, one of the brightest sources of TeV gamma rays. Data from the High Altitude Water Cherenkov (HAWC) observatory has …","","https://scholar.google.com/scholar?q=related:nXTLhwgP8XoJ:scholar.google.com/&scioq=odonata%7Cdragonfly%7Cdragonflies%7Cdamselfly%7Cdamselflies&hl=en&as_sdt=0,5&as_ylo=2023&as_yhi=2023"
12,"L Zhong, Y Zhou, G Zhou, Q Luo","Enhanced discrete dragonfly algorithm for solving four-color map problems: Enhanced Discrete Dragonfly Algorithm for Solving Four-color Map Problems",2023,"Applied Intelligence","Springer","https://link.springer.com/article/10.1007/s10489-022-03791-y","https://scholar.google.com/scholar?cites=14219706505595745624&as_sdt=2005&sciodt=0,5&hl=en",58,"2026-04-12 18:56:36","","10.1007/s10489-022-03791-y","",,,,,,12,4.00,3,4,3,"… This article proposes an enhanced discrete dragonfly algorithm (EDDA) for four-… dragonfly around the i-th dragonfly, a global search is performed; when there are no other dragonflies …","","https://scholar.google.com/scholar?q=related:WHVYRLqLVsUJ:scholar.google.com/&scioq=odonata%7Cdragonfly%7Cdragonflies%7Cdamselfly%7Cdamselflies&hl=en&as_sdt=0,5&as_ylo=2023&as_yhi=2023"
5,"J Van Schalkwyk, GJ Kietzka, JS Pryke…","Enhancing semi-aquatic species representativeness beyond protected areas: dragonflies in networks of conservation corridors",2023,"Biodiversity and …","Springer","https://link.springer.com/article/10.1007/s10531-023-02678-9","https://scholar.google.com/scholar?cites=4549221311371791541&as_sdt=2005&sciodt=0,5&hl=en",117,"2026-04-12 18:56:36","HTML","10.1007/s10531-023-02678-9","",,,,,,5,1.67,1,4,3,"… dragonflies across 88 riverine sites. Criteria assessed included site-level estimates of dragonfly … Measures of local habitat quality were based on either dragonfly indicator species or …","https://link.springer.com/article/10.1007/s10531-023-02678-9","https://scholar.google.com/scholar?q=related:tczzDK4UIj8J:scholar.google.com/&scioq=odonata%7Cdragonfly%7Cdragonflies%7Cdamselfly%7Cdamselflies&hl=en&as_sdt=0,5&as_ylo=2023&as_yhi=2023"
46,"M Shah, H Borade, V Sanghavi, A Purohit…","Enhancing tool wear prediction accuracy using Walsh–Hadamard transform, DCGAN and dragonfly algorithm-based feature selection",2023,"Sensors","mdpi.com","https://www.mdpi.com/1424-8220/23/8/3833","https://scholar.google.com/scholar?cites=11420473661324093037&as_sdt=2005&sciodt=0,5&hl=en",25,"2026-04-12 18:56:36","HTML","","",,,,,,46,15.33,9,5,3,"… the particle swarm optimization method, and the Dragonfly algorithm. The primary benefits of utilizing … ; Dragonfly, Harris-hawk, and Genetic algorithms were used in this study as follows: …","https://www.mdpi.com/1424-8220/23/8/3833","https://scholar.google.com/scholar?q=related:bWbtZUmsfZ4J:scholar.google.com/&scioq=odonata%7Cdragonfly%7Cdragonflies%7Cdamselfly%7Cdamselflies&hl=en&as_sdt=0,5&as_ylo=2023&as_yhi=2023"
0,"G Shanmugasundar¹, S Pal, JS Chohan…","Ensemble Approach for Optimizing Variable Rigidity Joints in Robotic Manipulators Using",2023,"… : Proceedings of the …","books.google.com","https://books.google.com/books?hl=en&lr=&id=zNnpEAAAQBAJ&oi=fnd&pg=PA216&dq=odonata%7Cdragonfly%7Cdragonflies%7Cdamselfly%7Cdamselflies&ots=ii28Hez62L&sig=OTqanwRJv4jpVYsKMmuLigGgLkI","",886,"2026-04-12 18:56:36","","","",,,,,,0,0.00,0,4,3,"… Multi-objective Dragonfly Algorithm (MODA) is a swarm-based nature-inspired opti… of dragonflies [10]. The algorithm mimics the movement of dragonflies in nature, where each dragonfly …","","https://scholar.google.com/scholar?q=related:hRQDG1hd-AcJ:scholar.google.com/&scioq=odonata%7Cdragonfly%7Cdragonflies%7Cdamselfly%7Cdamselflies&hl=en&as_sdt=0,5&as_ylo=2023&as_yhi=2023"
8,"SM Saadi, W Al-Jawher","Ensemble learning with optimum feature selection for tweet fake news detection using the dragonfly approach",2023,"2023 16th International Conference …","ieeexplore.ieee.org","https://ieeexplore.ieee.org/abstract/document/10468840/","https://scholar.google.com/scholar?cites=15840023925474981673&as_sdt=2005&sciodt=0,5&hl=en",103,"2026-04-12 18:56:36","","","",,,,,,8,2.67,4,2,3,"… study, Dragonfly-based feature selection and ensemble learning models are used to detect Arabic fake news on Twitter. Based on the concept of dragonfly … The Dragonfly-based feature …","","https://scholar.google.com/scholar?q=related:KfefD9YR09sJ:scholar.google.com/&scioq=odonata%7Cdragonfly%7Cdragonflies%7Cdamselfly%7Cdamselflies&hl=en&as_sdt=0,5&as_ylo=2023&as_yhi=2023"
0,"L Mohan, R Durga","Entropy Binary Dragonfly Algorithm (EBDA) Based Feature Selection and Stacking Ensemble Model for Renewable Energy Demand (RED) Forecasting and Weather …",2023,"International Conference on Advancements in Smart …","Springer","https://link.springer.com/chapter/10.1007/978-3-031-59097-9_21","",458,"2026-04-12 18:56:36","","10.1007/978-3-031-59097-9_21","",,,,,,0,0.00,0,2,3,"… Algorithm (DA) is motivated by the behavior of dragonflies [12]. One of the more modern and … Dragonfly Algorithm is inspired based on the swarming behaviour of dragonflies. It is based …","","https://scholar.google.com/scholar?q=related:D_PgFq_heLsJ:scholar.google.com/&scioq=odonata%7Cdragonfly%7Cdragonflies%7Cdamselfly%7Cdamselflies&hl=en&as_sdt=0,5&as_ylo=2023&as_yhi=2023"
0,"D Savelkous","Environmental Drivers of Body Size Variation and Colour Lightness of the Odonata of New Guinea",2023,"","Philipps-Universität Marburg","","",909,"2026-04-12 18:56:36","CITATION","","",,,,,,0,0.00,0,1,3,"","","https://scholar.google.com/scholar?q=related:aEr14CHdS38J:scholar.google.com/&scioq=odonata%7Cdragonfly%7Cdragonflies%7Cdamselfly%7Cdamselflies&hl=en&as_sdt=0,5&as_ylo=2023&as_yhi=2023"
2,"M Gómez-Llano, MA McPeek, AM Siepielski","Environmental variation shapes and links parasitism to sexual selection",2023,"Evolutionary Ecology","Springer","https://link.springer.com/article/10.1007/s10682-023-10236-6","https://scholar.google.com/scholar?cites=15339912707391352533&as_sdt=2005&sciodt=0,5&hl=en",811,"2026-04-12 18:56:36","","10.1007/s10682-023-10236-6","",,,,,,2,0.67,1,3,3,"… (2022) studied the effects of different environmental features on damselfly body size and sexual selection, here we focused on the effect of environmental features in parasitism and …","https://par.nsf.gov/servlets/purl/10409379","https://scholar.google.com/scholar?q=related:1e6PQVVR4tQJ:scholar.google.com/&scioq=odonata%7Cdragonfly%7Cdragonflies%7Cdamselfly%7Cdamselflies&hl=en&as_sdt=0,5&as_ylo=2023&as_yhi=2023"
0,"A Poudel","Ephemeroptera and Odonata collection ENT532",2023,"","scholarsphere.psu.edu","https://scholarsphere.psu.edu/resources/103c38ff-77f4-4eb8-8e86-29d930f34623","",957,"2026-04-12 18:56:36","CITATION","","",,,,,,0,0.00,0,1,3,"… Ephemeroptera and Odonata collection ENT532 Nymphs of Ephemeroptera and Odonata were collected from water body of Tiadaghton State Forest. … Nymphs of …","","https://scholar.google.com/scholar?q=related:uU-vjU2RM78J:scholar.google.com/&scioq=odonata%7Cdragonfly%7Cdragonflies%7Cdamselfly%7Cdamselflies&hl=en&as_sdt=0,5&as_ylo=2023&as_yhi=2023"
0,"KJ Tennessen, RW Garrison","Epipleoneura parmula sp. nov.(Odonata: Coenagrionidae: Protoneurinae) from Amazonian Ecuador",2023,"Zootaxa","researchgate.net","https://www.researchgate.net/profile/Rosser-Garrison/publication/373832205_Epipleoneura_parmula_sp_nov_Odonata_Coenagrionidae_Protoneurinae_from_Amazonian_Ecuador/links/64ff4d5e849bbb203b913053/Epipleoneura-parmula-sp-nov-Odonata-Coenagrionidae-Protoneurinae-from-Amazonian-Ecuador.pdf","",450,"2026-04-12 18:56:36","PDF","","",,,,,,0,0.00,0,2,3,"… Typical for the subfamily, these small damselflies are among the slenderest within the Coenagrionoidea, and most species are poorly known as few male specimens of many species …","https://www.researchgate.net/profile/Rosser-Garrison/publication/373832205_Epipleoneura_parmula_sp_nov_Odonata_Coenagrionidae_Protoneurinae_from_Amazonian_Ecuador/links/64ff4d5e849bbb203b913053/Epipleoneura-parmula-sp-nov-Odonata-Coenagrionidae-Protoneurinae-from-Amazonian-Ecuador.pdf","https://scholar.google.com/scholar?q=related:eSiNw_wlwfIJ:scholar.google.com/&scioq=odonata%7Cdragonfly%7Cdragonflies%7Cdamselfly%7Cdamselflies&hl=en&as_sdt=0,5&as_ylo=2023&as_yhi=2023"
21,"EK Engelhardt, DE Bowler, C Hof","European Habitats Directive has fostered monitoring but not prevented species declines",2023,"Conservation Letters","Wiley Online Library","https://conbio.onlinelibrary.wiley.com/doi/abs/10.1111/conl.12948","https://scholar.google.com/scholar?cites=7685522040334113258&as_sdt=2005&sciodt=0,5&hl=en",765,"2026-04-12 18:56:36","","10.1111/conl.12948","",,,,,,21,7.00,7,3,3,"… Using 50 years of observational data, we examined indicators for the goals of the Directive in terms of improving monitoring efforts and occupancy trends of butterfly and dragonfly …","https://conbio.onlinelibrary.wiley.com/doi/pdf/10.1111/conl.12948","https://scholar.google.com/scholar?q=related:6tmMd5N1qGoJ:scholar.google.com/&scioq=odonata%7Cdragonfly%7Cdragonflies%7Cdamselfly%7Cdamselflies&hl=en&as_sdt=0,5&as_ylo=2023&as_yhi=2023"
0,"MIM Pallares","Evaluación de las condiciones bióticas y abióticas sobre la variación espacial y temporal de las náyades de Miathyria marcella (Odonata Libellulidae) en ciénagas …",2023,"","dialnet.unirioja.es","https://dialnet.unirioja.es/servlet/dctes?codigo=329204","",632,"2026-04-12 18:56:36","","","",,,,,,0,0.00,0,1,3,"El objetivo general de este estudio fue evaluar las variables físico-químicas y la composición de macroinvertebrados como determinantes en la variación espacial y temporal de las …","","https://scholar.google.com/scholar?q=related:qsqA1PUO9_EJ:scholar.google.com/&scioq=odonata%7Cdragonfly%7Cdragonflies%7Cdamselfly%7Cdamselflies&hl=en&as_sdt=0,5&as_ylo=2023&as_yhi=2023"
0,"MI Moreno Pallares","Evaluación de las condiciones bióticas y abióticas sobre la variación espacial y temporal de las náyades de Miathyria marcella (Odonata: Libellulidae) en ciénagas …",,"repositorio.unal.edu.co","","https://repositorio.unal.edu.co/items/71fb201a-2283-4950-adad-bf22e1312adc","",646,"2026-04-12 18:56:36","","","",,,,,,0,0.00,0,1,,"El objetivo general de este estudio fue evaluar las variables físico-químicas y la composición de macroinvertebrados como determinantes en la variación espacial y temporal de las …","https://repositorio.unal.edu.co/bitstreams/c41d2c55-c9f6-4d10-b799-3eccc46c1150/download","https://scholar.google.com/scholar?q=related:DFjmWpxD1fAJ:scholar.google.com/&scioq=odonata%7Cdragonfly%7Cdragonflies%7Cdamselfly%7Cdamselflies&hl=en&as_sdt=0,5&as_ylo=2023&as_yhi=2023"
3,"SJ Kwon, TG Kim","Evaluation of distribution models for biological species in national parks: Focused on Brachydiplax chalybea flavovittata Ris, 1911 (Insecta: Odonata)",2023,"Journal of National Park Research","","","https://scholar.google.com/scholar?cites=4051867987154939072&as_sdt=2005&sciodt=0,5&hl=en",842,"2026-04-12 18:56:36","CITATION","","",,,,,,3,1.00,2,2,3,"","","https://scholar.google.com/scholar?q=related:wKwlc3cgOzgJ:scholar.google.com/&scioq=odonata%7Cdragonfly%7Cdragonflies%7Cdamselfly%7Cdamselflies&hl=en&as_sdt=0,5&as_ylo=2023&as_yhi=2023"
2,"D Boulesteix, A Buch, N Ruscassier, C Freissinet…","Evaluation of the interference of Tenax® TA adsorbent with dimethylformamide dimethyl acetal reagent for gas chromatography-Dragonfly mass spectrometry and …",2023,"… of Chromatography A","Elsevier","https://www.sciencedirect.com/science/article/pii/S0021967323006131","https://scholar.google.com/scholar?cites=17955348061027939484&as_sdt=2005&sciodt=0,5&hl=en",347,"2026-04-12 18:56:36","","","",,,,,,2,0.67,0,5,3,"Among future space missions, national aeronautics and space administration (NASA) selected two of them to analyze the diversity in organic content within Martian and Titan soil …","https://www.sciencedirect.com/science/article/am/pii/S0021967323006131","https://scholar.google.com/scholar?q=related:nLQRFO41LvkJ:scholar.google.com/&scioq=odonata%7Cdragonfly%7Cdragonflies%7Cdamselfly%7Cdamselflies&hl=en&as_sdt=0,5&as_ylo=2023&as_yhi=2023"
0,"K Sathasivam, R Sathasivam","EVIDENCE OF MULTI-DECADAL SITE FIDELITY IN PROTOSTICTA SPECIES1",2023,"J. Bombay Nat. Hist. Soc","researchgate.net","https://www.researchgate.net/profile/Kumaran-Sathasivam/publication/380526109_EVIDENCE_OF_MULTI-DECADAL_SITE_FIDELITY_IN_PROTOSTICTA_SPECIES_1/links/6640b88608aa54017a0374c0/Evidence-of-Multi-Decadal-Site-Fidelity-in-Protosticta-Species.pdf","",651,"2026-04-12 18:56:36","PDF","","",,,,,,0,0.00,0,2,3,"… Two of our observations made during the course of an extended dragonfly survey in … Along the path, apart from other dragonflies and damselflies, we found a pair of Protosticta, and we …","https://www.researchgate.net/profile/Kumaran-Sathasivam/publication/380526109_EVIDENCE_OF_MULTI-DECADAL_SITE_FIDELITY_IN_PROTOSTICTA_SPECIES_1/links/6640b88608aa54017a0374c0/Evidence-of-Multi-Decadal-Site-Fidelity-in-Protosticta-Species.pdf","https://scholar.google.com/scholar?q=related:XKiNFKBGrqQJ:scholar.google.com/&scioq=odonata%7Cdragonfly%7Cdragonflies%7Cdamselfly%7Cdamselflies&hl=en&as_sdt=0,5&as_ylo=2023&as_yhi=2023"
12,"L Newton, E Tolman, M Kohli, JL Ware","Evolution of Odonata: genomic insights",2023,"Current Opinion in Insect Science","Elsevier","https://www.sciencedirect.com/science/article/pii/S2214574523000706","https://scholar.google.com/scholar?cites=13033942232672851846&as_sdt=2005&sciodt=0,5&hl=en",4,"2026-04-12 18:56:36","","","",,,,,,12,4.00,3,4,3,"… to answer long-standing questions in Odonata ranging from evolutionary relationships to … Odonata, identifying features of these new data. Last, we discuss the next two years of Odonata …","https://www.sciencedirect.com/science/article/am/pii/S2214574523000706","https://scholar.google.com/scholar?q=related:hldtYWfd4bQJ:scholar.google.com/&scioq=odonata%7Cdragonfly%7Cdragonflies%7Cdamselfly%7Cdamselflies&hl=en&as_sdt=0,5&as_ylo=2023&as_yhi=2023"
0,"X Yu","Expanding Titan's Material Property Database: A Study on the Mechanical Properties of Organics on Titan",2023,"NASA Proposal ID. 23-PDART23-0024","ui.adsabs.harvard.edu","https://ui.adsabs.harvard.edu/abs/2023pdar.prop...24Y/abstract","",822,"2026-04-12 18:56:36","","","",,,,,,0,0.00,0,1,3,"… To address the knowledge gap and to prepare the Dragonfly mission for the next-generation … in preparing and maximizing scientific returns for the upcoming Dragonfly mission to Titan. …","","https://scholar.google.com/scholar?q=related:5k5kQlkMSqoJ:scholar.google.com/&scioq=odonata%7Cdragonfly%7Cdragonflies%7Cdamselfly%7Cdamselflies&hl=en&as_sdt=0,5&as_ylo=2023&as_yhi=2023"
3,"O Holuša","Expansion of Erythromma lindenii (Selys, 1840)(Odonata: Coenagrionidae) is still ongoing: settlement of Central Europe by various migratory routes.",2023,"Libellula","libellula.org","https://www.libellula.org/wp-content/uploads/2024/12/Libellula-42-2023-1_2-49-61-Expansion-of-Erythromma-lindenii-Selys-1840-Odonata-Coenagrionidae-is-still-ongoing-settlement-of-Central-Europe-by-various-migratory-routes-Holusa.pdf","https://scholar.google.com/scholar?cites=16664777937896295231&as_sdt=2005&sciodt=0,5&hl=en",378,"2026-04-12 18:56:36","PDF","","",,,,,,3,1.00,3,1,3,"… This unique quality contributes to a diverse composition of the dragonfly fauna and diversity in the geomorphological configuration of areas, resulting in different animal migration …","https://www.libellula.org/wp-content/uploads/2024/12/Libellula-42-2023-1_2-49-61-Expansion-of-Erythromma-lindenii-Selys-1840-Odonata-Coenagrionidae-is-still-ongoing-settlement-of-Central-Europe-by-various-migratory-routes-Holusa.pdf","https://scholar.google.com/scholar?q=related:P0sToT0vRecJ:scholar.google.com/&scioq=odonata%7Cdragonfly%7Cdragonflies%7Cdamselfly%7Cdamselflies&hl=en&as_sdt=0,5&as_ylo=2023&as_yhi=2023"
0,"BA van Hoof, MC Otero","Expansion of the known distribution of Brachytron pratense (Müller, 1764)(Odonata: Aeshnidae) in Cantabria (northern Spain).",2023,"Boletín de la SEA","researchgate.net","https://www.researchgate.net/profile/Bartholomeus-Van-Hoof/publication/372649237_Expansion_of_the_known_distribution_of_Brachytron_pratense_Muller_1764_Odonata_Aeshnidae_in_Cantabria_northern_Spain/links/64c1577db9ed6874a546e9b9/Expansion-of-the-known-distribution-of-Brachytron-pratense-Mueller-1764-Odonata-Aeshnidae-in-Cantabria-northern-Spain.pdf","",818,"2026-04-12 18:56:36","PDF","","",,,,,,0,0.00,0,2,3,"New records of the dragonfly Brachytron pratense (Müller, 1764), in the province of Cantabria, northern Spain, are provided. These observations contribute to expanding the known …","https://www.researchgate.net/profile/Bartholomeus-Van-Hoof/publication/372649237_Expansion_of_the_known_distribution_of_Brachytron_pratense_Muller_1764_Odonata_Aeshnidae_in_Cantabria_northern_Spain/links/64c1577db9ed6874a546e9b9/Expansion-of-the-known-distribution-of-Brachytron-pratense-Mueller-1764-Odonata-Aeshnidae-in-Cantabria-northern-Spain.pdf","https://scholar.google.com/scholar?q=related:pAjtGfYQQsUJ:scholar.google.com/&scioq=odonata%7Cdragonfly%7Cdragonflies%7Cdamselfly%7Cdamselflies&hl=en&as_sdt=0,5&as_ylo=2023&as_yhi=2023"
0,"KS RANJAN, A Pawar, A Roy, S Saha","Experimental force measurement study of Pantala flavescens in tailwind flight",2023,"Bulletin of the American Physical …","APS","https://meetings.aps.org/Meeting/DFD23/Session/T06.4","",812,"2026-04-12 18:56:36","","","",,,,,,0,0.00,0,4,3,"… We positioned a dragonfly in a tailwind and three crosswind-tailwind … , the dragonfly generates thrust three times its weight at all orientations. Our results show that the dragonfly employs …","","https://scholar.google.com/scholar?q=related:jQ-wWeKJG-oJ:scholar.google.com/&scioq=odonata%7Cdragonfly%7Cdragonflies%7Cdamselfly%7Cdamselflies&hl=en&as_sdt=0,5&as_ylo=2023&as_yhi=2023"
1,"J Heebner, B Provencher, N Piché, M Marsh","Expert-and Nonexpert-friendly Framework for Deep Learning Image Segmentation Demonstrates Successes Across Applications in vEM, CryoEM, MicroCT and …",2023,"","academic.oup.com","https://academic.oup.com/mam/article-abstract/29/Supplement_1/984/7228738","https://scholar.google.com/scholar?cites=5173722726026173480&as_sdt=2005&sciodt=0,5&hl=en",678,"2026-04-12 18:56:36","","","",,,,,,1,0.33,0,4,3,"… available deep learning enabled Dragonfly image analysis software [2]… Dragonfly for both Windows and Linux, negating any requirements for configuration expertise. Updated Dragonfly …","","https://scholar.google.com/scholar?q=related:KNwnY2jBzEcJ:scholar.google.com/&scioq=odonata%7Cdragonfly%7Cdragonflies%7Cdamselfly%7Cdamselflies&hl=en&as_sdt=0,5&as_ylo=2023&as_yhi=2023"
0,"ML Ilhamdi, AR Ivansyah, M Syazali","Exploration of The Species Richness of Dragonfly (Hexapoda: Odonata) in The Rice Field Ecosystem of Perian village, Montong Gading, East Lombok",2023,"Jurnal Biologi Tropis","jurnalfkip.unram.ac.id","https://jurnalfkip.unram.ac.id/index.php/JBT/article/view/5778","",583,"2026-04-12 18:56:36","","","",,,,,,0,0.00,0,3,3,"… of dragonfly … Dragonfly searches were carried out in the morning from 08.00 – 12.00, and in the afternoon from 14.00 – 18.00 on two transects determined purposively. The odonata …","https://jurnalfkip.unram.ac.id/index.php/JBT/article/download/5778/3445","https://scholar.google.com/scholar?q=related:ckDQi1kTIV8J:scholar.google.com/&scioq=odonata%7Cdragonfly%7Cdragonflies%7Cdamselfly%7Cdamselflies&hl=en&as_sdt=0,5&as_ylo=2023&as_yhi=2023"
9,"ER Tolman, CD Beatty, J Bush, MK Kohli…","Exploring chromosome evolution in 250 million year old groups of dragonflies and damselflies (Insecta: Odonata)",2023,"Molecular …","Wiley Online Library","https://onlinelibrary.wiley.com/doi/abs/10.1111/mec.17147","https://scholar.google.com/scholar?cites=7512690934690396976&as_sdt=2005&sciodt=0,5&hl=en",66,"2026-04-12 18:56:36","","10.1111/mec.17147","",,,,,,9,3.00,2,5,3,"… of two damselfly species, Ischnura elegans and Platycnemis pennipes, and two dragonfly … hageni, we demonstrate that the autosomes of Odonata have undergone few fission, fusion, or …","https://onlinelibrary.wiley.com/doi/pdf/10.1111/mec.17147","https://scholar.google.com/scholar?q=related:MLuE5ZlwQmgJ:scholar.google.com/&scioq=odonata%7Cdragonfly%7Cdragonflies%7Cdamselfly%7Cdamselflies&hl=en&as_sdt=0,5&as_ylo=2023&as_yhi=2023"
3,"X Xu","Exploring machine learning models with spatial-temporal information for interconnect network traffic forecasting",2023,"Proceedings of the 2023 ACM SIGSIM Conference on …","dl.acm.org","https://dl.acm.org/doi/abs/10.1145/3573900.3593635","https://scholar.google.com/scholar?cites=8421248219475714151&as_sdt=2005&sciodt=0,5&hl=en",865,"2026-04-12 18:56:36","","10.1145/3573900.3593635","",,,,,,3,1.00,3,1,3,"… The Dragonfly network is an example of a hierarchical, high-radix and low-diameter topology that offers high-bandwidth and low-latency service while reducing network costs [4, 5]. The …","https://dl.acm.org/doi/pdf/10.1145/3573900.3593635","https://scholar.google.com/scholar?q=related:Z6A9T6NI3nQJ:scholar.google.com/&scioq=odonata%7Cdragonfly%7Cdragonflies%7Cdamselfly%7Cdamselflies&hl=en&as_sdt=0,5&as_ylo=2023&as_yhi=2023"
0,"W Suero Amparo, M Trainer, X Li…","Exploring the capability of Laser Desorption Mass Spectrometry (LDMS) to identify salts and nucleobases in Titan's surface materials for the Dragonfly Mass …",2023,"AAS/Division for …","ui.adsabs.harvard.edu","https://ui.adsabs.harvard.edu/abs/2023DPS....5520501S/abstract","",610,"2026-04-12 18:56:36","","","",,,,,,0,0.00,0,4,3,"NASA's Dragonfly mission will send a rotorcraft lander to assess the prebiotic chemistry and habitability of Saturn's largest moon, Titan. The scientific payload aboard Dragonfly includes …","","https://scholar.google.com/scholar?q=related:daFNxLh1gG0J:scholar.google.com/&scioq=odonata%7Cdragonfly%7Cdragonflies%7Cdamselfly%7Cdamselflies&hl=en&as_sdt=0,5&as_ylo=2023&as_yhi=2023"
3,"LML Burkhard, SA Fagents","Exploring the initial landing site area of Dragonfly on Titan: Insights into shear failure and strike-slip faulting at Selk crater",2023,"Icarus","Elsevier","https://www.sciencedirect.com/science/article/pii/S001910352300341X","https://scholar.google.com/scholar?cites=12947056045912550663&as_sdt=2005&sciodt=0,5&hl=en",246,"2026-04-12 18:56:36","","","",,,,,,3,1.00,2,2,3,"… In this study, we examine the proposed Dragonfly landing site … exploration of Titan through the Dragonfly mission. To gain new … Missions like Dragonfly, Europa Clipper and ESA's JUICE …","https://www.sciencedirect.com/science/article/am/pii/S001910352300341X","https://scholar.google.com/scholar?q=related:B-2wl-AurbMJ:scholar.google.com/&scioq=odonata%7Cdragonfly%7Cdragonflies%7Cdamselfly%7Cdamselflies&hl=en&as_sdt=0,5&as_ylo=2023&as_yhi=2023"
0,"C Molineri, JA Márquez, JS Rodríguez, DE Emmerich…","Exploring the Odonata diversity in the Chaco ecoregion (Northern Argentina)",2023,"","ri.conicet.gov.ar","https://ri.conicet.gov.ar/handle/11336/226154","",484,"2026-04-12 18:56:36","","","",,,,,,0,0.00,0,5,3,"During 2021 and 2022, 33 localities mostly in the Dry Chaco ecoregion from Argentina were assessed for Odonata diversity. We registered 84 species, about 29% of the total richness …","https://ri.conicet.gov.ar/bitstream/handle/11336/226154/CONICET_Digital_Nro.48cedb7b-9fc8-4310-a406-d62bc54e291a_B.pdf?sequence=2","https://scholar.google.com/scholar?q=related:eY8-NBTew8UJ:scholar.google.com/&scioq=odonata%7Cdragonfly%7Cdragonflies%7Cdamselfly%7Cdamselflies&hl=en&as_sdt=0,5&as_ylo=2023&as_yhi=2023"
7,"P Lambret, M Jeanmougin, R Stoks","Factors driving larval abundance and adult size of the threatened Lestes macrostigma (Odonata): keys for water management and habitat restoration",2023,"Journal of Insect Conservation","Springer","https://link.springer.com/article/10.1007/s10841-023-00461-3","https://scholar.google.com/scholar?cites=6739942801527893489&as_sdt=2005&sciodt=0,5&hl=en",132,"2026-04-12 18:56:36","","10.1007/s10841-023-00461-3","",,,,,,7,2.33,2,3,3,"Freshwater insects have dramatically declined during the last decades. Lestes macrostigma is a damselfly of temporary brackish ponds, and is threatened in Europe. Better …","https://libellules.pnaopie.fr/wp-content/uploads/2024/11/Lambret-et-al.-2023-Factors-driving-larval-abundance-and-adult-size-of.pdf","https://scholar.google.com/scholar?q=related:8W2Fq0QWiV0J:scholar.google.com/&scioq=odonata%7Cdragonfly%7Cdragonflies%7Cdamselfly%7Cdamselflies&hl=en&as_sdt=0,5&as_ylo=2023&as_yhi=2023"
8,"F Palacino Rodríguez, MA Altamiranda Saavedra…","Factors influencing predation on Odonata by Argiope trifasciata (Forsskål, 1775)",2023,"","dspace.tdea.edu.co","https://dspace.tdea.edu.co/bitstreams/d13989ae-1b91-44f6-9ed7-47af392f4927/download","https://scholar.google.com/scholar?cites=1060366904063870808&as_sdt=2005&sciodt=0,5&hl=en",127,"2026-04-12 18:56:36","PDF","","",,,,,,8,2.67,3,3,3,"… records of spiders predating upon dragonflies/damselflies, studies on these interactions are … approaches as Odonata predation strategies. Our findings showed that larger Odonata are …","https://dspace.tdea.edu.co/bitstreams/d13989ae-1b91-44f6-9ed7-47af392f4927/download","https://scholar.google.com/scholar?q=related:WMdOyBQutw4J:scholar.google.com/&scioq=odonata%7Cdragonfly%7Cdragonflies%7Cdamselfly%7Cdamselflies&hl=en&as_sdt=0,5&as_ylo=2023&as_yhi=2023"
2,"G BUȘMACHIU, S BACAL, E ENCIU, C ȚUGULEA…","Fauna Rezervației Biosferei „Prutul de Jos”: Nevertebrate:(Collembola, Odonata, Hemiptera, Coleoptera și Lepidoptera)",2023,"","Institutul de Zoologie, USM","","https://scholar.google.com/scholar?cites=13369576691620766773&as_sdt=2005&sciodt=0,5&hl=en",954,"2026-04-12 18:56:36","CITATION","","",,,,,,2,0.67,0,5,3,"","","https://scholar.google.com/scholar?q=related:NeRlfSpHirkJ:scholar.google.com/&scioq=odonata%7Cdragonfly%7Cdragonflies%7Cdamselfly%7Cdamselflies&hl=en&as_sdt=0,5&as_ylo=2023&as_yhi=2023"
6,"ZT Raouf, DH Abd","Feature selection for binary dataset using dragonfly algorithm",2023,"2023 16th International Conference on …","ieeexplore.ieee.org","https://ieeexplore.ieee.org/abstract/document/10469222/","https://scholar.google.com/scholar?cites=8854322891338378946&as_sdt=2005&sciodt=0,5&hl=en",100,"2026-04-12 18:56:36","","","",,,,,,6,2.00,3,2,3,"… efficacy of the “Dragonfly Algorithm” in the … Dragonfly Algorithm to perform feature reduction. The primary focus of this investigation is to evaluate whether the application of the Dragonfly …","","https://scholar.google.com/scholar?q=related:wm7V6MHf4HoJ:scholar.google.com/&scioq=odonata%7Cdragonfly%7Cdragonflies%7Cdamselfly%7Cdamselflies&hl=en&as_sdt=0,5&as_ylo=2023&as_yhi=2023"
0,"LJ Haji, S Kumar","Feature Selection-Based Machine Learning Model for Malware Detection",2023,"International Conference on Machine Learning, Deep …","Springer","https://link.springer.com/chapter/10.1007/978-3-031-47942-7_43","",740,"2026-04-12 18:56:36","","10.1007/978-3-031-47942-7_43","",,,,,,0,0.00,0,2,3,"… with feature selection including dragonfly optimization (DFO) and … Our experimental results show that the dragonfly feature … from the dataset, we used dragonfly optimization and PSO as …","","https://scholar.google.com/scholar?q=related:57ik1ESFd4kJ:scholar.google.com/&scioq=odonata%7Cdragonfly%7Cdragonflies%7Cdamselfly%7Cdamselflies&hl=en&as_sdt=0,5&as_ylo=2023&as_yhi=2023"
2,"CPPHM Gamage, WASPP Rathnayake…","Feeding behaviour of Orthetrum sabina sabina from Sri Lanka",2023,"Scientific Reports in …","scientific-reports.com","https://www.scientific-reports.com/index.php/srls/article/view/91","https://scholar.google.com/scholar?cites=15356611108987484702&as_sdt=2005&sciodt=0,5&hl=en",555,"2026-04-12 18:56:36","","","",,,,,,2,0.67,1,3,3,"… on the distribution of Odonata species and … dragonfly with its hinged jaws that can open as wide as its head is then able to consume the rest of the male Neurothemis tullia tullia dragonfly…","https://www.scientific-reports.com/index.php/srls/article/download/91/105","https://scholar.google.com/scholar?q=related:HjoE2XCkHdUJ:scholar.google.com/&scioq=odonata%7Cdragonfly%7Cdragonflies%7Cdamselfly%7Cdamselflies&hl=en&as_sdt=0,5&as_ylo=2023&as_yhi=2023"
0,"CPPH Mathara Gamage…","Feeding behaviour of Orthetrum sabina sabina from Sri Lanka.",2023,"Scientific Reports in …","search.ebscohost.com","https://search.ebscohost.com/login.aspx?direct=true&profile=ehost&scope=site&authtype=crawler&jrnl=27181014&AN=175218792&h=IZBleWxUrf2TuUBW%2FncYtBG3Uox7UbMv1o3w%2FU87e1YTECTDrd%2Bc3oxYhBU8Z27mDNpY1%2FibAFscUniAbsrOaA%3D%3D&crl=c","",641,"2026-04-12 18:56:36","","","",,,,,,0,0.00,0,2,3,"… on the distribution of Odonata species and … dragonfly with its hinged jaws that can open as wide as its head is then able to consume the rest of the male Neurothemis tullia tullia dragonfly…","","https://scholar.google.com/scholar?q=related:-h6p4fEiIikJ:scholar.google.com/&scioq=odonata%7Cdragonfly%7Cdragonflies%7Cdamselfly%7Cdamselflies&hl=en&as_sdt=0,5&as_ylo=2023&as_yhi=2023"
4,"S Márquez-Rodríguez","Ferreras-Romero (2023): Effect of forest fires on a Mediterranean Odonata assemblage",2023,"Internafional Journal of Odonatology","worlddragonfly.org","https://www.worlddragonfly.org/s/tijo20v026a4_Marquez-Rodriguez.pdf","https://scholar.google.com/scholar?cites=4384301457832196939&as_sdt=2005&sciodt=0,5&hl=en",241,"2026-04-12 18:56:36","PDF","","",,,,,,4,1.33,4,1,3,"… Following a devastating forest fire, changes in the Odonata larvae assemblage of a headwater stream were analysed during six consecutive years. Five dragonflies survived the fire as …","https://www.worlddragonfly.org/s/tijo20v026a4_Marquez-Rodriguez.pdf","https://scholar.google.com/scholar?q=related:S7tQZvIq2DwJ:scholar.google.com/&scioq=odonata%7Cdragonfly%7Cdragonflies%7Cdamselfly%7Cdamselflies&hl=en&as_sdt=0,5&as_ylo=2023&as_yhi=2023"
0,"R Donovan, S Mirick","Field Notes",2023,"Bird Observer","digitalcommons.usf.edu","https://digitalcommons.usf.edu/cgi/viewcontent.cgi?article=3157&context=bird_observer","",700,"2026-04-12 18:56:36","PDF","","",,,,,,0,0.00,0,2,3,"… cover all the dragonfly and damselfly species in the state, and as species ranges extend well beyond our state borders, it will be a useful tool for anyone interested in dragonflies in New …","https://digitalcommons.usf.edu/cgi/viewcontent.cgi?article=3157&context=bird_observer","https://scholar.google.com/scholar?q=related:Mh8_YCQSms0J:scholar.google.com/&scioq=odonata%7Cdragonfly%7Cdragonflies%7Cdamselfly%7Cdamselflies&hl=en&as_sdt=0,5&as_ylo=2023&as_yhi=2023"
2,"AP Vasilenko, VS Rybakina","Figurative combinations as a translator of the insectological code of culture (based on the images “ladybug”,“butterfly”,“dragonfly” in French and Russian) …",2023,"","Russ","","https://scholar.google.com/scholar?cites=5851024126772261222&as_sdt=2005&sciodt=0,5&hl=en",741,"2026-04-12 18:56:36","CITATION","","",,,,,,2,0.67,1,2,3,"","","https://scholar.google.com/scholar?q=related:ZjGAeHEDM1EJ:scholar.google.com/&scioq=odonata%7Cdragonfly%7Cdragonflies%7Cdamselfly%7Cdamselflies&hl=en&as_sdt=0,5&as_ylo=2023&as_yhi=2023"
3,"K Sumanth, MV Priya","Finding solution for practical economic load dispatch problem using dragonfly algorithm in comparison with novel bat algorithm",2023,"2023 International Conference on …","ieeexplore.ieee.org","https://ieeexplore.ieee.org/abstract/document/10083769/","https://scholar.google.com/scholar?cites=13248337862461550609&as_sdt=2005&sciodt=0,5&hl=en",256,"2026-04-12 18:56:36","","","",,,,,,3,1.00,2,2,3,"… are compared in this study using the Dragonfly algorithm. Reducing the overall cost of … When compared with the novel BAT algorithm, the popular Dragonfly algorithm will result in …","","https://scholar.google.com/scholar?q=related:EfBg3BeN27cJ:scholar.google.com/&scioq=odonata%7Cdragonfly%7Cdragonflies%7Cdamselfly%7Cdamselflies&hl=en&as_sdt=0,5&as_ylo=2023&as_yhi=2023"
2,"QT Phan, TS Keetapithchayakul","First descriptions of the final stadium larva of Heliogomphus chaoi Karube, 2004 and the adult female of Microgomphus jurzitzai Karube, 2000 from Vietnam (Odonata …",2023,"Zootaxa","europepmc.org","https://europepmc.org/article/med/37518396","https://scholar.google.com/scholar?cites=4409464054861929369&as_sdt=2005&sciodt=0,5&hl=en",539,"2026-04-12 18:56:36","","","",,,,,,2,0.67,1,2,3,"The larva of Heliogomphus chaoi Karube, 2004 and the adult female of Microgomphus jurzitzai Karube, 2000 are described from Vietnam for the first time. The morphological difference …","","https://scholar.google.com/scholar?q=related:mRvmDzKQMT0J:scholar.google.com/&scioq=odonata%7Cdragonfly%7Cdragonflies%7Cdamselfly%7Cdamselflies&hl=en&as_sdt=0,5&as_ylo=2023&as_yhi=2023"
0,"MM Gurung, T Wangmo, QT Phan, K Conniff","First record of androchrome females of Anax nigrofasciatus (Odonata: Aeshnidae) from Bhutan and notes on its occurrence in Asia",2023,"Notulae odonatologicae","BioOne","https://bioone.org/journals/notulae-odonatologicae/volume-10/issue-2/nodo.v10i2.a4/First-record-of-androchrome-females-of-Anax-nigrofasciatus-Odonata/10.60024/nodo.v10i2.a4.short","",444,"2026-04-12 18:56:36","","10.60024/nodo.v10i2.a4.short","",,,,,,0,0.00,0,4,3,". Androchrome females of Anax nigrofasciatus were recorded for the first time in Tashigang district of Bhutan. Following the observation, photographs of female androchromes were …","","https://scholar.google.com/scholar?q=related:3KoItGpBOJoJ:scholar.google.com/&scioq=odonata%7Cdragonfly%7Cdragonflies%7Cdamselfly%7Cdamselflies&hl=en&as_sdt=0,5&as_ylo=2023&as_yhi=2023"
0,"S Selvamurugan","First record of Common Torrent Hawk (Epophthalmia vittata Burmeister, 1839) from Tamil nadu.",2023,"Available at SSRN 4624218","papers.ssrn.com","https://papers.ssrn.com/sol3/papers.cfm?abstract_id=4624218","",729,"2026-04-12 18:56:36","","","",,,,,,0,0.00,0,1,3,"… This new record exemplifies gaps in sampling for dragonflies in Tamil nadu and suggests … First record of Anaciaeschna jaspidea and Epophthalmia vittata vittata (Odonata: Anisoptera) …","https://papers.ssrn.com/sol3/Delivery.cfm?abstractid=4624218","https://scholar.google.com/scholar?q=related:yE5PjIqmARIJ:scholar.google.com/&scioq=odonata%7Cdragonfly%7Cdragonflies%7Cdamselfly%7Cdamselflies&hl=en&as_sdt=0,5&as_ylo=2023&as_yhi=2023"
0,"A MUKHERJEE, S MAHATO, S SAMANTA","FIRST RECORD OF RINGED CASCADER ZYGONYX TORRIDUS KIRBY, 1889 DRAGONFLY FROM WEST BENGAL, INDIA",2023,"BIONOTES","entosocindia.org","https://www.entosocindia.org/storage/app/public/pdffinal/Z6g8QJAXu7iqOYUEefOOgFoxhAwzxqzXu9nH7E56.pdf#page=15","",636,"2026-04-12 18:56:36","PDF","","",,,,,,0,0.00,0,3,3,"Only two species under the genus Zygonyx Hagen, 1867 are present in India. One species is Zygonyx iris Selys, 1869 and another species is Zygonyx torridus Kirby, 1889 (…","https://www.entosocindia.org/storage/app/public/pdffinal/Z6g8QJAXu7iqOYUEefOOgFoxhAwzxqzXu9nH7E56.pdf#page=15","https://scholar.google.com/scholar?q=related:TzJLpyNN00sJ:scholar.google.com/&scioq=odonata%7Cdragonfly%7Cdragonflies%7Cdamselfly%7Cdamselflies&hl=en&as_sdt=0,5&as_ylo=2023&as_yhi=2023"
0,"D Sabine, M Sabine…","First records of Seaside Dragonlet (Erythrodiplax berenice) in New Brunswick, Canada: range expansion possibly mediated by climate warming",2023,"The Canadian Field …","canadianfieldnaturalist.ca","https://www.canadianfieldnaturalist.ca/cfn/index.php/cfn/article/view/3065","",707,"2026-04-12 18:56:36","","","",,,,,,0,0.00,0,3,3,"… The species joins a suite of several other Odonata species of southern affinity that have … a dragonfly species strongly associated with saline habitats and the only truly marine dragonfly, …","https://www.canadianfieldnaturalist.ca/cfn/index.php/cfn/article/download/3065/3039","https://scholar.google.com/scholar?q=related:H7tkwCqG8WUJ:scholar.google.com/&scioq=odonata%7Cdragonfly%7Cdragonflies%7Cdamselfly%7Cdamselflies&hl=en&as_sdt=0,5&as_ylo=2023&as_yhi=2023"
0,"AKS Amarga¹, WAJA Mercado","First Report of Euphaea refulgens Hagen in Selys, 1853 (Odonata: Euphaeidae) on Mayon Volcano Natural Park, with Some Records from Luzon and Mindoro …",,"rnhm.org","","https://rnhm.org/wp-content/uploads/2023/11/bnhmp-23202-Amarga-Mercado_First-Report-of-Euphaea-refulgens-Hagen-in-Selys-1853-Odonata-Euphaeidae-2.pdf","",601,"2026-04-12 18:56:36","PDF","","",,,,,,0,0.00,0,2,,"… Euphaea Selys, 1840 is a small genus of damselfly predominantly occurring in the Oriental faunal region. Euphaea damselflies usually exhibit wing sexual dimorphism wherein males …","https://rnhm.org/wp-content/uploads/2023/11/bnhmp-23202-Amarga-Mercado_First-Report-of-Euphaea-refulgens-Hagen-in-Selys-1853-Odonata-Euphaeidae-2.pdf","https://scholar.google.com/scholar?q=related:iXrkKjwYTUIJ:scholar.google.com/&scioq=odonata%7Cdragonfly%7Cdragonflies%7Cdamselfly%7Cdamselflies&hl=en&as_sdt=0,5&as_ylo=2023&as_yhi=2023"
0,"A Shukla, S Tiwari","First report of Zygoptera and Anisoptera (Odonata: Insecta) near Johilla river at Umaria district (MP)",,"academia.edu","","https://www.academia.edu/download/103987445/Odonata_First_Report.pdf","",496,"2026-04-12 18:56:36","PDF","","",,,,,,0,0.00,0,2,,"… Odonata sampling was carried out over … dragonfly species and their activities (Sampling one visit in a week). The current study is based on the population of dragonflies and damselflies. …","https://www.academia.edu/download/103987445/Odonata_First_Report.pdf","https://scholar.google.com/scholar?q=related:Upn2NFdvK2EJ:scholar.google.com/&scioq=odonata%7Cdragonfly%7Cdragonflies%7Cdamselfly%7Cdamselflies&hl=en&as_sdt=0,5&as_ylo=2023&as_yhi=2023"
1,"JD Silva-Hurtado, J Márquez…","First state records of odonates (Insecta: Odonata) from the Sierra Norte de Puebla, Mexico",2023,"Proceedings of the …","BioOne","https://bioone.org/journals/proceedings-of-the-entomological-society-of-washington/volume-124/issue-4/0013-8797.124.4.805/First-State-Records-of-Odonates-Insecta--Odonata-from-the/10.4289/0013-8797.124.4.805.short","https://scholar.google.com/scholar?cites=7628119274069797541&as_sdt=2005&sciodt=0,5&hl=en",305,"2026-04-12 18:56:36","","10.4289/0013-8797.124.4.805.short","",,,,,,1,0.33,0,3,3,". During collections made in 2019 and 2020 at different localities in the Sierra Norte de Puebla (Northern Sierra of Puebla), Mexico, some odonate specimens, representing new state …","https://www.researchgate.net/profile/Jaime-Escoto/publication/372384764_First_State_Records_of_Odonates_Insecta_Odonata_from_the_Sierra_Norte_de_Puebla_Mexico/links/64b6dedf8de7ed28baaaa963/First-State-Records-of-Odonates-Insecta-Odonata-from-the-Sierra-Norte-de-Puebla-Mexico.pdf","https://scholar.google.com/scholar?q=related:pao9cxCG3GkJ:scholar.google.com/&scioq=odonata%7Cdragonfly%7Cdragonflies%7Cdamselfly%7Cdamselflies&hl=en&as_sdt=0,5&as_ylo=2023&as_yhi=2023"
0,"Z Haiyu, S Jingyuan, HU Shuangwei…","Flow characteristic analysis and optimization design of a bionic dragonfly vertical takeoff and landing nozzle",2023,"Acta …","kqdlxxb.xml-journal.net","https://kqdlxxb.xml-journal.net/en/article/doi/10.7638/kqdlxxb-2023.0063","",483,"2026-04-12 18:56:36","","10.7638/kqdlxxb-2023.0063","",,,,,,0,0.00,0,4,3,"In order to improve the stealth performance and maneuverability of the aircraft exhaust system, this paper proposes a bionic dragonfly vertical takeoff and landing nozzle, whose flow …","http://kqdlxxb.xml-journal.net/en/article/pdf/preview/10.7638/kqdlxxb-2023.0063.pdf","https://scholar.google.com/scholar?q=related:kYPtZC5KCs0J:scholar.google.com/&scioq=odonata%7Cdragonfly%7Cdragonflies%7Cdamselfly%7Cdamselflies&hl=en&as_sdt=0,5&as_ylo=2023&as_yhi=2023"
0,"M Tarboton, W Tarboton","Following the Marais way of exploring and documenting",2023,"Plus 50 Streek/Region","journals.co.za","https://journals.co.za/doi/pdf/10.10520/ejc-plus50reg-v1-n2-a9","",839,"2026-04-12 18:56:36","","10.10520/ejc-plus50reg-v1-n2-a9","",,,,,,0,0.00,0,2,3,"… , and our surveys have discovered 92 species of dragonflies here, more than half the species known to … (our book A guide to the dragonflies and damselflies of South Africa, 2018, will …","","https://scholar.google.com/scholar?q=related:HMxLRwhuGVwJ:scholar.google.com/&scioq=odonata%7Cdragonfly%7Cdragonflies%7Cdamselfly%7Cdamselflies&hl=en&as_sdt=0,5&as_ylo=2023&as_yhi=2023"
3,"D Sawant, RM Deulkar, S Ogale, H Ogale","Four new records of dragonflies (Insecta, Odonata) from Amboli region of Western Ghats, Maharashtra, India.",2023,"Entomon","search.ebscohost.com","https://search.ebscohost.com/login.aspx?direct=true&profile=ehost&scope=site&authtype=crawler&jrnl=03779335&AN=162990377&h=EpZWahjzC9QdgnM0PeVBkb76NCnXZ%2BtPP2Pit5JNjzyCDKqwGRVFLm57U2uWqDgjqMv5sUYmIWrfWFvrd%2F8IDQ%3D%3D&crl=c","https://scholar.google.com/scholar?cites=8175855947851508296&as_sdt=2005&sciodt=0,5&hl=en",209,"2026-04-12 18:56:36","","","",,,,,,3,1.00,1,4,3,"… In this paper, four new State records of dragonflies from … The four species reported are the addition to Odonata fauna of … State now has 152 Odonata species from 13 families. Earlier, …","","https://scholar.google.com/scholar?q=related:SCp0wqp5dnEJ:scholar.google.com/&scioq=odonata%7Cdragonfly%7Cdragonflies%7Cdamselfly%7Cdamselflies&hl=en&as_sdt=0,5&as_ylo=2023&as_yhi=2023"
16,"B Singh, A Slowik, SK Bishnoi, M Sharma","Frequency regulation strategy of two-area microgrid system with electric vehicle support using novel fuzzy-based dual-stage controller and modified dragonfly …",2023,"Energies","mdpi.com","https://www.mdpi.com/1996-1073/16/8/3407","https://scholar.google.com/scholar?cites=18152253920514711137&as_sdt=2005&sciodt=0,5&hl=en",92,"2026-04-12 18:56:36","HTML","","",,,,,,16,5.33,4,4,3,"Energy in microgrids (MGs) can now be generated from a variety of renewable sources, but their effective and sustainable use is dependent on electrical energy storage (EES) systems. …","https://www.mdpi.com/1996-1073/16/8/3407","https://scholar.google.com/scholar?q=related:YZ74FMTC6fsJ:scholar.google.com/&scioq=odonata%7Cdragonfly%7Cdragonflies%7Cdamselfly%7Cdamselflies&hl=en&as_sdt=0,5&as_ylo=2023&as_yhi=2023"
1,"F Schulze-Engler","From British Lake to Afrasian Sea: Recalibrations of the Indian Ocean in Yvonne Adhiambo Owuor's The Dragonfly Sea",,"Contradictions, Heterogeneities, Knowledges …","d-nb.info","https://d-nb.info/1343811198/34#page=253","https://scholar.google.com/scholar?cites=16845414210856641151&as_sdt=2005&sciodt=0,5&hl=en",537,"2026-04-12 18:56:36","PDF","","",,,,,,1,0.00,1,1,,"This essay aims to show that Yvonne Owuor’s novel The Dragonfly Sea (2019), the first major East African novel exploring Africa’s relations to China, breaks new ground in African …","https://d-nb.info/1343811198/34#page=253","https://scholar.google.com/scholar?q=related:f2JtVPnuxukJ:scholar.google.com/&scioq=odonata%7Cdragonfly%7Cdragonflies%7Cdamselfly%7Cdamselflies&hl=en&as_sdt=0,5&as_ylo=2023&as_yhi=2023"
7,"DDA Braga, N Kulatova, M Sabt…","From dragondoom to dragonstar: Side-channel attacks and formally verified implementation of WPA3 dragonfly handshake",2023,"2023 IEEE 8th …","ieeexplore.ieee.org","https://ieeexplore.ieee.org/abstract/document/10190549/","https://scholar.google.com/scholar?cites=12431942474259102543&as_sdt=2005&sciodt=0,5&hl=en",149,"2026-04-12 18:56:36","","","",,,,,,7,2.33,2,4,3,"… Then, driven by the need to end the spiral of patch-andhack in Dragonfly implementations, we propose Dragonstar, an implementation of Dragonfly leveraging a formally verified …","https://arxiv.org/pdf/2307.09243","https://scholar.google.com/scholar?q=related:T_tNJtAhh6wJ:scholar.google.com/&scioq=odonata%7Cdragonfly%7Cdragonflies%7Cdamselfly%7Cdamselflies&hl=en&as_sdt=0,5&as_ylo=2023&as_yhi=2023"
0,"JB Burley","From the 28,000 Eyes of the Black Dragonfly (Hēi qīngtíng--黑蜻蜓)",,"researchgate.net","","https://www.researchgate.net/profile/Jon-Burley/publication/375592588_From_the_28000_Eyes_of_the_Black_Dragonfly_Hei_qingting--heiqingting/links/6550cda93fa26f66f4f74450/From-the-28-000-Eyes-of-the-Black-Dragonfly-Hei-qingting--heiqingting.pdf","",947,"2026-04-12 18:56:36","PDF","","",,,,,,0,0.00,0,1,,"Planners and designers are often interested in the opinions and values of seasoned professionals and academics. This document describes some of the values and ideas associated …","https://www.researchgate.net/profile/Jon-Burley/publication/375592588_From_the_28000_Eyes_of_the_Black_Dragonfly_Hei_qingting--heiqingting/links/6550cda93fa26f66f4f74450/From-the-28-000-Eyes-of-the-Black-Dragonfly-Hei-qingting--heiqingting.pdf","https://scholar.google.com/scholar?q=related:3e_Xmw7VC-MJ:scholar.google.com/&scioq=odonata%7Cdragonfly%7Cdragonflies%7Cdamselfly%7Cdamselflies&hl=en&as_sdt=0,5&as_ylo=2023&as_yhi=2023"
0,"CM Suárez-Tovar, M Rocha-Ortega, L Juen…","From the Forest to the City: the Arrival of Dragonflies and Damselflies to the Urban Jungle",2023,"","researchsquare.com","https://www.researchsquare.com/article/rs-2671368/latest","",189,"2026-04-12 18:56:36","","","",,,,,,0,0.00,0,4,3,"… Here we have revised those odonate (dragonflies and damselflies) species are present … dragonflies and damselflies species seem better adapted to urban environments. For dragonflies…","https://www.researchsquare.com/article/rs-2671368/latest.pdf","https://scholar.google.com/scholar?q=related:U8Y3juPVo68J:scholar.google.com/&scioq=odonata%7Cdragonfly%7Cdragonflies%7Cdamselfly%7Cdamselflies&hl=en&as_sdt=0,5&as_ylo=2023&as_yhi=2023"
6,"S Büsse, A Córdoba-Aguilar…","Functional morphology in Odonata",2023,"Dragonflies and …","Oxford University Press","","https://scholar.google.com/scholar?cites=16285591478516494105&as_sdt=2005&sciodt=0,5&hl=en",706,"2026-04-12 18:56:36","CITATION","","",,,,,,6,2.00,2,3,3,"","","https://scholar.google.com/scholar?q=related:Ga8aOioLAuIJ:scholar.google.com/&scioq=odonata%7Cdragonfly%7Cdragonflies%7Cdamselfly%7Cdamselflies&hl=en&as_sdt=0,5&as_ylo=2023&as_yhi=2023"
3,"F Cerini, L Vignoli, M Blust, G Strona","Functional traits predict species co-occurrence patterns in a North American odonata metacommunity. Ecosphere 14: e4732",2023,"","","","https://scholar.google.com/scholar?cites=13564172365834366954&as_sdt=2005&sciodt=0,5&hl=en",823,"2026-04-12 18:56:36","CITATION","","",,,,,,3,1.00,1,4,3,"","","https://scholar.google.com/scholar?q=related:6i-6keaePbwJ:scholar.google.com/&scioq=odonata%7Cdragonfly%7Cdragonflies%7Cdamselfly%7Cdamselflies&hl=en&as_sdt=0,5&as_ylo=2023&as_yhi=2023"
6,"F Cerini, L Vignoli, M Blust, G Strona","Functional traits predict species co‐occurrence patterns in a North American Odonata metacommunity",2023,"Ecosphere","Wiley Online Library","https://esajournals.onlinelibrary.wiley.com/doi/abs/10.1002/ecs2.4732","https://scholar.google.com/scholar?cites=9945845171295952817&as_sdt=2005&sciodt=0,5&hl=en",137,"2026-04-12 18:56:36","","10.1002/ecs2.4732","",,,,,,6,2.00,2,4,3,"… Here, by using a large dataset of dragonflies and damselflies (Odonata), we show that machine learning can harness such complexity, making it possible to accurately predict co-…","https://esajournals.onlinelibrary.wiley.com/doi/pdfdirect/10.1002/ecs2.4732","https://scholar.google.com/scholar?q=related:sR8h6ny9BooJ:scholar.google.com/&scioq=odonata%7Cdragonfly%7Cdragonflies%7Cdamselfly%7Cdamselflies&hl=en&as_sdt=0,5&as_ylo=2023&as_yhi=2023"
6,"B Jiang, J Zhang, X Bai, Y Zhang, Y Yao…","Genetic variation and population structure of a widely distributed damselfly (Ischnura senegalensis)",2023,"Archives of Insect …","Wiley Online Library","https://onlinelibrary.wiley.com/doi/abs/10.1002/arch.22015","https://scholar.google.com/scholar?cites=1310154957794786973&as_sdt=2005&sciodt=0,5&hl=en",147,"2026-04-12 18:56:36","","10.1002/arch.22015","",,,,,,6,2.00,1,6,3,"Ischnura senegalensis Rambur, 1842 is among the most widespread damselfly species in the world. Unlike dragonflies with strong migration abilities, I. senegalensis have limited …","","https://scholar.google.com/scholar?q=related:nT4THP6aLhIJ:scholar.google.com/&scioq=odonata%7Cdragonfly%7Cdragonflies%7Cdamselfly%7Cdamselflies&hl=en&as_sdt=0,5&as_ylo=2023&as_yhi=2023"
5,"M Wellenreuther, RY Dudaniec…","Genomic insights into micro-and macro-evolutionary processes in Odonata",2023,"… and Damselflies …","researchers.mq.edu.au","https://researchers.mq.edu.au/en/publications/genomic-insights-into-micro-and-macro-evolutionary-processes-in-o/","https://scholar.google.com/scholar?cites=13986597552102311574&as_sdt=2005&sciodt=0,5&hl=en",121,"2026-04-12 18:56:36","","","",,,,,,5,1.67,2,3,3,"Odonata (dragonflies and damselflies) present an unparalleled insect system for investigating biodiversity impacts of environmental change because of their ease of sampling, …","","https://scholar.google.com/scholar?q=related:lgZolV5gGsIJ:scholar.google.com/&scioq=odonata%7Cdragonfly%7Cdragonflies%7Cdamselfly%7Cdamselflies&hl=en&as_sdt=0,5&as_ylo=2023&as_yhi=2023"
0,"K Atz","Geometric Deep Learning for De Novo Drug Design and Late-Stage Diversification",2023,"","research-collection.ethz.ch","https://www.research-collection.ethz.ch/entities/publication/d514c165-9502-4ec9-9d92-22c19f07c41a","",718,"2026-04-12 18:56:36","","","",,,,,,0,0.00,0,1,3,"… It was shown that Dragonfly achieves similar … , Dragonfly enables natural-product-inspired de novo design without reduced performance. Further, it was demonstrated that Dragonfly …","https://www.research-collection.ethz.ch/bitstreams/d83512cb-47c8-4f90-a170-dd81cfc71819/download","https://scholar.google.com/scholar?q=related:kHy4qbUzVMQJ:scholar.google.com/&scioq=odonata%7Cdragonfly%7Cdragonflies%7Cdamselfly%7Cdamselflies&hl=en&as_sdt=0,5&as_ylo=2023&as_yhi=2023"
14,"K Nagano, MK Hiraiwa, N Ishiwaka…","Global warming intensifies the interference competition by a poleward-expanding invader on a native dragonfly species",2023,"Royal Society …","royalsocietypublishing.org","https://royalsocietypublishing.org/rsos/article/10/11/230449/91847","https://scholar.google.com/scholar?cites=10514504174680480817&as_sdt=2005&sciodt=0,5&hl=en",54,"2026-04-12 18:56:36","HTML","","",,,,,,14,4.67,4,4,3,"… common and abundant native dragonfly in Japan. Both dragonfly species ordinarily occur … It is also known that dragonfly nymphs of these two species have a sharp dynamic hook at …","https://royalsocietypublishing.org/rsos/article/10/11/230449/91847","https://scholar.google.com/scholar?q=related:MRwxsdYF65EJ:scholar.google.com/&scioq=odonata%7Cdragonfly%7Cdragonflies%7Cdamselfly%7Cdamselflies&hl=en&as_sdt=0,5&as_ylo=2023&as_yhi=2023"
8,"K Lu, S Shen, LM Miller, X Huang","Golden ratio in venation patterns of dragonfly wings",2023,"Scientific Reports","nature.com","https://www.nature.com/articles/s41598-023-34880-8","https://scholar.google.com/scholar?cites=12989796046292561121&as_sdt=2005&sciodt=0,5&hl=en",113,"2026-04-12 18:56:36","HTML","","",,,,,,8,2.67,2,4,3,"… The three-dimensional structure of dragonfly wings … dragonfly wing. The results show that the golden angle or golden ratio indeed dominates in the angular distribution in the dragonfly …","https://www.nature.com/articles/s41598-023-34880-8","https://scholar.google.com/scholar?q=related:4awKZK4GRbQJ:scholar.google.com/&scioq=odonata%7Cdragonfly%7Cdragonflies%7Cdamselfly%7Cdamselflies&hl=en&as_sdt=0,5&as_ylo=2023&as_yhi=2023"
0,"R Khalid Hamad, TA Rashid","GOOSE Algorithm: A Powerful Optimization Tool for Real-World Engineering Challenges and Beyond",2023,"arXiv e-prints","ui.adsabs.harvard.edu","https://ui.adsabs.harvard.edu/abs/2023arXiv230710420K/abstract","",922,"2026-04-12 18:56:36","","","",,,,,,0,0.00,0,2,3,"This study proposes the GOOSE algorithm as a novel metaheuristic algorithm based on the goose's behavior during rest and foraging. The goose stands on one leg and keeps his …","","https://scholar.google.com/scholar?q=related:jEphOdy_eHIJ:scholar.google.com/&scioq=odonata%7Cdragonfly%7Cdragonflies%7Cdamselfly%7Cdamselflies&hl=en&as_sdt=0,5&as_ylo=2023&as_yhi=2023"
13,"G Feng, D Dong, S Zhao, Y Lu","GRAP: Group-level resource allocation policy for reconfigurable dragonfly network in HPC",2023,"… of the 37th International conference on …","dl.acm.org","https://dl.acm.org/doi/abs/10.1145/3577193.3593732","https://scholar.google.com/scholar?cites=11901301932552808497&as_sdt=2005&sciodt=0,5&hl=en",52,"2026-04-12 18:56:36","","10.1145/3577193.3593732","",,,,,,13,4.33,3,4,3,"Dragonfly is a highly scalable, low-diameter, and cost-efficient network topology, which has been adopted in new exascale High Performance Computing (HPC) systems. However, …","https://dl.acm.org/doi/pdf/10.1145/3577193.3593732","https://scholar.google.com/scholar?q=related:Meh6Rg3rKaUJ:scholar.google.com/&scioq=odonata%7Cdragonfly%7Cdragonflies%7Cdamselfly%7Cdamselflies&hl=en&as_sdt=0,5&as_ylo=2023&as_yhi=2023"
0,"A Kadubandi, BG Kircher II, SL Gardner","Gregarine Parasites in Zygoptera of Keith County, NE",2023,"","digitalcommons.unl.edu","https://digitalcommons.unl.edu/ucareresearch/267/","",724,"2026-04-12 18:56:36","","","",,,,,,0,0.00,0,3,3,"… damselfly mass/gregarine intensity, gregarine length &… reject the hypothesis that larger damselfly hosts tend to have larger … showed high levels of parasitism in other damselfly species. …","https://digitalcommons.unl.edu/cgi/viewcontent.cgi?article=1306&context=ucareresearch","https://scholar.google.com/scholar?q=related:csQNhSDABTUJ:scholar.google.com/&scioq=odonata%7Cdragonfly%7Cdragonflies%7Cdamselfly%7Cdamselflies&hl=en&as_sdt=0,5&as_ylo=2023&as_yhi=2023"
2,"J Spoelstra, R Post","Groundwater characterization of the eastern Minesing Wetlands in support of the endangered Hine's emerald dragonfly (Somatochlora hineana)",2023,"Wetlands Ecology and Management","Springer","https://link.springer.com/article/10.1007/s11273-023-09918-3","https://scholar.google.com/scholar?cites=912073669442742875&as_sdt=2005&sciodt=0,5&hl=en",236,"2026-04-12 18:56:36","HTML","10.1007/s11273-023-09918-3","",,,,,,2,0.67,1,2,3,"The Minesing Wetlands contain Canada’s only known population of Hine’s emerald dragonfly (HED), a species listed as endangered since 2011. The HED relies on groundwater …","https://link.springer.com/article/10.1007/s11273-023-09918-3","https://scholar.google.com/scholar?q=related:WyofhCtWqAwJ:scholar.google.com/&scioq=odonata%7Cdragonfly%7Cdragonflies%7Cdamselfly%7Cdamselflies&hl=en&as_sdt=0,5&as_ylo=2023&as_yhi=2023"
2,"D Hayat, N Tariq, SA Zia, G Makai, S Wali…","Guardians of Quetta's Skies: Aeshnidae Dragonflies Explored",2023,"Pak-Euro Journal of …","readersinsight.net","https://readersinsight.net/PJMLS/article/download/2869/2020","https://scholar.google.com/scholar?cites=18077794992673298030&as_sdt=2005&sciodt=0,5&hl=en",190,"2026-04-12 18:56:36","PDF","","",,,,,,2,0.67,0,6,3,"… the species richness of dragonflies (family Aeshnidae) … information about Quetta’s dragonfly (Aeshinidae) population, … A total of 212 specimens of dragonflies were captured with …","https://readersinsight.net/PJMLS/article/download/2869/2020","https://scholar.google.com/scholar?q=related:bpag_MM64foJ:scholar.google.com/&scioq=odonata%7Cdragonfly%7Cdragonflies%7Cdamselfly%7Cdamselflies&hl=en&as_sdt=0,5&as_ylo=2023&as_yhi=2023"
4,"S Lim, JK Park, WB Park, DH Won…","Gut microbiome of three species of Odonata",2023,"Entomological …","Wiley Online Library","https://onlinelibrary.wiley.com/doi/abs/10.1111/1748-5967.12641","https://scholar.google.com/scholar?cites=11363587017537505005&as_sdt=2005&sciodt=0,5&hl=en",179,"2026-04-12 18:56:36","","10.1111/1748-5967.12641","",,,,,,4,1.33,1,5,3,"The influence of diet and host specificity on the fecal microbiome of three adult dragonfly species, Pseudothemis zonata, Orthetrum lineostigma, and Orthetrum melania, was investigated…","","https://scholar.google.com/scholar?q=related:7UaQgi-Ss50J:scholar.google.com/&scioq=odonata%7Cdragonfly%7Cdragonflies%7Cdamselfly%7Cdamselflies&hl=en&as_sdt=0,5&as_ylo=2023&as_yhi=2023"
2,"D Sawant, A Kambli","Gynacantha anandmati, a new species of dragonfly (Odonata: Anisoptera: Aeshnidae) from Maharashtra, India.",2023,"Zootaxa","europepmc.org","https://europepmc.org/article/med/37045083","https://scholar.google.com/scholar?cites=12198617104875177057&as_sdt=2005&sciodt=0,5&hl=en",267,"2026-04-12 18:56:36","","","",,,,,,2,0.67,1,2,3,"We erect Gynacantha anandmati sp. nov. based on one male and one female specimens collected from Thane district of Maharashtra. The new species is distinguished from its …","","https://scholar.google.com/scholar?q=related:YcQWN6AxSqkJ:scholar.google.com/&scioq=odonata%7Cdragonfly%7Cdragonflies%7Cdamselfly%7Cdamselflies&hl=en&as_sdt=0,5&as_ylo=2023&as_yhi=2023"
0,"A Landmann, M Landmann","Habitat requirements, habitat variability, and altitudinal distribution of Coenagrion hylas (Odonata: Coenagrionidae) in the Lech-river valley and beyond (Tyrol, Austria) …",2023,"Libellula","search.ebscohost.com","https://search.ebscohost.com/login.aspx?direct=true&profile=ehost&scope=site&authtype=crawler&jrnl=07236514&AN=173717570&h=Sr%2B%2BgHxXkRG3WUT8QTIdKTIw0%2FQ1MZh8F9V%2F319Iz3xDox9eDhqlsu0KfSbDS91%2BZxH1Hvkyb9aZivk8doZXvA%3D%3D&crl=c","",660,"2026-04-12 18:56:36","","","",,,,,,0,0.00,0,2,3,"Coenagrion hylas is the rarest Central European odonate species and–at present–populations are exclusively known from an extremely limited area of occurrence of about 42 km² in …","","https://scholar.google.com/scholar?q=related:jPGNzswnNy8J:scholar.google.com/&scioq=odonata%7Cdragonfly%7Cdragonflies%7Cdamselfly%7Cdamselflies&hl=en&as_sdt=0,5&as_ylo=2023&as_yhi=2023"
11,"L Pereira-Moura, DS Veras, FG de Carvalho, L Juen…","Habitat specificity and morphology-main filters for the distribution of Odonata in the Cerrado Maranhense, Brazil",2023,"Aquatic ecology","Springer","https://link.springer.com/article/10.1007/s10452-023-10021-1","https://scholar.google.com/scholar?cites=4467783402553173099&as_sdt=2005&sciodt=0,5&hl=en",57,"2026-04-12 18:56:36","","10.1007/s10452-023-10021-1","",,,,,,11,3.67,2,5,3,"Odonata is amphibian insects, widely used in studies of aquatic ecosystems. In order for us to improve their use as bioindicator organisms, there is a need to increase our knowledge of …","","https://scholar.google.com/scholar?q=related:a2SRUlXBAD4J:scholar.google.com/&scioq=odonata%7Cdragonfly%7Cdragonflies%7Cdamselfly%7Cdamselflies&hl=en&as_sdt=0,5&as_ylo=2023&as_yhi=2023"
0,"H Ray, JL Gillett-Kaufman","Halloween Pennant Dragonfly Celithemis eponina Drury (Odonata: Libellulidae)",2023,"","ask.ifas.ufl.edu","https://ask.ifas.ufl.edu/publication/IN1153","",488,"2026-04-12 18:56:36","HTML","","",,,,,,0,0.00,0,2,3,"… Celithemis eponina Drury, the Halloween pennant dragonfly, is a brightly colored dragonfly found in the eastern United States (Figure 1). The Halloween pennant gets its name from its …","https://ask.ifas.ufl.edu/publication/IN1153","https://scholar.google.com/scholar?q=related:C2403Bc5_o4J:scholar.google.com/&scioq=odonata%7Cdragonfly%7Cdragonflies%7Cdamselfly%7Cdamselflies&hl=en&as_sdt=0,5&as_ylo=2023&as_yhi=2023"
18,"J Woo, H An, JD Gelfand, CJ Hailey…","Hard X-Ray Observation and Multiwavelength Study of the PeVatron Candidate Pulsar Wind Nebula “Dragonfly”",2023,"The Astrophysical …","iopscience.iop.org","https://iopscience.iop.org/article/10.3847/1538-4357/acdd5e/meta","https://scholar.google.com/scholar?cites=1980772998786507722&as_sdt=2005&sciodt=0,5&hl=en",48,"2026-04-12 18:56:36","","10.3847/1538-4357/acdd5e","",,,,,,18,6.00,4,5,3,"… the Dragonfly’s potential as a leptonic PeVatron. We report the first hard X-ray observation of the Dragonfly … data and 13 yr of Fermi data on the Dragonfly. We combine the spectra of the …","https://iopscience.iop.org/article/10.3847/1538-4357/acdd5e/pdf","https://scholar.google.com/scholar?q=related:yuNaPYwefRsJ:scholar.google.com/&scioq=odonata%7Cdragonfly%7Cdragonflies%7Cdamselfly%7Cdamselflies&hl=en&as_sdt=0,5&as_ylo=2023&as_yhi=2023"
2,"M Lashgari, A Naghash","Hardware in the loop simulation and implementation of a dragonfly-like MAV using clap and fling mechanism",2023,"Proceedings of the Institution of …","journals.sagepub.com","https://journals.sagepub.com/doi/abs/10.1177/09544062221142760","https://scholar.google.com/scholar?cites=10812861994942972180&as_sdt=2005&sciodt=0,5&hl=en",317,"2026-04-12 18:56:36","","10.1177/09544062221142760","",,,,,,2,0.67,1,2,3,"The main aim of this paper is to model and simulate flight dynamics and to design a controller for a dragonfly-like micro aerial vehicle (MAV). This MAV has flapping wings using a clap …","","https://scholar.google.com/scholar?q=related:FMHlBbIAD5YJ:scholar.google.com/&scioq=odonata%7Cdragonfly%7Cdragonflies%7Cdamselfly%7Cdamselflies&hl=en&as_sdt=0,5&as_ylo=2023&as_yhi=2023"
1,"DA Williams, MH Flood","Hematoloechus sp. attachment shifts endothelium in vivo from pro- to anti-inflammatory profile in Rana pipiens: evidence from systemic and capillary physiology",2023,"American Journal of Physiology …","journals.physiology.org","https://journals.physiology.org/doi/abs/10.1152/ajpregu.00041.2023","https://scholar.google.com/scholar?cites=7559574543937695713&as_sdt=2005&sciodt=0,5&hl=en",853,"2026-04-12 18:56:36","","10.1152/ajpregu.00041.2023","",,,,,,1,0.33,1,2,3,"… dragonflies or damselflies (odonata). When a frog (or toad) eats a dragonfly or damselfly and … of invertebrates including ants, beetles, and dragonflies. Rana pipiens is a definitive host of …","https://journals.physiology.org/doi/prev/20230605-aop/pdf/10.1152/ajpregu.00041.2023","https://scholar.google.com/scholar?q=related:4e990P4A6WgJ:scholar.google.com/&scioq=odonata%7Cdragonfly%7Cdragonflies%7Cdamselfly%7Cdamselflies&hl=en&as_sdt=0,5&as_ylo=2023&as_yhi=2023"
0,"E Tolman, C Beatty, J Bush, M Kohli, P Frandsen…","High levels of chromosomal synteny in 250 million year old groups of dragonflies and damselflies (Insecta: Odonata)",2023,"","academia.edu","https://www.academia.edu/download/107376081/latest.pdf","",482,"2026-04-12 18:56:36","PDF","","",,,,,,0,0.00,0,6,3,"… hageni, we demonstrate that the autosomes of Odonata show a high level of conservation, despite … Micro- and sex chromosomes in Odonata do not share the same level of synteny as …","https://www.academia.edu/download/107376081/latest.pdf","https://scholar.google.com/scholar?q=related:wLLq4i3TJJAJ:scholar.google.com/&scioq=odonata%7Cdragonfly%7Cdragonflies%7Cdamselfly%7Cdamselflies&hl=en&as_sdt=0,5&as_ylo=2023&as_yhi=2023"
0,"R Jin, SCY Ng, M Roberts, KL Li","High-Resolution Radio Study of the Dragonfly Pulsar Wind Nebula",2023,"AAS/High Energy …","ui.adsabs.harvard.edu","https://ui.adsabs.harvard.edu/abs/2023HEAD...2011637J/abstract","",586,"2026-04-12 18:56:36","","","",,,,,,0,0.00,0,4,3,"When pulsar wind expands into the surrounding material left by the early expansion of SNR it is shocked and forms a magnetic bubble called a"" pulsar wind nebula (PWN)"". The …","","https://scholar.google.com/scholar?q=related:Qn0KxEJYprIJ:scholar.google.com/&scioq=odonata%7Cdragonfly%7Cdragonflies%7Cdamselfly%7Cdamselflies&hl=en&as_sdt=0,5&as_ylo=2023&as_yhi=2023"
6,"R Jin, CY Ng, MSE Roberts, KL Li","High-resolution radio study of the dragonfly pulsar wind nebula powered by psr j2021+ 3651",2023,"The Astrophysical Journal","iopscience.iop.org","https://iopscience.iop.org/article/10.3847/1538-4357/aca656/meta","https://scholar.google.com/scholar?cites=5140720467796466532&as_sdt=2005&sciodt=0,5&hl=en",170,"2026-04-12 18:56:36","","10.3847/1538-4357/aca656","",,,,,,6,2.00,2,4,3,"The Dragonfly Nebula (G75.2+0.1) powered by the young pulsar J2021+3651 is a rare pulsar wind nebula (PWN) that shows double tori and polar jets enclosed by a bow-shock …","https://iopscience.iop.org/article/10.3847/1538-4357/aca656/pdf","https://scholar.google.com/scholar?q=related:ZJuWXAeCV0cJ:scholar.google.com/&scioq=odonata%7Cdragonfly%7Cdragonflies%7Cdamselfly%7Cdamselflies&hl=en&as_sdt=0,5&as_ylo=2023&as_yhi=2023"
26,"C Wang, X Wang, J Yu, B Ding","Highly transparent carbon nanofibrous membranes inspired by dragonfly wings",2023,"ACS nano","ACS Publications","https://pubs.acs.org/doi/abs/10.1021/acsnano.3c02667","https://scholar.google.com/scholar?cites=13870846151268379139&as_sdt=2005&sciodt=0,5&hl=en",43,"2026-04-12 18:56:36","","10.1021/acsnano.3c02667","",,,,,,26,8.67,7,4,3,"… In the current study, a biomimetic TCNFM inspired by dragonfly wings is fabricated using electrospinning technologies and a self-designed patterned substrate, with the aim to construct …","","https://scholar.google.com/scholar?q=related:AypybBUlf8AJ:scholar.google.com/&scioq=odonata%7Cdragonfly%7Cdragonflies%7Cdamselfly%7Cdamselflies&hl=en&as_sdt=0,5&as_ylo=2023&as_yhi=2023"
11,"AJ Ewunkem, FB A'lyiha, BL Justice…","Honeybee wings hold antibiofouling and antimicrobial clues for improved applications in health care and industries",2023,"AIMS …","pmc.ncbi.nlm.nih.gov","https://pmc.ncbi.nlm.nih.gov/articles/PMC10113161/","https://scholar.google.com/scholar?cites=13338685152442388859&as_sdt=2005&sciodt=0,5&hl=en",862,"2026-04-12 18:56:36","HTML","","",,,,,,11,3.67,3,4,3,"… Some insects such as cicada, damselfly, and dragonfly are known to have antimicrobial and antibiofouling potential mediated by mediated by the physical nanoprotrusions (known as …","https://pmc.ncbi.nlm.nih.gov/articles/PMC10113161/","https://scholar.google.com/scholar?q=related:exEbinmHHLkJ:scholar.google.com/&scioq=odonata%7Cdragonfly%7Cdragonflies%7Cdamselfly%7Cdamselflies&hl=en&as_sdt=0,5&as_ylo=2023&as_yhi=2023"
21,"NK Dewangan, J Pang, C Zhao, C Cao, B Yin, S Weng…","Host and transmission route of Enterocytozoon hepatopenaei (EHP) between dragonfly and shrimp",2023,"Aquaculture","Elsevier","https://www.sciencedirect.com/science/article/pii/S0044848623004167","https://scholar.google.com/scholar?cites=10490515593699512021&as_sdt=2005&sciodt=0,5&hl=en",29,"2026-04-12 18:56:36","","10.1101/2023.02.17.528912.full","",,,,,,21,7.00,3,7,3,"… the cohabitation of EHP-infected dragonfly nymphs with EHP-free … dragonflies can act as natural EHP hosts, and a novel EHP horizontal transmission route exists between dragonflies …","https://www.biorxiv.org/content/10.1101/2023.02.17.528912.full.pdf","https://scholar.google.com/scholar?q=related:1c4n8VnMlZEJ:scholar.google.com/&scioq=odonata%7Cdragonfly%7Cdragonflies%7Cdamselfly%7Cdamselflies&hl=en&as_sdt=0,5&as_ylo=2023&as_yhi=2023"
0,"J Pang, C Zhao, C Cao, B Yin, S Weng, J He","Host and transmission route ofEnterocytozoon hepatopenaei(EHP) from dragonfly to shrimp",2023,"","europepmc.org","https://europepmc.org/article/ppr/ppr618071","",519,"2026-04-12 18:56:36","","","",,,,,,0,0.00,0,6,3,"… the cohabitation of EHP-infected dragonfly nymphs with EHP-free … dragonflies can act as natural EHP hosts, and a novel EHP horizontal transmission route exists between dragonflies …","","https://scholar.google.com/scholar?q=related:momy_T8_7BEJ:scholar.google.com/&scioq=odonata%7Cdragonfly%7Cdragonflies%7Cdamselfly%7Cdamselflies&hl=en&as_sdt=0,5&as_ylo=2023&as_yhi=2023"
0,"L Stahl","How does temperature and resource level affect competition in two species of dragonfly larvae?",2023,"","diva-portal.org","https://www.diva-portal.org/smash/record.jsf?pid=diva2:1790373","",400,"2026-04-12 18:56:36","","","",,,,,,0,0.00,0,1,3,"In the wakes of climate change, the phenology of many species is shifting. This can have many implications for inter-specific competition. In this thesis I studied how temperature affected …","https://www.diva-portal.org/smash/get/diva2:1790373/FULLTEXT01.pdf","https://scholar.google.com/scholar?q=related:9BjBTMjfeJIJ:scholar.google.com/&scioq=odonata%7Cdragonfly%7Cdragonflies%7Cdamselfly%7Cdamselflies&hl=en&as_sdt=0,5&as_ylo=2023&as_yhi=2023"
3,"T Umeda","How to identify Odonata nymphs: an illustrated guide to the 130 species of Odonata nymphs in Honshu, Shikoku, and Kyushu, Japan",2023,"Sekaibunka Holdings, Tokyo (in Japanese)","","","https://scholar.google.com/scholar?cites=14050999017724939081&as_sdt=2005&sciodt=0,5&hl=en",787,"2026-04-12 18:56:36","CITATION","","",,,,,,3,1.00,3,1,3,"","","https://scholar.google.com/scholar?q=related:SYvbRikt_8IJ:scholar.google.com/&scioq=odonata%7Cdragonfly%7Cdragonflies%7Cdamselfly%7Cdamselflies&hl=en&as_sdt=0,5&as_ylo=2023&as_yhi=2023"
0,"J Fenster-Sparber","How to Ride a Dragonfly.",2023,"WebOnlyReviewsSLJ","go.gale.com","https://go.gale.com/ps/i.do?p=AONE&sw=w&issn=&v=2.1&it=r&id=GALE%7CA760879349&sid=googleScholar&linkaccess=abs","",526,"2026-04-12 18:56:36","","","",,,,,,0,0.00,0,1,3,"Toddler-PreS—Lush, whimsical watercolor and ink illustrations beckon"" you,"" the main character, to shrink yourself down to thimble-size and direct you to lasso a dragonfly. Now that you…","","https://scholar.google.com/scholar?q=related:GZ-6NXFXwf0J:scholar.google.com/&scioq=odonata%7Cdragonfly%7Cdragonflies%7Cdamselfly%7Cdamselflies&hl=en&as_sdt=0,5&as_ylo=2023&as_yhi=2023"
0,"GMK Beermann","How to Ride a Dragonfly.",2023,"The Horn Book Magazine","go.gale.com","https://go.gale.com/ps/i.do?id=GALE%7CA763555499&sid=googleScholar&v=2.1&it=r&linkaccess=abs&issn=00185078&p=AONE&sw=w","",545,"2026-04-12 18:56:36","","","",,,,,,0,0.00,0,1,3,"… In this whimsical how-to, a young child in a red dress with white polka dots follows the offstage narrator's instructions, beginning with how to shrink: ""Put a rose petal in your pocket …","","https://scholar.google.com/scholar?q=related:pKl0yE11Cg8J:scholar.google.com/&scioq=odonata%7Cdragonfly%7Cdragonflies%7Cdamselfly%7Cdamselflies&hl=en&as_sdt=0,5&as_ylo=2023&as_yhi=2023"
22,"S Moturi, S Vemuru, SN Tirumala Rao…","Hybrid binary dragonfly algorithm with grey wolf optimization for feature selection",2023,"International Conference …","Springer","https://link.springer.com/chapter/10.1007/978-981-99-3315-0_47","https://scholar.google.com/scholar?cites=3095145664818576099&as_sdt=2005&sciodt=0,5&hl=en",42,"2026-04-12 18:56:36","","10.1007/978-981-99-3315-0_47","",,,,,,22,7.33,6,4,3,"… Moreover, if there are no neighbouring dragonflies, then the dragonflies … dragonfly position, X t refers to the placement of tth a closer dragonfly and nm refers to the adjacent dragonfly …","https://www.researchgate.net/profile/M-Sireesha/publication/372598024_Hybrid_Binary_Dragonfly_Algorithm_with_Grey_Wolf_Optimization_for_Feature_Selection/links/658998380bb2c7472b0fb9bf/Hybrid-Binary-Dragonfly-Algorithm-with-Grey-Wolf-Optimization-for-Feature-Selection.pdf","https://scholar.google.com/scholar?q=related:4_qZV5Uq9CoJ:scholar.google.com/&scioq=odonata%7Cdragonfly%7Cdragonflies%7Cdamselfly%7Cdamselflies&hl=en&as_sdt=0,5&as_ylo=2023&as_yhi=2023"
11,"S Mishra, PC Nayak, RC Prusty…","Hybrid dragonfly algorithm and pattern search optimized adaptive fuzzy PID controller for frequency regulation of multi microgrid system using Henkel matrix based …",2023,"International Journal of …","Wiley Online Library","https://onlinelibrary.wiley.com/doi/abs/10.1002/jnm.3029","https://scholar.google.com/scholar?cites=2568835021632425915&as_sdt=2005&sciodt=0,5&hl=en",150,"2026-04-12 18:56:36","","10.1002/jnm.3029","",,,,,,11,3.67,3,4,3,"This paper proposes frequency regulation of multi microgrid systems. The system under study consists of wind energy, solar energy and energy storage system operating in dissimilar …","","https://scholar.google.com/scholar?q=related:u8_7htdVpiMJ:scholar.google.com/&scioq=odonata%7Cdragonfly%7Cdragonflies%7Cdamselfly%7Cdamselflies&hl=en&as_sdt=0,5&as_ylo=2023&as_yhi=2023"
0,"S Yadav, S Nanivadekar, BM Vyas","Hybrid Moth Search and Dragonfly Algorithm for Energy-Efficient 5G",2023,"Machine Learning and …","books.google.com","https://books.google.com/books?hl=en&lr=&id=5BW_EAAAQBAJ&oi=fnd&pg=PA207&dq=odonata%7Cdragonfly%7Cdragonflies%7Cdamselfly%7Cdamselflies&ots=eNv3oK8Nlf&sig=S75RwLrg2xvsuTDLVmY2v_ka5Og","",495,"2026-04-12 18:56:36","","","",,,,,,0,0.00,0,3,3,"… and Dragonfly Algorithm that is the combined advantages of both Moth Search Algorithm (MSA)[12] and Dragonfly … Since our algorithm is a combination of the moth-flame and dragonfly …","","https://scholar.google.com/scholar?q=related:YVVr0nxDCUQJ:scholar.google.com/&scioq=odonata%7Cdragonfly%7Cdragonflies%7Cdamselfly%7Cdamselflies&hl=en&as_sdt=0,5&as_ylo=2023&as_yhi=2023"
1,"A Louis, B Virgin, GA Dalton","Hybrid optimization using lion and dragonfly for enhanced resource allocation in fifth-generation networks",2023,"DATA & …","ELSEVIER RADARWEG 29, 1043 …","","https://scholar.google.com/scholar?cites=10822508321803264770&as_sdt=2005&sciodt=0,5&hl=en",888,"2026-04-12 18:56:36","CITATION","","",,,,,,1,0.33,0,3,3,"","","https://scholar.google.com/scholar?q=related:AuPKg_pFMZYJ:scholar.google.com/&scioq=odonata%7Cdragonfly%7Cdragonflies%7Cdamselfly%7Cdamselflies&hl=en&as_sdt=0,5&as_ylo=2023&as_yhi=2023"
18,"G Alshammari, M Alshammari, TS Almurayziq…","Hybrid phishing detection based on automated feature selection using the chaotic dragonfly algorithm",2023,"Electronics","mdpi.com","https://www.mdpi.com/2079-9292/12/13/2823","https://scholar.google.com/scholar?cites=12669738400097773396&as_sdt=2005&sciodt=0,5&hl=en",71,"2026-04-12 18:56:36","HTML","","",,,,,,18,6.00,5,4,3,"… use of a new Chaotic Dragonfly Algorithm, which is the Dragonfly Algorithm. This algorithm’… and dynamic behaviors of dragonflies swarming in nature. Dragonflies, or Odonata, are kinds …","https://www.mdpi.com/2079-9292/12/13/2823","https://scholar.google.com/scholar?q=related:VCf0nvLz068J:scholar.google.com/&scioq=odonata%7Cdragonfly%7Cdragonflies%7Cdamselfly%7Cdamselflies&hl=en&as_sdt=0,5&as_ylo=2023&as_yhi=2023"
3,"S Al Afghani Edsa, K Sunat","Hybridization of modified grey wolf optimizer and dragonfly for feature selection",2023,"… Conference on Data Science and Artificial …","Springer","https://link.springer.com/chapter/10.1007/978-981-99-7969-1_3","https://scholar.google.com/scholar?cites=17582705801081319783&as_sdt=2005&sciodt=0,5&hl=en",211,"2026-04-12 18:56:36","","10.1007/978-981-99-7969-1_3","",,,,,,3,1.00,2,2,3,"… In the simulation for the mathematical model, the dragonfly's behavior is … dragonflies in a swarm is determined by the following equation, which X t describes the position of the dragonfly …","","https://scholar.google.com/scholar?q=related:Z_Gm18RRAvQJ:scholar.google.com/&scioq=odonata%7Cdragonfly%7Cdragonflies%7Cdamselfly%7Cdamselflies&hl=en&as_sdt=0,5&as_ylo=2023&as_yhi=2023"
1,"SAA Edsa","Hybridization of modified grey wolf optimizer and dragonfly for feature selection",2023,"Data Science and Artificial Intelligence: First …","books.google.com","https://books.google.com/books?hl=en&lr=&id=h-PjEAAAQBAJ&oi=fnd&pg=PA35&dq=odonata%7Cdragonfly%7Cdragonflies%7Cdamselfly%7Cdamselflies&ots=mjNpv0DccV&sig=mazXRJIbW-fibj5eLAP8nlS_Lkk","https://scholar.google.com/scholar?cites=17106094386415500944&as_sdt=2005&sciodt=0,5&hl=en",336,"2026-04-12 18:56:36","","","",,,,,,1,0.33,1,1,3,"… In the simulation for the mathematical model, the dragonfly's behavior … dragonflies in a swarm is determined by the following equation, which X₁ describes the position of the dragonfly …","","https://scholar.google.com/scholar?q=related:kH6ZZDYOZe0J:scholar.google.com/&scioq=odonata%7Cdragonfly%7Cdragonflies%7Cdamselfly%7Cdamselflies&hl=en&as_sdt=0,5&as_ylo=2023&as_yhi=2023"
11,"AM Khedr, SS Rani, M Saad","Hybridized Dragonfly and Jaya algorithm for optimal sensor node location identification in mobile wireless sensor networks: AM Khedr et al.",2023,"The Journal of Supercomputing","Springer","https://link.springer.com/article/10.1007/s11227-023-05326-9","https://scholar.google.com/scholar?cites=17339656827919725288&as_sdt=2005&sciodt=0,5&hl=en",109,"2026-04-12 18:56:36","","10.1007/s11227-023-05326-9","",,,,,,11,3.67,4,3,3,"… Dragonfly and Jaya Optimization technique (HyDAJ) for enhancing localization performance in mobile WSNs. HyDAJ integrates Dragonfly … the flight pattern of a dragonfly swarm, and …","","https://scholar.google.com/scholar?q=related:6PJU-wPWovAJ:scholar.google.com/&scioq=odonata%7Cdragonfly%7Cdragonflies%7Cdamselfly%7Cdamselflies&hl=en&as_sdt=0,5&as_ylo=2023&as_yhi=2023"
0,"DRL Wilson, JB Fairfield","I'm Free Because I'ma Fugitive—I'ma Fugitive Because I'm Not Free",2023,"PAJ: A Journal of Performance and Art","direct.mit.edu","https://direct.mit.edu/pajj/article-abstract/45/1%20(133)/81/114406","",786,"2026-04-12 18:56:36","","","",,,,,,0,0.00,0,2,3,"Dragonfly/Robin Laverne Wilson (all pronouns) is a multidisciplinary artist who leads performance rituals for collective liberation. For the past three decades, Dragonfly has collaborated …","","https://scholar.google.com/scholar?q=related:E7tkhSjNHhAJ:scholar.google.com/&scioq=odonata%7Cdragonfly%7Cdragonflies%7Cdamselfly%7Cdamselflies&hl=en&as_sdt=0,5&as_ylo=2023&as_yhi=2023"
0,"S Kakavand","Iconographic transformation of the “dragonfly” motif in the image rugs of Khawf",2023,"Handicrafts of Great Khorasan","hgj.imamreza.ac.ir","https://hgj.imamreza.ac.ir/article_135053.html?lang=en","",535,"2026-04-12 18:56:36","","","",,,,,,0,0.00,0,1,3,"The monster slayer is a recurring concept repeated in art. This research was written with the aim of connecting the carpet to the chain of artworks containing the dragon pattern. In other …","","https://scholar.google.com/scholar?q=related:XVx5o6Slw2kJ:scholar.google.com/&scioq=odonata%7Cdragonfly%7Cdragonflies%7Cdamselfly%7Cdamselflies&hl=en&as_sdt=0,5&as_ylo=2023&as_yhi=2023"
48,"R Veeranjaneyulu, S Boopathi…","Identification of heart diseases using novel machine learning method",2023,"… on Advances in …","ieeexplore.ieee.org","https://ieeexplore.ieee.org/abstract/document/10200215/","https://scholar.google.com/scholar?cites=7778778650378647394&as_sdt=2005&sciodt=0,5&hl=en",735,"2026-04-12 18:56:36","","","",,,,,,48,16.00,16,3,3,"… The integration of machine learning perception and enhanced motion based on the dragonfly algorithm (MLP-EBMDA) has been the primary focus of the research. The suggested …","https://www.researchgate.net/profile/Samapth-Boopathi/publication/372923555_Identification_of_Heart_Diseases_using_Novel_Machine_Learning_Method/links/64d101ba806a9e4e5cf72236/Identification-of-Heart-Diseases-using-Novel-Machine-Learning-Method.pdf","https://scholar.google.com/scholar?q=related:Yjc2AvjF82sJ:scholar.google.com/&scioq=odonata%7Cdragonfly%7Cdragonflies%7Cdamselfly%7Cdamselflies&hl=en&as_sdt=0,5&as_ylo=2023&as_yhi=2023"
0,"JY Pyo, SS Kim, JS Park, JM Kim…","Identification of Sympetrum depressiusculum Sélys, 1841 in Korea (Odonata: Libellulidae) according to morphology and genetic markers",2023,"한국응용곤충학회 …","db.koreascholar.com","https://db.koreascholar.com/Article/Detail/431741","",656,"2026-04-12 18:56:36","","","",,,,,,0,0.00,0,5,3,"In Korea, both Sympetrum depressiusculum Sélys, 1841 (Odonata: Libellulidae) and Sympetrum frequens Sélys, 1883 are recorded. However, the identity of Korean populations and …","","https://scholar.google.com/scholar?q=related:pVDYdAjKwmsJ:scholar.google.com/&scioq=odonata%7Cdragonfly%7Cdragonflies%7Cdamselfly%7Cdamselflies&hl=en&as_sdt=0,5&as_ylo=2023&as_yhi=2023"
2,"JY Pyo, SS Kim, JS Park, JM Kim, YK Song, I Kim","Identification of Sympetrum depressiusculum Sélys, 1841 in South Korea (Odonata: Libellulidae) According to Morphology and Genetic Markers",2023,"Insects","mdpi.com","https://www.mdpi.com/2075-4450/14/9/733","https://scholar.google.com/scholar?cites=15127335824928446196&as_sdt=2005&sciodt=0,5&hl=en",469,"2026-04-12 18:56:36","HTML","","",,,,,,2,0.67,0,6,3,"… , particularly considering available studies on dragonflies, which also used homologous … Consistent observation has also been reported in other dragonfly species such as several …","https://www.mdpi.com/2075-4450/14/9/733","https://scholar.google.com/scholar?q=related:9Jbm4sgX79EJ:scholar.google.com/&scioq=odonata%7Cdragonfly%7Cdragonflies%7Cdamselfly%7Cdamselflies&hl=en&as_sdt=0,5&as_ylo=2023&as_yhi=2023"
8,"I Irmawati, SH Amrullah…","Identifikasi jenis capung (Odonata) pada daerah persawahan dan rawa di Kecamatan Somba Opu Kabupaten Gowa Sulawesi Selatan",2023,"Filogeni: Jurnal …","journal.uin-alauddin.ac.id","https://journal.uin-alauddin.ac.id/index.php/filogeni/article/view/30448","https://scholar.google.com/scholar?cites=2099926000337028014&as_sdt=2005&sciodt=0,5&hl=en",141,"2026-04-12 18:56:36","","","",,,,,,8,2.67,3,3,3,"Capung (Odonata) adalah salah satu ordo dari kelompok Arthropoda yang dapat digunakan sebagai parameter kualitas air dan pencemaran lingkungan. Hal ini dikarenakan capung …","","https://scholar.google.com/scholar?q=related:rgOySJJvJB0J:scholar.google.com/&scioq=odonata%7Cdragonfly%7Cdragonflies%7Cdamselfly%7Cdamselflies&hl=en&as_sdt=0,5&as_ylo=2023&as_yhi=2023"
0,"M Frisk, K Anderson, E Barron","Identity and Racism in Young Adult Literature",2023,"Language Arts Journal of …","scholarworks.gvsu.edu","https://scholarworks.gvsu.edu/lajm/vol38/iss2/15/","",815,"2026-04-12 18:56:36","","","",,,,,,0,0.00,0,3,3,"… Diverse, coming-of-age novels such as Felix Ever After, The Hate U Give, and King and the Dragonflies all explore this by showing how youths’ struggles with their intersecting identities …","https://scholarworks.gvsu.edu/cgi/viewcontent.cgi?article=2400&context=lajm","https://scholar.google.com/scholar?q=related:rLSvL_yK8GMJ:scholar.google.com/&scioq=odonata%7Cdragonfly%7Cdragonflies%7Cdamselfly%7Cdamselflies&hl=en&as_sdt=0,5&as_ylo=2023&as_yhi=2023"
0,"S Müller","Ikemeyer &Brochard (2023): Description of last instar larva of Cordulegaster kalkmani (Odonata: Cordulegastridae)",2023,"Internafional Journal of Odonatology","pdfs.semanticscholar.org","https://pdfs.semanticscholar.org/9b77/914f4e566971c9b628d0f610f952d833ae1f.pdf","",571,"2026-04-12 18:56:36","PDF","","",,,,,,0,0.00,0,1,3,"The final instar larva of Cordulegaster kalkmani Schneider, Vierstraete, Müller, van Pelt, Caspers, Ikemeyer, Snegovaya &Dumont 2021 is described and illustrated based on one …","https://pdfs.semanticscholar.org/9b77/914f4e566971c9b628d0f610f952d833ae1f.pdf","https://scholar.google.com/scholar?q=related:2j6rjsmx3UwJ:scholar.google.com/&scioq=odonata%7Cdragonfly%7Cdragonflies%7Cdamselfly%7Cdamselflies&hl=en&as_sdt=0,5&as_ylo=2023&as_yhi=2023"
2,"J ADELMANN, L FEISEL, M FRANK, HJ ROLAND…","Im Fokus: Gabel-Azurjungfer (Coenagrion scitulum)-Stand der Verbreitung in Hessen (Odonata: Coenagrionidae)",2023,"Libellen in Hessen","","","https://scholar.google.com/scholar?cites=12047080471416234410&as_sdt=2005&sciodt=0,5&hl=en",943,"2026-04-12 18:56:36","CITATION","","",,,,,,2,0.67,0,5,3,"","","https://scholar.google.com/scholar?q=related:qmFPT9zTL6cJ:scholar.google.com/&scioq=odonata%7Cdragonfly%7Cdragonflies%7Cdamselfly%7Cdamselflies&hl=en&as_sdt=0,5&as_ylo=2023&as_yhi=2023"
0,"N Ishiwaka, K Hashimoto, MK Hiraiwa…","Impact assessment of fipronil exposure and water temperature rise on Odonata species in experimental paddies under the worst scenario of a global warming.",2023,"… (Barking, Essex: 1987 …","europepmc.org","https://europepmc.org/article/med/37913977","",551,"2026-04-12 18:56:36","","","",,,,,,0,0.00,0,4,3,"… Odonata species in the future. However, the combined effects of multiple stressors on Odonata … fipronil and warming on the abundance of Odonata nymphs in experimental paddies. We …","","https://scholar.google.com/scholar?q=related:tg5vWtgIiMsJ:scholar.google.com/&scioq=odonata%7Cdragonfly%7Cdragonflies%7Cdamselfly%7Cdamselflies&hl=en&as_sdt=0,5&as_ylo=2023&as_yhi=2023"
0,"CM Suárez Tovar","Impacto de la urbanizacion sobre libélulas y caballitos del diablo (Odonata)",2023,"","ru.dgb.unam.mx","https://ru.dgb.unam.mx/items/8f0bcbdb-e8db-4fdc-a27c-516e62b5edea","",991,"2026-04-12 18:56:36","CITATION","","",,,,,,0,0.00,0,1,3,"Impacto de la urbanizacion sobre libélulas y caballitos del diablo (Odonata) …","","https://scholar.google.com/scholar?q=related:l5Pq7CbgP_wJ:scholar.google.com/&scioq=odonata%7Cdragonfly%7Cdragonflies%7Cdamselfly%7Cdamselflies&hl=en&as_sdt=0,5&as_ylo=2023&as_yhi=2023"
11,"JT Cadena, JP Boudot, VJ Kalkman…","Impacts of climate change on dragonflies and damselflies in West and Central Asia",2023,"Diversity and …","Wiley Online Library","https://onlinelibrary.wiley.com/doi/abs/10.1111/ddi.13704","https://scholar.google.com/scholar?cites=14506164920107462012&as_sdt=2005&sciodt=0,5&hl=en",5,"2026-04-12 18:56:36","","10.1111/ddi.13704","",,,,,,11,3.67,3,4,3,"… Odonata are well suited for SDMs because their occurrence data are relatively unbiased … To gain insight into how dragonfly and damselfly biodiversity may be impacted by climate …","https://onlinelibrary.wiley.com/doi/pdfdirect/10.1111/ddi.13704","https://scholar.google.com/scholar?q=related:fO08TCNAUMkJ:scholar.google.com/&scioq=odonata%7Cdragonfly%7Cdragonflies%7Cdamselfly%7Cdamselflies&hl=en&as_sdt=0,5&as_ylo=2023&as_yhi=2023"
0,"S Xia, X Liu","Improved Dragonfly Algorithm Based on Mixed Strategy",2023,"International Conference on Computer Science and …","Springer","https://link.springer.com/chapter/10.1007/978-981-97-0730-0_11","",415,"2026-04-12 18:56:36","","10.1007/978-981-97-0730-0_11","",,,,,,0,0.00,0,2,3,"… In view of the above shortcomings of the Dragonfly algorithm, this paper improves it and … for the dragonfly algorithm is the behavior of dragonflies in nature. Dragonflies use these …","","https://scholar.google.com/scholar?q=related:4-P4nFLJTq4J:scholar.google.com/&scioq=odonata%7Cdragonfly%7Cdragonflies%7Cdamselfly%7Cdamselflies&hl=en&as_sdt=0,5&as_ylo=2023&as_yhi=2023"
0,"JL Ware, JC Abbott","In memoriam Michael Love May (1946–2023)",2023,"Odonatologica","BioOne","https://bioone.org/journals/odonatologica/volume-52/issue-3-4/odon.v52i3-4.a2/In-memoriam-Michael-Love-May-1946--2023/10.60024/odon.v52i3-4.a2.short","",840,"2026-04-12 18:56:36","","10.60024/odon.v52i3-4.a2.short","",,,,,,0,0.00,0,2,3,"… He was a bird watcher, a professor, a dragonfly researcher, a … our collaborations and brought dragonflies into the mainstream! … field studying dragonflies and damselflies (Odonata). Mike …","","https://scholar.google.com/scholar?q=related:vkfNN_ar93QJ:scholar.google.com/&scioq=odonata%7Cdragonfly%7Cdragonflies%7Cdamselfly%7Cdamselflies&hl=en&as_sdt=0,5&as_ylo=2023&as_yhi=2023"
0,"WR Petersen","In Memoriam: Richard Alan Forster",2023,"Bird Observer","digitalcommons.usf.edu","https://digitalcommons.usf.edu/cgi/viewcontent.cgi?article=2691&context=bird_observer","",928,"2026-04-12 18:56:36","","","",,,,,,0,0.00,0,1,3,"… Most recently, he was deeply involved in research on the dragonflies and damselflies of Massachusetts, a subject on which he had become a regional authority. …","","https://scholar.google.com/scholar?q=related:HRQ7aNODW6sJ:scholar.google.com/&scioq=odonata%7Cdragonfly%7Cdragonflies%7Cdamselfly%7Cdamselflies&hl=en&as_sdt=0,5&as_ylo=2023&as_yhi=2023"
5,"AJ van Strien, RHA van Grunsven","In the past 100 years dragonflies declined and recovered by habitat restoration and climate change",2023,"Biological Conservation","Elsevier","https://www.sciencedirect.com/science/article/pii/S0006320722004189","https://scholar.google.com/scholar?cites=8914523950493963008&as_sdt=2005&sciodt=0,5&hl=en",287,"2026-04-12 18:56:36","","","",,,,,,5,1.67,3,2,3,"The availability of opportunistic dragonfly data in the Netherlands spanning >100 years gave us the opportunity to quantitatively assess long term changes in range size. We estimated …","https://www.dutchdragonflies.eu/wp-content/uploads/2023/01/1-s2.0-S0006320722004189-main.pdf","https://scholar.google.com/scholar?q=related:AJPnQk3AtnsJ:scholar.google.com/&scioq=odonata%7Cdragonfly%7Cdragonflies%7Cdamselfly%7Cdamselflies&hl=en&as_sdt=0,5&as_ylo=2023&as_yhi=2023"
4,"FS Hu, SL Chen, JG He, KT Lin","Indothemis carnatica (Fabricius, 1798)(Odonata: Libellulidae): A newly recorded dragonfly from Kinmen Islands and Matsu Islands, Taiwan",2023,"Taiwanese Journal of …","researchgate.net","https://www.researchgate.net/profile/Fang-Shuo-Hu-2/publication/369489739_Indothemis_carnatica_Fabricius_1798_Odonata_Libellulidae_A_Newly_Recorded_Dragonfly_from_Kinmen_Islands_and_Matsu_Islands_Taiwan/links/641dc2ab92cfd54f8428a07f/Indothemis-carnatica-Fabricius-1798-Odonata-Libellulidae-A-Newly-Recorded-Dragonfly-from-Kinmen-Islands-and-Matsu-Islands-Taiwan.pdf","https://scholar.google.com/scholar?cites=14363757744232384375&as_sdt=2005&sciodt=0,5&hl=en",357,"2026-04-12 18:56:36","PDF","","",,,,,,4,1.33,1,4,3,"Herein, we report a new record of the dragonfly Indothemis carnatica (Fabricius, 1798) from Kinmen Islands and Matsu Islands based on either collected specimens or observation …","https://www.researchgate.net/profile/Fang-Shuo-Hu-2/publication/369489739_Indothemis_carnatica_Fabricius_1798_Odonata_Libellulidae_A_Newly_Recorded_Dragonfly_from_Kinmen_Islands_and_Matsu_Islands_Taiwan/links/641dc2ab92cfd54f8428a07f/Indothemis-carnatica-Fabricius-1798-Odonata-Libellulidae-A-Newly-Recorded-Dragonfly-from-Kinmen-Islands-and-Matsu-Islands-Taiwan.pdf","https://scholar.google.com/scholar?q=related:d8e84JBRVscJ:scholar.google.com/&scioq=odonata%7Cdragonfly%7Cdragonflies%7Cdamselfly%7Cdamselflies&hl=en&as_sdt=0,5&as_ylo=2023&as_yhi=2023"
0,"B Evans, S Wiederman…","Inhibitory Networks Explain Selective Attention in Dragonfly Target Detecting Neurons",2023,"Journal of …","espace.library.uq.edu.au","https://espace.library.uq.edu.au/view/UQ:ac0a364","",924,"2026-04-12 18:56:36","CITATION","","",,,,,,0,0.00,0,3,3,"Inhibitory Networks Explain Selective Attention in Dragonfly Target Detecting Neurons …","","https://scholar.google.com/scholar?q=related:DDTiM_6do_cJ:scholar.google.com/&scioq=odonata%7Cdragonfly%7Cdragonflies%7Cdamselfly%7Cdamselflies&hl=en&as_sdt=0,5&as_ylo=2023&as_yhi=2023"
2,"B Schilling, B Foust, K Jinho, T McGee, C Boss","Initial Flight Test Performance of the Dragonfly Navigation Filter",2023,"AAS/AIAA Astrodynamics Specialists …","","","https://scholar.google.com/scholar?cites=333540769030308711&as_sdt=2005&sciodt=0,5&hl=en",857,"2026-04-12 18:56:36","CITATION","","",,,,,,2,0.67,0,5,3,"","","https://scholar.google.com/scholar?q=related:Z4Mp8I_5oAQJ:scholar.google.com/&scioq=odonata%7Cdragonfly%7Cdragonflies%7Cdamselfly%7Cdamselflies&hl=en&as_sdt=0,5&as_ylo=2023&as_yhi=2023"
0,"A Deans","Insect Haiku AntConc analyses",2023,"","pdfs.semanticscholar.org","https://pdfs.semanticscholar.org/eb34/a33422ccb1369be5b6566b95f216a0962aaf.pdf","",699,"2026-04-12 18:56:36","PDF","","",,,,,,0,0.00,0,1,3,"The primary haiku corpus was loaded into AntConc (version 4.1. 3). After loading a list of stop words (appended below), a cluster analysis (word fragments; size= 2; min freq= 2; term …","https://pdfs.semanticscholar.org/eb34/a33422ccb1369be5b6566b95f216a0962aaf.pdf","https://scholar.google.com/scholar?q=related:VgKVVFhAd4gJ:scholar.google.com/&scioq=odonata%7Cdragonfly%7Cdragonflies%7Cdamselfly%7Cdamselflies&hl=en&as_sdt=0,5&as_ylo=2023&as_yhi=2023"
5,"GS Grozdeva, VD Burduja, G Buşmachiu, A Gălușcă","Insectele (odonata, hemiptera, coleoptera) asociate cu phacelia tanacetifolia din rezervația „Plaiul Fagului”, Republica Moldova",2023,"Ştiinţa Agricolă","ibn.idsi.md","https://ibn.idsi.md/vizualizare_articol/201576","https://scholar.google.com/scholar?cites=12877754549327292852&as_sdt=2005&sciodt=0,5&hl=en",275,"2026-04-12 18:56:36","","","",,,,,,5,1.67,1,4,3,"… A total of 63 insect species were identified, comprising 10 dragonfly species, 39 hopper species, and 14 ladybug species. As a result, one dragonfly species and 17 hopper species …","https://ibn.idsi.md/sites/default/files/imag_file/54-62_16.pdf","https://scholar.google.com/scholar?q=related:tOlSiYj5trIJ:scholar.google.com/&scioq=odonata%7Cdragonfly%7Cdragonflies%7Cdamselfly%7Cdamselflies&hl=en&as_sdt=0,5&as_ylo=2023&as_yhi=2023"
4,"X Yu, C Chen, M Zhang","Integrative taxonomy of Ceriagrion species from China (Odonata: Coenagrionidae)",2023,"Archives of Insect Biochemistry and …","Wiley Online Library","https://onlinelibrary.wiley.com/doi/abs/10.1002/arch.22012","https://scholar.google.com/scholar?cites=8847343942595832552&as_sdt=2005&sciodt=0,5&hl=en",169,"2026-04-12 18:56:36","","10.1002/arch.22012","",,,,,,4,1.33,1,3,3,"More than 800 specimens of Chinese Ceriagrion were studied, almost a quarter were used for molecular analysis. Methods of cladistics, ABGD, jMOTU, bPTP, as well as morphology, …","https://www.researchgate.net/profile/Xin-Yu-30/publication/369664232_Integrative_taxonomy_of_Ceriagrion_species_from_China_Odonata_Coenagrionidae/links/68c378ba9534473a6d49e69a/Integrative-taxonomy-of-Ceriagrion-species-from-China-Odonata-Coenagrionidae.pdf","https://scholar.google.com/scholar?q=related:6OogyHAUyHoJ:scholar.google.com/&scioq=odonata%7Cdragonfly%7Cdragonflies%7Cdamselfly%7Cdamselflies&hl=en&as_sdt=0,5&as_ylo=2023&as_yhi=2023"
6,"X Wu, Q Qiu, J Li, Y Zhao","Intell-dragonfly: A cybersecurity attack surface generation engine based on artificial intelligence-generated content technology",2023,"arXiv preprint arXiv:2311.00240","arxiv.org","https://arxiv.org/abs/2311.00240","https://scholar.google.com/scholar?cites=15268501410181458794&as_sdt=2005&sciodt=0,5&hl=en",157,"2026-04-12 18:56:36","","","",,,,,,6,2.00,2,4,3,"… This study proposes Intell-dragonfly, a cyber security attack surface generation engine based on artificial intelligence generation technology, to meet the challenges of cyber security. …","https://arxiv.org/pdf/2311.00240","https://scholar.google.com/scholar?q=related:aqtq9iKd5NMJ:scholar.google.com/&scioq=odonata%7Cdragonfly%7Cdragonflies%7Cdamselfly%7Cdamselflies&hl=en&as_sdt=0,5&as_ylo=2023&as_yhi=2023"
8,"PSS Gopi, M Karthikeyan","Intelligent crop recommendation with yield prediction using dragonfly algorithm based deep learning model",2023,"2023 Third International …","ieeexplore.ieee.org","https://ieeexplore.ieee.org/abstract/document/10073744/","https://scholar.google.com/scholar?cites=4271397184133284536&as_sdt=2005&sciodt=0,5&hl=en",155,"2026-04-12 18:56:36","","","",,,,,,8,2.67,4,2,3,"Most developing countries like India considered agriculture a primary source of food, income, livelihood, and employment. The absence of adequate technical knowledge and irregular …","","https://scholar.google.com/scholar?q=related:uELerhsNRzsJ:scholar.google.com/&scioq=odonata%7Cdragonfly%7Cdragonflies%7Cdamselfly%7Cdamselflies&hl=en&as_sdt=0,5&as_ylo=2023&as_yhi=2023"
0,"S Hrushikesava Raju, S Adinarayna…","Intelligent Tool Wear Monitoring: A Confluence of Improved Dragonfly Optimization and Deep Belief Networks",2023,"Congress on Smart …","Springer","https://link.springer.com/chapter/10.1007/978-981-97-5081-8_39","",452,"2026-04-12 18:56:36","","10.1007/978-981-97-5081-8_39","",,,,,,0,0.00,0,3,3,"… that leverages the combined strengths of improved dragonfly optimization (IDO) and deep … dragonfly optimization algorithm draws inspiration from the foraging behavior of dragonflies …","","https://scholar.google.com/scholar?q=related:OYpT7_vqjagJ:scholar.google.com/&scioq=odonata%7Cdragonfly%7Cdragonflies%7Cdamselfly%7Cdamselflies&hl=en&as_sdt=0,5&as_ylo=2023&as_yhi=2023"
0,"GR Mataba, NW Clark, EJ Kweka, L Munishi…","Interactive effects of dragonfly larvae and Bacillus",2023,"","academia.edu","https://www.academia.edu/download/105665075/Ecosphere_2023_Mataba.pdf","",392,"2026-04-12 18:56:36","PDF","","",,,,,,0,0.00,0,5,3,"… dragonfly predators) communities in the experimental mesocosms. We hypothesized (H4) that the presence of dragonfly … The used dragonfly predator is the nymphal Pantala flavescens (…","https://www.academia.edu/download/105665075/Ecosphere_2023_Mataba.pdf","https://scholar.google.com/scholar?q=related:dRtNVwd0pwQJ:scholar.google.com/&scioq=odonata%7Cdragonfly%7Cdragonflies%7Cdamselfly%7Cdamselflies&hl=en&as_sdt=0,5&as_ylo=2023&as_yhi=2023"
5,"GR Mataba, NW Clark, EJ Kweka, L Munishi…","Interactive effects of dragonfly larvae and Bacillus thuringiensis var. israelensis on mosquito oviposition and survival",2023,"…","Wiley Online Library","https://esajournals.onlinelibrary.wiley.com/doi/abs/10.1002/ecs2.4653","https://scholar.google.com/scholar?cites=12245389804919145774&as_sdt=2005&sciodt=0,5&hl=en",162,"2026-04-12 18:56:36","","10.1002/ecs2.4653","",,,,,,5,1.67,1,5,3,"… , dragonfly predators) communities in the experimental mesocosms. We hypothesized (H 4 ) that the presence of dragonfly larvae as … The used dragonfly predator is the nymphal Pantala …","https://esajournals.onlinelibrary.wiley.com/doi/pdf/10.1002/ecs2.4653","https://scholar.google.com/scholar?q=related:LkVlEiZd8KkJ:scholar.google.com/&scioq=odonata%7Cdragonfly%7Cdragonflies%7Cdamselfly%7Cdamselflies&hl=en&as_sdt=0,5&as_ylo=2023&as_yhi=2023"
0,"G Mataba, N Clark, E Kweka, L Munishi, L Brendonck…","Interactive effects of dragonfly larvae andBacillusthuringiensisvar. israelensison mosquito ovipositionand survival",2023,"","John Wiley &Sons, Inc.","","",419,"2026-04-12 18:56:36","CITATION","","",,,,,,0,0.00,0,6,3,"","","https://scholar.google.com/scholar?q=related:oNXbrwE5Io4J:scholar.google.com/&scioq=odonata%7Cdragonfly%7Cdragonflies%7Cdamselfly%7Cdamselflies&hl=en&as_sdt=0,5&as_ylo=2023&as_yhi=2023"
0,"VV Onishko, OE Kosterin, IO Voinov","International Dragonfly Fund Report",,"researchgate.net","","https://www.researchgate.net/profile/Oleg-Kosterin/publication/368291294_Results_of_odonatological_studies_in_southern_Primorye_Russia_in_2011-2020/links/63e0840e62d2a24f9207cfae/Results-of-odonatological-studies-in-southern-Primorye-Russia-in-2011-2020.pdf","",411,"2026-04-12 18:56:36","PDF","","",,,,,,0,0.00,0,3,,"… indicates that a dragonfly was posed for photographing, ‘in hand’ is self-evident, while the … free dragonfly in nature was photographed. A bit more than 400 observations of Odonata from …","https://www.researchgate.net/profile/Oleg-Kosterin/publication/368291294_Results_of_odonatological_studies_in_southern_Primorye_Russia_in_2011-2020/links/63e0840e62d2a24f9207cfae/Results-of-odonatological-studies-in-southern-Primorye-Russia-in-2011-2020.pdf","https://scholar.google.com/scholar?q=related:E-12r-CwfiIJ:scholar.google.com/&scioq=odonata%7Cdragonfly%7Cdragonflies%7Cdamselfly%7Cdamselflies&hl=en&as_sdt=0,5&as_ylo=2023&as_yhi=2023"
6,"A Córdoba-Aguilar, CD Beatty…","Introduction to dragonflies and damselflies",2023,"Dragonflies and …","experts.illinois.edu","https://experts.illinois.edu/en/publications/introduction-to-idragonflies-and-damselfliesi-second-edition/","https://scholar.google.com/scholar?cites=9346196109730163676&as_sdt=2005&sciodt=0,5&hl=en",21,"2026-04-12 18:56:36","","","",,,,,,6,2.00,2,3,3,"In this introductory chapter, the book’s editors set the stage for the second edition of the book by reviewing publication rates in odonatology over the preceding eighty years and looking …","","https://scholar.google.com/scholar?q=related:3Kua8ddbtIEJ:scholar.google.com/&scioq=odonata%7Cdragonfly%7Cdragonflies%7Cdamselfly%7Cdamselflies&hl=en&as_sdt=0,5&as_ylo=2023&as_yhi=2023"
1,"A Elme-Tumpay, DB Zuñiga-Rivas…","Inventario preliminar de Odonata (Insecta) en el Área de Conservación Regional Choquequirao, Cusco, Perú",2023,"…","graellsia.revistas.csic.es","https://graellsia.revistas.csic.es/index.php/graellsia/article/view/738","https://scholar.google.com/scholar?cites=1810961074197472342&as_sdt=2005&sciodt=0,5&hl=en",421,"2026-04-12 18:56:36","","","",,,,,,1,0.33,0,3,3,"… The aim of this study is to present a preliminary inventory of Odonata in this PNA. We recorded 10 species belonging to four families and comments on their distribution are added. Anax …","https://graellsia.revistas.csic.es/index.php/graellsia/article/download/738/1156","https://scholar.google.com/scholar?q=related:VqSZiYDTIRkJ:scholar.google.com/&scioq=odonata%7Cdragonfly%7Cdragonflies%7Cdamselfly%7Cdamselflies&hl=en&as_sdt=0,5&as_ylo=2023&as_yhi=2023"
0,"AE Tumpay, DZ Rivas…","Inventario preliminar de Odonata (Insecta) en el Área de Conservación Regional Choquequirao, Cusco, Perú",2023,"Graellsia: revista de …","dialnet.unirioja.es","https://dialnet.unirioja.es/servlet/articulo?codigo=9479683","",799,"2026-04-12 18:56:36","","","",,,,,,0,0.00,0,3,3,"… The aim of this study is to present a preliminary inventory of Odonata in this PNA. We recorded 10 species belonging to four families and comments on their distribution are added. Anax …","","https://scholar.google.com/scholar?q=related:R4qwOEnhwtcJ:scholar.google.com/&scioq=odonata%7Cdragonfly%7Cdragonflies%7Cdamselfly%7Cdamselflies&hl=en&as_sdt=0,5&as_ylo=2023&as_yhi=2023"
2,"MD Rahmawati, L Wahyuningtyas, LA Eginuranda","INVENTARISASI ODONATA DI KAWASAN AIR TERJUN RORO KUNING BAJULAN LOCERET NGANJUK",2023,"Prosiding Seminar Nasional …","","","https://scholar.google.com/scholar?cites=2554300535851085694&as_sdt=2005&sciodt=0,5&hl=en",795,"2026-04-12 18:56:36","CITATION","","",,,,,,2,0.67,1,3,3,"","","https://scholar.google.com/scholar?q=related:fm_-2M2yciMJ:scholar.google.com/&scioq=odonata%7Cdragonfly%7Cdragonflies%7Cdamselfly%7Cdamselflies&hl=en&as_sdt=0,5&as_ylo=2023&as_yhi=2023"
2,"YF Ng, M Nurul Afiqah","Inventori kekayaan spesies pepatung (Odonata) pemangsa di sekitar habitat sawah padi di Sungai Panjang, Hulu Selangor, Malaysia",2023,"","Serangga","","https://scholar.google.com/scholar?cites=9612995639171618962&as_sdt=2005&sciodt=0,5&hl=en",980,"2026-04-12 18:56:36","CITATION","","",,,,,,2,0.67,1,2,3,"","","https://scholar.google.com/scholar?q=related:khg0HJo4aIUJ:scholar.google.com/&scioq=odonata%7Cdragonfly%7Cdragonflies%7Cdamselfly%7Cdamselflies&hl=en&as_sdt=0,5&as_ylo=2023&as_yhi=2023"
0,"AA Pawar, KS Ranjan, A Roy, S Saha","Investigating the Effect of Forewing-Hindwing Phasing on the Flowfield of a Tethered Pantala flavescens",2023,"Conference on Fluid Mechanics …","Springer","https://link.springer.com/chapter/10.1007/978-981-97-7759-4_45","",720,"2026-04-12 18:56:36","","10.1007/978-981-97-7759-4_45","",,,,,,0,0.00,0,4,3,"… The aerodynamic performance of a dragonfly results from the complex flowfield around an … steered by the dragonfly by employing different wing kinematics. Dragonfly engages various …","","https://scholar.google.com/scholar?q=related:DnnBPDUkgGgJ:scholar.google.com/&scioq=odonata%7Cdragonfly%7Cdragonflies%7Cdamselfly%7Cdamselflies&hl=en&as_sdt=0,5&as_ylo=2023&as_yhi=2023"
0,"A Solanki, A Kumar, SP Singh, B Kumar, P Devi…","Investigating the Effects of Environmental Factors on the Growth and Reproduction of Paramecium caudatum",2023,"… Conference on “Recent …","Springer","https://link.springer.com/chapter/10.1007/978-3-031-93444-5_115","",867,"2026-04-12 18:56:36","","10.1007/978-3-031-93444-5_115","",,,,,,0,0.00,0,6,3,"… Paramecium caudatum (Protozoa: Paramecidae) is very good source of food for 1 st instar naiad of the dragonfly Crocothemis servillia servillia (Odonata: Libellulidae) and Cs servillia is …","","https://scholar.google.com/scholar?q=related:QXsYcup6A90J:scholar.google.com/&scioq=odonata%7Cdragonfly%7Cdragonflies%7Cdamselfly%7Cdamselflies&hl=en&as_sdt=0,5&as_ylo=2023&as_yhi=2023"
2,"CM Suárez-Tovar, M Rocha-Ortega…","Is body condition of Mexican rubyspot (Odonata: Zygoptera) associated with urbanization?",2023,"Journal of Insect …","Springer","https://link.springer.com/article/10.1007/s10841-023-00512-9","https://scholar.google.com/scholar?cites=6324961639640599907&as_sdt=2005&sciodt=0,5&hl=en",253,"2026-04-12 18:56:36","HTML","10.1007/s10841-023-00512-9","",,,,,,2,0.67,1,3,3,"… damselflies in the face of radical changes such as urbanization. Our finding echoes other results in damselflies … Our results highlight the resilience of these damselflies species in the …","https://link.springer.com/article/10.1007/s10841-023-00512-9","https://scholar.google.com/scholar?q=related:Yw3ApBnHxlcJ:scholar.google.com/&scioq=odonata%7Cdragonfly%7Cdragonflies%7Cdamselfly%7Cdamselflies&hl=en&as_sdt=0,5&as_ylo=2023&as_yhi=2023"
0,"CJ Burwell, NP Power, D White","Is' Agriocnemis Rubricauda'Tillyard, 1913 (Coenagrionidae) another parthenogenetic species of Odonata?",2023,"TheAustralian Entomologist","search.informit.org","https://search.informit.org/doi/abs/10.3316/informit.382896205602193","",567,"2026-04-12 18:56:36","","10.3316/informit.382896205602193","",,,,,,0,0.00,0,3,3,"Parthenogenesis, reproduction by females via unfertilised gametes, is widespread in insects but there is only one documented example among the Odonata. 'Ischnura hastata' (Say) (…","https://www.researchgate.net/profile/Chris-Burwell/publication/375457251_Is_Agriocnemis_rubricauda_Tillyard_1913_Coenagrionidae_another_parthenogenetic_species_of_Odonata/links/654b1cbab86a1d521bc51fca/Is-Agriocnemis-rubricauda-Tillyard-1913-Coenagrionidae-another-parthenogenetic-species-of-Odonata.pdf","https://scholar.google.com/scholar?q=related:0YqsuDhVyRgJ:scholar.google.com/&scioq=odonata%7Cdragonfly%7Cdragonflies%7Cdamselfly%7Cdamselflies&hl=en&as_sdt=0,5&as_ylo=2023&as_yhi=2023"
0,"AA Qureshi, S Syeed, AA Ganaie, M Javaid","ISCHNURA SENEGALENSIS (RAMBUR, 1842)(SENEGAL GOLDEN DARTLET, TROPICAL BLUETAIL),(ODONATA: COENAGRIONIDAE), A NEW RECORD …",,"Zoology","researchgate.net","https://www.researchgate.net/profile/Sobiya-Syeed-2/publication/373119511_SCIENTIFIC_NOTES_ISCHNURA_SENEGALENSIS_RAMBUR_1842_SENEGAL_GOLDEN_DARTLET_TROPICAL_BLUETAIL_ODONATA_COENAGRIONIDAE_A_NEW_RECORD_FROM_KASHMIR_HIMALAYAN_REGION_OF_INDIAN_HIMALAYAS/links/64dba5b625837316ee11bdcb/SCIENTIFIC-NOTES-ISCHNURA-SENEGALENSIS-RAMBUR-1842-SENEGAL-GOLDEN-DARTLET-TROPICAL-BLUETAIL-ODONATA-COENAGRIONIDAE-A-NEW-RECORD-FROM-KASHMIR-HIMALAYAN-REGION-OF-INDIAN-HIMALAYAS.pdf","",566,"2026-04-12 18:56:36","PDF","","",,,,,,0,0.00,0,4,,"… The present study is among the efforts in exploring the Odonata biodiversity of this important … Ecology and biogeography of Odonata with special reference to Indian Fauna. Records of …","https://www.researchgate.net/profile/Sobiya-Syeed-2/publication/373119511_SCIENTIFIC_NOTES_ISCHNURA_SENEGALENSIS_RAMBUR_1842_SENEGAL_GOLDEN_DARTLET_TROPICAL_BLUETAIL_ODONATA_COENAGRIONIDAE_A_NEW_RECORD_FROM_KASHMIR_HIMALAYAN_REGION_OF_INDIAN_HIMALAYAS/links/64dba5b625837316ee11bdcb/SCIENTIFIC-NOTES-ISCHNURA-SENEGALENSIS-RAMBUR-1842-SENEGAL-GOLDEN-DARTLET-TROPICAL-BLUETAIL-ODONATA-COENAGRIONIDAE-A-NEW-RECORD-FROM-KASHMIR-HIMALAYAN-REGION-OF-INDIAN-HIMALAYAS.pdf","https://scholar.google.com/scholar?q=related:Hj-da4oGfbAJ:scholar.google.com/&scioq=odonata%7Cdragonfly%7Cdragonflies%7Cdamselfly%7Cdamselflies&hl=en&as_sdt=0,5&as_ylo=2023&as_yhi=2023"
14,"K Khoiriyah, S Rahmawati, NKWM Adriani…","Karakteristik lingkungan sebagai habitat Odonata di Kota Malang",2023,"Jurnal Ilmu …","ejournal.undip.ac.id","https://ejournal.undip.ac.id/index.php/ilmulingkungan/article/view/48768","https://scholar.google.com/scholar?cites=7865004075955986594&as_sdt=2005&sciodt=0,5&hl=en",125,"2026-04-12 18:56:36","","","",,,,,,14,4.67,4,4,3,"Serangga odonata dapat dijadikan sebagai bioindikator kesehatan kualitas perairan, pada pertanian berfungsi sebagai pengendali hama karena merupakan jenis predator. …","","https://scholar.google.com/scholar?q=related:oiBbWIkbJm0J:scholar.google.com/&scioq=odonata%7Cdragonfly%7Cdragonflies%7Cdamselfly%7Cdamselflies&hl=en&as_sdt=0,5&as_ylo=2023&as_yhi=2023"
0,"H Zheng, H Mofatteh…","kbarzadeh,., &kbarzadeh, M.(2023)",2023,"… inspired wing design …","scholarlypublications …","https://scholarlypublications.universiteitleiden.nl/access/item%3A3677090/download","",794,"2026-04-12 18:56:36","PDF","","",,,,,,0,0.00,0,3,3,"… dragonfly wing skeleton in the design of an airplane wing using artificial intelligence. The work relates the 2D morphology of the structural network of dragonfly … of a dragonfly wing and …","https://scholarlypublications.universiteitleiden.nl/access/item%3A3677090/download","https://scholar.google.com/scholar?q=related:DMARII_u6t8J:scholar.google.com/&scioq=odonata%7Cdragonfly%7Cdragonflies%7Cdamselfly%7Cdamselflies&hl=en&as_sdt=0,5&as_ylo=2023&as_yhi=2023"
0,"KI Sirait","KEANEKARAGAMAN CAPUNG (ODONATA) DI ALIRAN SUNGAI DESA LAWE HAKHUM ACEH TENGGARA",2023,"","Universitas Negeri Medan","","",743,"2026-04-12 18:56:36","CITATION","","",,,,,,0,0.00,0,1,3,"","","https://scholar.google.com/scholar?q=related:hBHaoaLdBQgJ:scholar.google.com/&scioq=odonata%7Cdragonfly%7Cdragonflies%7Cdamselfly%7Cdamselflies&hl=en&as_sdt=0,5&as_ylo=2023&as_yhi=2023"
5,"MFF Amrulloh","Keanekaragaman Capung (Odonata) di Kawasan Sungai Gendol, Jambon, Ngemplak, Sleman, Yogyakarta Pasca Banjir Lahar Dingin Gunung Merapi",2023,"Science and Education Journal","jurnal-cahayapatriot.org","http://jurnal-cahayapatriot.org/index.php/snej/article/view/100","https://scholar.google.com/scholar?cites=17497892087790214691&as_sdt=2005&sciodt=0,5&hl=en",310,"2026-04-12 18:56:36","","","",,,,,,5,1.67,5,1,3,"Penelitian bertujuan mengetahui keanekaragaman (odonata) dikawasan kali gendol pasca banjir lahar dingin gunung merapi. Penelitian dilakukan bulan November 2015 selama±10 …","https://jurnal-cahayapatriot.org/index.php/snej/article/download/100/359","https://scholar.google.com/scholar?q=related:I57aYiUA1fIJ:scholar.google.com/&scioq=odonata%7Cdragonfly%7Cdragonflies%7Cdamselfly%7Cdamselflies&hl=en&as_sdt=0,5&as_ylo=2023&as_yhi=2023"
0,"IA Meilani, AS Nugroho","KEANEKARAGAMAN CAPUNG (ODONATA) PADA AREA KALI PERTAMBAKAN DESA BAKARAN KULON KECAMATAN JUWANA KABUPATEN PATI",2023,"BIOFAIR","conference.upgris.ac.id","https://conference.upgris.ac.id/index.php/biofair/article/view/4196","",745,"2026-04-12 18:56:36","","","",,,,,,0,0.00,0,2,3,"… Tujuan penelitian ini adalah untuk mengetahui keanekaragaman capung (odonata) di area kali pertambakan Desa Bakaran Kulon. Pengambilan data capung (odonata) menggunakan …","","https://scholar.google.com/scholar?q=related:fPqPfUl4ScwJ:scholar.google.com/&scioq=odonata%7Cdragonfly%7Cdragonflies%7Cdamselfly%7Cdamselflies&hl=en&as_sdt=0,5&as_ylo=2023&as_yhi=2023"
1,"AA Romzalis","Keanekaragaman dan struktur komunitas capung (ordo: odonata) di air terjun dlundung trawas mojokerto",2023,"","Skrispsi","","https://scholar.google.com/scholar?cites=7460400989712189275&as_sdt=2005&sciodt=0,5&hl=en",990,"2026-04-12 18:56:36","CITATION","","",,,,,,1,0.33,1,1,3,"","","https://scholar.google.com/scholar?q=related:W4fEWSyriGcJ:scholar.google.com/&scioq=odonata%7Cdragonfly%7Cdragonflies%7Cdamselfly%7Cdamselflies&hl=en&as_sdt=0,5&as_ylo=2023&as_yhi=2023"
3,"ILI Putra, WA Putri","Keanekaragaman Jenis Capung (Hexapoda: Odonata) Di Sekitar Kampus 4 Universitas Ahmad Dahlan, Yogyakarta Diversity of Dragonfly (Hexapoda: Odonata …",2023,"Metamorfosa: Journal of Biological Sciences","researchgate.net","https://www.researchgate.net/profile/Ichsan-Indra-Putra/publication/370663215_Keanekaragaman_Jenis_Capung_Hexapoda_Odonata_Di_Sekitar_Kampus_4_Universitas_Ahmad_Dahlan_Yogyakarta/links/64c34021cda2775c03ca01d6/Keanekaragaman-Jenis-Capung-Hexapoda-Odonata-Di-Sekitar-Kampus-4-Universitas-Ahmad-Dahlan-Yogyakarta.pdf?origin=journalDetail&_tp=eyJwYWdlIjoiam91cm5hbERldGFpbCJ9","https://scholar.google.com/scholar?cites=11828806752431542485&as_sdt=2005&sciodt=0,5&hl=en",356,"2026-04-12 18:56:36","PDF","","",,,,,,3,1.00,2,2,3,"… species, and species of dragonflies which were abundant around … The dragonfly that caught was inserted in the papillot paper … there were 4 species of dragonflies that obtained, namely …","https://www.researchgate.net/profile/Ichsan-Indra-Putra/publication/370663215_Keanekaragaman_Jenis_Capung_Hexapoda_Odonata_Di_Sekitar_Kampus_4_Universitas_Ahmad_Dahlan_Yogyakarta/links/64c34021cda2775c03ca01d6/Keanekaragaman-Jenis-Capung-Hexapoda-Odonata-Di-Sekitar-Kampus-4-Universitas-Ahmad-Dahlan-Yogyakarta.pdf?origin=journalDetail&_tp=eyJwYWdlIjoiam91cm5hbERldGFpbCJ9","https://scholar.google.com/scholar?q=related:1ZBs0xFdKKQJ:scholar.google.com/&scioq=odonata%7Cdragonfly%7Cdragonflies%7Cdamselfly%7Cdamselflies&hl=en&as_sdt=0,5&as_ylo=2023&as_yhi=2023"
2,"IL Indra Putra, WA Putri","Keanekaragaman Jenis Capung (Hexapoda: Odonata) Di Sekitar Kampus 4 Universitas Ahmad Dahlan, Yogyakarta. Metamorfosa",2023,"Journal of Biological Sciences","","","https://scholar.google.com/scholar?cites=13355528972288195637&as_sdt=2005&sciodt=0,5&hl=en",963,"2026-04-12 18:56:36","CITATION","","",,,,,,2,0.67,1,2,3,"","","https://scholar.google.com/scholar?q=related:Nfys9NZeWLkJ:scholar.google.com/&scioq=odonata%7Cdragonfly%7Cdragonflies%7Cdamselfly%7Cdamselflies&hl=en&as_sdt=0,5&as_ylo=2023&as_yhi=2023"
0,"N Salsabila","KEANEKARAGAMAN JENIS CAPUNG (ODONATA) DI DESA CISURU CILACAP JAWA TENGAH",2023,"","digilib.uin-suka.ac.id","https://digilib.uin-suka.ac.id/id/eprint/63491/","",793,"2026-04-12 18:56:36","","","",,,,,,0,0.00,0,1,3,"Capung (Odonata) merupakan kekayaan hayati yang berperan penting bagi lingkungan. Salah satu lokasi yang memiliki keanekaragaman capung adalah Desa Cisuru, Kecamatan …","","https://scholar.google.com/scholar?q=related:sEXtr6aOH0UJ:scholar.google.com/&scioq=odonata%7Cdragonfly%7Cdragonflies%7Cdamselfly%7Cdamselflies&hl=en&as_sdt=0,5&as_ylo=2023&as_yhi=2023"
1,"A Wihardi","Keanekaragaman Jenis Capung (Odonata) di Sungai Jangkok Kota Mataram",2023,"Panthera: Jurnal Ilmiah Pendidikan Sains …","e-journal.lp3kamandanu.com","https://www.e-journal.lp3kamandanu.com/index.php/panthera/article/view/237","https://scholar.google.com/scholar?cites=12771388047100902163&as_sdt=2005&sciodt=0,5&hl=en",264,"2026-04-12 18:56:36","","","",,,,,,1,0.33,1,1,3,"… , including a diversity of dragonfly species (Odonata). Dragonflies also act as bioindicators … the types and determine the diversity index of dragonflies (Odonata) in the Jangkok River, …","https://www.e-journal.lp3kamandanu.com/index.php/panthera/article/download/237/287","https://scholar.google.com/scholar?q=related:E3seXMMVPbEJ:scholar.google.com/&scioq=odonata%7Cdragonfly%7Cdragonflies%7Cdamselfly%7Cdamselflies&hl=en&as_sdt=0,5&as_ylo=2023&as_yhi=2023"
2,"ASG Lantang, E Prayogo, MF Rijal, MH Ferdian…","Keanekaragaman jenis capung (Ordo Odonata) di Bendung Katulampa dan Sekitarnya, Kota Bogor Provinsi Jawa Barat. BIOSFER: J. Bio. &Pend. Bio., 8 …",2023,"","","","https://scholar.google.com/scholar?cites=5088165238274685912&as_sdt=2005&sciodt=0,5&hl=en",944,"2026-04-12 18:56:36","CITATION","","",,,,,,2,0.67,0,5,3,"","","https://scholar.google.com/scholar?q=related:2HvacVPLnEYJ:scholar.google.com/&scioq=odonata%7Cdragonfly%7Cdragonflies%7Cdamselfly%7Cdamselflies&hl=en&as_sdt=0,5&as_ylo=2023&as_yhi=2023"
1,"I Kurnia, MAG Lantang, E Prayogo…","Keanekaragaman Jenis Capung (Ordo Odonata) di Bendungan Katulampa dan Sekitarnya, Kota Bogor, Jawa Barat",2023,"… : Jurnal Biologi dan …","journal.unpas.ac.id","https://journal.unpas.ac.id/index.php/biosfer/article/view/7623","https://scholar.google.com/scholar?cites=6328514230388610377&as_sdt=2005&sciodt=0,5&hl=en",395,"2026-04-12 18:56:36","","","",,,,,,1,0.33,0,4,3,"… dragonflies and damselflies has never been done in this ecosystem, so this study aims to identify the diversity of dragonflies and damselflies … The dragonflies and damselflies found were …","https://journal.unpas.ac.id/index.php/biosfer/article/download/7623/5004","https://scholar.google.com/scholar?q=related:SVVRoilm01cJ:scholar.google.com/&scioq=odonata%7Cdragonfly%7Cdragonflies%7Cdamselfly%7Cdamselflies&hl=en&as_sdt=0,5&as_ylo=2023&as_yhi=2023"
0,"K FAZRIAH","KEANEKARAGAMAN SPESIES SUB ORDO ZYGOPTERA DI TAMAN CADIKA MEDAN UNTUK PENGEMBANGAN BAHAN AJAR BERUPA BUKU MONOGRAF",2023,"","repository.uisu.ac.id","https://repository.uisu.ac.id/handle/123456789/2025","",925,"2026-04-12 18:56:36","","","",,,,,,0,0.00,0,1,3,"… the presence of dragonflies can indicate that the lake around Cadika Park is still clean or … of dragonflies found around Cadika Park and summary of species of dragonflies found around …","https://repository.uisu.ac.id/bitstream/123456789/2025/3/Chapter%20I%2CII.pdf","https://scholar.google.com/scholar?q=related:2cgHdRj3KygJ:scholar.google.com/&scioq=odonata%7Cdragonfly%7Cdragonflies%7Cdamselfly%7Cdamselflies&hl=en&as_sdt=0,5&as_ylo=2023&as_yhi=2023"
0,"A Mujahidin, M Syazali","KEBERAGAMAN MAKHLUK HIDUP YANG DAPAT BERTAHAN DI SELOKAN YANG KOTOR DI LINGKUNGAN DASAN SARI",2023,"JPSdP: Jurnal Penelitian Sains dan Pembelajaran","","","",730,"2026-04-12 18:56:36","CITATION","","",,,,,,0,0.00,0,2,3,"","","https://scholar.google.com/scholar?q=related:t5noytRMdm8J:scholar.google.com/&scioq=odonata%7Cdragonfly%7Cdragonflies%7Cdamselfly%7Cdamselflies&hl=en&as_sdt=0,5&as_ylo=2023&as_yhi=2023"
0,"AANA Rakotomalala","Klaas-Douwe B. Dijkstra and Callan Cohen: Dragonflies and damselflies of Madagascar and the Western Indian Ocean Islands: University of Chicago Press, Chicago …",2023,"","Springer","https://link.springer.com/article/10.1007/s42974-023-00154-6","",439,"2026-04-12 18:56:36","","10.1007/s42974-023-00154-6","",,,,,,0,0.00,0,1,3,"… Odonata guidebook of the Malagasy archipelago. This region hosts 227 dragonflies and damselflies … The first part (circa 41 pp.) covers the biology and ecology of Odonata, provides a …","","https://scholar.google.com/scholar?q=related:EALOI-qDgR4J:scholar.google.com/&scioq=odonata%7Cdragonfly%7Cdragonflies%7Cdamselfly%7Cdamselflies&hl=en&as_sdt=0,5&as_ylo=2023&as_yhi=2023"
2,"A Borkenstein, R Jödicke","Langjährige Entwicklung der Libellenfauna zweier Moore in Nordwestdeutschland und Einfluss der Dürreperiode 2018–2020 (Odonata).",2023,"Libellula","libellula.org","https://www.libellula.org/wp-content/uploads/2023/10/Libellula_41_3-4_Borkenstein_Joedicke.pdf","https://scholar.google.com/scholar?cites=6093065037541672944&as_sdt=2005&sciodt=0,5&hl=en",609,"2026-04-12 18:56:36","PDF","","",,,,,,2,0.67,1,2,3,"… 2018–2020 (Odonata) – The population development of dragonflies in two lowland bogs in … The most significant changes in the dragonfly fauna happened when both study areas dried …","https://www.libellula.org/wp-content/uploads/2023/10/Libellula_41_3-4_Borkenstein_Joedicke.pdf","https://scholar.google.com/scholar?q=related:8AcGhF7qjlQJ:scholar.google.com/&scioq=odonata%7Cdragonfly%7Cdragonflies%7Cdamselfly%7Cdamselflies&hl=en&as_sdt=0,5&as_ylo=2023&as_yhi=2023"
0,"E Koene","Langzeitstudie 2016–2022 mit Populationsschätzungen von Cordulegaster bidentata und C. boltonii an sechs kleinen Bächen bei Bern (Schweiz)(Odonata …",2023,"Libellula","libellula.org","https://www.libellula.org/wp-content/uploads/2023/10/Libellula_41_3-4_Koene.pdf","",755,"2026-04-12 18:56:36","PDF","","",,,,,,0,0.00,0,1,3,"In der an einem Südhang gelegenen Gemeinde Wohlen bei Bern fließen viele kleine, unverbaute Bäche in die Aare oder den gestauten Wohlensee. Sie beginnen in alten …","https://www.libellula.org/wp-content/uploads/2023/10/Libellula_41_3-4_Koene.pdf","https://scholar.google.com/scholar?q=related:bemvLbfIVrcJ:scholar.google.com/&scioq=odonata%7Cdragonfly%7Cdragonflies%7Cdamselfly%7Cdamselflies&hl=en&as_sdt=0,5&as_ylo=2023&as_yhi=2023"
0,"D Lokhorst, DTA Team","Large-scale Hα emission in the M81 group of galaxies discovered by the pathfinder Dragonfly Spectral Line Mapper",2023,"American Astronomical Society …","ui.adsabs.harvard.edu","https://ui.adsabs.harvard.edu/abs/2023AAS...24142702L/abstract","",616,"2026-04-12 18:56:36","","","",,,,,,0,0.00,0,2,3,"We present new deep wide-field H-alpha imaging of the M81 group of galaxies, which was collected by the latest evolution of the Dragonfly Telephoto Array: the pathfinder Dragonfly …","","https://scholar.google.com/scholar?q=related:NM61THP3r4UJ:scholar.google.com/&scioq=odonata%7Cdragonfly%7Cdragonflies%7Cdamselfly%7Cdamselflies&hl=en&as_sdt=0,5&as_ylo=2023&as_yhi=2023"
4,"R Martín, X Maynou","Larval development and voltinism of rheophilous Odonata from a Mediterranean river in the north-eastern Iberian Peninsula",2023,"Odonatologica","BioOne","https://bioone.org/journals/odonatologica/volume-52/issue-1-2/odon.v52i1-2.a3/Larval-development-and-voltinism-of-rheophilous-Odonata-from-a-Mediterranean/10.60024/odon.v52i1-2.a3.short","https://scholar.google.com/scholar?cites=10254382963417531414&as_sdt=2005&sciodt=0,5&hl=en",193,"2026-04-12 18:56:36","","10.60024/odon.v52i1-2.a3.short","",,,,,,4,1.33,2,2,3,". We describe the larval development and voltinism of nine species of running-water dragonflies and damselflies from the upper and middle reaches of the Tordera, a Mediterranean-…","https://www.researchgate.net/profile/Ricardo-Martin-7/publication/371256002_Larval_development_and_voltinism_of_rheophilous_Odonata_from_a_Mediterranean_river_in_the_north-eastern_Iberian_Peninsula/links/64f08895743dc20a6eb24fa8/Larval-development-and-voltinism-of-rheophilous-Odonata-from-a-Mediterranean-river-in-the-north-eastern-Iberian-Peninsula.pdf","https://scholar.google.com/scholar?q=related:FsRRpfniTo4J:scholar.google.com/&scioq=odonata%7Cdragonfly%7Cdragonflies%7Cdamselfly%7Cdamselflies&hl=en&as_sdt=0,5&as_ylo=2023&as_yhi=2023"
0,"JA Marquez, JS Rodriguez, G Hankel…","Larval development of Argia joergenseni (Odonata: Coenagrionidae) at two different latitudes in Argentina",2023,"Revista de la …","SciELO Argentina","https://www.scielo.org.ar/scielo.php?pid=S0373-56802023000400004&script=sci_arttext&tlng=en","",402,"2026-04-12 18:56:36","HTML","","",,,,,,0,0.00,0,4,3,"Our aim was to investigate the larval development of Argia joergenseni Ris in three streams located at different latitudes and ecoregions (Yungas and Chaco) in Argentina. We …","https://www.scielo.org.ar/scielo.php?pid=S0373-56802023000400004&script=sci_arttext&tlng=en","https://scholar.google.com/scholar?q=related:mOO5D5geuEsJ:scholar.google.com/&scioq=odonata%7Cdragonfly%7Cdragonflies%7Cdamselfly%7Cdamselflies&hl=en&as_sdt=0,5&as_ylo=2023&as_yhi=2023"
3,"F Lozano, J Muzon, A del Palacio, LS Ramos","Larvas de Odonata",2023,"","ri.conicet.gov.ar","https://ri.conicet.gov.ar/handle/11336/256360","https://scholar.google.com/scholar?cites=2800352761226332840&as_sdt=2005&sciodt=0,5&hl=en",303,"2026-04-12 18:56:36","","","",,,,,,3,1.00,1,4,3,"El orden Odonata comprende insectos acuáticos con ciclos hemimetábolos y larvas acuáticas o secundariamente terrestres. El estado larval es exopterigota y se caracteriza por el …","https://ri.conicet.gov.ar/bitstream/handle/11336/256360/CONICET_Digital_Nro.4fac146d-c8cc-4876-9c4d-7ba19ba9a76b_B.pdf?sequence=2","https://scholar.google.com/scholar?q=related:qAqu2v_Z3CYJ:scholar.google.com/&scioq=odonata%7Cdragonfly%7Cdragonflies%7Cdamselfly%7Cdamselflies&hl=en&as_sdt=0,5&as_ylo=2023&as_yhi=2023"
2,"X Li, F van Amerom, JD Graham…","Laser Desorption Mass Spectrometry of Cryogenic Samples on the Dragonfly Mission",2023,"2023 IEEE …","ieeexplore.ieee.org","https://ieeexplore.ieee.org/abstract/document/10115534/","https://scholar.google.com/scholar?cites=9381178795262746476&as_sdt=2005&sciodt=0,5&hl=en",283,"2026-04-12 18:56:36","","","",,,,,,2,0.67,1,4,3,"The Dragonfly Mass Spectrometer (DraMS) onboard NASA's Dragonfly mission will analyze the composition of samples collected from the surface of Saturn's moon Titan. The Laser …","","https://scholar.google.com/scholar?q=related:bB8QImmkMIIJ:scholar.google.com/&scioq=odonata%7Cdragonfly%7Cdragonflies%7Cdamselfly%7Cdamselflies&hl=en&as_sdt=0,5&as_ylo=2023&as_yhi=2023"
2,"G Palomar, G Wos, R Stoks, S Sniegula","Latitude-specific urbanization effects on life history traits in the damselfly Ischnura elegans. Evolutionary Applications, 16, 1503–1515",2023,"","","","https://scholar.google.com/scholar?cites=537810445821017120&as_sdt=2005&sciodt=0,5&hl=en",776,"2026-04-12 18:56:36","CITATION","","",,,,,,2,0.67,1,4,3,"","","https://scholar.google.com/scholar?q=related:IPynQ8CvdgcJ:scholar.google.com/&scioq=odonata%7Cdragonfly%7Cdragonflies%7Cdamselfly%7Cdamselflies&hl=en&as_sdt=0,5&as_ylo=2023&as_yhi=2023"
17,"G Palomar, G Wos, R Stoks…","Latitude‐specific urbanization effects on life history traits in the damselfly Ischnura elegans",2023,"Evolutionary …","Wiley Online Library","https://onlinelibrary.wiley.com/doi/abs/10.1111/eva.13583","https://scholar.google.com/scholar?cites=17618149500309129301&as_sdt=2005&sciodt=0,5&hl=en",62,"2026-04-12 18:56:36","","10.1111/eva.13583","",,,,,,17,5.67,4,4,3,"… urban and rural populations of the damselfly Ischnura elegans and contrasted these between … This pattern was reversed during a heat wave in high‐latitude damselflies. Our results …","https://onlinelibrary.wiley.com/doi/pdf/10.1111/eva.13583","https://scholar.google.com/scholar?q=related:VcimJaA9gPQJ:scholar.google.com/&scioq=odonata%7Cdragonfly%7Cdragonflies%7Cdamselfly%7Cdamselflies&hl=en&as_sdt=0,5&as_ylo=2023&as_yhi=2023"
3,"G Palomar, G Wos, R Stoks, S Sniegula","Latitude‐specific urbanization effects on life history traits in the damselfly Ischnura elegans. Evolutionary Applications, 16 (8), 1503–1515",2023,"","","","https://scholar.google.com/scholar?cites=5542481715845726820&as_sdt=2005&sciodt=0,5&hl=en",749,"2026-04-12 18:56:36","CITATION","","",,,,,,3,1.00,1,4,3,"","","https://scholar.google.com/scholar?q=related:ZAIVV8HZ6kwJ:scholar.google.com/&scioq=odonata%7Cdragonfly%7Cdragonflies%7Cdamselfly%7Cdamselflies&hl=en&as_sdt=0,5&as_ylo=2023&as_yhi=2023"
0,"G Palomar García, G Wos, R Stoks, S Sniegula","Latitude‐specific urbanization effects on life history traits in the damselfly"" Ischnura elegans""",2023,"","docta.ucm.es","https://docta.ucm.es/entities/publication/e860fe42-535d-41ce-94fb-4ccdee01ad96","",409,"2026-04-12 18:56:36","","","",,,,,,0,0.00,0,4,3,"… urban and rural populations of the damselfly Ischnura elegans and contrasted these between … This pattern was reversed during a heat wave in high-latitude damselflies. Our results …","https://docta.ucm.es/bitstreams/2994fa55-61ca-4891-9ce8-69d29ff6924b/download","https://scholar.google.com/scholar?q=related:czU5_qk0Cb0J:scholar.google.com/&scioq=odonata%7Cdragonfly%7Cdragonflies%7Cdamselfly%7Cdamselflies&hl=en&as_sdt=0,5&as_ylo=2023&as_yhi=2023"
0,"S HARDERSEN","Le attuali conoscenze su Boyeria irene (Fonscolombe, 1838)(Odonata: Aeshnidae) nel territorio del lago di garda",2023,"NATURA BRESCIANA","botanica.museoscienzebrescia.it","https://botanica.museoscienzebrescia.it/upload/NATBRES/RIVISTA/2023_46/003-Hardersen-N46.pdf","",763,"2026-04-12 18:56:36","PDF","","",,,,,,0,0.00,0,1,3,"Fino all’inizio del XXI secolo Boyeria irene era sconosciuta dal territorio del Lago di Garda, ma nel 2004 una larva della specie è stata campionata presso il Rio delle Pile (Tremosine). …","https://botanica.museoscienzebrescia.it/upload/NATBRES/RIVISTA/2023_46/003-Hardersen-N46.pdf","https://scholar.google.com/scholar?q=related:wawQLCsJfAoJ:scholar.google.com/&scioq=odonata%7Cdragonfly%7Cdragonflies%7Cdamselfly%7Cdamselflies&hl=en&as_sdt=0,5&as_ylo=2023&as_yhi=2023"
0,"A Battisti, G Bosio","Le libellule (Odonata) del gruppo montuoso Mont Avic e Mont Emilius (Valle d'Aosta): riflessioni sull'evoluzione della comunità e focus sui generi Leucorrhinia e …",,"researchgate.net","","https://www.researchgate.net/profile/Andrea-Battisti-3/publication/368683276_Le_libellule_Odonata_del_gruppo_montuoso_Mont_Avic_e_Mont_Emilius_Valle_d'Aosta_riflessioni_sull'evoluzione_della_comunita_e_focus_sui_generi_Leucorrhinia_e_Somatochlora_REV_VALDOTAINE_HIST_NAT_76_69-/links/63f4d81f574950594531cf7c/Le-libellule-Odonata-del-gruppo-montuoso-Mont-Avic-e-Mont-Emilius-Valle-dAosta-riflessioni-sullevoluzione-della-comunita-e-focus-sui-generi-Leucorrhinia-e-Somatochlora-REV-VALDOTAINE-HIST-NAT-76-69-87.pdf","",666,"2026-04-12 18:56:36","PDF","","",,,,,,0,0.00,0,2,,"… The checklist of the Odonata of the SPA IT1202020 is updated; … dragonfly community are discussed. The presence of alien fish species seems to be the main direct threat for dragonflies …","https://www.researchgate.net/profile/Andrea-Battisti-3/publication/368683276_Le_libellule_Odonata_del_gruppo_montuoso_Mont_Avic_e_Mont_Emilius_Valle_d'Aosta_riflessioni_sull'evoluzione_della_comunita_e_focus_sui_generi_Leucorrhinia_e_Somatochlora_REV_VALDOTAINE_HIST_NAT_76_69-/links/63f4d81f574950594531cf7c/Le-libellule-Odonata-del-gruppo-montuoso-Mont-Avic-e-Mont-Emilius-Valle-dAosta-riflessioni-sullevoluzione-della-comunita-e-focus-sui-generi-Leucorrhinia-e-Somatochlora-REV-VALDOTAINE-HIST-NAT-76-69-87.pdf","https://scholar.google.com/scholar?q=related:pzH-A5a4w-wJ:scholar.google.com/&scioq=odonata%7Cdragonfly%7Cdragonflies%7Cdamselfly%7Cdamselflies&hl=en&as_sdt=0,5&as_ylo=2023&as_yhi=2023"
2,"K Nirmalakumari, H Rajaguru…","Leukemia cancer classification using extrusive genes from microarray data",2023,"AIP Conference …","pubs.aip.org","https://pubs.aip.org/aip/acp/article-abstract/2725/1/020005/2880720","https://scholar.google.com/scholar?cites=4285891867230675620&as_sdt=2005&sciodt=0,5&hl=en",633,"2026-04-12 18:56:36","","10.1063/5.0125232/16783683/020005_1_online","",,,,,,2,0.67,1,3,3,"… algorithm and Dragonfly classifiers. It is clear from the results that the Dragonfly classifier affords a … Also, the two level gene selection techniques along with the Dragonfly classifier have …","https://pubs.aip.org/aip/acp/article-pdf/doi/10.1063/5.0125232/16783683/020005_1_online.pdf","https://scholar.google.com/scholar?q=related:pCIFFPKLejsJ:scholar.google.com/&scioq=odonata%7Cdragonfly%7Cdragonflies%7Cdamselfly%7Cdamselflies&hl=en&as_sdt=0,5&as_ylo=2023&as_yhi=2023"
4,"D Azar, A Nel","Libanogomphidae, a new extraordinary dragonfly family from the Upper Cretaceous of Lebanon (Odonata, Anisoptera)",2023,"Cretaceous Research","Elsevier","https://www.sciencedirect.com/science/article/pii/S0195667123000290","https://scholar.google.com/scholar?cites=4662495438210235640&as_sdt=2005&sciodt=0,5&hl=en",146,"2026-04-12 18:56:36","","","",,,,,,4,1.33,2,2,3,"Libanogomphus lionelcavini gen. et sp. nov., the third dragonfly fossilized in compression from the Lebanese Cretaceous, is described and illustrated. It is attributed to the new gomphid …","https://www.sciencedirect.com/science/article/am/pii/S0195667123000290","https://scholar.google.com/scholar?q=related:-Hxm6eWCtEAJ:scholar.google.com/&scioq=odonata%7Cdragonfly%7Cdragonflies%7Cdamselfly%7Cdamselflies&hl=en&as_sdt=0,5&as_ylo=2023&as_yhi=2023"
2,"B Samraoui, L Touati, F Samraoui","Life cycle and seasonal regulation of the Ibero-Maghrebian endemic Onychogomphus costae across an altitudinal gradient (Insecta, Odonata)",2023,"Hydrobiologia","Springer","https://link.springer.com/article/10.1007/s10750-023-05269-5","https://scholar.google.com/scholar?cites=6991438359111188118&as_sdt=2005&sciodt=0,5&hl=en",270,"2026-04-12 18:56:36","","10.1007/s10750-023-05269-5","",,,,,,2,0.67,1,3,3,"The emergence and life cycle of the Ibero-Maghrebian endemic Onychogomphus costae Selys, 1885, was studied over an altitudinal gradient of the Seybouse River in northeastern …","","https://scholar.google.com/scholar?q=related:lr7cNyWUBmEJ:scholar.google.com/&scioq=odonata%7Cdragonfly%7Cdragonflies%7Cdamselfly%7Cdamselflies&hl=en&as_sdt=0,5&as_ylo=2023&as_yhi=2023"
9,"CT Beranek, J Clulow, M Mahony","Life stage dependent predator–prey reversal between a frog (Litoria aurea) and a dragonfly (Anax papuensis)",2023,"Ecology","JSTOR","https://www.jstor.org/stable/27256235","https://scholar.google.com/scholar?cites=4887987977574504851&as_sdt=2005&sciodt=0,5&hl=en",95,"2026-04-12 18:56:36","","","",,,,,,9,3.00,3,3,3,"… dragonfly species that shifts from dragonfly larva eating tadpoles in the aquatic environment to frogs eating dragonflies … We documented instances of predation of frogs by dragonflies in …","https://openresearch.newcastle.edu.au/articles/journal_contribution/Life_stage_dependent_predator-prey_reversal_between_a_frog_Litoria_aurea_and_a_dragonfly_Anax_papuensis_/29032028/1/files/54433514.pdf","https://scholar.google.com/scholar?q=related:k1m1_Sqf1UMJ:scholar.google.com/&scioq=odonata%7Cdragonfly%7Cdragonflies%7Cdamselfly%7Cdamselflies&hl=en&as_sdt=0,5&as_ylo=2023&as_yhi=2023"
0,"A Alfarisyi","List of Odonata recorded from Tempat Berkesinambungan Wildlife Santuary, Tanjung Kelayang Reserves, Belitung Island, Indonesia and distribution of two …",,"researchgate.net","","https://www.researchgate.net/profile/Akbar-Alfarisyi-2/publication/399530070_Alfarisyi_A_2023_First_Record_of_TKR_Odonata_Belitung_Agrion-Jul-2023/links/695e41baa1fd01798911ade8/Alfarisyi-A-2023-First-Record-of-TKR-Odonata-Belitung-Agrion-Jul-2023.pdf","",640,"2026-04-12 18:56:36","PDF","","",,,,,,0,0.00,0,1,,"… Until recently our knowledge of the Odonata of Belitung was based almost entirely on … These coenagrionid damselfly species are found in peat swamp forest areas with tall tree …","https://www.researchgate.net/profile/Akbar-Alfarisyi-2/publication/399530070_Alfarisyi_A_2023_First_Record_of_TKR_Odonata_Belitung_Agrion-Jul-2023/links/695e41baa1fd01798911ade8/Alfarisyi-A-2023-First-Record-of-TKR-Odonata-Belitung-Agrion-Jul-2023.pdf","https://scholar.google.com/scholar?q=related:Dp7Dxk3G-NEJ:scholar.google.com/&scioq=odonata%7Cdragonfly%7Cdragonflies%7Cdamselfly%7Cdamselflies&hl=en&as_sdt=0,5&as_ylo=2023&as_yhi=2023"
0,"FP de Sousa, AKS Rocha, LN Veiga, NCF Ferreira…","LISTA DAS ESPÉCIES DE ODONATA DEPOSITADAS NA UNIVERSIDADE ESTADUAL DO SUDOESTE DA BAHIA",2023,"Biosemana","anais2.uesb.br","https://anais2.uesb.br/index.php/biosemana/article/download/47/37","",671,"2026-04-12 18:56:36","","","",,,,,,0,0.00,0,5,3,"LISTA DAS ESPÉCIES DE ODONATA DEPOSITADAS NA UNIVERSIDADE ESTADUAL DO SUDOESTE DA BAHIA RESUMO As coleções biológicas desemp … Entre os insetos, as …","","https://scholar.google.com/scholar?q=related:2HoGAVG0XHAJ:scholar.google.com/&scioq=odonata%7Cdragonfly%7Cdragonflies%7Cdamselfly%7Cdamselflies&hl=en&as_sdt=0,5&as_ylo=2023&as_yhi=2023"
4,"ABS Farias, IMC Ventura, KR Barão, DS Vilela…","Lista preliminar e novos registros de Libélulas e Donzelinhas (Insecta: Odonata) para o Sul do estado de Alagoas, Brasil",2023,"Hetaerina","researchgate.net","https://www.researchgate.net/profile/Antonio-Silva-Farias/publication/368309785_Lista_preliminar_e_novos_registros_de_Libelulas_e_Donzelinhas_Insecta_Odonata_para_o_Sul_do_estado_de_Alagoas_Brasil/links/63e242a2dd5ea060ac25aad6/Lista-preliminar-e-novos-registros-de-Libelulas-e-Donzelinhas-Insecta-Odonata-para-o-Sul-do-estado-de-Alagoas-Brasil.pdf","https://scholar.google.com/scholar?cites=7742227797097199800&as_sdt=2005&sciodt=0,5&hl=en",255,"2026-04-12 18:56:36","PDF","","",,,,,,4,1.33,1,5,3,"… A fauna de Odonata de Alagoas, um dos oito estados nordestinos, é uma das … de Odonata em Alagoas, nós apresentamos a primeira lista de libélulas e donzelinhas (Insecta: Odonata) …","https://www.researchgate.net/profile/Antonio-Silva-Farias/publication/368309785_Lista_preliminar_e_novos_registros_de_Libelulas_e_Donzelinhas_Insecta_Odonata_para_o_Sul_do_estado_de_Alagoas_Brasil/links/63e242a2dd5ea060ac25aad6/Lista-preliminar-e-novos-registros-de-Libelulas-e-Donzelinhas-Insecta-Odonata-para-o-Sul-do-estado-de-Alagoas-Brasil.pdf","https://scholar.google.com/scholar?q=related:uDgiUCnrcWsJ:scholar.google.com/&scioq=odonata%7Cdragonfly%7Cdragonflies%7Cdamselfly%7Cdamselflies&hl=en&as_sdt=0,5&as_ylo=2023&as_yhi=2023"
4,"N Yang, D Ren, O Béthoux","Little bits of dragonfly history repeating exemplified by a new Pennsylvanian family",2023,"Royal Society Open Science","royalsocietypublishing.org","https://royalsocietypublishing.org/rsos/article/10/10/230904/91886","https://scholar.google.com/scholar?cites=12910589124633260327&as_sdt=2005&sciodt=0,5&hl=en",122,"2026-04-12 18:56:36","HTML","","",,,,,,4,1.33,1,3,3,"… During its 320 Myr evolution, dragon-and damselfly (Odonata) wing morphology underwent … documented in the extinct Archizygoptera and among damselflies, we report a new, 315 Ma …","https://royalsocietypublishing.org/rsos/article/10/10/230904/91886","https://scholar.google.com/scholar?q=related:J3HJ1megK7MJ:scholar.google.com/&scioq=odonata%7Cdragonfly%7Cdragonflies%7Cdamselfly%7Cdamselflies&hl=en&as_sdt=0,5&as_ylo=2023&as_yhi=2023"
0,"G Osborne","Logging continues in western Victoria",,"wombatforestcare.org.au","","https://www.wombatforestcare.org.au/wp-content/uploads/WombatForestcareNewsletter64_June_23.pdf","",679,"2026-04-12 18:56:36","PDF","","",,,,,,0,0.00,0,1,,"… , illustrating just a sample of the variation and vibrance of colour in our local damselflies. … of the dragonfly larvae. As they are not as powerful as dragonfly larvae, damselfly larvae tend to …","https://www.wombatforestcare.org.au/wp-content/uploads/WombatForestcareNewsletter64_June_23.pdf","https://scholar.google.com/scholar?q=related:SWOWaUWp5LQJ:scholar.google.com/&scioq=odonata%7Cdragonfly%7Cdragonflies%7Cdamselfly%7Cdamselflies&hl=en&as_sdt=0,5&as_ylo=2023&as_yhi=2023"
0,"AM Strauss","Lorenz, Ralph. Planetary exploration with Ingenuity and Dragonfly: rotary-wing flight on Mars and Titan.",2023,"CHOICE: Current Reviews for Academic Libraries","go.gale.com","https://go.gale.com/ps/i.do?id=GALE%7CA771950950&sid=googleScholar&v=2.1&it=r&linkaccess=abs&issn=00094978&p=AONE&sw=w","",618,"2026-04-12 18:56:36","","","",,,,,,0,0.00,0,1,3,"Lorenz (Applied Physics Lab) is a planetary scientist with degrees in engineering and planetary sciences. He has written a number of books in both areas, including Titan Unveiled (CH, …","","https://scholar.google.com/scholar?q=related:T11Lhc4Bv2cJ:scholar.google.com/&scioq=odonata%7Cdragonfly%7Cdragonflies%7Cdamselfly%7Cdamselflies&hl=en&as_sdt=0,5&as_ylo=2023&as_yhi=2023"
0,"MH Honts","Louis Comfort Tiffany and His Art Nouveau Lamps",2023,"","","","",932,"2026-04-12 18:56:36","CITATION","","",,,,,,0,0.00,0,1,3,"","","https://scholar.google.com/scholar?q=related:DC5yelZjaXgJ:scholar.google.com/&scioq=odonata%7Cdragonfly%7Cdragonflies%7Cdamselfly%7Cdamselflies&hl=en&as_sdt=0,5&as_ylo=2023&as_yhi=2023"
14,"X Xu, X Wang, E Cruz-Camacho…","Machine learning for interconnect network traffic forecasting: Investigation and exploitation",2023,"Proceedings of the …","dl.acm.org","https://dl.acm.org/doi/abs/10.1145/3573900.3591123","https://scholar.google.com/scholar?cites=13888291209812397637&as_sdt=2005&sciodt=0,5&hl=en",905,"2026-04-12 18:56:36","","10.1145/3573900.3591123","",,,,,,14,4.67,4,4,3,"… We focus on the 1D Dragonfly network as shown in Figure 1 with 𝑛 routers 𝑅𝑖 ∈ {𝑅1,𝑅2, ..., 𝑅𝑛}. Each router 𝑅𝑖 has 𝑚 ports, including terminal ports, local ports, and global ports. We …","https://dl.acm.org/doi/pdf/10.1145/3573900.3591123","https://scholar.google.com/scholar?q=related:RU4MokUfvcAJ:scholar.google.com/&scioq=odonata%7Cdragonfly%7Cdragonflies%7Cdamselfly%7Cdamselflies&hl=en&as_sdt=0,5&as_ylo=2023&as_yhi=2023"
2,"E Xhina, I Bilo, A Ktona, A Paparisto…","MACHINE LEARNING METHODS FOR UNDERSTANDING BIODIVERSITY AND ITS CONSERVATION.",2023,"… of Ecosystems & …","search.ebscohost.com","https://search.ebscohost.com/login.aspx?direct=true&profile=ehost&scope=site&authtype=crawler&jrnl=22244980&AN=172884483&h=RyCor%2FankjFW2egr4ZJ8Zn1bgUq5mX2Ug87xQTUPoJxoi%2Fa%2BTTr8mur5D1MpkyMaUKnX2JMXPBCUPM75creMpQ%3D%3D&crl=c","https://scholar.google.com/scholar?cites=9635295049504448453&as_sdt=2005&sciodt=0,5&hl=en",637,"2026-04-12 18:56:36","","","",,,,,,2,0.67,0,5,3,"… The first database is The Odonate Phenotypic Database (OPDB), an online data resource for dragonfly and damselfly phenotypes (Insecta: Odonata) from all over the world. This …","https://scholar.archive.org/work/7awbbwpugvhttnx4zgk5mmvjwi/access/wayback/https://ijees.net/images/pdf/EndriXhina1InvaBilo2AnaKtona1AnilaPaparisto3OrionLi%C3%A7i1XhulianaQirinxhi4DritanHaxhiu1MACHINELEARNINGMETHODSFORUNDERSTANDINGBIODIVERSITYANDITSCONSERVATIONpage39-44;-58653984c6.pdf","https://scholar.google.com/scholar?q=related:xd_KK8xxt4UJ:scholar.google.com/&scioq=odonata%7Cdragonfly%7Cdragonflies%7Cdamselfly%7Cdamselflies&hl=en&as_sdt=0,5&as_ylo=2023&as_yhi=2023"
0,"R Aggarwal, E Mees, J Flynn, J Folan","Macroinvertabrate and Water Quality Survey of Smelt Brook. Braintree Massachusetts March 27",,"vc.bridgew.edu","","https://vc.bridgew.edu/cgi/viewcontent.cgi?referer=&httpsredir=1&article=1084&context=wal_projects","",923,"2026-04-12 18:56:36","PDF","","",,,,,,0,0.00,0,4,,"… Level 2 are somewhat sensitive bugs such as crayfish, or dragonflies. Somewhat sensitive bugs can live in pollution, but not for a long period of time. … Odonata “Darner Dragonfly” …","https://vc.bridgew.edu/cgi/viewcontent.cgi?referer=&httpsredir=1&article=1084&context=wal_projects","https://scholar.google.com/scholar?q=related:85lj3rFNKMQJ:scholar.google.com/&scioq=odonata%7Cdragonfly%7Cdragonflies%7Cdamselfly%7Cdamselflies&hl=en&as_sdt=0,5&as_ylo=2023&as_yhi=2023"
0,"OR Ramadhani, L Makarius, N Mariam, M Emmanuel","Macroinvertebrates as bio Indicators of water quality in Pinyinyi River, Arusha Tanzania",2023,"","agris.fao.org","https://agris.fao.org/search/en/providers/125429/records/6851873c53e52c13fc771f8f","",739,"2026-04-12 18:56:36","","","",,,,,,0,0.00,0,4,3,"Rivers are important for aquatic biodiversity. Anthropogenic activities de-grade rivers and decrease their capacity to offer ecosystem services. This study used macroinvertebrates to …","","https://scholar.google.com/scholar?q=related:O0l7BZtSTewJ:scholar.google.com/&scioq=odonata%7Cdragonfly%7Cdragonflies%7Cdamselfly%7Cdamselflies&hl=en&as_sdt=0,5&as_ylo=2023&as_yhi=2023"
1,"MI Moreno Pallares, MA Bonilla…","Macroinvertebrates composition as determinants of larval abundance in the dragonfly Miathyria marcella in tropical wetlands",2023,"Global Journal of …","repositorio.cuc.edu.co","https://repositorio.cuc.edu.co/entities/publication/87e29cb5-91a2-49e2-b39f-d64ecdb5885b","https://scholar.google.com/scholar?cites=3560052016797820761&as_sdt=2005&sciodt=0,5&hl=en",337,"2026-04-12 18:56:36","","","",,,,,,1,0.33,0,3,3,"BACKGROUND AND OBJECTIVES: Odonate larvae play an important role in macroinvertebrate trophic networks and are excellent indicators of wetland quality. However, despite their …","https://repositorio.cuc.edu.co/bitstreams/4a77ca1a-c741-4c9a-b90c-b98b5f78e688/download","https://scholar.google.com/scholar?q=related:Waclg3LYZzEJ:scholar.google.com/&scioq=odonata%7Cdragonfly%7Cdragonflies%7Cdamselfly%7Cdamselflies&hl=en&as_sdt=0,5&as_ylo=2023&as_yhi=2023"
0,"R Corkins, Y He, J Martin","Mapping trematode worm infection of the dragonfly brain: Anatomical evidence for parasite control of",2023,"INTEGRATIVE …","… DEPT, 2001 EVANS RD, CARY, NC …","","",902,"2026-04-12 18:56:36","CITATION","","",,,,,,0,0.00,0,3,3,"","","https://scholar.google.com/scholar?q=related:hsvAuxq54MMJ:scholar.google.com/&scioq=odonata%7Cdragonfly%7Cdragonflies%7Cdamselfly%7Cdamselflies&hl=en&as_sdt=0,5&as_ylo=2023&as_yhi=2023"
0,"RJC Cannon","Mate-finding strategies I: waiting and seeking.",2023,"","cabidigitallibrary.org","https://www.cabidigitallibrary.org/doi/full/10.5555/20230270997","",901,"2026-04-12 18:56:36","","10.5555/20230270997","",,,,,,0,0.00,0,1,3,"… factors influencing these strategies and provides examples in species such as Odonata (dragonflies and damselflies), butterflies, hoverflies, bees, and andromorphic female damselflies. …","","https://scholar.google.com/scholar?q=related:lvSSpZ5Fb6kJ:scholar.google.com/&scioq=odonata%7Cdragonfly%7Cdragonflies%7Cdamselfly%7Cdamselflies&hl=en&as_sdt=0,5&as_ylo=2023&as_yhi=2023"
3,"K Inada, T Minemura, T Ohde, T Daimon","Mating behaviors and multiple mating in the firebrat, Thermobia domestica (Zygentoma: Lepismatidae)",2023,"Applied Entomology and …","Springer","https://link.springer.com/article/10.1007/s13355-023-00826-9","https://scholar.google.com/scholar?cites=17413607124484293746&as_sdt=2005&sciodt=0,5&hl=en",696,"2026-04-12 18:56:36","","10.1007/s13355-023-00826-9","",,,,,,3,1.00,1,4,3,"… Among these are insects belonging to the orders Zygentoma (silverfish and firebrats) and Odonata (dragonflies and damselflies), which employ external sperm transfer. Although the …","","https://scholar.google.com/scholar?q=related:cgQZIWuPqfEJ:scholar.google.com/&scioq=odonata%7Cdragonfly%7Cdragonflies%7Cdamselfly%7Cdamselflies&hl=en&as_sdt=0,5&as_ylo=2023&as_yhi=2023"
0,"B Dillard","May 2023 Cover-Green Dragonfly on Flower",2023,"Journal of the Mississippi State Medical …","jmsma.scholasticahq.com","https://jmsma.scholasticahq.com/article/81099.xml","",647,"2026-04-12 18:56:36","","","",,,,,,0,0.00,0,1,3,"… green dragonfly fool you. The eastern pondhawk is arguably the most aggressive dragonfly … to attack and eat other flying insects, including other dragonflies. I love to get out and explore …","","https://scholar.google.com/scholar?q=related:gI_hcivGX8YJ:scholar.google.com/&scioq=odonata%7Cdragonfly%7Cdragonflies%7Cdamselfly%7Cdamselflies&hl=en&as_sdt=0,5&as_ylo=2023&as_yhi=2023"
8,"P Josephin Shermila, A Ahilan…","MDEEPFIC: Food item classification with calorie calculation using modified dragonfly deep learning network",2023,"Journal of Intelligent …","journals.sagepub.com","https://journals.sagepub.com/doi/abs/10.3233/JIFS-230193","https://scholar.google.com/scholar?cites=15096304652900653998&as_sdt=2005&sciodt=0,5&hl=en",99,"2026-04-12 18:56:36","","10.3233/JIFS-230193","",,,,,,8,2.67,3,3,3,"Foods are very essential for living beings for providing energy, development and preserve their existence. It plays a vital role in promoting health and preventing illness. Nowadays, …","","https://scholar.google.com/scholar?q=related:rls4IRnZgNEJ:scholar.google.com/&scioq=odonata%7Cdragonfly%7Cdragonflies%7Cdamselfly%7Cdamselflies&hl=en&as_sdt=0,5&as_ylo=2023&as_yhi=2023"
0,"M Metz","Mechanistic basis and evolutionary aspects of metabolic allometries in dragonflies and damselflies",2023,"","diva-portal.org","https://www.diva-portal.org/smash/get/diva2:1744955/FULLTEXT01.pdf","",414,"2026-04-12 18:56:36","PDF","","",,,,,,0,0.00,0,1,3,"… demanding process, dragonflies and damselflies might have a … This could also be the case for dragonflies and damselflies, … collected specimens of damselflies and dragonflies that were …","https://www.diva-portal.org/smash/get/diva2:1744955/FULLTEXT01.pdf","https://scholar.google.com/scholar?q=related:Kll9A8jhNxcJ:scholar.google.com/&scioq=odonata%7Cdragonfly%7Cdragonflies%7Cdamselfly%7Cdamselflies&hl=en&as_sdt=0,5&as_ylo=2023&as_yhi=2023"
0,"AM Yarger, Z Li, J Kluge…","Mechanosensation of aeroelastic flutters in dragonfly wings",2023,"INTEGRATIVE …","… DEPT, 2001 EVANS RD, CARY, NC …","","",907,"2026-04-12 18:56:36","CITATION","","",,,,,,0,0.00,0,4,3,"","","https://scholar.google.com/scholar?q=related:SRkTPNOx4LoJ:scholar.google.com/&scioq=odonata%7Cdragonfly%7Cdragonflies%7Cdamselfly%7Cdamselflies&hl=en&as_sdt=0,5&as_ylo=2023&as_yhi=2023"
14,"SE Janssen, CJ Kotalik, CA Eagles-Smith…","Mercury isotope values in shoreline spiders reveal the transfer of aquatic mercury sources to terrestrial food webs",2023,"… & Technology Letters","ACS Publications","https://pubs.acs.org/doi/abs/10.1021/acs.estlett.3c00450","https://scholar.google.com/scholar?cites=6546363913172772967&as_sdt=2005&sciodt=0,5&hl=en",779,"2026-04-12 18:56:36","","10.1021/acs.estlett.3c00450","",,,,,,14,4.67,4,4,3,"… , we examined the linear slope associated with dragonfly to yellow perch δ 202 Hg [m = … tetragnathid-dragonfly slope. This strong 1:1 relationship between dragonflies and tetragnathids …","https://pubs.acs.org/doi/full/10.1021/acs.estlett.3c00450","https://scholar.google.com/scholar?q=related:Z2gZf0tb2VoJ:scholar.google.com/&scioq=odonata%7Cdragonfly%7Cdragonflies%7Cdamselfly%7Cdamselflies&hl=en&as_sdt=0,5&as_ylo=2023&as_yhi=2023"
3,"JT Bried, F Alves-Martins, LS Brasil…","Metacommunity concepts, approaches, and directions with Odonata",2023,"Dragonflies and …","experts.illinois.edu","https://experts.illinois.edu/en/publications/metacommunity-concepts-approaches-and-directions-with-odonata/","https://scholar.google.com/scholar?cites=8313094491163749186&as_sdt=2005&sciodt=0,5&hl=en",219,"2026-04-12 18:56:36","","","",,,,,,3,1.00,1,4,3,"Metacommunity thinking is a rapidly advancing framework for integrated local and regional multispecies ecology. This chapter begins by discussing the background on this thinking. It …","","https://scholar.google.com/scholar?q=related:QmsSImULXnMJ:scholar.google.com/&scioq=odonata%7Cdragonfly%7Cdragonflies%7Cdamselfly%7Cdamselflies&hl=en&as_sdt=0,5&as_ylo=2023&as_yhi=2023"
3,"V Rusinov, O Honcharenko, A Volokyta…","Methods of topological organization synthesis based on tree and dragonfly combinations",2023,"… on Computer Science …","Springer","https://link.springer.com/chapter/10.1007/978-3-031-36118-0_43","https://scholar.google.com/scholar?cites=4238353975484619776&as_sdt=2005&sciodt=0,5&hl=en",202,"2026-04-12 18:56:36","","10.1007/978-3-031-36118-0_43","",,,,,,3,1.00,1,4,3,"The paper is devoted to consideration of several ways to synthesis new topological organizations based on different types of trees and Dragonfly sequences. Various combinations of …","","https://scholar.google.com/scholar?q=related:ABwgJXyo0ToJ:scholar.google.com/&scioq=odonata%7Cdragonfly%7Cdragonflies%7Cdamselfly%7Cdamselflies&hl=en&as_sdt=0,5&as_ylo=2023&as_yhi=2023"
0,"DEC Czaplinski","MICROSCOPIC IMAGING OF TITAN SURFACE MATERIALS IN PREPARATION FOR",,"hou.usra.edu","","https://www.hou.usra.edu/meetings/lpsc2023/pdf/2778.pdf","",697,"2026-04-12 18:56:36","PDF","","",,,,,,0,0.00,0,1,,"Introduction: The Dragonfly rotorcraft lander mission will land on Titan in the mid-2030s to investigate the prebiotic chemistry, habitability, and potential chemical biosignatures that may …","https://www.hou.usra.edu/meetings/lpsc2023/pdf/2778.pdf","https://scholar.google.com/scholar?q=related:jLkBPbrE3qQJ:scholar.google.com/&scioq=odonata%7Cdragonfly%7Cdragonflies%7Cdamselfly%7Cdamselflies&hl=en&as_sdt=0,5&as_ylo=2023&as_yhi=2023"
0,"EC Czaplinski, R Hodyss, ML Cable…","Microscopic Imaging of Titan Surface Materials in Preparation for Dragonfly",2023,"54th Lunar and …","ui.adsabs.harvard.edu","https://ui.adsabs.harvard.edu/abs/2023LPICo2806.2778C/abstract","",882,"2026-04-12 18:56:36","CITATION","","",,,,,,0,0.00,0,4,3,"Microscopic Imaging of Titan Surface Materials in Preparation for Dragonfly - ADS … Microscopic Imaging of Titan Surface Materials in Preparation for Dragonfly … Imaging …","","https://scholar.google.com/scholar?q=related:NL5kIxq9-_oJ:scholar.google.com/&scioq=odonata%7Cdragonfly%7Cdragonflies%7Cdamselfly%7Cdamselflies&hl=en&as_sdt=0,5&as_ylo=2023&as_yhi=2023"
0,"C Cussler, D Cussler","Mission Dragonfly: Ein Dirk-Pitt-Roman",2023,"","books.google.com","https://books.google.com/books?hl=en&lr=&id=jBScEAAAQBAJ&oi=fnd&pg=PT8&dq=odonata%7Cdragonfly%7Cdragonflies%7Cdamselfly%7Cdamselflies&ots=xWao5n849W&sig=0RF5wYGRjUykipg01Kt-G29ptOI","",631,"2026-04-12 18:56:36","BOOK","","",,,,,,0,0.00,0,2,3,"Das Pentagon befindet sich in Alarmbereitschaft, und nur ein Mann kann die Katastrophe noch abwenden–Dirk Pitt, der Chef der amerikanischen Meeresbehörde NUMA. Der Test des …","","https://scholar.google.com/scholar?q=related:UkRBmnSTE90J:scholar.google.com/&scioq=odonata%7Cdragonfly%7Cdragonflies%7Cdamselfly%7Cdamselflies&hl=en&as_sdt=0,5&as_ylo=2023&as_yhi=2023"
6,"F Johansson, D Berger, D Outomuro…","Mixed support for an alignment between phenotypic plasticity and genetic differentiation in damselfly wing shape",2023,"Journal of …","academic.oup.com","https://academic.oup.com/jeb/article-abstract/36/2/368/7326109","https://scholar.google.com/scholar?cites=1578170629481022367&as_sdt=2005&sciodt=0,5&hl=en",182,"2026-04-12 18:56:36","","","",,,,,,6,2.00,2,4,3,"… damselfly (Lestes sponsa) across a latitudinal gradient in Europe that differed in time constraints mediated by photoperiod and temperature. We reared damselflies … study damselfly wing …","https://academic.oup.com/jeb/article/36/2/368/7326109","https://scholar.google.com/scholar?q=related:n8MrddPJ5hUJ:scholar.google.com/&scioq=odonata%7Cdragonfly%7Cdragonflies%7Cdamselfly%7Cdamselflies&hl=en&as_sdt=0,5&as_ylo=2023&as_yhi=2023"
102,"S Chaurasia, K Kumar, N Kumar","Mocraw: A meta-heuristic optimized cluster head selection based routing algorithm for wsns",2023,"Ad Hoc Networks","Elsevier","https://www.sciencedirect.com/science/article/pii/S1570870522002517","https://scholar.google.com/scholar?cites=1411237321953242322&as_sdt=2005&sciodt=0,5&hl=en",683,"2026-04-12 18:56:36","","","",,,,,,102,34.00,34,3,3,"… MOCRAW removes isolated nodes or hot-spot problems and provides loop-free routing with the help of the Dragonfly Algorithm (DA), wherein the decision is based on Local Search …","","https://scholar.google.com/scholar?q=related:0uzLBN64lRMJ:scholar.google.com/&scioq=odonata%7Cdragonfly%7Cdragonflies%7Cdamselfly%7Cdamselflies&hl=en&as_sdt=0,5&as_ylo=2023&as_yhi=2023"
0,"A Pana, M Syazali","MODEL RANTAI MAKANAN DI EKOSISTEM SAWAH DESA TEKO, PULAU LOMBOK, INDONESIA",2023,"JPSdP: Jurnal Penelitian Sains dan Pembelajaran","","","",761,"2026-04-12 18:56:36","CITATION","","",,,,,,0,0.00,0,2,3,"","","https://scholar.google.com/scholar?q=related:iEMdp2TnLkYJ:scholar.google.com/&scioq=odonata%7Cdragonfly%7Cdragonflies%7Cdamselfly%7Cdamselflies&hl=en&as_sdt=0,5&as_ylo=2023&as_yhi=2023"
4,"C Plunkett, F Chance","Modeling coordinate transformations in the dragonfly nervous system",2023,"Proceedings of the 2023 Annual Neuro-Inspired …","dl.acm.org","https://dl.acm.org/doi/abs/10.1145/3584954.3584959","https://scholar.google.com/scholar?cites=17260491146333076932&as_sdt=2005&sciodt=0,5&hl=en",128,"2026-04-12 18:56:36","","10.1145/3584954.3584959","",,,,,,4,1.33,2,2,3,"… dragonfly nervous system calculates turns to intercept its prey. We do not seek to model the optics of the dragonfly … • The model dragonfly updates the angular position of its head based …","https://dl.acm.org/doi/pdf/10.1145/3584954.3584959","https://scholar.google.com/scholar?q=related:xD31YT-Vie8J:scholar.google.com/&scioq=odonata%7Cdragonfly%7Cdragonflies%7Cdamselfly%7Cdamselflies&hl=en&as_sdt=0,5&as_ylo=2023&as_yhi=2023"
2,"YB van Oppen, G Milder-Mulderij…","Modeling dragonfly population data with a Bayesian bivariate geometric mixed-effects model",2023,"Journal of Applied …","Taylor &Francis","https://www.tandfonline.com/doi/abs/10.1080/02664763.2022.2068513","https://scholar.google.com/scholar?cites=3055436879257791703&as_sdt=2005&sciodt=0,5&hl=en",325,"2026-04-12 18:56:36","","10.1080/02664763.2022.2068513","",,,,,,2,0.67,1,3,3,"We develop a generalized linear mixed model (GLMM) for bivariate count responses for statistically analyzing dragonfly population data from the Northern Netherlands. The populations …","https://www.tandfonline.com/doi/pdf/10.1080/02664763.2022.2068513","https://scholar.google.com/scholar?q=related:1-zJPacXZyoJ:scholar.google.com/&scioq=odonata%7Cdragonfly%7Cdragonflies%7Cdamselfly%7Cdamselflies&hl=en&as_sdt=0,5&as_ylo=2023&as_yhi=2023"
1,"O Sifour, S Berkane, A Tayebi","Modeling of four-winged micro ornithopters inspired by dragonflies",2023,"IFAC-PapersOnLine","Elsevier","https://www.sciencedirect.com/science/article/pii/S2405896323011163","https://scholar.google.com/scholar?cites=6184707313522562240&as_sdt=2005&sciodt=0,5&hl=en",299,"2026-04-12 18:56:36","","","",,,,,,1,0.33,0,3,3,"In this paper, we present a full dynamical model of a four-winged micro ornithopter inspired by a dragonfly-type insect. The micro ornithopter is modeled as four articulated rigid body …","https://arxiv.org/pdf/2301.03187","https://scholar.google.com/scholar?q=related:wNRFnoh-1FUJ:scholar.google.com/&scioq=odonata%7Cdragonfly%7Cdragonflies%7Cdamselfly%7Cdamselflies&hl=en&as_sdt=0,5&as_ylo=2023&as_yhi=2023"
13,"S Wakita, BC Johnson, JM Soderblom…","Modeling the formation of Selk impact crater on Titan: Implications for Dragonfly",2023,"The Planetary …","iopscience.iop.org","https://iopscience.iop.org/article/10.3847/PSJ/acbe40/meta","https://scholar.google.com/scholar?cites=367364312141345316&as_sdt=2005&sciodt=0,5&hl=en",63,"2026-04-12 18:56:36","","10.3847/PSJ/acbe40","",,,,,,13,4.33,3,4,3,"Selk crater is an ∼80 km diameter impact crater on the Saturnian icy satellite Titan. Melt pools associated with impact craters like Selk provide environments where liquid water and …","https://iopscience.iop.org/article/10.3847/PSJ/acbe40/pdf","https://scholar.google.com/scholar?q=related:JDJXQOUjGQUJ:scholar.google.com/&scioq=odonata%7Cdragonfly%7Cdragonflies%7Cdamselfly%7Cdamselflies&hl=en&as_sdt=0,5&as_ylo=2023&as_yhi=2023"
2,"BB Al-Onazi, N Alotaibi, JS Alzahrani…","Modified dragonfly optimization with machine learning based arabic text recognition",2023,"J. Comput. Mater …","academia.edu","https://www.academia.edu/download/106826716/35_TSP_CMC_34196_Published.pdf","https://scholar.google.com/scholar?cites=11523003671711150803&as_sdt=2005&sciodt=0,5&hl=en",266,"2026-04-12 18:56:36","PDF","","",,,,,,2,0.67,1,4,3,"Text classification or categorization is the procedure of automatically tagging a textual document with most related labels or classes. When the number of labels is limited to one, the task …","https://www.academia.edu/download/106826716/35_TSP_CMC_34196_Published.pdf","https://scholar.google.com/scholar?q=related:03Ldtcnu6Z8J:scholar.google.com/&scioq=odonata%7Cdragonfly%7Cdragonflies%7Cdamselfly%7Cdamselflies&hl=en&as_sdt=0,5&as_ylo=2023&as_yhi=2023"
3,"FS Hu, R Futahashi","Molecular phylogenetic analysis and its impact on the conservation of Ischnura rubilio Selys, 1876 (Odonata: Coenagrionidae) in Taiwan",2023,"International Journal of Odonatology","pdfs.semanticscholar.org","https://pdfs.semanticscholar.org/71c7/ba5c35f5bf2ce1af3baae26c587b7b39316b.pdf","https://scholar.google.com/scholar?cites=9955491079141947228&as_sdt=2005&sciodt=0,5&hl=en",318,"2026-04-12 18:56:36","PDF","","",,,,,,3,1.00,2,2,3,"Although Ischnura aurora (Brauer, 1865) was traditionally considered to be widely distributed in Asia, the populations west of continental China have recently been identified as …","https://pdfs.semanticscholar.org/71c7/ba5c35f5bf2ce1af3baae26c587b7b39316b.pdf","https://scholar.google.com/scholar?q=related:XHfT2GMCKYoJ:scholar.google.com/&scioq=odonata%7Cdragonfly%7Cdragonflies%7Cdamselfly%7Cdamselflies&hl=en&as_sdt=0,5&as_ylo=2023&as_yhi=2023"
2,"P Koparde, A Payra, A Deshapnde","Molecular Phylogeny and Comparative Biogeography of Endemic Odonates (Dragonflies & Damselflies) of the Western Ghats of India",2023,"DST-SERB Project Report, Submitted to the …","","","https://scholar.google.com/scholar?cites=14963420509965602104&as_sdt=2005&sciodt=0,5&hl=en",744,"2026-04-12 18:56:36","CITATION","","",,,,,,2,0.67,1,3,3,"","","https://scholar.google.com/scholar?q=related:OE1Lmay_qM8J:scholar.google.com/&scioq=odonata%7Cdragonfly%7Cdragonflies%7Cdamselfly%7Cdamselflies&hl=en&as_sdt=0,5&as_ylo=2023&as_yhi=2023"
27,"T Schneider, A Vierstraete, OE Kosterin, D Ikemeyer…","Molecular phylogeny of Holarctic Aeshnidae with a focus on the West Palaearctic and some remarks on its genera worldwide (Aeshnidae, Odonata)",2023,"Diversity","mdpi.com","https://www.mdpi.com/1424-2818/15/9/950","https://scholar.google.com/scholar?cites=1221245741612201953&as_sdt=2005&sciodt=0,5&hl=en",34,"2026-04-12 18:56:36","HTML","","",,,,,,27,9.00,5,5,3,"Aeshnidae Rambur, 1842 are impressive large insects distributed worldwide. Currently, over 500 species are recognized. Nevertheless, the phylogeny of this family is not completely …","https://www.mdpi.com/1424-2818/15/9/950","https://scholar.google.com/scholar?q=related:4fdAFIi88hAJ:scholar.google.com/&scioq=odonata%7Cdragonfly%7Cdragonflies%7Cdamselfly%7Cdamselflies&hl=en&as_sdt=0,5&as_ylo=2023&as_yhi=2023"
8,"AH Jumaat, SA Hamid","Monitoring heavy metal bioaccumulation in rivers using damselflies (Insecta: Odonata, Zygoptera) as biological indicator",2023,"Sains Malaysiana","researchgate.net","https://www.researchgate.net/profile/Ahmad-Hadri-Jumaat/publication/369518715_Monitoring_Heavy_Metal_Bioaccumulation_in_Rivers_Using_Damselflies_Insecta_Odonata_Zygoptera_as_Biological_Indicator/links/6421455aa1b72772e42e067a/Monitoring-Heavy-Metal-Bioaccumulation-in-Rivers-Using-Damselflies-Insecta-Odonata-Zygoptera-as-Biological-Indicator.pdf?origin=journalDetail&_tp=eyJwYWdlIjoiam91cm5hbERldGFpbCJ9","https://scholar.google.com/scholar?cites=14390698174360963499&as_sdt=2005&sciodt=0,5&hl=en",84,"2026-04-12 18:56:36","PDF","","",,,,,,8,2.67,4,2,3,"… and Odonata larvae (P. microcephalum, P. fraseri, and C. … The results of this study indicated that damselfly is reliable to … Odonata or damselflies are good biological measures of river …","https://www.researchgate.net/profile/Ahmad-Hadri-Jumaat/publication/369518715_Monitoring_Heavy_Metal_Bioaccumulation_in_Rivers_Using_Damselflies_Insecta_Odonata_Zygoptera_as_Biological_Indicator/links/6421455aa1b72772e42e067a/Monitoring-Heavy-Metal-Bioaccumulation-in-Rivers-Using-Damselflies-Insecta-Odonata-Zygoptera-as-Biological-Indicator.pdf?origin=journalDetail&_tp=eyJwYWdlIjoiam91cm5hbERldGFpbCJ9","https://scholar.google.com/scholar?q=related:q8mlkL4HtscJ:scholar.google.com/&scioq=odonata%7Cdragonfly%7Cdragonflies%7Cdamselfly%7Cdamselflies&hl=en&as_sdt=0,5&as_ylo=2023&as_yhi=2023"
3,"IRC Baird, S Burgin","Monitoring within-patch, flying season population dynamics of an endangered mire-dwelling dragonfly, Petalura gigantea (Odonata: Petaluridae)",2023,"Australian Zoologist","connectsci.au","https://connectsci.au/az/article-abstract/43/2/368/262212","https://scholar.google.com/scholar?cites=3203696511382165509&as_sdt=2005&sciodt=0,5&hl=en",197,"2026-04-12 18:56:36","","","",,,,,,3,1.00,2,2,3,"Understanding within-patch seasonal demographics of patchily distributed odonates is fundamental to understanding aspects of their behaviour, ecology, and landscape-scale …","https://www.researchgate.net/profile/Ian-Baird-2/publication/376378426_Monitoring_within-patch_flying_season_population_dynamics_of_an_endangered_mire-dwelling_dragonfly_Petalura_gigantea_Odonata_Petaluridae/links/68c65d6411d348252ba57e14/Monitoring-within-patch-flying-season-population-dynamics-of-an-endangered-mire-dwelling-dragonfly-Petalura-gigantea-Odonata-Petaluridae.pdf","https://scholar.google.com/scholar?q=related:BZgX0QDRdSwJ:scholar.google.com/&scioq=odonata%7Cdragonfly%7Cdragonflies%7Cdamselfly%7Cdamselflies&hl=en&as_sdt=0,5&as_ylo=2023&as_yhi=2023"
22,"S Chaurasia, K Kumar","MOORP: Metaheuristic based optimized opportunistic routing protocol for wireless sensor network",2023,"Wireless Personal Communications","Springer","https://link.springer.com/article/10.1007/s11277-023-10659-y","https://scholar.google.com/scholar?cites=14318466346005835794&as_sdt=2005&sciodt=0,5&hl=en",804,"2026-04-12 18:56:36","","10.1007/s11277-023-10659-y","",,,,,,22,7.33,11,2,3,"… dragonfly, which has been effectively used in miscellany applications is exploited for this work. The dragonfly … optimal forwarder node selection and dragonfly route optimization. The …","https://www.researchgate.net/profile/Kamal-Kumar-39/publication/372652107_MOORP_Metaheuristic_Based_Optimized_Opportunistic_Routing_Protocol_for_Wireless_Sensor_Network/links/64c1c673b9ed6874a547074d/MOORP-Metaheuristic-Based-Optimized-Opportunistic-Routing-Protocol-for-Wireless-Sensor-Network.pdf","https://scholar.google.com/scholar?q=related:EjAQekdptcYJ:scholar.google.com/&scioq=odonata%7Cdragonfly%7Cdragonflies%7Cdamselfly%7Cdamselflies&hl=en&as_sdt=0,5&as_ylo=2023&as_yhi=2023"
0,"G OKUDE, RYO FUTAHASHI","Morphological changes during the final nymphal instar and the genes essential for metamorphosis in dragonflies and damselflies",2023,"TOMBO","jglobal.jst.go.jp","https://jglobal.jst.go.jp/en/detail?JGLOBAL_ID=202302260860038319","",768,"2026-04-12 18:56:36","CITATION","","",,,,,,0,0.00,0,2,3,"… *Odonata About Odonata … Sexual differentiation in dragonflies and damselflies. pp.13-35. In: Tanaka, M. …","","https://scholar.google.com/scholar?q=related:1f-C-jw0rmEJ:scholar.google.com/&scioq=odonata%7Cdragonfly%7Cdragonflies%7Cdamselfly%7Cdamselflies&hl=en&as_sdt=0,5&as_ylo=2023&as_yhi=2023"
0,"R Novella-Fernandez, L Chalmandrier, R Brandl…","Morphological overdispersion supports the role of competition in the community assembly of dragonflies: drivers and spatio-seasonal variation",2023,"Authorea …","authorea.com","https://www.authorea.com/doi/full/10.22541/au.168137826.67310850","",426,"2026-04-12 18:56:36","","10.22541/au.168137826.67310850","",,,,,,0,0.00,0,4,3,"… assembly of dragonflies and damselflies (Odonata), a group characterized by a pronounced competitive reproductive biology. We found that dragonfly, but not damselfly, assemblages …","https://www.authorea.com/doi/pdf/10.22541/au.168137826.67310850","https://scholar.google.com/scholar?q=related:Zxav3OBx0JcJ:scholar.google.com/&scioq=odonata%7Cdragonfly%7Cdragonflies%7Cdamselfly%7Cdamselflies&hl=en&as_sdt=0,5&as_ylo=2023&as_yhi=2023"
0,"CL Kling, Z Williams","Multi-source stereophotogrammetry to understand aeolian processes",2023,"AGU Fall Meeting Abstracts","ui.adsabs.harvard.edu","https://ui.adsabs.harvard.edu/abs/2023AGUFMEP31D2108K/abstract","",792,"2026-04-12 18:56:36","","","",,,,,,0,0.00,0,2,3,"… With the selection of the Dragonfly mission, which will be exploring Titan, understanding the … Titan hosts an abundance of these features that Dragonfly will likely encounter and have a …","","https://scholar.google.com/scholar?q=related:GvlcCYs2_aUJ:scholar.google.com/&scioq=odonata%7Cdragonfly%7Cdragonflies%7Cdamselfly%7Cdamselflies&hl=en&as_sdt=0,5&as_ylo=2023&as_yhi=2023"
3,"R Moumen, M Laidi, S Hanini, M Hentabli…","Multicomponent adsorption capacity forecasting based on support vector machine with Dragonfly algorithm",2023,"Kemija u industriji …","hrcak.srce.hr","https://hrcak.srce.hr/295635","https://scholar.google.com/scholar?cites=15891458647271289832&as_sdt=2005&sciodt=0,5&hl=en",234,"2026-04-12 18:56:36","","","",,,,,,3,1.00,1,5,3,"The predictability of the adsorption capacity of the multicomponent adsorption system was modelled using Support Vector Machine (SVM). Two SVM models were built and compared. …","https://hrcak.srce.hr/file/427778","https://scholar.google.com/scholar?q=related:6DNqcXHNidwJ:scholar.google.com/&scioq=odonata%7Cdragonfly%7Cdragonflies%7Cdamselfly%7Cdamselflies&hl=en&as_sdt=0,5&as_ylo=2023&as_yhi=2023"
136,"MA Khan, A Khan, M Alhaisoni…","Multimodal brain tumor detection and classification using deep saliency map and improved dragonfly optimization algorithm",2023,"… Journal of Imaging …","Wiley Online Library","https://onlinelibrary.wiley.com/doi/abs/10.1002/ima.22831","https://scholar.google.com/scholar?cites=14579934023289080152&as_sdt=2005&sciodt=0,5&hl=en",17,"2026-04-12 18:56:36","","10.1002/ima.22831","",,,,,,136,45.33,34,4,3,"… In this work, we proposed an improved dragonfly optimization algorithm for the best feature … of idealized dragonflies inspired the Dragonfly Algorithm (DA). The dragonflies' hunting …","","https://scholar.google.com/scholar?q=related:WAnHEr9UVsoJ:scholar.google.com/&scioq=odonata%7Cdragonfly%7Cdragonflies%7Cdamselfly%7Cdamselflies&hl=en&as_sdt=0,5&as_ylo=2023&as_yhi=2023"
48,"H Parmaksiz, U Yuzgec, E Dokur, N Erdogan","Mutation based improved dragonfly optimization algorithm for a neuro-fuzzy system in short term wind speed forecasting",2023,"Knowledge-based systems","Elsevier","https://www.sciencedirect.com/science/article/pii/S0950705123002228","https://scholar.google.com/scholar?cites=18394438490061065247&as_sdt=2005&sciodt=0,5&hl=en",32,"2026-04-12 18:56:36","","","",,,,,,48,16.00,12,4,3,"… a mutation-based Dragonfly optimization algorithm (MIDA). … selection mechanisms update the dragonflies at each iteration and … of some improved dragonfly algorithms taken from the …","https://cora.ucc.ie/bitstreams/c86753cd-0135-46f2-8481-1352e6606e74/download","https://scholar.google.com/scholar?q=related:H8zcSlksRv8J:scholar.google.com/&scioq=odonata%7Cdragonfly%7Cdragonflies%7Cdamselfly%7Cdamselflies&hl=en&as_sdt=0,5&as_ylo=2023&as_yhi=2023"
1,"M Seehausen","Nachweise der an Libellen parasitierenden Gnitze Forcipomyia paludis in Vorpommern und auf Rügen (Odonata; Diptera: Ceratopogonidae)",2023,"Libellula","researchgate.net","https://www.researchgate.net/profile/Malte-Seehausen/publication/369019088_Nachweise_der_an_Libellen_parasitierenden_Gnitze_Forcipomyia_paludis_in_Vorpommern_und_auf_Rugen_Odonata_Diptera_Ceratopogonidae/links/6404ab570cf1030a5673cd3b/Nachweise-der-an-Libellen-parasitierenden-Gnitze-Forcipomyia-paludis-in-Vorpommern-und-auf-Ruegen-Odonata-Diptera-Ceratopogonidae.pdf","https://scholar.google.com/scholar?cites=1751172223234288265&as_sdt=2005&sciodt=0,5&hl=en",557,"2026-04-12 18:56:36","PDF","","",,,,,,1,0.33,1,1,3,"Es werden drei gemeinsame Fundorte von Forcipomyia paludis als Parasit von Libellenimagines bei gleichzeitigem Vorkommen von Cladium mariscus vorgestellt. In den Jahren 2021 …","https://www.researchgate.net/profile/Malte-Seehausen/publication/369019088_Nachweise_der_an_Libellen_parasitierenden_Gnitze_Forcipomyia_paludis_in_Vorpommern_und_auf_Rugen_Odonata_Diptera_Ceratopogonidae/links/6404ab570cf1030a5673cd3b/Nachweise-der-an-Libellen-parasitierenden-Gnitze-Forcipomyia-paludis-in-Vorpommern-und-auf-Ruegen-Odonata-Diptera-Ceratopogonidae.pdf","https://scholar.google.com/scholar?q=related:iSpp4ttpTRgJ:scholar.google.com/&scioq=odonata%7Cdragonfly%7Cdragonflies%7Cdamselfly%7Cdamselflies&hl=en&as_sdt=0,5&as_ylo=2023&as_yhi=2023"
0,"ME Rice","Nan-Yao Su: Good Lucky Me",2023,"American Entomologist","academic.oup.com","https://academic.oup.com/ae/article-abstract/69/1/18/7076290","",760,"2026-04-12 18:56:36","","","",,,,,,0,0.00,0,1,3,"… in front of the dragonfly, and they think it’sa flying insect and they grab on it. And then you grab the dragonfly with your hand. Or you can go in closely, and the dragonfly will stay still, but …","","https://scholar.google.com/scholar?q=related:U0LS7QliGgEJ:scholar.google.com/&scioq=odonata%7Cdragonfly%7Cdragonflies%7Cdamselfly%7Cdamselflies&hl=en&as_sdt=0,5&as_ylo=2023&as_yhi=2023"
0,"ES Clarke, SE Davis, J Giglio","NASA Dragonfly Mission MMRTG",2023,"","osti.gov","https://www.osti.gov/biblio/2432490","",406,"2026-04-12 18:56:36","","","",,,,,,0,0.00,0,3,3,"… In this way, Dragonfly will leapfrog along the surface … Dragonfly is encased in a foam insulation to retain heat … Figure 6 shows the differences between the Dragonfly MMRTG and the …","https://www.osti.gov/servlets/purl/2432490","https://scholar.google.com/scholar?q=related:hLg-c4na7f0J:scholar.google.com/&scioq=odonata%7Cdragonfly%7Cdragonflies%7Cdamselfly%7Cdamselflies&hl=en&as_sdt=0,5&as_ylo=2023&as_yhi=2023"
2,"T Talbert, S Gribben","NASA's Dragonfly Team Soars through Major Design Review",2023,"NASA/Johns Hopkins APL, Mar","","","https://scholar.google.com/scholar?cites=13999982084085317065&as_sdt=2005&sciodt=0,5&hl=en",837,"2026-04-12 18:56:36","CITATION","","",,,,,,2,0.67,1,2,3,"","","https://scholar.google.com/scholar?q=related:yf28x4ftScIJ:scholar.google.com/&scioq=odonata%7Cdragonfly%7Cdragonflies%7Cdamselfly%7Cdamselflies&hl=en&as_sdt=0,5&as_ylo=2023&as_yhi=2023"
0,"CE Sandifer II, C Van Lear, JM Newman…","NASA's Radioisotope Power Systems Program: Status Update",2023,"Nuclear and Emerging …","ntrs.nasa.gov","https://ntrs.nasa.gov/citations/20230003264","",912,"2026-04-12 18:56:36","","","",,,,,,0,0.00,0,4,3,"… for the New Frontiers 4 Dragonfly mission, which will visit Titan, the largest moon of Saturn. Dragonfly is scheduled to launch in 2027 with arrival at Titan by 2034. Dragonfly is a unique …","https://ntrs.nasa.gov/api/citations/20230003264/downloads/2023%20NETS%20RPS%20Program%20Overview_FINAL-lp%5B1%5D.pdf","https://scholar.google.com/scholar?q=related:E4sY6DY2gZ8J:scholar.google.com/&scioq=odonata%7Cdragonfly%7Cdragonflies%7Cdamselfly%7Cdamselflies&hl=en&as_sdt=0,5&as_ylo=2023&as_yhi=2023"
0,"F Martin-Duncan","Natural History.",2023,"A History of Early Film V1","taylorfrancis.com","https://www.taylorfrancis.com/chapters/edit/10.4324/9781003401056-13/natural-history-martin-duncan","",833,"2026-04-12 18:56:36","","10.4324/9781003401056-13","",,,,,,0,0.00,0,1,3,"… Dragonfly is seen in an early stage of its life ere the beautiful gauzy wings have grown. Several of these young dragonfly … We were most fortunate in securing this picture as the dragonfly …","","https://scholar.google.com/scholar?q=related:38WYjDse9_8J:scholar.google.com/&scioq=odonata%7Cdragonfly%7Cdragonflies%7Cdamselfly%7Cdamselflies&hl=en&as_sdt=0,5&as_ylo=2023&as_yhi=2023"
78,"SV Oopath, A Baji, M Abtahi, TQ Luu…","Nature‐Inspired Biomimetic Surfaces for Controlling Bacterial Attachment and Biofilm Development",2023,"Advanced Materials …","Wiley Online Library","https://advanced.onlinelibrary.wiley.com/doi/abs/10.1002/admi.202201425","https://scholar.google.com/scholar?cites=4933891131312296185&as_sdt=2005&sciodt=0,5&hl=en",826,"2026-04-12 18:56:36","","10.1002/admi.202201425","",,,,,,78,26.00,16,5,3,"… Natural materials such as the wings of cicadas and dragonflies have evolved to use the … materials such as lotus leaf, cicadas and dragonflies wings, shark skin, and rose petals. These …","https://advanced.onlinelibrary.wiley.com/doi/pdf/10.1002/admi.202201425","https://scholar.google.com/scholar?q=related:-dBR0tezeEQJ:scholar.google.com/&scioq=odonata%7Cdragonfly%7Cdragonflies%7Cdamselfly%7Cdamselflies&hl=en&as_sdt=0,5&as_ylo=2023&as_yhi=2023"
2,"K Belahcen, B Chergui, M El Haissoufi…","New Data on Biodiversity and Chorology of Aquatic Insects of Tazekka National Park (Middle Atlas, Morocco) I: Odonata, Coleoptera, and Hemiptera",2023,"Transactions of the …","BioOne","https://bioone.org/journals/transactions-of-the-american-entomological-society/volume-149/issue-3/061.149.0301/New-Data-on-Biodiversity-and-Chorology-of-Aquatic-Insects-of/10.3157/061.149.0301.short","https://scholar.google.com/scholar?cites=13414694888342054314&as_sdt=2005&sciodt=0,5&hl=en",276,"2026-04-12 18:56:36","","10.3157/061.149.0301.short","",,,,,,2,0.67,1,4,3,"Aquatic insects play a crucial role in freshwater ecosystems, and their diversity and distribution are important indicators of ecosystem health. In this study, we present old and new …","","https://scholar.google.com/scholar?q=related:qmXgRe2RKroJ:scholar.google.com/&scioq=odonata%7Cdragonfly%7Cdragonflies%7Cdamselfly%7Cdamselflies&hl=en&as_sdt=0,5&as_ylo=2023&as_yhi=2023"
0,"A Petrović","New data on distribution of Caliaeschna microstigma (Schneider, 1845)(Odonata: Aeshnidae) in Serbia",2023,"Acta Entomologica Serbica","aes.bio.bg.ac.rs","https://aes.bio.bg.ac.rs/index.php/aes/article/view/365","",564,"2026-04-12 18:56:36","","","",,,,,,0,0.00,0,1,3,"Caliaeschna microstigma is a species distributed mainly in the eastern Mediterranean, from Croatia in the west to northern Iran and Caucasus in the east. Until this study, it was reported …","","https://scholar.google.com/scholar?q=related:jSozvnbPX7UJ:scholar.google.com/&scioq=odonata%7Cdragonfly%7Cdragonflies%7Cdamselfly%7Cdamselflies&hl=en&as_sdt=0,5&as_ylo=2023&as_yhi=2023"
0,"M Vilenica, M Katar","New data on Odonata fauna of the Drava River basin",2023,"Entomologia Croatica","researchgate.net","https://www.researchgate.net/profile/Marina-Vilenica/publication/370108628_New_data_on_Odonata_fauna_of_the_Drava_River_basin/links/643fde7d39aa471a524c95b9/New-data-on-Odonata-fauna-of-the-Drava-River-basin.pdf","",423,"2026-04-12 18:56:36","PDF","","",,,,,,0,0.00,0,2,3,"… Odonata are amphibious insects widely used as … Therefore, we surveyed Odonata fauna at two Drava River oxbows and the … With this study, we increased our knowledge about Odonata …","https://www.researchgate.net/profile/Marina-Vilenica/publication/370108628_New_data_on_Odonata_fauna_of_the_Drava_River_basin/links/643fde7d39aa471a524c95b9/New-data-on-Odonata-fauna-of-the-Drava-River-basin.pdf","https://scholar.google.com/scholar?q=related:ES5Rzlt-ocMJ:scholar.google.com/&scioq=odonata%7Cdragonfly%7Cdragonflies%7Cdamselfly%7Cdamselflies&hl=en&as_sdt=0,5&as_ylo=2023&as_yhi=2023"
0,"AM Ostrovsky","New Data on the Fauna of Dragonflies (Insecta, Odonata) of the South-Eastern Belarus",2023,"Biologiâ vnutrennih vod","innoscience.ru","https://innoscience.ru/0320-9652/article/view/669875","",461,"2026-04-12 18:56:36","","","",,,,,,0,0.00,0,1,3,"… of dragonflies of the south-east of Belarus. New data for 38 species are reported. Three dragonfly … Zoogeographically, trans-Eurasian and European dragonfly species predominate. The …","","https://scholar.google.com/scholar?q=related:jTTYzdB4NlMJ:scholar.google.com/&scioq=odonata%7Cdragonfly%7Cdragonflies%7Cdamselfly%7Cdamselflies&hl=en&as_sdt=0,5&as_ylo=2023&as_yhi=2023"
0,"AM Ostrovsky","New Data on the Fauna of Dragonflies and Damselflies (Insecta, Odonata) of Southeastern Belarus",2023,"Inland Water Biology","Springer","https://link.springer.com/article/10.1134/S1995082923060172","",225,"2026-04-12 18:56:36","","10.1134/S1995082923060172","",,,,,,0,0.00,0,1,3,"… the order Odonata in southeastern Belarus have been carried out. New data for 38 odonata … Zoogeographically, trans-Eurasian and European odonata species predominate. The most …","","https://scholar.google.com/scholar?q=related:LQj2hEkECpgJ:scholar.google.com/&scioq=odonata%7Cdragonfly%7Cdragonflies%7Cdamselfly%7Cdamselflies&hl=en&as_sdt=0,5&as_ylo=2023&as_yhi=2023"
0,"AP Đurđević, MA Popović, IJ Medenica…","New finding of Cordulegaster insignis Schneider, 1845 (odonata: cordulegastridae) in Serbia",2023,"Kragujevac Journal of …","researchgate.net","https://www.researchgate.net/profile/Marko-Nikolic-10/publication/372078443_New_finding_of_Cordulegaster_insignis_Schneider_1845_odonata_cordulegastridae_in_Serbia/links/64a3dc948de7ed28ba73161a/New-finding-of-Cordulegaster-insignis-Schneider-1845-odonata-cordulegastridae-in-Serbia.pdf","",612,"2026-04-12 18:56:36","PDF","","",,,,,,0,0.00,0,4,3,"… (2009): Atlas of the Odonata of the Mediterranean and North Africa. Libellula Supplement 9: 1‒ 256. … (2018): Diversity and conservation of European dragonflies and damselflies (Odonata) …","https://www.researchgate.net/profile/Marko-Nikolic-10/publication/372078443_New_finding_of_Cordulegaster_insignis_Schneider_1845_odonata_cordulegastridae_in_Serbia/links/64a3dc948de7ed28ba73161a/New-finding-of-Cordulegaster-insignis-Schneider-1845-odonata-cordulegastridae-in-Serbia.pdf","https://scholar.google.com/scholar?q=related:0Lm1_hzx-yUJ:scholar.google.com/&scioq=odonata%7Cdragonfly%7Cdragonflies%7Cdamselfly%7Cdamselflies&hl=en&as_sdt=0,5&as_ylo=2023&as_yhi=2023"
0,"L Cristofaro, P Batty, D Muir, A Law","New insights on habitat preferences of the Northern Emerald dragonfly (Somatochlora arctica)",2023,"","researchsquare.com","https://www.researchsquare.com/article/rs-3076391/latest","",449,"2026-04-12 18:56:36","","","",,,,,,0,0.00,0,4,3,"Odonates are widely considered to be bioindicators of freshwater habitat quality. Somatochlora arctica (Corduliidae) are commonly found across Eurasia, predominantly North and …","","https://scholar.google.com/scholar?q=related:wfRylOoeRs0J:scholar.google.com/&scioq=odonata%7Cdragonfly%7Cdragonflies%7Cdamselfly%7Cdamselflies&hl=en&as_sdt=0,5&as_ylo=2023&as_yhi=2023"
3,"O Béthoux, JM Anderson","New light shed on Triadophlebiomorpha wing morphology and systematics (Insecta: Odonata)",2023,"Geodiversitas","BioOne","https://bioone.org/journals/geodiversitas/volume-45/issue-17/geodiversitas2023v45a17/New-light-shed-on-Triadophlebiomorpha-wing-morphology-and-systematics-Insecta/10.5252/geodiversitas2023v45a17.full","https://scholar.google.com/scholar?cites=15336536161918390424&as_sdt=2005&sciodt=0,5&hl=en",180,"2026-04-12 18:56:36","","10.5252/geodiversitas2023v45a17.full","",,,,,,3,1.00,2,2,3,"Un nouvel éclairage sur la morphologie alaire et la systématique des Triadophlebiomorpha (Insecta, Odonata). La systématique des Triadophlebiomorpha, un groupe d'odonates …","","https://scholar.google.com/scholar?q=related:mBAUAGJS1tQJ:scholar.google.com/&scioq=odonata%7Cdragonfly%7Cdragonflies%7Cdamselfly%7Cdamselflies&hl=en&as_sdt=0,5&as_ylo=2023&as_yhi=2023"
3,"C Jouault, B Coutret, KO Konhauser…","New odonatans (Odonata: Gomphaeschnidae; Synlestidae) from the Paleocene Paskapoo Formation: systematic and biogeographical implications",2023,"Journal of Systematic …","Taylor &Francis","https://www.tandfonline.com/doi/abs/10.1080/14772019.2023.2261457","https://scholar.google.com/scholar?cites=11930844229187749456&as_sdt=2005&sciodt=0,5&hl=en",239,"2026-04-12 18:56:36","","10.1080/14772019.2023.2261457","",,,,,,3,1.00,1,4,3,"The Paleocene Paskapoo Formation in Alberta, Canada, offers a unique opportunity to gain insight into insect diversity at that time. This fossil insect-rich formation has yielded a variety …","https://insu.hal.science/insu-04337315/document","https://scholar.google.com/scholar?q=related:UEZBN53fkqUJ:scholar.google.com/&scioq=odonata%7Cdragonfly%7Cdragonflies%7Cdamselfly%7Cdamselflies&hl=en&as_sdt=0,5&as_ylo=2023&as_yhi=2023"
4,"Q Yang, D Ren, C Shi","New petalurid dragonfly (Odonata: Aktassiidae) from the Lower Cretaceous of northern China",2023,"Cretaceous Research","Elsevier","https://www.sciencedirect.com/science/article/pii/S0195667123001374","https://scholar.google.com/scholar?cites=12782691983094062793&as_sdt=2005&sciodt=0,5&hl=en",140,"2026-04-12 18:56:36","","","",,,,,,4,1.33,1,3,3,"A new species Pseudocymatophlebia bisecta sp. nov. (Odonata: Aktassiidae) is described from the Lower Cretaceous of China. It is assigned to this family by the typical very dense …","","https://scholar.google.com/scholar?q=related:yR6ODaI-ZbEJ:scholar.google.com/&scioq=odonata%7Cdragonfly%7Cdragonflies%7Cdamselfly%7Cdamselflies&hl=en&as_sdt=0,5&as_ylo=2023&as_yhi=2023"
0,"A Husain, D Singh","New record of black marsh dart Onychargia atrocyana Selys, 1865 (Odonata, Zygoptera, Platycnemididae) from Shikohabad (Firozabad district, Western Uttar Pradesh …",2023,"International Journal of Agricultural …","agriinventionjournal.com","http://agriinventionjournal.com/index.php/ijai/article/view/449","",541,"2026-04-12 18:56:36","","","",,,,,,0,0.00,0,2,3,"Present communication deals with the new record of Onychargia atrocyana, the Black Marsh Dart, a rare damselfly, belonging to family Platycnemididae, order Odonata, from …","https://agriinventionjournal.com/index.php/ijai/article/download/449/425","https://scholar.google.com/scholar?q=related:5lttRTa4hzgJ:scholar.google.com/&scioq=odonata%7Cdragonfly%7Cdragonflies%7Cdamselfly%7Cdamselflies&hl=en&as_sdt=0,5&as_ylo=2023&as_yhi=2023"
1,"S Joshi, D Sawant, A Dalvi, Y Koli…","New records of Lestes nigriceps Fraser, 1924 (Odonata: Lestidae) from Maharashtra, India, with notes on L. patricia Fraser, 1924 and an updated key to Lestes of the …",2023,"International …","ui.adsabs.harvard.edu","https://ui.adsabs.harvard.edu/abs/2023IJOdo..26..132J/abstract","https://scholar.google.com/scholar?cites=5219521648630993003&as_sdt=2005&sciodt=0,5&hl=en",556,"2026-04-12 18:56:36","","","",,,,,,1,0.33,0,5,3,"Damselflies of the genus Lestes Leach, 1815 are represented in India by 11 species. Using specimens collected over the last five years, we report on the rediscovery of Lestes nigriceps …","","https://scholar.google.com/scholar?q=related:a5AcBEl3b0gJ:scholar.google.com/&scioq=odonata%7Cdragonfly%7Cdragonflies%7Cdamselfly%7Cdamselflies&hl=en&as_sdt=0,5&as_ylo=2023&as_yhi=2023"
0,"A Payra, A Deshpande, P Koparde","New spatial records of three Odonata species from the Western Ghats, India (Coenagrionidae, Aeshnidae)",2023,"Амурский зоологический …","cyberleninka.ru","https://cyberleninka.ru/article/n/new-spatial-records-of-three-odonata-species-from-the-western-ghats-india-coenagrionidae-aeshnidae","",405,"2026-04-12 18:56:36","HTML","","",,,,,,0,0.00,0,3,3,"… region, we came across notable spatial records of two damselflies belonging to Coenagrionidae Kirby, 1890 family, and one dragonfly belonging to Aeshnidae Leach, 1815. Here, we …","https://cyberleninka.ru/article/n/new-spatial-records-of-three-odonata-species-from-the-western-ghats-india-coenagrionidae-aeshnidae","https://scholar.google.com/scholar?q=related:iktzOgUbHgMJ:scholar.google.com/&scioq=odonata%7Cdragonfly%7Cdragonflies%7Cdamselfly%7Cdamselflies&hl=en&as_sdt=0,5&as_ylo=2023&as_yhi=2023"
0,"VJ Kalkman, SJ Richards","New species of Metagrion Calvert, 1913 from New Guinea, with a key to the species east of the Bird's Head Peninsula (Odonata: Argiolestidae)",2023,"Odonatologica","BioOne","https://bioone.org/journals/odonatologica/volume-52/issue-3-4/odon.v52i3-4.a10/New-species-of-Metagrion-Calvert-1913-from-New-Guinea-with/10.60024/odon.v52i3-4.a10.short","",563,"2026-04-12 18:56:36","","10.60024/odon.v52i3-4.a10.short","",,,,,,0,0.00,0,2,3,"… singular genitive noun) for her tremendous work for the Dutch recording website Waarneming.nl, for which she validated over 100 000 photographs of damselflies and dragonflies. …","https://repository.naturalis.nl/pub/800345/Kalkman_2023_new-species-metagrion-new-guinea-.pdf","https://scholar.google.com/scholar?q=related:fbbx75xEfEEJ:scholar.google.com/&scioq=odonata%7Cdragonfly%7Cdragonflies%7Cdamselfly%7Cdamselflies&hl=en&as_sdt=0,5&as_ylo=2023&as_yhi=2023"
4,"DY Huang, MM Xu, Q Zhao, J Gao, A Nel","New stem-anisopteran dragonflies in the Jurassic of China (Odonata: Epiproctophora).",2023,"Zootaxa","europepmc.org","https://europepmc.org/article/med/38220985","https://scholar.google.com/scholar?cites=7738872875597807900&as_sdt=2005&sciodt=0,5&hl=en",120,"2026-04-12 18:56:36","","","",,,,,,4,1.33,1,5,3,"The odonatan asiopterid Turanopteron sinensis sp. nov. and the juragomphid Oxfordgomphus trescellulae gen. et sp. nov. are described on the basis of two new fossil wings from the …","","https://scholar.google.com/scholar?q=related:HMHpx-D_ZWsJ:scholar.google.com/&scioq=odonata%7Cdragonfly%7Cdragonflies%7Cdamselfly%7Cdamselflies&hl=en&as_sdt=0,5&as_ylo=2023&as_yhi=2023"
0,"AS Felker","New Taxa of Damselflies (Protozygoptera) from the Permian of the East European Platform",2023,"Paleontological Journal","Springer","https://link.springer.com/article/10.1134/S0031030123080038","",348,"2026-04-12 18:56:36","","10.1134/S0031030123080038","",,,,,,0,0.00,0,1,3,"A new classification system for Protozygoptera is proposed. It is based on mass material from the Isady, Chekarda and Soyana localities. The new system is based on a set of wing …","","https://scholar.google.com/scholar?q=related:sfWqtoh5yEoJ:scholar.google.com/&scioq=odonata%7Cdragonfly%7Cdragonflies%7Cdamselfly%7Cdamselflies&hl=en&as_sdt=0,5&as_ylo=2023&as_yhi=2023"
0,"A Bùi Quốc","Nghiên cứu tính đa dạng loài và đặc điểm phân bố các loài chuồn chuồn (Odonata) tại khu dự trữ thiên nhiên Hữu Liên, tỉnh Lạng Sơn",2023,"","118.70.220.71","http://118.70.220.71/handle/123456789/22272","",969,"2026-04-12 18:56:36","CITATION","","",,,,,,0,0.00,0,1,3,"Nghiên cứu tính đa dạng loài và đặc điểm phân bố các loài chuồn chuồn (Odonata) tại khu dự trữ thiên nhiên Hữu Liên, tỉnh Lạng Sơn … Nghiên cứu tính đa dạng loài và đặc điểm …","","https://scholar.google.com/scholar?q=related:Q96b8zMJ8WwJ:scholar.google.com/&scioq=odonata%7Cdragonfly%7Cdragonflies%7Cdamselfly%7Cdamselflies&hl=en&as_sdt=0,5&as_ylo=2023&as_yhi=2023"
3,"CD Beatty, B Rashni, A Cordero-Rivera, M Marinov","Nikoulabasis roseosticta, sp. nov. from Fiji (Odonata: Coenagrionidae)",2023,"Zootaxa","researchgate.net","https://www.researchgate.net/profile/Bindiya-Rashni/publication/376408470_Nikoulabasis_roseosticta_sp_nov_from_Fiji_Odonata_Coenagrionidae/links/65a7363a47fc9041629d5997/Nikoulabasis-roseosticta-sp-nov-from-Fiji-Odonata-Coenagrionidae.pdf","https://scholar.google.com/scholar?cites=12697360011930844753&as_sdt=2005&sciodt=0,5&hl=en",237,"2026-04-12 18:56:36","PDF","","",,,,,,3,1.00,1,4,3,"… The damselflies classified under the first five hypotheses have been reported from Viti Levu and Ovalau, whereas N. rito was assigned to populations from Vanua Levu. Consequently …","https://www.researchgate.net/profile/Bindiya-Rashni/publication/376408470_Nikoulabasis_roseosticta_sp_nov_from_Fiji_Odonata_Coenagrionidae/links/65a7363a47fc9041629d5997/Nikoulabasis-roseosticta-sp-nov-from-Fiji-Odonata-Coenagrionidae.pdf","https://scholar.google.com/scholar?q=related:UT5jSKgVNrAJ:scholar.google.com/&scioq=odonata%7Cdragonfly%7Cdragonflies%7Cdamselfly%7Cdamselflies&hl=en&as_sdt=0,5&as_ylo=2023&as_yhi=2023"
0,"T Christian","no odonata",2023,"","ualresearchonline.arts.ac.uk","https://ualresearchonline.arts.ac.uk/id/eprint/19838/","",852,"2026-04-12 18:56:36","CITATION","","",,,,,,0,0.00,0,1,3,"Solo exhibition at Belmacz, London. Moonlit glimpses, intruding shadows. Delicate moments rendered in dust. Toby Christian’s solo exhibition at Belmacz, no odonata, brings together a …","","https://scholar.google.com/scholar?q=related:mydqgHLGrwIJ:scholar.google.com/&scioq=odonata%7Cdragonfly%7Cdragonflies%7Cdamselfly%7Cdamselflies&hl=en&as_sdt=0,5&as_ylo=2023&as_yhi=2023"
1,"OE Kosterin","Nomenclatural reconsideration of the genera Aeschnophlebia Selys, 1883 and Planaeschna McLachlan, 1896 (Odonata, Aeshnidae).",2023,"Zootaxa","europepmc.org","https://europepmc.org/article/med/38220666","https://scholar.google.com/scholar?cites=665896414551642717&as_sdt=2005&sciodt=0,5&hl=en",517,"2026-04-12 18:56:36","","","",,,,,,1,0.33,1,1,3,"The nominal species Aeschna milnei Selys, 1883 and Aeschnophlebia optata Selys, 1883 are considered subjective synonyms, with A. milnei as the valid name based on an act of the …","","https://scholar.google.com/scholar?q=related:XZKOzkK9PQkJ:scholar.google.com/&scioq=odonata%7Cdragonfly%7Cdragonflies%7Cdamselfly%7Cdamselflies&hl=en&as_sdt=0,5&as_ylo=2023&as_yhi=2023"
0,"F Prunier, M Cabana, A Cordero-Rivera…","Northern shift of Odonata and decline of Mediterranean river species in Spain and Portugal",2023,"","pureportal.inbo.be","https://pureportal.inbo.be/en/publications/northern-shift-of-odonata-and-decline-of-mediterranean-river-spec/","",847,"2026-04-12 18:56:36","CITATION","","",,,,,,0,0.00,0,4,3,"Northern shift of Odonata and decline of Mediterranean river species in Spain and Portugal - Research Institute for Nature and Forest … Northern shift of Odonata and decline of …","","https://scholar.google.com/scholar?q=related:ieJzoRuaFmQJ:scholar.google.com/&scioq=odonata%7Cdragonfly%7Cdragonflies%7Cdamselfly%7Cdamselflies&hl=en&as_sdt=0,5&as_ylo=2023&as_yhi=2023"
2,"P Selvaraj, R Victor","Notes on Indian Pond Heron Ardeola grayii feeding on the dragonfly, Wandering Glider, Pantala flavescens from Coimbatore, Tamil Nadu, India",2023,"International Journal of Environmental …","Taylor &Francis","https://www.tandfonline.com/doi/full/10.1080/00207233.2022.2057702","https://scholar.google.com/scholar?cites=6800999401353021446&as_sdt=2005&sciodt=0,5&hl=en",338,"2026-04-12 18:56:36","","10.1080/00207233.2022.2057702","",,,,,,2,0.67,1,2,3,"… Pond Heron fed on over 15 dragonflies from the same perch. … during this period three dragonflies were successfully captured. … Ambushing a fast-flying dragonfly in a swarm is a difficult …","https://www.researchgate.net/profile/Prasath-Selvaraj-2/publication/359473815_Notes_on_Indian_Pond_Heron_Ardeola_grayii_feeding_on_the_dragonfly_Wandering_Glider_Pantala_flavescens_from_Coimbatore_Tamil_Nadu_India/links/6241f2db5e2f8c7a03456798/Notes-on-Indian-Pond-Heron-Ardeola-grayii-feeding-on-the-dragonfly-Wandering-Glider-Pantala-flavescens-from-Coimbatore-Tamil-Nadu-India.pdf","https://scholar.google.com/scholar?q=related:BohKG-wAYl4J:scholar.google.com/&scioq=odonata%7Cdragonfly%7Cdragonflies%7Cdamselfly%7Cdamselflies&hl=en&as_sdt=0,5&as_ylo=2023&as_yhi=2023"
0,"AE van't Hof, OM Fincke","Novel hatching cue in the neotropical damselfly Megaloprepus caerulatus: larval adaptation and maternal constraint",2023,"International Journal of …","pdfs.semanticscholar.org","https://pdfs.semanticscholar.org/1a3e/0f2f4c7fe24c4697805b792d1a65c33baf9a.pdf","",379,"2026-04-12 18:56:36","PDF","","",,,,,,0,0.00,0,2,3,"The evolution of sibling cannibalism as a maternal strategy is particularly challenging to explain when nurseries are shared among multiple females. Such is the case for the damselfly, …","https://pdfs.semanticscholar.org/1a3e/0f2f4c7fe24c4697805b792d1a65c33baf9a.pdf","https://scholar.google.com/scholar?q=related:0QYUwI6sLCoJ:scholar.google.com/&scioq=odonata%7Cdragonfly%7Cdragonflies%7Cdamselfly%7Cdamselflies&hl=en&as_sdt=0,5&as_ylo=2023&as_yhi=2023"
0,"LGR Amaral, TMD Oliveira…","NOVOS REGISTROS E SIGNIFICADO ECOLÓGICO DE Mecistogaster mielkei Lacerda &Machado, 2019 (Odonata) EM FRAGMENTOS DE MATA ATLÂNTICA NO …",2023,"… E TECNOLÓGICA E …","josif.ifsuldeminas.edu.br","https://josif.ifsuldeminas.edu.br/ojs/index.php/anais/article/view/858","",809,"2026-04-12 18:56:36","","","",,,,,,0,0.00,0,3,3,"A espécie Mecistogaster mielkei, descrita em 2019, possui poucos registros e informações no estado de Minas Gerais. Desta forma, o objetivo do presente trabalho é apresentar novos …","https://josif.ifsuldeminas.edu.br/ojs/index.php/anais/article/download/858/1255","https://scholar.google.com/scholar?q=related:82tmAAgbW9YJ:scholar.google.com/&scioq=odonata%7Cdragonfly%7Cdragonflies%7Cdamselfly%7Cdamselflies&hl=en&as_sdt=0,5&as_ylo=2023&as_yhi=2023"
2,"P KOBYŁECKI","Nowe obserwacje ważek (Odonata) Rembertowa",2023,"Odonatrix","researchgate.net","https://www.researchgate.net/profile/Pawel-Kobylecki/publication/374943288_Nowe_obserwacje_wazek_Odonata_Rembertowa_New_observations_of_dragonflies_Odonata_of_Rembertow/links/6537e0d45d51a8012b6d955c/Nowe-obserwacje-wazek-Odonata-Rembertowa-New-observations-of-dragonflies-Odonata-of-Rembertow.pdf","https://scholar.google.com/scholar?cites=1268435392725626821&as_sdt=2005&sciodt=0,5&hl=en",316,"2026-04-12 18:56:36","PDF","","",,,,,,2,0.67,2,1,3,"… Najwcześniejsze obserwacje ważek (Odonata) notowane w kwietniu i maju 2018 r. w Polsce. Odonatrix 15(4): 1–10. … Klucz do oznaczania dorosłych ważek (Odonata) Polski. Odonatrix …","https://www.researchgate.net/profile/Pawel-Kobylecki/publication/374943288_Nowe_obserwacje_wazek_Odonata_Rembertowa_New_observations_of_dragonflies_Odonata_of_Rembertow/links/6537e0d45d51a8012b6d955c/Nowe-obserwacje-wazek-Odonata-Rembertowa-New-observations-of-dragonflies-Odonata-of-Rembertow.pdf","https://scholar.google.com/scholar?q=related:xa_x60RjmhEJ:scholar.google.com/&scioq=odonata%7Cdragonfly%7Cdragonflies%7Cdamselfly%7Cdamselflies&hl=en&as_sdt=0,5&as_ylo=2023&as_yhi=2023"
7,"M Paluszek, A Price, Z Koniaris, C Galea, S Thomas…","Nuclear fusion powered Titan aircraft",2023,"Acta Astronautica","Elsevier","https://www.sciencedirect.com/science/article/pii/S0094576523002023","https://scholar.google.com/scholar?cites=925137349383474815&as_sdt=2005&sciodt=0,5&hl=en",634,"2026-04-12 18:56:36","HTML","","",,,,,,7,2.33,1,6,3,"This paper discusses a system for Titan exploration enabled by nuclear fusion power. Titan is one of the most interesting locations in the solar system with a thick atmosphere, surface …","https://www.sciencedirect.com/science/article/pii/S0094576523002023","https://scholar.google.com/scholar?q=related:f85yhoS_1gwJ:scholar.google.com/&scioq=odonata%7Cdragonfly%7Cdragonflies%7Cdamselfly%7Cdamselflies&hl=en&as_sdt=0,5&as_ylo=2023&as_yhi=2023"
0,"AB Sánchez, MAC García, JC Barco…","Nuevo registro ibérico de Onychogomphus cazuma Barona, Cardo y Díaz, 2020 (Odonata, Gomphidae)",2023,"Boletín de la …","dialnet.unirioja.es","https://dialnet.unirioja.es/servlet/articulo?codigo=9336368","",964,"2026-04-12 18:56:36","CITATION","","",,,,,,0,0.00,0,4,3,"","","https://scholar.google.com/scholar?q=related:A7Q8G0e4pvkJ:scholar.google.com/&scioq=odonata%7Cdragonfly%7Cdragonflies%7Cdamselfly%7Cdamselflies&hl=en&as_sdt=0,5&as_ylo=2023&as_yhi=2023"
0,"LV del Va, AA Murga","Nuevos datos sobre los odonatos (Odonata) Oxygastra curtisii (Dale, 1834)(incertae sedis) Gomphus simillimus (Selys, 1840)(Gomphidae) y Brachytron …",2023,"Boletín de la SEA","dialnet.unirioja.es","https://dialnet.unirioja.es/servlet/articulo?codigo=9038681","",977,"2026-04-12 18:56:36","CITATION","","",,,,,,0,0.00,0,2,3,"Nuevos datos sobre los odonatos (Odonata) Oxygastra curtisii (Dale, 1834) (incertae sedis) Gomphus simillimus (Selys, 1840) (Gomphidae) y Brachytron pratense (Müller, 1764) (Aeshnidae) …","","https://scholar.google.com/scholar?q=related:LhWCqSdHeMwJ:scholar.google.com/&scioq=odonata%7Cdragonfly%7Cdragonflies%7Cdamselfly%7Cdamselflies&hl=en&as_sdt=0,5&as_ylo=2023&as_yhi=2023"
0,"한정욱","NUMA 인지 비휘발성 메모리 기반 파일시스템에서 동적 페이지 이주 기법 및 알고리즘 연구: Dynamic Data Migration Techniques and Algorithms in NUMA-aware Non …",2023,"","dbpia.co.kr","https://www.dbpia.co.kr/journal/detail?nodeId=T16594903","",904,"2026-04-12 18:56:36","","","",,,,,,0,0.00,0,1,3,"… 4장에서는 데이터 이주 모듈, Dragonfly에 대해 자세히 설명한 후 5장에서는 Dragonfly의 효용성 을 실험 및 평가한다. 6장에서는 본 연구의 현 발자취를 돌아보고 한계점 및 향후 연구 내용에 …","","https://scholar.google.com/scholar?q=related:Ao1LKdWR1hEJ:scholar.google.com/&scioq=odonata%7Cdragonfly%7Cdragonflies%7Cdamselfly%7Cdamselflies&hl=en&as_sdt=0,5&as_ylo=2023&as_yhi=2023"
1,"S Kumar, P Gupta, H Mehdi","Numerical analysis of aerodynamic performance and fluid flow of dragonfly wing section at low Reynold numbers",2023,"AIP Conference Proceedings","pubs.aip.org","https://pubs.aip.org/aip/acp/article-abstract/2863/1/020026/2909486","https://scholar.google.com/scholar?cites=2521187831003491731&as_sdt=2005&sciodt=0,5&hl=en",291,"2026-04-12 18:56:36","","10.1063/5.0155421/18110361/020026_1_5.0155421","",,,,,,1,0.33,0,3,3,"In this study, the CFD simulation of fluid flow and aerodynamic performance of the dragonfly (Aeshna Cyanea) wing section at low Reynolds numbers (500, 750, and 1000) with various …","https://pubs.aip.org/aip/acp/article-pdf/doi/10.1063/5.0155421/18110361/020026_1_5.0155421.pdf","https://scholar.google.com/scholar?q=related:ky0Ad_kO_SIJ:scholar.google.com/&scioq=odonata%7Cdragonfly%7Cdragonflies%7Cdamselfly%7Cdamselflies&hl=en&as_sdt=0,5&as_ylo=2023&as_yhi=2023"
0,"X Mei, C Liu, X Wang, Y Wei","Numerical Design of the Roof Structure of a Vehicle Charging Carport Based on the Dragonfly Wing Grid Pattern",2023,"Buildings","mdpi.com","https://www.mdpi.com/2075-5309/13/4/1071?utm_campaign=releaseissue_buildingsutm_medium=emailutm_source=releaseissueutm_term=doilink68","",332,"2026-04-12 18:56:36","HTML","","",,,,,,0,0.00,0,4,3,"… dragonfly wing truss structures, which utilize the special arching and wrinkling structure of dragonfly … mechanical stiffness and flexibility of dragonfly wing mesh networks. Combining this …","https://www.mdpi.com/2075-5309/13/4/1071?utm_campaign=releaseissue_buildingsutm_medium=emailutm_source=releaseissueutm_term=doilink68","https://scholar.google.com/scholar?q=related:vuvS5dQnJA8J:scholar.google.com/&scioq=odonata%7Cdragonfly%7Cdragonflies%7Cdamselfly%7Cdamselflies&hl=en&as_sdt=0,5&as_ylo=2023&as_yhi=2023"
1,"Q Huang, FB Tian, J Young, J Lai, S Ravi","Numerical study of passively pitching tandem dragonfly wings for hovering flight",2023,"AIAA SCITECH 2023 Forum","arc.aiaa.org","https://arc.aiaa.org/doi/abs/10.2514/6.2023-1027","https://scholar.google.com/scholar?cites=294982423342709240&as_sdt=2005&sciodt=0,5&hl=en",368,"2026-04-12 18:56:36","","10.2514/6.2023-1027","",,,,,,1,0.33,0,5,3,"… dragonflies generate the same lift as the body weight. However, passive pitching of tandem ipsilateral wings (eg dragonfly… passive pitching of tandem dragonfly wings was performed by …","https://www.researchgate.net/profile/Qiuxiang-Huang/publication/367316803_Numerical_Study_of_Passively_Pitching_Tandem_Dragonfly_Wings_for_Hovering_Flight/links/63cdd4d7d7e5841e0bebbaff/Numerical-Study-of-Passively-Pitching-Tandem-Dragonfly-Wings-for-Hovering-Flight.pdf","https://scholar.google.com/scholar?q=related:-HlTfvP8FwQJ:scholar.google.com/&scioq=odonata%7Cdragonfly%7Cdragonflies%7Cdamselfly%7Cdamselflies&hl=en&as_sdt=0,5&as_ylo=2023&as_yhi=2023"
4,"ORS Dragonfly","Object Research Systems (ORS) Inc, Montreal, Canada",2023,"","","","https://scholar.google.com/scholar?cites=8177943844207774354&as_sdt=2005&sciodt=0,5&hl=en",732,"2026-04-12 18:56:36","CITATION","","",,,,,,4,1.33,4,1,3,"","","https://scholar.google.com/scholar?q=related:ksoYA5nkfXEJ:scholar.google.com/&scioq=odonata%7Cdragonfly%7Cdragonflies%7Cdamselfly%7Cdamselflies&hl=en&as_sdt=0,5&as_ylo=2023&as_yhi=2023"
1,"T Gazanfar, M Khaleel","Occurence and distribution of two new libellulids (Odonata: Insecta) of the Kashmir Valley, India: Orthetrum sabina (Drury, 1770) and Palpopleura …",2023,"Journal of Threatened Taxa","threatenedtaxa.org","https://threatenedtaxa.org/index.php/JoTT/article/view/8319","https://scholar.google.com/scholar?cites=16218337880075661188&as_sdt=2005&sciodt=0,5&hl=en",335,"2026-04-12 18:56:36","HTML","","",,,,,,1,0.33,1,2,3,"Odonates from the Kashmir Himalaya have been least studied with only 22 species reported from this region. After a long gap of 41 years, the present work forms the first observations …","https://threatenedtaxa.org/index.php/JoTT/article/view/8319","https://scholar.google.com/scholar?q=related:hO8rnV8cE-EJ:scholar.google.com/&scioq=odonata%7Cdragonfly%7Cdragonflies%7Cdamselfly%7Cdamselflies&hl=en&as_sdt=0,5&as_ylo=2023&as_yhi=2023"
1,"E Kertusha","Ocean and Belonging in Yvonne Adhiambo Owuor's The Dragonfly Sea",2023,"","unitesi.unive.it","https://unitesi.unive.it/handle/20.500.14247/15218","https://scholar.google.com/scholar?cites=4907455390007288112&as_sdt=2005&sciodt=0,5&hl=en",345,"2026-04-12 18:56:36","","","",,,,,,1,0.33,1,1,3,"This thesis explores Yvonne Adhiambo Owuor’s The Dragonfly Sea, focusing on the role and leverage of the ocean in the lives of the people inhabiting the friendly and hospitable little …","","https://scholar.google.com/scholar?q=related:MOF1KK3IGkQJ:scholar.google.com/&scioq=odonata%7Cdragonfly%7Cdragonflies%7Cdamselfly%7Cdamselflies&hl=en&as_sdt=0,5&as_ylo=2023&as_yhi=2023"
2,"JA Hendriks, Mariaty, S Maimunah, NB Anirudh…","Odonata (Insecta) communities in a lowland mixed mosaic forest in Central Kalimantan, Indonesia",2023,"Ecologies","mdpi.com","https://www.mdpi.com/2673-4133/4/1/6","https://scholar.google.com/scholar?cites=12746459608201961078&as_sdt=2005&sciodt=0,5&hl=en",286,"2026-04-12 18:56:36","HTML","","",,,,,,2,0.67,0,5,3,"… This study, on the contrary, will investigate Odonata communities in intact habitats spatially … of Odonata here particularly pertinent. The literature investigating Odonata communities in …","https://www.mdpi.com/2673-4133/4/1/6","https://scholar.google.com/scholar?q=related:dh6-4nqF5LAJ:scholar.google.com/&scioq=odonata%7Cdragonfly%7Cdragonflies%7Cdamselfly%7Cdamselflies&hl=en&as_sdt=0,5&as_ylo=2023&as_yhi=2023"
0,"MA Paz","Odonata (Insecta) como bioindicadores em Unidades de Conservação na Amazônia",2023,"","ri.unir.br","https://ri.unir.br/jspui/handle/123456789/4868","",742,"2026-04-12 18:56:36","","","",,,,,,0,0.00,0,1,3,"… aquáticos como os da ordem Odonata, cujo a composição e … descritoras da assembleia de Odonata em igarapés de … de dados dos adultos de Odonata, caracterização do ambiente e …","","https://scholar.google.com/scholar?q=related:QtF7hDGo8Z4J:scholar.google.com/&scioq=odonata%7Cdragonfly%7Cdragonflies%7Cdamselfly%7Cdamselflies&hl=en&as_sdt=0,5&as_ylo=2023&as_yhi=2023"
0,"D Silva Vilela, M Reis Dos Santos…","Odonata (Insecta) en campos de gran altitud y ecosistemas asociados en la meseta de Poços de Caldas, Brasil",2023,"Revista chilena de …","SciELO Chile","https://www.scielo.cl/scielo.php?pid=S0718-89942023000400843&script=sci_arttext","",374,"2026-04-12 18:56:36","HTML","","",,,,,,0,0.00,0,3,3,"… richness of Odonata and harbors a regional pool of species. … , y los estudios sobre el orden Odonata aún son escasos. Por … mayor será la riqueza de Odonata que alberga y más variado …","https://www.scielo.cl/scielo.php?pid=S0718-89942023000400843&script=sci_arttext","https://scholar.google.com/scholar?q=related:DZfoU7-BrHoJ:scholar.google.com/&scioq=odonata%7Cdragonfly%7Cdragonflies%7Cdamselfly%7Cdamselflies&hl=en&as_sdt=0,5&as_ylo=2023&as_yhi=2023"
4,"DS Vilela, MR dos Santos, RH Junior…","Odonata (Insecta) in high-altitude fields and associated ecosystems in the Poços de Caldas Plateau, Brazil",2023,"Revista Chilena de …","biotaxa.org","https://www.biotaxa.org/rce/article/view/84855","https://scholar.google.com/scholar?cites=5650380963155111176&as_sdt=2005&sciodt=0,5&hl=en",185,"2026-04-12 18:56:36","","","",,,,,,4,1.33,1,4,3,"… , and studies concerning the order Odonata are still scarce. … richness of Odonata and harbors a regional pool of species. … , y los estudios sobre el orden Odonata aún son escasos. Por …","https://www.biotaxa.org/rce/article/download/84855/79775","https://scholar.google.com/scholar?q=related:CG19iowvak4J:scholar.google.com/&scioq=odonata%7Cdragonfly%7Cdragonflies%7Cdamselfly%7Cdamselflies&hl=en&as_sdt=0,5&as_ylo=2023&as_yhi=2023"
5,"CS dos Anjos, TP de Gouvêa, DS Vilela…","Odonata (Insecta) richness in Atlantic Forests from Minas Gerais state, Brazil",2023,"…","entomobrasilis.org","https://www.entomobrasilis.org/index.php/ebras/article/view/1056","https://scholar.google.com/scholar?cites=12415286666555789587&as_sdt=2005&sciodt=0,5&hl=en",173,"2026-04-12 18:56:36","","","",,,,,,5,1.67,1,4,3,"… Among insects, dragonflies are extensively surveyed in Brazil; however, significant … In this study, we present data on an Odonata community collected in the Serra do Papagaio State …","https://www.entomobrasilis.org/index.php/ebras/article/download/e1056/1552","https://scholar.google.com/scholar?q=related:E5GzuHH1S6wJ:scholar.google.com/&scioq=odonata%7Cdragonfly%7Cdragonflies%7Cdamselfly%7Cdamselflies&hl=en&as_sdt=0,5&as_ylo=2023&as_yhi=2023"
2,"CS Dos Anjos, TP de Gouvêa, DS Vilela, MM de Souza","Odonata (Insecta) richness in Atlantic Forests from Minas Gerais state, Brazil. EntomoBrasilis, 16: e1056",2023,"","","","https://scholar.google.com/scholar?cites=18277796800237769266&as_sdt=2005&sciodt=0,5&hl=en",821,"2026-04-12 18:56:36","CITATION","","",,,,,,2,0.67,1,4,3,"","","https://scholar.google.com/scholar?q=related:MpLxklnHp_0J:scholar.google.com/&scioq=odonata%7Cdragonfly%7Cdragonflies%7Cdamselfly%7Cdamselflies&hl=en&as_sdt=0,5&as_ylo=2023&as_yhi=2023"
3,"RA Cannings","Odonata and wetland plant associations in central and northern British Columbia",2023,"Newsletter of the Biological Survey of Canada","","","https://scholar.google.com/scholar?cites=1578029958699501587&as_sdt=2005&sciodt=0,5&hl=en",766,"2026-04-12 18:56:36","CITATION","","",,,,,,3,1.00,3,1,3,"","","https://scholar.google.com/scholar?q=related:E0g1_eJJ5hUJ:scholar.google.com/&scioq=odonata%7Cdragonfly%7Cdragonflies%7Cdamselfly%7Cdamselflies&hl=en&as_sdt=0,5&as_ylo=2023&as_yhi=2023"
13,"MK Manu, G Ashiagbor, I Seidu, T Groen…","Odonata as bioindicator for monitoring anthropogenic disturbance of Owabi wetland sanctuary, Ghana",2023,"Aquatic …","Taylor &Francis","https://www.tandfonline.com/doi/abs/10.1080/01650424.2022.2108844","https://scholar.google.com/scholar?cites=2294127483674322299&as_sdt=2005&sciodt=0,5&hl=en",134,"2026-04-12 18:56:36","","10.1080/01650424.2022.2108844","",,,,,,13,4.33,3,5,3,"This study proposes a method for assessing anthropogenic disturbance in the Owabi wetland sanctuary in Ghana using Odonata. Uniqueness of a species to specific land use (LU) …","https://research.utwente.nl/files/284613413/01650424.2022.pdf","https://scholar.google.com/scholar?q=related:e2Xepcpg1h8J:scholar.google.com/&scioq=odonata%7Cdragonfly%7Cdragonflies%7Cdamselfly%7Cdamselflies&hl=en&as_sdt=0,5&as_ylo=2023&as_yhi=2023"
16,"S Pinkert, V Clausnitzer, D Acquah-Lamptey…","Odonata as focal taxa for biological responses to climate change",2023,"","diva-portal.org","https://www.diva-portal.org/smash/record.jsf?pid=diva2:1965522","https://scholar.google.com/scholar?cites=1977129003755271196&as_sdt=2005&sciodt=0,5&hl=en",70,"2026-04-12 18:56:36","","","",,,,,,16,5.33,4,4,3,"… This chapter first explains why Odonata are an ideal taxon to understand … Odonata. Finally, it reviews literature on range shifts, population trends, and phenological changes in Odonata …","","https://scholar.google.com/scholar?q=related:HHT0h1oscBsJ:scholar.google.com/&scioq=odonata%7Cdragonfly%7Cdragonflies%7Cdamselfly%7Cdamselflies&hl=en&as_sdt=0,5&as_ylo=2023&as_yhi=2023"
5,"F Harabiš, JP Simaika, A Dolný, SH Luke…","Odonata as focal taxa for ecological restoration",2023,"… and Damselflies …","experts.illinois.edu","https://experts.illinois.edu/en/publications/odonata-as-focal-taxa-for-ecological-restoration/","https://scholar.google.com/scholar?cites=8413365219496457006&as_sdt=2005&sciodt=0,5&hl=en",142,"2026-04-12 18:56:36","","","",,,,,,5,1.67,1,5,3,"Anthropogenic impacts on freshwater ecosystems are so extensive that conservation efforts can no longer focus solely on protecting pristine or near-natural sites. Ecological restoration …","","https://scholar.google.com/scholar?q=related:LnO2WRdHwnQJ:scholar.google.com/&scioq=odonata%7Cdragonfly%7Cdragonflies%7Cdamselfly%7Cdamselflies&hl=en&as_sdt=0,5&as_ylo=2023&as_yhi=2023"
30,"H Šigutová, A Dolný, MJ Samways…","Odonata as indicators of pollution, habitat quality, and landscape disturbance",2023,"Dragonflies and …","experts.illinois.edu","https://experts.illinois.edu/en/publications/odonata-as-indicators-of-pollution-habitat-quality-and-landscape-/","https://scholar.google.com/scholar?cites=10190998113017294311&as_sdt=2005&sciodt=0,5&hl=en",15,"2026-04-12 18:56:36","","","",,,,,,30,10.00,8,4,3,"The Odonata have well resolved taxonomy, conspicuous diurnal adults, contact with aquatic and terrestrial environments, and a broad range of environmental sensitivity across species, …","","https://scholar.google.com/scholar?q=related:520SIcqybY0J:scholar.google.com/&scioq=odonata%7Cdragonfly%7Cdragonflies%7Cdamselfly%7Cdamselflies&hl=en&as_sdt=0,5&as_ylo=2023&as_yhi=2023"
9,"CR Cheri, DS Finn","Odonata as indicators? Dragonflies and damselflies respond to riparian conditions along Ozark spring streams",2023,"Hydrobiology","mdpi.com","https://www.mdpi.com/2673-9917/2/1/17","https://scholar.google.com/scholar?cites=9554836944487407205&as_sdt=2005&sciodt=0,5&hl=en",11,"2026-04-12 18:56:36","HTML","","",,,,,,9,3.00,5,2,3,"… The Odonata are not typically regarded as informative taxa for stream bioassessment in … Overall, our results suggest that Odonata alone could be useful for biomonitoring associated …","https://www.mdpi.com/2673-9917/2/1/17","https://scholar.google.com/scholar?q=related:ZV7zypOZmYQJ:scholar.google.com/&scioq=odonata%7Cdragonfly%7Cdragonflies%7Cdamselfly%7Cdamselflies&hl=en&as_sdt=0,5&as_ylo=2023&as_yhi=2023"
4,"CR Cheri, DS Finn","Odonata as Indicators? Dragonflies and Damselflies Respond to Riparian Conditions along Ozark Spring Streams. Hydrobiology 2: 260–276",2023,"","","","https://scholar.google.com/scholar?cites=12805198740824692768&as_sdt=2005&sciodt=0,5&hl=en",691,"2026-04-12 18:56:36","CITATION","","",,,,,,4,1.33,2,2,3,"","","https://scholar.google.com/scholar?q=related:IJgi8Wg0tbEJ:scholar.google.com/&scioq=odonata%7Cdragonfly%7Cdragonflies%7Cdamselfly%7Cdamselflies&hl=en&as_sdt=0,5&as_ylo=2023&as_yhi=2023"
8,"GJ Kietzka, C Deacon…","Odonata as surrogates of biodiversity",2023,"Dragonflies and …","Oxford University Press Oxford","","https://scholar.google.com/scholar?cites=10909486527703737816&as_sdt=2005&sciodt=0,5&hl=en",665,"2026-04-12 18:56:36","CITATION","","",,,,,,8,2.67,3,3,3,"","","https://scholar.google.com/scholar?q=related:2OWwLTJIZpcJ:scholar.google.com/&scioq=odonata%7Cdragonfly%7Cdragonflies%7Cdamselfly%7Cdamselflies&hl=en&as_sdt=0,5&as_ylo=2023&as_yhi=2023"
2,"P Kapadi, M Ram, A Sahu, P Koparde, LS Jhala","Odonata assemblage of the Gir National Park with three additional records for Gujarat state, India",2023,"Notulae odonatologicae","BioOne","https://bioone.org/journals/notulae-odonatologicae/volume-10/issue-2/nodo.v10i2.a1/Odonata-assemblage-of-the-Gir-National-Park-with-three-additional/10.60024/nodo.v10i2.a1.short","https://scholar.google.com/scholar?cites=1952837904155518505&as_sdt=2005&sciodt=0,5&hl=en",247,"2026-04-12 18:56:36","","10.60024/nodo.v10i2.a1.short","",,,,,,2,0.67,0,5,3,"… Gir National Park, highlighting the park’s potential as an Odonata hotspot in Gujarat state. Our study adds a baseline Odonata list to the faunal inventory of the Gir National Park, and we …","https://www.odonatologica.com/wp-content/uploads/2023/11/Notulae-10-2-Abstracts.pdf","https://scholar.google.com/scholar?q=related:KaYbLbrfGRsJ:scholar.google.com/&scioq=odonata%7Cdragonfly%7Cdragonflies%7Cdamselfly%7Cdamselflies&hl=en&as_sdt=0,5&as_ylo=2023&as_yhi=2023"
0,"JR Eckberg","Odonata associated with the Las Vegas Wash and Clark County Wetlands Park, Clark County, Nevada",,"researchgate.net","","https://www.researchgate.net/profile/Jason-Eckberg/publication/376072665_Odonata_associated_with_the_Las_Vegas_Wash_and_Clark_County_Wetlands_Park_Clark_County_Nevada/links/6568afffb1398a779dc796a8/Odonata-associated-with-the-Las-Vegas-Wash-and-Clark-County-Wetlands-Park-Clark-County-Nevada.pdf","",520,"2026-04-12 18:56:36","PDF","","",,,,,,0,0.00,0,1,,"… , led multiple surveys of Odonata across the southern part of … They identified 33 species of adult dragonflies and damselflies … individuals documented in Nevada on Odonata Central. …","https://www.researchgate.net/profile/Jason-Eckberg/publication/376072665_Odonata_associated_with_the_Las_Vegas_Wash_and_Clark_County_Wetlands_Park_Clark_County_Nevada/links/6568afffb1398a779dc796a8/Odonata-associated-with-the-Las-Vegas-Wash-and-Clark-County-Wetlands-Park-Clark-County-Nevada.pdf","https://scholar.google.com/scholar?q=related:3cWMdXHq2eQJ:scholar.google.com/&scioq=odonata%7Cdragonfly%7Cdragonflies%7Cdamselfly%7Cdamselflies&hl=en&as_sdt=0,5&as_ylo=2023&as_yhi=2023"
0,"LP Lounibos, RL Escher, LB Dewald","Odonata associated with water lettuce (Pistia",,"academia.edu","","https://www.academia.edu/download/108361678/OJIOS1990019004003.pdf","",491,"2026-04-12 18:56:36","PDF","","",,,,,,0,0.00,0,3,,"… Lake, Ghana, larval Odonata dominatedin biomass and were second to Diptera in … dragonfly larvae to be uncommon on water lettuce elsewhere in Florida. Moreover, the only Odonata …","https://www.academia.edu/download/108361678/OJIOS1990019004003.pdf","https://scholar.google.com/scholar?q=related:1kOcBrwo-JsJ:scholar.google.com/&scioq=odonata%7Cdragonfly%7Cdragonflies%7Cdamselfly%7Cdamselflies&hl=en&as_sdt=0,5&as_ylo=2023&as_yhi=2023"
3,"JC Abbott, EL Sandall, A Cordoba-Aguilar, CD Beatty…","Odonata collections and databases",2023,"Dragonflies and damselflies …","","","https://scholar.google.com/scholar?cites=12077925536987504155&as_sdt=2005&sciodt=0,5&hl=en",693,"2026-04-12 18:56:36","CITATION","","",,,,,,3,1.00,1,5,3,"","","https://scholar.google.com/scholar?q=related:G17Cx0hpnacJ:scholar.google.com/&scioq=odonata%7Cdragonfly%7Cdragonflies%7Cdamselfly%7Cdamselflies&hl=en&as_sdt=0,5&as_ylo=2023&as_yhi=2023"
14,"TP de Gouvêa, G Stefani-Santos…","Odonata community in transition areas between Cerrado and Atlantic Forest biomes in south-central Minas Gerais, Brazil",2023,"Acta Scientiarum …","researchgate.net","https://www.researchgate.net/profile/Taiguara-De-Gouvea/publication/370221158_Odonata_community_in_transition_areas_between_Cerrado_and_Atlantic_Forest_biomes_in_south-central_Minas_Gerais_Brazil/links/644687102d8ff0036399cc09/Odonata-community-in-transition-areas-between-Cerrado-and-Atlantic-Forest-biomes-in-south-central-Minas-Gerais-Brazil.pdf","https://scholar.google.com/scholar?cites=3432924705644379075&as_sdt=2005&sciodt=0,5&hl=en",86,"2026-04-12 18:56:36","PDF","","",,,,,,14,4.67,5,3,3,"… insect taxa such as dragonflies and damselflies (Odonata), which … and expand the list of Odonata species in the Barroso region, … A total of 43 Odonata species were recorded, which …","https://www.researchgate.net/profile/Taiguara-De-Gouvea/publication/370221158_Odonata_community_in_transition_areas_between_Cerrado_and_Atlantic_Forest_biomes_in_south-central_Minas_Gerais_Brazil/links/644687102d8ff0036399cc09/Odonata-community-in-transition-areas-between-Cerrado-and-Atlantic-Forest-biomes-in-south-central-Minas-Gerais-Brazil.pdf","https://scholar.google.com/scholar?q=related:w3uY1NQypC8J:scholar.google.com/&scioq=odonata%7Cdragonfly%7Cdragonflies%7Cdamselfly%7Cdamselflies&hl=en&as_sdt=0,5&as_ylo=2023&as_yhi=2023"
2,"T Samanta, A Giri, L Chatterjee…","Odonata diversity in the Egra and its adjoining blocks of Purba Medinipur District, West Bengal, India",2023,"Journal of Threatened …","threatenedtaxa.org","http://threatenedtaxa.org/index.php/JoTT/article/view/8540","https://scholar.google.com/scholar?cites=7237190863561556787&as_sdt=2005&sciodt=0,5&hl=en",352,"2026-04-12 18:56:36","","","",,,,,,2,0.67,1,4,3,"… of Odonata fauna across a range of natural and anthropogenic habitats situated in Egra, Purba Medinipur District, located in the state of West Bengal. In total, 42 odonata … of Odonata is a …","https://threatenedtaxa.org/index.php/JoTT/article/download/8540/9492","https://scholar.google.com/scholar?q=related:MwNKAr-qb2QJ:scholar.google.com/&scioq=odonata%7Cdragonfly%7Cdragonflies%7Cdamselfly%7Cdamselflies&hl=en&as_sdt=0,5&as_ylo=2023&as_yhi=2023"
3,"K Ghosh","Odonata Diversity in The Gangetic Plain of West Bengal",2023,"Indian Journal of Entomology","","","https://scholar.google.com/scholar?cites=5856571019968962688&as_sdt=2005&sciodt=0,5&hl=en",259,"2026-04-12 18:56:36","CITATION","","",,,,,,3,1.00,3,1,3,"","https://www.academia.edu/download/94227516/165.pdf","https://scholar.google.com/scholar?q=related:gOAYL1C4RlEJ:scholar.google.com/&scioq=odonata%7Cdragonfly%7Cdragonflies%7Cdamselfly%7Cdamselflies&hl=en&as_sdt=0,5&as_ylo=2023&as_yhi=2023"
0,"HJ Dumont, D Verschuren","Odonata from the Ennedi and Ounianga regions",,"academia.edu","","https://www.academia.edu/download/102678074/download.pdf","",391,"2026-04-12 18:56:36","PDF","","",,,,,,0,0.00,0,2,,"… Also, although knowledge on the Odonata of the Sahara … our knowledge of dragonfly biogeography in North Africa. … of adult dragonflies were made in December 2003 and October …","https://www.academia.edu/download/102678074/download.pdf","https://scholar.google.com/scholar?q=related:fhta5v8jpX8J:scholar.google.com/&scioq=odonata%7Cdragonfly%7Cdragonflies%7Cdamselfly%7Cdamselflies&hl=en&as_sdt=0,5&as_ylo=2023&as_yhi=2023"
6,"AZ Hasik, JJ Ilvonen…","Odonata immunity, pathogens, and parasites",2023,"Dragonflies and …","adamhasik.wordpress.com","https://adamhasik.wordpress.com/wp-content/uploads/2023/02/hasik-et-al.-2023-book-chapter.pdf","https://scholar.google.com/scholar?cites=15068989850685002400&as_sdt=2005&sciodt=0,5&hl=en",112,"2026-04-12 18:56:36","PDF","","",,,,,,6,2.00,2,3,3,"Parasites and pathogens are a ubiquitous threat facing organisms within every ecological network. To protect themselves from parasites, organisms have evolved immune defenses. …","https://adamhasik.wordpress.com/wp-content/uploads/2023/02/hasik-et-al.-2023-book-chapter.pdf","https://scholar.google.com/scholar?q=related:oNILJm7OH9EJ:scholar.google.com/&scioq=odonata%7Cdragonfly%7Cdragonflies%7Cdamselfly%7Cdamselflies&hl=en&as_sdt=0,5&as_ylo=2023&as_yhi=2023"
8,"AF Babalean","Odonata of Romanescu Park (Craiova, Romania) in the years 2022 and 2023",2023,"ANNALS OF THE UNIVERSITY OF CRAIOVA …","researchgate.net","https://www.researchgate.net/profile/Anda-Babalean/publication/376708198_ODONATA_OF_ROMANESCU_PARK_CRAIOVA_ROMANIA_IN_THE_YEARS_2022_AND_2023/links/688c869d4b43d744fa6e7ebd/ODONATA-OF-ROMANESCU-PARK-CRAIOVA-ROMANIA-IN-THE-YEARS-2022-AND-2023.pdf","https://scholar.google.com/scholar?cites=13557981332317796833&as_sdt=2005&sciodt=0,5&hl=en",22,"2026-04-12 18:56:36","PDF","","",,,,,,8,2.67,8,1,3,"This paper presents recent data on the Odonata from Romanescu Park: the faunistic list; morphological aspects (general habitus, the male abdominal appendages of Ischnura elegans (…","https://www.researchgate.net/profile/Anda-Babalean/publication/376708198_ODONATA_OF_ROMANESCU_PARK_CRAIOVA_ROMANIA_IN_THE_YEARS_2022_AND_2023/links/688c869d4b43d744fa6e7ebd/ODONATA-OF-ROMANESCU-PARK-CRAIOVA-ROMANIA-IN-THE-YEARS-2022-AND-2023.pdf","https://scholar.google.com/scholar?q=related:4fktQDCgJ7wJ:scholar.google.com/&scioq=odonata%7Cdragonfly%7Cdragonflies%7Cdamselfly%7Cdamselflies&hl=en&as_sdt=0,5&as_ylo=2023&as_yhi=2023"
0,"B Anda Felicia","ODONATA OF ROMANESCU PARK (CRAIOVA, ROMANIA) IN THE YEARS 2022 AND 2023.",2023,"Analele Universitatii din Craiova. Seria …","search.ebscohost.com","https://search.ebscohost.com/login.aspx?direct=true&profile=ehost&scope=site&authtype=crawler&jrnl=14531275&AN=175287669&h=DE10DOUAAb9vW2Hu72DzjA59u1cEOVsBLBKga4MMw7zFIh7ggo%2FTlKDyQJh3nN75KM1VNpTFJZdrqec8xYsVxg%3D%3D&crl=c","",435,"2026-04-12 18:56:36","","","",,,,,,0,0.00,0,1,3,"… The dragonflies (Odonata) are insects whose life is linked with the aquatic environment. The dragonfly fauna of Oltenia region is under-studied, and even less known is the fauna of …","","https://scholar.google.com/scholar?q=related:EWB5SlvCwrkJ:scholar.google.com/&scioq=odonata%7Cdragonfly%7Cdragonflies%7Cdamselfly%7Cdamselflies&hl=en&as_sdt=0,5&as_ylo=2023&as_yhi=2023"
0,"PK Muneer, N Babu, V Chandran, SK Jose","Odonata of Wayanad Wildlife Sanctuary, Kerala State, Southern India",2023,"","scholar.archive.org","https://scholar.archive.org/work/64645yrszzdx5ns6ljfykk5dca/access/wayback/https://assets.researchsquare.com/files/rs-2921322/v1/7fd4b614-7f3f-4d0b-9a58-94e3e02cc06e.pdf?c=1703516919","",457,"2026-04-12 18:56:36","PDF","","",,,,,,0,0.00,0,4,3,"A preliminary study of the odonate fauna of Wayanad Wildlife Sanctuary, Kerala, southern India was carried out from August 2020 to November 2020. Ponds, streams, and swamps in …","https://scholar.archive.org/work/64645yrszzdx5ns6ljfykk5dca/access/wayback/https://assets.researchsquare.com/files/rs-2921322/v1/7fd4b614-7f3f-4d0b-9a58-94e3e02cc06e.pdf?c=1703516919","https://scholar.google.com/scholar?q=related:1ILWfiMq4b8J:scholar.google.com/&scioq=odonata%7Cdragonfly%7Cdragonflies%7Cdamselfly%7Cdamselflies&hl=en&as_sdt=0,5&as_ylo=2023&as_yhi=2023"
2,"MK Kohli, JL Ware, A Córdoba-Aguilar…","Odonata systematics",2023,"Dragonflies and …","Oxford University Press","","https://scholar.google.com/scholar?cites=11522189077250400062&as_sdt=2005&sciodt=0,5&hl=en",752,"2026-04-12 18:56:36","CITATION","","",,,,,,2,0.67,1,4,3,"","","https://scholar.google.com/scholar?q=related:Pl9lKOsJ558J:scholar.google.com/&scioq=odonata%7Cdragonfly%7Cdragonflies%7Cdamselfly%7Cdamselflies&hl=en&as_sdt=0,5&as_ylo=2023&as_yhi=2023"
0,"TS Krishnanunni, S Sarath","Odonate Diversity in Paddy Fields and Environs of Madakkathara Grama Panchayath, Thrissur, Kerala, India",2023,"Indian Journal of Ecology","indianjournals.com","https://indianjournals.com/article/ije1-50-5-041","",655,"2026-04-12 18:56:36","","","",,,,,,0,0.00,0,2,3,"… The order Odonata, which comprises dragonflies and damselflies, is one of the most … The order Odonata forms the apex predators in the freshwater ecosystems, and hence their …","https://indianecologicalsociety.com/wp-content/themes/ecology/volume_pdfs/1696914819.pdf","https://scholar.google.com/scholar?q=related:OCkLaKNS2aUJ:scholar.google.com/&scioq=odonata%7Cdragonfly%7Cdragonflies%7Cdamselfly%7Cdamselflies&hl=en&as_sdt=0,5&as_ylo=2023&as_yhi=2023"
5,"G Bazzi, A Galimberti, C Foglini, L Bani…","Odonate diversity of a highly urbanised region: An annotated checklist of the damselflies and dragonflies (Insecta, Odonata) of Lario and Brianza (Lombardy …",2023,"Biodiversity Data …","pmc.ncbi.nlm.nih.gov","https://pmc.ncbi.nlm.nih.gov/articles/PMC10646535/","https://scholar.google.com/scholar?cites=13770907894869324455&as_sdt=2005&sciodt=0,5&hl=en",85,"2026-04-12 18:56:36","HTML","","",,,,,,5,1.67,1,5,3,"… This study aimed to produce the first commented checklist of the Odonata of this region, … Thus, the aim of this study was to organise and review the current knowledge of the Odonata of …","https://pmc.ncbi.nlm.nih.gov/articles/PMC10646535/","https://scholar.google.com/scholar?q=related:p_JO3MQXHL8J:scholar.google.com/&scioq=odonata%7Cdragonfly%7Cdragonflies%7Cdamselfly%7Cdamselflies&hl=en&as_sdt=0,5&as_ylo=2023&as_yhi=2023"
5,"NA Paray, AH Mir","Odonate fauna (Insecta: Odonata) of Kashmir, Jammu &Kashmir, India: a preliminary report",2023,"Journal of Threatened Taxa","threatenedtaxa.org","https://threatenedtaxa.org/index.php/JoTT/article/view/8406","https://scholar.google.com/scholar?cites=3602442886670993989&as_sdt=2005&sciodt=0,5&hl=en",154,"2026-04-12 18:56:36","","","",,,,,,5,1.67,3,2,3,"… (dragonflies) under eight genera &two families and six species of Zygoptera (damselflies) in five … So, the present study was conducted to study Odonata fauna of Kashmir, J&K, India. …","https://threatenedtaxa.org/index.php/JoTT/article/download/8406/9274","https://scholar.google.com/scholar?q=related:RUqoB7hy_jEJ:scholar.google.com/&scioq=odonata%7Cdragonfly%7Cdragonflies%7Cdamselfly%7Cdamselflies&hl=en&as_sdt=0,5&as_ylo=2023&as_yhi=2023"
0,"DG Aleshina","ODONATOFAUNA OF THE ORYOL REGION",2023,"… и гуманитарные науки в современном мире","elibrary.ru","https://elibrary.ru/download/elibrary_59938795_33669717.pdf#page=40","",733,"2026-04-12 18:56:36","","","",,,,,,0,0.00,0,1,3,"… Стрекозы ( Odonata ) как представители одного из древних и распространённых … биотопах было выявлено 17 видов стрекоз ( Odonata ), относящихся к двум подотрядам …","","https://scholar.google.com/scholar?q=related:gxMWBOCOa98J:scholar.google.com/&scioq=odonata%7Cdragonfly%7Cdragonflies%7Cdamselfly%7Cdamselflies&hl=en&as_sdt=0,5&as_ylo=2023&as_yhi=2023"
3,"B Rashni, T Donnelly, H Sakiti-Waqa…","On the Fijian endemic Nesobasis brachycerca Tillyard, 1924 (Odonata: Coenagrionidae) with first description of the female and updated description of the male",2023,"Zootaxa","researchgate.net","https://www.researchgate.net/profile/Bindiya-Rashni/publication/372005546_On_the_Fijian_endemic_Nesobasis_brachycerca_Tillyard_1924_Odonata_Coenagrionidae_with_first_description_of_the_female_and_updated_description_of_the_male/links/661dfa4a66ba7e2359dd2c8c/On-the-Fijian-endemic-Nesobasis-brachycerca-Tillyard-1924-Odonata-Coenagrionidae-with-first-description-of-the-female-and-updated-description-of-the-male.pdf","https://scholar.google.com/scholar?cites=12521114562062308567&as_sdt=2005&sciodt=0,5&hl=en",387,"2026-04-12 18:56:36","PDF","","",,,,,,3,1.00,1,4,3,"Nesobasis brachycerca Tillyard, 1924 specimens have been sampled during the course of an ongoing PhD study investigating the utility of Odonata individuals for assessing the …","https://www.researchgate.net/profile/Bindiya-Rashni/publication/372005546_On_the_Fijian_endemic_Nesobasis_brachycerca_Tillyard_1924_Odonata_Coenagrionidae_with_first_description_of_the_female_and_updated_description_of_the_male/links/661dfa4a66ba7e2359dd2c8c/On-the-Fijian-endemic-Nesobasis-brachycerca-Tillyard-1924-Odonata-Coenagrionidae-with-first-description-of-the-female-and-updated-description-of-the-male.pdf","https://scholar.google.com/scholar?q=related:19Sxv1rvw60J:scholar.google.com/&scioq=odonata%7Cdragonfly%7Cdragonflies%7Cdamselfly%7Cdamselflies&hl=en&as_sdt=0,5&as_ylo=2023&as_yhi=2023"
3,"DM Rosenthal, L Deng, T Rose, JC Touchon","One of these things is not like the other: Mixed predator cues result in lopsided phenotypic responses in a Neotropical tadpole",2023,"PLoS One","journals.plos.org","https://journals.plos.org/plosone/article?id=10.1371/journal.pone.0285968","https://scholar.google.com/scholar?cites=4004115290899504815&as_sdt=2005&sciodt=0,5&hl=en",829,"2026-04-12 18:56:36","HTML","","",,,,,,3,1.00,1,4,3,"… dragonfly nymphs for the dragonfly treatment (DD), or one of each predator for the combined cue treatment (DF). The lateral compartments of the predator-free control tanks (CC) were …","https://journals.plos.org/plosone/article?id=10.1371/journal.pone.0285968","https://scholar.google.com/scholar?q=related:r17GcaR5kTcJ:scholar.google.com/&scioq=odonata%7Cdragonfly%7Cdragonflies%7Cdamselfly%7Cdamselflies&hl=en&as_sdt=0,5&as_ylo=2023&as_yhi=2023"
0,"S Kigsirisin","Online Optimal Resources Mix of Power System Using Dizzy Dragonfly Algorithm",2023,"International Conference on Renewable and Clean …","Springer","https://link.springer.com/chapter/10.1007/978-981-99-6290-7_1","",431,"2026-04-12 18:56:36","","10.1007/978-981-99-6290-7_1","",,,,,,0,0.00,0,1,3,"… in not meeting good food sources by dragonflies. Therefore, to eliminate these drawbacks, … of dragonflies as the novel optimization technique, the so-called “Dizzy Dragonfly Algorithm”…","","https://scholar.google.com/scholar?q=related:fBGJwkeFJ0AJ:scholar.google.com/&scioq=odonata%7Cdragonfly%7Cdragonflies%7Cdamselfly%7Cdamselflies&hl=en&as_sdt=0,5&as_ylo=2023&as_yhi=2023"
0,"K MARTENS","ONYCHOCOMPHUS UNCATUS",,"biblio.naturalsciences.be","","https://biblio.naturalsciences.be/associated_publications/societe-royale-belge-dentomologie-koninklijke-belgische-vereniging-voor-entomologie-1/srbe-118-1982/martens-k_bull_118-1982_193-194.pdf","",769,"2026-04-12 18:56:36","PDF","","",,,,,,0,0.00,0,1,,"… uncatus in this list of ~elgian Odonata, although he hypothesises that its presence is very … This brings the number of Belgian Odonata to 68 species, 0. uncatus being the third addition …","https://biblio.naturalsciences.be/associated_publications/societe-royale-belge-dentomologie-koninklijke-belgische-vereniging-voor-entomologie-1/srbe-118-1982/martens-k_bull_118-1982_193-194.pdf","https://scholar.google.com/scholar?q=related:7_SkKwVtFN8J:scholar.google.com/&scioq=odonata%7Cdragonfly%7Cdragonflies%7Cdamselfly%7Cdamselflies&hl=en&as_sdt=0,5&as_ylo=2023&as_yhi=2023"
0,"M Bedjanič","Opazovanje poskusa heterospecifičnega parjenja črnega ploščca Libellula fulva Müller, 1764 in modrega ploščca L. depressa Linnaeus, 1758 (Odonata: Libellulidae)",2023,"","agris.fao.org","https://agris.fao.org/search/en/providers/122615/records/6878f2555d9ad5f58d6092fa","",941,"2026-04-12 18:56:36","","","",,,,,,0,0.00,0,1,3,"English. A successful copula formation between a male of Libellula fulva and a female of L. depressa was documented photographically on 23. 6. 2022 at a small stream in the Natura …","","https://scholar.google.com/scholar?q=related:8fe6luUrMAwJ:scholar.google.com/&scioq=odonata%7Cdragonfly%7Cdragonflies%7Cdamselfly%7Cdamselflies&hl=en&as_sdt=0,5&as_ylo=2023&as_yhi=2023"
1,"NS Roberts, EI Svensson, MA Liénard","Opsin gene expression plasticity and spectral sensitivity as mechanisms for search image formation in mate-searching male damselflies",2023,"bioRxiv","biorxiv.org","https://www.biorxiv.org/content/10.1101/2023.07.31.551331.abstract","https://scholar.google.com/scholar?cites=11255130645647061466&as_sdt=2005&sciodt=0,5&hl=en",328,"2026-04-12 18:56:36","","10.1101/2023.07.31.551331.abstract","",,,,,,1,0.33,0,3,3,"Odonata (damselflies and dragonflies) are a largely diurnal, colourful, and strongly visually guided group of insects with visual systems influenced by many opsin genes that form the …","https://www.biorxiv.org/content/biorxiv/early/2023/08/02/2023.07.31.551331.full.pdf","https://scholar.google.com/scholar?q=related:2vFnorBBMpwJ:scholar.google.com/&scioq=odonata%7Cdragonfly%7Cdragonflies%7Cdamselfly%7Cdamselflies&hl=en&as_sdt=0,5&as_ylo=2023&as_yhi=2023"
2,"MM Alhaider","Optimal Placement of Capacitor in the Distribution Grids using Dragonfly Algorithm",2023,"2023 4th International Conference on …","ieeexplore.ieee.org","https://ieeexplore.ieee.org/abstract/document/10378770/","https://scholar.google.com/scholar?cites=4373604786234517520&as_sdt=2005&sciodt=0,5&hl=en",320,"2026-04-12 18:56:36","","","",,,,,,2,0.67,2,1,3,"… Dragonfly Algorithm DA simulates the behavior of dragonflies. … Consequently, a random population, where each dragonfly … the positions of the dragonflies in each iteration [17]. Δ …","","https://scholar.google.com/scholar?q=related:EOh0d2EqsjwJ:scholar.google.com/&scioq=odonata%7Cdragonfly%7Cdragonflies%7Cdamselfly%7Cdamselflies&hl=en&as_sdt=0,5&as_ylo=2023&as_yhi=2023"
4,"B Bozali, A Oztürk, S Tosun, B Hoş","Optimal pmu placement for türkiye 400 kv interconnected power system observability with dragonfly algorithm",2023,"Tehnički vjesnik","hrcak.srce.hr","https://hrcak.srce.hr/clanak/433786","https://scholar.google.com/scholar?cites=15407619360913078883&as_sdt=2005&sciodt=0,5&hl=en",288,"2026-04-12 18:56:36","","","",,,,,,4,1.33,1,4,3,"The Phasor Measurement Unit (PMU) is a modern measuring device built on the system for monitoring, controlling, and protecting power systems. Since the costs of PMU devices are …","https://hrcak.srce.hr/file/433786","https://scholar.google.com/scholar?q=related:Y7qn-Szc0tUJ:scholar.google.com/&scioq=odonata%7Cdragonfly%7Cdragonflies%7Cdamselfly%7Cdamselflies&hl=en&as_sdt=0,5&as_ylo=2023&as_yhi=2023"
40,"DXT George, RE Raj, A Rajkumar, MC Mabel","Optimal sizing of solar-wind based hybrid energy system using modified dragonfly algorithm for an institution",2023,"Energy Conversion and …","Elsevier","https://www.sciencedirect.com/science/article/pii/S0196890423002844","https://scholar.google.com/scholar?cites=3935734913241996135&as_sdt=2005&sciodt=0,5&hl=en",30,"2026-04-12 18:56:36","","","",,,,,,40,13.33,10,4,3,"Globally, most solar and wind power systems can produce power cheaper than fossil fuel-powered systems under certain circumstances according to the international renewable …","","https://scholar.google.com/scholar?q=related:Z1vkGQ2KnjYJ:scholar.google.com/&scioq=odonata%7Cdragonfly%7Cdragonflies%7Cdamselfly%7Cdamselflies&hl=en&as_sdt=0,5&as_ylo=2023&as_yhi=2023"
0,"R Frans, S Thioritz","Optimasi Ukuran Penampang pada Struktur Rangka Batang Ruang dengan Binary Dragonfly Algorithm",2023,"JURNAL MANAJEMEN","ojs.unik-kediri.ac.id","https://ojs.unik-kediri.ac.id/index.php/jurmateks/article/download/4709/3056","",365,"2026-04-12 18:56:36","PDF","","",,,,,,0,0.00,0,2,3,"… Binary dragonfly algorithm merupakan bentuk algoritma diskrit dari dragonfly algorithm [16]. … , binary dragonfly algorithm meniru perilaku dari kumpulan dragonfly yang berada di alam. …","https://ojs.unik-kediri.ac.id/index.php/jurmateks/article/download/4709/3056","https://scholar.google.com/scholar?q=related:eALgPkmQVzMJ:scholar.google.com/&scioq=odonata%7Cdragonfly%7Cdragonflies%7Cdamselfly%7Cdamselflies&hl=en&as_sdt=0,5&as_ylo=2023&as_yhi=2023"
14,"TR Kumar, U Mahalaxmi, D Bhatt","Optimization enabled deep residual neural network for motor imagery EEG signal classification",2023,"Biomedical Signal Processing and …","Elsevier","https://www.sciencedirect.com/science/article/pii/S1746809422007716","https://scholar.google.com/scholar?cites=11395100818373800972&as_sdt=2005&sciodt=0,5&hl=en",709,"2026-04-12 18:56:36","","","",,,,,,14,4.67,5,3,3,"… The suggested CSDA is used to train DRN, which is obtained by combining the competitive Swarm Optimizer and Dragonfly Algorithm. The performance of the adapted approach is …","","https://scholar.google.com/scholar?q=related:DPTuCtKHI54J:scholar.google.com/&scioq=odonata%7Cdragonfly%7Cdragonflies%7Cdamselfly%7Cdamselflies&hl=en&as_sdt=0,5&as_ylo=2023&as_yhi=2023"
61,"CC Tung, YY Lai, YZ Chen, CC Lin, PY Chen","Optimization of mechanical properties of bio-inspired Voronoi structures by genetic algorithm",2023,"Journal of Materials …","Elsevier","https://www.sciencedirect.com/science/article/pii/S2238785423020239","https://scholar.google.com/scholar?cites=6233281186287510413&as_sdt=2005&sciodt=0,5&hl=en",808,"2026-04-12 18:56:36","HTML","","",,,,,,61,20.33,12,5,3,"Numerous patterns in nature comprise aesthetics structures and intriguing geometries. The geometric factors behind these patterns include area, aspect ratio, circularity, orientation, and …","https://www.sciencedirect.com/science/article/pii/S2238785423020239","https://scholar.google.com/scholar?q=related:jePKrTYQgVYJ:scholar.google.com/&scioq=odonata%7Cdragonfly%7Cdragonflies%7Cdamselfly%7Cdamselflies&hl=en&as_sdt=0,5&as_ylo=2023&as_yhi=2023"
4,"杜涛, 曾国辉, 黄勃, 刘瑾, 韦钰","Optimization of PMSM vector control based on dragonfly algorithm fractional PI",2023,"Journal of Electronic …","jemi.cnjournals.com","http://jemi.cnjournals.com/jemien/article/abstract/20201010","https://scholar.google.com/scholar?cites=5997023057935659053&as_sdt=2005&sciodt=0,5&hl=en",207,"2026-04-12 18:56:36","","","",,,,,,4,1.33,1,5,3,"… The parameter to be optimized is regarded as the spatial position of the best individual that the dragonfly searches for the food source in the search space, and the error performance …","","https://scholar.google.com/scholar?q=related:LfAUlrK0OVMJ:scholar.google.com/&scioq=odonata%7Cdragonfly%7Cdragonflies%7Cdamselfly%7Cdamselflies&hl=en&as_sdt=0,5&as_ylo=2023&as_yhi=2023"
37,"H Singh, Y Sawle, S Dixit, H Malik…","Optimization of reactive power using dragonfly algorithm in DG integrated distribution system",2023,"Electric Power Systems …","Elsevier","https://www.sciencedirect.com/science/article/pii/S0378779623002407","https://scholar.google.com/scholar?cites=18154238144838538069&as_sdt=2005&sciodt=0,5&hl=en",16,"2026-04-12 18:56:36","HTML","","",,,,,,37,12.33,7,5,3,"This study proposes, a swarm intelligence Memory based new Multi-Objective Dragonfly (MMOD) algorithm. Analyze to optimize active power loss, total investment on reactive power …","https://www.sciencedirect.com/science/article/pii/S0378779623002407","https://scholar.google.com/scholar?q=related:VZPyTmjP8PsJ:scholar.google.com/&scioq=odonata%7Cdragonfly%7Cdragonflies%7Cdamselfly%7Cdamselflies&hl=en&as_sdt=0,5&as_ylo=2023&as_yhi=2023"
0,"RS Aiswarya","Optimized Cloud Resource Allocation and Fraud Detection Using Autoencoder-DNN and Dragonfly Algorithm",2023,"Int. J. of Multidisciplinary and Current research","researchgate.net","https://www.researchgate.net/profile/Aiswarya-Rs/publication/393433085_International_Journal_of_Multidisciplinary_and_Current_Research_Optimized_Cloud_Resource_Allocation_and_Fraud_Detection_Using_Autoencoder-DNN_and_Dragonfly_Algorithm/links/68691adee4632b045dca07da/International-Journal-of-Multidisciplinary-and-Current-Research-Optimized-Cloud-Resource-Allocation-and-Fraud-Detection-Using-Autoencoder-DNN-and-Dragonfly-Algorithm.pdf","",466,"2026-04-12 18:56:36","PDF","","",,,,,,0,0.00,0,1,3,"… -DNN models with the Dragonfly Algorithm for hyperparameter … The Dragonfly Algorithm is introduced to optimize resource … When used for model optimization, the Dragonfly Algorithm …","https://www.researchgate.net/profile/Aiswarya-Rs/publication/393433085_International_Journal_of_Multidisciplinary_and_Current_Research_Optimized_Cloud_Resource_Allocation_and_Fraud_Detection_Using_Autoencoder-DNN_and_Dragonfly_Algorithm/links/68691adee4632b045dca07da/International-Journal-of-Multidisciplinary-and-Current-Research-Optimized-Cloud-Resource-Allocation-and-Fraud-Detection-Using-Autoencoder-DNN-and-Dragonfly-Algorithm.pdf","https://scholar.google.com/scholar?q=related:7ROH6Gx0bXkJ:scholar.google.com/&scioq=odonata%7Cdragonfly%7Cdragonflies%7Cdamselfly%7Cdamselflies&hl=en&as_sdt=0,5&as_ylo=2023&as_yhi=2023"
12,"FNS Al-dulaimi, S Kurnaz","Optimized distributed cooperative control for islanded microgrid based on dragonfly algorithm",2023,"Energies","mdpi.com","https://www.mdpi.com/1996-1073/16/22/7675","https://scholar.google.com/scholar?cites=10735374090764784780&as_sdt=2005&sciodt=0,5&hl=en",73,"2026-04-12 18:56:36","HTML","","",,,,,,12,4.00,6,2,3,"This study introduces novel stochastic distributed cooperative control (SDCC) in the context of island microgrids (MGs). A proportional resonant (PR) controller and virtual impedance …","https://www.mdpi.com/1996-1073/16/22/7675","https://scholar.google.com/scholar?q=related:jJT3atu1-5QJ:scholar.google.com/&scioq=odonata%7Cdragonfly%7Cdragonflies%7Cdamselfly%7Cdamselflies&hl=en&as_sdt=0,5&as_ylo=2023&as_yhi=2023"
0,"WM Jinjiri","Optimizing Adaptive Neuro Fuzzy Inference System (Anfis) With Dragonfly Algorithm For Cardiovascular Disease",2023,"","eprints.usm.my","http://eprints.usm.my/60543/1/Pages%20from%20WADA%20MOHAMMED%20JINJIRI%20-%20TESIS.pdf","",542,"2026-04-12 18:56:36","PDF","","",,,,,,0,0.00,0,1,3,"Cardiovascular disease (CVD) is involving the heart or blood vessels. It is a series of diseases relating to the circulatory system that includes myocardial infarction, coronary heart …","http://eprints.usm.my/60543/1/Pages%20from%20WADA%20MOHAMMED%20JINJIRI%20-%20TESIS.pdf","https://scholar.google.com/scholar?q=related:LETI_n8R9iEJ:scholar.google.com/&scioq=odonata%7Cdragonfly%7Cdragonflies%7Cdamselfly%7Cdamselflies&hl=en&as_sdt=0,5&as_ylo=2023&as_yhi=2023"
1,"N Sharma, B Nagappan, M Shahid, D Patel, K Sutariya…","Optimizing Melt Pool Temperature Prediction Using Convolutional Bilstm with Insights from Dragonfly Behavior in Wire-Arc Additive Manufacturing",2023,"","researchsquare.com","https://www.researchsquare.com/article/rs-3616246/latest","https://scholar.google.com/scholar?cites=11132187436247722885&as_sdt=2005&sciodt=0,5&hl=en",331,"2026-04-12 18:56:36","","","",,,,,,1,0.33,0,6,3,"… Dragonfly optimized convolutional Bi-directional Long Short-Term Memory (DragOCBiLSTM), inspired by insights derived from the behavior of dragonflies… inspired by dragonfly behavior…","https://www.researchsquare.com/article/rs-3616246/latest.pdf","https://scholar.google.com/scholar?q=related:haucDn55fZoJ:scholar.google.com/&scioq=odonata%7Cdragonfly%7Cdragonflies%7Cdamselfly%7Cdamselflies&hl=en&as_sdt=0,5&as_ylo=2023&as_yhi=2023"
3,"D Simsek, D Ozyurek, E Ileri…","Optimizing tribological performance in elevated temperature of TiC reinforced A356 matrix composites designed as automotive friction materials using dragonfly …",2023,"Proceedings of the …","journals.sagepub.com","https://journals.sagepub.com/doi/abs/10.1177/09544062221123999","https://scholar.google.com/scholar?cites=3041442444694027573&as_sdt=2005&sciodt=0,5&hl=en",274,"2026-04-12 18:56:36","","10.1177/09544062221123999","",,,,,,3,1.00,1,4,3,"… Dragonflies in a dynamic swarm tend to align their flight while … dragonflies with high alignment and low cohesion weights, and when exploiting the search space, we assign dragonflies …","","https://scholar.google.com/scholar?q=related:NX3ICMpfNSoJ:scholar.google.com/&scioq=odonata%7Cdragonfly%7Cdragonflies%7Cdamselfly%7Cdamselflies&hl=en&as_sdt=0,5&as_ylo=2023&as_yhi=2023"
4,"V Dubey, S Barde, B Patel","Optimum Path Planning Using Dragonfly-Fuzzy Hybrid Controller for Autonomous Vehicle",2023,"","preprints.org","https://www.preprints.org/frontend/manuscript/6e8e0287dc3bd92ef674a78e4de6eaff/download_pub","https://scholar.google.com/scholar?cites=359854727848496430&as_sdt=2005&sciodt=0,5&hl=en",215,"2026-04-12 18:56:36","PDF","","",,,,,,4,1.33,1,3,3,"… using Fuzzy Logic and Dragonfly Algorithm. This paper … This paper presents a new Dragonfly-Fuzzy hybrid strategy for … This paper uses Fuzzy Logic and Dragonfly algorithms for …","https://www.preprints.org/frontend/manuscript/6e8e0287dc3bd92ef674a78e4de6eaff/download_pub","https://scholar.google.com/scholar?q=related:Lo0n6Pd1_gQJ:scholar.google.com/&scioq=odonata%7Cdragonfly%7Cdragonflies%7Cdamselfly%7Cdamselflies&hl=en&as_sdt=0,5&as_ylo=2023&as_yhi=2023"
0,"LG Newton, JC Abbott, SM Bybee, PB Frandsen…","Ordinal level phylogenomics of Odonata based on anchored hybrid enrichment",2023,"","par.nsf.gov","https://par.nsf.gov/biblio/10509977","",515,"2026-04-12 18:56:36","","","",,,,,,0,0.00,0,5,3,"Odonata comprise approximately 6400 species with … phylogenetic hypothesis across Odonata have limited the … a robust ordinal phylogeny of Odonata, which will be used as the …","","https://scholar.google.com/scholar?q=related:KeJgjTZZZoIJ:scholar.google.com/&scioq=odonata%7Cdragonfly%7Cdragonflies%7Cdamselfly%7Cdamselflies&hl=en&as_sdt=0,5&as_ylo=2023&as_yhi=2023"
6,"K Hersch, MP Moore","Ornamentation diversified faster than eco-morphology across Nearctic dragonflies",2023,"Biological Journal of the Linnean Society","academic.oup.com","https://academic.oup.com/biolinnean/article-abstract/139/1/70/7093077","https://scholar.google.com/scholar?cites=13432184102387991839&as_sdt=2005&sciodt=0,5&hl=en",138,"2026-04-12 18:56:36","","","",,,,,,6,2.00,3,2,3,"… We evaluated these conflicting predictions in Nearctic Libelluloidea dragonflies by testing if … of divergence between closely related Libelluloidea dragonflies is ornamentation rather than …","","https://scholar.google.com/scholar?q=related:H0V8PEa0aLoJ:scholar.google.com/&scioq=odonata%7Cdragonfly%7Cdragonflies%7Cdamselfly%7Cdamselflies&hl=en&as_sdt=0,5&as_ylo=2023&as_yhi=2023"
0,"C DELUNAS","Osservazioni sulle libellule (Odonata) di un laghetto artificiale nella città di Cagliari.",,"mediterraneaonline.eu","","https://www.mediterraneaonline.eu/wp-content/uploads/2023/03/Libellule-Cagliari.pdf","",623,"2026-04-12 18:56:36","PDF","","",,,,,,0,0.00,0,1,,"… by numerous specimens of insects belonging to the Odonata order. The site in question is not … This has favored the settlement of numerous dragonflies by integrating and modifying a …","https://www.mediterraneaonline.eu/wp-content/uploads/2023/03/Libellule-Cagliari.pdf","https://scholar.google.com/scholar?q=related:pRnfpD5c6ngJ:scholar.google.com/&scioq=odonata%7Cdragonfly%7Cdragonflies%7Cdamselfly%7Cdamselflies&hl=en&as_sdt=0,5&as_ylo=2023&as_yhi=2023"
17,"EI Svensson, M Gómez‐Llano…","Out of the tropics: Macroevolutionary size trends in an old insect order are shaped by temperature and predators",2023,"Journal of …","Wiley Online Library","https://onlinelibrary.wiley.com/doi/abs/10.1111/jbi.14544","https://scholar.google.com/scholar?cites=4427890174007340173&as_sdt=2005&sciodt=0,5&hl=en",442,"2026-04-12 18:56:36","","10.1111/jbi.14544","",,,,,,17,5.67,6,3,3,"… First, we compared wing and body sizes of dragonflies and damselflies between the tropical and the temperate zone (Figure 1; Table S1). When using individual species as data points …","https://onlinelibrary.wiley.com/doi/full/10.1111/jbi.14544","https://scholar.google.com/scholar?q=related:jWwmPqcGcz0J:scholar.google.com/&scioq=odonata%7Cdragonfly%7Cdragonflies%7Cdamselfly%7Cdamselflies&hl=en&as_sdt=0,5&as_ylo=2023&as_yhi=2023"
0,"J Haskins, M Barnhardt, E Stern, J Meurisse, A Borner…","Overview of Ablation Modeling at NASA",2023,"CMS","ntrs.nasa.gov","https://ntrs.nasa.gov/citations/20230000935","",725,"2026-04-12 18:56:36","","","",,,,,,0,0.00,0,6,3,"… PICA ”tooth” design being traded for Dragonfly heatshield to provide protection of main seal … PICA ”tooth” design being traded for Dragonfly heatshield to provide protection of main seal …","https://ntrs.nasa.gov/api/citations/20230000935/downloads/ablation_overview_presentation.pdf","https://scholar.google.com/scholar?q=related:PrnRrjflqvkJ:scholar.google.com/&scioq=odonata%7Cdragonfly%7Cdragonflies%7Cdamselfly%7Cdamselflies&hl=en&as_sdt=0,5&as_ylo=2023&as_yhi=2023"
1,"D Koßmann","Owuor, Yvonne: The Dragonfly Sea",2023,"Kindlers Literatur Lexikon (KLL)","Springer","https://link.springer.com/content/pdf/10.1007/978-3-476-05728-0_23355-1.pdf","https://scholar.google.com/scholar?cites=4956368062985981238&as_sdt=2005&sciodt=0,5&hl=en",493,"2026-04-12 18:56:36","","10.1007/978-3-476-05728-0_23355-1","",,,,,,1,0.33,1,1,3,"Der 2019 veröffentlichte zweite Roman der Autorin ist ein postkolonialer und postmoderner Bildungs-und Familienroman und weist Merkmale einer afrikanischen Ökokritik auf. Sein …","","https://scholar.google.com/scholar?q=related:Ns1eSn6OyEQJ:scholar.google.com/&scioq=odonata%7Cdragonfly%7Cdragonflies%7Cdamselfly%7Cdamselflies&hl=en&as_sdt=0,5&as_ylo=2023&as_yhi=2023"
3,"A Doriath-Döhler, S Hervet, O Béthoux","Palaeophylolestes distinctus n. gen., n. sp., a new malachite damselfly (Odonata: Zygoptera: Synlestidae) from the Paleocene Menat locality (France)",2023,"Geodiversitas","BioOne","https://bioone.org/journals/geodiversitas/volume-45/issue-14/geodiversitas2023v45a14/Palaeophylolestes-distinctus-n-gen-n-sp-a-new-malachite-damselfly/10.5252/geodiversitas2023v45a14.short","https://scholar.google.com/scholar?cites=10085309865249627623&as_sdt=2005&sciodt=0,5&hl=en",199,"2026-04-12 18:56:36","","10.5252/geodiversitas2023v45a14.short","",,,,,,3,1.00,1,3,3,"A new malachite damselfly, Palaeophylolestes distinctus n. gen., n. sp., is described from the Paleocene Menat locality. It can be distinguished from other Synlestidae owing to the very …","","https://scholar.google.com/scholar?q=related:513yX-M39osJ:scholar.google.com/&scioq=odonata%7Cdragonfly%7Cdragonflies%7Cdamselfly%7Cdamselflies&hl=en&as_sdt=0,5&as_ylo=2023&as_yhi=2023"
8,"B Köse, H Aygün, S Pak","Parameter estimation of the wind speed distribution model by dragonfly algorithm",2023,"Journal of the Faculty of Engineering …","researchgate.net","https://www.researchgate.net/profile/Bayram-Koese/publication/366921561_Parameter_estimation_of_the_wind_speed_distribution_model_by_dragonfly_algorithm/links/63b8a3e2097c7832ca96a5b5/Parameter-estimation-of-the-wind-speed-distribution-model-by-dragonfly-algorithm.pdf?origin=journalDetail&_tp=eyJwYWdlIjoiam91cm5hbERldGFpbCJ9","https://scholar.google.com/scholar?cites=15812062219165602456&as_sdt=2005&sciodt=0,5&hl=en",244,"2026-04-12 18:56:36","PDF","","",,,,,,8,2.67,3,3,3,"… In this study, the Dragonfly Algorithm (DA) is proposed to estimate the Weibull probability distribution function (Wpdf) parameters used in wind speed modeling and the two-component …","https://www.researchgate.net/profile/Bayram-Koese/publication/366921561_Parameter_estimation_of_the_wind_speed_distribution_model_by_dragonfly_algorithm/links/63b8a3e2097c7832ca96a5b5/Parameter-estimation-of-the-wind-speed-distribution-model-by-dragonfly-algorithm.pdf?origin=journalDetail&_tp=eyJwYWdlIjoiam91cm5hbERldGFpbCJ9","https://scholar.google.com/scholar?q=related:mJK9-8-6b9sJ:scholar.google.com/&scioq=odonata%7Cdragonfly%7Cdragonflies%7Cdamselfly%7Cdamselflies&hl=en&as_sdt=0,5&as_ylo=2023&as_yhi=2023"
2,"RM Siddique, A Iqbal, F Nisa, AG Arijo…","Parasite control strategies: Biological materials",2023,"… and parasitic control …","cabidigitallibrary.org","https://www.cabidigitallibrary.org/doi/abs/10.1079/9781800621893.0012","https://scholar.google.com/scholar?cites=14348152905144784698&as_sdt=2005&sciodt=0,5&hl=en",893,"2026-04-12 18:56:36","","10.1079/9781800621893.0012","",,,,,,2,0.67,0,5,3,"… Dragonflies and water bugs (Diplonychus indicus) are used to control the mosquito population; dragonfly larvae prey on mosquito larvae and dragonfly adults prey on adult mosquitoes (…","","https://scholar.google.com/scholar?q=related:OtckJgzhHscJ:scholar.google.com/&scioq=odonata%7Cdragonfly%7Cdragonflies%7Cdamselfly%7Cdamselflies&hl=en&as_sdt=0,5&as_ylo=2023&as_yhi=2023"
0,"A Salur, A Miroğlu","PARASITISM OF PLATYCNEMIS PENNIPES (INSECTA: ODONATA) LARVA BY WATER MITE OF ARRENURUS SP.",,"researchgate.net","","https://www.researchgate.net/profile/Ali-Salur/publication/377065182_PARASITISM_OF_PLATYCNEMIS_PENNIPES_INSECTA_ODONATA_LARVA_BY_WATER_MITE_OF_ARRENURUS_SP/links/6593c9842468df72d3f51070/PARASITISM-OF-PLATYCNEMIS-PENNIPES-INSECTA-ODONATA-LARVA-BY-WATER-MITE-OF-ARRENURUS-SP.pdf","",524,"2026-04-12 18:56:36","PDF","","",,,,,,0,0.00,0,2,,"In faunistic studies on Odonata larvae, a mite sample living as parasites have been encountered on a larva sample collected. Water mites are generalist parasites known to effectively …","https://www.researchgate.net/profile/Ali-Salur/publication/377065182_PARASITISM_OF_PLATYCNEMIS_PENNIPES_INSECTA_ODONATA_LARVA_BY_WATER_MITE_OF_ARRENURUS_SP/links/6593c9842468df72d3f51070/PARASITISM-OF-PLATYCNEMIS-PENNIPES-INSECTA-ODONATA-LARVA-BY-WATER-MITE-OF-ARRENURUS-SP.pdf","https://scholar.google.com/scholar?q=related:AzbQMq9xfBkJ:scholar.google.com/&scioq=odonata%7Cdragonfly%7Cdragonflies%7Cdamselfly%7Cdamselflies&hl=en&as_sdt=0,5&as_ylo=2023&as_yhi=2023"
0,"N Cao, M Štěpnička","Partial Fuzzy Relational Equations and the Dragonfly Operations–What Happens If...?",2023,"Conference of the European Society for Fuzzy Logic …","Springer","https://link.springer.com/chapter/10.1007/978-3-031-39965-7_7","",377,"2026-04-12 18:56:36","","10.1007/978-3-031-39965-7_7","",,,,,,0,0.00,0,2,3,"… [27] designed specific Dragonfly algebra that … Dragonfly algebra operating on the support \([0,1]^{\star }\) are recalled in Table 1 and of course, if both values \(a,b \in [0,1]\), the Dragonfly …","","https://scholar.google.com/scholar?q=related:qG-em-t8Kn4J:scholar.google.com/&scioq=odonata%7Cdragonfly%7Cdragonflies%7Cdamselfly%7Cdamselflies&hl=en&as_sdt=0,5&as_ylo=2023&as_yhi=2023"
0,"Y Wu, E Bo, Y Zhang","Partitioned fault location of distribution network with distributed generation based on improved binary dragonfly algorithm",2023,"Third International Conference on …","spiedigitallibrary.org","https://www.spiedigitallibrary.org/conference-proceedings-of-spie/12722/1272221/Partitioned-fault-location-of-distribution-network-with-distributed-generation-based/10.1117/12.2679757.short","",513,"2026-04-12 18:56:36","","10.1117/12.2679757.short","",,,,,,0,0.00,0,3,3,"… The linear inertia weights of the original dragonfly … dragonfly algorithm partitioning model, the number of iterations of localization is reduced. In addition, the improved binary dragonfly …","","https://scholar.google.com/scholar?q=related:t3NOhY3jkxkJ:scholar.google.com/&scioq=odonata%7Cdragonfly%7Cdragonflies%7Cdamselfly%7Cdamselflies&hl=en&as_sdt=0,5&as_ylo=2023&as_yhi=2023"
2,"K Szanyi, I Grigorszky, LJ Szabó…","Past and present: changes in the Odonata fauna of small lowland watercourses",2023,"Biodiversity Data …","pmc.ncbi.nlm.nih.gov","https://pmc.ncbi.nlm.nih.gov/articles/PMC10598554/","https://scholar.google.com/scholar?cites=6292064269034726564&as_sdt=2005&sciodt=0,5&hl=en",217,"2026-04-12 18:56:36","HTML","","",,,,,,2,0.67,1,4,3,"Small lowland watercourses, strongly exposed to anthropogenic activities and climate change, have received negligible odonatological attention. This study provides a revised checklist …","https://pmc.ncbi.nlm.nih.gov/articles/PMC10598554/","https://scholar.google.com/scholar?q=related:pCS-qx3nUVcJ:scholar.google.com/&scioq=odonata%7Cdragonfly%7Cdragonflies%7Cdamselfly%7Cdamselflies&hl=en&as_sdt=0,5&as_ylo=2023&as_yhi=2023"
2,"JD Baker III","Patterns of Gregarine Parasitism in Damselflies",2023,"","search.proquest.com","https://search.proquest.com/openview/1a47e080f97b3308f89603a6782fdce0/1?pq-origsite=gscholar&cbl=18750&diss=y","https://scholar.google.com/scholar?cites=15496528835312907664&as_sdt=2005&sciodt=0,5&hl=en",314,"2026-04-12 18:56:36","","","",,,,,,2,0.67,2,1,3,"… The combination of my interest in dragonflies collided with … damselflies gregarines. What I believed as a young boy to be just dragonflies turned out to be a separate suborder of Odonata…","https://shsu-ir.tdl.org/server/api/core/bitstreams/00d1d2e0-1ab9-46bc-9a87-7682af6d8c07/content","https://scholar.google.com/scholar?q=related:kHVsIN-6DtcJ:scholar.google.com/&scioq=odonata%7Cdragonfly%7Cdragonflies%7Cdamselfly%7Cdamselflies&hl=en&as_sdt=0,5&as_ylo=2023&as_yhi=2023"
5,"L Nunes, T Santamaría, P Casanueva…","Patterns of variation in wing venation of Iberian Cordulegaster boltonii (Donovan, 1807)(Odonata: Cordulegastridae)",2023,"","repositorio.ipcb.pt","https://repositorio.ipcb.pt/entities/publication/8e855312-c808-418d-89df-7f9b14a9dc89","https://scholar.google.com/scholar?cites=18355960377142908357&as_sdt=2005&sciodt=0,5&hl=en",311,"2026-04-12 18:56:36","","","",,,,,,5,1.67,1,4,3,"(s) Some structural characters, such as wing venation, have been used in odonates to differentiate taxa. In Cordulegaster boltonii, a species widely distributed throughout the western …","https://repositorio.ipcb.pt/bitstreams/8dc88d25-695b-4d47-877f-4b205ea4077d/download","https://scholar.google.com/scholar?q=related:xZW_frV4vf4J:scholar.google.com/&scioq=odonata%7Cdragonfly%7Cdragonflies%7Cdamselfly%7Cdamselflies&hl=en&as_sdt=0,5&as_ylo=2023&as_yhi=2023"
0,"L Ferreira Nunes, T Santamaría…","Patterns of variation in wing venation of Iberian Cordulegaster boltonii (Donovan, 1807)(Odonata: Cordulegastridae).",2023,"International …","search.ebscohost.com","https://search.ebscohost.com/login.aspx?direct=true&profile=ehost&scope=site&authtype=crawler&jrnl=13887890&AN=174650989&h=nuvnuUYKN8sbwphBYJavTkYGVPy0R6Fgcw39DbSH6pooLElu0LWEkTgpDtEH%2FOyfFCm%2FtSXFbfXdlIoRYO0U6Q%3D%3D&crl=c","",560,"2026-04-12 18:56:36","","","",,,,,,0,0.00,0,3,3,"Some structural characters, such as wing venation, have been used in odonates differentiate taxa. In Cordulegaster boltonii, a species widely distributed throughout the western …","","https://scholar.google.com/scholar?q=related:3UbHGxYhpfwJ:scholar.google.com/&scioq=odonata%7Cdragonfly%7Cdragonflies%7Cdamselfly%7Cdamselflies&hl=en&as_sdt=0,5&as_ylo=2023&as_yhi=2023"
1,"DJ Giberson, RW Harding, R Curley","Paul Brunelle's legacy in PEI: the dragonflies and damselflies of Prince Edward Island",2023,"Newsletter of the Biological …","researchgate.net","https://www.researchgate.net/profile/Donna-Giberson/publication/373360440_Paul_Brunelle's_Legacy_in_PEI_The_Dragonflies_and_Damselflies_of_Prince_Edward_Island/links/64e78ac440289f7a0fafc576/Paul-Brunelles-Legacy-in-PEI-The-Dragonflies-and-Damselflies-of-Prince-Edward-Island.pdf","https://scholar.google.com/scholar?cites=3079900479978338196&as_sdt=2005&sciodt=0,5&hl=en",477,"2026-04-12 18:56:36","PDF","","",,,,,,1,0.33,0,3,3,"… mobilizing a citizen/community science initiative to assess Odonata patterns in our area and motivating a new generation of dragonfly and damselfly lovers. New initiatives, such as the …","https://www.researchgate.net/profile/Donna-Giberson/publication/373360440_Paul_Brunelle's_Legacy_in_PEI_The_Dragonflies_and_Damselflies_of_Prince_Edward_Island/links/64e78ac440289f7a0fafc576/Paul-Brunelles-Legacy-in-PEI-The-Dragonflies-and-Damselflies-of-Prince-Edward-Island.pdf","https://scholar.google.com/scholar?q=related:lPepJCsBvioJ:scholar.google.com/&scioq=odonata%7Cdragonfly%7Cdragonflies%7Cdamselfly%7Cdamselflies&hl=en&as_sdt=0,5&as_ylo=2023&as_yhi=2023"
0,"S Muslimah","PENGEMBANGAN E BOOKLET KEANEKARAGAMAN CAPUNG (ODONATA) DI SUNGAI OPAK KABUPATEN BANTUL SEBAGAI MEDIA BELAJAR SISWA",2023,"","digilib.uin-suka.ac.id","https://digilib.uin-suka.ac.id/id/eprint/63836/","",879,"2026-04-12 18:56:36","","","",,,,,,0,0.00,0,1,3,"Sungai Opak merupakan salah satu potensi lokal yang dapat dimanfaatkan dalam pembelajaran karena keanekaragamannya yang cukup tinggi. Salah satu keanekaragaman hayati …","","https://scholar.google.com/scholar?q=related:QlS5zjEozXcJ:scholar.google.com/&scioq=odonata%7Cdragonfly%7Cdragonflies%7Cdamselfly%7Cdamselflies&hl=en&as_sdt=0,5&as_ylo=2023&as_yhi=2023"
0,"A Aeni, M Syazali","PENGGUNAAN BAHAN ALAMI DAN BAHAN KIMIA UNTUK MENGUSIR SEMUT DI RUMAH",2023,"JPSdP: Jurnal Penelitian Sains dan Pembelajaran","","","",772,"2026-04-12 18:56:36","CITATION","","",,,,,,0,0.00,0,2,3,"","","https://scholar.google.com/scholar?q=related:BdvKFkAg7VsJ:scholar.google.com/&scioq=odonata%7Cdragonfly%7Cdragonflies%7Cdamselfly%7Cdamselflies&hl=en&as_sdt=0,5&as_ylo=2023&as_yhi=2023"
2,"KH Kaligis, HN Pollo, M Tulung","Penilaian Sumber-daya Alam di Sekitar Danau Pulisan, Linow dan Tampusu, Kota Tomohon, Sulawesi Utara: Capung (Odonata) Sebagai Bio-indikator",2023,"Silvarum","","","https://scholar.google.com/scholar?cites=1421462048818940497&as_sdt=2005&sciodt=0,5&hl=en",438,"2026-04-12 18:56:36","CITATION","","",,,,,,2,0.67,1,3,3,"","","https://scholar.google.com/scholar?q=related:UUqNwTMMuhMJ:scholar.google.com/&scioq=odonata%7Cdragonfly%7Cdragonflies%7Cdamselfly%7Cdamselflies&hl=en&as_sdt=0,5&as_ylo=2023&as_yhi=2023"
0,"H Hakimi Khansar, A Hosseinzadeh Dalir…","Performance of Dragonfly Algorithm Hybrid Model-Artificial Neural Network for Modeling Settlement of Earth Dam during Construction",2023,"Water and Soil …","water-soil.tabrizu.ac.ir","https://water-soil.tabrizu.ac.ir/mobile/article_15182.html?lang=en","",501,"2026-04-12 18:56:36","","","",,,,,,0,0.00,0,3,3,"… in the artificial neural network, the dragonfly algorithm was used. Feature selection is a … of dragonfly algorithm with artificial neural network as DA-ANN is shown, Therefore, the dragonfly …","","https://scholar.google.com/scholar?q=related:HC6sMbNHPfsJ:scholar.google.com/&scioq=odonata%7Cdragonfly%7Cdragonflies%7Cdamselfly%7Cdamselflies&hl=en&as_sdt=0,5&as_ylo=2023&as_yhi=2023"
0,"A Hosseinzadeh Dalir, J Parsa, J Shiri","Performance of Dragonfly Algorithm Hybrid Model-Artificial Neural Network for Modeling Settlement of Earth Dam during Construction",2023,"Water and Soil Science","agris.fao.org","https://agris.fao.org/search/en/providers/124357/records/655dc2298ff3a76c34ff6485","",506,"2026-04-12 18:56:36","","","",,,,,,0,0.00,0,3,3,"… in the artificial neural network, the dragonfly algorithm was used. Feature selection is a … of dragonfly algorithm with artificial neural network as DA-ANN is shown, Therefore, the dragonfly …","","https://scholar.google.com/scholar?q=related:t3Jw4jJtJ7IJ:scholar.google.com/&scioq=odonata%7Cdragonfly%7Cdragonflies%7Cdamselfly%7Cdamselflies&hl=en&as_sdt=0,5&as_ylo=2023&as_yhi=2023"
0,"CY Choong","PERKEMBANGAN LARVA DAN PERIHALAN LARVA Indothemis carnatica (FABRICIUS, 1798)(INSECTA: ODONATA) DARI SEMENANJUNG MALAYSIA",,"","","","",918,"2026-04-12 18:56:36","CITATION","","",,,,,,0,0.00,0,1,,"","","https://scholar.google.com/scholar?q=related:cJgq1dbCrS4J:scholar.google.com/&scioq=odonata%7Cdragonfly%7Cdragonflies%7Cdamselfly%7Cdamselflies&hl=en&as_sdt=0,5&as_ylo=2023&as_yhi=2023"
28,"H Safran, PA Cassier, C Vicier, F Forget…","Phase 1/2 Study of DF1001, a novel tri-specific, NK cell engager therapy targeting HER2, in patients with advanced solid tumors: Phase 1 DF1001 monotherapy dose …",2023,"","ascopubs.org","https://ascopubs.org/doi/abs/10.1200/JCO.2023.41.16_suppl.2508","https://scholar.google.com/scholar?cites=18405050478775944007&as_sdt=2005&sciodt=0,5&hl=en",717,"2026-04-12 18:56:36","","10.1200/JCO.2023.41.16_suppl.2508","",,,,,,28,9.33,6,5,3,"2508 Background: DF1001 is a first in class, Tri-specific, NK cell Engager Therapy (TriNKET), that uses HER2 as an anchor to modulate innate and adaptive immunity. DF1001 redirects …","","https://scholar.google.com/scholar?q=related:R8OSdOXfa_8J:scholar.google.com/&scioq=odonata%7Cdragonfly%7Cdragonflies%7Cdamselfly%7Cdamselflies&hl=en&as_sdt=0,5&as_ylo=2023&as_yhi=2023"
2,"YP Cano Cobos, J Montes Fontalvo, CA Bota Sierra","Philogenia realpei sp. nov.(Zygoptera: Philogeniidae), a new damselfly species from Colombia",2023,"","ri.conicet.gov.ar","https://ri.conicet.gov.ar/handle/11336/219876","https://scholar.google.com/scholar?cites=7254996970783696642&as_sdt=2005&sciodt=0,5&hl=en",334,"2026-04-12 18:56:36","","","",,,,,,2,0.67,1,3,3,"A new damselfly species, Philogenia realpei sp. nov., is described here from 5 ♂♂, 2 ♀♀ collected at Cauca and Putumayo departments in southern Colombia. This species is …","https://ri.conicet.gov.ar/bitstream/handle/11336/219876/tijo20.v026.a9_Cano-Cobos.pdf?sequence=2&isAllowed=y","https://scholar.google.com/scholar?q=related:AucYak7trmQJ:scholar.google.com/&scioq=odonata%7Cdragonfly%7Cdragonflies%7Cdamselfly%7Cdamselflies&hl=en&as_sdt=0,5&as_ylo=2023&as_yhi=2023"
2,"GK Walia, GK Dhillon","Phylogenetic analysis of Aciagrion Selys (Odonata: Coenagrionidae)",2023,"Journal of Natural History","Taylor &Francis","https://www.tandfonline.com/doi/abs/10.1080/00222933.2023.2259551","https://scholar.google.com/scholar?cites=4856906340577329783&as_sdt=2005&sciodt=0,5&hl=en",163,"2026-04-12 18:56:36","","10.1080/00222933.2023.2259551","",,,,,,2,0.67,1,2,3,"… of oriental damselflies. Species of this genus cannot be distinguished on the basis of morphological characters alone as they are morphologically similar to the damselflies of other …","https://www.researchgate.net/profile/Gagandeep-Dhillon-6/publication/375641376_Phylogenetic_analysis_of_Aciagrion_Selys_Odonata_Coenagrionidae/links/655495e7b86a1d521be6b95a/Phylogenetic-analysis-of-Aciagrion-Selys-Odonata-Coenagrionidae.pdf","https://scholar.google.com/scholar?q=related:d0J0cZUyZ0MJ:scholar.google.com/&scioq=odonata%7Cdragonfly%7Cdragonflies%7Cdamselfly%7Cdamselflies&hl=en&as_sdt=0,5&as_ylo=2023&as_yhi=2023"
12,"DG Ferguson, M Marinov, NA Saxton, B Rashni…","Phylogeny and classification of Nesobasis Selys, 1891 and Vanuatubasis Ober &Staniczek, 2009 (Odonata: Coenagrionidae)",2023,"Insect Systematics & …","brill.com","https://brill.com/view/journals/ise/54/5/article-p555_003.xml","https://scholar.google.com/scholar?cites=5190260193598531494&as_sdt=2005&sciodt=0,5&hl=en",212,"2026-04-12 18:56:36","HTML","","",,,,,,12,4.00,2,5,3,"… order Odonata, specifically damselflies. Nesobasis Selys, 1891, an endemic damselfly genus … understanding of its evolutionary relationship to other damselflies in the region is lacking. …","https://brill.com/view/journals/ise/54/5/article-p555_003.xml","https://scholar.google.com/scholar?q=related:pmdKmyWCB0gJ:scholar.google.com/&scioq=odonata%7Cdragonfly%7Cdragonflies%7Cdamselfly%7Cdamselflies&hl=en&as_sdt=0,5&as_ylo=2023&as_yhi=2023"
0,"G Hebda","Pierwsze stwierdzenie szklarnika leśnego Cordulegaster boltonii (Donovan, 1807)(Odonata: Cordulegastridae) w Górach Stołowych",2023,"Fragmenta Naturae","repo.uni.opole.pl","https://repo.uni.opole.pl/info/article/UOdff42ad69629439c951ced4901a9ebf1?r=publication&ps=20&tab=&title=Publication%2B%25E2%2580%2593%2B%2BFirst%2Brecord%2Bof%2BGolden-ringed%2BDragonfly%2BCordulegaster%2Bboltonii%2B%2528Donovan%252C%2B1807%2529%2B%2528Odonata%253A%2BCordulegastridae%2529%2Bin%2Bthe%2BSto%25C5%2582owe%2BMountains%2B%25E2%2580%2593%2BUniwersytet%2BOpolski&lang=en","",972,"2026-04-12 18:56:36","CITATION","","",,,,,,0,0.00,0,1,3,"Paper presents the first record in the Stołowe Mountains of a rare, protected by law Golden-ringed Dragonfly Cordulegaster boltonii. One specimen was hunted by a domestic cat in …","","https://scholar.google.com/scholar?q=related:X5NFm4a5gpsJ:scholar.google.com/&scioq=odonata%7Cdragonfly%7Cdragonflies%7Cdamselfly%7Cdamselflies&hl=en&as_sdt=0,5&as_ylo=2023&as_yhi=2023"
2,"M Waldhauser, O Müller, A Vierstraete, T Schneider","Pinheyschna yemenensis, a new species for Saudi Arabia, with description of the final instar larva and exuvia (Odonata: Aeshnidae)",2023,"Odonatologica","BioOne","https://bioone.org/journals/odonatologica/volume-52/issue-1-2/odon.v52i1-2.a6/iPinheyschna-yemenensis-i-a-new-species-for-Saudi-Arabia-with/10.5281/odon.v52i1-2.a6.short","https://scholar.google.com/scholar?cites=11819525360059536222&as_sdt=2005&sciodt=0,5&hl=en",265,"2026-04-12 18:56:36","","10.5281/odon.v52i1-2.a6.short","",,,,,,2,0.67,1,4,3,"… Pinheyschna yemenensis, is a new species to the Odonata fauna of Saudi Arabia, and its … The dragonflies and damselflies of Eastern Africa: Handbook for all Odonata from Sudan to …","https://www.researchgate.net/profile/Martin-Waldhauser-2/publication/372689885_Pinheyschna_yemenensis_a_new_species_for_Saudi_Arabia_with_description_of_the_final_instar_larva_and_exuvia_Odonata_Aeshnidae/links/6506c5e2ca19e8355c980375/Pinheyschna-yemenensis-a-new-species-for-Saudi-Arabia-with-description-of-the-final-instar-larva-and-exuvia-Odonata-Aeshnidae.pdf","https://scholar.google.com/scholar?q=related:XtMRRLFjB6QJ:scholar.google.com/&scioq=odonata%7Cdragonfly%7Cdragonflies%7Cdamselfly%7Cdamselflies&hl=en&as_sdt=0,5&as_ylo=2023&as_yhi=2023"
0,"JA Craves, DS O'Brien, J Hernandez","Plains Emerald (Somatochlora ensigera): New for Michigan",,"researchgate.net","","https://www.researchgate.net/profile/Julie-Craves/publication/374910569_Plains_Emerald_Somatochlora_ensigera_New_for_Michigan/links/65356d4124bbe32d9a61feda/Plains-Emerald-Somatochlora-ensigera-New-for-Michigan.pdf","",719,"2026-04-12 18:56:36","PDF","","",,,,,,0,0.00,0,3,,"… Plains Emerald (Somatochlora ensigera) is an attractive dragonfly found primarily west of the Mississippi River. Eastern records come from three United States states and one Canadian …","https://www.researchgate.net/profile/Julie-Craves/publication/374910569_Plains_Emerald_Somatochlora_ensigera_New_for_Michigan/links/65356d4124bbe32d9a61feda/Plains-Emerald-Somatochlora-ensigera-New-for-Michigan.pdf","https://scholar.google.com/scholar?q=related:x3p1t4KT9kAJ:scholar.google.com/&scioq=odonata%7Cdragonfly%7Cdragonflies%7Cdamselfly%7Cdamselflies&hl=en&as_sdt=0,5&as_ylo=2023&as_yhi=2023"
2,"J Pellet","Planning insect surveys in alpine ecosystems",2023,"Alpine Entomology","serval.unil.ch","https://serval.unil.ch/resource/serval:BIB_6C8F8276659F.P001/REF.pdf","https://scholar.google.com/scholar?cites=12343100267854585506&as_sdt=2005&sciodt=0,5&hl=en",639,"2026-04-12 18:56:36","PDF","","",,,,,,2,0.67,2,1,3,"… (eg birds, amphibians, butterflies, dragonflies). These programs usually rely on multiple … records in Switzerland using butterflies, dragonflies, and grasshoppers. The general framework …","https://serval.unil.ch/resource/serval:BIB_6C8F8276659F.P001/REF.pdf","https://scholar.google.com/scholar?q=related:ol6ADEyAS6sJ:scholar.google.com/&scioq=odonata%7Cdragonfly%7Cdragonflies%7Cdamselfly%7Cdamselflies&hl=en&as_sdt=0,5&as_ylo=2023&as_yhi=2023"
3,"VV Holla, S Tejasvi, R Reddy, J Saini","Pontocerebellar hypoplasia type-9 due to a novel p.Arg503Ter truncating variant in AMPD2: a report from India",2023,"Acta Neurologica Belgica","Springer","https://link.springer.com/article/10.1007/s13760-021-01800-4","https://scholar.google.com/scholar?cites=2873692783610745025&as_sdt=2005&sciodt=0,5&hl=en",771,"2026-04-12 18:56:36","","10.1007/s13760-021-01800-4","",,,,,,3,1.00,1,4,3,"… of “dragonfly” PCH due to atrophy of cerebellar hemisphere with relative sparing of vermis and a “figure of 8” appearance of midbrain with hypoplastic cerebral peduncles [3]. Dragonfly …","","https://scholar.google.com/scholar?q=related:wdC4eFxo4ScJ:scholar.google.com/&scioq=odonata%7Cdragonfly%7Cdragonflies%7Cdamselfly%7Cdamselflies&hl=en&as_sdt=0,5&as_ylo=2023&as_yhi=2023"
0,"M Netwal, Y Patel, M Redhu, A Saini","Population dynamics of arthropods on tomato (Lycopersicum esculentum l.) in Vindhya plateau region of Madhya Pradesh",2023,"Journal of Agriculture and …","saaer.org.in","https://saaer.org.in/journals/index.php/jae/article/view/725","",698,"2026-04-12 18:56:36","","","",,,,,,0,0.00,0,4,3,"… of damselfly (2.20 damselfly/ plant), whitefly (7.83 whitefly/6 leaves) and dragonfly (2.20 dragonflies/… The population of dragonfly began to increase steadily with a small fluctuation in …","https://saaer.org.in/journals/index.php/jae/article/download/725/503","https://scholar.google.com/scholar?q=related:DSVoTxEPSWMJ:scholar.google.com/&scioq=odonata%7Cdragonfly%7Cdragonflies%7Cdamselfly%7Cdamselflies&hl=en&as_sdt=0,5&as_ylo=2023&as_yhi=2023"
1,"MN Janra, H Herwina","Population Dynamics of Damselfly Agriocnemis femina (Odonata: Coenagrionidae) Inhabited Polluted Area In Padang, West Sumatra",2023,"Al-Kauniyah: Jurnal Biologi","","","https://scholar.google.com/scholar?cites=13242829027102276169&as_sdt=2005&sciodt=0,5&hl=en",394,"2026-04-12 18:56:36","CITATION","","",,,,,,1,0.33,1,2,3,"","https://www.researchgate.net/profile/Muhammad-Janra/publication/370620171_Population_Dynamics_of_Damselfly_Agriocnemis_femina_Odonata_Coenagrionidae_Inhabited_Polluted_Area_In_Padang_West_Sumatra/links/6462b634f43b8a29ba52767a/Population-Dynamics-of-Damselfly-Agriocnemis-femina-Odonata-Coenagrionidae-Inhabited-Polluted-Area-In-Padang-West-Sumatra.pdf","https://scholar.google.com/scholar?q=related:SbqpLdb6x7cJ:scholar.google.com/&scioq=odonata%7Cdragonfly%7Cdragonflies%7Cdamselfly%7Cdamselflies&hl=en&as_sdt=0,5&as_ylo=2023&as_yhi=2023"
1,"GR Indriani, AR Singkam","Population Dynamics of Dragonflies at The Paddy Field Ecosystem, Sidorejo, Central Bengkulu",2023,"… Hayati (J-BEKH)","jurnalbiologi.fmipa.unila.ac.id","http://jurnalbiologi.fmipa.unila.ac.id/index.php/jbekh/article/view/297","https://scholar.google.com/scholar?cites=2546109315703403968&as_sdt=2005&sciodt=0,5&hl=en",459,"2026-04-12 18:56:36","","","",,,,,,1,0.33,1,2,3,"… for dragonfly diversity. This study aims to analyze fluctuations in the diversity and abundance of dragonflies … had the highest diversity and abundance of dragonflies (13 species and 45 …","http://jurnalbiologi.fmipa.unila.ac.id/index.php/jbekh/article/download/297/192","https://scholar.google.com/scholar?q=related:wHXQye6YVSMJ:scholar.google.com/&scioq=odonata%7Cdragonfly%7Cdragonflies%7Cdamselfly%7Cdamselflies&hl=en&as_sdt=0,5&as_ylo=2023&as_yhi=2023"
4,"F Harabiš","Post-mining areas as the last area for the expansion of the declining Siberian Winter damselfly (Odonata: Lestidae)",2023,"Journal of Insect Conservation","Springer","https://link.springer.com/article/10.1007/s10841-023-00491-x","https://scholar.google.com/scholar?cites=16277563645921200004&as_sdt=2005&sciodt=0,5&hl=en",65,"2026-04-12 18:56:36","","10.1007/s10841-023-00491-x","",,,,,,4,1.33,4,1,3,"The regionally threatened damselfly Sympecma peadisca is one of the few Central European dragonfly species included is considered as Near Threatened in the European Red list. …","","https://scholar.google.com/scholar?q=related:hAfyy-SF5eEJ:scholar.google.com/&scioq=odonata%7Cdragonfly%7Cdragonflies%7Cdamselfly%7Cdamselflies&hl=en&as_sdt=0,5&as_ylo=2023&as_yhi=2023"
7,"B Neumann","Post-monolingual Anglophone Novels: Yvonne Adhiambo Owuor's The Dragonfly Sea and Karina Lickorish Quinn's The Dust Never Settles",2023,"Journal of Literary Multilingualism","brill.com","https://brill.com/view/journals/jlm/1/1/article-p94_94.xml","https://scholar.google.com/scholar?cites=10611241190454485797&as_sdt=2005&sciodt=0,5&hl=en",293,"2026-04-12 18:56:36","HTML","","",,,,,,7,2.33,7,1,3,"A range of recent anglophone novels is committed to weaving connections between English and other languages, thus turning English into a language of encounter. Activating both …","https://brill.com/view/journals/jlm/1/1/article-p94_94.xml","https://scholar.google.com/scholar?q=related:JWMIV6SzQpMJ:scholar.google.com/&scioq=odonata%7Cdragonfly%7Cdragonflies%7Cdamselfly%7Cdamselflies&hl=en&as_sdt=0,5&as_ylo=2023&as_yhi=2023"
3,"J Hong, SJ Kwon, CS Lee, JY Choi…","Potential distribution of the critically endangered dragonfly Libellula angelina (Odonata: Libellulidae) under shared socio‐economic pathways",2023,"Entomological …","Wiley Online Library","https://onlinelibrary.wiley.com/doi/abs/10.1111/1748-5967.12671","https://scholar.google.com/scholar?cites=6668826001341492701&as_sdt=2005&sciodt=0,5&hl=en",178,"2026-04-12 18:56:36","","10.1111/1748-5967.12671","",,,,,,3,1.00,1,5,3,"Libellula angelina is an endangered dragonfly species that is native to East Asia. Recently, their population has become severely reduced through habitat loss. To protect L. angelina …","","https://scholar.google.com/scholar?q=related:3S3ZTuptjFwJ:scholar.google.com/&scioq=odonata%7Cdragonfly%7Cdragonflies%7Cdamselfly%7Cdamselflies&hl=en&as_sdt=0,5&as_ylo=2023&as_yhi=2023"
1,"H Mahdjoub, R Zebsa, H Amari…","Potential fitness consequences of roosting spatiotemporal selection in an endangered endemic damselfly: conservation implications",2023,"Frontiers in Ecology …","frontiersin.org","https://www.frontiersin.org/journals/ecology-and-evolution/articles/10.3389/fevo.2023.1267705/full","https://scholar.google.com/scholar?cites=16020948674714764647&as_sdt=2005&sciodt=0,5&hl=en",245,"2026-04-12 18:56:36","HTML","10.3389/fevo.2023.1267705","",,,,,,1,0.33,0,4,3,"… Here, we assess the roosting behavior of an endangered endemic damselfly Calopteryx exul Selys in a lotic habitat of Northeast Algeria. Based on marked individuals, we specifically …","https://www.frontiersin.org/journals/ecology-and-evolution/articles/10.3389/fevo.2023.1267705/full","https://scholar.google.com/scholar?q=related:Z4Uj4e_XVd4J:scholar.google.com/&scioq=odonata%7Cdragonfly%7Cdragonflies%7Cdamselfly%7Cdamselflies&hl=en&as_sdt=0,5&as_ylo=2023&as_yhi=2023"
0,"E Dong, C Neish, J Moores, GS Collins…","Potential for Airburst Detection on Titan with Dragonfly",2023,"AAS/Division for …","ui.adsabs.harvard.edu","https://ui.adsabs.harvard.edu/abs/2023DPS....5520401D/abstract","",514,"2026-04-12 18:56:36","","","",,,,,,0,0.00,0,5,3,"… assets such as NASA's upcoming Dragonfly mission. Sufficiently strong … NASA's Dragonfly mission is equipped with both pressure … To determine whether Dragonfly would be capable of …","","https://scholar.google.com/scholar?q=related:80KanwDXECIJ:scholar.google.com/&scioq=odonata%7Cdragonfly%7Cdragonflies%7Cdamselfly%7Cdamselflies&hl=en&as_sdt=0,5&as_ylo=2023&as_yhi=2023"
1,"H Guan","Power and gaze in Xu Bing's dragonfly's eye",2023,"2nd International Conference on Education, Language …","atlantis-press.com","https://www.atlantis-press.com/proceedings/icela-22/125984690","https://scholar.google.com/scholar?cites=18027678478056407491&as_sdt=2005&sciodt=0,5&hl=en",661,"2026-04-12 18:56:36","","","",,,,,,1,0.33,1,1,3,"… of “The Dragonfly’s Eye”. The aesthetic feeling of human nature is emphasized in the creation of Dragonfly’s Eye. Unlike typical contemporary art video works, Dragonfly Eye delivers a …","https://www.atlantis-press.com/article/125984690.pdf","https://scholar.google.com/scholar?q=related:w8GBoQ8uL_oJ:scholar.google.com/&scioq=odonata%7Cdragonfly%7Cdragonflies%7Cdamselfly%7Cdamselflies&hl=en&as_sdt=0,5&as_ylo=2023&as_yhi=2023"
3,"FA Junaidi, MA Soendjoto…","Practicality of popular scientific book on Odonata",2023,"BIO-INOVED: Jurnal …","ppjp.ulm.ac.id","https://ppjp.ulm.ac.id/journal/index.php/bino/article/view/14064","https://scholar.google.com/scholar?cites=18037962362070664256&as_sdt=2005&sciodt=0,5&hl=en",238,"2026-04-12 18:56:36","","","",,,,,,3,1.00,1,3,3,"… The Popular Scientific Book (PSB) on Odonata that inhabits the … With these categories, this PSB on Odonata is stated to be … Dengan kategori tersebut, BIP di Odonata ini dinyatakan …","https://ppjp.ulm.ac.id/journal/index.php/bino/article/viewFile/14064/8857","https://scholar.google.com/scholar?q=related:QIQW9zK3U_oJ:scholar.google.com/&scioq=odonata%7Cdragonfly%7Cdragonflies%7Cdamselfly%7Cdamselflies&hl=en&as_sdt=0,5&as_ylo=2023&as_yhi=2023"
0,"R Novelo-Gutiérrez, R Arce-Pérez","Predation of larvae of Orthemis discolor by “fire ants” Solenopsis geminata (Odonata: Libellulidae; Hymenoptera: Myrmicinae)",2023,"Notulae odonatologicae","BioOne","https://bioone.org/journals/notulae-odonatologicae/volume-10/issue-2/nodo.v10i2.a3/Predation-of-larvae-of-Orthemis-discolor-by-fire-ants-Solenopsis/10.60024/nodo.v10i2.a3.short","",508,"2026-04-12 18:56:36","","10.60024/nodo.v10i2.a3.short","",,,,,,0,0.00,0,2,3,". During a collection trip in a location known as El Arenal, central Veracruz, Mexico, in August 2014, we observed an attack on larvae of Orthemis discolor by fire ants, Solenopsis …","","https://scholar.google.com/scholar?q=related:QqqfC9YPWpMJ:scholar.google.com/&scioq=odonata%7Cdragonfly%7Cdragonflies%7Cdamselfly%7Cdamselflies&hl=en&as_sdt=0,5&as_ylo=2023&as_yhi=2023"
3,"S Mizui, QT Luong, K Katsuhara, K Nakata","Predation on larvae of two Japanese native dragonfly species by the North American invasive crayfish Procambarus clarkii",2023,"Cancer","","","https://scholar.google.com/scholar?cites=17089190782238076591&as_sdt=2005&sciodt=0,5&hl=en",800,"2026-04-12 18:56:36","CITATION","","",,,,,,3,1.00,1,4,3,"","","https://scholar.google.com/scholar?q=related:ry4uWnkAKe0J:scholar.google.com/&scioq=odonata%7Cdragonfly%7Cdragonflies%7Cdamselfly%7Cdamselflies&hl=en&as_sdt=0,5&as_ylo=2023&as_yhi=2023"
7,"MHT Fortunato, HF Mendes, C Hayashi…","Predation rate of dragonfly (Odonata: Libellulidae) on tilapia (Oreochromis niloticus Linnaeus 1758) and the availability of alternative preys (Insecta: Diptera …",2023,"Acta Scientiarum …","search.proquest.com","https://search.proquest.com/openview/71b67e6ad6bd393b0558e11f0d318111/1?pq-origsite=gscholar&cbl=2037657","https://scholar.google.com/scholar?cites=11969561982814627537&as_sdt=2005&sciodt=0,5&hl=en",101,"2026-04-12 18:56:36","","","",,,,,,7,2.33,2,4,3,"The objective of this work was to evaluate the predation rates of two genera of Odonata Miathyria Kirby, 1889 and Erythemis Hagen, 1861 in post-larviculture of tilapia with and without …","https://www.researchgate.net/profile/Murilo-Fortunato/publication/372677754_Predation_rate_of_dragonfly_Odonata_Libellulidae_on_tilapia_Oreochromis_niloticus_Linnaeus_1758_and_the_availability_of_alternative_preys_Insecta_Diptera_Chironomidae_to_increase_fish_survival/links/64c27e23cda2775c03c9d5bb/Predation-rate-of-dragonfly-Odonata-Libellulidae-on-tilapia-Oreochromis-niloticus-Linnaeus-1758-and-the-availability-of-alternative-preys-Insecta-Diptera-Chironomidae-to-increase-fish-survival.pdf","https://scholar.google.com/scholar?q=related:0aavtjRtHKYJ:scholar.google.com/&scioq=odonata%7Cdragonfly%7Cdragonflies%7Cdamselfly%7Cdamselflies&hl=en&as_sdt=0,5&as_ylo=2023&as_yhi=2023"
20,"GD Cozzer, RS Rezende, TS Lara…","Predation risk effects on larval development and adult life of Aedes aegypti mosquito",2023,"Bulletin of …","cambridge.org","https://www.cambridge.org/core/journals/bulletin-of-entomological-research/article/predation-risk-effects-on-larval-development-and-adult-life-of-aedes-aegypti-mosquito/0EC3D39A83867C9F9E2239AC3E1FC475","https://scholar.google.com/scholar?cites=3108093650847046662&as_sdt=2005&sciodt=0,5&hl=en",685,"2026-04-12 18:56:36","","","",,,,,,20,6.67,5,4,3,"… of actual predation and predation risk by dragonfly larvae (Odonata) on larval development, adult … Predator treatments received one dragonfly larva. Cue treatments were composed of …","","https://scholar.google.com/scholar?q=related:BpxiQ7UqIisJ:scholar.google.com/&scioq=odonata%7Cdragonfly%7Cdragonflies%7Cdamselfly%7Cdamselflies&hl=en&as_sdt=0,5&as_ylo=2023&as_yhi=2023"
7,"WG Borges, GD Cozzer, GR Durigon…","Predator presence influences life history traits of Aedes aegypti",2023,"Aquatic Sciences","Springer","https://link.springer.com/article/10.1007/s00027-023-00952-0","https://scholar.google.com/scholar?cites=13914139869338741135&as_sdt=2005&sciodt=0,5&hl=en",658,"2026-04-12 18:56:36","","10.1007/s00027-023-00952-0","",,,,,,7,2.33,2,4,3,"… We aimed to test the effects of predator (dragonfly larvae) body size on larval development time … We simulated predation risk by dragonflies (Odonata, Libelulidae) on Ae. aegypti using a …","","https://scholar.google.com/scholar?q=related:jykJq330GMEJ:scholar.google.com/&scioq=odonata%7Cdragonfly%7Cdragonflies%7Cdamselfly%7Cdamselflies&hl=en&as_sdt=0,5&as_ylo=2023&as_yhi=2023"
0,"KSS Reis, CF Bragab, TMT dos Santos","Predatory Activity of Aquatic Insects (Odonata: Libellulidae and Coleoptera: Hydrophilidae) on tadpoles of Rhinella sp. and Physalaemus sp. under laboratory …",2023,"Acta Brasiliensis","academia.edu","https://www.academia.edu/download/122405628/161.pdf","",502,"2026-04-12 18:56:36","PDF","","",,,,,,0,0.00,0,3,3,"Predation regulates the functioning of communities and affects the population dynamics of organisms in the environment. The main aquatic predators are represented by invertebrates …","https://www.academia.edu/download/122405628/161.pdf","https://scholar.google.com/scholar?q=related:pLKf0Ej52zEJ:scholar.google.com/&scioq=odonata%7Cdragonfly%7Cdragonflies%7Cdamselfly%7Cdamselflies&hl=en&as_sdt=0,5&as_ylo=2023&as_yhi=2023"
2,"KSS Reis, CF Braga, TMT dos Santos","Predatory activity of aquatic insects (Odonata: Libellulidae and Coleoptera: Hydrophilidae) under laboratory conditions",2023,"Acta Brasiliensis","","","https://scholar.google.com/scholar?cites=3463754689455821773&as_sdt=2005&sciodt=0,5&hl=en",945,"2026-04-12 18:56:36","CITATION","","",,,,,,2,0.67,1,3,3,"","","https://scholar.google.com/scholar?q=related:zZMbzom6ETAJ:scholar.google.com/&scioq=odonata%7Cdragonfly%7Cdragonflies%7Cdamselfly%7Cdamselflies&hl=en&as_sdt=0,5&as_ylo=2023&as_yhi=2023"
3,"EDF Ferreira, TMD Oliveira, DS Vilela, GC Jacques…","Predação de Progomphus complicatus Selys, 1854 (Odonata) por Oxyopsis sp.(Mantodea)",2023,"Heaterina","","","https://scholar.google.com/scholar?cites=1932093677687388400&as_sdt=2005&sciodt=0,5&hl=en",938,"2026-04-12 18:56:36","CITATION","","",,,,,,3,1.00,1,5,3,"","","https://scholar.google.com/scholar?q=related:8LhVk_Ys0BoJ:scholar.google.com/&scioq=odonata%7Cdragonfly%7Cdragonflies%7Cdamselfly%7Cdamselflies&hl=en&as_sdt=0,5&as_ylo=2023&as_yhi=2023"
0,"J Eo, SK Choi, SJ Yeob, SM Jun, N An","Predicting metamorphosis of dragonfly larvae in rice fields considering irrigation period",2023,"한국응용곤충학회 학술대회논문집","","","",863,"2026-04-12 18:56:36","CITATION","","",,,,,,0,0.00,0,5,3,"","","https://scholar.google.com/scholar?q=related:3DNLaJSu7r4J:scholar.google.com/&scioq=odonata%7Cdragonfly%7Cdragonflies%7Cdamselfly%7Cdamselflies&hl=en&as_sdt=0,5&as_ylo=2023&as_yhi=2023"
9,"J Zhao, L Shi","Predicting the compressive strength of High-performance concrete by using Radial basis function with optimization Improved Grey Wolf optimizer and Dragonfly …",2023,"Journal of Intelligent &Fuzzy Systems","journals.sagepub.com","https://journals.sagepub.com/doi/abs/10.3233/JIFS-224382","https://scholar.google.com/scholar?cites=13801751683233501744&as_sdt=2005&sciodt=0,5&hl=en",124,"2026-04-12 18:56:36","","10.3233/JIFS-224382","",,,,,,9,3.00,5,2,3,"This paper uses two optimizers (Improved Gray Wolf Optimizer (I_GWO) and Dragonfly Optimization Algorithm (DA)) for the sensitivity and robustness of artificial intelligence (AI) …","","https://scholar.google.com/scholar?q=related:MFJI9Qesib8J:scholar.google.com/&scioq=odonata%7Cdragonfly%7Cdragonflies%7Cdamselfly%7Cdamselflies&hl=en&as_sdt=0,5&as_ylo=2023&as_yhi=2023"
3,"SJ Kwon, YC Jun, HY Kwon…","Predicting the potential habitat and future distribution of Brachydiplax chalybea flavovittata Ris, 1911 (Odonata: Libellulidae)",2023,"Journal of …","Korean Wetlands Society","","https://scholar.google.com/scholar?cites=15096201900743709682&as_sdt=2005&sciodt=0,5&hl=en",390,"2026-04-12 18:56:36","CITATION","","",,,,,,3,1.00,1,4,3,"","","https://scholar.google.com/scholar?q=related:8tNnR6V7gNEJ:scholar.google.com/&scioq=odonata%7Cdragonfly%7Cdragonflies%7Cdamselfly%7Cdamselflies&hl=en&as_sdt=0,5&as_ylo=2023&as_yhi=2023"
5,"ZM Alhakeem, H Hakim, OA Hasan…","Prediction of diabetic patients in Iraq using binary dragonfly algorithm with long-short term memory neural network.",2023,"AIMS Electronics & …","aimspress.com","https://www.aimspress.com/aimspress-data/electreng/2023/3/PDF/electreng-07-03-013.pdf","https://scholar.google.com/scholar?cites=14269364543397717713&as_sdt=2005&sciodt=0,5&hl=en",195,"2026-04-12 18:56:36","PDF","","",,,,,,5,1.67,1,4,3,"… In this work, the Binary Dragonfly Algorithm was used as a pre-processing step to select the … The optimization algorithm used in this work is the Binary Dragonfly Algorithm. This work …","https://www.aimspress.com/aimspress-data/electreng/2023/3/PDF/electreng-07-03-013.pdf","https://scholar.google.com/scholar?q=related:0WbGK3P3BsYJ:scholar.google.com/&scioq=odonata%7Cdragonfly%7Cdragonflies%7Cdamselfly%7Cdamselflies&hl=en&as_sdt=0,5&as_ylo=2023&as_yhi=2023"
0,"P Lodi Rizzini","Predictive modeling of application runtime in Dragonfly systems",2023,"","politesi.polimi.it","https://www.politesi.polimi.it/handle/10589/235617","",473,"2026-04-12 18:56:36","","","",,,,,,0,0.00,0,1,3,"The Dragonfly interconnect is widely adopted by extreme-scale systems, yet its sharing nature often results in traffic from various applications competing for network resources, causing …","","https://scholar.google.com/scholar?q=related:eRYnF1UYwXgJ:scholar.google.com/&scioq=odonata%7Cdragonfly%7Cdragonflies%7Cdamselfly%7Cdamselflies&hl=en&as_sdt=0,5&as_ylo=2023&as_yhi=2023"
0,"ACL NASCIMENTO","Preditores da diversidade beta de adultos de Odonata (insecta) na Amazônia brasileira",2023,"","Universidade Federal do Oeste do …","","",985,"2026-04-12 18:56:36","CITATION","","",,,,,,0,0.00,0,1,3,"","","https://scholar.google.com/scholar?q=related:ppAOMnrxffQJ:scholar.google.com/&scioq=odonata%7Cdragonfly%7Cdragonflies%7Cdamselfly%7Cdamselflies&hl=en&as_sdt=0,5&as_ylo=2023&as_yhi=2023"
0,"R Moumen, M Laidi, S Hanini, M Hentabli…","Predviđanje kapaciteta višekomponentne adsorpcije metodom potpornih vektora uz algoritam Dragonfly",2023,"Kemija u industriji …","hrcak.srce.hr","https://hrcak.srce.hr/clanak/427779","",455,"2026-04-12 18:56:36","","","",,,,,,0,0.00,0,5,3,"Višekomponentni adsorpcijski kapacitet modelirana je metodom potpornih vektora (SVM). Razvijena su i uspoređena dva SVM modela. U prvom modelu primijenjena je metoda SVM s …","","https://scholar.google.com/scholar?q=related:mQpASajO340J:scholar.google.com/&scioq=odonata%7Cdragonfly%7Cdragonflies%7Cdamselfly%7Cdamselflies&hl=en&as_sdt=0,5&as_ylo=2023&as_yhi=2023"
6,"B Schilling, TG McGee, R Mitch, R Watson","Preliminary design of the dragonfly navigation filter",2023,"arXiv preprint arXiv …","arxiv.org","https://arxiv.org/abs/2307.13513","https://scholar.google.com/scholar?cites=15880640964146344410&as_sdt=2005&sciodt=0,5&hl=en",56,"2026-04-12 18:56:36","","","",,,,,,6,2.00,2,4,3,"Dragonfly is scheduled to begin exploring Titan by 2034 using a series of multi-kilometer surface flights. This paper outlines the preliminary design of the navigation filter for the …","https://arxiv.org/pdf/2307.13513","https://scholar.google.com/scholar?q=related:2rF1UdFeY9wJ:scholar.google.com/&scioq=odonata%7Cdragonfly%7Cdragonflies%7Cdamselfly%7Cdamselflies&hl=en&as_sdt=0,5&as_ylo=2023&as_yhi=2023"
4,"AY Rakhmatullayev","Preliminary Information About Dragonflies Fauna Distributed in Kashkadarya Region",,"Middle European Scientific Bulletin","eprints.umsida.ac.id","http://eprints.umsida.ac.id/13032/","https://scholar.google.com/scholar?cites=12603988222135167061&as_sdt=2005&sciodt=0,5&hl=en",139,"2026-04-12 18:56:36","","","",,,,,,4,0.00,4,1,,"… and ecology of dragonflies in the Kashkhadarya region. … about some species of dragonflies found in Uzbekistan. “… the bioecology and identification of dragonfly species found in …","http://eprints.umsida.ac.id/13032/1/1958-Article%20Text-4384-1-10-20231117.pdf","https://scholar.google.com/scholar?q=related:VeiSXYJc6q4J:scholar.google.com/&scioq=odonata%7Cdragonfly%7Cdragonflies%7Cdamselfly%7Cdamselflies&hl=en&as_sdt=0,5&as_ylo=2023&as_yhi=2023"
1,"DT Dharan","Preliminary Studies on the Diversity and Abundance of Odonates in the selected sites of southern Kerala.",2023,"Asian Journal of Conservation Biology","search.ebscohost.com","https://search.ebscohost.com/login.aspx?direct=true&profile=ehost&scope=site&authtype=crawler&jrnl=22787666&AN=169844327&h=zngQYrjQQGKsIJVxQNWZOkW1DqUW5lNBr7Mh43hTcoPPeXHCwerf6ANiAnWiBRcqnG7ZYkdoeHp%2BJvYd%2BUfdlA%3D%3D&crl=c","https://scholar.google.com/scholar?cites=10542345581118324310&as_sdt=2005&sciodt=0,5&hl=en",715,"2026-04-12 18:56:36","","","",,,,,,1,0.33,1,1,3,"… The only way to save the Odonata fauna and its habitats is creating awareness among the people. In this context, knowledge of Odonata fauna of a region is the first step towards …","","https://scholar.google.com/scholar?q=related:Vn73RXPvTZIJ:scholar.google.com/&scioq=odonata%7Cdragonfly%7Cdragonflies%7Cdamselfly%7Cdamselflies&hl=en&as_sdt=0,5&as_ylo=2023&as_yhi=2023"
0,"D Samarasinghe, S Thanusan","Preliminary Study of Odonates in Kilinochchi Premises of University of Jaffna, Sri Lanka",2023,"","192.248.56.27","http://192.248.56.27:8080/jspui/handle/123456789/11277","",864,"2026-04-12 18:56:36","","","",,,,,,0,0.00,0,2,3,"Killinochchi district is one of the major developed cities located in the northern part of Sri Lanka. This study mainly focused on the diversity of Odonates in Kilinochchi premises. Northern …","","https://scholar.google.com/scholar?q=related:tTShPbY6QfAJ:scholar.google.com/&scioq=odonata%7Cdragonfly%7Cdragonflies%7Cdamselfly%7Cdamselflies&hl=en&as_sdt=0,5&as_ylo=2023&as_yhi=2023"
0,"MV Quinga Nasimba","Prevalence and Genomic Epidemiology of MultiDrug-Resistant Bacteria in Dragonfly Larvae in Water Bodies",2023,"","dea.lib.unideb.hu","https://dea.lib.unideb.hu/items/49c2acc8-7821-41d4-b6ff-86cf517f0782","",575,"2026-04-12 18:56:36","","","",,,,,,0,0.00,0,1,3,"Multidrug resistant Gram-negative bacteria are a public health concern worldwide. Resistance is not exclusively a problem of human medicine; it is spread to the environment, including …","","https://scholar.google.com/scholar?q=related:uT4L7rEUcbIJ:scholar.google.com/&scioq=odonata%7Cdragonfly%7Cdragonflies%7Cdamselfly%7Cdamselflies&hl=en&as_sdt=0,5&as_ylo=2023&as_yhi=2023"
0,"Č Marković, J Dobrosavljević","Prilog poznavanju faune insekata specijalnog rezervata prirode „Goč-Gvozdac”",2023,"XIV Simpozijum entomologa …","omorika.sfb.bg.ac.rs","https://omorika.sfb.bg.ac.rs/handle/123456789/2098","",998,"2026-04-12 18:56:36","","","",,,,,,0,0.00,0,2,3,"Uredbom Vlade Republike Srbije šumski kompleks „Goč-Gvozdac” je 2014. godine proglašen Specijalnim rezervatom prirode I kategorije. On se prostire na površini od 3 957 ha i …","","https://scholar.google.com/scholar?q=related:TNDUofnxd4sJ:scholar.google.com/&scioq=odonata%7Cdragonfly%7Cdragonflies%7Cdamselfly%7Cdamselflies&hl=en&as_sdt=0,5&as_ylo=2023&as_yhi=2023"
1,"S HARO-GUIJARRO","Primer caso de teratología abdominal en Platycnemis acutipennis (Selys, 1841)(Odonata: Platycnemididae)",2023,"Boletín de la Sociedad Entomológica …","researchgate.net","https://www.researchgate.net/profile/Sergio-De-Haro-Guijarro/publication/374548422_Primer_caso_de_teratologia_abdominal_en_Platycnemis_acutipennis_Selys_1841_Odonata_Platycnemididae/links/6525040afc5c2a0c3bc709d6/Primer-caso-de-teratologia-abdominal-en-Platycnemis-acutipennis-Selys-1841-Odonata-Platycnemididae.pdf","https://scholar.google.com/scholar?cites=10223362888148602038&as_sdt=2005&sciodt=0,5&hl=en",369,"2026-04-12 18:56:36","PDF","","",,,,,,1,0.33,1,1,3,"… Abstract: For the first time, a case of abdominal teratology for a young male of the damselfly Platycnemis acutipennis is reported. Keywords: Odonata, Platycnemididae …","https://www.researchgate.net/profile/Sergio-De-Haro-Guijarro/publication/374548422_Primer_caso_de_teratologia_abdominal_en_Platycnemis_acutipennis_Selys_1841_Odonata_Platycnemididae/links/6525040afc5c2a0c3bc709d6/Primer-caso-de-teratologia-abdominal-en-Platycnemis-acutipennis-Selys-1841-Odonata-Platycnemididae.pdf","https://scholar.google.com/scholar?q=related:tkwCjmGu4I0J:scholar.google.com/&scioq=odonata%7Cdragonfly%7Cdragonflies%7Cdamselfly%7Cdamselflies&hl=en&as_sdt=0,5&as_ylo=2023&as_yhi=2023"
0,"JZM Hermitaño, EDQ Briceño, FJM Flores…","Primer listado taxonómico de libélulas (Insecta: Odonata) en la laguna Fortaleza, Pichanaqui (Perú)",2023,"…","revistas.uniscjsa.edu.pe","http://www.revistas.uniscjsa.edu.pe/index.php/Yotantsipanko/article/view/36","",626,"2026-04-12 18:56:36","","","",,,,,,0,0.00,0,4,3,"… is to identify dragonfly species (Insecta: Odonata) in Fortaleza … identification and classification of dragonflies. The result was … Dragonfly (Erythrodiplax umbrata), Amber-striped Dragonfly (…","http://www.revistas.uniscjsa.edu.pe/index.php/Yotantsipanko/article/download/36/37","https://scholar.google.com/scholar?q=related:jzim31FsOUEJ:scholar.google.com/&scioq=odonata%7Cdragonfly%7Cdragonflies%7Cdamselfly%7Cdamselflies&hl=en&as_sdt=0,5&as_ylo=2023&as_yhi=2023"
1,"P Martínez-Darve","Primera cita de Orthetrum trinacria (Selys, 1841)(Odonata, Libellulidae) para la isla de Gran Canaria (España)",2023,"Boletín de la Asociación Española de …","dialnet.unirioja.es","https://dialnet.unirioja.es/servlet/articulo?codigo=9336367","https://scholar.google.com/scholar?cites=4497045186957701495&as_sdt=2005&sciodt=0,5&hl=en",946,"2026-04-12 18:56:36","CITATION","","",,,,,,1,0.33,1,1,3,"Primera cita de Orthetrum trinacria (Selys, 1841) (Odonata, Libellulidae) para la isla de Gran Canaria (España) - Dialnet … Primera cita de Orthetrum trinacria (Selys, 1841) (Odonata …","","https://scholar.google.com/scholar?q=related:d3F-a8W2aD4J:scholar.google.com/&scioq=odonata%7Cdragonfly%7Cdragonflies%7Cdamselfly%7Cdamselflies&hl=en&as_sdt=0,5&as_ylo=2023&as_yhi=2023"
0,"LV del Va, AA Murga","Primera cita de Trithemis kirbyi Sélys, 1891 (Odonata: Libellulidae) en Cantabria (norte de la península ibérica).",2023,"Boletín de la SEA","dialnet.unirioja.es","https://dialnet.unirioja.es/servlet/articulo?codigo=9038684","",971,"2026-04-12 18:56:36","CITATION","","",,,,,,0,0.00,0,2,3,"Primera cita de Trithemis kirbyi Sélys, 1891 (Odonata: Libellulidae) en Cantabria (norte de la península ibérica). - Dialnet … Primera cita de Trithemis kirbyi Sélys, 1891 (Odonata …","","https://scholar.google.com/scholar?q=related:cFb4-99s4XwJ:scholar.google.com/&scioq=odonata%7Cdragonfly%7Cdragonflies%7Cdamselfly%7Cdamselflies&hl=en&as_sdt=0,5&as_ylo=2023&as_yhi=2023"
2,"JV Mora-Díaz, JM EVANGELIO-PINACH","Primeras citas de Pantala flavescens (Fabricius, 1798)(Odonata: Libellulidae) para la Comunitat Valenciana (este de España)",2023,"Zoolentia","","","https://scholar.google.com/scholar?cites=13258555953704551214&as_sdt=2005&sciodt=0,5&hl=en",950,"2026-04-12 18:56:36","CITATION","","",,,,,,2,0.67,1,2,3,"","","https://scholar.google.com/scholar?q=related:LkMzn2Ta_7cJ:scholar.google.com/&scioq=odonata%7Cdragonfly%7Cdragonflies%7Cdamselfly%7Cdamselflies&hl=en&as_sdt=0,5&as_ylo=2023&as_yhi=2023"
0,"C García–Pozuelo–Ramos","Primeras observaciones de Ceriagrion tenellum (de Villers, 1789)(Odonata: Coenagrionidae) en la provincia de Toledo (Castilla–La Mancha, España central)",,"researchgate.net","","https://www.researchgate.net/profile/Celedonio-Garcia-Pozuelo-Ramos/publication/368691837_Primeras_observaciones_de_Ceriagrion_tenellum_de_Villers_1789_Odonata_Coenagrionidae_en_la_provincia_de_Toledo_Castilla-La_Mancha_Espana_central/links/63f5f84eb1704f343f74a47f/Primeras-observaciones-de-Ceriagrion-tenellum-de-Villers-1789-Odonata-Coenagrionidae-en-la-provincia-de-Toledo-Castilla-La-Mancha-Espana-central.pdf","",846,"2026-04-12 18:56:36","PDF","","",,,,,,0,0.00,0,1,,"First observations of Ceriagrion tenellum (de Villers, 1789)(Odonata: Coenagrionidae) in Toledo province (Castilla–La Mancha, Central Spain). We report the discovery of imagos of the …","https://www.researchgate.net/profile/Celedonio-Garcia-Pozuelo-Ramos/publication/368691837_Primeras_observaciones_de_Ceriagrion_tenellum_de_Villers_1789_Odonata_Coenagrionidae_en_la_provincia_de_Toledo_Castilla-La_Mancha_Espana_central/links/63f5f84eb1704f343f74a47f/Primeras-observaciones-de-Ceriagrion-tenellum-de-Villers-1789-Odonata-Coenagrionidae-en-la-provincia-de-Toledo-Castilla-La-Mancha-Espana-central.pdf","https://scholar.google.com/scholar?q=related:Y_281dlFOGoJ:scholar.google.com/&scioq=odonata%7Cdragonfly%7Cdragonflies%7Cdamselfly%7Cdamselflies&hl=en&as_sdt=0,5&as_ylo=2023&as_yhi=2023"
0,"CGP Ramos","Primeras observaciones de Ceriagrion tenellum (de Villers, 1789)(Odonata: Coenagrionidae) en la provincia de Toledo (Castilla–La Mancha, España …",2023,"Zoolentia","dialnet.unirioja.es","https://dialnet.unirioja.es/servlet/articulo?codigo=8938087","",961,"2026-04-12 18:56:36","CITATION","","",,,,,,0,0.00,0,1,3,"Primeras observaciones de Ceriagrion tenellum (de Villers, 1789) (Odonata: Coenagrionidae) en la provincia de Toledo (Castilla–La Mancha, España central) - Dialnet …","","https://scholar.google.com/scholar?q=related:qIfCLLdj0TkJ:scholar.google.com/&scioq=odonata%7Cdragonfly%7Cdragonflies%7Cdamselfly%7Cdamselflies&hl=en&as_sdt=0,5&as_ylo=2023&as_yhi=2023"
42,"V Cazalis, L Santini, PM Lucas…","Prioritizing the reassessment of data‐deficient species on the IUCN Red List",2023,"Conservation …","Wiley Online Library","https://conbio.onlinelibrary.wiley.com/doi/abs/10.1111/cobi.14139","https://scholar.google.com/scholar?cites=1189616500253474345&as_sdt=2005&sciodt=0,5&hl=en",712,"2026-04-12 18:56:36","","10.1111/cobi.14139","",,,,,,42,14.00,11,4,3,"… , and Odonata (dragonflies and damselflies). For each DD species in these groups, we calculated its probability of being classified in a data‐sufficient category if reassessed today from …","https://conbio.onlinelibrary.wiley.com/doi/pdf/10.1111/cobi.14139","https://scholar.google.com/scholar?q=related:KT6NdOddghAJ:scholar.google.com/&scioq=odonata%7Cdragonfly%7Cdragonflies%7Cdamselfly%7Cdamselflies&hl=en&as_sdt=0,5&as_ylo=2023&as_yhi=2023"
18,"J Liao, Z Wu, H Wang, S Xiao, P Mo, X Cui","Projected Effects of Climate Change on Species Range of Pantala flavescens, a Wandering Glider Dragonfly",2023,"Biology","mdpi.com","https://www.mdpi.com/2079-7737/12/2/226","https://scholar.google.com/scholar?cites=18049512567374446387&as_sdt=2005&sciodt=0,5&hl=en",106,"2026-04-12 18:56:36","HTML","","",,,,,,18,6.00,3,6,3,"Simple Summary In this study, we simulated the distribution range and its shift of Pantala flavescens in past, present, and future scenarios, and revealed its habitat properties. Except at …","https://www.mdpi.com/2079-7737/12/2/226","https://scholar.google.com/scholar?q=related:M39NswzAfPoJ:scholar.google.com/&scioq=odonata%7Cdragonfly%7Cdragonflies%7Cdamselfly%7Cdamselflies&hl=en&as_sdt=0,5&as_ylo=2023&as_yhi=2023"
2,"J Liao, Z Wu, H Wang, S Xiao, P Mo, X Cui","Projected Effects of Climate Change on Species Range of Pantala flavescens, a Wandering Glider Dragonfly. Biology, 12 (2), 1–16",2023,"","","","https://scholar.google.com/scholar?cites=2181254473657902002&as_sdt=2005&sciodt=0,5&hl=en",770,"2026-04-12 18:56:36","CITATION","","",,,,,,2,0.67,0,6,3,"","","https://scholar.google.com/scholar?q=related:smMcE2NfRR4J:scholar.google.com/&scioq=odonata%7Cdragonfly%7Cdragonflies%7Cdamselfly%7Cdamselflies&hl=en&as_sdt=0,5&as_ylo=2023&as_yhi=2023"
1,"M Prendi, A Paparisto, S Cuvelier","Proterebia phegea (Lepidoptera: Nymphalidae: Satyrinae): building bridges between the relic populations of Croatia, Bosnia-Herzegovina, Greece, and a new …",2023,"Phegea","phegea.org","http://phegea.org/Phegea/2023/Phegea51-2_59-64.pdf","https://scholar.google.com/scholar?cites=423750622057414231&as_sdt=2005&sciodt=0,5&hl=en",774,"2026-04-12 18:56:36","PDF","","",,,,,,1,0.33,0,3,3,"… ) dhe dhjetë lloje Odonata. Ky është lokaliteti i dytë në Shqipëri ku është gjetur P. phegea. … espèces d'Odonata. Ce n'est que la deuxième localité en Albanie où P. phegea a été trouvé. …","http://phegea.org/Phegea/2023/Phegea51-2_59-64.pdf","https://scholar.google.com/scholar?q=related:Vz4VFfJ24QUJ:scholar.google.com/&scioq=odonata%7Cdragonfly%7Cdragonflies%7Cdamselfly%7Cdamselflies&hl=en&as_sdt=0,5&as_ylo=2023&as_yhi=2023"
3,"E Poerbaningtyas, CH Pranata","Prototipe Perancangan Sistem Kendali Jarak Jauh Pada Traktor Roda 2 Menggunakan Arduino",2023,"J-INTECH","jurnal.ubhinus.ac.id","https://jurnal.ubhinus.ac.id/J-INTECH/article/view/828","https://scholar.google.com/scholar?cites=6020455828845072247&as_sdt=2005&sciodt=0,5&hl=en",978,"2026-04-12 18:56:36","","","",,,,,,3,1.00,2,2,3,"… of the quick brand dragonfly model tool is that it has a … dragonfly model tractor tool with the Quick brand is still conventional or manual. In order to overcome the use of manual dragonfly …","https://jurnal.ubhinus.ac.id/index.php/J-INTECH/article/download/828/571","https://scholar.google.com/scholar?q=related:d489uK30jFMJ:scholar.google.com/&scioq=odonata%7Cdragonfly%7Cdragonflies%7Cdamselfly%7Cdamselflies&hl=en&as_sdt=0,5&as_ylo=2023&as_yhi=2023"
3,"M DOBOVIŠEK, C OTTOLENGHI, B ŠKERJANC…","Prve najdbe ciklamnega telovnikarja (Trithemis annulata (Palisot de Beauvois, 1807))(Odonata: Libellulidae) v Slovenski Istri",2023,"Acta entomologica …","pms-lj.si","https://www.pms-lj.si/app/uploads/2023/12/4-DOBOVISEK-2_2023.pdf","https://scholar.google.com/scholar?cites=7908592507062526055&as_sdt=2005&sciodt=0,5&hl=en",510,"2026-04-12 18:56:36","PDF","","",,,,,,3,1.00,1,4,3,"… The records of Violet Dropwing (Trithemis annulata) at Fiesa Lake and Lake Vanganelsko jezero in 2023 are the first for this dragonfly species for Slovenian Istria (SW Slovenia) and the …","https://www.pms-lj.si/app/uploads/2023/12/4-DOBOVISEK-2_2023.pdf","https://scholar.google.com/scholar?q=related:ZyDH0Pv2wG0J:scholar.google.com/&scioq=odonata%7Cdragonfly%7Cdragonflies%7Cdamselfly%7Cdamselflies&hl=en&as_sdt=0,5&as_ylo=2023&as_yhi=2023"
0,"Š PČOLA, J NUTIL, M VLASÁKOVÁ, J ŠTOFÍK","PRÍSPEVOK K POZNANIU VÁŽOK (INSECTA: ODONATA) SEVEROVÝCHODNÉHO SLOVENSKA",,"researchgate.net","","https://www.researchgate.net/profile/Jozef-Stofik/publication/367665365_PRISPEVOK_K_POZNANIU_VAZOK_INSECTA_ODONATA_SEVEROVYCHODNEHO_SLOVENSKA_Contribution_to_the_dragonflies_Insecta_Odonata_acquaitance_in_the_north-eastern_part_of_Slovakia/links/63da6c9964fc860638053d9f/PRISPEVOK-K-POZNANIU-VAZOK-INSECTA-ODONATA-SEVEROVYCHODNEHO-SLOVENSKA-Contribution-to-the-dragonflies-Insecta-Odonata-acquaitance-in-the-north-eastern-part-of-Slovakia.pdf","",652,"2026-04-12 18:56:36","PDF","","",,,,,,0,0.00,0,4,,"The article summarizes information on 49 species of dragonflies (70% of the known species in the Slovak Republic) found at 97 locations in north–eastern Slovakia, of which 24 species …","https://www.researchgate.net/profile/Jozef-Stofik/publication/367665365_PRISPEVOK_K_POZNANIU_VAZOK_INSECTA_ODONATA_SEVEROVYCHODNEHO_SLOVENSKA_Contribution_to_the_dragonflies_Insecta_Odonata_acquaitance_in_the_north-eastern_part_of_Slovakia/links/63da6c9964fc860638053d9f/PRISPEVOK-K-POZNANIU-VAZOK-INSECTA-ODONATA-SEVEROVYCHODNEHO-SLOVENSKA-Contribution-to-the-dragonflies-Insecta-Odonata-acquaitance-in-the-north-eastern-part-of-Slovakia.pdf","https://scholar.google.com/scholar?q=related:BgKNk_I2fT4J:scholar.google.com/&scioq=odonata%7Cdragonfly%7Cdragonflies%7Cdamselfly%7Cdamselflies&hl=en&as_sdt=0,5&as_ylo=2023&as_yhi=2023"
0,"D Soni, N Sharma, H Sharma","Quadratic Dragonfly Algorithm for Numerical Optimization and Travelling Salesman Problem",2023,"… on Data Science and Applications: ICDSA …","Springer","https://link.springer.com/chapter/10.1007/978-981-19-6631-6_12","",441,"2026-04-12 18:56:36","","10.1007/978-981-19-6631-6_12","",,,,,,0,0.00,0,3,3,"… Dragonfly algorithm (DA) is swarm optimisation technique which imitates the forging and swarming behaviour of dragonflies. … A quadratic dragonfly algorithm (QDA) is introduced to …","","https://scholar.google.com/scholar?q=related:dcHiP7xBW40J:scholar.google.com/&scioq=odonata%7Cdragonfly%7Cdragonflies%7Cdamselfly%7Cdamselflies&hl=en&as_sdt=0,5&as_ylo=2023&as_yhi=2023"
0,"L Silva","Qual o impacto de dados abertos para a produção científica sobre Odonata?",2023,"","repositorio.ufal.br","https://www.repositorio.ufal.br/handle/123456789/11295","",625,"2026-04-12 18:56:36","","","",,,,,,0,0.00,0,1,3,"… através da busca pela palavra-chave “Odonata”. O estudo comparou o efeito de dados e … específicas, como ocorreu neste estudo sobre Odonata. Isso pode ser devido ao escopo …","https://www.repositorio.ufal.br/bitstream/123456789/11295/1/Qual%20o%20impacto%20de%20dados%20abertos%20para%20a%20produ%C3%A7%C3%A3o%20cient%C3%ADfica%20sobre.pdf","https://scholar.google.com/scholar?q=related:A-emsZmqGGgJ:scholar.google.com/&scioq=odonata%7Cdragonfly%7Cdragonflies%7Cdamselfly%7Cdamselflies&hl=en&as_sdt=0,5&as_ylo=2023&as_yhi=2023"
3,"J Navaridas, JA Pascual","QVal: a novel routing algorithm for Dragonfly networks",2023,"… Data Science &Systems, Smart City …","ieeexplore.ieee.org","https://ieeexplore.ieee.org/abstract/document/10466955/","https://scholar.google.com/scholar?cites=1150531552477722625&as_sdt=2005&sciodt=0,5&hl=en",148,"2026-04-12 18:56:36","","","",,,,,,3,1.00,2,2,3,"Dragonfly is becoming one of the networks of choice for high-… In a Dragonfly topology, compute nodes are connected to … a new routing algorithms for dragonfly networks which leverages …","","https://scholar.google.com/scholar?q=related:AThQ6FmC9w8J:scholar.google.com/&scioq=odonata%7Cdragonfly%7Cdragonflies%7Cdamselfly%7Cdamselflies&hl=en&as_sdt=0,5&as_ylo=2023&as_yhi=2023"
0,"K Nagano, MK Hiraiwa, N Ishiwaka, Y Seko…","R code from Global warming intensifies the interference competition by a poleward-expanding invader on a native dragonfly species",2023,"(No Title)","cir.nii.ac.jp","https://cir.nii.ac.jp/crid/1881146592676755712","",577,"2026-04-12 18:56:36","","","",,,,,,0,0.00,0,5,3,"… on competitive interactions between two dragonfly species, the expanding Trithemis aurora from … Although the stand-alone effect of temperature on foraging intake of the native dragonfly …","","https://scholar.google.com/scholar?q=related:SrnUeWG_NeMJ:scholar.google.com/&scioq=odonata%7Cdragonfly%7Cdragonflies%7Cdamselfly%7Cdamselflies&hl=en&as_sdt=0,5&as_ylo=2023&as_yhi=2023"
1,"Y Hasebe, Y Nagano, T Yokoi","Rapid bluing and slow browning: reversible body color change according to ambient temperature in damselfly Indolestes peregrinus (Ris, 1916)",2023,"Entomological Science","Wiley Online Library","https://onlinelibrary.wiley.com/doi/abs/10.1111/ens.12537","https://scholar.google.com/scholar?cites=12406032748307654603&as_sdt=2005&sciodt=0,5&hl=en",339,"2026-04-12 18:56:36","","10.1111/ens.12537","",,,,,,1,0.33,0,3,3,"Variation in body color occurs in many animals, and its function differs by species. Some species use multiple colors to create different effects. Most dragonflies change their body color …","","https://scholar.google.com/scholar?q=related:y6e9-g0VK6wJ:scholar.google.com/&scioq=odonata%7Cdragonfly%7Cdragonflies%7Cdamselfly%7Cdamselflies&hl=en&as_sdt=0,5&as_ylo=2023&as_yhi=2023"
110,"H Zhou, Q Li, Z Zhang, X Wang, H Niu","Recent advances in superhydrophobic and antibacterial cellulose-based fibers and fabrics: bio-inspiration, strategies, and applications",2023,"Advanced Fiber Materials","Springer","https://link.springer.com/article/10.1007/s42765-023-00297-1","https://scholar.google.com/scholar?cites=1551708418027703177&as_sdt=2005&sciodt=0,5&hl=en",801,"2026-04-12 18:56:36","","10.1007/s42765-023-00297-1","",,,,,,110,36.67,22,5,3,"Cellulose-based fabrics are ubiquitous in our daily lives. They are the preferred choice for bedding materials, active sportswear, and next-to-skin apparels. However, the hydrophilic and …","https://pmc.ncbi.nlm.nih.gov/articles/PMC10201051/pdf/42765_2023_Article_297.pdf","https://scholar.google.com/scholar?q=related:iUuGu5XGiBUJ:scholar.google.com/&scioq=odonata%7Cdragonfly%7Cdragonflies%7Cdamselfly%7Cdamselflies&hl=en&as_sdt=0,5&as_ylo=2023&as_yhi=2023"
1,"A Lieckweg, V Hesse, C Mau-Hansen, E Lüers","Recherche der historischen Verbreitung von Coenagrion scitulum in Nordwestdeutschland (Odonata: Coenagrionidae).",2023,"Libellula","libellula.org","https://www.libellula.org/wp-content/uploads/2023/10/Libellula_41_3-4_Lieckweg_et_al.pdf","https://scholar.google.com/scholar?cites=2928112472729513112&as_sdt=2005&sciodt=0,5&hl=en",475,"2026-04-12 18:56:36","PDF","","",,,,,,1,0.33,0,4,3,"Historische Meldungen von Coenagrion scitulum (Rambur, 1842) für Nordwestdeutschland wurden in den letzten Jahrzehnten mehrfach überprüft. Verschiedene Angaben konnten …","https://www.libellula.org/wp-content/uploads/2023/10/Libellula_41_3-4_Lieckweg_et_al.pdf","https://scholar.google.com/scholar?q=related:mOxut8e-oigJ:scholar.google.com/&scioq=odonata%7Cdragonfly%7Cdragonflies%7Cdamselfly%7Cdamselflies&hl=en&as_sdt=0,5&as_ylo=2023&as_yhi=2023"
40,"T Mesaglio, CT Callaghan, F Samonte…","Recognition and completeness: two key metrics for judging the utility of citizen science data",2023,"Frontiers in Ecology …","Wiley Online Library","https://esajournals.onlinelibrary.wiley.com/doi/abs/10.1002/fee.2604","https://scholar.google.com/scholar?cites=3822220261980402429&as_sdt=2005&sciodt=0,5&hl=en",611,"2026-04-12 18:56:36","","10.1002/fee.2604","",,,,,,40,13.33,10,4,3,"… Dragonflies/damselflies and butterflies were the best‐recognized and most complete taxa, and therefore represent the best groups for researchers and managers intending to use …","https://esajournals.onlinelibrary.wiley.com/doi/pdfdirect/10.1002/fee.2604","https://scholar.google.com/scholar?q=related:_XKkyBNBCzUJ:scholar.google.com/&scioq=odonata%7Cdragonfly%7Cdragonflies%7Cdamselfly%7Cdamselflies&hl=en&as_sdt=0,5&as_ylo=2023&as_yhi=2023"
5,"OE Kosterin","Reconsideration of three Odonata taxa described by AN Bartenev from the same place in West Caucasus",2023,"Odonatologica","BioOne","https://bioone.org/journals/odonatologica/volume-52/issue-1-2/odon.v52i1-2.a7/Reconsideration-of-three-Odonata-taxa-described-by-AN-Bartenev-from/10.60024/odon.v52i1-2.a7.short","https://scholar.google.com/scholar?cites=65933614123857802&as_sdt=2005&sciodt=0,5&hl=en",136,"2026-04-12 18:56:36","","10.60024/odon.v52i1-2.a7.short","",,,,,,5,1.67,5,1,3,"… All world catalogues of Odonata mentioned these names with the correct year 1929. The International Code of Zoological Nomenclature (ICZN 1999: Art. 45.6.4) regards a name …","https://www.researchgate.net/profile/Oleg-Kosterin/publication/373149620_Reconsideration_of_three_Odonata_taxa_described_by_AN_Bartenev_from_the_same_place_in_West_Caucasus/links/66aa452b75fcd863e5ed0e2d/Reconsideration-of-three-Odonata-taxa-described-by-AN-Bartenev-from-the-same-place-in-West-Caucasus.pdf","https://scholar.google.com/scholar?q=related:ijec0EU-6gAJ:scholar.google.com/&scioq=odonata%7Cdragonfly%7Cdragonflies%7Cdamselfly%7Cdamselflies&hl=en&as_sdt=0,5&as_ylo=2023&as_yhi=2023"
0,"FS HU","Record of Tramea virginia (Rambur, 1842)(Odonata: Libellulidae) from the West Pacific Ocean",2023,"臺灣研蟲誌","researchgate.net","https://www.researchgate.net/profile/Fang-Shuo-Hu-2/publication/374191795_Record_of_Tramea_virginia_Rambur_1842_Odonata_Libellulidae_from_the_West_Pacific_Ocean/links/6512dbee2c6cfe2cc2102b36/Record-of-Tramea-virginia-Rambur-1842-Odonata-Libellulidae-from-the-West-Pacific-Ocean.pdf","",605,"2026-04-12 18:56:36","PDF","","",,,,,,0,0.00,0,1,3,"This paper provides a photo of a male Tramea virginia (Rambur, 1842) taken from the West Pacific Ocean, approximately 30 km east of the nearest land. This photo serves as a …","https://www.researchgate.net/profile/Fang-Shuo-Hu-2/publication/374191795_Record_of_Tramea_virginia_Rambur_1842_Odonata_Libellulidae_from_the_West_Pacific_Ocean/links/6512dbee2c6cfe2cc2102b36/Record-of-Tramea-virginia-Rambur-1842-Odonata-Libellulidae-from-the-West-Pacific-Ocean.pdf","https://scholar.google.com/scholar?q=related:63C31BfuckEJ:scholar.google.com/&scioq=odonata%7Cdragonfly%7Cdragonflies%7Cdamselfly%7Cdamselflies&hl=en&as_sdt=0,5&as_ylo=2023&as_yhi=2023"
5,"M Waldhauser, A Vierstraete, T Schneider","Records of little-known Odonata from south-western Saudi Arabia",2023,"Notulae odonatologicae","BioOne","https://bioone.org/journals/notulae-odonatologicae/volume-10/issue-1/nodo.v10i1.a3/Records-of-little-known-Odonata-from-south-western-Saudi-Arabia/10.5281/nodo.v10i1.a3.short","https://scholar.google.com/scholar?cites=16423347056870449768&as_sdt=2005&sciodt=0,5&hl=en",135,"2026-04-12 18:56:36","","10.5281/nodo.v10i1.a3.short","",,,,,,5,1.67,2,3,3,". During a short trip to south-western Saudi Arabia focusing on the Asir Mountains in November 2022, 27 species of Odonata were found. The occurrence of species known from Saudi …","https://www.researchgate.net/profile/Martin-Waldhauser-2/publication/373148784_Records_of_little-known_Odonata_from_south-western_Saudi_Arabia/links/6506c704014289269723fbbf/Records-of-little-known-Odonata-from-south-western-Saudi-Arabia.pdf","https://scholar.google.com/scholar?q=related:aGK4MyJz6-MJ:scholar.google.com/&scioq=odonata%7Cdragonfly%7Cdragonflies%7Cdamselfly%7Cdamselflies&hl=en&as_sdt=0,5&as_ylo=2023&as_yhi=2023"
2,"V Guerzon, NA Burias…","Records of Odonata in the Riparian System of Andanan Watershed Forest Reserve, Philippines",2023,"Journal of Ecosystem …","journals.carsu.edu.ph","https://journals.carsu.edu.ph/JESEG/article/view/65","https://scholar.google.com/scholar?cites=8257952233774868986&as_sdt=2005&sciodt=0,5&hl=en",235,"2026-04-12 18:56:36","","","",,,,,,2,0.67,1,3,3,"… The Odonata fauna is a good biological indicator of … a record inventory of both dragonflies and damselflies occurring in the … , comprising 58% dragonflies and 42% damselflies. Out of 19 …","","https://scholar.google.com/scholar?q=related:-mlL2s0jmnIJ:scholar.google.com/&scioq=odonata%7Cdragonfly%7Cdragonflies%7Cdamselfly%7Cdamselflies&hl=en&as_sdt=0,5&as_ylo=2023&as_yhi=2023"
2,"Y Wang, Y Li","Recursive dragonfly: a massive interconnection network with low hardware costs",2023,"2023 IEEE 14th International Symposium on …","ieeexplore.ieee.org","https://ieeexplore.ieee.org/abstract/document/10391640/","https://scholar.google.com/scholar?cites=9042117402910801360&as_sdt=2005&sciodt=0,5&hl=en",243,"2026-04-12 18:56:36","","","",,,,,,2,0.67,1,2,3,"The dragonfly topology has been widely … dragonfly system requires a large number of high-radix routers, resulting in high hardware costs. This paper introduces Recursive Dragonfly (…","","https://scholar.google.com/scholar?q=related:0D3g6d4NfH0J:scholar.google.com/&scioq=odonata%7Cdragonfly%7Cdragonflies%7Cdamselfly%7Cdamselflies&hl=en&as_sdt=0,5&as_ylo=2023&as_yhi=2023"
13,"GF Grether, J Beninde, E Beraut…","Reference genome for the American rubyspot damselfly, Hetaerina americana",2023,"Journal of …","academic.oup.com","https://academic.oup.com/jhered/article-abstract/114/4/385/7169151","https://scholar.google.com/scholar?cites=15556313544052241976&as_sdt=2005&sciodt=0,5&hl=en",36,"2026-04-12 18:56:36","","","",,,,,,13,4.33,3,4,3,"… Odonata … of Odonata genome evolution, and provides a genomic resource for a host of interesting ecological, evolutionary, and conservation questions for which the rubyspot damselfly …","https://academic.oup.com/jhered/article/114/4/385/7169151","https://scholar.google.com/scholar?q=related:OPbUV78g49cJ:scholar.google.com/&scioq=odonata%7Cdragonfly%7Cdragonflies%7Cdamselfly%7Cdamselflies&hl=en&as_sdt=0,5&as_ylo=2023&as_yhi=2023"
4,"TP Gouvêa, JAM Almeida…","Registro de libélulas (Odonata) predadas por aranhas (Araneae) na Mata Atlântica, no Sul do Brasil",2023,"Entomological …","entomologicalcommunications.org","https://www.entomologicalcommunications.org/index.php/entcom/article/view/343","https://scholar.google.com/scholar?cites=13727407198706110895&as_sdt=2005&sciodt=0,5&hl=en",156,"2026-04-12 18:56:36","","","",,,,,,4,1.33,1,3,3,"… In this sense, the present study aimed to report the predation of Odonata by Araneae in … Odonata preyed upon by three morphospecies of spiders were recorded. Predation of Odonata …","https://www.entomologicalcommunications.org/index.php/entcom/article/download/ec05025/191","https://scholar.google.com/scholar?q=related:r5EExh2Mgb4J:scholar.google.com/&scioq=odonata%7Cdragonfly%7Cdragonflies%7Cdamselfly%7Cdamselflies&hl=en&as_sdt=0,5&as_ylo=2023&as_yhi=2023"
14,"MP Moore, F Khan","Relatively large wings facilitate life at higher elevations among Nearctic dragonflies",2023,"Journal of Animal Ecology","Wiley Online Library","https://besjournals.onlinelibrary.wiley.com/doi/abs/10.1111/1365-2656.13946","https://scholar.google.com/scholar?cites=16720963272142324749&as_sdt=2005&sciodt=0,5&hl=en",37,"2026-04-12 18:56:36","","10.1111/1365-2656.13946","",,,,,,14,4.67,7,2,3,"… We first compiled interspecific data for Nearctic dragonflies. For morphological variables, we … environments are uneven among species of dragonflies and most other clades, our …","https://besjournals.onlinelibrary.wiley.com/doi/pdfdirect/10.1111/1365-2656.13946","https://scholar.google.com/scholar?q=related:DYRlKoHLDOgJ:scholar.google.com/&scioq=odonata%7Cdragonfly%7Cdragonflies%7Cdamselfly%7Cdamselflies&hl=en&as_sdt=0,5&as_ylo=2023&as_yhi=2023"
5,"Y Wang, J Fan, Y Han, Y Wang, B Cheng","Reliability evaluation of complete graph-based recursive networks",2023,"Theoretical Computer Science","Elsevier","https://www.sciencedirect.com/science/article/pii/S0304397523003286","https://scholar.google.com/scholar?cites=4277365086630477550&as_sdt=2005&sciodt=0,5&hl=en",659,"2026-04-12 18:56:36","","","",,,,,,5,1.67,1,5,3,"… , as well as the interconnection network dragonfly, etc. Then we … as generalized DCell networks and dragonfly networks), are … DCell networks, and dragonfly networks. In addition, it can …","","https://scholar.google.com/scholar?q=related:7n5EQ-JAXDsJ:scholar.google.com/&scioq=odonata%7Cdragonfly%7Cdragonflies%7Cdamselfly%7Cdamselflies&hl=en&as_sdt=0,5&as_ylo=2023&as_yhi=2023"
0,"S Wakita","Replication Data for: Modeling the formation of Selk impact crater on Titan: Implications for Dragonfly",2023,"Harvard Dataverse dataset","ui.adsabs.harvard.edu","https://ui.adsabs.harvard.edu/abs/2023harv.data...20W/abstract","",617,"2026-04-12 18:56:36","","","",,,,,,0,0.00,0,1,3,"Replication Data for: Modeling the formation of Selk impact crater on Titan: Implications for Dragonfly - ADS … Replication Data for: Modeling the formation of Selk impact crater on …","","https://scholar.google.com/scholar?q=related:S86tpNTBzHEJ:scholar.google.com/&scioq=odonata%7Cdragonfly%7Cdragonflies%7Cdamselfly%7Cdamselflies&hl=en&as_sdt=0,5&as_ylo=2023&as_yhi=2023"
0,"A Salaad","Representations of Indian Ocean Ecologies, Heritage and Kinship in Banaadiri Fishing Poems and Owuor's The Dragonfly Sea",2023,"Eastern African Literary and Cultural Studies","Taylor &Francis","https://www.tandfonline.com/doi/abs/10.1080/23277408.2022.2124901","",509,"2026-04-12 18:56:36","","10.1080/23277408.2022.2124901","",,,,,,0,0.00,0,1,3,"This article brings Yvonne Owuor’s 2019 novel The Dragonfly Sea into conversation with nine Banaadiri fishing poems called geeraarro, a form of classical Somali oral poetry in the …","","https://scholar.google.com/scholar?q=related:zN5qvAxrFZ0J:scholar.google.com/&scioq=odonata%7Cdragonfly%7Cdragonflies%7Cdamselfly%7Cdamselflies&hl=en&as_sdt=0,5&as_ylo=2023&as_yhi=2023"
0,"T Köster","Reproducibility Report for the Paper:“Workload Interference Prevention with Intelligent Routing and Flexible Job Placement on Dragonfly”",2023,"Proceedings of the 2023 ACM SIGSIM Conference on …","dl.acm.org","https://dl.acm.org/doi/abs/10.1145/3573900.3596136","",468,"2026-04-12 18:56:36","","10.1145/3573900.3596136","",,,,,,0,0.00,0,1,3,"… Reproducibility Report for the Paper: “Workload Interference Prevention with Intelligent Routing and Flexible Job Placement on Dragonfly”. In ACM SIGSIM Conference on Principles …","https://dl.acm.org/doi/pdf/10.1145/3573900.3596136","https://scholar.google.com/scholar?q=related:n6WhTBDcJ1AJ:scholar.google.com/&scioq=odonata%7Cdragonfly%7Cdragonflies%7Cdamselfly%7Cdamselflies&hl=en&as_sdt=0,5&as_ylo=2023&as_yhi=2023"
2,"AV Ballen-Guapacha, SM Ospina-Garces…","Reproductive character displacement explains strengthening of mechanical barriers in damselflies",2023,"bioRxiv","biorxiv.org","https://www.biorxiv.org/content/10.1101/2023.10.26.564279.abstract","https://scholar.google.com/scholar?cites=15693560302190780644&as_sdt=2005&sciodt=0,5&hl=en",204,"2026-04-12 18:56:36","","10.1101/2023.10.26.564279.abstract","",,,,,,2,0.67,1,3,3,"Reinforcing natural selection against maladaptive hybrids can favor the strengthening of premating reproductive isolation driving a pattern of Reproductive Character Displacement (…","https://www.biorxiv.org/content/10.1101/2023.10.26.564279.full.pdf","https://scholar.google.com/scholar?q=related:5OBAYfK5ytkJ:scholar.google.com/&scioq=odonata%7Cdragonfly%7Cdragonflies%7Cdamselfly%7Cdamselflies&hl=en&as_sdt=0,5&as_ylo=2023&as_yhi=2023"
1,"D Yao, Y Ma, J Li, L Gao, B Pan…","Research on Interactive Platform System of Power Load Interactive Management in Distribution Network under Smart Grid",2023,"2023 IEEE 5th …","ieeexplore.ieee.org","https://ieeexplore.ieee.org/abstract/document/10351634/","https://scholar.google.com/scholar?cites=18345977545628173761&as_sdt=2005&sciodt=0,5&hl=en",874,"2026-04-12 18:56:36","","","",,,,,,1,0.33,0,6,3,"… Dragonfly algorithm is a new optimal method developed in recent years, which takes insect foraging and … dragonfly. M is the number of dragonflies in the vicinity of the i dragonfly. j …","","https://scholar.google.com/scholar?q=related:wcV1aGABmv4J:scholar.google.com/&scioq=odonata%7Cdragonfly%7Cdragonflies%7Cdamselfly%7Cdamselflies&hl=en&as_sdt=0,5&as_ylo=2023&as_yhi=2023"
4,"F Yang, Y Cao, X Zhang","Research on vehicle routing problem based on improved dragonfly algorithm",2023,"2023 China Automation Congress …","ieeexplore.ieee.org","https://ieeexplore.ieee.org/abstract/document/10451792/","https://scholar.google.com/scholar?cites=11266906807974728204&as_sdt=2005&sciodt=0,5&hl=en",261,"2026-04-12 18:56:36","","","",,,,,,4,1.33,1,3,3,"… of the dragonfly are improved and realized by integrating method of random learning optimization… 1) Current dragonfly individual finds dragonfly with the best position in the dragonfly …","","https://scholar.google.com/scholar?q=related:DJLDFgwYXJwJ:scholar.google.com/&scioq=odonata%7Cdragonfly%7Cdragonflies%7Cdamselfly%7Cdamselflies&hl=en&as_sdt=0,5&as_ylo=2023&as_yhi=2023"
4,"SA Ramsanjay, S Sumathi","RETRACTED: An efficient image defogging algorithm based on dragonfly optimized gamma correction and stationary wavelet decomposition",2023,"Journal of Intelligent &Fuzzy …","journals.sagepub.com","https://journals.sagepub.com/doi/abs/10.3233/JIFS-221179","https://scholar.google.com/scholar?cites=8540686036747712408&as_sdt=2005&sciodt=0,5&hl=en",333,"2026-04-12 18:56:36","","10.3233/JIFS-221179","",,,,,,4,1.33,2,2,3,"Image dehazing is a revolutionary technique for restoring images with hazy or foggy landscapes, that has gotten a lot of focus in recent years since it gained importance in a surveillance …","","https://scholar.google.com/scholar?q=related:mHd8LrOchnYJ:scholar.google.com/&scioq=odonata%7Cdragonfly%7Cdragonflies%7Cdamselfly%7Cdamselflies&hl=en&as_sdt=0,5&as_ylo=2023&as_yhi=2023"
0,"C Saravanan, P Anbalagan","Retraction Note to: Multi objective dragonfly algorithm for congestion management in deregulated power systems",2023,"","Springer","https://link.springer.com/article/10.1007/s12652-022-04282-1","",614,"2026-04-12 18:56:36","","10.1007/s12652-022-04282-1","",,,,,,0,0.00,0,2,3,"Retraction Note to: Multi objective dragonfly algorithm for congestion management in deregulated power systems | Journal of Ambient Intelligence and Humanized Computing …","","https://scholar.google.com/scholar?q=related:Wi2-J4joJcgJ:scholar.google.com/&scioq=odonata%7Cdragonfly%7Cdragonflies%7Cdamselfly%7Cdamselflies&hl=en&as_sdt=0,5&as_ylo=2023&as_yhi=2023"
1,"J Kim, WJ Dally, S Scott, D Abts","RETROSPECTIVE: Technology-Driven, Highly-Scalable Dragonfly Topology",2023,"ISCA@ 50 25-Year …","sites.coecis.cornell.edu","https://sites.coecis.cornell.edu/isca50retrospective/files/2023/06/Kim_2008_Technology.pdf","https://scholar.google.com/scholar?cites=5698238953524113064&as_sdt=2005&sciodt=0,5&hl=en",292,"2026-04-12 18:56:36","PDF","","",,,,,,1,0.33,0,4,3,"This paper was published at ISCA 2008 and proposed the Dragonfly topology for large-scale systems. With exponentially increasing pin bandwidth, it was demonstrated during the early …","https://sites.coecis.cornell.edu/isca50retrospective/files/2023/06/Kim_2008_Technology.pdf","https://scholar.google.com/scholar?q=related:qC4ZPiM2FE8J:scholar.google.com/&scioq=odonata%7Cdragonfly%7Cdragonflies%7Cdamselfly%7Cdamselflies&hl=en&as_sdt=0,5&as_ylo=2023&as_yhi=2023"
0,"P Qi, A Nel, C Xiao, D Zheng","Revision of Sinomesuropetala daohugensis Boudet, Nel &Huang, 2023 (Odonata: Aeshnoptera: Mesuropetalidae).",2023,"Zootaxa","europepmc.org","https://europepmc.org/article/med/38220833","",569,"2026-04-12 18:56:36","","","",,,,,,0,0.00,0,4,3,"… new well-preserved dragonfly from the Haifanggou Formation … The mesuropetalid dragonflies are currently recorded from … of some basal aeshnopteran dragonflies during these epochs. …","","https://scholar.google.com/scholar?q=related:NwXgLvqnkU8J:scholar.google.com/&scioq=odonata%7Cdragonfly%7Cdragonflies%7Cdamselfly%7Cdamselflies&hl=en&as_sdt=0,5&as_ylo=2023&as_yhi=2023"
4,"Y Zhong, AK Inoue, Y Sugahara…","Revisiting the Dragonfly galaxy – I. High-resolution ALMA and VLA observations of the radio hotspots in a hyper-luminous infrared galaxy at z = 1.92",2023,"Monthly Notices of …","academic.oup.com","https://academic.oup.com/mnras/article-abstract/522/4/6123/7165782","https://scholar.google.com/scholar?cites=6976126365137240368&as_sdt=2005&sciodt=0,5&hl=en",208,"2026-04-12 18:56:36","","","",,,,,,4,1.33,1,4,3,"Radio-loud active galactic nuclei (RLAGNs) are rare among AGN populations. Lacking high-resolution and high-frequency observations, their structure and evolution stages are not well …","https://academic.oup.com/mnras/article/522/4/6123/7165782","https://scholar.google.com/scholar?q=related:MAE-zvct0GAJ:scholar.google.com/&scioq=odonata%7Cdragonfly%7Cdragonflies%7Cdamselfly%7Cdamselflies&hl=en&as_sdt=0,5&as_ylo=2023&as_yhi=2023"
0,"AMB Andrade","Riqueza, abundância e diversidade de ninfas de odonata no riacho poço da laje–Canãa–Triunfo-Pernambuco",2023,"","repositorio.ifpb.edu.br","https://repositorio.ifpb.edu.br/handle/177683/3189","",620,"2026-04-12 18:56:36","","","",,,,,,0,0.00,0,1,3,"… and diversity of dragonfly nymphs (Order Odonata) in a stream … Odonata samples were collected with D net in seven wells … In this contect, the total richness of Odonata genera was 5, the …","https://repositorio.ifpb.edu.br/bitstream/177683/3189/1/Alane%20Mayana%20Bezerra%20de%20Andrade.pdf","https://scholar.google.com/scholar?q=related:D9PhgPpvUFMJ:scholar.google.com/&scioq=odonata%7Cdragonfly%7Cdragonflies%7Cdamselfly%7Cdamselflies&hl=en&as_sdt=0,5&as_ylo=2023&as_yhi=2023"
0,"EH Haglund","Rising Temperatures and the Damselfly Shrinkage",2023,"","diva-portal.org","https://www.diva-portal.org/smash/record.jsf?pid=diva2:1765197","",593,"2026-04-12 18:56:36","","","",,,,,,0,0.00,0,1,3,"… This study involves the damselfly Enallagma exsulans and field studies at lake Fayetteville, United States. By measuring body length, temperature, copulatory status, and egg counts, I …","https://www.diva-portal.org/smash/get/diva2:1765197/FULLTEXT01.pdf","https://scholar.google.com/scholar?q=related:4YAwX6SkClkJ:scholar.google.com/&scioq=odonata%7Cdragonfly%7Cdragonflies%7Cdamselfly%7Cdamselflies&hl=en&as_sdt=0,5&as_ylo=2023&as_yhi=2023"
5,"N Bryon","Rocket Says Look Up!",2023,"","books.google.com","https://books.google.com/books?hl=en&lr=&id=nouZEAAAQBAJ&oi=fnd&pg=PT7&dq=odonata%7Cdragonfly%7Cdragonflies%7Cdamselfly%7Cdamselflies&ots=bQ70hAlwXi&sig=m-nxrCLGCXWpiqTMBi5Bum1geig","https://scholar.google.com/scholar?cites=3707361115842434799&as_sdt=2005&sciodt=0,5&hl=en",622,"2026-04-12 18:56:36","BOOK","","",,,,,,5,1.67,5,1,3,"… Published in the United States by Dragonfly Books, an imprint of Random House Children's … Dragonfly Books and colophon are registered trademarks of Penguin Random House LLC. …","","https://scholar.google.com/scholar?q=related:71bi20oxczMJ:scholar.google.com/&scioq=odonata%7Cdragonfly%7Cdragonflies%7Cdamselfly%7Cdamselflies&hl=en&as_sdt=0,5&as_ylo=2023&as_yhi=2023"
0,"R Sharma","Role of anthropogenic disturbance on odonate diversity and community composition in the Myristica Swamps of the Western Ghats, India",2023,"","archives.atree.org","http://archives.atree.org/id/eprint/264/","",899,"2026-04-12 18:56:36","","","",,,,,,0,0.00,0,1,3,"… Odonata communities and that Zygoptera and Anisoptera need to be looked at separately. Overall, this study gives a brief understanding of Odonata … between Odonata and human …","","https://scholar.google.com/scholar?q=related:7KdSoqudVo4J:scholar.google.com/&scioq=odonata%7Cdragonfly%7Cdragonflies%7Cdamselfly%7Cdamselflies&hl=en&as_sdt=0,5&as_ylo=2023&as_yhi=2023"
6,"C Zucker","Rotorcraft Lander Fixed to a Descending Capsule Backshell",2023,"","stars.library.ucf.edu","https://stars.library.ucf.edu/etd2020/1708/","https://scholar.google.com/scholar?cites=11005960556633600932&as_sdt=2005&sciodt=0,5&hl=en",686,"2026-04-12 18:56:36","","","",,,,,,6,2.00,6,1,3,"… I would like to thank NASA and Johns Hopkin’s Applied Physics Laboratory (APL) for the opportunity to help progress Dragonfly EDL and the overall Dragonfly mission. I would also like …","https://stars.library.ucf.edu/cgi/viewcontent.cgi?article=2707&context=etd2020","https://scholar.google.com/scholar?q=related:pDMbbtAGvZgJ:scholar.google.com/&scioq=odonata%7Cdragonfly%7Cdragonflies%7Cdamselfly%7Cdamselflies&hl=en&as_sdt=0,5&as_ylo=2023&as_yhi=2023"
0,"IA Cooper","RUI: Conflicting selection pressures within mate choice of Jewelwing damselflies",2023,"NSF Award Number 2242987. Directorate for …","ui.adsabs.harvard.edu","https://ui.adsabs.harvard.edu/abs/2023nsf....2242987C/abstract","",503,"2026-04-12 18:56:36","","","",,,,,,0,0.00,0,1,3,"… This project will examine selection on damselfly wing … involving two Jewelwing damselfly species, Calopteryx … success in nature by marking damselflies with flourescent powder that …","","https://scholar.google.com/scholar?q=related:_hR2olYNT7oJ:scholar.google.com/&scioq=odonata%7Cdragonfly%7Cdragonflies%7Cdamselfly%7Cdamselflies&hl=en&as_sdt=0,5&as_ylo=2023&as_yhi=2023"
0,"S Bhateja, H Swami","Sachin (2023) Potential of Edible Aquatic Insects as Future Food",2023,"Chronicle of Aquatic Science","chronicleofaquaticscience.in","https://chronicleofaquaticscience.in/public/temp/2073/be225c9695c774b200ec301843884807.pdf","",834,"2026-04-12 18:56:36","PDF","","",,,,,,0,0.00,0,2,3,"… ) or during only specific life stages (the larval Odonata, Ephemeroptera, Trichoptera etc.). … The adult dragonflies can be trapped using the sticky sap or using a candle suspended over …","https://chronicleofaquaticscience.in/public/temp/2073/be225c9695c774b200ec301843884807.pdf","https://scholar.google.com/scholar?q=related:uKJl0GAtLAIJ:scholar.google.com/&scioq=odonata%7Cdragonfly%7Cdragonflies%7Cdamselfly%7Cdamselflies&hl=en&as_sdt=0,5&as_ylo=2023&as_yhi=2023"
0,"FH Fahim","Sakuga Animation in Harmony",2023,"","mavmatrix.uta.edu","https://mavmatrix.uta.edu/honors_spring2023/2/","",702,"2026-04-12 18:56:36","","","",,,,,,0,0.00,0,1,3,"… This project attempts to create a short sakuga animation of a dragonfly using Harmony. The dragonfly’s trajectory is initially mapped out in the software, followed by sketches of the key …","https://mavmatrix.uta.edu/cgi/viewcontent.cgi?article=1048&context=honors_spring2023","https://scholar.google.com/scholar?q=related:G-Cs7M5rKsUJ:scholar.google.com/&scioq=odonata%7Cdragonfly%7Cdragonflies%7Cdamselfly%7Cdamselflies&hl=en&as_sdt=0,5&as_ylo=2023&as_yhi=2023"
2,"N Sadasivan, J Pulikkal","Samuel (2023): Taxonomic notes on Davidioides marfini Fraser, 1924 (Odonata: Gomphidae) and description of its female from Western Ghats, Peninsular India",2023,"Internafional Journal of Odonatology","academia.edu","https://www.academia.edu/download/117366702/tijo20.v026.a14_Sadasivan_et_al1.pdf","https://scholar.google.com/scholar?cites=3250204088529238240&as_sdt=2005&sciodt=0,5&hl=en",389,"2026-04-12 18:56:36","PDF","","",,,,,,2,0.67,1,2,3,"A note on the rare dragonfly Davidioides marfini Fraser, 1924, is provided with an update of its distribution range, status, ecology, and the description of its so far unknown female. This …","https://www.academia.edu/download/117366702/tijo20.v026.a14_Sadasivan_et_al1.pdf","https://scholar.google.com/scholar?q=related:4LhO8GULGy0J:scholar.google.com/&scioq=odonata%7Cdragonfly%7Cdragonflies%7Cdamselfly%7Cdamselflies&hl=en&as_sdt=0,5&as_ylo=2023&as_yhi=2023"
2,"H Yan, F Sun, Y Zhang","Scientific and technical analysis of lead-barium glaze dragonfly eye beads from the Late Warring States period in China",2023,"Heritage Science","nature.com","https://www.nature.com/articles/s40494-023-01032-0","https://scholar.google.com/scholar?cites=1755376097233597064&as_sdt=2005&sciodt=0,5&hl=en",296,"2026-04-12 18:56:36","HTML","","",,,,,,2,0.67,1,3,3,"… Dragonfly eye beads are a type of bead imitating the structure of a dragonfly’s compound eye … Many different shapes of dragonfly eye beads have been excavated from various sites in …","https://www.nature.com/articles/s40494-023-01032-0","https://scholar.google.com/scholar?q=related:iPLRkkJZXBgJ:scholar.google.com/&scioq=odonata%7Cdragonfly%7Cdragonflies%7Cdamselfly%7Cdamselflies&hl=en&as_sdt=0,5&as_ylo=2023&as_yhi=2023"
15,"R Novella-Fernandez, R Brandl, S Pinkert…","Seasonal variation in dragonfly assemblage colouration suggests a link between thermal melanism and phenology",2023,"Nature …","nature.com","https://www.nature.com/articles/s41467-023-44106-0","https://scholar.google.com/scholar?cites=3935973566262820403&as_sdt=2005&sciodt=0,5&hl=en",67,"2026-04-12 18:56:36","HTML","","",,,,,,15,5.00,4,4,3,"… We use Odonata (suborders dragonflies and damselflies) as … the larger-bodied dragonflies require thoracic temperatures … assemblages of dragonflies and damselflies, respectively, …","https://www.nature.com/articles/s41467-023-44106-0","https://scholar.google.com/scholar?q=related:Mz5s1hpjnzYJ:scholar.google.com/&scioq=odonata%7Cdragonfly%7Cdragonflies%7Cdamselfly%7Cdamselflies&hl=en&as_sdt=0,5&as_ylo=2023&as_yhi=2023"
2,"JB Aghade, SA Saraf","Seasonal variation of odonate diversity in Harsul and Salim Ali Lake, Aurangabad, Maharashtra, India",2023,"Acta Entomology and Zoology","","","https://scholar.google.com/scholar?cites=10716972463691363878&as_sdt=2005&sciodt=0,5&hl=en",689,"2026-04-12 18:56:36","CITATION","","",,,,,,2,0.67,1,2,3,"","","https://scholar.google.com/scholar?q=related:Jnb3vaxVupQJ:scholar.google.com/&scioq=odonata%7Cdragonfly%7Cdragonflies%7Cdamselfly%7Cdamselflies&hl=en&as_sdt=0,5&as_ylo=2023&as_yhi=2023"
14,"V Moulay, C Freissinet, M Rizk-Bigourd, A Buch…","Selection and analytical performances of the dragonfly mass spectrometer gas chromatographic columns to support the search for organic molecules of …",2023,"…","journals.sagepub.com","https://journals.sagepub.com/doi/abs/10.1089/ast.2022.0038","https://scholar.google.com/scholar?cites=17044907482087700787&as_sdt=2005&sciodt=0,5&hl=en",104,"2026-04-12 18:56:36","","10.1089/ast.2022.0038","",,,,,,14,4.67,3,5,3,"… mission arrived in the saturnian system, Dragonfly rotorcraft will land on Titan's surface by … Among the four instruments onboard Dragonfly, the Dragonfly Mass Spectrometer (DraMS) …","https://drive.google.com/file/d/1bN-uo34XHxW4-Z9KMPu9naz1EvrM_e_S/view","https://scholar.google.com/scholar?q=related:Mzk8Ewyti-wJ:scholar.google.com/&scioq=odonata%7Cdragonfly%7Cdragonflies%7Cdamselfly%7Cdamselflies&hl=en&as_sdt=0,5&as_ylo=2023&as_yhi=2023"
6,"SM Al Khatib, K Alkharabsheh, S Alawadi","Selection of human evaluators for design smell detection using dragonfly optimization algorithm: An empirical study",2023,"Information and Software …","Elsevier","https://www.sciencedirect.com/science/article/pii/S0950584922002294","https://scholar.google.com/scholar?cites=14186509191691639369&as_sdt=2005&sciodt=0,5&hl=en",166,"2026-04-12 18:56:36","HTML","","",,,,,,6,2.00,2,3,3,"Context: Design smell detection is considered an efficient activity that decreases maintainability expenses and improves software quality. Human context plays an essential role in this …","https://www.sciencedirect.com/science/article/pii/S0950584922002294","https://scholar.google.com/scholar?q=related:SRqYTfKa4MQJ:scholar.google.com/&scioq=odonata%7Cdragonfly%7Cdragonflies%7Cdamselfly%7Cdamselflies&hl=en&as_sdt=0,5&as_ylo=2023&as_yhi=2023"
0,"FS Chance","Sensorimotor Transformations in Neural and Neuromorphic Systems",2023,"","osti.gov","https://www.osti.gov/servlets/purl/2431956","",988,"2026-04-12 18:56:36","","","",,,,,,0,0.00,0,1,3,"… Building a model dragonfly … Model dragonfly turns to keep prey’s image at eye’s center … Can the dragonfly sensorimotor transformation mechanism be used to inspire novel …","","https://scholar.google.com/scholar?q=related:IKI_c6b7oK4J:scholar.google.com/&scioq=odonata%7Cdragonfly%7Cdragonflies%7Cdamselfly%7Cdamselflies&hl=en&as_sdt=0,5&as_ylo=2023&as_yhi=2023"
9,"A Rivas-Torres, V Di Pietro, A Cordero-Rivera","Sex wars: a female genital spine forces male damselflies to shorten copulation duration",2023,"Evolution","academic.oup.com","https://academic.oup.com/evolut/article-abstract/77/7/1659/7142852","https://scholar.google.com/scholar?cites=964383144769028624&as_sdt=2005&sciodt=0,5&hl=en",89,"2026-04-12 18:56:36","","","",,,,,,9,3.00,3,3,3,"In some species, males use weapons to harm females, increasing their short-term fitness. Here we show that females can use genital adaptations against males. Females of the …","https://academic.oup.com/evolut/article/77/7/1659/7142852","https://scholar.google.com/scholar?q=related:EAJVU1wtYg0J:scholar.google.com/&scioq=odonata%7Cdragonfly%7Cdragonflies%7Cdamselfly%7Cdamselflies&hl=en&as_sdt=0,5&as_ylo=2023&as_yhi=2023"
0,"VA Albertina, I Torino","Sex wars: a female genital spine forces male damselflies to shorten copulation duration",2023,"","academia.edu","https://www.academia.edu/download/101860331/qpad073.pdf","",480,"2026-04-12 18:56:36","PDF","","",,,,,,0,0.00,0,2,3,"In some species males use weapons to harm females, increasing their short-term fitness. Here we show that females can use genital adaptations against males. Females of the …","https://www.academia.edu/download/101860331/qpad073.pdf","https://scholar.google.com/scholar?q=related:HZPjRVGPD08J:scholar.google.com/&scioq=odonata%7Cdragonfly%7Cdragonflies%7Cdamselfly%7Cdamselflies&hl=en&as_sdt=0,5&as_ylo=2023&as_yhi=2023"
9,"A Cordero‐Rivera, A Rivas‐Torres…","Sexual conflict and the evolution of monandry: The case of the damselfly Ischnura hastata (Odonata: Coenagrionidae) in the Galápagos Islands",2023,"Ecological …","Wiley Online Library","https://resjournals.onlinelibrary.wiley.com/doi/abs/10.1111/een.13225","https://scholar.google.com/scholar?cites=16893713157050108357&as_sdt=2005&sciodt=0,5&hl=en",41,"2026-04-12 18:56:36","","10.1111/een.13225","",,,,,,9,3.00,3,3,3,"… Here we study adult activity and mating behaviour of a population of the damselfly Ischnura hastata, a species rarely seen mating, and which has been suggested to be monandric, in …","https://resjournals.onlinelibrary.wiley.com/doi/pdfdirect/10.1111/een.13225","https://scholar.google.com/scholar?q=related:xYlQD5yGcuoJ:scholar.google.com/&scioq=odonata%7Cdragonfly%7Cdragonflies%7Cdamselfly%7Cdamselflies&hl=en&as_sdt=0,5&as_ylo=2023&as_yhi=2023"
0,"I Cooper","Sexual dimorphism beyond sexual selection: evolution of body and wing color in two damselfly systems",2023,"INTEGRATIVE AND COMPARATIVE …","… DEPT, 2001 EVANS RD, CARY, NC …","","",885,"2026-04-12 18:56:36","CITATION","","",,,,,,0,0.00,0,1,3,"","","https://scholar.google.com/scholar?q=related:-ErhKBi674gJ:scholar.google.com/&scioq=odonata%7Cdragonfly%7Cdragonflies%7Cdamselfly%7Cdamselflies&hl=en&as_sdt=0,5&as_ylo=2023&as_yhi=2023"
0,"B Padilla-Morales, K Davis, C Barnes, AC Muñoz…","Sexual dimorphism in wing pigmentation promotes rapid species diversification in Zygoptera but not Anisoptera",2023,"Authorea …","authorea.com","https://www.authorea.com/doi/full/10.22541/au.166134985.56454193","",670,"2026-04-12 18:56:36","","10.22541/au.166134985.56454193","",,,,,,0,0.00,0,5,3,"… on species net diversification rates across Odonata. In order to do this, we created one of the most complete and inclusive supertrees of Odonata assembled, comprising 1,239 of the …","https://www.authorea.com/doi/pdf/10.22541/au.166134985.56454193","https://scholar.google.com/scholar?q=related:_REKgdvNIaAJ:scholar.google.com/&scioq=odonata%7Cdragonfly%7Cdragonflies%7Cdamselfly%7Cdamselflies&hl=en&as_sdt=0,5&as_ylo=2023&as_yhi=2023"
1,"MN Newaz, H Ming, S Ghosh, J Suetterlein, NR Tallent","Simulating Application Agnostic Process Assignment for Graph Workloads on Dragonfly and Fat Tree topologies",,"sc23.supercomputing.org","","https://sc23.supercomputing.org/proceedings/tech_poster/poster_files/rpost170s3-file3.pdf","https://scholar.google.com/scholar?cites=17896811160351412465&as_sdt=2005&sciodt=0,5&hl=en",397,"2026-04-12 18:56:36","PDF","","",,,,,,1,0.00,0,5,,"Distributed-memory graph applications are dominated by communication and synchronization overheads. For such applications, the communication pattern comprises of variable-sized …","https://sc23.supercomputing.org/proceedings/tech_poster/poster_files/rpost170s3-file3.pdf","https://scholar.google.com/scholar?q=related:8RD-0O0-XvgJ:scholar.google.com/&scioq=odonata%7Cdragonfly%7Cdragonflies%7Cdamselfly%7Cdamselflies&hl=en&as_sdt=0,5&as_ylo=2023&as_yhi=2023"
0,"TE Vogt, OE Kosterin, J Colby","Single syntypes of Somatochlora exuberata Bartenev, 1910 (Odonata: Corduliidae), discovered in both the Milwaukee Public Museum and the University of Michigan …",2023,"Zootaxa","biotaxa.org","https://www.biotaxa.org/Zootaxa/article/view/zootaxa.5380.6.5","",540,"2026-04-12 18:56:36","","","",,,,,,0,0.00,0,3,3,"… While studying Odonata specimens at MPM, the first author examined two Riker mounts, filled with cotton, containing several specimens of Somatochlora spp. collected by AN Bartenev. …","https://www.biotaxa.org/Zootaxa/article/view/zootaxa.5380.6.5/79472","https://scholar.google.com/scholar?q=related:6OtkPkWJ0qMJ:scholar.google.com/&scioq=odonata%7Cdragonfly%7Cdragonflies%7Cdamselfly%7Cdamselflies&hl=en&as_sdt=0,5&as_ylo=2023&as_yhi=2023"
0,"C Monnerat","Situation actuelle de Leucorrhinia albifrons (Burmeister, 1839) en Suisse (Odonata: Libellulidae)",,"researchgate.net","","https://www.researchgate.net/profile/Christian-Monnerat-2/publication/372275108_Situation_actuelle_de_Leucorrhinia_albifrons_Burmeister_1839_en_Suisse_Odonata_Libellulidae/links/64ad54d995bbbe0c6e2caad5/Situation-actuelle-de-Leucorrhinia-albifrons-Burmeister-1839-en-Suisse-Odonata-Libellulidae.pdf","",756,"2026-04-12 18:56:36","PDF","","",,,,,,0,0.00,0,1,,"… The absence of anti-predator behaviour in the larvae of Leucorrhinia dubia (Odonata) and … Rétablissement des communautés de libellules (Odonata) dans les tourbières du Jura …","https://www.researchgate.net/profile/Christian-Monnerat-2/publication/372275108_Situation_actuelle_de_Leucorrhinia_albifrons_Burmeister_1839_en_Suisse_Odonata_Libellulidae/links/64ad54d995bbbe0c6e2caad5/Situation-actuelle-de-Leucorrhinia-albifrons-Burmeister-1839-en-Suisse-Odonata-Libellulidae.pdf","https://scholar.google.com/scholar?q=related:dDffrFeZxmEJ:scholar.google.com/&scioq=odonata%7Cdragonfly%7Cdragonflies%7Cdamselfly%7Cdamselflies&hl=en&as_sdt=0,5&as_ylo=2023&as_yhi=2023"
4,"AM Kheel, NK Al-Shamaa…","Sliding mode controller enchancement for speed control of BLDC motor based on dragonfly algoritm",2023,"… Technology in Electrical …","ieeexplore.ieee.org","https://ieeexplore.ieee.org/abstract/document/10366754/","https://scholar.google.com/scholar?cites=7748973765925996797&as_sdt=2005&sciodt=0,5&hl=en",165,"2026-04-12 18:56:36","","","",,,,,,4,1.33,1,3,3,"… To successfully control the speed of BLDC motors, this study employs the Dragonfly … This demonstrates the Dragonfly Algorithm's promise as a powerful instrument for boosting …","","https://scholar.google.com/scholar?q=related:_QjXk5XiiWsJ:scholar.google.com/&scioq=odonata%7Cdragonfly%7Cdragonflies%7Cdamselfly%7Cdamselflies&hl=en&as_sdt=0,5&as_ylo=2023&as_yhi=2023"
5,"D Viswanathan, S Kumari, P Navaneetham","Soft C-means multi objective metaheuristic dragonfly optimization for cluster head selection in WSN",2023,"International Journal of Intelligent …","","","https://scholar.google.com/scholar?cites=2677882926910715045&as_sdt=2005&sciodt=0,5&hl=en",844,"2026-04-12 18:56:36","CITATION","","",,,,,,5,1.67,2,3,3,"","","https://scholar.google.com/scholar?q=related:pbSYgFXAKSUJ:scholar.google.com/&scioq=odonata%7Cdragonfly%7Cdragonflies%7Cdamselfly%7Cdamselflies&hl=en&as_sdt=0,5&as_ylo=2023&as_yhi=2023"
13,"D Duanmu, X Li, W Huang, Y Hu","Soft finger rehabilitation exoskeleton of biomimetic dragonfly abdominal ventral muscles: Center tendon pneumatic bellows actuator",2023,"Biomimetics","mdpi.com","https://www.mdpi.com/2313-7673/8/8/614","https://scholar.google.com/scholar?cites=9946066329926820532&as_sdt=2005&sciodt=0,5&hl=en",102,"2026-04-12 18:56:36","HTML","","",,,,,,13,4.33,3,4,3,"… -shaped muscles within the dragonfly abdomen, facilitating … abdominal segments of the dragonfly, resembling structures … observed in arthropods like dragonflies, we have designed a …","https://www.mdpi.com/2313-7673/8/8/614","https://scholar.google.com/scholar?q=related:tOLCa6GGB4oJ:scholar.google.com/&scioq=odonata%7Cdragonfly%7Cdragonflies%7Cdamselfly%7Cdamselflies&hl=en&as_sdt=0,5&as_ylo=2023&as_yhi=2023"
9,"F Mousavipour, MR Mosavi","Sonar data classification using neural network trained by hybrid dragonfly and chimp optimization algorithms",2023,"Wireless Personal Communications","Springer","https://link.springer.com/article/10.1007/s11277-022-10092-7","https://scholar.google.com/scholar?cites=11200330869208822397&as_sdt=2005&sciodt=0,5&hl=en",105,"2026-04-12 18:56:36","","10.1007/s11277-022-10092-7","",,,,,,9,3.00,5,2,3,"This paper proposes a hybrid Dragonfly Algorithm (DA) for training Multi-Layer Perceptron Neural Network (MLP NN) to design the classifier for solving complicated problems and …","https://assets-eu.researchsquare.com/files/rs-1673592/v2_covered.pdf","https://scholar.google.com/scholar?q=related:fbIIapWRb5sJ:scholar.google.com/&scioq=odonata%7Cdragonfly%7Cdragonflies%7Cdamselfly%7Cdamselflies&hl=en&as_sdt=0,5&as_ylo=2023&as_yhi=2023"
5,"JM Fabian, DC O'Carrol, SD Wiederman","Sparse spike trains and the limitation of rate codes underlying rapid behaviours",2023,"Biology letters","royalsocietypublishing.org","https://royalsocietypublishing.org/rsbl/article/19/5/20230099/63303","https://scholar.google.com/scholar?cites=11201553950305822541&as_sdt=2005&sciodt=0,5&hl=en",816,"2026-04-12 18:56:36","HTML","","",,,,,,5,1.67,2,3,3,"… In this paper, we use recordings from the dragonfly visual system to evaluate the limitations of implementing an effective rate code in the target detection pathway. We highlight …","https://royalsocietypublishing.org/rsbl/article/19/5/20230099/63303","https://scholar.google.com/scholar?q=related:TSdaLPjpc5sJ:scholar.google.com/&scioq=odonata%7Cdragonfly%7Cdragonflies%7Cdamselfly%7Cdamselflies&hl=en&as_sdt=0,5&as_ylo=2023&as_yhi=2023"
0,"A Glad, F Mallard","Spatial Distribution Modeling of Odonata in the New Aquitaine Region (France): A Tool to Target Refuge Areas Under Climate Change",2023,"Climate Change Strategies: Handling the Challenges …","Springer","https://link.springer.com/chapter/10.1007/978-3-031-28728-2_26","",375,"2026-04-12 18:56:36","","10.1007/978-3-031-28728-2_26","",,,,,,0,0.00,0,2,3,"… Odonata (dragonflies and damselflies) are good indicators of … region, France) on 59 odonata species distribution using species … to evaluate changes in odonata diversity across the study …","","https://scholar.google.com/scholar?q=related:nzl_ffDsUCUJ:scholar.google.com/&scioq=odonata%7Cdragonfly%7Cdragonflies%7Cdamselfly%7Cdamselflies&hl=en&as_sdt=0,5&as_ylo=2023&as_yhi=2023"
3,"S Muppidi, K Bhamidipati…","SPDPOA: student psychology dragonfly political optimizer algorithm-based soil moisture and heat-level prediction for plant health monitoring in internet of things",2023,"The Computer …","academic.oup.com","https://academic.oup.com/comjnl/article-abstract/66/8/2059/6652001","https://scholar.google.com/scholar?cites=11286003366820117342&as_sdt=2005&sciodt=0,5&hl=en",279,"2026-04-12 18:56:36","","","",,,,,,3,1.00,1,3,3,"This article devised an effective Student Psychology-based Dragonfly Political Optimizer (SPDPOA) for predicting heat level and soil moisture to monitor plant health in the Internet of …","","https://scholar.google.com/scholar?q=related:XvssLUTwn5wJ:scholar.google.com/&scioq=odonata%7Cdragonfly%7Cdragonflies%7Cdamselfly%7Cdamselflies&hl=en&as_sdt=0,5&as_ylo=2023&as_yhi=2023"
0,"A Angelo, A Santino, R Iandovola…","Species Distribution and Conservation Status of Dragonflies and Damselflies (Odonata) in Antananarivo City, Madagascar",2023,"UTTAR PRADESH …","researchgate.net","https://www.researchgate.net/profile/Andrianjaka-Ravelomanana/publication/376891874_Species_Distribution_and_Conservation_Status_of_Dragonflies_and_Damselflies_Odonata_in_Antananarivo_City_Madagascar/links/658e3b612468df72d3de6403/Species-Distribution-and-Conservation-Status-of-Dragonflies-and-Damselflies-Odonata-in-Antananarivo-City-Madagascar.pdf","",396,"2026-04-12 18:56:36","PDF","","",,,,,,0,0.00,0,4,3,"… to Madagascar's Odonata, more studies are needed in all aspects of Odonata ecology [5, 8, 16]. Here, we assess the first diversity of dragonflies and damselflies within Antananarivo City…","https://www.researchgate.net/profile/Andrianjaka-Ravelomanana/publication/376891874_Species_Distribution_and_Conservation_Status_of_Dragonflies_and_Damselflies_Odonata_in_Antananarivo_City_Madagascar/links/658e3b612468df72d3de6403/Species-Distribution-and-Conservation-Status-of-Dragonflies-and-Damselflies-Odonata-in-Antananarivo-City-Madagascar.pdf","https://scholar.google.com/scholar?q=related:hzaUQBQiLB4J:scholar.google.com/&scioq=odonata%7Cdragonfly%7Cdragonflies%7Cdamselfly%7Cdamselflies&hl=en&as_sdt=0,5&as_ylo=2023&as_yhi=2023"
4,"Z Zhao, X Feng, Y Zhang, Y Wang…","Species diversity, hotspot congruence, and conservation of North American damselflies (Odonata: Zygoptera)",2023,"Frontiers in Ecology and …","frontiersin.org","https://www.frontiersin.org/journals/ecology-and-evolution/articles/10.3389/fevo.2022.1087866/full","https://scholar.google.com/scholar?cites=8933203637437479484&as_sdt=2005&sciodt=0,5&hl=en",83,"2026-04-12 18:56:36","HTML","10.3389/fevo.2022.1087866","",,,,,,4,1.33,1,5,3,"… Damselflies are widely distributed and are found on every continent except Antarctica. North America is one of the continents with the highest number of damselflies, … damselflies, this …","https://www.frontiersin.org/journals/ecology-and-evolution/articles/10.3389/fevo.2022.1087866/full","https://scholar.google.com/scholar?q=related:PDqwy2Ad-XsJ:scholar.google.com/&scioq=odonata%7Cdragonfly%7Cdragonflies%7Cdamselfly%7Cdamselflies&hl=en&as_sdt=0,5&as_ylo=2023&as_yhi=2023"
2,"BV Bhede, KS Baig, GP Sonule","Species richness, diversity and evenness of predators in Bt cotton in Maharashtra, India",2023,"Journal of Entomological …","indianjournals.com","https://indianjournals.com/api/article-view/jer-47-2-034","https://scholar.google.com/scholar?cites=8469431865637333422&as_sdt=2005&sciodt=0,5&hl=en",667,"2026-04-12 18:56:36","","","",,,,,,2,0.67,1,3,3,"… The number of coccinellids, chrysopids, predatory bugs, syrphids, robber fly, long legged fly, preying mantid, dragonfly and damselfly, wasp and spiders were recorded from each plant. …","","https://scholar.google.com/scholar?q=related:rumvqGh3iXUJ:scholar.google.com/&scioq=odonata%7Cdragonfly%7Cdragonflies%7Cdamselfly%7Cdamselflies&hl=en&as_sdt=0,5&as_ylo=2023&as_yhi=2023"
0,"L Klein, D Stenesen…","Spectral sensitivity of the retina of the sex-limited color polymorphic damselfly, Ischnura ramburi",2023,"INTEGRATIVE …","… DEPT, 2001 EVANS RD, CARY, NC …","","",889,"2026-04-12 18:56:36","CITATION","","",,,,,,0,0.00,0,3,3,"","","https://scholar.google.com/scholar?q=related:-R-jMowpusYJ:scholar.google.com/&scioq=odonata%7Cdragonfly%7Cdragonflies%7Cdamselfly%7Cdamselflies&hl=en&as_sdt=0,5&as_ylo=2023&as_yhi=2023"
0,"R Rachmatiyah, P Lupiyaningdyah","Spesimen Capung (Odonata) Koleksi Kebun Raya Bogor: Proses Pembuatan dan Identifikasi",,"pdfs.semanticscholar.org","","https://pdfs.semanticscholar.org/b026/b52bcbee453d39d2af6348bbfba4f440a6b6.pdf","",630,"2026-04-12 18:56:36","PDF","","",,,,,,0,0.00,0,2,,"… The research objective was to record and identify dragonfly species that once lived and were … The identification results of dragonfly specimen collection showed that there were 1,357 …","https://pdfs.semanticscholar.org/b026/b52bcbee453d39d2af6348bbfba4f440a6b6.pdf","https://scholar.google.com/scholar?q=related:0WF3v0CnLQEJ:scholar.google.com/&scioq=odonata%7Cdragonfly%7Cdragonflies%7Cdamselfly%7Cdamselflies&hl=en&as_sdt=0,5&as_ylo=2023&as_yhi=2023"
12,"B Chatterjee, S Acharya, T Bhattacharyya, S Mirjalili…","Stock market prediction using altruistic dragonfly algorithm",2023,"PLoS …","journals.plos.org","https://journals.plos.org/plosone/article?id=10.1371/journal.pone.0282002","https://scholar.google.com/scholar?cites=1603327501561940178&as_sdt=2005&sciodt=0,5&hl=en",76,"2026-04-12 18:56:36","HTML","","",,,,,,12,4.00,2,5,3,"… When there is no other dragonfly in the neighborhood of a dragonfly, we use this idea to randomly place a dragonfly somewhere around its position. This Levy is calculated using the …","https://journals.plos.org/plosone/article?id=10.1371/journal.pone.0282002","https://scholar.google.com/scholar?q=related:0sg2Ld4pQBYJ:scholar.google.com/&scioq=odonata%7Cdragonfly%7Cdragonflies%7Cdamselfly%7Cdamselflies&hl=en&as_sdt=0,5&as_ylo=2023&as_yhi=2023"
0,"C Brothers…","Striking Dragons: Dragonfly nymph attack frequency and success at varying angles on live prey",2023,"INTEGRATIVE …","… DEPT, 2001 EVANS RD, CARY, NC …","","",835,"2026-04-12 18:56:36","CITATION","","",,,,,,0,0.00,0,2,3,"","","https://scholar.google.com/scholar?q=related:lrq5QZLwsaMJ:scholar.google.com/&scioq=odonata%7Cdragonfly%7Cdragonflies%7Cdamselfly%7Cdamselflies&hl=en&as_sdt=0,5&as_ylo=2023&as_yhi=2023"
0,"AIA Fahmi","Struktur Komunitas Capung (Odonata) Di Kawasan Sumber Air Hutan Sumber Pawon, Kediri",2023,"","Institut Teknologi Sepuluh …","","",986,"2026-04-12 18:56:36","CITATION","","",,,,,,0,0.00,0,1,3,"","","https://scholar.google.com/scholar?q=related:_94r3_CYL80J:scholar.google.com/&scioq=odonata%7Cdragonfly%7Cdragonflies%7Cdamselfly%7Cdamselflies&hl=en&as_sdt=0,5&as_ylo=2023&as_yhi=2023"
0,"NA Purba","Studi Keanekaragaman Capung (Ordo Odonata) Pada Kawasan Agroekosistem Desa Jatiarjo, Prigen, Jawa Timur",2023,"","Institut Teknologi Sepuluh …","","",970,"2026-04-12 18:56:36","CITATION","","",,,,,,0,0.00,0,1,3,"","","https://scholar.google.com/scholar?q=related:74JHJ9eYqlIJ:scholar.google.com/&scioq=odonata%7Cdragonfly%7Cdragonflies%7Cdamselfly%7Cdamselflies&hl=en&as_sdt=0,5&as_ylo=2023&as_yhi=2023"
4,"R Maharani, E Triana, AP Dharma","Studi Keanekaragaman Jenis Capung (Ordo Odonata) di Blok Legok Majalaya Resort Sarongge Taman Nasional Gunung Gede Pangrango",2023,"BIOPENDIX: Jurnal Biologi …","elibrary.ru","https://elibrary.ru/item.asp?id=74632012","https://scholar.google.com/scholar?cites=12962309832595465183&as_sdt=2005&sciodt=0,5&hl=en",362,"2026-04-12 18:56:36","","","",,,,,,4,1.33,1,3,3,"Latar Belakang: Capung merupakan kelompok serangga yang digolongkan ke dalam ordo odonata. Capung memiliki bentuk morfologi yang unik dan menarik. Badan dan sayapnya …","","https://scholar.google.com/scholar?q=related:3-NnkB1g47MJ:scholar.google.com/&scioq=odonata%7Cdragonfly%7Cdragonflies%7Cdamselfly%7Cdamselflies&hl=en&as_sdt=0,5&as_ylo=2023&as_yhi=2023"
0,"N Bose, FK Kakkassery","Studies on molecular characterisation and phylogenetic analysis of dragonflies and damselflies (Odonata: Insecta) of selected habitats of Kerala",2023,"","starc.stthomas.ac.in","http://starc.stthomas.ac.in:8080/xmlui/handle/123456789/308","",340,"2026-04-12 18:56:36","","","",,,,,,0,0.00,0,2,3,"… Anisoptera is the suborder of dragonflies and damselflies … (33 species of damselflies and 38 species of dragonflies) were … lesser in damselflies and considerably high in dragonflies. The …","http://starc.stthomas.ac.in:8080/xmlui/bitstream/handle/123456789/308/08_chapter4.pdf?sequence=8&isAllowed=y","https://scholar.google.com/scholar?q=related:fw9d37ifd-oJ:scholar.google.com/&scioq=odonata%7Cdragonfly%7Cdragonflies%7Cdamselfly%7Cdamselflies&hl=en&as_sdt=0,5&as_ylo=2023&as_yhi=2023"
3,"A Pati, S Kundu, A Sharma, VK Dubey, M Ghosh…","Studies on the diversity of macroinvertebrates in suburban and rural aquatic bodies of West Bengal: Implications of vector control",2023,"Acta Ecologica …","Elsevier","https://www.sciencedirect.com/science/article/pii/S1872203223000240","https://scholar.google.com/scholar?cites=240615928766307677&as_sdt=2005&sciodt=0,5&hl=en",838,"2026-04-12 18:56:36","","","",,,,,,3,1.00,1,6,3,"… A correspondence of the taxonomic diversity with the functional role of the aquatic predatory insects of the order Coleoptera, Hemiptera and Odonata is well established, through their …","","https://scholar.google.com/scholar?q=related:XZ1qkenWVgMJ:scholar.google.com/&scioq=odonata%7Cdragonfly%7Cdragonflies%7Cdamselfly%7Cdamselflies&hl=en&as_sdt=0,5&as_ylo=2023&as_yhi=2023"
7,"P Lin, C Wang, Y Liu, L Ren, Z Zhang","Study of a bioinspired rigid-flexible coupling structure based on dragonfly wing by optical/electron microscopy and finite element analysis",2023,"Micron","Elsevier","https://www.sciencedirect.com/science/article/pii/S0968432823001324","https://scholar.google.com/scholar?cites=5745483255238796709&as_sdt=2005&sciodt=0,5&hl=en",119,"2026-04-12 18:56:36","","","",,,,,,7,2.33,1,5,3,"In this work, mechanical properties of veins and membrane of dragonfly wing were studied by means of optical/electron microscopy, tensile test and nano-indentation. It indicates that …","","https://scholar.google.com/scholar?q=related:paV2a5QOvE8J:scholar.google.com/&scioq=odonata%7Cdragonfly%7Cdragonflies%7Cdamselfly%7Cdamselflies&hl=en&as_sdt=0,5&as_ylo=2023&as_yhi=2023"
4,"ON Kashyap, P Madhu","Study of flow around bio-inspired corrugated aerofoil at different angle of attacks in low Reynolds number regime",2023,"AIP Conference Proceedings","pubs.aip.org","https://pubs.aip.org/aip/acp/article-abstract/2399/1/030031/2928178","https://scholar.google.com/scholar?cites=10605841592188066072&as_sdt=2005&sciodt=0,5&hl=en",798,"2026-04-12 18:56:36","","10.1063/5.0132442/18247580/030031_1_5.0132442","",,,,,,4,1.33,2,2,3,"… This can be resolved by bio-mimicking the corrugated aerofoil structure found in the wings of the insects like Locusts, Damselflies and Dragonflies. The corrugated aerofoils can delay …","https://pubs.aip.org/aip/acp/article-pdf/doi/10.1063/5.0132442/18247580/030031_1_5.0132442.pdf","https://scholar.google.com/scholar?q=related:GNluZryEL5MJ:scholar.google.com/&scioq=odonata%7Cdragonfly%7Cdragonflies%7Cdamselfly%7Cdamselflies&hl=en&as_sdt=0,5&as_ylo=2023&as_yhi=2023"
2,"P Sharma, M Kangale, D Agase","Study of odonates diversity near Koradi Lake, Koradi, Nagpur, Maharashtra",2023,"J Entomol Zool Stud","researchgate.net","https://www.researchgate.net/profile/Durgesh-Agase/publication/367153316_Study_of_odonates_diversity_near_Koradi_Lake_Koradi_Nagpur_Maharashtra/links/6464f532702026631653ffd5/Study-of-odonates-diversity-near-Koradi-Lake-Koradi-Nagpur-Maharashtra.pdf","https://scholar.google.com/scholar?cites=12186279765741348715&as_sdt=2005&sciodt=0,5&hl=en",592,"2026-04-12 18:56:36","PDF","","",,,,,,2,0.67,1,3,3,"… The current research investigates the dragonfly and damselfly (Odonata) species of Koradi Lake in Nagpur, Maharashtra. Koradi is 15–18 kilometers from Nagpur and is well-known for …","https://www.researchgate.net/profile/Durgesh-Agase/publication/367153316_Study_of_odonates_diversity_near_Koradi_Lake_Koradi_Nagpur_Maharashtra/links/6464f532702026631653ffd5/Study-of-odonates-diversity-near-Koradi-Lake-Koradi-Nagpur-Maharashtra.pdf","https://scholar.google.com/scholar?q=related:ayeLmuFcHqkJ:scholar.google.com/&scioq=odonata%7Cdragonfly%7Cdragonflies%7Cdamselfly%7Cdamselflies&hl=en&as_sdt=0,5&as_ylo=2023&as_yhi=2023"
1,"R Ottens, P Barfknecht, K Burch, S Cale…","Study of the thermal physical properties of insulating materials in a Titan environment",2023,"Cryogenic …","ntrs.nasa.gov","https://ntrs.nasa.gov/citations/20230009569","https://scholar.google.com/scholar?cites=7635373865525610172&as_sdt=2005&sciodt=0,5&hl=en",669,"2026-04-12 18:56:36","","","",,,,,,1,0.33,0,5,3,"… • Dragonfly is a rotorcraft that will explore the chemistry of the surface of Saturn’s Moon Titan… (1.4 m/s2) to allow Dragonfly to fly from site to site. • Dragonfly will be looking for prebiotic …","https://ntrs.nasa.gov/api/citations/20230009569/downloads/Ottens%20CEC%202023_062723.pdf","https://scholar.google.com/scholar?q=related:vIb0pRNM9mkJ:scholar.google.com/&scioq=odonata%7Cdragonfly%7Cdragonflies%7Cdamselfly%7Cdamselflies&hl=en&as_sdt=0,5&as_ylo=2023&as_yhi=2023"
0,"H Mahmoud, M Kadhim, G Amran, E Eldin…","Submarine Hunter: Efficient and Secure Multi-Type Unmanned Vehicles",2023,"… Materials, &Continua","researchgate.net","https://www.researchgate.net/profile/Gehad-Abdullah-Amran/publication/371379629_Submarine_Hunter_Efficient_and_Secure_Multi-Type_Unmanned_Vehicles/links/6481aadfb3dfd73b776cf758/Submarine-Hunter-Efficient-and-Secure-Multi-Type-Unmanned-Vehicles.pdf","",900,"2026-04-12 18:56:36","PDF","","",,,,,,0,0.00,0,5,3,"… vehicle network based on the dragonfly strategy. The Dragonfly strategy is a novel … In this section, the Dragonfly Method is utilized to show how UVs detect submarine locations …","https://www.researchgate.net/profile/Gehad-Abdullah-Amran/publication/371379629_Submarine_Hunter_Efficient_and_Secure_Multi-Type_Unmanned_Vehicles/links/6481aadfb3dfd73b776cf758/Submarine-Hunter-Efficient-and-Secure-Multi-Type-Unmanned-Vehicles.pdf","https://scholar.google.com/scholar?q=related:HcTTDkVLoJQJ:scholar.google.com/&scioq=odonata%7Cdragonfly%7Cdragonflies%7Cdamselfly%7Cdamselflies&hl=en&as_sdt=0,5&as_ylo=2023&as_yhi=2023"
0,"D Zhang, J Fu, H Gao, L Wang, F Du","Substation WSN Coverage Optimization Technology Based on Improved Dragonfly Algorithm",2023,"International Conference on …","Springer","https://link.springer.com/chapter/10.1007/978-981-97-0865-9_17","",462,"2026-04-12 18:56:36","","10.1007/978-981-97-0865-9_17","",,,,,,0,0.00,0,5,3,"… In dynamic group, a large number of dragonflies make groups in one direction for long-… Therefore, the CCDA based on dragonfly algorithm is proposed in this paper, initializing dragonfly …","","https://scholar.google.com/scholar?q=related:18FxmfNu9FkJ:scholar.google.com/&scioq=odonata%7Cdragonfly%7Cdragonflies%7Cdamselfly%7Cdamselflies&hl=en&as_sdt=0,5&as_ylo=2023&as_yhi=2023"
7,"A Chovanec","Succession of the Odonata fauna at a small wetland in an overflow and seepage reservoir: results of a six-year study",2023,"International Dragonfly Fund, Report","","","https://scholar.google.com/scholar?cites=15179174400127550979&as_sdt=2005&sciodt=0,5&hl=en",664,"2026-04-12 18:56:36","CITATION","","",,,,,,7,2.33,7,1,3,"","","https://scholar.google.com/scholar?q=related:A0ZOt7FCp9IJ:scholar.google.com/&scioq=odonata%7Cdragonfly%7Cdragonflies%7Cdamselfly%7Cdamselflies&hl=en&as_sdt=0,5&as_ylo=2023&as_yhi=2023"
8,"KA Haab, CA Hagen, SJ DeBano, BA Endress…","Surface-active arthropod community response to juniper removal and its implications for avian conservation in sagebrush ecosystems",2023,"Global Ecology and …","Elsevier","https://www.sciencedirect.com/science/article/pii/S2351989423003104","https://scholar.google.com/scholar?cites=1003791192984529316&as_sdt=2005&sciodt=0,5&hl=en",764,"2026-04-12 18:56:36","HTML","","",,,,,,8,2.67,2,5,3,"Terrestrial arthropods are a critical component of sagebrush ecosystems and serve as a key food source for higher trophic levels, including many avian species of conservation concern. …","https://www.sciencedirect.com/science/article/pii/S2351989423003104","https://scholar.google.com/scholar?q=related:pCmCjsUu7g0J:scholar.google.com/&scioq=odonata%7Cdragonfly%7Cdragonflies%7Cdamselfly%7Cdamselflies&hl=en&as_sdt=0,5&as_ylo=2023&as_yhi=2023"
2,"L Ait Taleb, A Chelli, SAA Djamila, Z Abdelheq…","Survey and repartition of Odonatofauna in the lotic and lentic waters of the Djurdjura and Soumman regions of Kabylia (North Central Algeria)",2023,"Ekológia …","sciendo.com","https://sciendo.com/pdf/10.2478/eko-2023-0026","https://scholar.google.com/scholar?cites=17387029617148015250&as_sdt=2005&sciodt=0,5&hl=en",723,"2026-04-12 18:56:36","PDF","10.2478/eko-2023-0026","",,,,,,2,0.67,0,5,3,"… The aim of this study is to examine the Odonata fauna structure and composition in Kabylia’s wetlands (central north Algeria) by sampling 36 potential sites (16 wadis and 20 water …","https://sciendo.com/pdf/10.2478/eko-2023-0026","https://scholar.google.com/scholar?q=related:krJN_VAjS_EJ:scholar.google.com/&scioq=odonata%7Cdragonfly%7Cdragonflies%7Cdamselfly%7Cdamselflies&hl=en&as_sdt=0,5&as_ylo=2023&as_yhi=2023"
0,"TP de Gouvêa, DS Vilela, TMD de Oliveira…","Survey of Odonata from two Conservation Units in western Paraná, southern Brazil",2023,"Odonatologica","BioOne","https://bioone.org/journals/odonatologica/volume-52/issue-3-4/odon.v52i3-4.a5/Survey-of-Odonata-from-two-Conservation-Units-in-western-Paran%C3%A1/10.60024/odon.v52i3-4.a5.short","",386,"2026-04-12 18:56:36","","10.60024/odon.v52i3-4.a5.short","",,,,,,0,0.00,0,4,3,"… the riparian forests, and the lack of Odonata surveys in protected areas such as the PARNA … the Odonata fauna in those areas, thus narrowing the information gap on dragonfly species …","","https://scholar.google.com/scholar?q=related:OokIsCorhHUJ:scholar.google.com/&scioq=odonata%7Cdragonfly%7Cdragonflies%7Cdamselfly%7Cdamselflies&hl=en&as_sdt=0,5&as_ylo=2023&as_yhi=2023"
0,"R Newar, A Bora, M Puzari","Survey of odonate diversity in and around the Dibrugarh university campus",,"academia.edu","","https://www.academia.edu/download/100296683/8053_8301.pdf","",657,"2026-04-12 18:56:36","PDF","","",,,,,,0,0.00,0,3,,"… We found dragonflies from the family Libelludidae and damselflies from the family … A total of 22 dragonfly species from 2 families and 19 genera were found while in case of damselfly …","https://www.academia.edu/download/100296683/8053_8301.pdf","https://scholar.google.com/scholar?q=related:AjcIputN8VsJ:scholar.google.com/&scioq=odonata%7Cdragonfly%7Cdragonflies%7Cdamselfly%7Cdamselflies&hl=en&as_sdt=0,5&as_ylo=2023&as_yhi=2023"
4,"B Li, Z Lan, XR Guo, AH Zhang, W Wei, Y Li, ZH Jin…","Survey of the Prosthogonimus spp. metacercariae infection in the second intermediate host dragonfly in Heilongjiang Province, China",2023,"Parasitology …","Springer","https://link.springer.com/article/10.1007/s00436-023-07975-4","https://scholar.google.com/scholar?cites=8035355123208822275&as_sdt=2005&sciodt=0,5&hl=en",228,"2026-04-12 18:56:36","HTML","10.1007/s00436-023-07975-4","",,,,,,4,1.33,1,8,3,"… The species of metacercariae isolated from dragonfly were identified by morphological … of dragonflies and one damselfly were identified and among six of the dragonflies infected by …","https://link.springer.com/article/10.1007/s00436-023-07975-4","https://scholar.google.com/scholar?q=related:Ax76UulQg28J:scholar.google.com/&scioq=odonata%7Cdragonfly%7Cdragonflies%7Cdamselfly%7Cdamselflies&hl=en&as_sdt=0,5&as_ylo=2023&as_yhi=2023"
1,"G Cvetkovski, L Petkovska","Swarm Intelligence Algorithms in Function of Efficiency Optimisation of PM Synchronous Motor.",2023,"Przegląd Elektrotechniczny","search.ebscohost.com","https://search.ebscohost.com/login.aspx?direct=true&profile=ehost&scope=site&authtype=crawler&jrnl=00332097&AN=164567732&h=mjj3KagJKaae2ywY3KIyqbZRTM2v90b40X68S9ZaUHvHCbq%2BN85zvIc2KnPJaP7JmxzKxY02pNK0P5K%2FZ3ReKQ%3D%3D&crl=c","https://scholar.google.com/scholar?cites=2630955738037779657&as_sdt=2005&sciodt=0,5&hl=en",968,"2026-04-12 18:56:36","","","",,,,,,1,0.33,1,2,3,"… The main inspiration of the Dragonfly algorithm (DFA) [6] originates from the dragonflies that … fact about dragonflies is their unique and rare swarming behaviour. Dragonflies swarm for …","https://yadda.icm.edu.pl/baztech/element/bwmeta1.element.baztech-ab9e0223-9865-49ac-b871-cb093c66c5f2/c/23_Cvetkovski_Swarm_6_2023.pdf","https://scholar.google.com/scholar?q=related:yXyE6U0IgyQJ:scholar.google.com/&scioq=odonata%7Cdragonfly%7Cdragonflies%7Cdamselfly%7Cdamselflies&hl=en&as_sdt=0,5&as_ylo=2023&as_yhi=2023"
1,"G Theischinger, A Mitchell, SJ Richards, DA Polhemus","Systematics of the Nososticta salomonis complex (Odonata: Zygoptera: Platycnemididae).",2023,"Zootaxa","europepmc.org","https://europepmc.org/article/med/37518451","https://scholar.google.com/scholar?cites=2191132962530968507&as_sdt=2005&sciodt=0,5&hl=en",410,"2026-04-12 18:56:36","","","",,,,,,1,0.33,0,4,3,"We examined the morphology, colour patterns and genetic relationships of Nososticta populations allied to N. salomonis (Selys) from across Melanesia. Seven species-level taxa are …","","https://scholar.google.com/scholar?q=related:u8NO_9F3aB4J:scholar.google.com/&scioq=odonata%7Cdragonfly%7Cdragonflies%7Cdamselfly%7Cdamselflies&hl=en&as_sdt=0,5&as_ylo=2023&as_yhi=2023"
2,"A Preuss, E Appel, SN Gorb, S Büsse","Tanning of the tarsal and mandibular cuticle in adult Anax imperator (Insecta: Odonata) during the emergence sequence. Interface Focus 14: 20230076",2023,"","","","https://scholar.google.com/scholar?cites=4726653972194543956&as_sdt=2005&sciodt=0,5&hl=en",831,"2026-04-12 18:56:36","CITATION","","",,,,,,2,0.67,1,4,3,"","","https://scholar.google.com/scholar?q=related:VEnYrL5ymEEJ:scholar.google.com/&scioq=odonata%7Cdragonfly%7Cdragonflies%7Cdamselfly%7Cdamselflies&hl=en&as_sdt=0,5&as_ylo=2023&as_yhi=2023"
2,"SC Lin","Taxonomic reassessment of the two supposed subspecies of Leptogomphus sauteri in Taiwan based on morphological and molecular characters (Odonata …",2023,"Odonatologica","BioOne","https://bioone.org/journals/odonatologica/volume-52/issue-1-2/odon.v52i1-2.a8/Taxonomic-reassessment-of-the-two-supposed-subspecies-of-iLeptogomphus-sauteri/10.60024/odon.v52i1-2.a8.short","https://scholar.google.com/scholar?cites=18718935171649879&as_sdt=2005&sciodt=0,5&hl=en",294,"2026-04-12 18:56:36","","10.60024/odon.v52i1-2.a8.short","",,,,,,2,0.67,2,1,3,". Leptogomphus sauteri Ris, 1912 , is a species endemic to Taiwan and is currently treated as having two subspecies, L. sauteri sauteri and L. sauteri formosanus Oguma, 1926 . …","","https://scholar.google.com/scholar?q=related:V9F6ucWAQgAJ:scholar.google.com/&scioq=odonata%7Cdragonfly%7Cdragonflies%7Cdamselfly%7Cdamselflies&hl=en&as_sdt=0,5&as_ylo=2023&as_yhi=2023"
1,"A Samer, HH Fadl, H El Hamouly…","Taxonomic studies of the two families Gomphidae and macromiidae (Odonata: anisoptera) from Egypt",2023,"Egyptian Academic …","eajbsa.journals.ekb.eg","https://eajbsa.journals.ekb.eg/article_328625_5303c085f432dc8d92266aae0ab11c89.pdf","https://scholar.google.com/scholar?cites=9301245281451541049&as_sdt=2005&sciodt=0,5&hl=en",254,"2026-04-12 18:56:36","PDF","","",,,,,,1,0.33,0,4,3,"… Even though, works on the taxonomy of Odonata have acquired awareness worldwide, the … reviews of the order Odonata in Egypt. In the current work, the dragonflies of the two families …","https://eajbsa.journals.ekb.eg/article_328625_5303c085f432dc8d92266aae0ab11c89.pdf","https://scholar.google.com/scholar?q=related:OYKyqU2pFIEJ:scholar.google.com/&scioq=odonata%7Cdragonfly%7Cdragonflies%7Cdamselfly%7Cdamselflies&hl=en&as_sdt=0,5&as_ylo=2023&as_yhi=2023"
0,"SP Adambukulam, FK Kakkassery","Taxonomical studies of dragonfly nymphs (Odonata, Libellulidae) using their exuviae.",2023,"Entomon","pdfs.semanticscholar.org","https://pdfs.semanticscholar.org/f373/be3f73df86b7e0f1c7f604d6e6793eb49c0d.pdf","",355,"2026-04-12 18:56:36","PDF","","",,,,,,0,0.00,0,2,3,"ABSTRACT: Taxonomic studies of dragonfly … of dragonfly nymphs without rearing them in the laboratory. The study describes the morphological features of seven species of dragonfly …","https://pdfs.semanticscholar.org/f373/be3f73df86b7e0f1c7f604d6e6793eb49c0d.pdf","https://scholar.google.com/scholar?q=related:sUpeIrLi0jUJ:scholar.google.com/&scioq=odonata%7Cdragonfly%7Cdragonflies%7Cdamselfly%7Cdamselflies&hl=en&as_sdt=0,5&as_ylo=2023&as_yhi=2023"
1,"MW Mullin, DB Coyle, PR Stysley…","Technology development of a solid state 266 nm laser for NASA's Dragonfly mission",2023,"Solid State Lasers …","spiedigitallibrary.org","https://www.spiedigitallibrary.org/conference-proceedings-of-spie/12399/123990E/Technology-development-of-a-solid-state-266-nm-laser-for/10.1117/12.2650805.short","https://scholar.google.com/scholar?cites=12963078561444459142&as_sdt=2005&sciodt=0,5&hl=en",363,"2026-04-12 18:56:36","","10.1117/12.2650805.short","",,,,,,1,0.33,0,4,3,"NASA’s Dragonfly mission is a rotorcraft lander which will explore several geologic locations on Saturn’s moon, Titan and investigate evidence of surface-level prebiotic chemistry as …","","https://scholar.google.com/scholar?q=related:hvJgMkUb5rMJ:scholar.google.com/&scioq=odonata%7Cdragonfly%7Cdragonflies%7Cdamselfly%7Cdamselflies&hl=en&as_sdt=0,5&as_ylo=2023&as_yhi=2023"
24,"RF Irmi, M Al Farabi, A Darlis","Technology Education in the Quran",2023,"Solo Univers. J. Islam. Educ. Multicult","","","https://scholar.google.com/scholar?cites=6834397100647815747&as_sdt=2005&sciodt=0,5&hl=en",638,"2026-04-12 18:56:36","CITATION","","",,,,,,24,8.00,8,3,3,"","","https://scholar.google.com/scholar?q=related:Q5oS7vOn2F4J:scholar.google.com/&scioq=odonata%7Cdragonfly%7Cdragonflies%7Cdamselfly%7Cdamselflies&hl=en&as_sdt=0,5&as_ylo=2023&as_yhi=2023"
4,"Y Cano-Cobos, CA Bota-Sierra…","Ten new records of Odonata for Colombia (Coenagrionidae, Aeshnidae)",2023,"Biota colombiana","scielo.org.co","http://www.scielo.org.co/scielo.php?pid=S0124-53762023000200004&script=sci_arttext&tlng=en","https://scholar.google.com/scholar?cites=2209003858805793280&as_sdt=2005&sciodt=0,5&hl=en",115,"2026-04-12 18:56:36","HTML","","",,,,,,4,1.33,1,3,3,"We report ten new records of Odonata, including the true distribution of Acanthagrion yungarum Ris, 1918 in Colombia. The genus Dolonagrion Garrison &von Ellenrieder, 2008 is …","http://www.scielo.org.co/scielo.php?pid=S0124-53762023000200004&script=sci_arttext&tlng=en","https://scholar.google.com/scholar?q=related:ACKWR071px4J:scholar.google.com/&scioq=odonata%7Cdragonfly%7Cdragonflies%7Cdamselfly%7Cdamselflies&hl=en&as_sdt=0,5&as_ylo=2023&as_yhi=2023"
2,"Y Cano-Cobos, CA Bota-Sierra, C Mendoza-Penagos","Ten new records of Odonata for Colombia (Coenagrionidae, Aeshnidae). Biota Colomb. 24: e1112",2023,"","","","https://scholar.google.com/scholar?cites=6572226058682508198&as_sdt=2005&sciodt=0,5&hl=en",813,"2026-04-12 18:56:36","CITATION","","",,,,,,2,0.67,1,3,3,"","","https://scholar.google.com/scholar?q=related:piNWe8c8NVsJ:scholar.google.com/&scioq=odonata%7Cdragonfly%7Cdragonflies%7Cdamselfly%7Cdamselflies&hl=en&as_sdt=0,5&as_ylo=2023&as_yhi=2023"
0,"G Hughes","Ten Years In The Ground: Wishing for Petalura gigantea (Giant Dragonfly) at'The Gully', Garguree",2023,"","researchers.westernsydney.edu.au","https://researchers.westernsydney.edu.au/en/publications/ten-years-in-the-ground-wishing-for-petalura-gigantea-giant-drago/","",894,"2026-04-12 18:56:36","CITATION","","",,,,,,0,0.00,0,1,3,"Ten Years In The Ground: Wishing for Petalura gigantea (Giant Dragonfly) at 'The Gully', Garguree - Western Sydney University … Ten Years In The Ground: Wishing for Petalura …","","https://scholar.google.com/scholar?q=related:0RaqqKipxkQJ:scholar.google.com/&scioq=odonata%7Cdragonfly%7Cdragonflies%7Cdamselfly%7Cdamselflies&hl=en&as_sdt=0,5&as_ylo=2023&as_yhi=2023"
0,"GD Guilloton, P Ponel, P Dupont, R Krieg-Jacquier…","Terrestrial arthropods in impact studies: current limitations and proposals for better consideration of conservation issues",,"","","","",713,"2026-04-12 18:56:36","CITATION","","",,,,,,0,0.00,0,5,,"","","https://scholar.google.com/scholar?q=related:DU6ciwYAJQoJ:scholar.google.com/&scioq=odonata%7Cdragonfly%7Cdragonflies%7Cdamselfly%7Cdamselflies&hl=en&as_sdt=0,5&as_ylo=2023&as_yhi=2023"
1,"KM Kaunisto, J Suhonen","Territorial males have larger wing spots than non-territorial males in the damselfly Calopteryx splendens (Zygoptera: Calopterygidae)",2023,"International Journal of Odonatology","worlddragonfly.org","https://www.worlddragonfly.org/s/tijo20v026a1_Kaunisto_Suhonen.pdf","https://scholar.google.com/scholar?cites=16434512745005128282&as_sdt=2005&sciodt=0,5&hl=en",359,"2026-04-12 18:56:36","PDF","","",,,,,,1,0.33,1,2,3,"… splendens, and the study area also harbors a few individuals of closely related damselfly C. … of each damselfly to the nearest 0.01 mm using digital calipers (Fig. 1). Wing spots of the C. …","https://www.worlddragonfly.org/s/tijo20v026a1_Kaunisto_Suhonen.pdf","https://scholar.google.com/scholar?q=related:WhqpjkQeE-QJ:scholar.google.com/&scioq=odonata%7Cdragonfly%7Cdragonflies%7Cdamselfly%7Cdamselflies&hl=en&as_sdt=0,5&as_ylo=2023&as_yhi=2023"
0,"KCS Santos","Teses e conceitos de Newton da Costa",2023,"Argumentos-Revista de Filosofia","academia.edu","https://www.academia.edu/download/104404144/9._Teses_e_conceitos_de_Newton_da_Costa.pdf","",993,"2026-04-12 18:56:36","HTML","","",,,,,,0,0.00,0,1,3,"… Dragonfly Algorithm (DA), a nature inspired technique, originates … of dragonfly and is well suited to solve VM placement problem. Therefore, in the proposed work, a modified dragonfly …","https://www.academia.edu/download/104404144/9._Teses_e_conceitos_de_Newton_da_Costa.pdf","https://scholar.google.com/scholar?q=related:Es8SDGONgNEJ:scholar.google.com/&scioq=odonata%7Cdragonfly%7Cdragonflies%7Cdamselfly%7Cdamselflies&hl=en&as_sdt=0,5&as_ylo=2023&as_yhi=2023"
0,"PL Triatmanto","The android-based e-module development about dragonfly diversity around sri gethuk waterfall as biodiversity teaching material for Xth Grade of Senior High School",2023,"Asian Journal Collaboration of Social …","journal-iasssf.com","https://journal-iasssf.com/index.php/AJCSEE/article/view/161","",465,"2026-04-12 18:56:36","","","",,,,,,0,0.00,0,1,3,"The aim of the study is to determine the feasibility of an android-based e-Module from dragonfly diversity data at Sri Gethuk Waterfall as biodiversity teaching material for Xth grade of …","https://journal-iasssf.com/index.php/AJCSEE/article/download/161/109","https://scholar.google.com/scholar?q=related:UxRJuHOzIvMJ:scholar.google.com/&scioq=odonata%7Cdragonfly%7Cdragonflies%7Cdamselfly%7Cdamselflies&hl=en&as_sdt=0,5&as_ylo=2023&as_yhi=2023"
0,"PC Kandale, A Kumar","THE AQUATIC INSECT COMMUNITY IN GWALIOR DISTRICT, MADHYA PRADESH: A BIODIVERSITY STUDY",,"publications.anveshanaindia.com","","http://publications.anveshanaindia.com/wp-content/uploads/2023/05/THE-AQUATIC-INSECT-COMMUNITY-IN-GWALIOR-DISTRICT-MADHYA-PRADESH-A-BIODIVERSITY-STUDY.pdf","",878,"2026-04-12 18:56:36","PDF","","",,,,,,0,0.00,0,2,,"… dragonflies (Odonata), which are also the most rudimentary. Due to the scanty fossil record of freshwater creatures, it has been difficult to comprehend the evolution and phylogeny of …","http://publications.anveshanaindia.com/wp-content/uploads/2023/05/THE-AQUATIC-INSECT-COMMUNITY-IN-GWALIOR-DISTRICT-MADHYA-PRADESH-A-BIODIVERSITY-STUDY.pdf","https://scholar.google.com/scholar?q=related:_AbkmJJ89yoJ:scholar.google.com/&scioq=odonata%7Cdragonfly%7Cdragonflies%7Cdamselfly%7Cdamselflies&hl=en&as_sdt=0,5&as_ylo=2023&as_yhi=2023"
5,"S Wang","The aqueous form and the Afro–Sino encounter in Yvonne Owuor's The Dragonfly Sea",2023,"Journal of Postcolonial Writing","Taylor &Francis","https://www.tandfonline.com/doi/abs/10.1080/17449855.2023.2248552","https://scholar.google.com/scholar?cites=4479853935191352424&as_sdt=2005&sciodt=0,5&hl=en",297,"2026-04-12 18:56:36","","10.1080/17449855.2023.2248552","",,,,,,5,1.67,5,1,3,"Through a focused study of Kenyan writer Yvonne Owuor’s The Dragonfly Sea, this article seeks to develop an aqueous hermeneutics of Africa–China literatures. Such a reading …","https://www.academia.edu/download/106601488/The_aqueous_form_and_the_Afro_Sino_encounter_in_Yvonne_Owuor_s_The_Dragonfly_Sea.pdf","https://scholar.google.com/scholar?q=related:aGS3NGujKz4J:scholar.google.com/&scioq=odonata%7Cdragonfly%7Cdragonflies%7Cdamselfly%7Cdamselflies&hl=en&as_sdt=0,5&as_ylo=2023&as_yhi=2023"
1,"SH Lee, JS Park, JY Pyo, SS Kim…","The complete mitochondrial genome of the blue-tailed damselfly Ischnura elegans (Odonata: Coenagrionidae)—a climate-sensitive indicator species in South Korea.",2023,"International Journal of …","search.ebscohost.com","https://search.ebscohost.com/login.aspx?direct=true&profile=ehost&scope=site&authtype=crawler&jrnl=15983579&AN=164925831&h=Ap4ArK05dIxeUi9HOYWWFHFRXDGAzXP4SrlRpil4nPoT289vLj5m%2ByllIJoCnTy32nJYaxIFXwJdw38SfnrrCQ%3D%3D&crl=c","https://scholar.google.com/scholar?cites=15925711130114665130&as_sdt=2005&sciodt=0,5&hl=en",330,"2026-04-12 18:56:36","","","",,,,,,1,0.33,0,5,3,"The blue-tailed damselfly, Ischnura elegans Van der Linden, 1820 (Odonata: Coenagrionidae), is a climate-sensitive indicator species in South Korea. In this study, we sequenced the …","","https://scholar.google.com/scholar?q=related:qir4EeV9A90J:scholar.google.com/&scioq=odonata%7Cdragonfly%7Cdragonflies%7Cdamselfly%7Cdamselflies&hl=en&as_sdt=0,5&as_ylo=2023&as_yhi=2023"
8,"SB Archibald, JL Ware, JA Rasmussen…","The damselfly genus Furagrion Petrulevičius et al. (Odonata, Zygoptera) from the early Eocene Fur Formation of Denmark and the dysagrionoid grade",2023,"Zootaxa","biotaxa.org","https://www.biotaxa.org/Zootaxa/article/view/zootaxa.5278.2.4","https://scholar.google.com/scholar?cites=4437466272982832640&as_sdt=2005&sciodt=0,5&hl=en",19,"2026-04-12 18:56:36","","","",,,,,,8,2.67,2,4,3,"… Our survey of Odonata fossils in mo-clay collections and the literature finds 24 specimens of Furagrion, some rather complete, some in the literature that are apparently lost, and some …","https://www.biotaxa.org/Zootaxa/article/view/zootaxa.5278.2.4/76518","https://scholar.google.com/scholar?q=related:ABbrhxAMlT0J:scholar.google.com/&scioq=odonata%7Cdragonfly%7Cdragonflies%7Cdamselfly%7Cdamselflies&hl=en&as_sdt=0,5&as_ylo=2023&as_yhi=2023"
0,"F Nijhout","The development and evolution of butterfly wing patterns: finding the primitive pattern",,"mims.meiji.ac.jp","","https://www.mims.meiji.ac.jp/seminars/another/2023/file/2-3.Nijhout_abstract.pdf","",711,"2026-04-12 18:56:36","PDF","","",,,,,,0,0.00,0,1,,"… I will show that from this banding system, a lateral inhibition mechanism can, in turn, generate much of the diversity of spotting and banding patterns that we see in the dragonflies and …","https://www.mims.meiji.ac.jp/seminars/another/2023/file/2-3.Nijhout_abstract.pdf","https://scholar.google.com/scholar?q=related:yo5w4F7etLMJ:scholar.google.com/&scioq=odonata%7Cdragonfly%7Cdragonflies%7Cdamselfly%7Cdamselflies&hl=en&as_sdt=0,5&as_ylo=2023&as_yhi=2023"
6,"R Gilbert","The Disjunctive Dragonfly: A Study of Disjunctive Method and Definitions in Contemporary English-Language Haiku 1",2023,"The Routledge global haiku reader","taylorfrancis.com","https://www.taylorfrancis.com/chapters/edit/10.4324/9781003293309-16/disjunctive-dragonfly-richard-gilbert","https://scholar.google.com/scholar?cites=4530627755173941577&as_sdt=2005&sciodt=0,5&hl=en",144,"2026-04-12 18:56:36","","10.4324/9781003293309-16","",,,,,,6,2.00,6,1,3,"… dragonfly becomes the subject of “in amber” and we realize that the fingerprints only seem to be on the dragonfly… fingerprints and dragonfly in an overlaid landscape, with the prehistoric …","","https://scholar.google.com/scholar?q=related:SRGrZPAF4D4J:scholar.google.com/&scioq=odonata%7Cdragonfly%7Cdragonflies%7Cdamselfly%7Cdamselflies&hl=en&as_sdt=0,5&as_ylo=2023&as_yhi=2023"
0,"LE Smith","The distribution of Ephemeroptera, Odonata, Plecoptera, and Trichoptera in Sandy Creek-Swift Creek, North Carolina",2023,"","thescholarship.ecu.edu","https://thescholarship.ecu.edu/items/ed5e9473-a3ae-4852-886c-a7c68bd068c2","",910,"2026-04-12 18:56:36","CITATION","","",,,,,,0,0.00,0,1,3,"The distribution of Ephemeroptera, Odonata, Plecoptera, and Trichoptera in Sandy Creek-Swift Creek, North Carolina …","","https://scholar.google.com/scholar?q=related:_rePhVp3kwMJ:scholar.google.com/&scioq=odonata%7Cdragonfly%7Cdragonflies%7Cdamselfly%7Cdamselflies&hl=en&as_sdt=0,5&as_ylo=2023&as_yhi=2023"
2,"J Aaker, A Smith","The Dragonfly Effect: Quick, Effective Ways to Use Social Media to Drive Social Change",2023,"","Jossey-Bass","","https://scholar.google.com/scholar?cites=15231403675601396565&as_sdt=2005&sciodt=0,5&hl=en",868,"2026-04-12 18:56:36","CITATION","","",,,,,,2,0.67,1,2,3,"","","https://scholar.google.com/scholar?q=related:VePMivHQYNMJ:scholar.google.com/&scioq=odonata%7Cdragonfly%7Cdragonflies%7Cdamselfly%7Cdamselflies&hl=en&as_sdt=0,5&as_ylo=2023&as_yhi=2023"
1,"I Fischer, A Chovanec, V Kargl, M Sittenthaler…","The dragonfly fauna of the Vienna Lobau–a survey from 2017–2020",2023,"Acta ZooBot …","parcs.at","https://www.parcs.at/npda/pdf_public/2024/54489_20240812_142013_Acta159_06_Fischer-et-al.pdf","https://scholar.google.com/scholar?cites=9906644351528354511&as_sdt=2005&sciodt=0,5&hl=en",174,"2026-04-12 18:56:36","PDF","","",,,,,,1,0.33,0,5,3,"In der vorliegenden Studie wurde der ökologische Zustand der Gewässer im Wiener Teil des Nationalparks Donau-Auen, der Wiener Lobau, aus libellenkundlicher Sicht bewertet. Die …","https://www.parcs.at/npda/pdf_public/2024/54489_20240812_142013_Acta159_06_Fischer-et-al.pdf","https://scholar.google.com/scholar?q=related:z0L60Ix4e4kJ:scholar.google.com/&scioq=odonata%7Cdragonfly%7Cdragonflies%7Cdamselfly%7Cdamselflies&hl=en&as_sdt=0,5&as_ylo=2023&as_yhi=2023"
10,"S Lebowitz, B Emonts, DM Terndrup…","The Dragonfly Galaxy. III. Jet Brightening of a High-redshift Radio Source Caught in a Violent Merger of Disk Galaxies",2023,"The Astrophysical …","iopscience.iop.org","https://iopscience.iop.org/article/10.3847/1538-4357/acd3ed/meta","https://scholar.google.com/scholar?cites=12476270050656494624&as_sdt=2005&sciodt=0,5&hl=en",129,"2026-04-12 18:56:36","HTML","10.3847/1538-4357/acd3ed","",,,,,,10,3.33,3,4,3,"… We find that the Dragonfly consists of two galaxies with … The Dragonfly galaxy therefore likely appears as a powerful … important in the evolution of the Dragonfly system. The Keck data …","https://iopscience.iop.org/article/10.3847/1538-4357/acd3ed/meta","https://scholar.google.com/scholar?q=related:IKQ5S4KdJK0J:scholar.google.com/&scioq=odonata%7Cdragonfly%7Cdragonflies%7Cdamselfly%7Cdamselflies&hl=en&as_sdt=0,5&as_ylo=2023&as_yhi=2023"
0,"G Scholl","The dragonfly in Cheyenne: Art and culture",2023,"Whispering Wind","search.informit.org","https://search.informit.org/doi/abs/10.3316/informit.T2024030800013491474165069","",499,"2026-04-12 18:56:36","","10.3316/informit.T2024030800013491474165069","",,,,,,0,0.00,0,1,3,"The use of dragonfly symbols in Cheyenne art and culture has been well documented. … mention of the importance of the dragonfly. He wrote that the dragonfly typifies, ""swiftness and …","","https://scholar.google.com/scholar?q=related:EThNOxxEfH0J:scholar.google.com/&scioq=odonata%7Cdragonfly%7Cdragonflies%7Cdamselfly%7Cdamselflies&hl=en&as_sdt=0,5&as_ylo=2023&as_yhi=2023"
0,"A Nanda, A Anthony, T Kerestes, J Prince…","The Dragonfly Pedicle: A Safe and Effective Technique for Reduction Mammaplasty",2023,"… Surgery–Global Open","journals.lww.com","https://journals.lww.com/prsgo/fulltext/2023/10001/the_dragonfly_pedicle__a_safe_and_effective.209.aspx?context=latestarticles","",424,"2026-04-12 18:56:36","","","",,,,,,0,0.00,0,5,3,"… our experience with a novel “dragonfly” pedicle for reduction … reduction mammaplasty with dragonfly pedicle technique at the … RESULTS: Seven patients were treated with the dragonfly …","https://journals.lww.com/prsgo/_layouts/15/oaks.journals/downloadpdf.aspx?an=01720096-202310001-00209","https://scholar.google.com/scholar?q=related:nyjzM1CdPgoJ:scholar.google.com/&scioq=odonata%7Cdragonfly%7Cdragonflies%7Cdamselfly%7Cdamselflies&hl=en&as_sdt=0,5&as_ylo=2023&as_yhi=2023"
0,"M Rezvani Tavakol…","The Effect of Graphene Nanoparticles on the Strength of the Sandwich Panel Structure Inspired by the Dragonfly Wing Vein Microstructure under Quasi …",2023,"Amirkabir …","Amirkabir University of Technology","","",512,"2026-04-12 18:56:36","CITATION","","",,,,,,0,0.00,0,2,3,"","","https://scholar.google.com/scholar?q=related:O70dn6hPDkIJ:scholar.google.com/&scioq=odonata%7Cdragonfly%7Cdragonflies%7Cdamselfly%7Cdamselflies&hl=en&as_sdt=0,5&as_ylo=2023&as_yhi=2023"
11,"G Wos, G Palomar, M Marszałek, W Babik…","The effect of temperature and invasive alien predator on genetic and phenotypic variation in the damselfly Ischnura elegans: cross-latitude comparison",2023,"Frontiers in Zoology","Springer","https://link.springer.com/article/10.1186/s12983-023-00494-z","https://scholar.google.com/scholar?cites=9755138534004496661&as_sdt=2005&sciodt=0,5&hl=en",98,"2026-04-12 18:56:36","HTML","10.1186/s12983-023-00494-z","",,,,,,11,3.67,2,5,3,"… A strong thermal response in high-latitude damselflies might be … affect larval development and growth in Odonata [38], and … For example, exposure to the native dragonfly cue increased …","https://link.springer.com/article/10.1186/s12983-023-00494-z","https://scholar.google.com/scholar?q=related:FRkQzs82YYcJ:scholar.google.com/&scioq=odonata%7Cdragonfly%7Cdragonflies%7Cdamselfly%7Cdamselflies&hl=en&as_sdt=0,5&as_ylo=2023&as_yhi=2023"
0,"A Gregg","The Effects of Polyethylene Microplastics on Dragonfly Nymphs",2023,"","rave.ohiolink.edu","https://rave.ohiolink.edu/etdc/view?acc_num=ma1682984336447419","",474,"2026-04-12 18:56:36","","","",,,,,,0,0.00,0,1,3,"… microplastic (PE) exposure on dragonfly nymph respiration. Dragonfly nymph’s are ideal for this … Neither exposure time nor MP exposure had a statistically significant effect on dragonfly …","https://etd.ohiolink.edu/acprod/odb_etd/ws/send_file/send?accession=ma1682984336447419&disposition=inline","https://scholar.google.com/scholar?q=related:jPUOE4GV3J0J:scholar.google.com/&scioq=odonata%7Cdragonfly%7Cdragonflies%7Cdamselfly%7Cdamselflies&hl=en&as_sdt=0,5&as_ylo=2023&as_yhi=2023"
2,"A Gregg","The Effects of Polyethylene Microplastics on Dragonfly Nymphs [Undergraduate thesis, Malone University]. OhioLINK Electronic Theses and Dissertations …",2023,"","","","https://scholar.google.com/scholar?cites=11030873642066926680&as_sdt=2005&sciodt=0,5&hl=en",825,"2026-04-12 18:56:36","CITATION","","",,,,,,2,0.67,2,1,3,"","","https://scholar.google.com/scholar?q=related:WFyeJSKJFZkJ:scholar.google.com/&scioq=odonata%7Cdragonfly%7Cdragonflies%7Cdamselfly%7Cdamselflies&hl=en&as_sdt=0,5&as_ylo=2023&as_yhi=2023"
4,"D Huang, X Lian, Y Fu, A Nel","The first Chinese representative of the Cenozoic hawker dragonfly Oligaeschna (Odonata: Aeshnidae) from the Eocene of North Tibet",2023,"Historical Biology","Taylor &Francis","https://www.tandfonline.com/doi/abs/10.1080/08912963.2022.2071713","https://scholar.google.com/scholar?cites=15329118873788863108&as_sdt=2005&sciodt=0,5&hl=en",181,"2026-04-12 18:56:36","","10.1080/08912963.2022.2071713","",,,,,,4,1.33,1,4,3,"… of an aeshnid dragonfly that represents the first Cenozoic hawker dragonfly in China. … The nomenclature of the dragonfly wing venation used in this paper is based on the interpretations …","","https://scholar.google.com/scholar?q=related:hNLrB2b4u9QJ:scholar.google.com/&scioq=odonata%7Cdragonfly%7Cdragonflies%7Cdamselfly%7Cdamselflies&hl=en&as_sdt=0,5&as_ylo=2023&as_yhi=2023"
4,"L Juen, R Koroiva, F Geraldo de Carvalho…","The First Mitochondrial Genome of an Odonata Endemic to South America, Chalcopteryx rutilans (Rambur, 1842) (Odonata: Polythoridae), and Its …",2023,"Diversity","mdpi.com","https://www.mdpi.com/1424-2818/15/8/908","https://scholar.google.com/scholar?cites=18211143658666191763&as_sdt=2005&sciodt=0,5&hl=en",188,"2026-04-12 18:56:36","HTML","","",,,,,,4,1.33,1,4,3,"… Odonata (Hexapoda: Insecta) is an order of insects known as dragonflies and damselflies. It … of aquatic environments, genomic knowledge of Odonata is still far behind that of the other …","https://www.mdpi.com/1424-2818/15/8/908","https://scholar.google.com/scholar?q=related:k-tnuKv6uvwJ:scholar.google.com/&scioq=odonata%7Cdragonfly%7Cdragonflies%7Cdamselfly%7Cdamselflies&hl=en&as_sdt=0,5&as_ylo=2023&as_yhi=2023"
3,"A Nel, R Garrouste, R Prevec","The first Permian Gondwanan damselfly-like Protozygoptera (Insecta, Odonatoptera)",2023,"Historical Biology","Taylor &Francis","https://www.tandfonline.com/doi/abs/10.1080/08912963.2022.2067996","https://scholar.google.com/scholar?cites=3328107957792457876&as_sdt=2005&sciodt=0,5&hl=en",278,"2026-04-12 18:56:36","","10.1080/08912963.2022.2067996","",,,,,,3,1.00,1,3,3,"Afrozygopteron inexpectatus gen. et sp. nov., the oldest known representative of the protozygopteran grade from Gondwana, is described from the Guadalupian of Southern Africa. It is …","","https://scholar.google.com/scholar?q=related:lMRe9o3QLy4J:scholar.google.com/&scioq=odonata%7Cdragonfly%7Cdragonflies%7Cdamselfly%7Cdamselflies&hl=en&as_sdt=0,5&as_ylo=2023&as_yhi=2023"
0,"J DARKIN","The first record of a viviparous lizard Zootoca vivipara predating a blue-tailed damselfly Ischnura elegans",2023,"Herpetological Bulletin","lacerta.de","https://lacerta.de/AF/Bibliografie/BIB_16866.pdf","",570,"2026-04-12 18:56:36","PDF","","",,,,,,0,0.00,0,1,3,"… The blue-tailed damselfly Ischnura elegans is a small (27–35mm) dark damselfly, widely distributed across Europe and Asia, with a similar range to Z. vivipara. It is commonly found …","https://lacerta.de/AF/Bibliografie/BIB_16866.pdf","https://scholar.google.com/scholar?q=related:FyiSzVftIgAJ:scholar.google.com/&scioq=odonata%7Cdragonfly%7Cdragonflies%7Cdamselfly%7Cdamselflies&hl=en&as_sdt=0,5&as_ylo=2023&as_yhi=2023"
10,"A Fadel, F Guerrieri, S Pincebourde","The functional relationship between aquatic insects and cyanobacteria: A systematic literature review reveals major knowledge gaps",2023,"Total Environment Research Themes","Elsevier","https://www.sciencedirect.com/science/article/pii/S2772809923000552","https://scholar.google.com/scholar?cites=192112376312939911&as_sdt=2005&sciodt=0,5&hl=en",817,"2026-04-12 18:56:36","HTML","","",,,,,,10,3.33,3,3,3,"… dragonflies (Odonata), the impact of Bt larvicidal engineered cyanobacteria on biological indicators like Chironomidae, the lack of studies on climate change impacts on the functional …","https://www.sciencedirect.com/science/article/pii/S2772809923000552","https://scholar.google.com/scholar?q=related:h8UWOzCFqgIJ:scholar.google.com/&scioq=odonata%7Cdragonfly%7Cdragonflies%7Cdamselfly%7Cdamselflies&hl=en&as_sdt=0,5&as_ylo=2023&as_yhi=2023"
5,"BW Price, EL Allan, NHMGA Lab…","The genome sequence of the White-legged damselfly, Platycnemis pennipes (Pallas, 1771)",2023,"Wellcome Open …","pmc.ncbi.nlm.nih.gov","https://pmc.ncbi.nlm.nih.gov/articles/PMC11099507/","https://scholar.google.com/scholar?cites=781050553266656782&as_sdt=2005&sciodt=0,5&hl=en",133,"2026-04-12 18:56:36","HTML","","",,,,,,5,1.67,1,4,3,"We present a genome assembly from an individual male Platycnemis pennipes (the White-legged damselfly; Arthropoda; Insecta; Odonata; Platycnemididae). The genome sequence is …","https://pmc.ncbi.nlm.nih.gov/articles/PMC11099507/","https://scholar.google.com/scholar?q=related:DtYUC1fZ1goJ:scholar.google.com/&scioq=odonata%7Cdragonfly%7Cdragonflies%7Cdamselfly%7Cdamselflies&hl=en&as_sdt=0,5&as_ylo=2023&as_yhi=2023"
0,"BW Price, EL Allan","The genome sequence of the White-legged damselfly, Platycnemis pennipes (Pallas, 1771)[version 1; peer review",2023,"","pdfs.semanticscholar.org","https://pdfs.semanticscholar.org/22c7/2cbbef62f7a54eebe66d2cb12a97a7aff212.pdf","",471,"2026-04-12 18:56:36","PDF","","",,,,,,0,0.00,0,2,3,"We present a genome assembly from an individual male Platycnemis pennipes (the White-legged damselfly; Arthropoda; Insecta; Odonata; Platycnemididae). The genome sequence is …","https://pdfs.semanticscholar.org/22c7/2cbbef62f7a54eebe66d2cb12a97a7aff212.pdf","https://scholar.google.com/scholar?q=related:QxGaXdbXPGwJ:scholar.google.com/&scioq=odonata%7Cdragonfly%7Cdragonflies%7Cdamselfly%7Cdamselflies&hl=en&as_sdt=0,5&as_ylo=2023&as_yhi=2023"
2,"BW Price, EL Allan","The genome sequence of the Whitelegged damselfly",2023,"Platycnemis pennipes","","","https://scholar.google.com/scholar?cites=1561432666226631646&as_sdt=2005&sciodt=0,5&hl=en",836,"2026-04-12 18:56:36","CITATION","","",,,,,,2,0.67,1,2,3,"","","https://scholar.google.com/scholar?q=related:3iMhs7xSqxUJ:scholar.google.com/&scioq=odonata%7Cdragonfly%7Cdragonflies%7Cdamselfly%7Cdamselflies&hl=en&as_sdt=0,5&as_ylo=2023&as_yhi=2023"
17,"W Babik, K Dudek, M Marszałek…","The genomic response to urbanization in the damselfly Ischnura elegans",2023,"Evolutionary …","Wiley Online Library","https://onlinelibrary.wiley.com/doi/abs/10.1111/eva.13603","https://scholar.google.com/scholar?cites=1847522402824281155&as_sdt=2005&sciodt=0,5&hl=en",35,"2026-04-12 18:56:36","","10.1111/eva.13603","",,,,,,17,5.67,4,4,3,"The complex and rapid environmental changes brought about by urbanization pose significant challenges to organisms. The multifaceted effects of urbanization often make it difficult to …","https://onlinelibrary.wiley.com/doi/pdf/10.1111%2Feva.13603","https://scholar.google.com/scholar?q=related:Q9zqNta3oxkJ:scholar.google.com/&scioq=odonata%7Cdragonfly%7Cdragonflies%7Cdamselfly%7Cdamselflies&hl=en&as_sdt=0,5&as_ylo=2023&as_yhi=2023"
3,"W Babik, K Dudek, M Marszałek, G Palomar, B Antunes…","The genomic response to urbanization in the damselfly Ischnura elegans. Evolutionary Applications 16: 1805–1818",2023,"","","","https://scholar.google.com/scholar?cites=11440532724407718916&as_sdt=2005&sciodt=0,5&hl=en",754,"2026-04-12 18:56:36","CITATION","","",,,,,,3,1.00,1,6,3,"","","https://scholar.google.com/scholar?q=related:BNSN9-XvxJ4J:scholar.google.com/&scioq=odonata%7Cdragonfly%7Cdragonflies%7Cdamselfly%7Cdamselflies&hl=en&as_sdt=0,5&as_ylo=2023&as_yhi=2023"
4,"B Willink, K Tunström, S Nilén, R Chikhi, T Lemane…","The genomics and evolution of inter-sexual mimicry and female-limited polymorphisms in damselflies. Nat. Ecol. Evol. 8: 83–97",2023,"","","","https://scholar.google.com/scholar?cites=11852769101229622869&as_sdt=2005&sciodt=0,5&hl=en",731,"2026-04-12 18:56:36","CITATION","","",,,,,,4,1.33,1,6,3,"","","https://scholar.google.com/scholar?q=related:VYaE67J-faQJ:scholar.google.com/&scioq=odonata%7Cdragonfly%7Cdragonflies%7Cdamselfly%7Cdamselflies&hl=en&as_sdt=0,5&as_ylo=2023&as_yhi=2023"
0,"N Makbun","The genus Sympetrum Newman, 1833 in Thailand, with description of S. thailandensis sp. nov.(Odonata: Libellulidae).",2023,"Zootaxa","europepmc.org","https://europepmc.org/article/med/37518425","",645,"2026-04-12 18:56:36","","","",,,,,,0,0.00,0,1,3,"The records of genus Sympetrum Newman, 1833 from Thailand were analysed. The unidentified Sympetrum sp. reported from Chiang Mai and Loei provinces in the past is confirmed …","","https://scholar.google.com/scholar?q=related:XuvmP1KjkIIJ:scholar.google.com/&scioq=odonata%7Cdragonfly%7Cdragonflies%7Cdamselfly%7Cdamselflies&hl=en&as_sdt=0,5&as_ylo=2023&as_yhi=2023"
2,"J Kipping, V Clausnitzer…","The highlands and escarpments of Angola as an endemism hotspot for African dragonflies and damselflies (Insects: Odonata)",2023,"Namibian Journal of …","repository.naturalis.nl","https://repository.naturalis.nl/pub/800350","https://scholar.google.com/scholar?cites=3687062964763393161&as_sdt=2005&sciodt=0,5&hl=en",171,"2026-04-12 18:56:36","","","",,,,,,2,0.67,1,3,3,"The plateaus and escarpments of Angola are a major centre of Odonata endemism in Africa, rivalling and possibly surpassing the highlands of Ethiopia and South Africa. We discuss 34 …","https://repository.naturalis.nl/pub/800350/Kipping_2023_highlands-escarpments-angola-hotspot-dragonflies-A.pdf","https://scholar.google.com/scholar?q=related:iXw4RzsUKzMJ:scholar.google.com/&scioq=odonata%7Cdragonfly%7Cdragonflies%7Cdamselfly%7Cdamselflies&hl=en&as_sdt=0,5&as_ylo=2023&as_yhi=2023"
16,"K Rahmati, S Taherinasab","The importance of reconfiguration of the distribution network to achieve minimization of energy losses using the dragonfly algorithm",2023,"e-Prime-Advances in Electrical Engineering …","Elsevier","https://www.sciencedirect.com/science/article/pii/S2772671123001651","https://scholar.google.com/scholar?cites=3092976974816968542&as_sdt=2005&sciodt=0,5&hl=en",39,"2026-04-12 18:56:36","HTML","","",,,,,,16,5.33,8,2,3,"In this article, a method for reconfiguring the distribution network with the presence of production sources to minimize energy losses is presented. Also, besides the reconfiguration issue…","https://www.sciencedirect.com/science/article/pii/S2772671123001651","https://scholar.google.com/scholar?q=related:Xn9t2it27CoJ:scholar.google.com/&scioq=odonata%7Cdragonfly%7Cdragonflies%7Cdamselfly%7Cdamselflies&hl=en&as_sdt=0,5&as_ylo=2023&as_yhi=2023"
8,"JJ Willacker, CA Eagles-Smith, SJ Nelson…","The influence of short-term temporal variability on the efficacy of dragonfly larvae as mercury biosentinels",2023,"Science of the Total …","Elsevier","https://www.sciencedirect.com/science/article/pii/S0048969723000840","https://scholar.google.com/scholar?cites=18378658050466888445&as_sdt=2005&sciodt=0,5&hl=en",107,"2026-04-12 18:56:36","","","",,,,,,8,2.67,2,4,3,"… dragonfly larvae were examined in relation to spatial variability among 21 sites in two US national parks with contrasting ecologies and Hg deposition patterns. Dragonfly … in dragonflies …","","https://scholar.google.com/scholar?q=related:_bpzYh8cDv8J:scholar.google.com/&scioq=odonata%7Cdragonfly%7Cdragonflies%7Cdamselfly%7Cdamselflies&hl=en&as_sdt=0,5&as_ylo=2023&as_yhi=2023"
1,"S Yoon","The integrated dataset for occurrence of Odonata species in South Korea",2023,"Geo Data","","","https://scholar.google.com/scholar?cites=3883290616122271634&as_sdt=2005&sciodt=0,5&hl=en",370,"2026-04-12 18:56:36","CITATION","","",,,,,,1,0.33,1,1,3,"","","https://scholar.google.com/scholar?q=related:kmeTpT045DUJ:scholar.google.com/&scioq=odonata%7Cdragonfly%7Cdragonflies%7Cdamselfly%7Cdamselflies&hl=en&as_sdt=0,5&as_ylo=2023&as_yhi=2023"
24,"R Noda, X Liu, C Hefler, W Shyy…","The interplay of kinematics and aerodynamics in multiple flight modes of a dragonfly",2023,"Journal of Fluid …","cambridge.org","https://www.cambridge.org/core/journals/journal-of-fluid-mechanics/article/interplay-of-kinematics-and-aerodynamics-in-multiple-flight-modes-of-a-dragonfly/5FB083E29F543FD25D5B8DB50CEB2C57","https://scholar.google.com/scholar?cites=15536538269534300783&as_sdt=2005&sciodt=0,5&hl=en",14,"2026-04-12 18:56:36","","","",,,,,,24,8.00,5,5,3,"This paper presents the effects of wing kinematics on both normal forward flight and escape flight of a dragonfly. A Navier–Stokes-based numerical model has been adopted, and results …","https://www.cambridge.org/core/services/aop-cambridge-core/content/view/5FB083E29F543FD25D5B8DB50CEB2C57/S0022112023004718a.pdf/div-class-title-the-interplay-of-kinematics-and-aerodynamics-in-multiple-flight-modes-of-a-dragonfly-div.pdf","https://scholar.google.com/scholar?q=related:b6racj3fnNcJ:scholar.google.com/&scioq=odonata%7Cdragonfly%7Cdragonflies%7Cdamselfly%7Cdamselflies&hl=en&as_sdt=0,5&as_ylo=2023&as_yhi=2023"
2,"R Novelo-Gutierrez, CA Bota-Sierra","The larvae of Cora inca Selys, 1873 and Polythore gigantea (Selys, 1853) from Colombia (Odonata: Polythoridae), with a larval diagnoses of some genera in the …",2023,"Zootaxa","europepmc.org","https://europepmc.org/article/med/37044705","https://scholar.google.com/scholar?cites=4370826327666999164&as_sdt=2005&sciodt=0,5&hl=en",497,"2026-04-12 18:56:36","","","",,,,,,2,0.67,1,2,3,"The larvae of Cora inca Selys, 1873 and Polythore gigantea (Selys, 1853) were found in first and second order forested streams at the Tatamá Natural National Park in the Colombian …","","https://scholar.google.com/scholar?q=related:fD-EK2NLqDwJ:scholar.google.com/&scioq=odonata%7Cdragonfly%7Cdragonflies%7Cdamselfly%7Cdamselflies&hl=en&as_sdt=0,5&as_ylo=2023&as_yhi=2023"
1,"G Theischinger, R Coy","The larvae of'Austroargiolestes Alpinus, A. Christine and Griseargiolestes Fontanus', with notes on habitat and oviposition of these species (Odonata: Zygoptera …",2023,"TheAustralian Entomologist","search.informit.org","https://search.informit.org/doi/abs/10.3316/informit.138822915091032","https://scholar.google.com/scholar?cites=8963703957807514424&as_sdt=2005&sciodt=0,5&hl=en",366,"2026-04-12 18:56:36","","10.3316/informit.138822915091032","",,,,,,1,0.33,1,2,3,"… Dragonfly larvae (Odonata): A guide to the identification of larvae of Australian families and … On the morphology of the caudal gills of the larvae of zygopterid dragonflies. Introduction, …","","https://scholar.google.com/scholar?q=related:OEPhBEJ5ZXwJ:scholar.google.com/&scioq=odonata%7Cdragonfly%7Cdragonflies%7Cdamselfly%7Cdamselflies&hl=en&as_sdt=0,5&as_ylo=2023&as_yhi=2023"
17,"G La Porta, F Landi, F Leandri…","The new checklist of the Italian fauna: Odonata",2023,"… –The Journal of …","escholarship.org","https://escholarship.org/uc/item/72f1309t","https://scholar.google.com/scholar?cites=3393433132561312965&as_sdt=2005&sciodt=0,5&hl=en",10,"2026-04-12 18:56:36","","","",,,,,,17,5.67,4,4,3,"Seventeen years after the publication of the last checklist of the damselflies and dragonflies found in Italy, an updated list has been compiled. This list reports 95 species belonging to 10 …","https://escholarship.org/content/qt72f1309t/qt72f1309t.pdf","https://scholar.google.com/scholar?q=related:xaxbc3TlFy8J:scholar.google.com/&scioq=odonata%7Cdragonfly%7Cdragonflies%7Cdamselfly%7Cdamselflies&hl=en&as_sdt=0,5&as_ylo=2023&as_yhi=2023"
7,"A Nel, B Piney, A Córdoba-Aguilar…","The Odonatoptera: a clade that contains 99% of Odonata fossil diversity",2023,"Dragonflies and …","Oxford University Press","","https://scholar.google.com/scholar?cites=6374802835844651525&as_sdt=2005&sciodt=0,5&hl=en",642,"2026-04-12 18:56:36","CITATION","","",,,,,,7,2.33,2,4,3,"","","https://scholar.google.com/scholar?q=related:BVqsb2fZd1gJ:scholar.google.com/&scioq=odonata%7Cdragonfly%7Cdragonflies%7Cdamselfly%7Cdamselflies&hl=en&as_sdt=0,5&as_ylo=2023&as_yhi=2023"
0,"M Gilavyan","THE PARABLE"" THE DRAGONFLY AND THE ANT"" BY PATVAKAN KHACHATRYAN'S INTERPRETATION",2023,"Russian Language In Armenia","ruslanginarmenia.aspu.am","https://ruslanginarmenia.aspu.am/index.php/ruslanginarmenia/article/view/34","",529,"2026-04-12 18:56:36","","","",,,,,,0,0.00,0,1,3,"The article examines the issues about educational, cognitive, and aesthetic uniqueness of the parable-poem by modern writer Patvakan Khachatryan. With the contrast of the …","https://ruslanginarmenia.aspu.am/index.php/ruslanginarmenia/article/download/34/34","https://scholar.google.com/scholar?q=related:LHyRrbWXH7wJ:scholar.google.com/&scioq=odonata%7Cdragonfly%7Cdragonflies%7Cdamselfly%7Cdamselflies&hl=en&as_sdt=0,5&as_ylo=2023&as_yhi=2023"
2,"WC Yeh, FS Hu","The real status of Chlorogomphus splendidus (Selys, 1878) in Taiwan (Odonata: Chlorogomphidae).",2023,"Taiwanese Journal of Entomological Studies","researchgate.net","https://www.researchgate.net/profile/Fang-Shuo-Hu-2/publication/369489664_The_Real_Status_of_Chlorogomphus_splendidus_Selys_1878_in_Taiwan_Odonata_Chlorogomphidae/links/641dc23a92cfd54f8428a04c/The-Real-Status-of-Chlorogomphus-splendidus-Selys-1878-in-Taiwan-Odonata-Chlorogomphidae.pdf","https://scholar.google.com/scholar?cites=3770874902578707740&as_sdt=2005&sciodt=0,5&hl=en",590,"2026-04-12 18:56:36","PDF","","",,,,,,2,0.67,1,2,3,"The single record of Chlorogomphus splendidus (Selys, 1878) in Taiwan was based on a single female specimen collected from Lanyu Island in eastern Taiwan. The status of this …","https://www.researchgate.net/profile/Fang-Shuo-Hu-2/publication/369489664_The_Real_Status_of_Chlorogomphus_splendidus_Selys_1878_in_Taiwan_Odonata_Chlorogomphidae/links/641dc23a92cfd54f8428a04c/The-Real-Status-of-Chlorogomphus-splendidus-Selys-1878-in-Taiwan-Odonata-Chlorogomphidae.pdf","https://scholar.google.com/scholar?q=related:HL2jtL7WVDQJ:scholar.google.com/&scioq=odonata%7Cdragonfly%7Cdragonflies%7Cdamselfly%7Cdamselflies&hl=en&as_sdt=0,5&as_ylo=2023&as_yhi=2023"
1,"R Novelo-Gutierrez, JA Gomez-Anaya","The rediscovery of Heteragrion azulum Dunkle, 1989 with additional notes on the female (Odonata: Heteragrionidae).",2023,"Zootaxa","europepmc.org","https://europepmc.org/article/med/37045229","https://scholar.google.com/scholar?cites=6984562864282286603&as_sdt=2005&sciodt=0,5&hl=en",581,"2026-04-12 18:56:36","","","",,,,,,1,0.33,1,2,3,"Some details of the morphology of the female of Heteragrion azulum Dunkle, 1989 are described for the first time such as the intersternite, and illustrated with high quality photographs, …","","https://scholar.google.com/scholar?q=related:CzruVOsm7mAJ:scholar.google.com/&scioq=odonata%7Cdragonfly%7Cdragonflies%7Cdamselfly%7Cdamselflies&hl=en&as_sdt=0,5&as_ylo=2023&as_yhi=2023"
4,"W Higashikawa, M Sueyoshi, T Mori, R Yonekura…","The Satogawa Index: A landscape-based indicator for freshwater biodiversity in Japan",2023,"Ecological …","Elsevier","https://www.sciencedirect.com/science/article/pii/S1470160X23004922","https://scholar.google.com/scholar?cites=6975203223433181232&as_sdt=2005&sciodt=0,5&hl=en",690,"2026-04-12 18:56:36","HTML","","",,,,,,4,1.33,1,5,3,"… We calculated the SGI at a central region in Japan and found significant relationships with the species richness of Odonata (dragonflies and damselflies) and freshwater fish. The …","https://www.sciencedirect.com/science/article/pii/S1470160X23004922","https://scholar.google.com/scholar?q=related:MPjkIGDmzGAJ:scholar.google.com/&scioq=odonata%7Cdragonfly%7Cdragonflies%7Cdamselfly%7Cdamselflies&hl=en&as_sdt=0,5&as_ylo=2023&as_yhi=2023"
0,"I Conradi, M Chavez","The Serpent and the Dragonfly: Into the Unknown",2023,"","ieeexplore.ieee.org","https://ieeexplore.ieee.org/abstract/document/10789818/","",890,"2026-04-12 18:56:36","CITATION","","",,,,,,0,0.00,0,2,3,"The Serpent and the Dragonfly: Into the Unknown | part of Doors to Hidden Worlds: The Power of Visualization in Science, Media, and Art | De Gruyter books | IEEE Xplore The …","","https://scholar.google.com/scholar?q=related:SqW9GDRkxZ4J:scholar.google.com/&scioq=odonata%7Cdragonfly%7Cdragonflies%7Cdamselfly%7Cdamselflies&hl=en&as_sdt=0,5&as_ylo=2023&as_yhi=2023"
5,"CG Semiun, YI Mamulak, E Pani…","The study of dragonfly (Odonata) diversity as bioindicator of water quality in Science Techno Park Spring-Beleknehe Village",2023,"Jurnal Biologi …","jurnalfkip.unram.ac.id","https://jurnalfkip.unram.ac.id/index.php/JBT/article/view/4477","https://scholar.google.com/scholar?cites=18388523425143262966&as_sdt=2005&sciodt=0,5&hl=en",123,"2026-04-12 18:56:36","","","",,,,,,5,1.67,1,4,3,"… : Dragonflies are bioindicator insects for the quality of the aquatic environment, especially springs. This study aims to determine the types of dragonflies … consisted of dragonfly samples …","https://jurnalfkip.unram.ac.id/index.php/JBT/article/download/4477/2830","https://scholar.google.com/scholar?q=related:9g6d66AoMf8J:scholar.google.com/&scioq=odonata%7Cdragonfly%7Cdragonflies%7Cdamselfly%7Cdamselflies&hl=en&as_sdt=0,5&as_ylo=2023&as_yhi=2023"
1,"A Nel, C Jouault, G Cunha Ribeiro","The third aeschnidiid dragonfly genus and species from the Lower Cretaceous Crato Formation (Odonata, Anisoptera)",2023,"Historical Biology","Taylor &Francis","https://www.tandfonline.com/doi/abs/10.1080/08912963.2022.2067995","https://scholar.google.com/scholar?cites=12740887582744135474&as_sdt=2005&sciodt=0,5&hl=en",342,"2026-04-12 18:56:36","","10.1080/08912963.2022.2067995","",,,,,,1,0.33,0,3,3,"… that much can be expected in regard to discovering the Odonata in the Crato Formation. … The family Aeschnidiidae is a speciose fossil dragonfly clade currently encompassing 33 genera…","https://insu.hal.science/insu-03653388/file/Binder1.pdf","https://scholar.google.com/scholar?q=related:MkemnMC50LAJ:scholar.google.com/&scioq=odonata%7Cdragonfly%7Cdragonflies%7Cdamselfly%7Cdamselflies&hl=en&as_sdt=0,5&as_ylo=2023&as_yhi=2023"
18,"C Theys, J Verheyen, V Delnat, L Janssens…","Thermal and latitudinal patterns in pace-of-life traits are partly mediated by the gut microbiome",2023,"Science of the Total …","Elsevier","https://www.sciencedirect.com/science/article/pii/S0048969722059289","https://scholar.google.com/scholar?cites=13398778195669116215&as_sdt=2005&sciodt=0,5&hl=en",536,"2026-04-12 18:56:36","","","",,,,,,18,6.00,4,5,3,"… Comparing the bacterial composition of the food source and the bacterioplankton indicated that damselfly larvae differentially take up bacteria from the surrounding environment and …","https://papers.ssrn.com/sol3/Delivery.cfm?abstractid=4145439","https://scholar.google.com/scholar?q=related:N2UbeccF8rkJ:scholar.google.com/&scioq=odonata%7Cdragonfly%7Cdragonflies%7Cdamselfly%7Cdamselflies&hl=en&as_sdt=0,5&as_ylo=2023&as_yhi=2023"
0,"D Bae, D Steinfeld, F Robinson, S Nichols","Thermal Design and Control of the Main Electronic Box in Titan Environment for the DraMS Instrument",2023,"","ttu-ir.tdl.org","https://ttu-ir.tdl.org/items/e81dde2e-0614-4226-96f4-672f33c14564","",869,"2026-04-12 18:56:36","","","",,,,,,0,0.00,0,4,3,"… The Dragonfly Mass Spectrometer (DraMS) is an instrument on the Dragonfly mission, … Conditioned room-temperature Titan atmospheric gas, supplied by the Dragonfly lander, will flow …","https://ttu-ir.tdl.org/bitstreams/29ec2f82-fb12-489e-865b-81cfb7622e4e/download","https://scholar.google.com/scholar?q=related:cmwKbfm1QAkJ:scholar.google.com/&scioq=odonata%7Cdragonfly%7Cdragonflies%7Cdamselfly%7Cdamselflies&hl=en&as_sdt=0,5&as_ylo=2023&as_yhi=2023"
1,"M Mahzari, M Gasch, S Muppidi…","Thermostructural Qualification of PICA-D for NASA Planetary Science Missions",2023,"20th Internation Planetary …","ntrs.nasa.gov","https://ntrs.nasa.gov/citations/20230012288","https://scholar.google.com/scholar?cites=12220569038317072265&as_sdt=2005&sciodt=0,5&hl=en",680,"2026-04-12 18:56:36","","","",,,,,,1,0.33,0,4,3,"… planetary science missions, Dragonfly mission to Titan and … of PICA-D, for both Dragonfly and SRL flight environments. This … for both SRL and Dragonfly design environments. The first …","https://ntrs.nasa.gov/api/citations/20230012288/downloads/IPPW2023_MiladMahzari.pdf","https://scholar.google.com/scholar?q=related:ia8GAssumKkJ:scholar.google.com/&scioq=odonata%7Cdragonfly%7Cdragonflies%7Cdamselfly%7Cdamselflies&hl=en&as_sdt=0,5&as_ylo=2023&as_yhi=2023"
1,"A Dalvi, Y Koli, R Thakur","Three new records of odonates (Insecta: Odonata) from Sindhudurg District, Maharashtra, India",2023,"Journal of Threatened Taxa","threatenedtaxa.org","https://threatenedtaxa.org/index.php/JoTT/article/view/8399","https://scholar.google.com/scholar?cites=5845411013803000297&as_sdt=2005&sciodt=0,5&hl=en",301,"2026-04-12 18:56:36","","","",,,,,,1,0.33,0,3,3,"… He is documenting Odonata diversity of the Konkan region, and reported five new records … walli from Indian Odonata checklist because current records are only based on photographic …","https://threatenedtaxa.org/index.php/JoTT/article/download/8399/9266","https://scholar.google.com/scholar?q=related:6UHiw1gSH1EJ:scholar.google.com/&scioq=odonata%7Cdragonfly%7Cdragonflies%7Cdamselfly%7Cdamselflies&hl=en&as_sdt=0,5&as_ylo=2023&as_yhi=2023"
7,"A Boonyaprapasorn, S Kuntanapreeda…","Time-varying sliding mode controller for heat exchanger with dragonfly algorithm",2023,"International Journal of …","academia.edu","https://www.academia.edu/download/103110617/37_30635_EM_K.pdf","https://scholar.google.com/scholar?cites=12486670695336494271&as_sdt=2005&sciodt=0,5&hl=en",131,"2026-04-12 18:56:36","PDF","","",,,,,,7,2.33,2,3,3,"This article proposes the design of a sliding mode controller with a time-varying sliding surface for the plate heat exchanger. A time-varying sliding mode controller (TVSMC) combines …","https://www.academia.edu/download/103110617/37_30635_EM_K.pdf","https://scholar.google.com/scholar?q=related:v8TPFteQSa0J:scholar.google.com/&scioq=odonata%7Cdragonfly%7Cdragonflies%7Cdamselfly%7Cdamselflies&hl=en&as_sdt=0,5&as_ylo=2023&as_yhi=2023"
0,"DA Williams, MH Flood","TITLE 1 2 Haematoloechus sp. attachment shifts endothelium in vivo from pro-to anti-inflammatory profile in Rana 3 pipiens: evidence from systemic and capillary …",,"journals.physiology.org","","https://journals.physiology.org/doi/prev/20230605-aop/pdf/10.1152/ajpregu.00041.2023?download=true","",775,"2026-04-12 18:56:36","","10.1152/ajpregu.00041.2023","",,,,,,0,0.00,0,2,,"… dragonflies or damselflies (odonata). When a frog (or toad) eats a dragonfly or damselfly … invertebrates including ants, beetles, 79 and dragonflies. Rana pipiens is a definitive host of …","","https://scholar.google.com/scholar?q=related:TJ8HMZnrFQsJ:scholar.google.com/&scioq=odonata%7Cdragonfly%7Cdragonflies%7Cdamselfly%7Cdamselflies&hl=en&as_sdt=0,5&as_ylo=2023&as_yhi=2023"
3,"F Hasan, M Imran, F Ahamd…","Towards workflow allocation using dragonfly algorithm in cloud computing environment",2023,"2023 IEEE International …","ieeexplore.ieee.org","https://ieeexplore.ieee.org/abstract/document/10262856/","https://scholar.google.com/scholar?cites=6940474305471654567&as_sdt=2005&sciodt=0,5&hl=en",214,"2026-04-12 18:56:36","","","",,,,,,3,1.00,1,4,3,"… Dragonfly algorithm (DA) [7], to minimize the makespan of workflow tasks from cloud users submitted for processing. Dragonfly … specifics about the proposed Dragonfly algorithm. The set …","","https://scholar.google.com/scholar?q=related:pypdzpuEUWAJ:scholar.google.com/&scioq=odonata%7Cdragonfly%7Cdragonflies%7Cdamselfly%7Cdamselflies&hl=en&as_sdt=0,5&as_ylo=2023&as_yhi=2023"
1,"S Ab Hamid, AH Jumaat","Toxicity Assessment on Odonata Larvae Survivability in Monitoring Heavy Metal Contaminations",2023,"Malaysian Applied Biology","jms.mabjournal.com","https://jms.mabjournal.com/index.php/mab/article/view/2652","https://scholar.google.com/scholar?cites=16004252957164659578&as_sdt=2005&sciodt=0,5&hl=en",401,"2026-04-12 18:56:36","","","",,,,,,1,0.33,1,2,3,"… of heavy metals and their harmful effects on Odonata larvae. Heavy metal accumulation can … This study was carried out to determine the heavy metal accumulation on Odonata larvae …","https://jms.mabjournal.com/index.php/mab/article/download/2652/877","https://scholar.google.com/scholar?q=related:emNLN0WHGt4J:scholar.google.com/&scioq=odonata%7Cdragonfly%7Cdragonflies%7Cdamselfly%7Cdamselflies&hl=en&as_sdt=0,5&as_ylo=2023&as_yhi=2023"
0,"GR da Silva","Trad Intuitio Insconsciente Socio Mari",2023,"Intuitio","academia.edu","https://www.academia.edu/download/109372647/Trad._Intuitio_Insconsciente_Socio._Mari.pdf","",930,"2026-04-12 18:56:36","HTML","","",,,,,,0,0.00,0,1,3,"… Dragonflies have an important role for the stability of the ecosystem that is as predator and … the species richness of dragonflies in the habitats. Reasearch on dragonfly comunity structure …","https://www.academia.edu/download/109372647/Trad._Intuitio_Insconsciente_Socio._Mari.pdf","https://scholar.google.com/scholar?q=related:wko7pHbj5xQJ:scholar.google.com/&scioq=odonata%7Cdragonfly%7Cdragonflies%7Cdamselfly%7Cdamselflies&hl=en&as_sdt=0,5&as_ylo=2023&as_yhi=2023"
0,"S Ryu, H Zhang, M Salcedo…","Transient perfusion flow patterns in a dragonfly forewing elucidated using a microfluidic model",2023,"INTEGRATIVE …","… DEPT, 2001 EVANS RD, CARY, NC …","","",876,"2026-04-12 18:56:36","CITATION","","",,,,,,0,0.00,0,4,3,"","","https://scholar.google.com/scholar?q=related:hWMIQQj_8TgJ:scholar.google.com/&scioq=odonata%7Cdragonfly%7Cdragonflies%7Cdamselfly%7Cdamselflies&hl=en&as_sdt=0,5&as_ylo=2023&as_yhi=2023"
14,"KS Ranjan, AA Pawar, A Roy, S Saha","Transoceanic migration network of dragonfly Pantala flavescens: origin, dispersal and timing",2023,"Frontiers in Ecology and …","frontiersin.org","https://www.frontiersin.org/journals/ecology-and-evolution/articles/10.3389/fevo.2023.1152384/full","https://scholar.google.com/scholar?cites=3275722460301263369&as_sdt=2005&sciodt=0,5&hl=en",90,"2026-04-12 18:56:36","HTML","10.3389/fevo.2023.1152384","",,,,,,14,4.67,4,4,3,"The awe-inspiring multi-generational, transoceanic migration circuit of dragonfly species, Pantala flavescens stretches from India to Africa. Understanding the collective role of wind, …","https://www.frontiersin.org/journals/ecology-and-evolution/articles/10.3389/fevo.2023.1152384/full","https://scholar.google.com/scholar?q=related:CYIG3Ti0dS0J:scholar.google.com/&scioq=odonata%7Cdragonfly%7Cdragonflies%7Cdamselfly%7Cdamselflies&hl=en&as_sdt=0,5&as_ylo=2023&as_yhi=2023"
0,"T Termaat, MF Wallis de Vries","Trending dragonflies: Assessing and explaining trends and threats",2023,"","library.wur.nl","https://library.wur.nl/WebQuery/titel/2329132","",373,"2026-04-12 18:56:36","HTML","","",,,,,,0,0.00,0,2,3,"… Dragonflies (Odonata, including damselflies) may be a … Many distribution records of dragonflies are available … robust trends in the distribution of dragonflies at different spatial scales in …","https://library.wur.nl/WebQuery/titel/2329132","https://scholar.google.com/scholar?q=related:OcADuff1c9MJ:scholar.google.com/&scioq=odonata%7Cdragonfly%7Cdragonflies%7Cdamselfly%7Cdamselflies&hl=en&as_sdt=0,5&as_ylo=2023&as_yhi=2023"
2,"T Termaat","Trending Dragonflies: Assessing and Explaining Trends and Threats on Different Scales",2023,"","search.proquest.com","https://search.proquest.com/openview/b76bcaa4a6bd7b3640a4dc7562ec64b3/1?pq-origsite=gscholar&cbl=2026366&diss=y","https://scholar.google.com/scholar?cites=22540989987999021&as_sdt=2005&sciodt=0,5&hl=en",196,"2026-04-12 18:56:36","","","",,,,,,2,0.67,2,1,3,"… In the Dutch Dragonfly Monitoring Scheme (DDMS) dragonflies are counted along fixed transects using a standardised field protocol concerning counting method, counting frequency, …","","https://scholar.google.com/scholar?q=related:Lc0eNekUUAAJ:scholar.google.com/&scioq=odonata%7Cdragonfly%7Cdragonflies%7Cdamselfly%7Cdamselflies&hl=en&as_sdt=0,5&as_ylo=2023&as_yhi=2023"
0,"T Faasen","Tukanobasis huamantincoae, a new species of damselfly from Peru (Odonata: Coenagrionidae), with updated generic characterization",2023,"International Journal of Odonatology","researchgate.net","https://www.researchgate.net/profile/Tim-Faasen/publication/370710023_Tukanobasis_huamantincoae_a_new_species_of_damselfly_from_Peru_Odonata_Coenagrionidae_with_updated_generic_characterization/links/645e4e0e434e26474fe102b2/Tukanobasis-huamantincoae-a-new-species-of-damselfly-from-Peru-Odonata-Coenagrionidae-with-updated-generic-characterization.pdf","",372,"2026-04-12 18:56:36","PDF","","",,,,,,0,0.00,0,1,3,"… Redefining the damselfly families: a comprehensive molecular phylogeny of Zygoptera (Odonata). Systemafic Entomology, 39, 68–96. https://resjournals.onlinelibrary.wiley.com/doi/ epdf…","https://www.researchgate.net/profile/Tim-Faasen/publication/370710023_Tukanobasis_huamantincoae_a_new_species_of_damselfly_from_Peru_Odonata_Coenagrionidae_with_updated_generic_characterization/links/645e4e0e434e26474fe102b2/Tukanobasis-huamantincoae-a-new-species-of-damselfly-from-Peru-Odonata-Coenagrionidae-with-updated-generic-characterization.pdf","https://scholar.google.com/scholar?q=related:4OmQ2GmdyYMJ:scholar.google.com/&scioq=odonata%7Cdragonfly%7Cdragonflies%7Cdamselfly%7Cdamselflies&hl=en&as_sdt=0,5&as_ylo=2023&as_yhi=2023"
2,"E Durand","Update on distribution, habitat requirements, and vulnerability of Onychogomphus boudoti in Morocco (Odonata: Gomphidae)",2023,"Odonatologica","BioOne","https://bioone.org/journals/odonatologica/volume-52/issue-1-2/odon.v52i1-2.a2/Update-on-distribution-habitat-requirements-and-vulnerability-of-iOnychogomphus-boudoti/10.5281/odon.v52i1-2.a2.short","https://scholar.google.com/scholar?cites=685818038103683889&as_sdt=2005&sciodt=0,5&hl=en",272,"2026-04-12 18:56:36","","10.5281/odon.v52i1-2.a2.short","",,,,,,2,0.67,2,1,3,". Since its description, Onychogomphus boudoti Ferreira, 2014 has been known only from two localities in Morocco in a limited part of the Middle-Atlas Mountains. The status and the …","https://www.researchgate.net/profile/Eric-Durand-6/publication/371285885_Update_on_distribution_habitat_requirements_and_vulnerability_of_Onychogomphus_boudoti_in_Morocco_Odonata_Gomphidae/links/651ab413321ec5513c2becae/Update-on-distribution-habitat-requirements-and-vulnerability-of-Onychogomphus-boudoti-in-Morocco-Odonata-Gomphidae.pdf","https://scholar.google.com/scholar?q=related:MbO5Pd-DhAkJ:scholar.google.com/&scioq=odonata%7Cdragonfly%7Cdragonflies%7Cdamselfly%7Cdamselflies&hl=en&as_sdt=0,5&as_ylo=2023&as_yhi=2023"
0,"AM Shavkatovna, MM Japakovich…","Update to the Status of Lindeni Tetraphylla (Vander Linden, 1825)(Odonata Gomphidae: Lindenia (De Haan, 1826)) in Uzbekistan, With Special Reference to the …",2023,"International Journal of …","wseas.com","https://wseas.com/journals/articles.php?id=7926","",673,"2026-04-12 18:56:36","","","",,,,,,0,0.00,0,3,3,"Considering that odontological studies have not been adequately conducted in the Khorezm oasis located in the north-western part of Uzbekistan, we presented the obtained results …","","https://scholar.google.com/scholar?q=related:7PMWUXTfIFMJ:scholar.google.com/&scioq=odonata%7Cdragonfly%7Cdragonflies%7Cdamselfly%7Cdamselflies&hl=en&as_sdt=0,5&as_ylo=2023&as_yhi=2023"
6,"JT Bried, M Rocha-Ortega","Using range size to augment regional priority listing of charismatic insects",2023,"Biological Conservation","Elsevier","https://www.sciencedirect.com/science/article/pii/S0006320723001994","https://scholar.google.com/scholar?cites=1050464940435157540&as_sdt=2005&sciodt=0,5&hl=en",576,"2026-04-12 18:56:36","","","",,,,,,6,2.00,3,2,3,"… for North American dragonflies and damselflies (Odonata). … the regional jurisdictions and Odonata species pools. Using the … 10 % of the world's described Odonata species and could be …","","https://scholar.google.com/scholar?q=related:JLKjN0wAlA4J:scholar.google.com/&scioq=odonata%7Cdragonfly%7Cdragonflies%7Cdamselfly%7Cdamselflies&hl=en&as_sdt=0,5&as_ylo=2023&as_yhi=2023"
0,"MG Hunter","Using satellite imagery to find Tanypteryx hageni (Black Petaltail, Odonata: Petaluridae) nymph burrows in the Cascade Mountains of the Umpqua River Basin …",2023,"Bulletin of American Odonatology","search.ebscohost.com","https://search.ebscohost.com/login.aspx?direct=true&profile=ehost&scope=site&authtype=crawler&jrnl=10613781&AN=164038595&h=669Y1goWb8dzDuPJcTtpycUIoRBdFYcQtofBXoc8LlbWMR%2FLAhFkwmtANANy1o%2FJXb8dejnndagAQgYvtdqhGw%3D%3D&crl=c","",674,"2026-04-12 18:56:36","","","",,,,,,0,0.00,0,1,3,"… This work was supported by grants and donations from Umpqua Valley Audubon Society, Dragonfly Society of … The petaltail dragonflies (Odonata: Petaluridae): Mesozoic habitat …","","https://scholar.google.com/scholar?q=related:dFeuKLNOpfoJ:scholar.google.com/&scioq=odonata%7Cdragonfly%7Cdragonflies%7Cdamselfly%7Cdamselflies&hl=en&as_sdt=0,5&as_ylo=2023&as_yhi=2023"
0,"E Zolfaghari, M Mollazadeh…","Using the three-objective simulator-optimizer approach for the optimal design of the combined stepped-labyrinth spillway using the improved dragonfly …",2023,"Irrigation and …","Agricultural Engineering Research …","","",527,"2026-04-12 18:56:36","CITATION","","",,,,,,0,0.00,0,3,3,"","","https://scholar.google.com/scholar?q=related:xVA8Cub08cgJ:scholar.google.com/&scioq=odonata%7Cdragonfly%7Cdragonflies%7Cdamselfly%7Cdamselflies&hl=en&as_sdt=0,5&as_ylo=2023&as_yhi=2023"
0,"M Uthami, A Winarti, D Biyatmoko…","Validation and Development of the Guidebook of Barambai Kolam Kanan Dragonflies Species to Increase Science Process Skills",2023,"Technium Education and …","researchgate.net","https://www.researchgate.net/profile/Mariza-Uthami/publication/377144541_Validation_and_Development_of_Dragonflies_Book_Species_in_Barambai_to_Increase_Science_Process_Skills/links/659f53af40ce1c5902d3cc33/Validation-and-Development-of-Dragonflies-Book-Species-in-Barambai-to-Increase-Science-Process-Skills.pdf","",418,"2026-04-12 18:56:36","PDF","","",,,,,,0,0.00,0,4,3,"… dragonfly species encountered; in addition to containing each dragonfly species, the Dragonfly Identification Book includes photographs of male and female dragonflies. The difference …","https://www.researchgate.net/profile/Mariza-Uthami/publication/377144541_Validation_and_Development_of_Dragonflies_Book_Species_in_Barambai_to_Increase_Science_Process_Skills/links/659f53af40ce1c5902d3cc33/Validation-and-Development-of-Dragonflies-Book-Species-in-Barambai-to-Increase-Science-Process-Skills.pdf","https://scholar.google.com/scholar?q=related:GqRhT08q4MgJ:scholar.google.com/&scioq=odonata%7Cdragonfly%7Cdragonflies%7Cdamselfly%7Cdamselflies&hl=en&as_sdt=0,5&as_ylo=2023&as_yhi=2023"
3,"RA Sánchez-Guillén, LR Arce-Valdés, J Swaegers…","Variable genomic patterns of hybridization in two independent hybrid zones of damselflies",2023,"","europepmc.org","https://europepmc.org/article/ppr/ppr651864","https://scholar.google.com/scholar?cites=7962370114401535034&as_sdt=2005&sciodt=0,5&hl=en",257,"2026-04-12 18:56:36","","","",,,,,,3,1.00,1,4,3,"… In this study, we take advantage of two hybrid regions between the damselfly species Ischnura elegans and I. graellsii in Spain to measure: i) the extent of parallelism across geographic …","","https://scholar.google.com/scholar?q=related:OgQXv24FgG4J:scholar.google.com/&scioq=odonata%7Cdragonfly%7Cdragonflies%7Cdamselfly%7Cdamselflies&hl=en&as_sdt=0,5&as_ylo=2023&as_yhi=2023"
2,"I Šnidarić","Very high energy gamma-ray emission from pulsars and pulsars wind nebulae observed by MAGIC telescopes",2023,"","fulir.irb.hr","http://fulir.irb.hr/8010/","https://scholar.google.com/scholar?cites=10507691571796033548&as_sdt=2005&sciodt=0,5&hl=en",677,"2026-04-12 18:56:36","","","",,,,,,2,0.67,2,1,3,"… Dragonfly pulsar, proposed as a very likely VHE pulsar candidate due to its similar characteristics to the Crab pulsar. I found no significant pulsed emission from Dragonfly … the Dragonfly …","","https://scholar.google.com/scholar?q=related:DMBE-s_R0pEJ:scholar.google.com/&scioq=odonata%7Cdragonfly%7Cdragonflies%7Cdamselfly%7Cdamselflies&hl=en&as_sdt=0,5&as_ylo=2023&as_yhi=2023"
0,"M Gayathri, PP Anand, Y Shibu Vardhanan","Visualisation of early embryos of the wandering glider, Pantala flavescens (Fabricius, 1798) (Odonata: Libellulidae)",2023,"Aquatic Insects","Taylor &Francis","https://www.tandfonline.com/doi/abs/10.1080/01650424.2023.2202182","",504,"2026-04-12 18:56:36","","10.1080/01650424.2023.2202182","",,,,,,0,0.00,0,3,3,"The embryonic development of Pantala flavescens (Fabricius, 1798 ) is documented for the first time. In contrast to previously reported insect embryonic development, we describe the …","","https://scholar.google.com/scholar?q=related:5vvaH6Ak470J:scholar.google.com/&scioq=odonata%7Cdragonfly%7Cdragonflies%7Cdamselfly%7Cdamselflies&hl=en&as_sdt=0,5&as_ylo=2023&as_yhi=2023"
0,"S Fischer","Vorkommen von Libellen (Odonata) an Gräben im Zerbster Ackerland (Sachsen-Anhalt)",,"researchgate.net","","https://www.researchgate.net/profile/Stefan-Fischer-8/publication/369066939_Vorkommen_von_Libellen_Odonata_an_Graben_im_Zerbster_Ackerland_Sachsen-Anhalt_Occurence_of_dragonflies_and_damselflies_Odonata_at_ditches_in_the_Zerbst_farmland_Saxony-_Anhalt/links/64084187574950594574c510/Vorkommen-von-Libellen-Odonata-an-Graeben-im-Zerbster-Ackerland-Sachsen-Anhalt-Occurence-of-dragonflies-and-damselflies-Odonata-at-ditches-in-the-Zerbst-farmland-Saxony-Anhalt.pdf","",694,"2026-04-12 18:56:36","PDF","","",,,,,,0,0.00,0,1,,"… and 2021, a total of 26 Odonata species was found. Of these, nine were certainly native and four others were probably native. Compared to the dragonfly atlas for Saxony-Anhalt, there …","https://www.researchgate.net/profile/Stefan-Fischer-8/publication/369066939_Vorkommen_von_Libellen_Odonata_an_Graben_im_Zerbster_Ackerland_Sachsen-Anhalt_Occurence_of_dragonflies_and_damselflies_Odonata_at_ditches_in_the_Zerbst_farmland_Saxony-_Anhalt/links/64084187574950594574c510/Vorkommen-von-Libellen-Odonata-an-Graeben-im-Zerbster-Ackerland-Sachsen-Anhalt-Occurence-of-dragonflies-and-damselflies-Odonata-at-ditches-in-the-Zerbst-farmland-Saxony-Anhalt.pdf","https://scholar.google.com/scholar?q=related:3wq5PxN6Wx0J:scholar.google.com/&scioq=odonata%7Cdragonfly%7Cdragonflies%7Cdamselfly%7Cdamselflies&hl=en&as_sdt=0,5&as_ylo=2023&as_yhi=2023"
0,"P Jeziorski","Vážky (Odonata) přírodní rezervace Kačení louka a blízkého okolí v CHKO Litovelské Pomoraví (Česká republika)",2023,"Acta Musei Beskidensis","Acta Musei Beskidensis","","",967,"2026-04-12 18:56:36","CITATION","","",,,,,,0,0.00,0,1,3,"","","https://scholar.google.com/scholar?q=related:I3B42ty4D6kJ:scholar.google.com/&scioq=odonata%7Cdragonfly%7Cdragonflies%7Cdamselfly%7Cdamselflies&hl=en&as_sdt=0,5&as_ylo=2023&as_yhi=2023"
0,"GS Melo, VRS Ferreira, L Juen, JD Batista…","Water Quality Influences Cerrado Odonata Larval Assemblages",2023,"","researchsquare.com","https://www.researchsquare.com/article/rs-3692715/latest","",443,"2026-04-12 18:56:36","","","",,,,,,0,0.00,0,5,3,"… Changes in water quality and stream habitats can signi cantly impact Odonata … of Odonata larval communities. During the same period, substrate types, water variables, and Odonata …","https://www.researchsquare.com/article/rs-3692715/latest.pdf","https://scholar.google.com/scholar?q=related:FwALYF0ldzgJ:scholar.google.com/&scioq=odonata%7Cdragonfly%7Cdragonflies%7Cdamselfly%7Cdamselflies&hl=en&as_sdt=0,5&as_ylo=2023&as_yhi=2023"
0,"JS Girgente, NE McIntyre","Watershed-Mediated Ecomorphological Variation: A Case Study with the Twin-Striped Clubtail Dragonfly (Hylogomphus geminatus)",2023,"Insects","mdpi.com","https://www.mdpi.com/2075-4450/14/9/754","",341,"2026-04-12 18:56:36","HTML","","",,,,,,0,0.00,0,2,3,"Simple Summary Changes in the size of aquatic or amphibious organisms can signal environmental alterations. The Twin-striped Clubtail is a dragonfly in the southeastern US with …","https://www.mdpi.com/2075-4450/14/9/754","https://scholar.google.com/scholar?q=related:a5vzZ0EW0VAJ:scholar.google.com/&scioq=odonata%7Cdragonfly%7Cdragonflies%7Cdamselfly%7Cdamselflies&hl=en&as_sdt=0,5&as_ylo=2023&as_yhi=2023"
0,"JS Girgente, NE McIntyre","Watershed-Mediated Ecomorphological Variation: A Case Study with the Twin-Striped Clubtail Dragonfly (Hylogomphus geminatus). Insects 2023, 14, 754",2023,"","academia.edu","https://www.academia.edu/download/105764207/pdf.pdf","",446,"2026-04-12 18:56:36","PDF","","",,,,,,0,0.00,0,2,3,"Anthropogenic land-cover change is modifying ecosystems at an accelerating rate. Changes to ecomorphologically variable taxa within those ecosystems serve as early-warning signs …","https://www.academia.edu/download/105764207/pdf.pdf","https://scholar.google.com/scholar?q=related:DuRZjZM91LsJ:scholar.google.com/&scioq=odonata%7Cdragonfly%7Cdragonflies%7Cdamselfly%7Cdamselflies&hl=en&as_sdt=0,5&as_ylo=2023&as_yhi=2023"
1,"KA Ołdak","Ważki (Odonata) rezerwatu przyrody “Bagno Pogorzel”(Polska środkowo–wschodnia)",2023,"Parki Nar. Rez. Przyr.","bpn.gov.pl","https://bpn.gov.pl/pliki-do-pobrania/pobierz/28f17089-29cf-4df9-952c-06dbf9302bbd.pdf","https://scholar.google.com/scholar?cites=9871541407307975818&as_sdt=2005&sciodt=0,5&hl=en",420,"2026-04-12 18:56:36","PDF","","",,,,,,1,0.33,1,1,3,"… Abstract: The aim of the study was to determine the species composition of dragonflies (Odonata) of the “Bagno Pogorzel” Nature Reserve (east-central Poland), comprising, ia, complex of …","https://bpn.gov.pl/pliki-do-pobrania/pobierz/28f17089-29cf-4df9-952c-06dbf9302bbd.pdf","https://scholar.google.com/scholar?q=related:iswmuJvC_ogJ:scholar.google.com/&scioq=odonata%7Cdragonfly%7Cdragonflies%7Cdamselfly%7Cdamselflies&hl=en&as_sdt=0,5&as_ylo=2023&as_yhi=2023"
2,"KA OŁDAK","Ważki (Odonata) wybranych miejsc Warszawy",2023,"Odonatrix","odonata.pl","https://www.odonata.pl/odonatrix/odonatrix_pdf/Odonatrix_19_4.pdf","https://scholar.google.com/scholar?cites=17023689359483886704&as_sdt=2005&sciodt=0,5&hl=en",308,"2026-04-12 18:56:36","PDF","","",,,,,,2,0.67,2,1,3,"Twelve localities within the boundaries of Warsaw were researched. A total of 29 species of dragonflies (mostly eurytopes) were found (39.2% of the Polish odonate fauna), 18 of which …","https://www.odonata.pl/odonatrix/odonatrix_pdf/Odonatrix_19_4.pdf","https://scholar.google.com/scholar?q=related:cFyi7kZLQOwJ:scholar.google.com/&scioq=odonata%7Cdragonfly%7Cdragonflies%7Cdamselfly%7Cdamselflies&hl=en&as_sdt=0,5&as_ylo=2023&as_yhi=2023"
0,"J Anderson, W La Rocca","What Do Sentences Do?",2023,"Patterns of Power, Grades 1-5","taylorfrancis.com","https://www.taylorfrancis.com/chapters/edit/10.4324/9781032672878-11/sentences-jeff-anderson-whitney-la-rocca","",688,"2026-04-12 18:56:36","","10.4324/9781032672878-11","",,,,,,0,0.00,0,2,3,"… — the who or what—has been changed to the singular dragonfly. If we were to leave dragonfly, we’d have to change our verb to the singular form to match: Dragonfly swoops. Subjects …","","https://scholar.google.com/scholar?q=related:KmK0UrJ1nc0J:scholar.google.com/&scioq=odonata%7Cdragonfly%7Cdragonflies%7Cdamselfly%7Cdamselflies&hl=en&as_sdt=0,5&as_ylo=2023&as_yhi=2023"
0,"L Vareira, JCG Ortega, L Juen, SF Sendoya…","What is more important for structuring Dragonfly assemblages in Subtropical Grasslands lentic water bodies in the Pampa biome: space or vegetation?",2023,"","researchsquare.com","https://www.researchsquare.com/article/rs-3755221/latest","",434,"2026-04-12 18:56:36","","","",,,,,,0,0.00,0,5,3,"… lentic water body assemblages are unclear for dragonflies. We sought to investigate the … influence on dragonfly species richness and abundance. We sampled dragonfly adults for three …","https://www.researchsquare.com/article/rs-3755221/latest.pdf","https://scholar.google.com/scholar?q=related:3yyyPZgc-F4J:scholar.google.com/&scioq=odonata%7Cdragonfly%7Cdragonflies%7Cdamselfly%7Cdamselflies&hl=en&as_sdt=0,5&as_ylo=2023&as_yhi=2023"
0,"M Noble","When predator becomes prey; further observations on the population dynamics of the backswimmer Notonecta maculata, Fab.(Hem.: Notonectidae) from a …",2023,"Bulletin of the Amateur Entomologists Society","search.ebscohost.com","https://search.ebscohost.com/login.aspx?direct=true&profile=ehost&scope=site&authtype=crawler&jrnl=0266836X&asa=N&AN=172887342&h=5G9%2BM%2FXhoKHkqpV1DwQjuCBNEPeIV%2FaulMo747uHq9Eudd9V54wukO7zAzZoXxz6x09c5%2BWoK4ibzaLWzQrPoA%3D%3D&crl=c","",708,"2026-04-12 18:56:36","CITATION","","",,,,,,0,0.00,0,1,3,"Volume 82• September 2023 173 might affect their subsequent population structure and dispersal patterns as well as the wider pond community. Here I describe observations made in …","","https://scholar.google.com/scholar?q=related:ota5jhhHW_oJ:scholar.google.com/&scioq=odonata%7Cdragonfly%7Cdragonflies%7Cdamselfly%7Cdamselflies&hl=en&as_sdt=0,5&as_ylo=2023&as_yhi=2023"
6,"S Tarris-Samaniego, J Muzon…","When size and shape matter: morphometric characterization of two sympatric dragonflies of the genus Perithemis (Odonata: Libellulidae)",2023,"Anais da Academia …","SciELO Brasil","https://www.scielo.br/j/aabc/a/bTkW8nRJMhHBXWhYPfgRKdM/?lang=en","https://scholar.google.com/scholar?cites=10080944197557371427&as_sdt=2005&sciodt=0,5&hl=en",130,"2026-04-12 18:56:36","HTML","","",,,,,,6,2.00,2,3,3,"SciELO Brasil - When size and shape matter: morphometric characterization of two sympatric dragonflies of the genus Perithemis (Odonata: Libellulidae) When size and shape matter: …","https://www.scielo.br/j/aabc/a/bTkW8nRJMhHBXWhYPfgRKdM/?lang=en","https://scholar.google.com/scholar?q=related:I0LxJ1a15osJ:scholar.google.com/&scioq=odonata%7Cdragonfly%7Cdragonflies%7Cdamselfly%7Cdamselflies&hl=en&as_sdt=0,5&as_ylo=2023&as_yhi=2023"
0,"M Hämäläinen, H Fliedner","Why did William Elford Leach call a small damselfly a 'pirate'?–Revisiting the etymology of the genus Lestes (Odonata: Lestidae)",2023,"Notulae odonatologicae","BioOne","https://bioone.org/journals/notulae-odonatologicae/volume-10/issue-1/nodo.v10i1.a2/Why-did-William-Elford-Leach-call-a-small-damselfly-a/10.60024/nodo.v10i1.a2.short","",364,"2026-04-12 18:56:36","","10.60024/nodo.v10i1.a2.short","",,,,,,0,0.00,0,2,3,". We present evidence supporting the widely accepted interpretation that the genus name Lestes Leach, 1815 , is based on the Greek masculine word λῃστής [lēstēs] meaning ‘robber …","https://www.academia.edu/download/121200789/Hamalainen_Fliedner_2023_Lestes_etymology.pdf","https://scholar.google.com/scholar?q=related:LBz5Kb7aOHwJ:scholar.google.com/&scioq=odonata%7Cdragonfly%7Cdragonflies%7Cdamselfly%7Cdamselflies&hl=en&as_sdt=0,5&as_ylo=2023&as_yhi=2023"
5,"A Schröter, A Borkenstein, R Jödicke","Why do mature dragonflies migrate? A critical analysis of Corbet's chapter “Spatial displacement by flight” with reference to Sympetrum striolatum (Odonata …",2023,"Odonatologica","BioOne","https://bioone.org/journals/odonatologica/volume-52/issue-1-2/odon.v52i1-2.a5/Why-do-mature-dragonflies-migrate-A-critical-analysis-of-Corbets/10.60024/odon.v52i1-2.a5.short","https://scholar.google.com/scholar?cites=9465771175300522933&as_sdt=2005&sciodt=0,5&hl=en",46,"2026-04-12 18:56:36","","10.60024/odon.v52i1-2.a5.short","",,,,,,5,1.67,2,3,3,"… Each individual and tandem flew separately, so the migrating dragonflies neither implied a loose formation nor a swarm. We observed the dragonflies within a section of ca 100 m but …","https://www.researchgate.net/profile/Asmus-Schroeter/publication/373153340_Why_do_mature_dragonflies_migrate_A_critical_analysis_of_Corbet%27s_chapter_Spatial_displacement_by_flight_with_reference_to_Sympetrum_striolatum_Odonata_Libellulidae/links/675a8a33951ca355613ed1e2/Why-do-mature-dragonflies-migrate-A-critical-analysis-of-Corbets-chapter-Spatial-displacement-by-flight-with-reference-to-Sympetrum-striolatum-Odonata-Libellulidae.pdf","https://scholar.google.com/scholar?q=related:tWPrbLssXYMJ:scholar.google.com/&scioq=odonata%7Cdragonfly%7Cdragonflies%7Cdamselfly%7Cdamselflies&hl=en&as_sdt=0,5&as_ylo=2023&as_yhi=2023"
2,"D Brown","Wild symphony",2023,"","books.google.com","https://books.google.com/books?hl=en&lr=&id=sFutEAAAQBAJ&oi=fnd&pg=PT5&dq=odonata%7Cdragonfly%7Cdragonflies%7Cdamselfly%7Cdamselflies&ots=5XuptAueFe&sig=RW8B0hInM8Ywm4aYhTqG7T9x7ho","https://scholar.google.com/scholar?cites=4438147346383219066&as_sdt=2005&sciodt=0,5&hl=en",628,"2026-04-12 18:56:36","BOOK","","",,,,,,2,0.67,2,1,3,"NEW YORK TIMES BESTSELLER• In his interactive picture book debut, the world-renowned author of The Da Vinci Code invites young readers to discover life lessons from the …","","https://scholar.google.com/scholar?q=related:eqkDSn93lz0J:scholar.google.com/&scioq=odonata%7Cdragonfly%7Cdragonflies%7Cdamselfly%7Cdamselflies&hl=en&as_sdt=0,5&as_ylo=2023&as_yhi=2023"
0,"S Saha, KS RANJAN, A Pawar, A Roy","Wind compensation and flight in tailwind by dragonfly species Pantala flavescens, during the transoceanic migration",2023,"Bulletin of the American Physical …","APS","https://meetings.aps.org/Meeting/DFD23/Session/T06.5","",602,"2026-04-12 18:56:36","","","",,,,,,0,0.00,0,4,3,"APS -76th Annual Meeting of the Division of Fluid Dynamics - Event - Wind compensation and flight in tailwind by dragonfly species Pantala flavescens, during the transoceanic …","","https://scholar.google.com/scholar?q=related:Jb7xuRpe4k0J:scholar.google.com/&scioq=odonata%7Cdragonfly%7Cdragonflies%7Cdamselfly%7Cdamselflies&hl=en&as_sdt=0,5&as_ylo=2023&as_yhi=2023"
9,"JT Goldner, JD Holland","Wing morphology of a damselfly exhibits local variation in response to forest fragmentation",2023,"Oecologia","Springer","https://link.springer.com/article/10.1007/s00442-023-05396-9","https://scholar.google.com/scholar?cites=11169807904496030529&as_sdt=2005&sciodt=0,5&hl=en",51,"2026-04-12 18:56:36","","10.1007/s00442-023-05396-9","",,,,,,9,3.00,5,2,3,"… damselflies have different wing sizes in different types of habitat. Our aim was to (1) describe the relationship between damselfly … We collected jewelwing damselflies from across Indiana…","","https://scholar.google.com/scholar?q=related:QRPW5BshA5sJ:scholar.google.com/&scioq=odonata%7Cdragonfly%7Cdragonflies%7Cdamselfly%7Cdamselflies&hl=en&as_sdt=0,5&as_ylo=2023&as_yhi=2023"
4,"M Gayathri, PP Anand, Y Shibu Vardhanan","Wing size, shape, and asymmetry analysis of the wandering glider, Pantala flavescens (Odonata: Libellulidae) revealed that hindwings are more asymmetric than the …",2023,"Biologia","Springer","https://link.springer.com/article/10.1007/s11756-023-01396-5","https://scholar.google.com/scholar?cites=3691230263140938089&as_sdt=2005&sciodt=0,5&hl=en",226,"2026-04-12 18:56:36","","10.1007/s11756-023-01396-5","",,,,,,4,1.33,1,3,3,"The present study aimed to determine the wing asymmetry and sexual asymmetry of Pantala flavescens (Fabricius 1798) collected from a paddy field. P. flavescens is known as the …","","https://scholar.google.com/scholar?q=related:afGvCl7iOTMJ:scholar.google.com/&scioq=odonata%7Cdragonfly%7Cdragonflies%7Cdamselfly%7Cdamselflies&hl=en&as_sdt=0,5&as_ylo=2023&as_yhi=2023"
0,"M Gayathri, PP Anand…","Wing size, shape, and asymmetry analysis of the wandering glider, Pantala flavescens (Odonata: Libellulidae) revealed that hindwings are more …",2023,"…","SPRINGER ONE NEW YORK …","","",807,"2026-04-12 18:56:36","CITATION","","",,,,,,0,0.00,0,3,3,"","","https://scholar.google.com/scholar?q=related:h4WnbJoR8XQJ:scholar.google.com/&scioq=odonata%7Cdragonfly%7Cdragonflies%7Cdamselfly%7Cdamselflies&hl=en&as_sdt=0,5&as_ylo=2023&as_yhi=2023"
18,"Y Kang, X Wang, Z Lan","Workload interference prevention with intelligent routing and flexible job placement on dragonfly",2023,"Proceedings of the 2023 ACM SIGSIM …","dl.acm.org","https://dl.acm.org/doi/abs/10.1145/3573900.3591119","https://scholar.google.com/scholar?cites=14489193995347285765&as_sdt=2005&sciodt=0,5&hl=en",61,"2026-04-12 18:56:36","","10.1145/3573900.3591119","",,,,,,18,6.00,6,3,3,"Dragonfly is an indispensable interconnect topology for exascale HPC systems. To link tens of thousands of compute nodes at a reasonable cost, Dragonfly shares network resources …","https://dl.acm.org/doi/pdf/10.1145/3573900.3591119","https://scholar.google.com/scholar?q=related:Bddl9iv1E8kJ:scholar.google.com/&scioq=odonata%7Cdragonfly%7Cdragonflies%7Cdamselfly%7Cdamselflies&hl=en&as_sdt=0,5&as_ylo=2023&as_yhi=2023"
2,"M Schorr, D Paulson, C Deliry","World Odonata List. 2025",2023,"","","","https://scholar.google.com/scholar?cites=2340114094239705656&as_sdt=2005&sciodt=0,5&hl=en",830,"2026-04-12 18:56:36","CITATION","","",,,,,,2,0.67,1,3,3,"","","https://scholar.google.com/scholar?q=related:OOoKyV7BeSAJ:scholar.google.com/&scioq=odonata%7Cdragonfly%7Cdragonflies%7Cdamselfly%7Cdamselflies&hl=en&as_sdt=0,5&as_ylo=2023&as_yhi=2023"
5,"DR Paulson, M Schorr, JC Abbott, CA Bota-Sierra…","World Odonata List. Odonata Central",2023,"","University of Alabama","","https://scholar.google.com/scholar?cites=14022760719119190433&as_sdt=2005&sciodt=0,5&hl=en",716,"2026-04-12 18:56:36","CITATION","","",,,,,,5,1.67,1,5,3,"","","https://scholar.google.com/scholar?q=related:oYlmCZTamsIJ:scholar.google.com/&scioq=odonata%7Cdragonfly%7Cdragonflies%7Cdamselfly%7Cdamselflies&hl=en&as_sdt=0,5&as_ylo=2023&as_yhi=2023"
7,"DR Paulson, M Schorr, J Abbott","World Odonata list. Odonata Central, University of Alabama; 2023",2023,"","","","https://scholar.google.com/scholar?cites=9639202143238427285&as_sdt=2005&sciodt=0,5&hl=en",684,"2026-04-12 18:56:36","CITATION","","",,,,,,7,2.33,2,3,3,"","","https://scholar.google.com/scholar?q=related:lRLpUUdTxYUJ:scholar.google.com/&scioq=odonata%7Cdragonfly%7Cdragonflies%7Cdamselfly%7Cdamselflies&hl=en&as_sdt=0,5&as_ylo=2023&as_yhi=2023"
0,"A Rydzek","Wpływ kairomonów raków na cechy historii życiowych larw ważki tężnicy wytwornej (Ischnura elegans)",2023,"","ruj.uj.edu.pl","https://ruj.uj.edu.pl/handle/item/318292","",951,"2026-04-12 18:56:36","HTML","","",,,,,,0,0.00,0,1,3,"… damselfly larvae. The measured parameter was the growth rate of the larvae which is an important feature shaping damselflies’ … to accelerate the development of damselfly larvae, which …","https://ruj.uj.edu.pl/handle/item/318292","https://scholar.google.com/scholar?q=related:91R7iquMKoUJ:scholar.google.com/&scioq=odonata%7Cdragonfly%7Cdragonflies%7Cdamselfly%7Cdamselflies&hl=en&as_sdt=0,5&as_ylo=2023&as_yhi=2023"
0,"А Хусанов, Д Ғанижонов, М Бегижонова…","XЎЖАОБОД ВА УНГА ЧЕГАРАДОШ БЎЛГАН ХУДУДЛАРДА КЕНГ ТАРҚАЛГАН НИНАЧИ (ODONATA) ТУРКУМИ ISCHNURA ELEGANS ТУРИ ХАҚИДА",2023,"Универсальный …","lib.uniconflix.com","http://lib.uniconflix.com/index.php/uilyo/article/view/24062","",871,"2026-04-12 18:56:36","","","",,,,,,0,0.00,0,4,3,"XЎЖАОБОД ВА УНГА ЧЕГАРАДОШ БЎЛГАН ХУДУДЛАРДА КЕНГ ТАРҚАЛГАН НИНАЧИ (ODONATA) ТУРКУМИ ISCHNURA ELEGANS ТУРИ ХАҚИДА | Универсальный индекс библиотеки …","","https://scholar.google.com/scholar?q=related:3B8TRv5L-fkJ:scholar.google.com/&scioq=odonata%7Cdragonfly%7Cdragonflies%7Cdamselfly%7Cdamselflies&hl=en&as_sdt=0,5&as_ylo=2023&as_yhi=2023"
0,"A MISZTA, P CUBER, A DOLNŒ, J LIBERSKI","Zalotka większa Kdtbnqqghmhodbsnqkhr (CHARPENTIER, 1825)(Odonata: Libellulidae) w województwie śląskim w latach 2002 2012",,"academia.edu","","https://www.academia.edu/download/105569938/Odonatrix_82_1.pdf","",806,"2026-04-12 18:56:36","PDF","","",,,,,,0,0.00,0,4,,"… Human altered eco, systems: suitable habitats as well as ecological traps for dragon ies (Odonata): the matter of scale. Journal of Insect Conservation, 16(1): 121–130. …","https://www.academia.edu/download/105569938/Odonatrix_82_1.pdf","https://scholar.google.com/scholar?q=related:kY98-GmjckAJ:scholar.google.com/&scioq=odonata%7Cdragonfly%7Cdragonflies%7Cdamselfly%7Cdamselflies&hl=en&as_sdt=0,5&as_ylo=2023&as_yhi=2023"
4,"A Chovanec, K Schaufler","Zwei individuenreiche Vorkommen von Coenagrion scitulum (RAMBUR, 1842)(Odonata: Coenagrionidae) in Niederösterreich",2023,"","mit erstmaliger Dokumentation des …","","https://scholar.google.com/scholar?cites=4193345880401159628&as_sdt=2005&sciodt=0,5&hl=en",936,"2026-04-12 18:56:36","CITATION","","",,,,,,4,1.33,2,2,3,"","","https://scholar.google.com/scholar?q=related:zKWoZdzBMToJ:scholar.google.com/&scioq=odonata%7Cdragonfly%7Cdragonflies%7Cdamselfly%7Cdamselflies&hl=en&as_sdt=0,5&as_ylo=2023&as_yhi=2023"
0,"A CHOVANEC, K SCHAUFLER","Zwei individuenreiche Vorkommen von Coenagrion scitulum (RAMBUR, 1842)(Odonata: Coenagrionidae) in Niederösterreich, mit erstmaliger Dokumentation …",,"entomologie.at","","https://www.entomologie.at/rails/active_storage/blobs/redirect/eyJfcmFpbHMiOnsiZGF0YSI6MjQ4OSwicHVyIjoiYmxvYl9pZCJ9fQ==--288d5f9ca695c68b90c6c57b7c92e7d4bef3d865/zaoe75_chovanec_schaufler.pdf","",747,"2026-04-12 18:56:36","PDF","","",,,,,,0,0.00,0,2,,"… CORDERO A., 1994: The effect of sex and age on survivorship of adult damselflies in the … Dragonflies and damselflies. Model organisms for ecological and evolutionary research. – …","https://www.entomologie.at/rails/active_storage/blobs/redirect/eyJfcmFpbHMiOnsiZGF0YSI6MjQ4OSwicHVyIjoiYmxvYl9pZCJ9fQ==--288d5f9ca695c68b90c6c57b7c92e7d4bef3d865/zaoe75_chovanec_schaufler.pdf","https://scholar.google.com/scholar?q=related:8brHHhAh18cJ:scholar.google.com/&scioq=odonata%7Cdragonfly%7Cdragonflies%7Cdamselfly%7Cdamselflies&hl=en&as_sdt=0,5&as_ylo=2023&as_yhi=2023"
1,"SV Savinkov","«Dragonfly and Ant» as interpreted by AP Chekhov",2023,"Izvestiia Rossiiskoi akademii nauk. Seriia literatury i …","genescells.ru","https://genescells.ru/1605-7880/article/view/656922","https://scholar.google.com/scholar?cites=9547789394783143136&as_sdt=2005&sciodt=0,5&hl=en",187,"2026-04-12 18:56:36","","","",,,,,,1,0.33,1,1,3,"… Chekhov ant not only put the dragonfly under its roof, but also … If in the fabulous version the ant dooms the dragonfly to death, … a dragonfly and an ant, not only can the dragonfly and the …","","https://scholar.google.com/scholar?q=related:4IRKQt6PgIQJ:scholar.google.com/&scioq=odonata%7Cdragonfly%7Cdragonflies%7Cdamselfly%7Cdamselflies&hl=en&as_sdt=0,5&as_ylo=2023&as_yhi=2023"
0,"H Wildermuth","Ökologische Infrastruktur am Beispiel Libellen (Odonata) im südlichen Kanton Zürich.",2023,"Ornithologische Beobachter","search.ebscohost.com","https://search.ebscohost.com/login.aspx?direct=true&profile=ehost&scope=site&authtype=crawler&jrnl=00305707&AN=173980721&h=7DevZpOkFyFpuFNuR24IL%2FpzLFSWjG98LBwN8OcRA4k0ryuJzWDGvifX0o1y2aQ6qA%2Fz7TfFSMohfr862cNWnw%3D%3D&crl=c","",591,"2026-04-12 18:56:36","","","",,,,,,0,0.00,0,1,3,"Weitaus der grösste Teil des Untersuchungsgebiets (53%) wird von intensiv bewirtschaftetem Landwirtschaftsland eingenommen (Abb. 2). Dabei handelt es sich vorwiegend um …","","https://scholar.google.com/scholar?q=related:uU3e9mlwwr0J:scholar.google.com/&scioq=odonata%7Cdragonfly%7Cdragonflies%7Cdamselfly%7Cdamselflies&hl=en&as_sdt=0,5&as_ylo=2023&as_yhi=2023"
14,"K De, D Dey, M Shruti, VP Uniyal, BS Adhikari…","β-diversity of odonate community of the Ganga River: partitioning and insights from local and species contribution",2023,"Wetlands Ecology and …","Springer","https://link.springer.com/article/10.1007/s11273-023-09959-8","https://scholar.google.com/scholar?cites=13032797798949413470&as_sdt=2005&sciodt=0,5&hl=en",788,"2026-04-12 18:56:36","","10.1007/s11273-023-09959-8","",,,,,,14,4.67,2,6,3,"… We found that species with high SCBD scores (above 0.05) had intermediate occupancy (between 10 and 16 sites), including 5 species of dragonfly and 5 species of dragonfly, and that …","http://www.vpuniyal.com/images/wetlands_ecology_management.pdf","https://scholar.google.com/scholar?q=related:XmLfI4zM3bQJ:scholar.google.com/&scioq=odonata%7Cdragonfly%7Cdragonflies%7Cdamselfly%7Cdamselflies&hl=en&as_sdt=0,5&as_ylo=2023&as_yhi=2023"
0,"ВА Соболева, КС Ивлев","МАТЕРИАЛЫ К ФАУНЕ СТРЕКОЗ (ODONATA) КУРСКОЙ ОБЛАСТИ",2023,"","researchgate.net","https://www.researchgate.net/profile/Konstantin-Ivlev-2/publication/374603291_Materialy_k_faune_strekoz_Odonata_Kurskoj_oblasti/links/652699b061c4044c404b9d69/Materialy-k-faune-strekoz-Odonata-Kurskoj-oblasti.pdf","",828,"2026-04-12 18:56:36","PDF","","",,,,,,0,0.00,0,2,3,"… МАТЕРИАЛЫ К ФАУНЕ СТРЕКОЗ (ODONATA) … OF DRAGONFLIES (ODONATA) OF KURSK REGION … an annotated list of dragonflies from the north of the Kursk region, …","https://www.researchgate.net/profile/Konstantin-Ivlev-2/publication/374603291_Materialy_k_faune_strekoz_Odonata_Kurskoj_oblasti/links/652699b061c4044c404b9d69/Materialy-k-faune-strekoz-Odonata-Kurskoj-oblasti.pdf","https://scholar.google.com/scholar?q=related:Jrc1FLCM3JEJ:scholar.google.com/&scioq=odonata%7Cdragonfly%7Cdragonflies%7Cdamselfly%7Cdamselflies&hl=en&as_sdt=0,5&as_ylo=2023&as_yhi=2023"
3,"НВ Борисова, АА Яковлев…","Новые и интересные находки стрекоз (Insecta: Odonata) в Чувашской Республике в 2022 году",2023,"… в Чувашии и …","odonata-chuvashia42.narod.ru","https://odonata-chuvashia42.narod.ru/pdf20.pdf","https://scholar.google.com/scholar?cites=15799533781844633986&as_sdt=2005&sciodt=0,5&hl=en",432,"2026-04-12 18:56:36","PDF","","",,,,,,3,1.00,1,3,3,"В статье представлены сведения о новых находках и распространении на территории Чувашской Республики 13 редких и локальных видов стрекоз, из которых 2 вида …","https://odonata-chuvashia42.narod.ru/pdf20.pdf","https://scholar.google.com/scholar?q=related:gimi20M4Q9sJ:scholar.google.com/&scioq=odonata%7Cdragonfly%7Cdragonflies%7Cdamselfly%7Cdamselflies&hl=en&as_sdt=0,5&as_ylo=2023&as_yhi=2023"
1,"АН Володченко","Новые и интересные находки стрекоз (Odonata) в заповеднике"" Воронинский""(Тамбовская область)",2023,"Эверсманния","elibrary.ru","https://elibrary.ru/item.asp?id=57171613","https://scholar.google.com/scholar?cites=8638766016729020774&as_sdt=2005&sciodt=0,5&hl=en",962,"2026-04-12 18:56:36","CITATION","","",,,,,,1,0.33,1,1,3,"Новые и интересные находки стрекоз (Odonata) в заповеднике ""Воронинский"" (Тамбовская область) …","","https://scholar.google.com/scholar?q=related:ZnnZDOwP43cJ:scholar.google.com/&scioq=odonata%7Cdragonfly%7Cdragonflies%7Cdamselfly%7Cdamselflies&hl=en&as_sdt=0,5&as_ylo=2023&as_yhi=2023"
0,"ИА Александров","О «Мышах» и «кузнечиках»(классицистические истоки цикла «Мыши» ВФ Ходасевича)",2023,"Вестник Томского государственного …","cyberleninka.ru","https://cyberleninka.ru/article/n/o-myshah-i-kuznechikah-klassitsisticheskie-istoki-tsikla-myshi-v-f-hodasevicha","",995,"2026-04-12 18:56:36","HTML","","",,,,,,0,0.00,0,1,3,"… a dragonfly, the carrier of creative freedom and life acceptance. The sacralization of the dragonfly … The article separately considers the semantic identity of the image of a dragonfly and a …","https://cyberleninka.ru/article/n/o-myshah-i-kuznechikah-klassitsisticheskie-istoki-tsikla-myshi-v-f-hodasevicha","https://scholar.google.com/scholar?q=related:lhUobvxC3n8J:scholar.google.com/&scioq=odonata%7Cdragonfly%7Cdragonflies%7Cdamselfly%7Cdamselflies&hl=en&as_sdt=0,5&as_ylo=2023&as_yhi=2023"
0,"ВС Якубович","О ПОПУЛЯЦИЯХ ДВУХ ВИДОВ РОДА SYMPETRUM NEWMAN, 1833 (LIBELLULIDAE, ODONATA) НА ТЕРРИТОРИИ Г. ХАБАРОВСКА",2023,"VIII ДРУЖИНИНСКИЕ ЧТЕНИЯ","elibrary.ru","https://elibrary.ru/item.asp?id=54911750","",997,"2026-04-12 18:56:36","CITATION","","",,,,,,0,0.00,0,1,3,"Data on the populations of two species of rare dragonflies Sympetrum striolatum and S. infuscatum in the city of Khabarovsk are given.","","https://scholar.google.com/scholar?q=related:cYaWB62fkGwJ:scholar.google.com/&scioq=odonata%7Cdragonfly%7Cdragonflies%7Cdamselfly%7Cdamselflies&hl=en&as_sdt=0,5&as_ylo=2023&as_yhi=2023"
0,"ЛС Дроздова, СМ Газманов","Особенности экологии стрекоз (Odonata) на севере Московской области в зависимости от типа и загрязнённости водоёмов и водотоков",2023,"Горского государственного …","media.gorskigau.ru","https://media.gorskigau.ru/2023/12/izvestiya-tom-60-chast-4.pdf#page=70","",654,"2026-04-12 18:56:36","PDF","","",,,,,,0,0.00,0,2,3,"… Features of the ecology of Dragonflies (Odonata) in the north of the Moscow region depending on the … [Species composition and ecological features of the dragonfly order (Odonata) …","https://media.gorskigau.ru/2023/12/izvestiya-tom-60-chast-4.pdf#page=70","https://scholar.google.com/scholar?q=related:AV0v_AcT9FoJ:scholar.google.com/&scioq=odonata%7Cdragonfly%7Cdragonflies%7Cdamselfly%7Cdamselflies&hl=en&as_sdt=0,5&as_ylo=2023&as_yhi=2023"
3,"ОЭ Берлов, ЭЯ Берлов, НО Берлов…","Первое указание редкой стрекозы Calopteryx japonica (Odonata, Calopterygidae) для Байкало-Ленского заповедника",2023,"Байкальский …","researchgate.net","https://www.researchgate.net/profile/Oleg-Berlov/publication/368817819_FIRST_RECORD_OF_RARE_DAMSELFLY_CALOPTERYX_JAPONICA_ODONATA_CALOPTERYGIDAE_IN_THE_BAIKAL-LENA_NATURE_RESERVE_Pervoe_ukazanie_redkoj_strekozy_Calopteryx_japonica_Odonata_Calopterygidae_dla_Bajkalo-Lensk/links/63faf86a574950594544806b/FIRST-RECORD-OF-RARE-DAMSELFLY-CALOPTERYX-JAPONICA-ODONATA-CALOPTERYGIDAE-IN-THE-BAIKAL-LENA-NATURE-RESERVE-Pervoe-ukazanie-redkoj-strekozy-Calopteryx-japonica-Odonata-Calopterygidae-dla-Bajkalo.pdf","https://scholar.google.com/scholar?cites=8931741706450259268&as_sdt=2005&sciodt=0,5&hl=en",549,"2026-04-12 18:56:36","PDF","","",,,,,,3,1.00,1,4,3,"Мировая фауна стрекоз-красоток рода Calopteryx Leach, 1815 насчитывает 16 видов [9], два из которых встречаются в Байкальском регионе–Calopteryx splendens (Harris, …","https://www.researchgate.net/profile/Oleg-Berlov/publication/368817819_FIRST_RECORD_OF_RARE_DAMSELFLY_CALOPTERYX_JAPONICA_ODONATA_CALOPTERYGIDAE_IN_THE_BAIKAL-LENA_NATURE_RESERVE_Pervoe_ukazanie_redkoj_strekozy_Calopteryx_japonica_Odonata_Calopterygidae_dla_Bajkalo-Lensk/links/63faf86a574950594544806b/FIRST-RECORD-OF-RARE-DAMSELFLY-CALOPTERYX-JAPONICA-ODONATA-CALOPTERYGIDAE-IN-THE-BAIKAL-LENA-NATURE-RESERVE-Pervoe-ukazanie-redkoj-strekozy-Calopteryx-japonica-Odonata-Calopterygidae-dla-Bajkalo.pdf","https://scholar.google.com/scholar?q=related:RE2CdsLr83sJ:scholar.google.com/&scioq=odonata%7Cdragonfly%7Cdragonflies%7Cdamselfly%7Cdamselflies&hl=en&as_sdt=0,5&as_ylo=2023&as_yhi=2023"
0,"ЛВ Маловичко, КЕ Умец, АГ Резанов…","ПИТАНИЕ ЗЕЛЁНОЙ ЩУРКИ MEROPS PERSICUS В СТАВРОПОЛЬСКОМ КРАЕ",2023,"Русский …","cyberleninka.ru","https://cyberleninka.ru/article/n/pitanie-zelyonoy-schurki-merops-persicus-v-stavropolskom-krae","",937,"2026-04-12 18:56:36","","","",,,,,,0,0.00,0,4,3,"… пчела и осы) и Odonata. В период насиживания и выкармливания птенцов большую долю в пище составляют представители отрядов Odonata, Lepidoptera и Hymenoptera. …","","https://scholar.google.com/scholar?q=related:x17IpMgBwKAJ:scholar.google.com/&scioq=odonata%7Cdragonfly%7Cdragonflies%7Cdamselfly%7Cdamselflies&hl=en&as_sdt=0,5&as_ylo=2023&as_yhi=2023"
0,"K Kutasi, I Kolozsvári","СЕКЦІЯ «ЗООЛОГІЯ»",,"… ФОРУМ» 18-19 травня 2023 р.(електронне …","dspace.hnpu.edu.ua","https://dspace.hnpu.edu.ua/server/api/core/bitstreams/909ba3b5-ca28-4195-9abc-4892d466753c/content#page=332","",975,"2026-04-12 18:56:36","PDF","","",,,,,,0,0.00,0,2,,"… During our study, dragonfly larvae collections and imago … aim to assess and compare the Odonata fauna of the respective water … in terms of the species composition of dragonfly fauna. …","https://dspace.hnpu.edu.ua/server/api/core/bitstreams/909ba3b5-ca28-4195-9abc-4892d466753c/content#page=332","https://scholar.google.com/scholar?q=related:cYIfXKJ_oLUJ:scholar.google.com/&scioq=odonata%7Cdragonfly%7Cdragonflies%7Cdamselfly%7Cdamselflies&hl=en&as_sdt=0,5&as_ylo=2023&as_yhi=2023"
0,"СM ЦЯПА","ТЕХНІЧНІ НАУКИ",,"Актуальні проблеми сучасної науки та освіти …","lviv-forum.inf.ua","http://www.lviv-forum.inf.ua/save/2023/29-30.05/%D0%97%D0%B1%D1%96%D1%80%D0%BD%D0%B8%D0%BA.pdf#page=61","",966,"2026-04-12 18:56:36","PDF","","",,,,,,0,0.00,0,1,,"… , але багато пристроїв все ще вразливі до атак, незважаючи на розробку нового, більш безпечного протоколу WPA3, заснованого на методі рукостискання Dragonfly. А у квітні …","http://www.lviv-forum.inf.ua/save/2023/29-30.05/%D0%97%D0%B1%D1%96%D1%80%D0%BD%D0%B8%D0%BA.pdf#page=61","https://scholar.google.com/scholar?q=related:jdCf9r0LpxAJ:scholar.google.com/&scioq=odonata%7Cdragonfly%7Cdragonflies%7Cdamselfly%7Cdamselflies&hl=en&as_sdt=0,5&as_ylo=2023&as_yhi=2023"
0,"ЮС Вереникина, ИО Владимиров, ФФ Рахимова…","Фауна стрекоз (Insecta: Odonata) окрестностей поселка Борок Ярославской области и анализ изменчивости формы глаз семейств Libellulidae и …",,"bioclass.ru","","https://bioclass.ru/wp-content/uploads/2023/10/Odonates2022.pdf","",695,"2026-04-12 18:56:36","PDF","","",,,,,,0,0.00,0,4,,"Отряд стрекозы (Odonata)—это летающие насекомые с неполным превращением, появившиеся около 300 миллионов лет назад. Этот отряд насчитывает более 6500 видов и …","https://bioclass.ru/wp-content/uploads/2023/10/Odonates2022.pdf","https://scholar.google.com/scholar?q=related:0J4tqTAQ3UQJ:scholar.google.com/&scioq=odonata%7Cdragonfly%7Cdragonflies%7Cdamselfly%7Cdamselflies&hl=en&as_sdt=0,5&as_ylo=2023&as_yhi=2023"
0,"АА Бехтер, ОЮ Мухіна","ФАУНІСТИЧНИЙ КОМПЛЕКС БЕЗХРЕБЕТНИХ ТВАРИН Р. УДИ СМТ ЗОЛОЧІВА БОГОДУХІВСЬКОГО РАЙОНУ ХАРКІВСЬКОЇ ОБЛАСТІ",2023,"","dspace.hnpu.edu.ua","https://dspace.hnpu.edu.ua/handle/123456789/12179","",958,"2026-04-12 18:56:36","","","",,,,,,0,0.00,0,2,3,"У публікації досліджено фауністичний комплекс безхребетних тварин р. Удм смт Золочіва Богодухівського району Харківської області. Визначено видовий склад безхребетних…","https://dspace.hnpu.edu.ua/bitstreams/679bba91-b664-4a69-8e28-9cd96c5daf2d/download","https://scholar.google.com/scholar?q=related:y7H_BT0B6LoJ:scholar.google.com/&scioq=odonata%7Cdragonfly%7Cdragonflies%7Cdamselfly%7Cdamselflies&hl=en&as_sdt=0,5&as_ylo=2023&as_yhi=2023"
0,"СГ Козьминов, ЕА Крапивина","ЭКОЛОГО-БИОЛОГИЧЕСКИЕ ОСОБЕННОСТИ ЛИЧИНОК СТРЕКОЗ (ODONATA) ГОРОДСКИХ ВОДОЕМОВ",2023,"Редакционная коллегия","elibrary.ru","https://elibrary.ru/download/elibrary_65745567_91640450.pdf#page=140","",687,"2026-04-12 18:56:36","","","",,,,,,0,0.00,0,2,3,"… dragonfly larvae in urban reservoirs and their biotopes in the foothill zone was studied. Dragonfly … determined by 3 species of dragonfly larvae-S. meridionale Selys, O. cancellatum L., C. …","https://www.researchgate.net/profile/Tatyana-Vshivkova/publication/357339733_VODNYE_BESPOZVONOCNYE_GORODSKOJ_REKI_VTORAA_RECKA_VLADIVOSTOK_PRIMORSKIJ_KRAJ_AQUATIC_INVERTEBRATES_OF_VTORAYA_RECHKA_URBAN_STREAM_Vladivostok_Primorsky_Territory_Vshivkova_TS/links/61c93d5ed4500608166e0380/VODNYE-BESPOZVONOCNYE-GORODSKOJ-REKI-VTORAA-RECKA-VLADIVOSTOK-PRIMORSKIJ-KRAJ-AQUATIC-INVERTEBRATES-OF-VTORAYA-RECHKA-URBAN-STREAM-Vladivostok-Primorsky-Territory-Vshivkova-TS.pdf#page=124","https://scholar.google.com/scholar?q=related:y0LG5pE9NrcJ:scholar.google.com/&scioq=odonata%7Cdragonfly%7Cdragonflies%7Cdamselfly%7Cdamselflies&hl=en&as_sdt=0,5&as_ylo=2023&as_yhi=2023"
0,"کاکاوند","استحاله آیکونوگرافیک نقش مایه اَژدر اُوژنی در قالیچه های تصویری شهرستان خواف‎",,"نشریه علمی هنرهای صناعی خراسان بزرگ, 2023‎","hgj.imamreza.ac.ir","https://hgj.imamreza.ac.ir/article_135053.html","",940,"2026-04-12 18:56:36","","","",,,,,,0,0.00,0,1,,"… Of the two types of general and minor transformations, the ""dragonfly"" role of visual rugs had … ""dragonfly"" was a recurring pattern. Rainfall is the most important meaning of the ""dragonfly"" …","","https://scholar.google.com/scholar?q=related:wiVh790vZIYJ:scholar.google.com/&scioq=odonata%7Cdragonfly%7Cdragonflies%7Cdamselfly%7Cdamselflies&hl=en&as_sdt=0,5&as_ylo=2023&as_yhi=2023"
0,"วัฒน ณรงค์ มาก พันธ์, ศ ดา นั น ท์ สวน แก้ว","การ สำรวจ คุณภาพ น้ำ ผิว ดิน ภายใน พระ ตำหนัก เมือง นคร อำเภอ พรหมคีรี จังหวัด นครศรีธรรมราช โดย ใช้ ดัชนี ชี้ วัด ทาง ชีวภาพ: Survey of the Surface Water Quality …",2023,"วารสาร วิทยาศาสตร์ บูรพา","","","",956,"2026-04-12 18:56:36","CITATION","","",,,,,,0,0.00,0,2,3,"","","https://scholar.google.com/scholar?q=related:cLFIE8zhht8J:scholar.google.com/&scioq=odonata%7Cdragonfly%7Cdragonflies%7Cdamselfly%7Cdamselflies&hl=en&as_sdt=0,5&as_ylo=2023&as_yhi=2023"
2,"A Cloud","“P2p-based intelligent image acceleration system of dragonfly",2023,"","WebPage","","https://scholar.google.com/scholar?cites=15883785203619720434&as_sdt=2005&sciodt=0,5&hl=en",895,"2026-04-12 18:56:36","CITATION","","",,,,,,2,0.67,2,1,3,"","","https://scholar.google.com/scholar?q=related:8uxbnnyKbtwJ:scholar.google.com/&scioq=odonata%7Cdragonfly%7Cdragonflies%7Cdamselfly%7Cdamselflies&hl=en&as_sdt=0,5&as_ylo=2023&as_yhi=2023"
2,"C Vierke","“The Sea Cannot Be Spoken”. Thinking About Aesthetic Relations, the Poetics of Language(s) and Place Through Yvonne Owuor's the Dragonfly Sea",2023,"Decolonial Aesthetics II: Modes of Relating","Springer","https://link.springer.com/chapter/10.1007/978-3-662-66222-9_17","https://scholar.google.com/scholar?cites=1196159186716723677&as_sdt=2005&sciodt=0,5&hl=en",380,"2026-04-12 18:56:36","","10.1007/978-3-662-66222-9_17","",,,,,,2,0.67,2,1,3,"The Dragonfly Sea by the Kenyan author Yvonne Adhiambo Owuor moves away from the West as the constant historical and geographical point of reference. This novel rewrites ancient …","","https://scholar.google.com/scholar?q=related:3QkSW3GcmRAJ:scholar.google.com/&scioq=odonata%7Cdragonfly%7Cdragonflies%7Cdamselfly%7Cdamselflies&hl=en&as_sdt=0,5&as_ylo=2023&as_yhi=2023"
2,"O Westernhagen","„Dragonfly: Symantec warnt vor verstärkten Hackerangriffen auf Energiekonzerne “. Heise. de. September 2017",2023,"","","","https://scholar.google.com/scholar?cites=4594516207470629069&as_sdt=2005&sciodt=0,5&hl=en",976,"2026-04-12 18:56:36","CITATION","","",,,,,,2,0.67,2,1,3,"","","https://scholar.google.com/scholar?q=related:zdAP3SUAwz8J:scholar.google.com/&scioq=odonata%7Cdragonfly%7Cdragonflies%7Cdamselfly%7Cdamselflies&hl=en&as_sdt=0,5&as_ylo=2023&as_yhi=2023"
8,"M Es-Sayeh, S Rodriguez, M Coutelier…","… -infrared wavelength range: Validation against Huygens atmospheric and surface measurements and application to the Cassini/VIMS observations of the Dragonfly …",2023,"The Planetary …","iopscience.iop.org","https://iopscience.iop.org/article/10.3847/PSJ/acbd37/meta","https://scholar.google.com/scholar?cites=17623999346344461081&as_sdt=2005&sciodt=0,5&hl=en",153,"2026-04-12 18:56:36","","10.3847/PSJ/acbd37","",,,,,,8,2.67,2,4,3,"We present an analysis of Titan data acquired by the Cassini Visual and Infrared Mapping Spectrometer (VIMS) at the landing site of the Dragonfly mission, using a new version of our …","https://iopscience.iop.org/article/10.3847/PSJ/acbd37/pdf","https://scholar.google.com/scholar?q=related:GQOUkAcGlfQJ:scholar.google.com/&scioq=odonata%7Cdragonfly%7Cdragonflies%7Cdamselfly%7Cdamselflies&hl=en&as_sdt=0,5&as_ylo=2023&as_yhi=2023"
2,"K SHOJI, H KARUBE","… by terrestrial flatworm platydemus sp.(Tricladida: Continenticola: Geoplanidae: Rhynchodeminae) on an adult of Rhinocypha ogasawarensis (Odonata …",2023,"Tombo: Acta odonatologica Japonica","cir.nii.ac.jp","https://cir.nii.ac.jp/crid/1520578603922167296","https://scholar.google.com/scholar?cites=618942461198669764&as_sdt=2005&sciodt=0,5&hl=en",714,"2026-04-12 18:56:36","CITATION","","",,,,,,2,0.67,1,2,3,"… (Tricladida: Continenticola: Geoplanidae: Rhynchodeminae) on an adult of Rhinocypha ogasawarensis (Odonata: Zygoptera: Chlorocyphidae) | CiNii Research … (Tricladida …","","https://scholar.google.com/scholar?q=related:xBcnoOPslggJ:scholar.google.com/&scioq=odonata%7Cdragonfly%7Cdragonflies%7Cdamselfly%7Cdamselflies&hl=en&as_sdt=0,5&as_ylo=2023&as_yhi=2023"
3,"SM Mogali, BA Shanbhag…","… closely associated anuran species Duttaphrynus melanostictus and Sphaerotheca breviceps (Anura) to the common predator Pantalaflavescens (Odonata …",2023,"…","… TERRARIENKUNDE EV C/O JORN …","","https://scholar.google.com/scholar?cites=17859169211272880162&as_sdt=2005&sciodt=0,5&hl=en",781,"2026-04-12 18:56:36","CITATION","","",,,,,,3,1.00,1,3,3,"","","https://scholar.google.com/scholar?q=related:ImCDlcaD2PcJ:scholar.google.com/&scioq=odonata%7Cdragonfly%7Cdragonflies%7Cdamselfly%7Cdamselflies&hl=en&as_sdt=0,5&as_ylo=2023&as_yhi=2023"
1,"M Es-Sayeh","… de données VIMS de la sonde Cassini: cartographie globale de la réflectance de la surface de Titan et préparation des futures observations JWST et Dragonfly",2023,"","theses.fr","https://theses.fr/2023UNIP7221","https://scholar.google.com/scholar?cites=11949119283565800402&as_sdt=2005&sciodt=0,5&hl=en",757,"2026-04-12 18:56:36","","","",,,,,,1,0.33,1,1,3,"Titan, la plus grande lune de Saturne, est la seule lune du Système Solaire à posséder une atmosphère dense, principalement composée de diazote (95-98 %) et de méthane (2-5 %). …","","https://scholar.google.com/scholar?q=related:0qu1463M06UJ:scholar.google.com/&scioq=odonata%7Cdragonfly%7Cdragonflies%7Cdamselfly%7Cdamselflies&hl=en&as_sdt=0,5&as_ylo=2023&as_yhi=2023"
0,"MXH Martínez Castaneira","… de los ambientes transformados y sus temperaturas en la condición de la especie Orthemis ferruginea (Libellulidae, Odonata) habitante del bosque …",2023,"","ru.dgb.unam.mx","https://ru.dgb.unam.mx/items/ce3df9fd-3b18-44fb-9ff4-1d90210b30a3","",981,"2026-04-12 18:56:36","CITATION","","",,,,,,0,0.00,0,1,3,"Efectos de los ambientes transformados y sus temperaturas en la condición de la especie Orthemis ferruginea (Libellulidae, Odonata) habitante del bosque tropical caducifolio …","","https://scholar.google.com/scholar?q=related:6NCS7Pk5yvQJ:scholar.google.com/&scioq=odonata%7Cdragonfly%7Cdragonflies%7Cdamselfly%7Cdamselflies&hl=en&as_sdt=0,5&as_ylo=2023&as_yhi=2023"
0,"FC Muller, CB Donadel","… DE PLANEJAMENTO MULTIESTÁGIOS DA EXPANSÃO DE SISTEMAS DE DISTRIBUIÇÃO DE ENERGIA ELÉTRICA USANDO O ALGORITMO DRAGONFLY",2023,"… , Tecnologia e Gestão (ISSN: 2525-4782 …","revistas.ifpr.edu.br","https://revistas.ifpr.edu.br/index.php/mundietg/article/view/1626","",672,"2026-04-12 18:56:36","","","",,,,,,0,0.00,0,2,3,"… This paper proposes a distribution systems planning methodology formulated as a nonlinear optimization problem, which was solved through the Dragonfly Optimization …","https://revistas.ifpr.edu.br/index.php/mundietg/article/download/1626/1616","https://scholar.google.com/scholar?q=related:-tyED78BJ-gJ:scholar.google.com/&scioq=odonata%7Cdragonfly%7Cdragonflies%7Cdamselfly%7Cdamselflies&hl=en&as_sdt=0,5&as_ylo=2023&as_yhi=2023"
0,"WP Haines, SV Triapitsyn, KR Konicek…","… Fairyfly (Hymenoptera: Mymaridae) Egg Parasitoid of the Endemic, Endangered Damselfly Megalagrion xanthomelas (Odonata: Zygoptera: Coenagrionidae) on …",2023,"","scholarspace.manoa.hawaii.edu","https://scholarspace.manoa.hawaii.edu/bitstreams/1b61f949-6089-446b-98a9-309f3e1ba6e7/download","",486,"2026-04-12 18:56:36","PDF","","",,,,,,0,0.00,0,4,3,"… incarnatus has a nearly worldwide distribution and has been reared from eggs of Odonata (both Anisoptera and Zygoptera), although most host records are from Hemiptera …","https://scholarspace.manoa.hawaii.edu/bitstreams/1b61f949-6089-446b-98a9-309f3e1ba6e7/download","https://scholar.google.com/scholar?q=related:03GTCLpHFLEJ:scholar.google.com/&scioq=odonata%7Cdragonfly%7Cdragonflies%7Cdamselfly%7Cdamselflies&hl=en&as_sdt=0,5&as_ylo=2023&as_yhi=2023"
5,"X Hu","… fuzzy inference system model for estimating the compressive strength of high-performance concrete with two optimizers improved Grey Wolf algorithm and Dragonfly …",2023,"Multiscale and multidisciplinary modeling, experiments …","Springer","https://link.springer.com/article/10.1007/s41939-023-00142-3","https://scholar.google.com/scholar?cites=10521680662229615012&as_sdt=2005&sciodt=0,5&hl=en",216,"2026-04-12 18:56:36","","10.1007/s41939-023-00142-3","",,,,,,5,1.67,5,1,3,"In today’s world, high-performance concrete (HPC) has solved many construction problems. HPC is an advanced concrete used to construct dams, silos, skyscrapers, etc. The most …","","https://scholar.google.com/scholar?q=related:pAFL6NCEBJIJ:scholar.google.com/&scioq=odonata%7Cdragonfly%7Cdragonflies%7Cdamselfly%7Cdamselflies&hl=en&as_sdt=0,5&as_ylo=2023&as_yhi=2023"
1,"A Payra, AD Tiple, P Koparde","… heterostylus Selys, 1854 and Ictinogomphus distinctus Ram, 1985 from India, with comments on the status of Cyclogomphus wilkinsi Fraser, 1926 (Odonata …",2023,"Zootaxa","researchgate.net","https://www.researchgate.net/profile/Arajush-Payra/publication/372627495_First_descriptions_of_the_females_of_Cyclogomphus_heterostylus_Selys_1854_and_Ictinogomphus_distinctus_Ram_1985_from_India_with_comments_on_the_status_of_Cyclogomphus_wilkinsi_Fraser_1926_Odonata_Gomp/links/6596475e3c472d2e8eb09f83/First-descriptions-of-the-females-of-Cyclogomphus-heterostylus-Selys-1854-and-Ictinogomphus-distinctus-Ram-1985-from-India-with-comments-on-the-status-of-Cyclogomphus-wilkinsi-Fraser-1926-Odonata.pdf","https://scholar.google.com/scholar?cites=13248475575747928501&as_sdt=2005&sciodt=0,5&hl=en",454,"2026-04-12 18:56:36","PDF","","",,,,,,1,0.33,0,3,3,"The present paper deals with the first descriptions of the females of two endemic Gomphid dragonflies of India, namely Cyclogomphus heterostylus Selys, 1854 and Ictinogomphus …","https://www.researchgate.net/profile/Arajush-Payra/publication/372627495_First_descriptions_of_the_females_of_Cyclogomphus_heterostylus_Selys_1854_and_Ictinogomphus_distinctus_Ram_1985_from_India_with_comments_on_the_status_of_Cyclogomphus_wilkinsi_Fraser_1926_Odonata_Gomp/links/6596475e3c472d2e8eb09f83/First-descriptions-of-the-females-of-Cyclogomphus-heterostylus-Selys-1854-and-Ictinogomphus-distinctus-Ram-1985-from-India-with-comments-on-the-status-of-Cyclogomphus-wilkinsi-Fraser-1926-Odonata.pdf","https://scholar.google.com/scholar?q=related:teHku1cK3LcJ:scholar.google.com/&scioq=odonata%7Cdragonfly%7Cdragonflies%7Cdamselfly%7Cdamselflies&hl=en&as_sdt=0,5&as_ylo=2023&as_yhi=2023"
3,"A Mochon, M Savard","… inventaire de l'odonatofaune du parc national du Bic et liste annotée des espèces de la région administrative du Bas-Saint-Laurent, Québec (Insecta: Odonata)",2023,"Le Naturaliste canadien","erudit.org","https://www.erudit.org/en/journals/natcan/2023-v147-n2-natcan08060/1100081ar/abstract/","https://scholar.google.com/scholar?cites=8602603255827129057&as_sdt=2005&sciodt=0,5&hl=en",511,"2026-04-12 18:56:36","","","",,,,,,3,1.00,2,2,3,"Un premier inventaire des libellules dans le parc national du Bic en 2021 et en 2022 rapporte une richesse de 50 espèces et précise la composition de l’odonatofaune de 6 biotopes : le …","https://www.erudit.org/en/journals/natcan/2023-v147-n2-natcan08060/1100081ar.pdf","https://scholar.google.com/scholar?q=related:4eIxJxWWYncJ:scholar.google.com/&scioq=odonata%7Cdragonfly%7Cdragonflies%7Cdamselfly%7Cdamselflies&hl=en&as_sdt=0,5&as_ylo=2023&as_yhi=2023"
0,"I Waldhauserová, M Waldhauser","… lokalitách povrchových lomů ČSA a Vršany v severozápadních Čechách: Entomological research of damselflies and dragonflies (Odonata) and water beetles …",2023,"Příroda","researchgate.net","https://www.researchgate.net/profile/Martin-Waldhauser-2/publication/374919590_Entomologicky_pruzkum_vazek_Odonata_a_vodnich_brouku_Coleoptera_na_vybranych_lokalitach_lokalitach_povrchovych_lomu_CSA_a_Vrsany_v_severozapadnich_Cechach_Entomological_research_of_damselflies_and_dra/links/6536994e1d6e8a7070490d84/Entomologicky-pruzkum-vazek-Odonata-a-vodnich-brouku-Coleoptera-na-vybranych-lokalitach-lokalitach-povrchovych-lomu-CSA-a-Vrsany-v-severozapadnich-Cechach-Entomological-research-of-damselflies-and-dra.pdf","",585,"2026-04-12 18:56:36","PDF","","",,,,,,0,0.00,0,2,3,"… A total of 38 Odonata species and 65 aquatic beetle species were recorded, of which 8 Odonata species and 7 aquatic beetle species are included in the Red List of Threatened …","https://www.researchgate.net/profile/Martin-Waldhauser-2/publication/374919590_Entomologicky_pruzkum_vazek_Odonata_a_vodnich_brouku_Coleoptera_na_vybranych_lokalitach_lokalitach_povrchovych_lomu_CSA_a_Vrsany_v_severozapadnich_Cechach_Entomological_research_of_damselflies_and_dra/links/6536994e1d6e8a7070490d84/Entomologicky-pruzkum-vazek-Odonata-a-vodnich-brouku-Coleoptera-na-vybranych-lokalitach-lokalitach-povrchovych-lomu-CSA-a-Vrsany-v-severozapadnich-Cechach-Entomological-research-of-damselflies-and-dra.pdf","https://scholar.google.com/scholar?q=related:vPukVB7qO30J:scholar.google.com/&scioq=odonata%7Cdragonfly%7Cdragonflies%7Cdamselfly%7Cdamselflies&hl=en&as_sdt=0,5&as_ylo=2023&as_yhi=2023"
26,"L Hadjout‐Krimat, A Belbahi…","… microwave and convective drying kinetics of pea pods (Pisum sativum L.): A new modeling approach using support vector regression methods optimized by dragonfly …",2023,"Journal of Food …","Wiley Online Library","https://onlinelibrary.wiley.com/doi/abs/10.1111/jfpe.14232","https://scholar.google.com/scholar?cites=8671283468910693696&as_sdt=2005&sciodt=0,5&hl=en",82,"2026-04-12 18:56:36","","10.1111/jfpe.14232","",,,,,,26,8.67,9,3,3,"Abstract Machine learning and mathematical modeling techniques have been conducted to model the thin layer drying kinetics of pea pods, under either microwave or conventional air …","","https://scholar.google.com/scholar?q=related:QI0jX1-WVngJ:scholar.google.com/&scioq=odonata%7Cdragonfly%7Cdragonflies%7Cdamselfly%7Cdamselflies&hl=en&as_sdt=0,5&as_ylo=2023&as_yhi=2023"
0,"M Miga, PNS Jahari, S Parimannan, H Rajandas…","… mitochondrial genome dataset of the Green Metalwing damselfly, Neurobasis chinensis (Hagen, 1887)(Odonata: Zygoptera: Calopterygidae) from …",2023,"","Mendeley Data","","",810,"2026-04-12 18:56:36","CITATION","","",,,,,,0,0.00,0,5,3,"","","https://scholar.google.com/scholar?q=related:u1gkZr40U0sJ:scholar.google.com/&scioq=odonata%7Cdragonfly%7Cdragonflies%7Cdamselfly%7Cdamselflies&hl=en&as_sdt=0,5&as_ylo=2023&as_yhi=2023"
0,"MI Khomeini","… NEIGHBOR DAN SUPPORT VECTOR MACHINE DENGAN MENGGUNAKAN ALGORITMA OPTIMASI BINARY DRAGONFLY ALGORITHM UNTUK MEMPREDIKSI …",2023,"","repository.mercubuana.ac.id","https://repository.mercubuana.ac.id/81214/","",908,"2026-04-12 18:56:36","","","",,,,,,0,0.00,0,1,3,"Diabetes is a problem encountered in every country, according to the WHO, around 1.6 million people die from diabetes every year. Undiagnosed diabetes can result in very high blood …","https://repository.mercubuana.ac.id/81214/1/01%20Cover.pdf","https://scholar.google.com/scholar?q=related:QoHYMJhh7U8J:scholar.google.com/&scioq=odonata%7Cdragonfly%7Cdragonflies%7Cdamselfly%7Cdamselflies&hl=en&as_sdt=0,5&as_ylo=2023&as_yhi=2023"
0,"R Novelo-Gutiérrez, CA Bota-Sierra","… NOVELO-GUTIÉRREZ &CORNELIO ANDRÉS BOTA-SIERRA (2022) Description of the larva of Miocora aurea (Ris, 1918)(Odonata: Polythoridae). Zootaxa, 5182 (3) …",2023,"Zootaxa","mapress.com","https://www.mapress.com/zt/article/view/48229","",643,"2026-04-12 18:56:36","","","",,,,,,0,0.00,0,2,3,"Erratum: RODOLFO NOVELO-GUTIÉRREZ &CORNELIO ANDRÉS BOTA-SIERRA (2022) Description of the larva of Miocora aurea (Ris, 1918) (Odonata: Polythoridae). Zootaxa …","","https://scholar.google.com/scholar?q=related:uRLHnWzosUwJ:scholar.google.com/&scioq=odonata%7Cdragonfly%7Cdragonflies%7Cdamselfly%7Cdamselflies&hl=en&as_sdt=0,5&as_ylo=2023&as_yhi=2023"
2,"M Seehausen","… of Aeshnidae, Gomphidae, Chlorogomphidae, Macromiidae, Synthemistidae, and Corduliidae preserved in the Senckenberg Naturmuseum Frankfurt/Main (Odonata)",2023,"Odonatologica","BioOne","https://bioone.org/journals/odonatologica/volume-52/issue-3-4/odon.v52i3-4.a11/Name-bearing-types-of-Aeshnidae-Gomphidae-Chlorogomphidae-Macromiidae-Synthemistidae-and/10.60024/odon.v52i3-4.a11.short","https://scholar.google.com/scholar?cites=16459828003297804189&as_sdt=2005&sciodt=0,5&hl=en",194,"2026-04-12 18:56:36","","10.60024/odon.v52i3-4.a11.short","",,,,,,2,0.67,2,1,3,". The name-bearing types of Anisoptera except Libellulidae preserved at the Senckenberg-Museum Frankfurt/Main (SMF), Germany are catalogued. There are 112 name-bearing types …","https://www.researchgate.net/profile/Malte-Seehausen/publication/376493853_Name-bearing_types_of_Aeshnidae_Gomphidae_Chlorogomphidae_Macromiidae_Synthemistidae_and_Corduliidae_preserved_in_the_Senckenberg_Naturmuseum_FrankfurtMain_Odonata/links/65faba45f3b56b5b2d15a7aa/Name-bearing-types-of-Aeshnidae-Gomphidae-Chlorogomphidae-Macromiidae-Synthemistidae-and-Corduliidae-preserved-in-the-Senckenberg-Naturmuseum-Frankfurt-Main-Odonata.pdf","https://scholar.google.com/scholar?q=related:nb-XcFwObeQJ:scholar.google.com/&scioq=odonata%7Cdragonfly%7Cdragonflies%7Cdamselfly%7Cdamselflies&hl=en&as_sdt=0,5&as_ylo=2023&as_yhi=2023"
2,"G Bechly, J Velten","… of Palaeodysagrion cretacicus Zheng et al., 2016 (Insecta: Odonata) from mid-Cretaceous Burmese amber, with erection of a new genus of fossil damselflies",2023,"Zootaxa","pubmed.ncbi.nlm.nih.gov","https://pubmed.ncbi.nlm.nih.gov/37044970/","https://scholar.google.com/scholar?cites=15590135949609995321&as_sdt=2005&sciodt=0,5&hl=en",470,"2026-04-12 18:56:36","","","",,,,,,2,0.67,1,2,3,"The diagnosis of Palaeodysagrion cretacicus Zheng et al., 2016 is revised based on the description of a new specimen from mid-Cretaceous Burmese amber. Previously, only a …","","https://scholar.google.com/scholar?q=related:OQyNzAtKW9gJ:scholar.google.com/&scioq=odonata%7Cdragonfly%7Cdragonflies%7Cdamselfly%7Cdamselflies&hl=en&as_sdt=0,5&as_ylo=2023&as_yhi=2023"
1,"G Yang, D Zi","… of the last instar larvae of Anotogaster chaoi Zhou, 1998 and Neallogaster annandalei (Fraser, 1923) from Erhai Lake Basin, Yunnan, China (Odonata …",2023,"Zootaxa","researchgate.net","https://www.researchgate.net/profile/Yang-Guo-Hui/publication/374862793_Descriptions_of_the_last_instar_larvae_of_Anotogaster_chaoi_Zhou_1998_and_Neallogaster_annandalei_Fraser_1923_from_Erhai_Lake_Basin_Yunnan_China_Odonata_Cordulegastrids/links/657aae2dcbd2c535ea25c4aa/Descriptions-of-the-last-instar-larvae-of-Anotogaster-chaoi-Zhou-1998-and-Neallogaster-annandalei-Fraser-1923-from-Erhai-Lake-Basin-Yunnan-China-Odonata-Cordulegastrids.pdf","https://scholar.google.com/scholar?cites=5087534163755700347&as_sdt=2005&sciodt=0,5&hl=en",456,"2026-04-12 18:56:36","PDF","","",,,,,,1,0.33,1,2,3,"… campioni and by a comparison of the latter with the larva of Anotogaster nipalensis (Odonata… ) A preliminary report on the investigation of dragonflies from Cangshan nature reserve of …","https://www.researchgate.net/profile/Yang-Guo-Hui/publication/374862793_Descriptions_of_the_last_instar_larvae_of_Anotogaster_chaoi_Zhou_1998_and_Neallogaster_annandalei_Fraser_1923_from_Erhai_Lake_Basin_Yunnan_China_Odonata_Cordulegastrids/links/657aae2dcbd2c535ea25c4aa/Descriptions-of-the-last-instar-larvae-of-Anotogaster-chaoi-Zhou-1998-and-Neallogaster-annandalei-Fraser-1923-from-Erhai-Lake-Basin-Yunnan-China-Odonata-Cordulegastrids.pdf","https://scholar.google.com/scholar?q=related:e5BS9V2NmkYJ:scholar.google.com/&scioq=odonata%7Cdragonfly%7Cdragonflies%7Cdamselfly%7Cdamselflies&hl=en&as_sdt=0,5&as_ylo=2023&as_yhi=2023"
3,"TJ Simonsen, M Djernæs…","… Paradigm in damselflies: evidence for phalanx-like postglacial recolonization of Europe from a Balkan refugium in Platycnemis pennipes Pallas (Odonata …",2023,"Arthropod …","arthropod-systematics.arphahub …","https://arthropod-systematics.arphahub.com/article/101438/download/pdf/","https://scholar.google.com/scholar?cites=3997451206440178038&as_sdt=2005&sciodt=0,5&hl=en",164,"2026-04-12 18:56:36","PDF","","",,,,,,3,1.00,1,3,3,"We explore haplotype diversity, phylogeography and phylogenetic relationships of the damselfly Platycnemis pennipes in Europe based on 618 bp DNA from the mitochondrial gene …","https://arthropod-systematics.arphahub.com/article/101438/download/pdf/","https://scholar.google.com/scholar?q=related:dtHSXrHMeTcJ:scholar.google.com/&scioq=odonata%7Cdragonfly%7Cdragonflies%7Cdamselfly%7Cdamselflies&hl=en&as_sdt=0,5&as_ylo=2023&as_yhi=2023"
0,"AM Shahroni, N Rahma","… RECORD OF JAVAN ENDEMIC DAMSELFLY DREPANOSTICTA GAZELLA LIEFTINCK, 1929 (ODONATA: ZYGOPTERA: PLATYSTICTIDAE) IN EAST …",2023,"Zoo Indonesia","biologyjournal.brin.go.id","https://biologyjournal.brin.go.id/index.php/zoo_indonesia/article/view/4616/0","",785,"2026-04-12 18:56:36","CITATION","","",,,,,,0,0.00,0,2,3,"Drepanosticta gazella has been reported only to spread on Java Island, Indonesia, to be exact, in the western and central parts. An accidental encounter with a male D. gazella occurred …","","https://scholar.google.com/scholar?q=related:1q0lWhAWgt0J:scholar.google.com/&scioq=odonata%7Cdragonfly%7Cdragonflies%7Cdamselfly%7Cdamselflies&hl=en&as_sdt=0,5&as_ylo=2023&as_yhi=2023"
3,"J Ott","… Sympetrum fonscolombii (Selys, 1840) am Kranichwoog bei Hütschenhausen (Rheinland-Pfalz, Landstuhler Moorniederung) als Larve überwintert (Odonata …",2023,"Libellula","libellula.org","https://www.libellula.org/wp-content/uploads/2024/12/Libellula-42-2023-1_2-69-78-Hat-Sympetrum-fonscolombii-Selys-1840-am-Kranichwoog-bei-Huetschenhausen-Rheinland-Pfalz-Landstuhler-Moorniederung-als-Larve-ueberwintert-Odonata-Libellulidae-Ott.pdf","https://scholar.google.com/scholar?cites=2221255049234044861&as_sdt=2005&sciodt=0,5&hl=en",565,"2026-04-12 18:56:36","PDF","","",,,,,,3,1.00,3,1,3,"… This can be considered as another effect of climate change on the dragonfly fauna. … (2010) Dragonflies and climatic changes – recent trends in Germany and Europe. In: Ott, J. (Ed) …","https://www.libellula.org/wp-content/uploads/2024/12/Libellula-42-2023-1_2-69-78-Hat-Sympetrum-fonscolombii-Selys-1840-am-Kranichwoog-bei-Huetschenhausen-Rheinland-Pfalz-Landstuhler-Moorniederung-als-Larve-ueberwintert-Odonata-Libellulidae-Ott.pdf","https://scholar.google.com/scholar?q=related:vVcj1bJ70x4J:scholar.google.com/&scioq=odonata%7Cdragonfly%7Cdragonflies%7Cdamselfly%7Cdamselflies&hl=en&as_sdt=0,5&as_ylo=2023&as_yhi=2023"
1,"W YEH","… the Record of Rhyothemis fuliginosa Selys, 1883 in Taiwan—a Newly Discovered Gynomorphic Wing Pattern in Female R. regia regia (Brauer, 1867)(Odonata …",2023,"Taiwanese Journal of Entomological Studies","researchgate.net","https://www.researchgate.net/profile/Wen-Chi-Yeh-3/publication/373754244_An_Amendment_on_the_Record_of_Rhyothemis_fuliginosa_Selys_1883_in_Taiwan_-a_Newly_Discovered_Gynomorphic_Wing_Pattern_in_Female_R_regia_regia_Brauer_1867_Odonata_Libellulidae/links/64fa8f3d4c72a2514e5dfeba/An-Amendment-on-the-Record-of-Rhyothemis-fuliginosa-Selys-1883-in-Taiwan-a-Newly-Discovered-Gynomorphic-Wing-Pattern-in-Female-R-regia-regia-Brauer-1867-Odonata-Libellulidae.pdf","https://scholar.google.com/scholar?cites=11712858610244509244&as_sdt=2005&sciodt=0,5&hl=en",481,"2026-04-12 18:56:36","PDF","","",,,,,,1,0.33,1,1,3,"… regia and other libelullid dragonflies in Taiwan is elucidated. … The Odonata of Engano with a survey of the dragonfly-fauna of … Odonata of the island Sumba with a survey of the dragonfly …","https://www.researchgate.net/profile/Wen-Chi-Yeh-3/publication/373754244_An_Amendment_on_the_Record_of_Rhyothemis_fuliginosa_Selys_1883_in_Taiwan_-a_Newly_Discovered_Gynomorphic_Wing_Pattern_in_Female_R_regia_regia_Brauer_1867_Odonata_Libellulidae/links/64fa8f3d4c72a2514e5dfeba/An-Amendment-on-the-Record-of-Rhyothemis-fuliginosa-Selys-1883-in-Taiwan-a-Newly-Discovered-Gynomorphic-Wing-Pattern-in-Female-R-regia-regia-Brauer-1867-Odonata-Libellulidae.pdf","https://scholar.google.com/scholar?q=related:PN7_P9lujKIJ:scholar.google.com/&scioq=odonata%7Cdragonfly%7Cdragonflies%7Cdamselfly%7Cdamselflies&hl=en&as_sdt=0,5&as_ylo=2023&as_yhi=2023"
0,"C Duan, Y Long, D Liu, F Zhou, C Liu, LQ Chen…","… Tween-80: Evidences Regarding Individual-Level Traits and Reproductive Capacity of Daphnia Magna, as Well as Stability of the D. Magna-Larval Damselfly System",,"Magna-Larval Damselfly …","papers.ssrn.com","https://papers.ssrn.com/sol3/papers.cfm?abstract_id=4463234","",584,"2026-04-12 18:56:36","","","",,,,,,0,0.00,0,7,,"… magna-larval damselfly system were further explored. Results showed that environmental … larval damselflies, which ultimately jeopardized the stability of the D. magna-larval damselfly …","https://papers.ssrn.com/sol3/Delivery.cfm?abstractid=4463234","https://scholar.google.com/scholar?q=related:XDxJh31BMkYJ:scholar.google.com/&scioq=odonata%7Cdragonfly%7Cdragonflies%7Cdamselfly%7Cdamselflies&hl=en&as_sdt=0,5&as_ylo=2023&as_yhi=2023"
1,"A Chovanec","… zweier FFH-Arten: Ophiogomphus cecilia (Geoffroy in Fourcroy, 1785)(Odonata: Gomphidae) und Cordulegaster heros Theischinger, 1979 (Odonata …",2023,"Beiträge zur Entomofaunistik","oegef.at","https://www.oegef.at/rails/active_storage/blobs/redirect/eyJfcmFpbHMiOnsibWVzc2FnZSI6IkJBaHBBa0FIIiwiZXhwIjpudWxsLCJwdXIiOiJibG9iX2lkIn19--1ffdcd43a2accf5364ddab6c49e9897885c3929a/bze24_chovanec2.pdf","https://scholar.google.com/scholar?cites=2370410297200789316&as_sdt=2005&sciodt=0,5&hl=en",606,"2026-04-12 18:56:36","PDF","","",,,,,,1,0.33,1,1,3,"… Each of the nine Odonata families occurring in Austria was represented by at least one … Twelve species are listed in the Red List of endangered Odonata for Styria from 2021: One …","https://www.oegef.at/rails/active_storage/blobs/redirect/eyJfcmFpbHMiOnsibWVzc2FnZSI6IkJBaHBBa0FIIiwiZXhwIjpudWxsLCJwdXIiOiJibG9iX2lkIn19--1ffdcd43a2accf5364ddab6c49e9897885c3929a/bze24_chovanec2.pdf","https://scholar.google.com/scholar?q=related:RMeUOJtj5SAJ:scholar.google.com/&scioq=odonata%7Cdragonfly%7Cdragonflies%7Cdamselfly%7Cdamselflies&hl=en&as_sdt=0,5&as_ylo=2023&as_yhi=2023"
0,"박현우","… 날개 표면의 미세구조/조성과 물방울 동역학: Wettability of Hydrophobic Surfaces: Effects of the Micro-Structure/Composition of Dragonfly Wings on Droplet …",2023,"","dbpia.co.kr","https://www.dbpia.co.kr/journal/detail?nodeId=T16829198","",992,"2026-04-12 18:56:36","CITATION","","",,,,,,0,0.00,0,1,3,"잠자리 날개는 뛰어난 자가 세정 (Self-cleaning effect)과 살균 효과 (Bactericidal property)를 보여주는 초소수성 표면 (Superhydrophobic surface)으로 연구 및 산업 분야에 관심을 받고 있다. …","","https://scholar.google.com/scholar?q=related:bZM6pRRfmfEJ:scholar.google.com/&scioq=odonata%7Cdragonfly%7Cdragonflies%7Cdamselfly%7Cdamselflies&hl=en&as_sdt=0,5&as_ylo=2023&as_yhi=2023"
0,"박대원","… 한 CQRS 환경에서 Redis 와 Dragonfly 의 성능 및 메모리 효율성의 비교 분석: A Comparative Analysis of Redis and Dragonfly Performance and Memory …",2023,"","dbpia.co.kr","https://www.dbpia.co.kr/journal/detail?nodeId=T16613062","",983,"2026-04-12 18:56:36","CITATION","","",,,,,,0,0.00,0,1,3,"데이터 규모와 네트워킹 수요가 증가함에 따라 효율적인 데이터 처리 방법의 필요성이 증대되고 있다. 클라우드 시스템에서 대용량 데이터 처리를 위해 등장한 CQRS 패턴은 명령과 조회의 …","","https://scholar.google.com/scholar?q=related:L3f76XwuLuUJ:scholar.google.com/&scioq=odonata%7Cdragonfly%7Cdragonflies%7Cdamselfly%7Cdamselflies&hl=en&as_sdt=0,5&as_ylo=2023&as_yhi=2023"
1,"水井颯麻, 勝原光希, 中田和義","アメリカザリガニによる 2 種のトンボ類幼虫に対する捕食",2023,"Cancer","jstage.jst.go.jp","https://www.jstage.jst.go.jp/article/cancer/32/0/32_19/_article/-char/ja/","https://scholar.google.com/scholar?cites=7887588445667775110&as_sdt=2005&sciodt=0,5&hl=en",911,"2026-04-12 18:56:36","","","",,,,,,1,0.33,0,3,3,"… dragonflies survived or not. We confirmed the severe predation on both of the two taxa of dragonfly … clarkii, predation on the dragonfly larvae was also observed, but there was no …","https://www.jstage.jst.go.jp/article/cancer/32/0/32_19/_pdf","https://scholar.google.com/scholar?q=related:htKAruZXdm0J:scholar.google.com/&scioq=odonata%7Cdragonfly%7Cdragonflies%7Cdamselfly%7Cdamselflies&hl=en&as_sdt=0,5&as_ylo=2023&as_yhi=2023"
0,"中山昇, 髙藤圭一郎","モデルロケット教室",2023,"年次大会 2023","jstage.jst.go.jp","https://www.jstage.jst.go.jp/article/jsmemecj/2023/0/2023_C201-1/_article/-char/ja/","",965,"2026-04-12 18:56:36","","","",,,,,,0,0.00,0,2,3,"… In addition, I will explain how to fly the bamboo dragonfly and the relationship between the bamboo dragonfly and the Mars exploration helicopter. Based on the above experiences, we …","","https://scholar.google.com/scholar?q=related:y7GPWx1gYRkJ:scholar.google.com/&scioq=odonata%7Cdragonfly%7Cdragonflies%7Cdamselfly%7Cdamselflies&hl=en&as_sdt=0,5&as_ylo=2023&as_yhi=2023"
2,"P Gao, B Dong","世界图像： 徐冰《 蜻蜓之眼》[World Picture: Xu Bing's Dragonfly Eyes]",2023,"","Guangxi Normal University Press …","","https://scholar.google.com/scholar?cites=5188500300193922926&as_sdt=2005&sciodt=0,5&hl=en",959,"2026-04-12 18:56:36","CITATION","","",,,,,,2,0.67,1,2,3,"","","https://scholar.google.com/scholar?q=related:bv8QfohBAUgJ:scholar.google.com/&scioq=odonata%7Cdragonfly%7Cdragonflies%7Cdamselfly%7Cdamselflies&hl=en&as_sdt=0,5&as_ylo=2023&as_yhi=2023"
0,"Y He, X Yang, H Han, Q Wang…","基 于 蜻 蜓 翅 几 何 及 刚 度 相 似 性 的 仿 生 扑 翼 结 构",2023,"Hangkong Xuebao/Acta …","pure.bit.edu.cn","https://pure.bit.edu.cn/en/publications/%E5%9F%BA-%E4%BA%8E-%E8%9C%BB-%E8%9C%93-%E7%BF%85-%E5%87%A0-%E4%BD%95-%E5%8F%8A-%E5%88%9A-%E5%BA%A6-%E7%9B%B8-%E4%BC%BC-%E6%80%A7-%E7%9A%84-%E4%BB%BF-%E7%94%9F-%E6%89%91-%E7%BF%BC-%E7%BB%93-%E6%9E%84/","",953,"2026-04-12 18:56:36","","","",,,,,,0,0.00,0,5,3,"… to dragonfly wings,a flapping wing(JH-wing)with only geometric similarity to dragonfly wings and a flapping wing(GD-wing) of both geometric and stiffness similarity to dragonfly wings …","","https://scholar.google.com/scholar?q=related:xIR7e5yx8AcJ:scholar.google.com/&scioq=odonata%7Cdragonfly%7Cdragonflies%7Cdamselfly%7Cdamselflies&hl=en&as_sdt=0,5&as_ylo=2023&as_yhi=2023"
0,"厚銘黃","韋伯的理念型與視角主義: 介於康德與尼采的多元客觀性",2023,"國立政治大學哲學學報","academia.edu","https://www.academia.edu/download/105242397/%E9%9F%8B%E4%BC%AF%E7%9A%84%E7%90%86%E5%BF%B5%E5%9E%8B%E8%88%87%E8%A6%96%E8%A7%92%E4%B8%BB%E7%BE%A9_%E5%9C%8B%E7%AB%8B%E6%94%BF%E6%B2%BB%E5%A4%A7%E5%AD%B8%E5%93%B2%E5%AD%B8%E5%AD%B8%E5%A0%B1_.pdf","",984,"2026-04-12 18:56:36","HTML","","",,,,,,0,0.00,0,1,3,"… Dragonflies have an important role for the stability of the ecosystem that is as predator and … the species richness of dragonflies in the habitats. Reasearch on dragonfly comunity structure …","https://www.academia.edu/download/105242397/%E9%9F%8B%E4%BC%AF%E7%9A%84%E7%90%86%E5%BF%B5%E5%9E%8B%E8%88%87%E8%A6%96%E8%A7%92%E4%B8%BB%E7%BE%A9_%E5%9C%8B%E7%AB%8B%E6%94%BF%E6%B2%BB%E5%A4%A7%E5%AD%B8%E5%93%B2%E5%AD%B8%E5%AD%B8%E5%A0%B1_.pdf","https://scholar.google.com/scholar?q=related:BpSpEPoGCwIJ:scholar.google.com/&scioq=odonata%7Cdragonfly%7Cdragonflies%7Cdamselfly%7Cdamselflies&hl=en&as_sdt=0,5&as_ylo=2023&as_yhi=2023"
0,"정태웅, 김성환, 조성민, 김재강","복사 연계 해석 기법을 이용한 타이탄 진입체 표면 가열량 해석",2023,"한국항공우주학회 학술발표회 초록집","dbpia.co.kr","https://www.dbpia.co.kr/Journal/articleDetail?nodeId=NODE11658167","",987,"2026-04-12 18:56:36","","","",,,,,,0,0.00,0,4,3,"… 이와 같은 타이탄 행성의 대기 구성은 원시지구와 유사하여 탐사를 위한 많은 연구들이 수행되어 오고 있으며, 실제로 NASA에서 2027년에 Dragonfly라는 이름의 … Dragonfly trajectory point …","","https://scholar.google.com/scholar?q=related:mnIwdiOupFsJ:scholar.google.com/&scioq=odonata%7Cdragonfly%7Cdragonflies%7Cdamselfly%7Cdamselflies&hl=en&as_sdt=0,5&as_ylo=2023&as_yhi=2023"
0,"박대원, 박현주","인메모리 데이터베이스를 활용한 CQRS 환경에서 Redis 와 Dragonfly 의 적합성 분석",2023,"한국 HCI 학회 학술대회","dbpia.co.kr","https://www.dbpia.co.kr/Journal/articleDetail?nodeId=NODE11229689","",916,"2026-04-12 18:56:36","CITATION","","",,,,,,0,0.00,0,2,3,"데이터 규모와 네트워킹 수요가 증가함에 따라 효율적인 데이터 처리 방법의 필요성이 증대되고 있다. 클라우드 시스템에서 대용량 데이터 처리를 위해 등장한 패턴인 CQRS 는 명령과 조회…","","https://scholar.google.com/scholar?q=related:LGIBTLisCKsJ:scholar.google.com/&scioq=odonata%7Cdragonfly%7Cdragonflies%7Cdamselfly%7Cdamselflies&hl=en&as_sdt=0,5&as_ylo=2023&as_yhi=2023"
0,"S Yoon","한국의 잠자리목 출현 정보 통합 데이터세트",2023,"GEO DATA","geodata.kr","http://geodata.kr/journal/view.php?doi=10.22761/GD.2023.0013","",914,"2026-04-12 18:56:36","HTML","10.22761/GD.2023.0013","",,,,,,0,0.00,0,1,3,"… for 102 Odonata species in South Korea. The occurrence information of the Odonata species … sites and habitats of Odonata species. By integrating diverse dataset, this comprehensive …","http://geodata.kr/journal/view.php?doi=10.22761/GD.2023.0013","https://scholar.google.com/scholar?q=related:vHnUyE6a3aYJ:scholar.google.com/&scioq=odonata%7Cdragonfly%7Cdragonflies%7Cdamselfly%7Cdamselflies&hl=en&as_sdt=0,5&as_ylo=2023&as_yhi=2023"
